[{"num_versions": 25, "url_citation": null, "title": "Invariant scattering convolution networks", "url": "http://ieeexplore.ieee.org/xpls/abs_all.jsp?arnumber=6522407", "url_versions": "http://scholar.google.com/scholar?cluster=691041193672608212&hl=en&as_sdt=1,5&sciodt=1,5&as_vis=1", "authors": "J Bruna, S Mallat - Pattern Analysis and Machine Intelligence,  \u2026", "excerpt": "Abstract\u2014A wavelet scattering network computes a translation invariant image representation which is stable to deformations and preserves high-frequency information for classification. It cascades wavelet transform convolutions with nonlinear modulus and  ...", "url_pdf": null, "num_citations": 122, "cluster_id": "691041193672608212", "year": "2013", "url_citations": "http://scholar.google.com/scholar?cites=691041193672608212&as_sdt=2005&sciodt=1,5&hl=en"}, {"num_versions": 5, "url_citation": null, "title": "Feature learning for image classification via multiobjective genetic programming", "url": "http://ieeexplore.ieee.org/xpls/abs_all.jsp?arnumber=6683022", "url_versions": "http://scholar.google.com/scholar?cluster=11587844950802314605&hl=en&as_sdt=1,5&sciodt=1,5&as_vis=1", "authors": "L Shao, L Liu, X Li - Neural Networks and Learning Systems,  \u2026", "excerpt": "Abstract\u2014Feature extraction is the first and most critical step in image classification. Most existing image classification methods use hand-crafted features, which are not adaptive for different image domains. In this paper, we develop an evolutionary learning methodology  ...", "url_pdf": null, "num_citations": 50, "cluster_id": "11587844950802314605", "year": "2014", "url_citations": "http://scholar.google.com/scholar?cites=11587844950802314605&as_sdt=2005&sciodt=1,5&hl=en"}, {"num_versions": 14, "url_citation": null, "title": "Autonomous cleaning of corrupted scanned documents\u2014A generative modeling approach", "url": "http://ieeexplore.ieee.org/xpls/abs_all.jsp?arnumber=6248072", "url_versions": "http://scholar.google.com/scholar?cluster=466916591895996728&hl=en&as_sdt=1,5&sciodt=1,5&as_vis=1", "authors": "Z Dai, J L\u00fccke - \u2026  Vision and Pattern Recognition (CVPR)", "excerpt": "Abstract We study the task of cleaning scanned text documents that are strongly corrupted by dirt such as manual line strokes, spilled ink etc. We aim at autonomously removing dirt from a single letter-size page based only on the information the page contains. Our  ...", "url_pdf": null, "num_citations": 4, "cluster_id": "466916591895996728", "year": "2012", "url_citations": "http://scholar.google.com/scholar?cites=466916591895996728&as_sdt=2005&sciodt=1,5&hl=en"}, {"num_versions": 6, "url_citation": null, "title": "Performance evaluation of neuromorphic-vision object recognition algorithms", "url": "http://ieeexplore.ieee.org/xpls/abs_all.jsp?arnumber=6977128", "url_versions": "http://scholar.google.com/scholar?cluster=14340713322531208327&hl=en&as_sdt=1,5&sciodt=1,5&as_vis=1", "authors": "R Kasturi, DB Goldgof, R Ekambaram\u2026 - \u2026  (ICPR)", "excerpt": "Agency's (DARPA) Neovision2 program aims to develop artificial vision systems based on the design principles employed by mammalian vision systems. Three such algorithms are briefly described in this paper. These neuromorphic-vision systems' performance in  ...", "url_pdf": null, "num_citations": 5, "cluster_id": "14340713322531208327", "year": "2014", "url_citations": "http://scholar.google.com/scholar?cites=14340713322531208327&as_sdt=2005&sciodt=1,5&hl=en"}, {"num_versions": 11, "url_citation": null, "title": "Multiscale Scattering for Audio Classification.", "url": "http://www.mirlab.org/conference_papers/International_Conference/ISMIR%202011/papers/PS6-1.pdf", "url_versions": "http://scholar.google.com/scholar?cluster=10964018654014755830&hl=en&as_sdt=1,5&sciodt=1,5&as_vis=1", "authors": "J And\u00e9n, S Mallat - ISMIR", "excerpt": "ABSTRACT Mel-frequency cepstral coefficients (MFCCs) are efficient audio descriptors providing spectral energy measurements over short time windows of length 23 ms. These measurements, however, lose non-stationary spectral information such as transients or  ...", "url_pdf": "http://www.mirlab.org/conference_papers/International_Conference/ISMIR%202011/papers/PS6-1.pdf", "num_citations": 53, "cluster_id": "10964018654014755830", "year": "2011", "url_citations": "http://scholar.google.com/scholar?cites=10964018654014755830&as_sdt=2005&sciodt=1,5&hl=en"}, {"num_versions": 2, "url_citation": null, "title": "Tracking with deep neural networks", "url": "http://ieeexplore.ieee.org/xpls/abs_all.jsp?arnumber=6552287", "url_versions": "http://scholar.google.com/scholar?cluster=16901739227531003421&hl=en&as_sdt=1,5&sciodt=1,5&as_vis=1", "authors": "J Jin, A Dundar, J Bates, C Farabet\u2026 - \u2026  and Systems (CISS),  \u2026", "excerpt": "Abstract\u2014We present deep neural network models applied to tracking objects of interest. Deep neural networks trained for general-purpose use are introduced to conduct long-term tracking, which requires scale-invariant feature extraction even when the object  ...", "url_pdf": null, "num_citations": 5, "cluster_id": "16901739227531003421", "year": "2013", "url_citations": "http://scholar.google.com/scholar?cites=16901739227531003421&as_sdt=2005&sciodt=1,5&hl=en"}, {"num_versions": 8, "url_citation": null, "title": "A review of unsupervised feature learning and deep learning for time-series modeling", "url": "http://www.sciencedirect.com/science/article/pii/S0167865514000221", "url_versions": "http://scholar.google.com/scholar?cluster=12474236712650393344&hl=en&as_sdt=1,5&sciodt=1,5&as_vis=1", "authors": "M L\u00e4ngkvist, L Karlsson, A Loutfi - Pattern Recognition Letters", "excerpt": "Abstract This paper gives a review of the recent developments in deep learning and unsupervised feature learning for time-series problems. While these techniques have shown promise for modeling static data, such as computer vision, applying them to time-series  ...", "url_pdf": null, "num_citations": 18, "cluster_id": "12474236712650393344", "year": "2014", "url_citations": "http://scholar.google.com/scholar?cites=12474236712650393344&as_sdt=2005&sciodt=1,5&hl=en"}, {"num_versions": 5, "url_citation": null, "title": "Automatic analysis of facial affect: A survey of registration, representation and recognition", "url": "http://ieeexplore.ieee.org/xpls/abs_all.jsp?arnumber=6940284", "url_versions": "http://scholar.google.com/scholar?cluster=12275368369641435172&hl=en&as_sdt=1,5&sciodt=1,5&as_vis=1", "authors": "E Sariyanidi, H Gunes, A Cavallaro -", "excerpt": "Abstract\u2014Automatic affect analysis has attracted great interest in various contexts including the recognition of action units and basic or non-basic emotions. In spite of major efforts, there are several open questions on what the important cues to interpret facial  ...", "url_pdf": null, "num_citations": 10, "cluster_id": "12275368369641435172", "year": "2014", "url_citations": "http://scholar.google.com/scholar?cites=12275368369641435172&as_sdt=2005&sciodt=1,5&hl=en"}, {"num_versions": 9, "url_citation": null, "title": "Learning invariant feature hierarchies", "url": "http://link.springer.com/chapter/10.1007/978-3-642-33863-2_51", "url_versions": "http://scholar.google.com/scholar?cluster=11772628482504608570&hl=en&as_sdt=1,5&sciodt=1,5&as_vis=1", "authors": "Y LeCun - Computer vision\u2013ECCV", "excerpt": "Abstract Fast visual recognition in the mammalian cortex seems to be a hierarchical process by which the representation of the visual world is transformed in multiple stages from low-level retinotopic features to high-level, global and invariant features, and to object  ...", "url_pdf": null, "num_citations": 34, "cluster_id": "11772628482504608570", "year": "2012", "url_citations": "http://scholar.google.com/scholar?cites=11772628482504608570&as_sdt=2005&sciodt=1,5&hl=en"}, {"num_versions": 9, "url_citation": null, "title": "Unsupervised learning of generative and discriminative weights encoding elementary image components in a predictive coding model of cortical function", "url": "http://www.mitpressjournals.org/doi/abs/10.1162/NECO_a_00222", "url_versions": "http://scholar.google.com/scholar?cluster=5503648516470313769&hl=en&as_sdt=1,5&sciodt=1,5&as_vis=1", "authors": "MW Spratling - Neural Computation", "excerpt": "A method is presented for learning the reciprocal feedforward and feedback connections required by the predictive coding model of cortical function. When this method is used, feedforward and feedback connections are learned simultaneously and independently in  ...", "url_pdf": null, "num_citations": 52, "cluster_id": "5503648516470313769", "year": "2012", "url_citations": "http://scholar.google.com/scholar?cites=5503648516470313769&as_sdt=2005&sciodt=1,5&hl=en"}, {"num_versions": 10, "url_citation": null, "title": "Rotation, scaling and deformation invariant scattering for texture discrimination", "url": "http://ieeexplore.ieee.org/xpls/abs_all.jsp?arnumber=6619007", "url_versions": "http://scholar.google.com/scholar?cluster=12703533569361052996&hl=en&as_sdt=1,5&sciodt=1,5&as_vis=1", "authors": "L Sifre, S Mallat - \u2026 Vision and Pattern Recognition (CVPR)", "excerpt": "Abstract An affine invariant representation is constructed with a cascade of invariants, which preserves information for classification. A joint translation and rotation invariant representation of image patches is calculated with a scattering transform. It is  ...", "url_pdf": null, "num_citations": 42, "cluster_id": "12703533569361052996", "year": "2013", "url_citations": "http://scholar.google.com/scholar?cites=12703533569361052996&as_sdt=2005&sciodt=1,5&hl=en"}, {"num_versions": 0, "url_citation": null, "title": "Tandem HMM with convolutional neural network for handwritten word recognition", "url": "http://ieeexplore.ieee.org/xpls/abs_all.jsp?arnumber=6638083", "url_versions": null, "authors": "T Bluche, H Ney, C Kermorvant - Acoustics, Speech and Signal  \u2026", "excerpt": "ABSTRACT In this paper, we investigate the combination of hidden Markov models and convolutional neural networks for handwritten word recognition. The convolutional neural networks have been successfully applied to various computer vision tasks, including  ...", "url_pdf": null, "num_citations": 3, "cluster_id": "12851397386361548905", "year": "2013", "url_citations": "http://scholar.google.com/scholar?cites=12851397386361548905&as_sdt=2005&sciodt=1,5&hl=en"}, {"num_versions": 6, "url_citation": null, "title": "Robust image sentiment analysis using progressively trained and domain transferred deep networks", "url": "http://scholar.google.com/https://cs.rochester.edu/u/qyou/papers/sentiment_analysis_final.pdf", "url_versions": "http://scholar.google.com/scholar?cluster=5622309859830710042&hl=en&as_sdt=1,5&sciodt=1,5&as_vis=1", "authors": "Q You, J Luo, H Jin, J Yang - The Twenty-Ninth AAAI Conference  \u2026", "excerpt": "Abstract Sentiment analysis of online user generated content is important for many social media analytics tasks. Researchers have largely relied on textual sentiment analysis to develop systems to predict political elections, measure economic indicators, and so on.  ...", "url_pdf": "http://scholar.google.com/https://cs.rochester.edu/u/qyou/papers/sentiment_analysis_final.pdf", "num_citations": 7, "cluster_id": "5622309859830710042", "year": "2015", "url_citations": "http://scholar.google.com/scholar?cites=5622309859830710042&as_sdt=2005&sciodt=1,5&hl=en"}, {"num_versions": 11, "url_citation": null, "title": "Direct maximization of protein identifications from tandem mass spectra", "url": "http://www.mcponline.org/content/11/2/M111.012161.short", "url_versions": "http://scholar.google.com/scholar?cluster=14320683707793573114&hl=en&as_sdt=1,5&sciodt=1,5&as_vis=1", "authors": "M Spivak, J Weston, D Tomazela, MJ MacCoss\u2026 - Molecular & Cellular  \u2026", "excerpt": "Abstract The goal of many shotgun proteomics experiments is to determine the protein complement of a complex biological mixture. For many mixtures, most methodological approaches fall significantly short of this goal. Existing solutions to this problem typically  ...", "url_pdf": null, "num_citations": 20, "cluster_id": "14320683707793573114", "year": "2012", "url_citations": "http://scholar.google.com/scholar?cites=14320683707793573114&as_sdt=2005&sciodt=1,5&hl=en"}, {"num_versions": 4, "url_citation": null, "title": "Extreme value theory-based calibration for the fusion of multiple features in high-resolution satellite scene classification", "url": "http://www.tandfonline.com/doi/abs/10.1080/01431161.2013.845925", "url_versions": "http://scholar.google.com/scholar?cluster=548372259794167801&hl=en&as_sdt=1,5&sciodt=1,5&as_vis=1", "authors": "W Shao, W Yang, GS Xia - International Journal of Remote Sensing", "excerpt": "This article presents a hierarchical classification method for high-resolution satellite imagery incorporating extreme value theory (EVT)-based normalization to calibrate multiple-feature scores. First, a simple linear iterative clustering algorithm is used to over-segment an  ...", "url_pdf": null, "num_citations": 5, "cluster_id": "548372259794167801", "year": "2013", "url_citations": "http://scholar.google.com/scholar?cites=548372259794167801&as_sdt=2005&sciodt=1,5&hl=en"}, {"num_versions": 8, "url_citation": null, "title": "In the pursuit of effective affective computing: The relationship between features and registration", "url": "http://ieeexplore.ieee.org/xpls/abs_all.jsp?arnumber=6196236", "url_versions": "http://scholar.google.com/scholar?cluster=6452140274983055928&hl=en&as_sdt=1,5&sciodt=1,5&as_vis=1", "authors": "SW Chew, P Lucey, S Lucey, J Saragih\u2026 - Systems, Man, and  \u2026", "excerpt": "Abstract\u2014For facial expression recognition systems to be ap-plicable in the real world, they need to be able to detect and track a previously unseen person's face and its facial movements accurately in realistic environments. A highly plausible solution involves  ...", "url_pdf": null, "num_citations": 27, "cluster_id": "6452140274983055928", "year": "2012", "url_citations": "http://scholar.google.com/scholar?cites=6452140274983055928&as_sdt=2005&sciodt=1,5&hl=en"}, {"num_versions": 8, "url_citation": null, "title": "Offline handwritten English character recognition based on convolutional neural network", "url": "http://ieeexplore.ieee.org/xpls/abs_all.jsp?arnumber=6195348", "url_versions": "http://scholar.google.com/scholar?cluster=10683391969358546224&hl=en&as_sdt=1,5&sciodt=1,5&as_vis=1", "authors": "A Yuan, G Bai, L Jiao, Y Liu - Document Analysis Systems ( \u2026", "excerpt": "Abstract\u2014This paper applies Convolutional Neural Networks (CNNs) for offline handwritten English character recognition. We use a modified LeNet-5 CNN model, with special settings of the number of neurons in each layer and the connecting way between some layers.  ...", "url_pdf": null, "num_citations": 6, "cluster_id": "10683391969358546224", "year": "2012", "url_citations": "http://scholar.google.com/scholar?cites=10683391969358546224&as_sdt=2005&sciodt=1,5&hl=en"}, {"num_versions": 5, "url_citation": null, "title": "Multimodal integration of micro-Doppler sonar and auditory signals for behavior classification with convolutional networks", "url": "http://www.worldscientific.com/doi/abs/10.1142/S0129065713500214", "url_versions": "http://scholar.google.com/scholar?cluster=9727225112826118383&hl=en&as_sdt=1,5&sciodt=1,5&as_vis=1", "authors": "S Dura-Bernal, G Garreau, J Georgiou\u2026 - \u2026  journal of neural  \u2026", "excerpt": "The ability to recognize the behavior of individuals is of great interest in the general field of safety (eg building security, crowd control, transport analysis, independent living for the elderly). Here we report a new real-time acoustic system for human action and behavior  ...", "url_pdf": null, "num_citations": 4, "cluster_id": "9727225112826118383", "year": "2013", "url_citations": "http://scholar.google.com/scholar?cites=9727225112826118383&as_sdt=2005&sciodt=1,5&hl=en"}, {"num_versions": 13, "url_citation": null, "title": "Classification with scattering operators", "url": "http://arxiv.org/abs/1011.3023", "url_versions": "http://scholar.google.com/scholar?cluster=4492153324016027399&hl=en&as_sdt=1,5&sciodt=1,5&as_vis=1", "authors": "J Bruna, S Mallat - arXiv preprint arXiv:1011.3023", "excerpt": "Abstract: A scattering vector is a local descriptor including multiscale and multi-direction co-occurrence information. It is computed with a cascade of wavelet decompositions and complex modulus. This scattering representation is locally translation invariant and  ...", "url_pdf": null, "num_citations": 48, "cluster_id": "4492153324016027399", "year": "2010", "url_citations": "http://scholar.google.com/scholar?cites=4492153324016027399&as_sdt=2005&sciodt=1,5&hl=en"}, {"num_versions": 6, "url_citation": null, "title": "Deep scattering spectrum", "url": "http://ieeexplore.ieee.org/xpls/abs_all.jsp?arnumber=6822556", "url_versions": "http://scholar.google.com/scholar?cluster=7955143740297975954&hl=en&as_sdt=1,5&sciodt=1,5&as_vis=1", "authors": "J And\u00e9n, S Mallat - Signal Processing, IEEE Transactions on", "excerpt": "Abstract\u2014A scattering transform defines a locally translation invariant representation which is stable to time-warping deformation. It extends MFCC representations by computing modulation spectrum coefficients of multiple orders, through cascades of wavelet  ...", "url_pdf": null, "num_citations": 38, "cluster_id": "7955143740297975954", "year": "2014", "url_citations": "http://scholar.google.com/scholar?cites=7955143740297975954&as_sdt=2005&sciodt=1,5&hl=en"}, {"num_versions": 12, "url_citation": null, "title": "Unsupervised learning of translation invariant occlusive components", "url": "http://ieeexplore.ieee.org/xpls/abs_all.jsp?arnumber=6247953", "url_versions": "http://scholar.google.com/scholar?cluster=312701112139015013&hl=en&as_sdt=1,5&sciodt=1,5&as_vis=1", "authors": "Z Dai, J L\u00fccke - \u2026  Vision and Pattern Recognition (CVPR)", "excerpt": "Abstract We study unsupervised learning of occluding objects in images of visual scenes. The derived learning algorithm is based on a probabilistic generative model which parameterizes object shapes, object features and the background. No assumptions are  ...", "url_pdf": null, "num_citations": 6, "cluster_id": "312701112139015013", "year": "2012", "url_citations": "http://scholar.google.com/scholar?cites=312701112139015013&as_sdt=2005&sciodt=1,5&hl=en"}, {"num_versions": 13, "url_citation": null, "title": "Top-down feedback in an HMAX-like cortical model of object perception based on hierarchical Bayesian networks and belief propagation", "url": "http://dx.plos.org/10.1371/journal.pone.0048216", "url_versions": "http://scholar.google.com/scholar?cluster=5573035747461810701&hl=en&as_sdt=1,5&sciodt=1,5&as_vis=1", "authors": "S Dura-Bernal, T Wennekers, SL Denham -", "excerpt": "Abstract Hierarchical generative models, such as Bayesian networks, and belief propagation have been shown to provide a theoretical framework that can account for perceptual processes, including feedforward recognition and feedback modulation. The framework  ...", "url_pdf": null, "num_citations": 11, "cluster_id": "5573035747461810701", "year": "2012", "url_citations": "http://scholar.google.com/scholar?cites=5573035747461810701&as_sdt=2005&sciodt=1,5&hl=en"}, {"num_versions": 13, "url_citation": null, "title": "Group invariant scattering", "url": "http://onlinelibrary.wiley.com/doi/10.1002/cpa.21413/abstract", "url_versions": "http://scholar.google.com/scholar?cluster=14150563310833819101&hl=en&as_sdt=1,5&sciodt=1,5&as_vis=1", "authors": "S Mallat - Communications on Pure and Applied Mathematics", "excerpt": "Abstract This paper constructs translation-invariant operators on equation image, which are Lipschitz-continuous to the action of diffeomorphisms. A scattering propagator is a path-ordered product of nonlinear and noncommuting operators, each of which computes the  ...", "url_pdf": null, "num_citations": 122, "cluster_id": "14150563310833819101", "year": "2012", "url_citations": "http://scholar.google.com/scholar?cites=14150563310833819101&as_sdt=2005&sciodt=1,5&hl=en"}, {"num_versions": 9, "url_citation": null, "title": "Combined scattering for rotation invariant texture analysis", "url": "http://www.di.ens.fr/data/publications/papers/esann12-combinedscatt.pdf", "url_versions": "http://scholar.google.com/scholar?cluster=610030862226645919&hl=en&as_sdt=1,5&sciodt=1,5&as_vis=1", "authors": "L Sifre, S Mallat - European Symposium on Artificial Neural Networks", "excerpt": "Abstract. This paper introduces a combined scattering representation for texture classification, which is invariant to rotations and stable to deformations. A combined scattering is computed with two nested cascades of wavelet transforms and complex  ...", "url_pdf": "http://www.di.ens.fr/data/publications/papers/esann12-combinedscatt.pdf", "num_citations": 25, "cluster_id": "610030862226645919", "year": "2012", "url_citations": "http://scholar.google.com/scholar?cites=610030862226645919&as_sdt=2005&sciodt=1,5&hl=en"}, {"num_versions": 8, "url_citation": null, "title": "Intermittent process analysis with scattering moments", "url": "http://projecteuclid.org/euclid.aos/1423230082", "url_versions": "http://scholar.google.com/scholar?cluster=9057583537442933983&hl=en&as_sdt=1,5&sciodt=1,5&as_vis=1", "authors": "J Bruna, S Mallat, E Bacry, JF Muzy - The Annals of Statistics", "excerpt": "Abstract Scattering moments provide nonparametric models of random processes with stationary increments. They are expected values of random variables computed with a nonexpansive operator, obtained by iteratively applying wavelet transforms and modulus  ...", "url_pdf": null, "num_citations": 4, "cluster_id": "9057583537442933983", "year": "2015", "url_citations": "http://scholar.google.com/scholar?cites=9057583537442933983&as_sdt=2005&sciodt=1,5&hl=en"}, {"num_versions": 5, "url_citation": null, "title": "Building holistic descriptors for scene recognition: a multi-objective genetic programming approach", "url": "http://dl.acm.org/citation.cfm?id=2502095", "url_versions": "http://scholar.google.com/scholar?cluster=953340742634758184&hl=en&as_sdt=1,5&sciodt=1,5&as_vis=1", "authors": "L Liu, L Shao, X Li - Proceedings of the 21st ACM international  \u2026", "excerpt": "Abstract Real-world scene recognition has been one of the most challenging research topics in computer vision, due to the tremendous intraclass variability and the wide range of scene categories. In this paper, we successfully apply an evolutionary methodology to  ...", "url_pdf": null, "num_citations": 4, "cluster_id": "953340742634758184", "year": "2013", "url_citations": "http://scholar.google.com/scholar?cites=953340742634758184&as_sdt=2005&sciodt=1,5&hl=en"}, {"num_versions": 13, "url_citation": null, "title": "Invariant visual object and face recognition: neural and computational bases, and a model, VisNet", "url": "http://www.ncbi.nlm.nih.gov/pmc/articles/PMC3378046/", "url_versions": "http://scholar.google.com/scholar?cluster=5965555556554016437&hl=en&as_sdt=1,5&sciodt=1,5&as_vis=1", "authors": "ET Rolls - Frontiers in Computational Neuroscience", "excerpt": "Abstract Neurophysiological evidence for invariant representations of objects and faces in the primate inferior temporal visual cortex is described. Then a computational approach to how invariant representations are formed in the brain is described that builds on the  ...", "url_pdf": null, "num_citations": 39, "cluster_id": "5965555556554016437", "year": "2012", "url_citations": "http://scholar.google.com/scholar?cites=5965555556554016437&as_sdt=2005&sciodt=1,5&hl=en"}, {"num_versions": 3, "url_citation": null, "title": "Real-time low-power neuromorphic hardware for autonomous object recognition", "url": "http://proceedings.spiedigitallibrary.org/proceeding.aspx?articleid=1693584", "url_versions": "http://scholar.google.com/scholar?cluster=6987374471747189578&hl=en&as_sdt=1,5&sciodt=1,5&as_vis=1", "authors": "D Khosla, Y Chen, DJ Huber\u2026 - SPIE Defense,  \u2026", "excerpt": "abstract Unmanned surveillance platforms have a ubiquitous presence in surveillance and reconnaissance operations. As the resolution and fidelity of the video sensors on these platforms increases, so does the bandwidth required to provide the data to the analyst and  ...", "url_pdf": null, "num_citations": 4, "cluster_id": "6987374471747189578", "year": "2013", "url_citations": "http://scholar.google.com/scholar?cites=6987374471747189578&as_sdt=2005&sciodt=1,5&hl=en"}, {"num_versions": 4, "url_citation": null, "title": "Memristors for more than just memory: How to use learning to expand applications", "url": "http://link.springer.com/chapter/10.1007/978-94-007-4491-2_5", "url_versions": "http://scholar.google.com/scholar?cluster=16997696751354671708&hl=en&as_sdt=1,5&sciodt=1,5&as_vis=1", "authors": "PJ Werbos - Advances in Neuromorphic Memristor Science and  \u2026", "excerpt": "Abstract There has been a huge explosion of interest in the memristor since the first experimental confirmation by HP in 2008 (Strukov et al., Nature 453: 80\u201383, 2008). Because the memristor and its variants provide a huge increase in memory density, compared with  ...", "url_pdf": null, "num_citations": 4, "cluster_id": "16997696751354671708", "year": "2012", "url_citations": "http://scholar.google.com/scholar?cites=16997696751354671708&as_sdt=2005&sciodt=1,5&hl=en"}, {"num_versions": 12, "url_citation": null, "title": "Sequential deep learning for human action recognition", "url": "http://link.springer.com/chapter/10.1007/978-3-642-25446-8_4", "url_versions": "http://scholar.google.com/scholar?cluster=16217965655296821785&hl=en&as_sdt=1,5&sciodt=1,5&as_vis=1", "authors": "M Baccouche, F Mamalet, C Wolf, C Garcia\u2026 - Human Behavior  \u2026", "excerpt": "Abstract We propose in this paper a fully automated deep model, which learns to classify human actions without using any prior knowledge. The first step of our scheme, based on the extension of Convolutional Neural Networks to 3D, automatically learns spatio- ...", "url_pdf": null, "num_citations": 49, "cluster_id": "16217965655296821785", "year": "2011", "url_citations": "http://scholar.google.com/scholar?cites=16217965655296821785&as_sdt=2005&sciodt=1,5&hl=en"}, {"num_versions": 4, "url_citation": null, "title": "A neuromorphic system for object detection and classification", "url": "http://proceedings.spiedigitallibrary.org/proceeding.aspx?articleid=1691311", "url_versions": "http://scholar.google.com/scholar?cluster=4612116904158291862&hl=en&as_sdt=1,5&sciodt=1,5&as_vis=1", "authors": "D Khosla, Y Chen, K Kim\u2026 - SPIE Defense,  \u2026", "excerpt": "abstract Unattended object detection, recognition and tracking on unmanned reconnaissance platforms in battlefields and urban spaces are topics of emerging importance. In this paper, we present an unattended object recognition system that  ...", "url_pdf": null, "num_citations": 3, "cluster_id": "4612116904158291862", "year": "2013", "url_citations": "http://scholar.google.com/scholar?cites=4612116904158291862&as_sdt=2005&sciodt=1,5&hl=en"}, {"num_versions": 3, "url_citation": null, "title": "Time series classification using multi-channels deep convolutional neural networks", "url": "http://link.springer.com/chapter/10.1007/978-3-319-08010-9_33", "url_versions": "http://scholar.google.com/scholar?cluster=5034405071482554618&hl=en&as_sdt=1,5&sciodt=1,5&as_vis=1", "authors": "Y Zheng, Q Liu, E Chen, Y Ge, JL Zhao - Web-Age Information  \u2026", "excerpt": "Abstract Time series (particularly multivariate) classification has drawn a lot of attention in the literature because of its broad applications for different domains, such as health informatics and bioinformatics. Thus, many algorithms have been developed for this task.  ...", "url_pdf": null, "num_citations": 9, "cluster_id": "5034405071482554618", "year": "2014", "url_citations": "http://scholar.google.com/scholar?cites=5034405071482554618&as_sdt=2005&sciodt=1,5&hl=en"}, {"num_versions": 12, "url_citation": null, "title": "Max-pooling convolutional neural networks for vision-based hand gesture recognition", "url": "http://ieeexplore.ieee.org/xpls/abs_all.jsp?arnumber=6144164", "url_versions": "http://scholar.google.com/scholar?cluster=344799027105415661&hl=en&as_sdt=1,5&sciodt=1,5&as_vis=1", "authors": "J Nagi, F Ducatelle, G Di Caro\u2026 - Signal and Image  \u2026", "excerpt": "Abstract\u2014Automatic recognition of gestures using computer vision is important for many real-world applications such as sign language recognition and human-robot interaction (HRI). Our goal is a real-time hand gesture-based HRI interface for mobile robots. We use a state ...", "url_pdf": null, "num_citations": 39, "cluster_id": "344799027105415661", "year": "2011", "url_citations": "http://scholar.google.com/scholar?cites=344799027105415661&as_sdt=2005&sciodt=1,5&hl=en"}, {"num_versions": 20, "url_citation": null, "title": "Seeing through the blur", "url": "http://ieeexplore.ieee.org/xpls/abs_all.jsp?arnumber=6247869", "url_versions": "http://scholar.google.com/scholar?cluster=367699345380596427&hl=en&as_sdt=1,5&sciodt=1,5&as_vis=1", "authors": "H Mobahi, CL Zitnick, Y Ma - Computer Vision and Pattern  \u2026", "excerpt": "Abstract This paper addresses the problem of image alignment using direct intensity-based methods for affine and homography transformations. Direct methods often employ scalespace smoothing (Gaussian blur) of the images to avoid local minima. Although, it is  ...", "url_pdf": null, "num_citations": 10, "cluster_id": "367699345380596427", "year": "2012", "url_citations": "http://scholar.google.com/scholar?cites=367699345380596427&as_sdt=2005&sciodt=1,5&hl=en"}, {"num_versions": 10, "url_citation": null, "title": "General-purpose optimization through information maximization", "url": "http://www.alockett.com/static/pdf/lockett-thesis.pdf", "url_versions": "http://scholar.google.com/scholar?cluster=6001040402993452963&hl=en&as_sdt=1,5&sciodt=1,5&as_vis=1", "authors": "AJ Lockett -", "excerpt": "Nearly every problem to which human ingenuity is applied either consists of or contains an optimization task. When constructing a building, one wishes to use the least amount of materials and labor to achieve certain standards of size, quality, and content. When  ...", "url_pdf": "http://www.alockett.com/static/pdf/lockett-thesis.pdf", "num_citations": 5, "cluster_id": "6001040402993452963", "year": "2012", "url_citations": "http://scholar.google.com/scholar?cites=6001040402993452963&as_sdt=2005&sciodt=1,5&hl=en"}, {"num_versions": 9, "url_citation": null, "title": "Automatic generation of software pipelines for heterogeneous parallel systems", "url": "http://ieeexplore.ieee.org/xpls/abs_all.jsp?arnumber=6468488", "url_versions": "http://scholar.google.com/scholar?cluster=10872257414205756932&hl=en&as_sdt=1,5&sciodt=1,5&as_vis=1", "authors": "JA Pienaar, S Chakradhar\u2026 - \u2026 , Storage and Analysis ( \u2026", "excerpt": "Abstract\u2014Pipelining is a well-known approach to increasing parallelism and performance. We address the problem of software pipelining for heterogeneous parallel platforms that consist of different multi-core and many-core processing units. In this context, pipelining  ...", "url_pdf": null, "num_citations": 13, "cluster_id": "10872257414205756932", "year": "2012", "url_citations": "http://scholar.google.com/scholar?cites=10872257414205756932&as_sdt=2005&sciodt=1,5&hl=en"}, {"num_versions": 0, "url_citation": null, "title": "Reinforcement Learning and Approximate Dynamic Programming (RLADP)\u2014Foundations, Common Misconceptions, and the Challenges Ahead", "url": "http://onlinelibrary.wiley.com/doi/10.1002/9781118453988.ch1/summary", "url_versions": null, "authors": "PJ Werbos - Reinforcement Learning and Approximate  \u2026", "excerpt": "Summary Many new formulations of reinforcement learning and approximate dynamic programming (RLADP) have appeared in recent years, as it has grown in control applications, control theory, operations research, computer science, robotics, and efforts to  ...", "url_pdf": null, "num_citations": 12, "cluster_id": "14924746101275615103", "year": "2012", "url_citations": "http://scholar.google.com/scholar?cites=14924746101275615103&as_sdt=2005&sciodt=1,5&hl=en"}, {"num_versions": 2, "url_citation": null, "title": "Rethinking automatic chord recognition with convolutional neural networks", "url": "http://ieeexplore.ieee.org/xpls/abs_all.jsp?arnumber=6406762", "url_versions": "http://scholar.google.com/scholar?cluster=14433443479843615206&hl=en&as_sdt=1,5&sciodt=1,5&as_vis=1", "authors": "EJ Humphrey, JP Bello - Machine Learning and Applications ( \u2026", "excerpt": "Abstract\u2014Despite early success in automatic chord recognition, recent efforts are yielding diminishing returns while basically iterating over the same fundamental approach. Here, we abandon typical conventions and adopt a different perspective of the problem, where  ...", "url_pdf": null, "num_citations": 20, "cluster_id": "14433443479843615206", "year": "2012", "url_citations": "http://scholar.google.com/scholar?cites=14433443479843615206&as_sdt=2005&sciodt=1,5&hl=en"}, {"num_versions": 3, "url_citation": null, "title": "An analysis of the connections between layers of deep neural networks", "url": "http://arxiv.org/abs/1306.0152", "url_versions": "http://scholar.google.com/scholar?cluster=5229656407744755555&hl=en&as_sdt=1,5&sciodt=1,5&as_vis=1", "authors": "E Culurciello, J Jin, A Dundar, J Bates - arXiv preprint arXiv:1306.0152", "excerpt": "Abstract: We present an analysis of different techniques for selecting the connection be-tween layers of deep neural networks. Traditional deep neural networks use ran-dom connection tables between layers to keep the number of connections small and tune to  ...", "url_pdf": null, "num_citations": 3, "cluster_id": "5229656407744755555", "year": "2013", "url_citations": "http://scholar.google.com/scholar?cites=5229656407744755555&as_sdt=2005&sciodt=1,5&hl=en"}, {"num_versions": 5, "url_citation": null, "title": "Scattering representation of modulated sounds", "url": "http://www.dafx12.york.ac.uk/papers/dafx12_submission_50.pdf", "url_versions": "http://scholar.google.com/scholar?cluster=15481086375707048045&hl=en&as_sdt=1,5&sciodt=1,5&as_vis=1", "authors": "J And\u00e9n, S Mallat - Proc. of the 15th Int. Conference on Digital  \u2026", "excerpt": "ABSTRACT Mel-frequency spectral coefficients (MFSCs), calculated by averaging the spectrogram along a mel-frequency scale, are used in many audio classification tasks. Their efficiency can be partly explained by their stability to deformation in a Euclidean norm.  ...", "url_pdf": "http://www.dafx12.york.ac.uk/papers/dafx12_submission_50.pdf", "num_citations": 5, "cluster_id": "15481086375707048045", "year": "2012", "url_citations": "http://scholar.google.com/scholar?cites=15481086375707048045&as_sdt=2005&sciodt=1,5&hl=en"}, {"num_versions": 12, "url_citation": null, "title": "Parallel distributed processing at 25: Further explorations in the microstructure of cognition", "url": "http://onlinelibrary.wiley.com/doi/10.1111/cogs.12148/full", "url_versions": "http://scholar.google.com/scholar?cluster=2343074870517008796&hl=en&as_sdt=1,5&sciodt=1,5&as_vis=1", "authors": "TT Rogers, JL McClelland - Cognitive science", "excerpt": "Abstract This paper introduces a special issue of Cognitive Science initiated on the 25th anniversary of the publication of Parallel Distributed Processing (PDP), a two-volume work that introduced the use of neural network models as vehicles for understanding cognition.  ...", "url_pdf": null, "num_citations": 7, "cluster_id": "2343074870517008796", "year": "2014", "url_citations": "http://scholar.google.com/scholar?cites=2343074870517008796&as_sdt=2005&sciodt=1,5&hl=en"}, {"num_versions": 7, "url_citation": null, "title": "Deep Fisher Kernels--End to End Learning of the Fisher Kernel GMM Parameters", "url": "http://ieeexplore.ieee.org/xpls/abs_all.jsp?arnumber=6909578", "url_versions": "http://scholar.google.com/scholar?cluster=3426084932809911149&hl=en&as_sdt=1,5&sciodt=1,5&as_vis=1", "authors": "V Sydorov, M Sakurada\u2026 - Computer Vision and  \u2026", "excerpt": "Abstract Fisher Kernels and Deep Learning were two developments with significant impact on large-scale object categorization in the last years. Both approaches were shown to achieve state-of-the-art results on large-scale object categorization datasets, such as  ...", "url_pdf": null, "num_citations": 14, "cluster_id": "3426084932809911149", "year": "2014", "url_citations": "http://scholar.google.com/scholar?cites=3426084932809911149&as_sdt=2005&sciodt=1,5&hl=en"}, {"num_versions": 2, "url_citation": null, "title": "Deep learning comes of age", "url": "http://dl.acm.org/citation.cfm?id=2461262", "url_versions": "http://scholar.google.com/scholar?cluster=8018489963569545421&hl=en&as_sdt=1,5&sciodt=1,5&as_vis=1", "authors": "G Anthes - Communications of the ACM", "excerpt": "10 window over one pixel and repeats the operation until the entire image has been processed. It produces out- put values that are sums of the inputs weighted by the synaptic weights in each small window. The reason these nets succeeded in an era of relatively weak  ... ", "url_pdf": null, "num_citations": 6, "cluster_id": "8018489963569545421", "year": "2013", "url_citations": "http://scholar.google.com/scholar?cites=8018489963569545421&as_sdt=2005&sciodt=1,5&hl=en"}, {"num_versions": 2, "url_citation": null, "title": "Seeing through the blur", "url": "http://www.computer.org/csdl/proceedings/cvpr/2012/1226/00/219P2B18-abs.html", "url_versions": "http://scholar.google.com/scholar?cluster=12135263219304453592&hl=en&as_sdt=1,5&sciodt=1,5&as_vis=1", "authors": "Y Ma, CL Zitnick, H Mobahi -", "excerpt": "ABSTRACT This paper addresses the problem of image alignment using direct intensity-based methods for affine and homography transformations. Direct methods often employ scale-space smoothing (Gaussian blur) of the images to avoid local minima. Although, it is  ...", "url_pdf": null, "num_citations": 3, "cluster_id": "12135263219304453592", "year": "2012", "url_citations": "http://scholar.google.com/scholar?cites=12135263219304453592&as_sdt=2005&sciodt=1,5&hl=en"}, {"num_versions": 3, "url_citation": null, "title": "Feature extraction with convolutional neural networks for handwritten word recognition", "url": "http://ieeexplore.ieee.org/xpls/abs_all.jsp?arnumber=6628629", "url_versions": "http://scholar.google.com/scholar?cluster=266241818227107691&hl=en&as_sdt=1,5&sciodt=1,5&as_vis=1", "authors": "T Bluche, H Ney, C Kermorvant - Document Analysis and  \u2026", "excerpt": "Abstract\u2014In this paper, we show that learning features with convolutional neural networks is better than using hand-crafted features for handwritten word recognition. We consider two kinds of systems: a grapheme based segmentation and a sliding window segmentation. In  ...", "url_pdf": null, "num_citations": 8, "cluster_id": "266241818227107691", "year": "2013", "url_citations": "http://scholar.google.com/scholar?cites=266241818227107691&as_sdt=2005&sciodt=1,5&hl=en"}, {"num_versions": 13, "url_citation": null, "title": "Unsupervised learning of sparse features for scalable audio classification.", "url": "http://ejournal.narotama.ac.id/files/Unsupervised%20learning%20of%20sparse%20features%20for%20scalable%20audio%20classification..pdf", "url_versions": "http://scholar.google.com/scholar?cluster=16183838811575312102&hl=en&as_sdt=1,5&sciodt=1,5&as_vis=1", "authors": "M Henaff, K Jarrett, K Kavukcuoglu, Y LeCun - ISMIR", "excerpt": "ABSTRACT In this work we present a system to automatically learn features from audio in an unsupervised manner. Our method first learns an overcomplete dictionary which can be used to sparsely decompose log-scaled spectrograms. It then trains an efficient encoder  ...", "url_pdf": "http://ejournal.narotama.ac.id/files/Unsupervised%20learning%20of%20sparse%20features%20for%20scalable%20audio%20classification..pdf", "num_citations": 65, "cluster_id": "16183838811575312102", "year": "2011", "url_citations": "http://scholar.google.com/scholar?cites=16183838811575312102&as_sdt=2005&sciodt=1,5&hl=en"}, {"num_versions": 5, "url_citation": null, "title": "Realtime feature extraction using max-like convolutional network for human posture recognition", "url": "http://ieeexplore.ieee.org/xpls/abs_all.jsp?arnumber=5938155", "url_versions": "http://scholar.google.com/scholar?cluster=5043306722092790111&hl=en&as_sdt=1,5&sciodt=1,5&as_vis=1", "authors": "B Zhao, S Chen - Circuits and Systems (ISCAS)", "excerpt": "Abstract\u2014This paper presents a realtime feature extraction processor based on MAX-like convolutional network. Due to the massive parallel MAX operations across multiple layers of feature maps, conventional implementation requires a vast amount of memory access as  ...", "url_pdf": null, "num_citations": 5, "cluster_id": "5043306722092790111", "year": "2011", "url_citations": "http://scholar.google.com/scholar?cites=5043306722092790111&as_sdt=2005&sciodt=1,5&hl=en"}, {"num_versions": 6, "url_citation": null, "title": "Multi-class multi-scale series contextual model for image segmentation", "url": "http://ieeexplore.ieee.org/xpls/abs_all.jsp?arnumber=6566188", "url_versions": "http://scholar.google.com/scholar?cluster=17879008653042652412&hl=en&as_sdt=1,5&sciodt=1,5&as_vis=1", "authors": "M Seyedhosseini, T Tasdizen - Image Processing, IEEE  \u2026", "excerpt": "Abstract\u2014Contextual information has been widely used as a rich source of information to segment multiple objects in an image. A contextual model utilizes the relationships between the objects in a scene to facilitate object detection and segmentation. However, using  ...", "url_pdf": null, "num_citations": 9, "cluster_id": "17879008653042652412", "year": "2013", "url_citations": "http://scholar.google.com/scholar?cites=17879008653042652412&as_sdt=2005&sciodt=1,5&hl=en"}, {"num_versions": 81, "url_citation": null, "title": "Imagenet classification with deep convolutional neural networks", "url": "http://papers.nips.cc/paper/4824-imagenet-classification-w", "url_versions": "http://scholar.google.com/scholar?cluster=2071317309766942398&hl=en&as_sdt=1,5&sciodt=1,5&as_vis=1", "authors": "A Krizhevsky, I Sutskever, GE Hinton - Advances in neural  \u2026", "excerpt": "Abstract We trained a large, deep convolutional neural network to classify the 1.3 million high-resolution images in the LSVRC-2010 ImageNet training set into the 1000 different classes. On the test data, we achieved top-1 and top-5 error rates of 39.7\\% and 18.9\\%  ...", "url_pdf": null, "num_citations": 2501, "cluster_id": "2071317309766942398", "year": "2012", "url_citations": "http://scholar.google.com/scholar?cites=2071317309766942398&as_sdt=2005&sciodt=1,5&hl=en"}, {"num_versions": 6, "url_citation": null, "title": "Reconstructive sparse code transfer for contour detection and semantic labeling", "url": "http://link.springer.com/chapter/10.1007/978-3-319-16817-3_18", "url_versions": "http://scholar.google.com/scholar?cluster=10641613681780016978&hl=en&as_sdt=1,5&sciodt=1,5&as_vis=1", "authors": "M Maire, XY Stella, P Perona - Computer Vision--ACCV", "excerpt": "Abstract We frame the task of predicting a semantic labeling as a sparse reconstruction procedure that applies a target-specific learned transfer function to a generic deep sparse code representation of an image. This strategy partitions training into two distinct stages.  ...", "url_pdf": null, "num_citations": 6, "cluster_id": "10641613681780016978", "year": "2014", "url_citations": "http://scholar.google.com/scholar?cites=10641613681780016978&as_sdt=2005&sciodt=1,5&hl=en"}]