[{"num_versions": 6, "url_citation": null, "title": "Synthesis of reversible functions beyond gate count and quantum cost", "url": "http://arxiv.org/abs/1004.4609", "url_versions": "http://scholar.google.com/scholar?cluster=2733025921224148594&hl=en&as_sdt=1,5&sciodt=1,5&as_vis=1", "authors": "R Wille, M Saeedi, R Drechsler - arXiv preprint arXiv:1004.4609", "excerpt": "Abstract: Many synthesis approaches for reversible and quantum logic have been proposed so far. However, most of them generate circuits with respect to simple metrics, ie gate count or quantum cost. On the other hand, to physically realize reversible and quantum  ...", "url_pdf": null, "num_citations": 23, "cluster_id": "2733025921224148594", "year": "2010", "url_citations": "http://scholar.google.com/scholar?cites=2733025921224148594&as_sdt=2005&sciodt=1,5&hl=en"}, {"num_versions": 3, "url_citation": null, "title": "Block-based quantum-logic synthesis", "url": "http://arxiv.org/abs/1011.2159", "url_versions": "http://scholar.google.com/scholar?cluster=2688949107199239564&hl=en&as_sdt=1,5&sciodt=1,5&as_vis=1", "authors": "M Saeedi, M Arabzadeh, MS Zamani\u2026 - arXiv preprint arXiv: \u2026", "excerpt": "Abstract: In this paper, the problem of constructing an efficient quantum circuit for the implementation of an arbitrary quantum computation is addressed. To this end, a basic block based on the cosine-sine decomposition method is suggested which contains $ l $ qubits.  ...", "url_pdf": null, "num_citations": 17, "cluster_id": "2688949107199239564", "year": "2010", "url_citations": "http://scholar.google.com/scholar?cites=2688949107199239564&as_sdt=2005&sciodt=1,5&hl=en"}, {"num_versions": 8, "url_citation": null, "title": "A library-based synthesis methodology for reversible logic", "url": "http://www.sciencedirect.com/science/article/pii/S0026269210000273", "url_versions": "http://scholar.google.com/scholar?cluster=2057465517830097823&hl=en&as_sdt=1,5&sciodt=1,5&as_vis=1", "authors": "M Saeedi, M Sedighi, MS Zamani - Microelectronics Journal", "excerpt": "Synthesis of reversible logic has received significant attention in the recent years and many synthesis approaches for reversible circuits have been proposed so far. In this paper, a library-based synthesis methodology for reversible circuits is proposed where a reversible  ...", "url_pdf": null, "num_citations": 19, "cluster_id": "2057465517830097823", "year": "2010", "url_citations": "http://scholar.google.com/scholar?cites=2057465517830097823&as_sdt=2005&sciodt=1,5&hl=en"}, {"num_versions": 4, "url_citation": null, "title": "COVE: A practical quantum computer programming framework", "url": "http://arxiv.org/abs/0911.2423", "url_versions": "http://scholar.google.com/scholar?cluster=2652385024010075120&hl=en&as_sdt=1,5&sciodt=1,5&as_vis=1", "authors": "M Purkeypile - arXiv preprint arXiv:0911.2423", "excerpt": "Abstract: While not yet in commercial existence, quantum computers have the ability to solve certain classes of problems that are not efficiently solvable on existing Turing Machine based (classical) computers. For quantum computers to be of use, methods of  ...", "url_pdf": null, "num_citations": 6, "cluster_id": "2652385024010075120", "year": "2009", "url_citations": "http://scholar.google.com/scholar?cites=2652385024010075120&as_sdt=2005&sciodt=1,5&hl=en"}, {"num_versions": 3, "url_citation": null, "title": "Methods for quantum circuit design and simulation", "url": "http://calhoun.nps.edu/handle/10945/5414", "url_versions": "http://scholar.google.com/scholar?cluster=17576230657178487077&hl=en&as_sdt=1,5&sciodt=1,5&as_vis=1", "authors": "JM Weathers -", "excerpt": "The goal of quantum computing is to harness the unique properties of quantum mechanics to perform computations that are beyond the capabilities of traditional, classical circuits based on transistors. A quantum circuit is an established way of expressing a quantum  ...", "url_pdf": null, "num_citations": 0, "cluster_id": null, "year": "2010", "url_citations": null}, {"num_versions": 5, "url_citation": null, "title": "Changing the gate order for optimal lnn conversion", "url": "http://link.springer.com/chapter/10.1007/978-3-642-29517-1_8", "url_versions": "http://scholar.google.com/scholar?cluster=14208970194481605968&hl=en&as_sdt=1,5&sciodt=1,5&as_vis=1", "authors": "A Matsuo, S Yamashita - Reversible Computation", "excerpt": "Abstract While several physical realization schemes have been proposed for future quantum information processing, most known facts suggest that quantum information processing should have intrinsic limitations; physically realizable operations would be only interaction  ...", "url_pdf": null, "num_citations": 6, "cluster_id": "14208970194481605968", "year": "2012", "url_citations": "http://scholar.google.com/scholar?cites=14208970194481605968&as_sdt=2005&sciodt=1,5&hl=en"}, {"num_versions": 0, "url_citation": null, "title": "Exact reordering of circuit lines for nearest neighbor quantum architectures", "url": "http://ieeexplore.ieee.org/xpls/abs_all.jsp?arnumber=6951856", "url_versions": null, "authors": "R Wille, A Lye, R Drechsler - Computer-Aided Design of  \u2026", "excerpt": "Abstract\u2014Research in the domain of quantum computation is mainly driven by their promising applications eg, for factorization or database search. At the same time, physical developments for this emerging technology constantly lead to new constraints to be  ...", "url_pdf": null, "num_citations": 2, "cluster_id": "11405937423314600997", "year": "2014", "url_citations": "http://scholar.google.com/scholar?cites=11405937423314600997&as_sdt=2005&sciodt=1,5&hl=en"}, {"num_versions": 8, "url_citation": null, "title": "Synthesis of quantum circuits for linear nearest neighbor architectures", "url": "http://link.springer.com/article/10.1007/s11128-010-0201-2", "url_versions": "http://scholar.google.com/scholar?cluster=17606377720921240121&hl=en&as_sdt=1,5&sciodt=1,5&as_vis=1", "authors": "M Saeedi, R Wille, R Drechsler - Quantum Information Processing", "excerpt": "Abstract While a couple of impressive quantum technologies have been proposed, they have several intrinsic limitations which must be considered by circuit designers to produce realizable circuits. Limited interaction distance between gate qubits is one of the most  ...", "url_pdf": null, "num_citations": 43, "cluster_id": "17606377720921240121", "year": "2011", "url_citations": "http://scholar.google.com/scholar?cites=17606377720921240121&as_sdt=2005&sciodt=1,5&hl=en"}, {"num_versions": 5, "url_citation": null, "title": "Towards a design flow for reversible logic", "url": "http://scholar.google.com/https://books.google.com/books?hl=en&lr=&id=g_egzIDt5TsC&oi=fnd&pg=PP5&ots=de-1Oy70pN&sig=krlN3b0aQmsrWfxKpzKJLI1GGp0", "url_versions": "http://scholar.google.com/scholar?cluster=12339311557748571429&hl=en&as_sdt=1,5&sciodt=1,5&as_vis=1", "authors": "R Wille, R Drechsler -", "excerpt": "The development of computing machines found great success in the last decades. But the ongoing miniaturization of integrated circuits will reach its limits in the near future. Shrinking transistor sizes and power dissipation are the major barriers in the development of smaller  ...", "url_pdf": null, "num_citations": 42, "cluster_id": "12339311557748571429", "year": "2010", "url_citations": "http://scholar.google.com/scholar?cites=12339311557748571429&as_sdt=2005&sciodt=1,5&hl=en"}]