[{"num_versions": 0, "url_citation": null, "title": "Towards designing a user-adaptive web-based e-learning system", "url": "http://dl.acm.org/citation.cfm?id=1358885", "url_versions": null, "authors": "L Razzaq, NT Heffernan - CHI'08 extended abstracts on Human factors in \u2026", "excerpt": "Abstract This work-in-progress report presents the groundwork for the design of a user-adaptive web-based e-learning system. A survey and two randomized controlled experiments were carried out to compare the effects of active versus passive interaction  ...", "url_pdf": null, "num_citations": 10, "cluster_id": "9290511919204373520", "year": "2008", "url_citations": "http://scholar.google.com/scholar?cites=9290511919204373520&as_sdt=2005&sciodt=1,5&hl=en"}, {"num_versions": 17, "url_citation": null, "title": "Discourse structure and performance analysis: Beyond the correlation", "url": "http://dl.acm.org/citation.cfm?id=1708403", "url_versions": "http://scholar.google.com/scholar?cluster=9464417471890962797&hl=en&as_sdt=1,5&sciodt=1,5&as_vis=1", "authors": "M Rotaru, DJ Litman - Proceedings of the SIGDIAL", "excerpt": "Abstract This paper is part of our broader investigation into the utility of discourse structure for performance analysis. In our previous work, we showed that several interaction parameters that use discourse structure predict our performance metric. Here, we take a  ...", "url_pdf": null, "num_citations": 7, "cluster_id": "9464417471890962797", "year": "2009", "url_citations": "http://scholar.google.com/scholar?cites=9464417471890962797&as_sdt=2005&sciodt=1,5&hl=en"}, {"num_versions": 5, "url_citation": null, "title": "The effects of agent nonverbal communication on procedural and attitudinal learning outcomes", "url": "http://link.springer.com/chapter/10.1007/978-3-540-85483-8_21", "url_versions": "http://scholar.google.com/scholar?cluster=12686573062097202276&hl=en&as_sdt=1,5&sciodt=1,5&as_vis=1", "authors": "AL Baylor, S Kim - Intelligent virtual agents", "excerpt": "Abstract This experimental study investigated the differential effects of pedagogical agent nonverbal communication on attitudinal and procedural learning. A 2x2x2 factorial design was employed with 237 participants to investigate the effect of type of instruction ( ...", "url_pdf": null, "num_citations": 20, "cluster_id": "12686573062097202276", "year": "2008", "url_citations": "http://scholar.google.com/scholar?cites=12686573062097202276&as_sdt=2005&sciodt=1,5&hl=en"}, {"num_versions": 14, "url_citation": null, "title": "Addressing cognitive differences and gender during problem solving", "url": "http://centerforknowledgecommunication.info/publications/pubs6/ArroyoWoolfBeal06.pdf", "url_versions": "http://scholar.google.com/scholar?cluster=706946322535228507&hl=en&as_sdt=1,5&sciodt=1,5&as_vis=1", "authors": "I Arroyo, BP Woolf, CR Beal - International  \u2026", "excerpt": "This research evaluated the impact of supplementing user models with additional data about cognitive features of the student. Supplemental data included individual differences variables such as: developmental stage of the learner (Piagetian), spatial ability, math- ...", "url_pdf": "http://centerforknowledgecommunication.info/publications/pubs6/ArroyoWoolfBeal06.pdf", "num_citations": 22, "cluster_id": "706946322535228507", "year": "2006", "url_citations": "http://scholar.google.com/scholar?cites=706946322535228507&as_sdt=2005&sciodt=1,5&hl=en"}, {"num_versions": 3, "url_citation": null, "title": "Conception et \u00e9valuation d'agents conversationnels multimodaux bidirectionnels", "url": "http://stephanie.buisine.free.fr/publis/these-Stephanie-Buisine.pdf", "url_versions": "http://scholar.google.com/scholar?cluster=6681033113508238837&hl=en&as_sdt=1,5&sciodt=1,5&as_vis=1", "authors": "S Buisine -", "excerpt": "Les Agents Conversationnels Anim\u00e9s sont des personnages virtuels interactifs: ils se d\u00e9finissent a minima par leur pr\u00e9sence anim\u00e9e au sein d'un dispositif visuel (le plus souvent un \u00e9cran), quelle que soit leur apparence (personnage humano\u00efde, fantaisiste\u2026). Ils ont  ...", "url_pdf": "http://stephanie.buisine.free.fr/publis/these-Stephanie-Buisine.pdf", "num_citations": 20, "cluster_id": "6681033113508238837", "year": "2007", "url_citations": "http://scholar.google.com/scholar?cites=6681033113508238837&as_sdt=2005&sciodt=1,5&hl=en"}, {"num_versions": 7, "url_citation": null, "title": "Designing intelligent tutors that adapt to when students game the system", "url": "http://ra.adm.cs.cmu.edu/anon/usr/ftp/home/ftp/hcii/CMU-HCII-05-104.pdf", "url_versions": "http://scholar.google.com/scholar?cluster=2768118745362205721&hl=en&as_sdt=1,5&sciodt=1,5&as_vis=1", "authors": "RS Baker -", "excerpt": "Abstract Students use intelligent tutors and other types of interactive learning environments in a considerable variety of ways. In this thesis, I detail my work to understand, automatically detect, and re-design an intelligent tutoring system to adapt to a behavior I term \u201cgaming  ...", "url_pdf": "http://ra.adm.cs.cmu.edu/anon/usr/ftp/home/ftp/hcii/CMU-HCII-05-104.pdf", "num_citations": 12, "cluster_id": "2768118745362205721", "year": "2005", "url_citations": "http://scholar.google.com/scholar?cites=2768118745362205721&as_sdt=2005&sciodt=1,5&hl=en"}, {"num_versions": 6, "url_citation": null, "title": "Promoting uniform question understanding in today's and tomorrow's surveys", "url": "http://www.researchgate.net/profile/Michael_Schober/publication/228356192_Promoting_uniform_question_understanding_in_today%27s_and_tomorrow%27s_surveys/links/09e415064b7a8b5de9000000.pdf", "url_versions": "http://scholar.google.com/scholar?cluster=15819141427633090262&hl=en&as_sdt=1,5&sciodt=1,5&as_vis=1", "authors": "FG Conrad, MF Schober - JOURNAL OF OFFICIAL STATISTICS- \u2026", "excerpt": "Survey respondents misunderstand questions more frequently than one might expect but, current methods for collecting data make it hard to detect and correct misunderstanding. The conventional practice has been to leave the interpretation of questions up to respondents;  ...", "url_pdf": "http://www.researchgate.net/profile/Michael_Schober/publication/228356192_Promoting_uniform_question_understanding_in_today%27s_and_tomorrow%27s_surveys/links/09e415064b7a8b5de9000000.pdf", "num_citations": 9, "cluster_id": "15819141427633090262", "year": "2005", "url_citations": "http://scholar.google.com/scholar?cites=15819141427633090262&as_sdt=2005&sciodt=1,5&hl=en"}, {"num_versions": 5, "url_citation": null, "title": "Improving the efficiency of dialogue in tutoring", "url": "http://www.sciencedirect.com/science/article/pii/S0959475211001010", "url_versions": "http://scholar.google.com/scholar?cluster=4087463416839834670&hl=en&as_sdt=1,5&sciodt=1,5&as_vis=1", "authors": "KJ Kopp, MA Britt, K Millis, AC Graesser - Learning and Instruction", "excerpt": "The current studies investigated the efficient use of dialogue in intelligent tutoring systems that use natural language interaction. Such dialogues can be relatively time-consuming. This work addresses the question of how much dialogue is needed to produce significant  ...", "url_pdf": null, "num_citations": 22, "cluster_id": "4087463416839834670", "year": "2012", "url_citations": "http://scholar.google.com/scholar?cites=4087463416839834670&as_sdt=2005&sciodt=1,5&hl=en"}, {"num_versions": 3, "url_citation": null, "title": "Pedagogical agents as learning companions: The effects of agent affect and gender on learning, interest, self-efficacy, and agent persona", "url": "http://diginole.lib.fsu.edu/etd/3112/", "url_versions": "http://scholar.google.com/scholar?cluster=6972230996414536653&hl=en&as_sdt=1,5&sciodt=1,5&as_vis=1", "authors": "Y Kim -", "excerpt": "Abstract The purpose of the study was to examine the impact of the affect and gender of pedagogical agents as learning companions (PALs) on learning, interest, self-efficacy, and agent persona. Two experiments were conducted to examine PALs' affect separately in  ...", "url_pdf": null, "num_citations": 28, "cluster_id": "6972230996414536653", "year": "2004", "url_citations": "http://scholar.google.com/scholar?cites=6972230996414536653&as_sdt=2005&sciodt=1,5&hl=en"}, {"num_versions": 12, "url_citation": null, "title": "The Politeness Effect in an intelligent foreign language tutoring system", "url": "http://link.springer.com/chapter/10.1007/978-3-540-69132-7_31", "url_versions": "http://scholar.google.com/scholar?cluster=13480865309012677649&hl=en&as_sdt=1,5&sciodt=1,5&as_vis=1", "authors": "N Wang, WL Johnson - Intelligent Tutoring Systems", "excerpt": "Abstract A previous study showed that pedagogical agents that offer feedback with appropriate politeness strategies can help students learn better [21]. This work studied the Politeness Effect in a foreign language intelligent tutoring system, and provided further  ...", "url_pdf": null, "num_citations": 26, "cluster_id": "13480865309012677649", "year": "2008", "url_citations": "http://scholar.google.com/scholar?cites=13480865309012677649&as_sdt=2005&sciodt=1,5&hl=en"}, {"num_versions": 5, "url_citation": null, "title": "Why/AutoTutor: A test of learning gains from a physics tutor with natural language dialog", "url": "http://csjarchive.cogsci.rpi.edu/proceedings/2003/pdfs/103.pdf", "url_versions": "http://scholar.google.com/scholar?cluster=7017131783075734953&hl=en&as_sdt=1,5&sciodt=1,5&as_vis=1", "authors": "AC Graesser, GT Jackson\u2026 - Proceedings of the  \u2026", "excerpt": "Abstract Why/AutoTutor is a tutoring system that helps students construct answers to qualitative physics problems by holding a conversation in natural language. Why/AutoTutor provides feedback to the student on what the student types in (positive, neutral, negative  ...", "url_pdf": "http://csjarchive.cogsci.rpi.edu/proceedings/2003/pdfs/103.pdf", "num_citations": 71, "cluster_id": "7017131783075734953", "year": "2003", "url_citations": "http://scholar.google.com/scholar?cites=7017131783075734953&as_sdt=2005&sciodt=1,5&hl=en"}, {"num_versions": 4, "url_citation": null, "title": "Learning the lessons of leadership: Case method teaching with interactive, computer-based tools and film-based cases", "url": "http://www.researchgate.net/profile/Randall_Hill_Jr/publication/235412999_Learning_the_lessons_of_leadership_Case_method_teaching_with_interactive_computer-based_tools_and_film-based_cases/links/09e41511584caddce0000000.pdf", "url_versions": "http://scholar.google.com/scholar?cluster=10376199044765650201&hl=en&as_sdt=1,5&sciodt=1,5&as_vis=1", "authors": "RW Hill, JM Kim, MR Zbylut, AS Gordon, JN Ward\u2026 -", "excerpt": "Given the rapid pace of US Army deployments to global hot spots, there is an existing and ever growing need to accelerate the development of the Army's junior leaders. Today's Army warfighters face extremely stressful and demanding situations that are \u201cclose to war\u201d but,  ...", "url_pdf": "http://www.researchgate.net/profile/Randall_Hill_Jr/publication/235412999_Learning_the_lessons_of_leadership_Case_method_teaching_with_interactive_computer-based_tools_and_film-based_cases/links/09e41511584caddce0000000.pdf", "num_citations": 8, "cluster_id": "10376199044765650201", "year": "2008", "url_citations": "http://scholar.google.com/scholar?cites=10376199044765650201&as_sdt=2005&sciodt=1,5&hl=en"}, {"num_versions": 15, "url_citation": null, "title": "Perceptive animated interfaces: First steps toward a new paradigm for human-computer interaction", "url": "http://ieeexplore.ieee.org/xpls/abs_all.jsp?arnumber=1230216", "url_versions": "http://scholar.google.com/scholar?cluster=10100313703298432054&hl=en&as_sdt=1,5&sciodt=1,5&as_vis=1", "authors": "R Cole, SV Vuuren, B Pellom, K Hacioglu\u2026 - Proceedings of the  \u2026", "excerpt": "R. Cole, S. van Vuuren, B. Pellom, K. Hacioglu, J. Ma, S. Schwartz, D. Wade-Stein, W. Ward, and J. Yan are with the Center for Spoken Language Research, Institute of Cognitive Science, University of Colorado, Boulder, CO 80309 USA (e-mail: cole@ cslr. colorado.  ...", "url_pdf": null, "num_citations": 112, "cluster_id": "10100313703298432054", "year": "2003", "url_citations": "http://scholar.google.com/scholar?cites=10100313703298432054&as_sdt=2005&sciodt=1,5&hl=en"}, {"num_versions": 7, "url_citation": null, "title": "Learning while holding a conversation with a computer", "url": "http://www.memphis.edu/psychology/graesser/publications/documents/Graesser08.pdf", "url_versions": "http://scholar.google.com/scholar?cluster=18278138646744820932&hl=en&as_sdt=1,5&sciodt=1,5&as_vis=1", "authors": "AC Graesser, N Person, Z Lu, MG Jeon\u2026 - Technology-based  \u2026", "excerpt": "ABSTRACT Some of the recent electronic learning environments have moved beyond the conventional delivery of text, multimedia, and objective tests. There are systems with animated conversational agents, intelligent adaptive tutoring, interactive simulations, and  ...", "url_pdf": "http://www.memphis.edu/psychology/graesser/publications/documents/Graesser08.pdf", "num_citations": 27, "cluster_id": "18278138646744820932", "year": "2005", "url_citations": "http://scholar.google.com/scholar?cites=18278138646744820932&as_sdt=2005&sciodt=1,5&hl=en"}, {"num_versions": 16, "url_citation": null, "title": "Commentary on Kurt VanLehn's\" The Behavior of Tutoring Systems\".", "url": "http://www.stottlerhenke.com/projects/matisse/background_docs/duBoulay06.pdf", "url_versions": "http://scholar.google.com/scholar?cluster=14284665612859774970&hl=en&as_sdt=1,5&sciodt=1,5&as_vis=1", "authors": "B du Boulay - IJ Artificial Intelligence in Education", "excerpt": "The paper by Kurt VanLehn has been designed for two audiences: one who does not know very much about ITSs and the other who does. The paper has much to offer both audiences. For the former it gives an indication of the educational performance and complexity that  ...", "url_pdf": "http://www.stottlerhenke.com/projects/matisse/background_docs/duBoulay06.pdf", "num_citations": 422, "cluster_id": "14284665612859774970", "year": "2006", "url_citations": "http://scholar.google.com/scholar?cites=14284665612859774970&as_sdt=2005&sciodt=1,5&hl=en"}, {"num_versions": 10, "url_citation": null, "title": "The impact of learner attributes and learner choice in an agent-based environment", "url": "http://www.sciencedirect.com/science/article/pii/S0360131510002794", "url_versions": "http://scholar.google.com/scholar?cluster=10767186983842983649&hl=en&as_sdt=1,5&sciodt=1,5&as_vis=1", "authors": "Y Kim, Q Wei - Computers & Education", "excerpt": "This study examined the impact of learners' attributes (gender and ethnicity) on their choice of a pedagogical agent and the impact of the attributes and choice on their perceptions of agent affability, task-specific attitudes, task-specific self-efficacy, and learning gains.  ...", "url_pdf": null, "num_citations": 38, "cluster_id": "10767186983842983649", "year": "2011", "url_citations": "http://scholar.google.com/scholar?cites=10767186983842983649&as_sdt=2005&sciodt=1,5&hl=en"}, {"num_versions": 3, "url_citation": null, "title": "Computer-mediated technologies", "url": "http://scholar.google.com/https://books.google.com/books?hl=en&lr=&id=GgCPAgAAQBAJ&oi=fnd&pg=PA211&ots=A8Y_GKM0s4&sig=_11_kuvPE3QMdNfhFKL5PQNGfFw", "url_versions": "http://scholar.google.com/scholar?cluster=14896465885741231019&hl=en&as_sdt=1,5&sciodt=1,5&as_vis=1", "authors": "AC Graesser, P Chipman, BG King - Handbook of research on  \u2026", "excerpt": "ABSTRACT This chapter reviews research on the application of computer-mediated technologies to learning. This includes traditional computer-based training, multimedia, hypertext and hypermedia, interactive simulation, intelligent tutoring systems, inquiry- ...", "url_pdf": null, "num_citations": 31, "cluster_id": "14896465885741231019", "year": "2008", "url_citations": "http://scholar.google.com/scholar?cites=14896465885741231019&as_sdt=2005&sciodt=1,5&hl=en"}, {"num_versions": 16, "url_citation": null, "title": "A social-cognitive framework for pedagogical agents as learning companions", "url": "http://link.springer.com/article/10.1007/s11423-006-0637-3", "url_versions": "http://scholar.google.com/scholar?cluster=13135500297314265767&hl=en&as_sdt=1,5&sciodt=1,5&as_vis=1", "authors": "Y Kim, AL Baylor - Educational Technology Research and Development", "excerpt": "Abstract Teaching and learning are highly social activities. Seminal psychologists such as Vygotsky, Piaget, and Bandura have theorized that social interaction is a key mechanism in the process of learning and development. In particular, the benefits of peer interaction for  ...", "url_pdf": null, "num_citations": 189, "cluster_id": "13135500297314265767", "year": "2006", "url_citations": "http://scholar.google.com/scholar?cites=13135500297314265767&as_sdt=2005&sciodt=1,5&hl=en"}, {"num_versions": 8, "url_citation": null, "title": "Developing handwriting-based Intelligent Tutors to enhance mathematics learning", "url": "http://reports-archive.adm.cs.cmu.edu/anon/anon/usr/ftp/usr0/ftp/hcii/CMU-HCII-08-105.pdf", "url_versions": "http://scholar.google.com/scholar?cluster=15236695972064892835&hl=en&as_sdt=1,5&sciodt=1,5&as_vis=1", "authors": "L Anthony -", "excerpt": "Abstract Mathematics is a topic in American education in which students lag behind their international peers, yet it is a key building block for high-performing careers in science, computers, and engineering. Intelligent tutoring systems have been helping to narrow this  ...", "url_pdf": "http://reports-archive.adm.cs.cmu.edu/anon/anon/usr/ftp/usr0/ftp/hcii/CMU-HCII-08-105.pdf", "num_citations": 16, "cluster_id": "15236695972064892835", "year": "2008", "url_citations": "http://scholar.google.com/scholar?cites=15236695972064892835&as_sdt=2005&sciodt=1,5&hl=en"}, {"num_versions": 20, "url_citation": null, "title": "Spoken Versus Typed Human and Computer Dialogue Tutoring.", "url": "http://www.andrew.cmu.edu/user/nbradley/afrl/PAPERS/spoke_vs_typed.pdf", "url_versions": "http://scholar.google.com/scholar?cluster=9299867369253584624&hl=en&as_sdt=1,5&sciodt=1,5&as_vis=1", "authors": "DJ Litman, CP Ros\u00e9, K Forbes-Riley\u2026 - IJ Artificial  \u2026", "excerpt": "Abstract. While human tutors typically interact with students using spoken dialogue, most computer dialogue tutors are text-based. We have conducted two experiments comparing typed and spoken tutoring dialogues, one in a human-human scenario, and another in a  ...", "url_pdf": "http://www.andrew.cmu.edu/user/nbradley/afrl/PAPERS/spoke_vs_typed.pdf", "num_citations": 82, "cluster_id": "9299867369253584624", "year": "2006", "url_citations": "http://scholar.google.com/scholar?cites=9299867369253584624&as_sdt=2005&sciodt=1,5&hl=en"}, {"num_versions": 6, "url_citation": null, "title": "Designing nonverbal communication for pedagogical agents: When less is more", "url": "http://www.sciencedirect.com/science/article/pii/S0747563208001994", "url_versions": "http://scholar.google.com/scholar?cluster=15916146388374029308&hl=en&as_sdt=1,5&sciodt=1,5&as_vis=1", "authors": "AL Baylor, S Kim - Computers in Human Behavior", "excerpt": "This experimental study employed a 2\u00d7 2\u00d7 2 factorial design to investigate the effects of type of instruction (procedural module, attitudinal module), deictic gesture (presence, absence), and facial expression (presence, absence) on student perception of pedagogical agent  ...", "url_pdf": null, "num_citations": 51, "cluster_id": "15916146388374029308", "year": "2009", "url_citations": "http://scholar.google.com/scholar?cites=15916146388374029308&as_sdt=2005&sciodt=1,5&hl=en"}, {"num_versions": 8, "url_citation": null, "title": "Spoken versus typed human and computer dialogue tutoring", "url": "http://link.springer.com/chapter/10.1007/978-3-540-30139-4_35", "url_versions": "http://scholar.google.com/scholar?cluster=10548032200066431793&hl=en&as_sdt=1,5&sciodt=1,5&as_vis=1", "authors": "DJ Litman, CP Ros\u00e9, K Forbes-Riley\u2026 - Intelligent Tutoring  \u2026", "excerpt": "Abstract While human tutors typically interact with students using spoken dialogue, most computer dialogue tutors are text-based. We have conducted 2 experiments comparing typed and spoken tutoring dialogues, one in a human-human scenario, and another in a  ...", "url_pdf": null, "num_citations": 39, "cluster_id": "10548032200066431793", "year": "2004", "url_citations": "http://scholar.google.com/scholar?cites=10548032200066431793&as_sdt=2005&sciodt=1,5&hl=en"}, {"num_versions": 3, "url_citation": null, "title": "AutoTutor: A Cognitive System That Simulates a Tutor Through Mixed-Initiative Dialogue", "url": "http://scholar.google.com/https://books.google.com/books?hl=en&lr=&id=EIB5AgAAQBAJ&oi=fnd&pg=PA177&ots=F1qxTJ11KH&sig=kDw8rpQHY5JKVSPNf2993q1Wjlw", "url_versions": "http://scholar.google.com/scholar?cluster=13769385174970061466&hl=en&as_sdt=1,5&sciodt=1,5&as_vis=1", "authors": "AC Graesser, A Olney, BC Haynes\u2026 - \u2026  cognitive models in  \u2026", "excerpt": "AutoTutor is a complex cognitive system that simulates a human tutor, or an ideal tutor, by holding a conversation with the learner in natural language. AutoTutor qualifies as a cognitive system in two fundamental ways (see Forsythe & Xavier, chap. 1, this volume).  ...", "url_pdf": null, "num_citations": 44, "cluster_id": "13769385174970061466", "year": "2005", "url_citations": "http://scholar.google.com/scholar?cites=13769385174970061466&as_sdt=2005&sciodt=1,5&hl=en"}, {"num_versions": 4, "url_citation": null, "title": "The use of modality in the design of verbal aids in computer-based learning environments", "url": "http://www.sciencedirect.com/science/article/pii/S0953543808000489", "url_versions": "http://scholar.google.com/scholar?cluster=18220028745930620979&hl=en&as_sdt=1,5&sciodt=1,5&as_vis=1", "authors": "E Sanchez, H Garcia-Rodicio - Interacting with Computers", "excerpt": "Computer-based learning environments include verbal aids helping learners to gain a deep understanding. These aids can be presented in either the visual or the auditory modality. The problem is that it is not clear-cut how to present them for two reasons: the modality  ...", "url_pdf": null, "num_citations": 18, "cluster_id": "18220028745930620979", "year": "2008", "url_citations": "http://scholar.google.com/scholar?cites=18220028745930620979&as_sdt=2005&sciodt=1,5&hl=en"}, {"num_versions": 14, "url_citation": null, "title": "Evaluating the effectiveness of a tutorial dialogue system for self-explanation", "url": "http://link.springer.com/chapter/10.1007/978-3-540-30139-4_42", "url_versions": "http://scholar.google.com/scholar?cluster=15133071102105612395&hl=en&as_sdt=1,5&sciodt=1,5&as_vis=1", "authors": "V Aleven, A Ogan, O Popescu, C Torrey\u2026 - Intelligent tutoring  \u2026", "excerpt": "Abstract Previous research has shown that self-explanation can be supported effectively in an intelligent tutoring system by simple means such as menus. We now focus on the hypothesis that natural language dialogue is an even more effective way to support self- ...", "url_pdf": null, "num_citations": 46, "cluster_id": "15133071102105612395", "year": "2004", "url_citations": "http://scholar.google.com/scholar?cites=15133071102105612395&as_sdt=2005&sciodt=1,5&hl=en"}, {"num_versions": 4, "url_citation": null, "title": "Bringing chatbots into education: Towards natural language negotiation of open learner models", "url": "http://www.sciencedirect.com/science/article/pii/S0950705106001912", "url_versions": "http://scholar.google.com/scholar?cluster=15096943205314159112&hl=en&as_sdt=1,5&sciodt=1,5&as_vis=1", "authors": "A Kerly, P Hall, S Bull - Knowledge-Based Systems", "excerpt": "There is an extensive body of work on Intelligent Tutoring Systems: computer environments for education, teaching and training that adapt to the needs of the individual learner. Work on personalisation and adaptivity has included research into allowing the student user to  ...", "url_pdf": null, "num_citations": 59, "cluster_id": "15096943205314159112", "year": "2007", "url_citations": "http://scholar.google.com/scholar?cites=15096943205314159112&as_sdt=2005&sciodt=1,5&hl=en"}, {"num_versions": 7, "url_citation": null, "title": "A paradigm for handwriting-based intelligent tutors", "url": "http://www.sciencedirect.com/science/article/pii/S1071581912000626", "url_versions": "http://scholar.google.com/scholar?cluster=8348812683478534318&hl=en&as_sdt=1,5&sciodt=1,5&as_vis=1", "authors": "L Anthony, J Yang, KR Koedinger - International Journal of Human- \u2026", "excerpt": "This paper presents the interaction design of, and demonstration of technical feasibility for, intelligent tutoring systems that can accept handwriting input from students. Handwriting and pen input offer several affordances for students that traditional typing-based interactions  ...", "url_pdf": null, "num_citations": 11, "cluster_id": "8348812683478534318", "year": "2012", "url_citations": "http://scholar.google.com/scholar?cites=8348812683478534318&as_sdt=2005&sciodt=1,5&hl=en"}, {"num_versions": 3, "url_citation": null, "title": "Agent technologies designed to facilitate interactive knowledge construction", "url": "http://www.tandfonline.com/doi/abs/10.1080/01638530802145395", "url_versions": "http://scholar.google.com/scholar?cluster=10125462650709921984&hl=en&as_sdt=1,5&sciodt=1,5&as_vis=1", "authors": "AC Graesser, M Jeon, D Dufty - Discourse processes", "excerpt": "During the last decade, interdisciplinary researchers have developed technologies with animated pedagogical agents that interact with the student in language and other communication channels (such as facial expressions and gestures). These pedagogical  ...", "url_pdf": null, "num_citations": 94, "cluster_id": "10125462650709921984", "year": "2008", "url_citations": "http://scholar.google.com/scholar?cites=10125462650709921984&as_sdt=2005&sciodt=1,5&hl=en"}, {"num_versions": 11, "url_citation": null, "title": "Adapting handwriting recognition for applications in algebra learning", "url": "http://dl.acm.org/citation.cfm?id=1290153", "url_versions": "http://scholar.google.com/scholar?cluster=13988729796579979820&hl=en&as_sdt=1,5&sciodt=1,5&as_vis=1", "authors": "L Anthony, J Yang, KR Koedinger - Proceedings of the international  \u2026", "excerpt": "Abstract In this paper we report the progress of our ongoing project exploring the adaptation of handwriting recognition-based interfaces for applications in intelligent tutoring systems for students learning algebra equation-solving. The research is motivated by the hypothesis  ...", "url_pdf": null, "num_citations": 12, "cluster_id": "13988729796579979820", "year": "2007", "url_citations": "http://scholar.google.com/scholar?cites=13988729796579979820&as_sdt=2005&sciodt=1,5&hl=en"}, {"num_versions": 8, "url_citation": null, "title": "Embodied conversational agents as conversational partners", "url": "http://scholar.google.com/ftp://129.219.222.66/Publish/pdf/Embodied%20Conversational%20Agents%20as%20Conversational%20Partners.pdf", "url_versions": "http://scholar.google.com/scholar?cluster=9489582464658448779&hl=en&as_sdt=1,5&sciodt=1,5&as_vis=1", "authors": "MM Louwerse, AC Graesser\u2026 - Applied Cognitive  \u2026", "excerpt": "SUMMARY Conversational agents are becoming more widespread in computer technologies but there has been little research in how humans interact with them. Two eye tracking studies investigated how humans distribute eye gaze towards conversational  ...", "url_pdf": "http://scholar.google.com/ftp://129.219.222.66/Publish/pdf/Embodied%20Conversational%20Agents%20as%20Conversational%20Partners.pdf", "num_citations": 24, "cluster_id": "9489582464658448779", "year": "2009", "url_citations": "http://scholar.google.com/scholar?cites=9489582464658448779&as_sdt=2005&sciodt=1,5&hl=en"}, {"num_versions": 15, "url_citation": null, "title": "Desirable characteristics of learning companions", "url": "http://digitalcommons.usu.edu/itls_facpub/62/", "url_versions": "http://scholar.google.com/scholar?cluster=14145057116353694396&hl=en&as_sdt=1,5&sciodt=1,5&as_vis=1", "authors": "Y Kim - International Journal of Artificial Intelligence in  \u2026", "excerpt": "Abstract This study investigated the desirable characteristics of anthropomorphized learning-companion agents for college students. First, interviews with six undergraduates explored their concepts of desirable learning companions. The interviews yielded agent  ...", "url_pdf": null, "num_citations": 38, "cluster_id": "14145057116353694396", "year": "2007", "url_citations": "http://scholar.google.com/scholar?cites=14145057116353694396&as_sdt=2005&sciodt=1,5&hl=en"}, {"num_versions": 4, "url_citation": null, "title": "Frown gives game away: affect sensitive systems for elementary mathematics", "url": "http://ieeexplore.ieee.org/xpls/abs_all.jsp?arnumber=1398265", "url_versions": "http://scholar.google.com/scholar?cluster=16804685737562361332&hl=en&as_sdt=1,5&sciodt=1,5&as_vis=1", "authors": "A Sarrafzadeh, C Fan, F Dadgostar\u2026 - Systems, Man and  \u2026", "excerpt": "Abstract-An important factor in the success of human one-to-one tutoring is the tutor's ability to identify and respond to affective cues. However, current Intelligent Tutoring Systems model students solely on their cognitive, and not affective, state. Automated facial  ...", "url_pdf": null, "num_citations": 17, "cluster_id": "16804685737562361332", "year": "2004", "url_citations": "http://scholar.google.com/scholar?cites=16804685737562361332&as_sdt=2005&sciodt=1,5&hl=en"}, {"num_versions": 7, "url_citation": null, "title": "Student\u2013student online coaching: Conceptualizing an emerging learning activity", "url": "http://www.sciencedirect.com/science/article/pii/S1096751612000218", "url_versions": "http://scholar.google.com/scholar?cluster=12865622259388436827&hl=en&as_sdt=1,5&sciodt=1,5&as_vis=1", "authors": "S Hrastinski, S Stenbom - The Internet and higher education", "excerpt": "The aim of this paper is to describe student\u2013student online coaching, defined as \u201can online service where a student gets support on a specific subject matter from a more experienced student\u201d. Student\u2013student online coaching emphasizes learning a subject matter by giving  ...", "url_pdf": null, "num_citations": 12, "cluster_id": "12865622259388436827", "year": "2013", "url_citations": "http://scholar.google.com/scholar?cites=12865622259388436827&as_sdt=2005&sciodt=1,5&hl=en"}, {"num_versions": 18, "url_citation": null, "title": "Student question-asking patterns in an intelligent algebra tutor", "url": "http://link.springer.com/chapter/10.1007/978-3-540-30139-4_43", "url_versions": "http://scholar.google.com/scholar?cluster=6680263014575589983&hl=en&as_sdt=1,5&sciodt=1,5&as_vis=1", "authors": "L Anthony, AT Corbett, AZ Wagner, SM Stevens\u2026 - Intelligent Tutoring  \u2026", "excerpt": "Abstract Cognitive Tutors are proven effective learning environments, but are still not as effective as one-on-one human tutoring. We describe an environment (ALPS) designed to engage students in question-asking during problem solving. ALPS integrates Cognitive  ...", "url_pdf": null, "num_citations": 13, "cluster_id": "6680263014575589983", "year": "2004", "url_citations": "http://scholar.google.com/scholar?cites=6680263014575589983&as_sdt=2005&sciodt=1,5&hl=en"}, {"num_versions": 14, "url_citation": null, "title": "AutoTutor: A tutor with dialogue in natural language", "url": "http://link.springer.com/article/10.3758/BF03195563", "url_versions": "http://scholar.google.com/scholar?cluster=5580421434740135723&hl=en&as_sdt=1,5&sciodt=1,5&as_vis=1", "authors": "AC Graesser, S Lu, GT Jackson, HH Mitchell\u2026 - \u2026  Methods, Instruments, & \u2026", "excerpt": "Abstract AutoTutor is a learning environment that tutors students by holding a conversation in natural language. AutoTutor has been developed for Newtonian qualitative physics and computer literacy. Its design was inspired by explanation-based constructivist theories of  ...", "url_pdf": null, "num_citations": 332, "cluster_id": "5580421434740135723", "year": "2004", "url_citations": "http://scholar.google.com/scholar?cites=5580421434740135723&as_sdt=2005&sciodt=1,5&hl=en"}, {"num_versions": 4, "url_citation": null, "title": "The impact of Why/AutoTutor on learning and retention of conceptual physics", "url": "http://link.springer.com/chapter/10.1007/978-3-540-30139-4_47", "url_versions": "http://scholar.google.com/scholar?cluster=10413214818313720274&hl=en&as_sdt=1,5&sciodt=1,5&as_vis=1", "authors": "GT Jackson, M Ventura, P Chewle\u2026 - Intelligent tutoring systems", "excerpt": "Abstract Why/AutoTutor is an intelligent tutoring system for conceptual physics that guides learning through tutorial dialog in natural language. It adapts to student contributions within dialog turns in both a conversationally appropriate and pedagogically effective manner. It  ...", "url_pdf": null, "num_citations": 9, "cluster_id": "10413214818313720274", "year": "2004", "url_citations": "http://scholar.google.com/scholar?cites=10413214818313720274&as_sdt=2005&sciodt=1,5&hl=en"}, {"num_versions": 10, "url_citation": null, "title": "DReSDeN: Towards a trainable tutorial dialogue manager to support negotiation dialogues for learning and reflection", "url": "http://link.springer.com/chapter/10.1007/978-3-540-30139-4_39", "url_versions": "http://scholar.google.com/scholar?cluster=8705977128218660092&hl=en&as_sdt=1,5&sciodt=1,5&as_vis=1", "authors": "CP Ros\u00e9, C Torrey - Intelligent Tutoring Systems", "excerpt": "Abstract This paper introduces the DReSDeN tutorial dialogue manager, which adopts a similar Issues Under Negotiation approach to that presented in Larsson [20]. Thus, the information state that is maintained in DReSDeN represents the items that are currently  ...", "url_pdf": null, "num_citations": 8, "cluster_id": "8705977128218660092", "year": "2004", "url_citations": "http://scholar.google.com/scholar?cites=8705977128218660092&as_sdt=2005&sciodt=1,5&hl=en"}, {"num_versions": 7, "url_citation": null, "title": "Human use regulatory affairs advisor (HURAA): Learning about research ethics with intelligent learning modules", "url": "http://link.springer.com/article/10.3758/BF03195569", "url_versions": "http://scholar.google.com/scholar?cluster=5758167581887740246&hl=en&as_sdt=1,5&sciodt=1,5&as_vis=1", "authors": "X Hu, AC Graesser - Behavior Research Methods, Instruments, &  \u2026", "excerpt": "Abstract The Human Use Regulatory Affairs Advisor (HURAA) is a Web-based facility that provides help and training on the ethical use of human subjects in research, based on documents and regulations in United States federal agencies. HURAA has a number of  ...", "url_pdf": null, "num_citations": 8, "cluster_id": "5758167581887740246", "year": "2004", "url_citations": "http://scholar.google.com/scholar?cites=5758167581887740246&as_sdt=2005&sciodt=1,5&hl=en"}, {"num_versions": 6, "url_citation": null, "title": "Reliability and factor structure of the attitude toward tutoring agent scale (ATTAS)", "url": "http://www.editlib.org/p/5667/", "url_versions": "http://scholar.google.com/scholar?cluster=9326563786695345630&hl=en&as_sdt=1,5&sciodt=1,5&as_vis=1", "authors": "AB Adcock, RN Van Eck - Journal of Interactive Learning Research", "excerpt": "Abstract Pedagogical agents are gaining acceptance as effective learning tools (Baylor & Ryu, 2003; Moreno, Mayer, Spires & Lester 2001; Moreno, 2004). The increase in the use of agents highlights the need for standardized measurements for evaluating user  ...", "url_pdf": null, "num_citations": 19, "cluster_id": "9326563786695345630", "year": "2005", "url_citations": "http://scholar.google.com/scholar?cites=9326563786695345630&as_sdt=2005&sciodt=1,5&hl=en"}]