[{"num_versions": 3, "url_citation": null, "title": "Exploring determinants and effects of shared responsibility in service exchanges", "url": "http://www.tandfonline.com/doi/abs/10.2753/MTP1069-6679170202", "url_versions": "http://scholar.google.com/scholar?cluster=6395279282904789343&hl=en&as_sdt=1,5&sciodt=1,5&as_vis=1", "authors": "JJ Sierra, RS Heiser, S McQuitty - Journal of Marketing Theory and  \u2026", "excerpt": "Service inseparability means that customers and service providers rely on each other for successful exchanges. Customer and employee interdependence or shared responsibility is often needed to complete a service transaction. Although shared responsibility is an  ...", "url_pdf": null, "num_citations": 29, "cluster_id": "6395279282904789343", "year": "2009", "url_citations": "http://scholar.google.com/scholar?cites=6395279282904789343&as_sdt=2005&sciodt=1,5&hl=en"}, {"num_versions": 6, "url_citation": null, "title": "Assessing reflective thinking and approaches to learning", "url": "http://www.ingentaconnect.com/content/asahp/jah/2011/00000040/00000003/art00005", "url_versions": "http://scholar.google.com/scholar?cluster=10471443297229663502&hl=en&as_sdt=1,5&sciodt=1,5&as_vis=1", "authors": "L Dunn, GM Musolino - Journal of allied health", "excerpt": "Background: Facilitation of reflective practice is critical for the ongoing demands of health care practitioners. Reflective thinking concepts, grounded in the work of Dewey and Sch\u00f6n, emphasize critical reflection to promote transformation in beliefs and learning necessary  ...", "url_pdf": null, "num_citations": 14, "cluster_id": "10471443297229663502", "year": "2011", "url_citations": "http://scholar.google.com/scholar?cites=10471443297229663502&as_sdt=2005&sciodt=1,5&hl=en"}, {"num_versions": 2, "url_citation": null, "title": "Personal and pedagogical interaction factors as determinants of academic achievement", "url": "http://www.sciencedirect.com/science/article/pii/S1877042811028692", "url_versions": "http://scholar.google.com/scholar?cluster=123325447033314881&hl=en&as_sdt=1,5&sciodt=1,5&as_vis=1", "authors": "AP Cardoso, M Ferreira, JL Abrantes, C Seabra\u2026 - Procedia-Social and  \u2026", "excerpt": "This study intends to relate self-esteem, teacher-student interaction, student-student interaction and learning performance, and its direct and indirect relationships with academic achievement. Using a sample of about 2000 Portuguese high school students, a structural  ...", "url_pdf": null, "num_citations": 8, "cluster_id": "123325447033314881", "year": "2011", "url_citations": "http://scholar.google.com/scholar?cites=123325447033314881&as_sdt=2005&sciodt=1,5&hl=en"}, {"num_versions": 9, "url_citation": null, "title": "Making our students more 'fit for purpose': a commentary on 'A role for the compulsory study of literature in accounting education'", "url": "http://www.tandfonline.com/doi/full/10.1080/09639280903285847", "url_versions": "http://scholar.google.com/scholar?cluster=10886887398632011181&hl=en&as_sdt=1,5&sciodt=1,5&as_vis=1", "authors": "A Sangster -", "excerpt": "Lister, in his 2010 paper, questions whether The Arts\u2014surely The Liberal Arts?\u2014and, in particular, Literature (from the 'modern'as opposed to the classical Liberal Arts) can '... make our graduates truly \u201cmarketable\u201d people and less impoverished human beings.'He  ...", "url_pdf": null, "num_citations": 3, "cluster_id": "10886887398632011181", "year": "2010", "url_citations": "http://scholar.google.com/scholar?cites=10886887398632011181&as_sdt=2005&sciodt=1,5&hl=en"}, {"num_versions": 11, "url_citation": null, "title": "Action research and reflection on student approaches to learning in large first year university classes", "url": "http://link.springer.com/article/10.1007/BF03246292", "url_versions": "http://scholar.google.com/scholar?cluster=12166270147843241558&hl=en&as_sdt=1,5&sciodt=1,5&as_vis=1", "authors": "C Herington, S Weaven - The Australian Educational Researcher", "excerpt": "Abstract This paper presents an action research approach to exploring methods of improving the learning styles and outcomes of first year university students within large class environments. The genesis of this project stemmed from an observation that entire tutorial  ...", "url_pdf": null, "num_citations": 31, "cluster_id": "12166270147843241558", "year": "2008", "url_citations": "http://scholar.google.com/scholar?cites=12166270147843241558&as_sdt=2005&sciodt=1,5&hl=en"}, {"num_versions": 4, "url_citation": null, "title": "An evaluation of alternative ways of computing the creativity quotient in a design school sample", "url": "http://www.tandfonline.com/doi/abs/10.1080/10400419.2013.813811", "url_versions": "http://scholar.google.com/scholar?cluster=11886711286343003934&hl=en&as_sdt=1,5&sciodt=1,5&as_vis=1", "authors": "GJM Lucas, A Wijst, PL Cur\u015feu\u2026 - Creativity Research  \u2026", "excerpt": "Certain educational programs and jobs require selecting individuals based on their creativity. Tests of creativity are commonly based on divergent thinking tasks. The scoring of the ideational output of such tasks should ideally be done based on fluency (the number  ...", "url_pdf": null, "num_citations": 1, "cluster_id": "11886711286343003934", "year": "2013", "url_citations": "http://scholar.google.com/scholar?cites=11886711286343003934&as_sdt=2005&sciodt=1,5&hl=en"}, {"num_versions": 3, "url_citation": null, "title": "The Use of Blogging in Tertiary Healthcare Educational Settings to Enhance Reflective Learning in Nursing Leadership", "url": "http://journals.lww.com/jnsdonline/Abstract/2014/11000/The_Use_of_Blogging_in_Tertiary_Healthcare.4.aspx", "url_versions": "http://scholar.google.com/scholar?cluster=12600195529873541241&hl=en&as_sdt=1,5&sciodt=1,5&as_vis=1", "authors": "TC Levine - Journal for nurses in professional development", "excerpt": "Abstract Web 2.0 technologies such as blogs are increasingly used in academic settings; however, they are not widely used in hospital settings. This project explored the effectiveness of using a blog to enhance reflective learning in a nurse manager leadership  ...", "url_pdf": null, "num_citations": 1, "cluster_id": "12600195529873541241", "year": "2014", "url_citations": "http://scholar.google.com/scholar?cites=12600195529873541241&as_sdt=2005&sciodt=1,5&hl=en"}, {"num_versions": 3, "url_citation": null, "title": "The educational practices construct of the NLN/Jeffries simulation framework: State of the science", "url": "http://www.sciencedirect.com/science/article/pii/S1876139913000765", "url_versions": "http://scholar.google.com/scholar?cluster=16238250201777941740&hl=en&as_sdt=1,5&sciodt=1,5&as_vis=1", "authors": "BF Hallmark, CM Thomas, L Gantt - Clinical Simulation in Nursing", "excerpt": "Abstract In June 2011 three independent nurse researchers were charged with the task of reviewing the NLN/Jeffries (2007) Simulation Framework, specifically, the educational practices construct. This was done in an effort to define and enhance the major constructs  ...", "url_pdf": null, "num_citations": 4, "cluster_id": "16238250201777941740", "year": "2014", "url_citations": "http://scholar.google.com/scholar?cites=16238250201777941740&as_sdt=2005&sciodt=1,5&hl=en"}, {"num_versions": 3, "url_citation": null, "title": "The influence of new product characteristics on rate of adoption: Increasing student comprehension with the Bidding for Buyers game", "url": "http://jmd.sagepub.com/content/early/2012/07/06/0273475312455648.abstract", "url_versions": "http://scholar.google.com/scholar?cluster=5923221350639343521&hl=en&as_sdt=1,5&sciodt=1,5&as_vis=1", "authors": "BA Vander Schee - Journal of Marketing Education", "excerpt": "Abstract The five characteristics that influence new product rate of adoption are routinely covered in the Principles of Marketing course. Any particular marketing concept such as relative advantage, compatibility, complexity, divisibility, and communicability may not  ...", "url_pdf": null, "num_citations": 5, "cluster_id": "5923221350639343521", "year": "2012", "url_citations": "http://scholar.google.com/scholar?cites=5923221350639343521&as_sdt=2005&sciodt=1,5&hl=en"}, {"num_versions": 5, "url_citation": null, "title": "A role for the compulsory study of literature in accounting education", "url": "http://www.tandfonline.com/doi/abs/10.1080/09639280903285920", "url_versions": "http://scholar.google.com/scholar?cluster=7057614332245611834&hl=en&as_sdt=1,5&sciodt=1,5&as_vis=1", "authors": "RJ Lister - Accounting Education: an international journal", "excerpt": "Literature can make a multi-faceted contribution to higher education\u2014especially in a highly vocational field of study such as accounting. Such fields suffer particular pressure to impart 'marketable skills' in response to student demand, governments, and the professional  ...", "url_pdf": null, "num_citations": 22, "cluster_id": "7057614332245611834", "year": "2010", "url_citations": "http://scholar.google.com/scholar?cites=7057614332245611834&as_sdt=2005&sciodt=1,5&hl=en"}, {"num_versions": 3, "url_citation": null, "title": "What kind of reflection do we need in public management?", "url": "http://tpa.sagepub.com/content/early/2013/04/12/0144739413479199.abstract", "url_versions": "http://scholar.google.com/scholar?cluster=17955533560207058441&hl=en&as_sdt=1,5&sciodt=1,5&as_vis=1", "authors": "M Knassm\u00fcller, RE Meyer - Teaching Public Administration", "excerpt": "Abstract In a rapidly changing and increasingly complex environment, the importance of reflection for public managers has been acknowledged almost unanimously by academics as well as practitioners. In this article we highlight the necessity to look at reflection in a  ...", "url_pdf": null, "num_citations": 2, "cluster_id": "17955533560207058441", "year": "2013", "url_citations": "http://scholar.google.com/scholar?cites=17955533560207058441&as_sdt=2005&sciodt=1,5&hl=en"}, {"num_versions": 3, "url_citation": null, "title": "Student performance problems in medical school clinical skills assessments", "url": "http://journals.lww.com/academicmedicine/Abstract/2007/10001/Student_Performance_Problems_in_Medical_School.19.aspx", "url_versions": "http://scholar.google.com/scholar?cluster=13584078654819961485&hl=en&as_sdt=1,5&sciodt=1,5&as_vis=1", "authors": "KE Hauer, A Teherani, KM Kerr, PS O'Sullivan\u2026 - Academic  \u2026", "excerpt": "Background: Though most medical schools administer comprehensive clinical skills assessments to identify students who have not achieved competence, the types of problems uncovered by these exams have not been characterized. Method: The authors interviewed  ...", "url_pdf": null, "num_citations": 36, "cluster_id": "13584078654819961485", "year": "2007", "url_citations": "http://scholar.google.com/scholar?cites=13584078654819961485&as_sdt=2005&sciodt=1,5&hl=en"}, {"num_versions": 4, "url_citation": null, "title": "Metacognition and transfer: Keys to improving marketing education", "url": "http://jmd.sagepub.com/content/29/1/18.short", "url_versions": "http://scholar.google.com/scholar?cluster=5984943929120307422&hl=en&as_sdt=1,5&sciodt=1,5&as_vis=1", "authors": "SP Ramocki - Journal of marketing Education", "excerpt": "Abstract A primary purpose of marketing education is to prepare students to perform throughout their careers, and performance largely relies on transferability of knowledge. It has been demonstrated that training in metacognition, along with emphasis on transfer,  ...", "url_pdf": null, "num_citations": 20, "cluster_id": "5984943929120307422", "year": "2007", "url_citations": "http://scholar.google.com/scholar?cites=5984943929120307422&as_sdt=2005&sciodt=1,5&hl=en"}, {"num_versions": 4, "url_citation": null, "title": "Blogging foR Reflection: the use of online JouRnals to engage students in Reflective leaRning", "url": "http://www.tandfonline.com/doi/abs/10.2753/MER1052-8008240202", "url_versions": "http://scholar.google.com/scholar?cluster=16560825087896518247&hl=en&as_sdt=1,5&sciodt=1,5&as_vis=1", "authors": "JA Muncy - Marketing Education Review", "excerpt": "Reflective learning has long been studied in many disciplines. A primary way that reflective learning has been taught is through journaling. With the advent of e-learning, journaling has moved to the Web in the form of blogs. The current paper reviews the current state of  ...", "url_pdf": null, "num_citations": 3, "cluster_id": "16560825087896518247", "year": "2014", "url_citations": "http://scholar.google.com/scholar?cites=16560825087896518247&as_sdt=2005&sciodt=1,5&hl=en"}, {"num_versions": 5, "url_citation": null, "title": "The agony and the ecstasy: Teaching marketing metrics to undergraduate business students", "url": "http://www.tandfonline.com/doi/abs/10.2753/MER1052-8008210102", "url_versions": "http://scholar.google.com/scholar?cluster=7503491881082343048&hl=en&as_sdt=1,5&sciodt=1,5&as_vis=1", "authors": "JL Saber, MK Foster - Marketing Education Review", "excerpt": "The marketing department of a large business school introduced a new undergraduate course, marketing metrics and analysis. The main materials for this course consisted of a series of online spreadsheets with embedded text and practice problems, a 32-page  ...", "url_pdf": null, "num_citations": 7, "cluster_id": "7503491881082343048", "year": "2011", "url_citations": "http://scholar.google.com/scholar?cites=7503491881082343048&as_sdt=2005&sciodt=1,5&hl=en"}, {"num_versions": 2, "url_citation": null, "title": "Professional development: Reflective genetic counseling practice", "url": "http://scholar.google.com/https://books.google.com/books?hl=en&lr=&id=aRiZ1t-uaBQC&oi=fnd&pg=PA353&ots=OfnCtVp3IW&sig=qSkknkS1cCEKBrB2W7Qs9grc5RE", "url_versions": "http://scholar.google.com/scholar?cluster=13168235529468315825&hl=en&as_sdt=1,5&sciodt=1,5&as_vis=1", "authors": "KW Zahm - Genetic counseling practice: Advanced concepts and \u2026", "excerpt": "CHAPTER 14 PROFESSIONAL DEVELOPMENT: REFLECTIVE GENETIC COUNSELING PRACTICE KIMBERLY W. ZAHM OBJECTIVES De\ufb01ne re\ufb02ective practice and its relevance to genetic counseling. Establish the importance of re\ufb02ective practice to ongoing genetic counselor  ... ", "url_pdf": null, "num_citations": 6, "cluster_id": "13168235529468315825", "year": "2010", "url_citations": "http://scholar.google.com/scholar?cites=13168235529468315825&as_sdt=2005&sciodt=1,5&hl=en"}, {"num_versions": 6, "url_citation": null, "title": "Positioning theory and practice question (s) within the field of management learning", "url": "http://mlq.sagepub.com/content/44/2/144.short", "url_versions": "http://scholar.google.com/scholar?cluster=12895015976678072223&hl=en&as_sdt=1,5&sciodt=1,5&as_vis=1", "authors": "L Perriton, V Hodgson - Management Learning", "excerpt": "Abstract In this paper we argue that management learning, as a field of study, has different choices to make than mainstream management research in its conceptualization and treatment of theory/practice. We believe that management learning as a field of practice\u2013 ...", "url_pdf": null, "num_citations": 6, "cluster_id": "12895015976678072223", "year": "2013", "url_citations": "http://scholar.google.com/scholar?cites=12895015976678072223&as_sdt=2005&sciodt=1,5&hl=en"}, {"num_versions": 2, "url_citation": null, "title": "Enhancing critical thinking by teaching two distinct approaches to management", "url": "http://www.tandfonline.com/doi/abs/10.1080/08832323.2011.627891", "url_versions": "http://scholar.google.com/scholar?cluster=611087724753924640&hl=en&as_sdt=1,5&sciodt=1,5&as_vis=1", "authors": "B Dyck, K Walker, FA Starke\u2026 - Journal of Education for  \u2026", "excerpt": "The authors explore the effect on students' critical thinking of teaching only one approach to management versus teaching two approaches to management. Results from a quasiexperiment\u2014which included a survey, interviews, and case analysis\u2014suggest that  ...", "url_pdf": null, "num_citations": 2, "cluster_id": "611087724753924640", "year": "2012", "url_citations": "http://scholar.google.com/scholar?cites=611087724753924640&as_sdt=2005&sciodt=1,5&hl=en"}, {"num_versions": 3, "url_citation": null, "title": "Taking care of others-what's in it for us? Exploring workplace-related health from a salutogenic perspective in a nursing context", "url": "http://lup.lub.lu.se/record/1729813", "url_versions": "http://scholar.google.com/scholar?cluster=14789956818059720258&hl=en&as_sdt=1,5&sciodt=1,5&as_vis=1", "authors": "\u00c5 Brings\u00e9n -", "excerpt": "The aim was to explore and make sense of a salutogenic relationship between workplace, work and health, through an employee perspective in a Swedish nursing context. The aim was also to make sense of the role of a workplace health promotion (WHP) process, in a  ...", "url_pdf": null, "num_citations": 5, "cluster_id": "14789956818059720258", "year": "2010", "url_citations": "http://scholar.google.com/scholar?cites=14789956818059720258&as_sdt=2005&sciodt=1,5&hl=en"}, {"num_versions": 24, "url_citation": null, "title": "Negotiating the deal: using technology to reach the Millennials", "url": "http://mobile.www.aabri.com/manuscripts/111063.pdf", "url_versions": "http://scholar.google.com/scholar?cluster=7925514970605679116&hl=en&as_sdt=1,5&sciodt=1,5&as_vis=1", "authors": "R Papp, E Matulich - Journal of Behavioral Studies in  \u2026", "excerpt": "Abstract \u201cLet's Make a Deal,\u201d a popular game show when Baby Boomers were in college, has become the mantra of the Millennial generation, much to the chagrin of their instructors and parents. Millennials are constantly looking for \u201cthe deal\u201d and wanting to know WIIFM ( ...", "url_pdf": "http://mobile.www.aabri.com/manuscripts/111063.pdf", "num_citations": 6, "cluster_id": "7925514970605679116", "year": "2011", "url_citations": "http://scholar.google.com/scholar?cites=7925514970605679116&as_sdt=2005&sciodt=1,5&hl=en"}, {"num_versions": 7, "url_citation": null, "title": "Engaging marketing students: Student operated businesses in a simulated world", "url": "http://jmd.sagepub.com/content/early/2010/08/23/0273475310377758.abstract", "url_versions": "http://scholar.google.com/scholar?cluster=4563216994277171192&hl=en&as_sdt=1,5&sciodt=1,5&as_vis=1", "authors": "R Russell-Bennett, SR Rundle-Thiele\u2026 - Journal of Marketing  \u2026", "excerpt": "Abstract Engaged students are committed and more likely to continue their university studies. Subsequently, they are less resource intensive from a university's perspective. This article details an experiential second-year marketing course that requires students to  ...", "url_pdf": null, "num_citations": 7, "cluster_id": "4563216994277171192", "year": "2010", "url_citations": "http://scholar.google.com/scholar?cites=4563216994277171192&as_sdt=2005&sciodt=1,5&hl=en"}, {"num_versions": 5, "url_citation": null, "title": "A role for compulsory study of fine literature in accounting, finance and management education", "url": "http://usir.salford.ac.uk/id/eprint/1723", "url_versions": "http://scholar.google.com/scholar?cluster=7775514535630142959&hl=en&as_sdt=1,5&sciodt=1,5&as_vis=1", "authors": "RJ Lister - Accounting Education", "excerpt": "Fine literature offers a multifaceted contribution to higher education in all fields, especially vocational subjects and particularly-within vocational subjects-in accounting, finance and management. In a field which suffers unduly from pressure to impart 'marketable skills'  ...", "url_pdf": null, "num_citations": 0, "cluster_id": null, "year": "2008", "url_citations": null}, {"num_versions": 3, "url_citation": null, "title": "Estudo etnometodol\u00f3gico da cocria\u00e7\u00e3o de valor no ensino superior privado de administra\u00e7\u00e3o com base na l\u00f3gica dominante do servi\u00e7o em marketing", "url": "http://revistabrasileiramarketing.org/ojs-2.2.4/index.php/remark/article/viewArticle/2369", "url_versions": "http://scholar.google.com/scholar?cluster=10653576286644739401&hl=en&as_sdt=1,5&sciodt=1,5&as_vis=1", "authors": "FR Brambilla, C Damacena - \u2026  de Marketing e- \u2026", "excerpt": "Resumo Cocria\u00e7\u00e3o de valor \u00e9 pr\u00e1tica imperativa no ambiente do servi\u00e7o. Em certos casos \u00e9 uma condi\u00e7\u00e3o de qualidade, e em outros, imprescind\u00edvel, como na educa\u00e7\u00e3o. Entender a educa\u00e7\u00e3o como encontro de servi\u00e7o n\u00e3o significa reduzir a import\u00e2ncia desta atividade.  ...", "url_pdf": null, "num_citations": 3, "cluster_id": "10653576286644739401", "year": "2012", "url_citations": "http://scholar.google.com/scholar?cites=10653576286644739401&as_sdt=2005&sciodt=1,5&hl=en"}, {"num_versions": 3, "url_citation": null, "title": "Assessing student teachers' reflective writing through quantitative content analysis", "url": "http://www.tandfonline.com/doi/abs/10.1080/02619768.2014.892479", "url_versions": "http://scholar.google.com/scholar?cluster=1575737541162228508&hl=en&as_sdt=1,5&sciodt=1,5&as_vis=1", "authors": "E Poldner, M Van der Schaaf, PRJ Simons\u2026 - European Journal of  \u2026", "excerpt": "Students' reflective essay writing can be stimulated by the formative assessments provided to them by their teachers. Such assessments contain information about the quality of students' reflective writings and offer suggestions for improvement. Despite the importance  ...", "url_pdf": null, "num_citations": 2, "cluster_id": "1575737541162228508", "year": "2014", "url_citations": "http://scholar.google.com/scholar?cites=1575737541162228508&as_sdt=2005&sciodt=1,5&hl=en"}, {"num_versions": 2, "url_citation": null, "title": "Don't Throw Out the Baby With the Bathwater Verbal Repetition, Mnemonics, and Active Learning", "url": "http://jmd.sagepub.com/content/30/3/207.short", "url_versions": "http://scholar.google.com/scholar?cluster=10224479137922247275&hl=en&as_sdt=1,5&sciodt=1,5&as_vis=1", "authors": "JL Saber, RD Johnson - Journal of Marketing Education", "excerpt": "Abstract The effectiveness of using verbal repetition and first-letter acronyms to teach a common marketing framework was examined in two experiments. In Experiment 1, 345 undergraduate students were exposed to the framework using one of four conditions:  ...", "url_pdf": null, "num_citations": 10, "cluster_id": "10224479137922247275", "year": "2008", "url_citations": "http://scholar.google.com/scholar?cites=10224479137922247275&as_sdt=2005&sciodt=1,5&hl=en"}, {"num_versions": 3, "url_citation": null, "title": "Quantitative content analysis procedures to analyse students' reflective essays: A methodological review of psychometric and edumetric aspects", "url": "http://www.sciencedirect.com/science/article/pii/S1747938X11000480", "url_versions": "http://scholar.google.com/scholar?cluster=664561855009947460&hl=en&as_sdt=1,5&sciodt=1,5&as_vis=1", "authors": "E Poldner, PRJ Simons, G Wijngaards\u2026 - Educational Research  \u2026", "excerpt": "Reflective essays are a common way to develop higher education students' reflection ability. Researchers frequently analyse reflective essays based on quantitative content analysis procedures (QCA). However, the quality criteria that should be met in QCA are not  ...", "url_pdf": null, "num_citations": 11, "cluster_id": "664561855009947460", "year": "2012", "url_citations": "http://scholar.google.com/scholar?cites=664561855009947460&as_sdt=2005&sciodt=1,5&hl=en"}, {"num_versions": 4, "url_citation": null, "title": "Enhancing the relevance and value of marketing curriculum outcomes to a liberal arts education", "url": "http://jmd.sagepub.com/content/29/1/39.short", "url_versions": "http://scholar.google.com/scholar?cluster=17324726271493794361&hl=en&as_sdt=1,5&sciodt=1,5&as_vis=1", "authors": "E Petkus - Journal of Marketing Education", "excerpt": "Abstract Could marketing coursework be part of the general education requirements for all college students? This article describes the ways in which the professional school marketing curriculum model (Schibrowsky, Peltier, & Boyt, 2002) can complement and enhance  ...", "url_pdf": null, "num_citations": 18, "cluster_id": "17324726271493794361", "year": "2007", "url_citations": "http://scholar.google.com/scholar?cites=17324726271493794361&as_sdt=2005&sciodt=1,5&hl=en"}, {"num_versions": 3, "url_citation": null, "title": "Elements of reflective and non-reflective discourse in an online induction program for experienced and novice science teachers", "url": "http://scholarworks.montana.edu/xmlui/handle/1/1242", "url_versions": "http://scholar.google.com/scholar?cluster=3314437731885232068&hl=en&as_sdt=1,5&sciodt=1,5&as_vis=1", "authors": "BL Farrar -", "excerpt": "Reflection is frequently cited in the literature as integral to the type of learning in which professionals engage. However, throughout the literature the concept of reflection has been ill-defined and shown to be difficult to operationalize in studies. Beginning with a  ...", "url_pdf": null, "num_citations": 2, "cluster_id": "3314437731885232068", "year": "2009", "url_citations": "http://scholar.google.com/scholar?cites=3314437731885232068&as_sdt=2005&sciodt=1,5&hl=en"}, {"num_versions": 5, "url_citation": null, "title": "Creating an interactive and responsive teaching environment to inspire learning", "url": "http://jmd.sagepub.com/content/early/2008/05/19/0273475308318075.abstract", "url_versions": "http://scholar.google.com/scholar?cluster=8654015147914825567&hl=en&as_sdt=1,5&sciodt=1,5&as_vis=1", "authors": "A Paladino - Journal of Marketing Education", "excerpt": "Abstract Teaching students to understand, disable, and solve problems is one of the largest challenges educators face in undergraduate marketing education. My teaching philosophy is centered on the creation of an interactive learning environment. This encompasses  ...", "url_pdf": null, "num_citations": 31, "cluster_id": "8654015147914825567", "year": "2008", "url_citations": "http://scholar.google.com/scholar?cites=8654015147914825567&as_sdt=2005&sciodt=1,5&hl=en"}, {"num_versions": 5, "url_citation": null, "title": "Factors associated with customer orientation and nursing productivity", "url": "http://synapse.koreamed.org/DOIx.php?id=10.11111/jkana.2014.20.2.167", "url_versions": "http://scholar.google.com/scholar?cluster=5531499327140644514&hl=en&as_sdt=1,5&sciodt=1,5&as_vis=1", "authors": "AR Yeo, H Lee, H Jin - Journal of Korean Academy of  \u2026", "excerpt": "Purpose The purpose of this study was to identify the levels of customer orientation in nurses whose work experience was between 1 and 5 years and to examine factors associated with customer orientation and nursing productivity. Methods For this descriptive correlational  ...", "url_pdf": null, "num_citations": 2, "cluster_id": "5531499327140644514", "year": "2014", "url_citations": "http://scholar.google.com/scholar?cites=5531499327140644514&as_sdt=2005&sciodt=1,5&hl=en"}, {"num_versions": 6, "url_citation": null, "title": "Reflective personality: Identifying cognitive style and cognitive complexity", "url": "http://link.springer.com/article/10.1007/s12144-013-9166-5", "url_versions": "http://scholar.google.com/scholar?cluster=13266275563922444291&hl=en&as_sdt=1,5&sciodt=1,5&as_vis=1", "authors": "ICM van Seggelen-Damen - Current Psychology", "excerpt": "Abstract Categorized among learning practices, reflection involves cognitive processing. Some people say they reflect often, whereas others claim they are less inclined to reflect on a regular basis. The present study examines reflection in an academic learning setting. In  ...", "url_pdf": null, "num_citations": 3, "cluster_id": "13266275563922444291", "year": "2013", "url_citations": "http://scholar.google.com/scholar?cites=13266275563922444291&as_sdt=2005&sciodt=1,5&hl=en"}, {"num_versions": 3, "url_citation": null, "title": "Historical perspectives in marketing education: justification and implementation", "url": "http://jmd.sagepub.com/content/early/2009/05/06/0273475309335587.abstract", "url_versions": "http://scholar.google.com/scholar?cluster=7477410351056064924&hl=en&as_sdt=1,5&sciodt=1,5&as_vis=1", "authors": "E Petkus - Journal of Marketing Education", "excerpt": "Abstract This article provides a justification and an implementation plan for the establishment of a historical orientation across the undergraduate marketing curriculum. The justification for the historical perspective addresses three areas: tapping into the extensive  ...", "url_pdf": null, "num_citations": 5, "cluster_id": "7477410351056064924", "year": "2009", "url_citations": "http://scholar.google.com/scholar?cites=7477410351056064924&as_sdt=2005&sciodt=1,5&hl=en"}, {"num_versions": 10, "url_citation": null, "title": "A comparison of students' reflective thinking across different years in a problem-based learning environment", "url": "http://link.springer.com/article/10.1007/s11251-009-9123-8", "url_versions": "http://scholar.google.com/scholar?cluster=11148575466518802271&hl=en&as_sdt=1,5&sciodt=1,5&as_vis=1", "authors": "LAYL Lim - Instructional Science", "excerpt": "Abstract Problem-based learning (PBL) is a constructivist approach to learning which is believed to promote reflective thinking in students. This study investigated how students in one particular institution developed in their reflective thinking habits\u2014Habitual Action,  ...", "url_pdf": null, "num_citations": 24, "cluster_id": "11148575466518802271", "year": "2011", "url_citations": "http://scholar.google.com/scholar?cites=11148575466518802271&as_sdt=2005&sciodt=1,5&hl=en"}, {"num_versions": 4, "url_citation": null, "title": "Structures for facilitating student reflection", "url": "http://www.tandfonline.com/doi/abs/10.3200/CTCH.57.1.15-22", "url_versions": "http://scholar.google.com/scholar?cluster=3725985787743979374&hl=en&as_sdt=1,5&sciodt=1,5&as_vis=1", "authors": "R Grossman - College Teaching", "excerpt": "The goal of this article is to describe a continuum of levels of reflection. It briefly focuses on Deanna Kuhn's research into the development of scientific thinking and Robert Kegan's Object-Subject Theory of Development applied to the problems of inspiring students to be  ...", "url_pdf": null, "num_citations": 74, "cluster_id": "3725985787743979374", "year": "2009", "url_citations": "http://scholar.google.com/scholar?cites=3725985787743979374&as_sdt=2005&sciodt=1,5&hl=en"}, {"num_versions": 4, "url_citation": null, "title": "The curiosity in marketing thinking", "url": "http://jmd.sagepub.com/content/29/1/52.short", "url_versions": "http://scholar.google.com/scholar?cluster=3852600107458084183&hl=en&as_sdt=1,5&sciodt=1,5&as_vis=1", "authors": "ME Hill, J McGinnis - Journal of Marketing Education", "excerpt": "Abstract This article identifies the curiosity in marketing thinking and offers ways to teach for marketing thinking through an environment that fosters students' curiosity. The significance of curiosity in its relationship with thinking is that when curiosity is absent, so is thinking.  ...", "url_pdf": null, "num_citations": 18, "cluster_id": "3852600107458084183", "year": "2007", "url_citations": "http://scholar.google.com/scholar?cites=3852600107458084183&as_sdt=2005&sciodt=1,5&hl=en"}, {"num_versions": 2, "url_citation": null, "title": "Catch it if you can: How contagious motivation improves group projects and course satisfaction", "url": "http://jmd.sagepub.com/content/early/2013/07/18/0273475313495857.abstract", "url_versions": "http://scholar.google.com/scholar?cluster=12301724508342264682&hl=en&as_sdt=1,5&sciodt=1,5&as_vis=1", "authors": "AS Krishen - Journal of Marketing Education", "excerpt": "Abstract This article proposes a theory-based contagious motivation model focusing on enhancing student perceptions of group projects and ultimately course satisfaction. Moreover, drawing from both pedagogical and organizational behavior literatures, a  ...", "url_pdf": null, "num_citations": 4, "cluster_id": "12301724508342264682", "year": "2013", "url_citations": "http://scholar.google.com/scholar?cites=12301724508342264682&as_sdt=2005&sciodt=1,5&hl=en"}, {"num_versions": 0, "url_citation": null, "title": "MOKYMOSI LYGI\u0172 \u012eVAIROV\u0116 KAIP REFLEKTYVAUS UGDYMO AUK\u0160TOJOJE MOKYKLOJE PRIELAIDA.", "url": "http://search.ebscohost.com/login.aspx?direct=true&profile=ehost&scope=site&authtype=crawler&jrnl=1392639X&AN=36875824&h=rRHsnvm3qbWZ7aLp5b99fTo4l3W%2BEIXd%2FTWZadXQGren5No0AfBcpUdpUdasSd7SZ%2BKYw3HdpTFqEXJxK0lo7w%3D%3D&crl=c", "url_versions": null, "authors": "R Bubnys - Educational Psychology/Ugdymo psichologija", "excerpt": "\u0160iauli\u0173 universitetas joms spr\u0119sti. Antra, \u012fpro\u010di\u0173 reflektuoti tobulinimas\u2013tai bus labai reikalinga ir svarbu tapus patyrusiais savo profesin\u0117s veiklos specialistais (Calderhead, Gates, 1993). Taigi reflektyvumas\u2013vienas b\u016btin\u0173 geb\u0117jim\u0173 mokantis mokytis. Refleksija/ ...", "url_pdf": null, "num_citations": 7, "cluster_id": "3869070681825576323", "year": "2007", "url_citations": "http://scholar.google.com/scholar?cites=3869070681825576323&as_sdt=2005&sciodt=1,5&hl=en"}, {"num_versions": 4, "url_citation": null, "title": "Impact of psychological hardiness and self-monitoring on teacher burnout", "url": "http://dergipark.ulakbim.gov.tr/hunefd/article/download/5000048239/5000045559", "url_versions": "http://scholar.google.com/scholar?cluster=14851871194294756031&hl=en&as_sdt=1,5&sciodt=1,5&as_vis=1", "authors": "H Erkutlu - Hacettepe \u00dcniversitesi E\u011fitim Fak\u00fcltesi Dergisi", "excerpt": "\u00d6ZET: Bu \u00e7al\u0131\u015fman\u0131n amac\u0131 psikolojik dayan\u0131kl\u0131l\u0131k ve \u00f6z-izlemenin \u00f6rg\u00fctsel politika ve \u00e7al\u0131\u015fan\u0131n t\u00fckenmi\u015fli\u011fi aras\u0131ndaki ili\u015fkideki d\u00fczenleyici rollerini ara\u015ft\u0131rmakt\u0131r. Bu \u00e7al\u0131\u015fman\u0131n \u00f6rneklemini 2010-2011 ilkbahar d\u00f6neminde Ankara, \u0130stanbul, Adana, Antalya, Samsun,  ...", "url_pdf": null, "num_citations": 4, "cluster_id": "14851871194294756031", "year": "2012", "url_citations": "http://scholar.google.com/scholar?cites=14851871194294756031&as_sdt=2005&sciodt=1,5&hl=en"}, {"num_versions": 7, "url_citation": null, "title": "Leadership of learning and reflective practice: An exploratory study of nursing managers", "url": "http://mlq.sagepub.com/content/43/5/609.short", "url_versions": "http://scholar.google.com/scholar?cluster=15589775500689430996&hl=en&as_sdt=1,5&sciodt=1,5&as_vis=1", "authors": "M Matsuo - Management Learning", "excerpt": "Abstract Although the role of leadership has been emphasized in facilitating learning in the workplace, there is limited systematic research directly linked to leadership and learning. This study investigated the characteristics of leadership behaviors that facilitate workplace  ...", "url_pdf": null, "num_citations": 18, "cluster_id": "15589775500689430996", "year": "2012", "url_citations": "http://scholar.google.com/scholar?cites=15589775500689430996&as_sdt=2005&sciodt=1,5&hl=en"}, {"num_versions": 12, "url_citation": null, "title": "TELL ME SOME MORE: EXPLORING HOW VERBAL ABILITY AND ITEM VERIFIABILITY INFLUENCE RESPONSES TO BIODATA QUESTIONS IN A HIGH\u2010STAKES  \u2026", "url": "http://onlinelibrary.wiley.com/doi/10.1111/j.1744-6570.2012.01245.x/full", "url_versions": "http://scholar.google.com/scholar?cluster=4380994306577210684&hl=en&as_sdt=1,5&sciodt=1,5&as_vis=1", "authors": "J Levashina, FP Morgeson\u2026 - Personnel  \u2026", "excerpt": "Although self-rated or self-scored selection measures are commonly used in selection contexts, they are potentially susceptible to applicant response distortion or faking. The response elaboration technique (RET), which requires job applicants to provide  ...", "url_pdf": null, "num_citations": 7, "cluster_id": "4380994306577210684", "year": "2012", "url_citations": "http://scholar.google.com/scholar?cites=4380994306577210684&as_sdt=2005&sciodt=1,5&hl=en"}, {"num_versions": 4, "url_citation": null, "title": "The MBA capstone course: Building theoretical, practical, applied, and reflective Skills", "url": "http://jme.sagepub.com/content/early/2013/01/29/1052562912474895.abstract", "url_versions": "http://scholar.google.com/scholar?cluster=17249871956853277138&hl=en&as_sdt=1,5&sciodt=1,5&as_vis=1", "authors": "SN Inamdar, M Roldan - Journal of Management Education", "excerpt": "Abstract The capstone strategy course is used in many management education programs to provide practical business relevance as a means for students to transition to the business world. We conducted an empirical study to determine to what extent capstone strategy  ...", "url_pdf": null, "num_citations": 5, "cluster_id": "17249871956853277138", "year": "2013", "url_citations": "http://scholar.google.com/scholar?cites=17249871956853277138&as_sdt=2005&sciodt=1,5&hl=en"}, {"num_versions": 5, "url_citation": null, "title": "The use of team-based learning as an approach to increased engagement and learning for marketing students: A case study", "url": "http://jmd.sagepub.com/content/early/2012/06/28/0273475312450388.abstract", "url_versions": "http://scholar.google.com/scholar?cluster=16212428675933622366&hl=en&as_sdt=1,5&sciodt=1,5&as_vis=1", "authors": "P Chad - Journal of Marketing Education", "excerpt": "Abstract Marketing educators are often faced with poor preclass preparation by students, declining student interest in attending classes as the semester progresses, and student complaints regarding previous bad experiences with team assessment activities. Team- ...", "url_pdf": null, "num_citations": 12, "cluster_id": "16212428675933622366", "year": "2012", "url_citations": "http://scholar.google.com/scholar?cites=16212428675933622366&as_sdt=2005&sciodt=1,5&hl=en"}, {"num_versions": 6, "url_citation": null, "title": "What Is the Impact of Online Resource Materials on Student Self-Learning Strategies?", "url": "http://jmd.sagepub.com/content/33/2/140.short", "url_versions": "http://scholar.google.com/scholar?cluster=15470270562722458813&hl=en&as_sdt=1,5&sciodt=1,5&as_vis=1", "authors": "DJ Dowell, FA Small - Journal of Marketing Education", "excerpt": "Abstract The purpose of this article is to examine how students are incorporating online resources into their self-regulated learning strategies. The process of developing these learning strategies and the importance of these strategies has been widely researched,  ...", "url_pdf": null, "num_citations": 6, "cluster_id": "15470270562722458813", "year": "2011", "url_citations": "http://scholar.google.com/scholar?cites=15470270562722458813&as_sdt=2005&sciodt=1,5&hl=en"}]