[{"num_versions": 16, "url_citation": null, "title": "Pioneering in Ethics Teaching: The Case of Management Accounting in Universities in the British Usles", "url": "http://link.springer.com/article/10.1023/A:1016143911361", "url_versions": "http://scholar.google.com/scholar?cluster=5648616827181683559&hl=en&as_sdt=1,5&sciodt=1,5&as_vis=1", "authors": "R Bampton, CJ Cowton - Teaching Business Ethics", "excerpt": "Abstract Relatively little is currently known about thecoverage of ethical issues in the accountingcurriculum. This paper reports on the resultsof a questionnaire survey of universityacademics in the British Isles which found thata significant minority of  ...", "url_pdf": null, "num_citations": 23, "cluster_id": "5648616827181683559", "year": "2002", "url_citations": "http://scholar.google.com/scholar?cites=5648616827181683559&as_sdt=2005&sciodt=1,5&hl=en"}, {"num_versions": 2, "url_citation": null, "title": "Problemy edukacji etycznej w rachunkowo\u015bci", "url": "http://yadda.icm.edu.pl/yadda/element/bwmeta1.element.ekon-element-000171195527", "url_versions": "http://scholar.google.com/scholar?cluster=15109879050866251636&hl=en&as_sdt=1,5&sciodt=1,5&as_vis=1", "authors": "M Cie\u015blak - Zeszyty Naukowe/Uniwersytet Ekonomiczny w  \u2026", "excerpt": "Abstrakty Celem artyku\u0142u jest rozwa\u017cenie kwestii nauczania etyki w rachunkowo\u015bci. Wykorzystano w nim stadia rozwoju moralnego Kohlberga do ukazania po\u017c\u0105danego poziomu rozwoju etycznego. Wskazano, \u017ce wi\u0119kszo\u015b\u0107 doros\u0142ej populacji zatrzymuje si\u0119  ...", "url_pdf": null, "num_citations": 0, "cluster_id": null, "year": "2011", "url_citations": null}, {"num_versions": 8, "url_citation": null, "title": "Everybody else is doing it, so why can't we? Pluralistic ignorance and business ethics education", "url": "http://link.springer.com/article/10.1007/s10551-004-3897-z", "url_versions": "http://scholar.google.com/scholar?cluster=2069061094486767491&hl=en&as_sdt=1,5&sciodt=1,5&as_vis=1", "authors": "JRB Halbesleben, AR Wheeler, MR Buckley - Journal of Business Ethics", "excerpt": "Abstract In light of the myriad accounting and corporate ethics scandals of the early 21st century, many corporate leaders and management scholars believe that ethics education is an essential component in business school education. Despite a voluminous body of  ...", "url_pdf": null, "num_citations": 43, "cluster_id": "2069061094486767491", "year": "2005", "url_citations": "http://scholar.google.com/scholar?cites=2069061094486767491&as_sdt=2005&sciodt=1,5&hl=en"}, {"num_versions": 2, "url_citation": null, "title": "The Necessity of Fraud Education for Accounting Students: A Research Study From Turkey", "url": "http://www.emeraldinsight.com/doi/pdf/10.1108/17471117200600009", "url_versions": "http://scholar.google.com/scholar?cluster=17799602805888824975&hl=en&as_sdt=1,5&sciodt=1,5&as_vis=1", "authors": "K Tunca Caliyurt, D Crowther - Social Responsibility Journal", "excerpt": "Accounting is a social science. Recent developments in society have necessitated new regulations in accounting and required accountants to apply these regulations. In this context, it is argued that accounting academics should revise their course material to  ...", "url_pdf": null, "num_citations": 1, "cluster_id": "17799602805888824975", "year": "2006", "url_citations": "http://scholar.google.com/scholar?cites=17799602805888824975&as_sdt=2005&sciodt=1,5&hl=en"}, {"num_versions": 8, "url_citation": null, "title": "The teaching of ethics in management accounting: progress and prospects", "url": "http://onlinelibrary.wiley.com/doi/10.1111/1467-8608.00258/abstract", "url_versions": "http://scholar.google.com/scholar?cluster=13003736692511243567&hl=en&as_sdt=1,5&sciodt=1,5&as_vis=1", "authors": "R Bampton, CJ Cowton - Business Ethics: A European Review", "excerpt": "Recent research suggests that the teaching of business ethics has been on the increase in UK higher education (Cummins 1999, Cowton and Cummins 2002). Many more undergraduate and MBA students than was once the case are required, or have the  ...", "url_pdf": null, "num_citations": 39, "cluster_id": "13003736692511243567", "year": "2002", "url_citations": "http://scholar.google.com/scholar?cites=13003736692511243567&as_sdt=2005&sciodt=1,5&hl=en"}, {"num_versions": 7, "url_citation": null, "title": "Understanding student plagiarism: an empirical study in accounting education", "url": "http://www.tandfonline.com/doi/abs/10.1080/09639284.2010.534577", "url_versions": "http://scholar.google.com/scholar?cluster=18066395700023285&hl=en&as_sdt=1,5&sciodt=1,5&as_vis=1", "authors": "X Guo - Accounting Education: an international journal", "excerpt": "The purpose of this paper is to:(i) identify factors concerning student plagiarism in accounting education;(ii) develop and empirically test a model of factors influencing students' plagiaristic behaviour; and (iii) make recommendations to accounting educators  ...", "url_pdf": null, "num_citations": 10, "cluster_id": "18066395700023285", "year": "2011", "url_citations": "http://scholar.google.com/scholar?cites=18066395700023285&as_sdt=2005&sciodt=1,5&hl=en"}, {"num_versions": 7, "url_citation": null, "title": "An analysis of accounting education research in accounting education: an international journal\u20131992\u20132001", "url": "http://www.tandfonline.com/doi/abs/10.1080/0963928042000207396", "url_versions": "http://scholar.google.com/scholar?cluster=17515787950830188670&hl=en&as_sdt=1,5&sciodt=1,5&as_vis=1", "authors": "C Paisey, NJ Paisey - Accounting Education", "excerpt": "This paper reviews the research papers contained within the first ten volumes of Accounting Education: an international journal since its launch in 1992, identifying both areas that have been well covered and those that present opportunities for further research. The paper  ...", "url_pdf": null, "num_citations": 34, "cluster_id": "17515787950830188670", "year": "2004", "url_citations": "http://scholar.google.com/scholar?cites=17515787950830188670&as_sdt=2005&sciodt=1,5&hl=en"}, {"num_versions": 10, "url_citation": null, "title": "Ethics education in the Australian accounting curriculum: a longitudinal study examining barriers and enablers", "url": "http://www.tandfonline.com/doi/abs/10.1080/09639284.2014.930694", "url_versions": "http://scholar.google.com/scholar?cluster=9964116724291518059&hl=en&as_sdt=1,5&sciodt=1,5&as_vis=1", "authors": "S Dellaportas, S Kanapathippillai, A Khan\u2026 - Accounting  \u2026", "excerpt": "Abstract The increasing significance of ethics in the accounting profession is evidenced by the seminal events that witnessed the collapse of major corporations (eg Enron and WorldCom); regulatory interventions (eg Sarbanes-Oxley Act in the USA and the CLERP 9  ...", "url_pdf": null, "num_citations": 1, "cluster_id": "9964116724291518059", "year": "2014", "url_citations": "http://scholar.google.com/scholar?cites=9964116724291518059&as_sdt=2005&sciodt=1,5&hl=en"}, {"num_versions": 0, "url_citation": null, "title": "Pioneering in teaching business ethics: The case of management accounting in universities in Palestine", "url": "http://nasimtarazpars.persiangig.com/%D9%85%D9%82%D8%A7%D9%84%D8%A7%D8%AA%20%D8%A7%D9%86%DA%AF%D9%84%DB%8C%D8%B3%DB%8C%20%D8%B1%D8%A7%DB%8C%DA%AF%D8%A7%D9%86/Pioneering%20in%20Teaching%20Business%20Ethics%20The%20Case%20of%20Management%20Accounting%20in%20Universities%20in%20Palestine.pdf", "url_versions": null, "authors": "O Hajjawi - European Journal of Economics,  \u2026", "excerpt": "Abstract A large proportion of students in Palestinian higher education now study business administration and management accounting. Although Palestinian universities might be expected to aim to produce well-rounded graduates, there has been perception that  ...", "url_pdf": "http://nasimtarazpars.persiangig.com/%D9%85%D9%82%D8%A7%D9%84%D8%A7%D8%AA%20%D8%A7%D9%86%DA%AF%D9%84%DB%8C%D8%B3%DB%8C%20%D8%B1%D8%A7%DB%8C%DA%AF%D8%A7%D9%86/Pioneering%20in%20Teaching%20Business%20Ethics%20The%20Case%20of%20Management%20Accounting%20in%20Universities%20in%20Palestine.pdf", "num_citations": 6, "cluster_id": "16428725709247305348", "year": "2008", "url_citations": "http://scholar.google.com/scholar?cites=16428725709247305348&as_sdt=2005&sciodt=1,5&hl=en"}, {"num_versions": 2, "url_citation": null, "title": "\u4f1a\u8ba1\u4f26\u7406\u7406\u8bba\u7814\u7a76\u7efc\u8ff0\u4e0e\u542f\u793a", "url": "http://www.cqvip.com/qk/61488a/201007/34693676.html", "url_versions": "http://scholar.google.com/scholar?cluster=4317171251771895374&hl=en&as_sdt=1,5&sciodt=1,5&as_vis=1", "authors": "\u674e\u6dfc - \u8d22\u4f1a\u901a\u8baf: \u7efc\u5408 (\u4e0b)", "excerpt": "\u56fd\u5916\u5bf9\u4f1a\u8ba1\u4f26\u7406\u7684\u7814\u7a76\u5df2\u79ef\u7d2f\u4e86\u4e30\u5bcc\u7684\u7814\u7a76\u6210\u679c, \u7814\u7a76\u7684\u5185\u5bb9\u6d89\u53ca\u4f1a\u8ba1\u804c\u4e1a\u9053\u5fb7\u6559\u80b2, \u804c\u4e1a\u9053\u5fb7\u6cd5\u89c4\u5efa\u8bbe\u4ee5\u53ca\u4f1a\u8ba1\u4f26\u7406\u57fa\u672c\u7406\u8bba\u7b49\u65b9\u9762, \u8fd9\u4e9b\u7814\u7a76\u6210\u679c\u4e3a\u6211\u56fd\u7814\u7a76\u4f1a\u8ba1\u4f26\u7406\u7406\u8bba\u95ee\u9898\u63d0\u4f9b\u4e86\u7814\u7a76\u57fa\u7840. \u672c\u6587\u5bf9\u56fd\u5185\u5916\u4f1a\u8ba1\u4f26\u7406\u7406\u8bba\u7684\u7814\u7a76\u6210\u679c\u8fdb\u884c\u4e86\u56de\u987e, \u5e76\u4e14\u63d0\u51fa\u4e86\u6211\u56fd\u8fd9\u4e00 ...", "url_pdf": null, "num_citations": 2, "cluster_id": "4317171251771895374", "year": "2010", "url_citations": "http://scholar.google.com/scholar?cites=4317171251771895374&as_sdt=2005&sciodt=1,5&hl=en"}, {"num_versions": 7, "url_citation": null, "title": "Semester-specific ethical instruction for auditing students", "url": "http://www.emeraldinsight.com/doi/abs/10.1108/02686901211236418", "url_versions": "http://scholar.google.com/scholar?cluster=5770515165921127145&hl=en&as_sdt=1,5&sciodt=1,5&as_vis=1", "authors": "C O'Leary - Managerial Auditing Journal", "excerpt": "Purpose-The purpose of this paper is to consider how ethics is currently taught to trainee auditors and to evaluate whether some ethical instruction techniques can be assessed as more effective than others. Design/methodology/approach-Two separate cohorts of  ...", "url_pdf": null, "num_citations": 4, "cluster_id": "5770515165921127145", "year": "2012", "url_citations": "http://scholar.google.com/scholar?cites=5770515165921127145&as_sdt=2005&sciodt=1,5&hl=en"}, {"num_versions": 2, "url_citation": null, "title": "Research note an urgent need for ethics education for accountants", "url": "http://www.iiste.org/Journals/index.php/ISEA/article/view/929", "url_versions": "http://scholar.google.com/scholar?cluster=9993679642267138916&hl=en&as_sdt=1,5&sciodt=1,5&as_vis=1", "authors": "D Kannaiah, NS Kumar - Issues in Social and Environmental Accounting", "excerpt": "Abstract Social, political and technological changes have challenged traditional idea of professionalpractice by accountants. Accounting is both an essential practice and a vital profession in theeconomically developed world of today (Ronald F. Duska and Brenda  ...", "url_pdf": null, "num_citations": 3, "cluster_id": "9993679642267138916", "year": "2012", "url_citations": "http://scholar.google.com/scholar?cites=9993679642267138916&as_sdt=2005&sciodt=1,5&hl=en"}]