[{"num_versions": 2, "url_citation": null, "title": "Integration of eportfolios into cooperative education: Lessons learnt", "url": "http://www.apjce.org/files/APJCE_12_2_95_101.pdf", "url_versions": "http://scholar.google.com/scholar?cluster=15953620216325796590&hl=en&as_sdt=1,5&sciodt=1,5&as_vis=1", "authors": "K MCDERMOTT, S GALLAGHER - Asia-Pacific Journal of Cooperative  \u2026", "excerpt": "BACKGROUND In 2006, the New Zealand Tertiary Education Commission funded the development of eportfolio software entitled Mahara (meaning 'think'or 'thought'in Te Reo Maori). Unlike Pebblepad which is a commercial product with licences per user, Mahara is  ...", "url_pdf": "http://www.apjce.org/files/APJCE_12_2_95_101.pdf", "num_citations": 1, "cluster_id": "15953620216325796590", "year": "2011", "url_citations": "http://scholar.google.com/scholar?cites=15953620216325796590&as_sdt=2005&sciodt=1,5&hl=en"}, {"num_versions": 0, "url_citation": null, "title": "Becoming ePortfolio learners and teachers", "url": "http://scholar.google.com/https://books.google.com/books?hl=en&lr=&id=_3lXTBvIeNkC&oi=fnd&pg=PA51&ots=wi6W629_tS&sig=F4q6xX2At-jPDwu4WoaQc5Xg9wU", "url_versions": null, "authors": "J Hughes - Electronic portfolios", "excerpt": "Many of the group were apprehensive about adding an IT element to an already dif\ufb01cult task of re\ufb02ecting, and fears were certainly expressed! We could never have imagined that the... e-portfolio was to be one of the few constants in the following months of rollercoaster  ...", "url_pdf": null, "num_citations": 11, "cluster_id": "6902439388454092531", "year": "2009", "url_citations": "http://scholar.google.com/scholar?cites=6902439388454092531&as_sdt=2005&sciodt=1,5&hl=en"}, {"num_versions": 8, "url_citation": null, "title": "Assessment issues and new technologies: ePortfolio possibilities", "url": "http://link.springer.com/chapter/10.1007/978-1-4020-9964-9_4", "url_versions": "http://scholar.google.com/scholar?cluster=722671211891846201&hl=en&as_sdt=1,5&sciodt=1,5&as_vis=1", "authors": "G Finger, R Jamieson-Proctor - Educational assessment in the 21st century", "excerpt": "During the past three decades, we have witnessed dynamic technological changes that have been accompanied by considerable policy developments and initiatives by governments and education systems. For the purposes of this chapter, the technological  ...", "url_pdf": null, "num_citations": 14, "cluster_id": "722671211891846201", "year": "2009", "url_citations": "http://scholar.google.com/scholar?cites=722671211891846201&as_sdt=2005&sciodt=1,5&hl=en"}, {"num_versions": 0, "url_citation": null, "title": "Using an eportfolio to enhance graduate attributes among engineering students in Malaysia", "url": "http://researchrepository.murdoch.edu.au/12078/", "url_versions": null, "authors": "LMS Khoo -", "excerpt": "The broad context for this study is that all Malaysian public and private universities must incorporate graduate attributes into their curriculum from August 2006. Graduate attributes have received increasing attention over recent years as universities incorporate these  ...", "url_pdf": null, "num_citations": 4, "cluster_id": "6954173640437727024", "year": "2012", "url_citations": "http://scholar.google.com/scholar?cites=6954173640437727024&as_sdt=2005&sciodt=1,5&hl=en"}, {"num_versions": 0, "url_citation": null, "title": "Group Modelling and Integration of Multiple Perspectives in the Functional Selection of a New Technology: The Case of a Next\u2010generation Electronic Portfolio System", "url": "http://onlinelibrary.wiley.com/doi/10.1002/mcda.467/full", "url_versions": null, "authors": "E Mu, S Wormer, B Barkon, R Foizey\u2026 - Journal of Multi\u2010 \u2026", "excerpt": "ABSTRACT Using a group decision-making structured approach as the discussion framework, this study focuses on an 18-month long development of a model for the selection of a next-generation electronic portfolio at a higher-education institution. Emphasis is  ...", "url_pdf": null, "num_citations": 1, "cluster_id": "3140907698619999284", "year": "2012", "url_citations": "http://scholar.google.com/scholar?cites=3140907698619999284&as_sdt=2005&sciodt=1,5&hl=en"}, {"num_versions": 4, "url_citation": null, "title": "An ePortfolio scheme of flexible online learning", "url": "http://www.igi-global.com/chapter/portfolio-scheme-flexible-online-learning/11859", "url_versions": "http://scholar.google.com/scholar?cluster=3969683139810502870&hl=en&as_sdt=1,5&sciodt=1,5&as_vis=1", "authors": "KH Vat - Encyclopedia of Distance and Online Learning, 2nd  \u2026", "excerpt": "Abstract The potentialities of the information (or Internet) age have somehow exceeded many of our current calculations in education (Brown, 2000; Cornford & Pollock, 2003; Duke, 2002). Imagine a student attending a class waiting to be taught mostly in lectures or direct  ...", "url_pdf": null, "num_citations": 3, "cluster_id": "3969683139810502870", "year": "2008", "url_citations": "http://scholar.google.com/scholar?cites=3969683139810502870&as_sdt=2005&sciodt=1,5&hl=en"}, {"num_versions": 2, "url_citation": null, "title": "Creativit\u00e0 e crisi della comunit\u00e0 locale. Nuovi paradigmi di sviluppo socioculturale nei territori mediani", "url": "http://scholar.google.com/https://books.google.com/books?hl=en&lr=&id=wlWyA5clui4C&oi=fnd&pg=PA5&ots=l3N6jYVmnH&sig=8ctC-GalOXs6PPtmpU0g1AYJSxM", "url_versions": "http://scholar.google.com/scholar?cluster=15965925184575295476&hl=en&as_sdt=1,5&sciodt=1,5&as_vis=1", "authors": "G Federici -", "excerpt": "La ricerca Il ruolo dell'associazionismo di Promozione Sociale nella dimensione locale: partecipazione, servizi, attivit\u00e0 e sistema di rete sul territorio3 ha indagato l'identit\u00e0 delle associazioni di Promozione Sociale (d'ora in avanti APS) nel Comune di Perugia. Le APS  ...", "url_pdf": null, "num_citations": 0, "cluster_id": null, "year": "2011", "url_citations": null}, {"num_versions": 6, "url_citation": null, "title": "The effects of a concept map\u2010based information display in an electronic portfolio system on information processing and retention in a fifth\u2010grade science class  \u2026", "url": "http://onlinelibrary.wiley.com/doi/10.1111/j.1467-8535.2007.00763.x/full", "url_versions": "http://scholar.google.com/scholar?cluster=5805371045518360414&hl=en&as_sdt=1,5&sciodt=1,5&as_vis=1", "authors": "P Kim, C Olaciregui - British Journal of Educational Technology", "excerpt": "Abstract An electronic portfolio system, designed to serve as a resource-based learning space, was tested in a fifth-grade science class. The control-group students accessed a traditional folder-based information display in the system and the experimental-group  ...", "url_pdf": null, "num_citations": 26, "cluster_id": "5805371045518360414", "year": "2008", "url_citations": "http://scholar.google.com/scholar?cites=5805371045518360414&as_sdt=2005&sciodt=1,5&hl=en"}, {"num_versions": 0, "url_citation": null, "title": "An ecosystem for user centric learning: revolution or evolution?", "url": "http://dl.acm.org/citation.cfm?id=1643903", "url_versions": null, "authors": "T Kirkham, S Wood, S Winfield, K Coolin\u2026 - Proceedings of the  \u2026", "excerpt": "Abstract Development of Digital Business Ecosystems (DBE) is commonly associated with a top-down, grant-funded approach that aims to encourage service-based co-operation between organisations. The implementation of DBEs is often focused on specific tasks  ...", "url_pdf": null, "num_citations": 2, "cluster_id": "12833984657971417867", "year": "2009", "url_citations": "http://scholar.google.com/scholar?cites=12833984657971417867&as_sdt=2005&sciodt=1,5&hl=en"}, {"num_versions": 6, "url_citation": null, "title": "Web 2.0 in teacher education: Two imperatives for action", "url": "http://www.tandfonline.com/doi/abs/10.1080/07380560802368173", "url_versions": "http://scholar.google.com/scholar?cluster=17805067309180788096&hl=en&as_sdt=1,5&sciodt=1,5&as_vis=1", "authors": "PR Albion - Computers in the Schools", "excerpt": "ABSTRACT Web 2.0 represents a more participative and potentially paradigm-changing environment for building and sharing knowledge. Some educators have begun to apply these tools in classrooms but, as their use in society expands, there will be expectations  ...", "url_pdf": null, "num_citations": 94, "cluster_id": "17805067309180788096", "year": "2008", "url_citations": "http://scholar.google.com/scholar?cites=17805067309180788096&as_sdt=2005&sciodt=1,5&hl=en"}, {"num_versions": 3, "url_citation": null, "title": "Student attitudes towards and perceptions of ePortfolios in a first year Japanese language programme", "url": "http://aut.researchgateway.ac.nz/handle/10292/925", "url_versions": "http://scholar.google.com/scholar?cluster=4160305644560495234&hl=en&as_sdt=1,5&sciodt=1,5&as_vis=1", "authors": "S Moffat -", "excerpt": "Research into learner autonomy has confirmed the importance of learner competencies such as effective strategy use, goal setting and planning, maintaining motivation, and the ability to reflect and self-evaluate to the development of autonomy. The introduction of key  ...", "url_pdf": null, "num_citations": 2, "cluster_id": "4160305644560495234", "year": "2008", "url_citations": "http://scholar.google.com/scholar?cites=4160305644560495234&as_sdt=2005&sciodt=1,5&hl=en"}, {"num_versions": 3, "url_citation": null, "title": "Are we who we think we are? ePortfolios as a tool for curriculum redesign", "url": "http://olj.onlinelearningconsortium.org/index.php/jaln/article/view/395", "url_versions": "http://scholar.google.com/scholar?cluster=8402670902369735906&hl=en&as_sdt=1,5&sciodt=1,5&as_vis=1", "authors": "G Matthews-DeNatale - \u2026  Journal of the  \u2026", "excerpt": "Abstract This promising practice focuses on the use of ePortfolios for formative assessment in the redesign and development of academic degree programs. The practice aligns with the Connect to Learning (C2L) Design Principles of Inquiry, Reflection, and Integration (IRI),  ...", "url_pdf": null, "num_citations": 11, "cluster_id": "8402670902369735906", "year": "2013", "url_citations": "http://scholar.google.com/scholar?cites=8402670902369735906&as_sdt=2005&sciodt=1,5&hl=en"}, {"num_versions": 11, "url_citation": null, "title": "Context-aware workplace learning support: Concept, experiences, and remaining challenges", "url": "http://link.springer.com/chapter/10.1007/11876663_46", "url_versions": "http://scholar.google.com/scholar?cluster=1798550707037711073&hl=en&as_sdt=1,5&sciodt=1,5&as_vis=1", "authors": "A Schmidt, S Braun - Innovative approaches for learning and knowledge  \u2026", "excerpt": "Abstract Workplace learning offers the unique possibility of the immediacy of purpose and real-world context. In order to leverage on this, we have developed a context-aware method to support workplace learning. In this paper, we want to describe the concept of context- ...", "url_pdf": null, "num_citations": 30, "cluster_id": "1798550707037711073", "year": "2006", "url_citations": "http://scholar.google.com/scholar?cites=1798550707037711073&as_sdt=2005&sciodt=1,5&hl=en"}, {"num_versions": 0, "url_citation": null, "title": "Situationsbewusste Informationsdienste f\u00fcr das arbeitsbegleitende Lernen", "url": "http://www.academia.edu/download/31021358/Andreas_Schmidt_Situationsbewusste_Informationsdienste_fuer_das_arbeitsbegleitende_Lernen.pdf", "url_versions": null, "authors": "A Schmidt -", "excerpt": "Ziel dieses Kapitels ist die Vorstellung eines Makromodells f\u00fcr das (recht weite) Feld des arbeitsbegleitenden Lernens. Dieses Modell dient im wesentlichen zur Strukturierung der Thematik, um in diesem Modell die unterschiedlichen Lernformen und insbesondere auch  ...", "url_pdf": "http://www.academia.edu/download/31021358/Andreas_Schmidt_Situationsbewusste_Informationsdienste_fuer_das_arbeitsbegleitende_Lernen.pdf", "num_citations": 1, "cluster_id": "10819531047397213655", "year": "2009", "url_citations": "http://scholar.google.com/scholar?cites=10819531047397213655&as_sdt=2005&sciodt=1,5&hl=en"}, {"num_versions": 2, "url_citation": null, "title": "Faculty Professional Development: Advancing Integrative Social Pedagogy Using ePortfolio", "url": "http://www.theijep.com/pdf/IJEP113.pdf", "url_versions": "http://scholar.google.com/scholar?cluster=5132550559439411364&hl=en&as_sdt=1,5&sciodt=1,5&as_vis=1", "authors": "R Bhika, A Francis, D Miller - International Journal", "excerpt": "This article highlights the work of three faculty members across two different professional development seminars at LaGuardia Community College. It illustrates how their work was guided and is linked together by a common thread\u2014the use of ePortfolio to foster  ...", "url_pdf": "http://www.theijep.com/pdf/IJEP113.pdf", "num_citations": 1, "cluster_id": "5132550559439411364", "year": "2013", "url_citations": "http://scholar.google.com/scholar?cites=5132550559439411364&as_sdt=2005&sciodt=1,5&hl=en"}, {"num_versions": 3, "url_citation": null, "title": "The design, implementation and evaluation of a web-based student teachers' ePortfolio (STeP)", "url": "http://ieeexplore.ieee.org/xpls/abs_all.jsp?arnumber=6360612", "url_versions": "http://scholar.google.com/scholar?cluster=7545839060620274318&hl=en&as_sdt=1,5&sciodt=1,5&as_vis=1", "authors": "A Farrugia, D Al-Jumeily - Education and e-Learning  \u2026", "excerpt": "Abstract\u2014This paper presents the development process of a web-based student teachers' ePortfolio system for the Faculty of Education at the University of Malta. Literature shows that at a higher educational level, a student ePortfolio is becoming an important tool as it is  ...", "url_pdf": null, "num_citations": 2, "cluster_id": "7545839060620274318", "year": "2012", "url_citations": "http://scholar.google.com/scholar?cites=7545839060620274318&as_sdt=2005&sciodt=1,5&hl=en"}, {"num_versions": 6, "url_citation": null, "title": "Assessing pre-service English language teachers' learning using e-portfolios: Benefits, challenges and competencies gained", "url": "http://www.sciencedirect.com/science/article/pii/S0360131511002922", "url_versions": "http://scholar.google.com/scholar?cluster=10859650148472887481&hl=en&as_sdt=1,5&sciodt=1,5&as_vis=1", "authors": "MK Kabilan, MA Khan - Computers & Education", "excerpt": "Assessment in learning is always of interest to practitioners, academics and researchers, and is always evolving with new implications. Alternative forms of assessment such as e-portfolios have gained recognition in documenting students' learning, as it is synchronous  ...", "url_pdf": null, "num_citations": 16, "cluster_id": "10859650148472887481", "year": "2012", "url_citations": "http://scholar.google.com/scholar?cites=10859650148472887481&as_sdt=2005&sciodt=1,5&hl=en"}, {"num_versions": 2, "url_citation": null, "title": "Eportfolios for lifelong learning and assessment", "url": "http://scholar.google.com/https://books.google.com/books?hl=en&lr=&id=Rk_GChJQRp0C&oi=fnd&pg=PR9&ots=ydW2DT2Y3J&sig=ARPiBMzwbcdcK96WmCDywfCKhuA", "url_versions": "http://scholar.google.com/scholar?cluster=13704022316796434304&hl=en&as_sdt=1,5&sciodt=1,5&as_vis=1", "authors": "D Cambridge -", "excerpt": "This book clearly articulates the foundations of an educational vision that is distinctively supported by eportfolio use, drawing on work in philosophy, sociology, higher and adult education, and elearning research. It is academically rigorous and accessible not only to  ...", "url_pdf": null, "num_citations": 97, "cluster_id": "13704022316796434304", "year": "2010", "url_citations": "http://scholar.google.com/scholar?cites=13704022316796434304&as_sdt=2005&sciodt=1,5&hl=en"}, {"num_versions": 3, "url_citation": null, "title": "E-portfolios and digital identity: some issues for discussion", "url": "http://ldm.sagepub.com/content/2/4/378.short", "url_versions": "http://scholar.google.com/scholar?cluster=16341836473568488901&hl=en&as_sdt=1,5&sciodt=1,5&as_vis=1", "authors": "M McAlpine - E-Learning and Digital Media", "excerpt": "Abstract As awarding bodies modernise their procedures and incorporate elements of e-assessment into their qualifications, e-portfolios are emerging as a popular method of allowing candidates to display their abilities. All major United Kingdom awarding bodies  ...", "url_pdf": null, "num_citations": 27, "cluster_id": "16341836473568488901", "year": "2005", "url_citations": "http://scholar.google.com/scholar?cites=16341836473568488901&as_sdt=2005&sciodt=1,5&hl=en"}]