[{"num_versions": 18, "url_citation": null, "title": "On the expressive power of deep architectures", "url": "http://link.springer.com/chapter/10.1007/978-3-642-24412-4_3", "url_versions": "http://scholar.google.com/scholar?cluster=3647764731908872051&hl=en&as_sdt=1,5&sciodt=1,5&as_vis=1", "authors": "Y Bengio, O Delalleau - Algorithmic Learning Theory", "excerpt": "Abstract Deep architectures are families of functions corresponding to deep circuits. Deep Learning algorithms are based on parametrizing such circuits and tuning their parameters so as to approximately optimize some training objective. Whereas it was thought too  ...", "url_pdf": null, "num_citations": 59, "cluster_id": "3647764731908872051", "year": "2011", "url_citations": "http://scholar.google.com/scholar?cites=3647764731908872051&as_sdt=2005&sciodt=1,5&hl=en"}, {"num_versions": 2, "url_citation": null, "title": "Decomposition-Based Domain Adaptation for Real-World Font Recognition", "url": "http://arxiv.org/abs/1412.5758", "url_versions": "http://scholar.google.com/scholar?cluster=1904439427559132042&hl=en&as_sdt=1,5&sciodt=1,5&as_vis=1", "authors": "Z Wang, J Yang, H Jin, E Shechtman\u2026 - arXiv preprint arXiv: \u2026", "excerpt": "Abstract: We present a domain adaption framework to address a domain mismatch between synthetic training and real-world testing data. We demonstrate our method on a challenging fine-grain classification problem: recognizing a font style from an image of text. In this task,  ...", "url_pdf": null, "num_citations": 0, "cluster_id": null, "year": "2014", "url_citations": null}, {"num_versions": 5, "url_citation": null, "title": "\u6df1\u5ea6\u5b66\u4e60\u7814\u7a76\u8fdb\u5c55", "url": "http://www.arocmag.com/getarticle/?aid=1f0573c7eced12e9", "url_versions": "http://scholar.google.com/scholar?cluster=9455047291083555200&hl=en&as_sdt=1,5&sciodt=1,5&as_vis=1", "authors": "\u5218\u5efa\u4f1f\uff0c \u5218\u5a9b\uff0c \u7f57\u96c4\u9e9f - \u8ba1\u7b97\u673a\u5e94\u7528\u7814\u7a76", "excerpt": "\u6458\u8981: \u9274\u4e8e\u6df1\u5ea6\u5b66\u4e60\u7684\u91cd\u8981\u6027, \u7efc\u8ff0\u4e86\u6df1\u5ea6\u5b66\u4e60\u7684\u7814\u7a76\u8fdb\u5c55. \u9996\u5148\u6982\u8ff0\u4e86\u6df1\u5ea6\u5b66\u4e60\u5177\u6709\u7684\u4f18\u70b9, \u7531\u6b64\u8bf4\u660e\u4e86\u5f15\u5165\u6df1\u5ea6\u5b66\u4e60\u7684\u5fc5\u8981\u6027; \u7136\u540e\u63cf\u8ff0\u4e86\u4e09\u79cd\u5178\u578b\u7684\u6df1\u5ea6\u5b66\u4e60\u6a21\u578b, \u5305\u62ec\u5377\u79ef\u795e\u7ecf\u7f51\u7edc\u6a21\u578b, \u6df1\u5ea6\u4fe1\u4efb\u7f51\u7edc\u6a21\u578b\u548c\u5806\u6808\u81ea\u7f16\u7801\u7f51\u7edc\u6a21\u578b, \u5e76\u5bf9\u8fd1\u51e0\u5e74\u6df1\u5ea6\u5b66\u4e60\u5728\u521d ...", "url_pdf": null, "num_citations": 1, "cluster_id": "9455047291083555200", "year": "2014", "url_citations": "http://scholar.google.com/scholar?cites=9455047291083555200&as_sdt=2005&sciodt=1,5&hl=en"}, {"num_versions": 0, "url_citation": null, "title": "R\u00e9seaux de neurones \u00e0 relaxation entra\u00een\u00e9s par crit\u00e8re d'autoencodeur d\u00e9bruitant", "url": "http://scholar.google.com/https://papyrus.bib.umontreal.ca/xmlui/handle/1866/6176", "url_versions": null, "authors": "F Savard -", "excerpt": "L'apprentissage machine est un vaste domaine o\u00f9 l'on cherche \u00e0 apprendre les param\u00e8tres de mod\u00e8les \u00e0 partir de donn\u00e9es concr\u00e8tes. Ce sera pour effectuer des t\u00e2ches demandant des aptitudes attribu\u00e9es \u00e0 l'intelligence humaine, comme la capacit\u00e9 \u00e0 traiter des don- ...", "url_pdf": null, "num_citations": 6, "cluster_id": "16473823455069841026", "year": "2012", "url_citations": "http://scholar.google.com/scholar?cites=16473823455069841026&as_sdt=2005&sciodt=1,5&hl=en"}, {"num_versions": 4, "url_citation": null, "title": "Revisiting natural gradient for deep networks", "url": "http://arxiv.org/abs/1301.3584", "url_versions": "http://scholar.google.com/scholar?cluster=4887476036427842105&hl=en&as_sdt=1,5&sciodt=1,5&as_vis=1", "authors": "R Pascanu, Y Bengio - arXiv preprint arXiv:1301.3584", "excerpt": "Abstract: We evaluate natural gradient, an algorithm originally proposed in Amari (1997), for learning deep models. The contributions of this paper are as follows. We show the connection between natural gradient and three other recently proposed methods for  ...", "url_pdf": null, "num_citations": 30, "cluster_id": "4887476036427842105", "year": "2013", "url_citations": "http://scholar.google.com/scholar?cites=4887476036427842105&as_sdt=2005&sciodt=1,5&hl=en"}, {"num_versions": 3, "url_citation": null, "title": "Teaching deep convolutional neural networks to play go", "url": "http://arxiv.org/abs/1412.3409", "url_versions": "http://scholar.google.com/scholar?cluster=1015344913275082495&hl=en&as_sdt=1,5&sciodt=1,5&as_vis=1", "authors": "C Clark, A Storkey - arXiv preprint arXiv:1412.3409", "excerpt": "Abstract: Mastering the game of Go has remained a long standing challenge to the field of AI. Modern computer Go systems rely on processing millions of possible future positions to play well, but intuitively a stronger and more'humanlike'way to play the game would be to  ...", "url_pdf": null, "num_citations": 9, "cluster_id": "1015344913275082495", "year": "2014", "url_citations": "http://scholar.google.com/scholar?cites=1015344913275082495&as_sdt=2005&sciodt=1,5&hl=en"}, {"num_versions": 14, "url_citation": null, "title": "Deep learning of representations for unsupervised and transfer learning", "url": "http://feed.mtome.com/Publications/CiML/CiML-v7-book.pdf#page=29", "url_versions": "http://scholar.google.com/scholar?cluster=11002680367384151173&hl=en&as_sdt=1,5&sciodt=1,5&as_vis=1", "authors": "Y Bengio - Unsupervised and Transfer Learning Challenges in  \u2026", "excerpt": "Abstract Deep learning algorithms seek to exploit the unknown structure in the input distribution in order to discover good representations, often at multiple levels, with higherlevel learned features defined in terms of lower-level features. The objective is to  ...", "url_pdf": null, "num_citations": 76, "cluster_id": "11002680367384151173", "year": "2012", "url_citations": "http://scholar.google.com/scholar?cites=11002680367384151173&as_sdt=2005&sciodt=1,5&hl=en"}, {"num_versions": 3, "url_citation": null, "title": "Two-Stage Learning to Predict Human Eye Fixations via SDAEs", "url": "http://ieeexplore.ieee.org/xpls/abs_all.jsp?arnumber=7051244", "url_versions": "http://scholar.google.com/scholar?cluster=6050767824592095868&hl=en&as_sdt=1,5&sciodt=1,5&as_vis=1", "authors": "J Han, D Zhang, S Wen, L Guo, T Liu, X Li -", "excerpt": "Abstract\u2014Saliency detection models aiming to quantitatively predict human eye-attended locations in the visual field have been receiving increasing research interest in recent years. Unlike traditional methods that rely on hand-designed features and contrast inference  ...", "url_pdf": null, "num_citations": 2, "cluster_id": "6050767824592095868", "year": "2015", "url_citations": "http://scholar.google.com/scholar?cites=6050767824592095868&as_sdt=2005&sciodt=1,5&hl=en"}, {"num_versions": 12, "url_citation": null, "title": "How transferable are features in deep neural networks?", "url": "http://papers.nips.cc/paper/5347-how-transferable-are-features-in-deep-neural-networks", "url_versions": "http://scholar.google.com/scholar?cluster=8833146761103838326&hl=en&as_sdt=1,5&sciodt=1,5&as_vis=1", "authors": "J Yosinski, J Clune, Y Bengio\u2026 - Advances in Neural  \u2026", "excerpt": "Abstract Many deep neural networks trained on natural images exhibit a curious phenomenon in common: on the first layer they learn features similar to Gabor filters and color blobs. Such first-layer features appear not to be specific to a particular dataset or  ...", "url_pdf": null, "num_citations": 50, "cluster_id": "8833146761103838326", "year": "2014", "url_citations": "http://scholar.google.com/scholar?cites=8833146761103838326&as_sdt=2005&sciodt=1,5&hl=en"}]