[{"num_versions": 2, "url_citation": null, "title": "Export promotion strategy and performance: the role of international experience", "url": "http://journals.ama.org/doi/abs/10.1509/jim.11.0022", "url_versions": "http://scholar.google.com/scholar?cluster=5078325011892536333&hl=en&as_sdt=1,5&sciodt=1,5&as_vis=1", "authors": "M Hultman, CS Katsikeas\u2026 - Journal of International  \u2026", "excerpt": "Abstract This study examines how international experience shapes managerial judgment in the formation of effective export promotion strategies. Drawing from contingency theory and the organizational learning perspective, the authors develop and test a model of the  ...", "url_pdf": null, "num_citations": 39, "cluster_id": "5078325011892536333", "year": "2011", "url_citations": "http://scholar.google.com/scholar?cites=5078325011892536333&as_sdt=2005&sciodt=1,5&hl=en"}, {"num_versions": 3, "url_citation": null, "title": "Time future-the dominant discourse of higher education", "url": "http://tas.sagepub.com/content/19/3/345.short", "url_versions": "http://scholar.google.com/scholar?cluster=15079604467664214457&hl=en&as_sdt=1,5&sciodt=1,5&as_vis=1", "authors": "S Clegg - Time & Society", "excerpt": "Abstract The paper presents a critique of the dominant temporality of higher education policy in the UK and globally. It argues that the temporality of 'employability'is what Barbara Adam and Chris Groves describe as the 'present future'; a conception of the future as empty and  ...", "url_pdf": null, "num_citations": 41, "cluster_id": "15079604467664214457", "year": "2010", "url_citations": "http://scholar.google.com/scholar?cites=15079604467664214457&as_sdt=2005&sciodt=1,5&hl=en"}, {"num_versions": 6, "url_citation": null, "title": "Independent inquiry and the undergraduate dissertation: perceptions and experiences of final\u2010year social science students", "url": "http://www.tandfonline.com/doi/abs/10.1080/0260293042000188285", "url_versions": "http://scholar.google.com/scholar?cluster=12594821873640232697&hl=en&as_sdt=1,5&sciodt=1,5&as_vis=1", "authors": "M Todd*, P Bannister, S Clegg - Assessment & Evaluation in  \u2026", "excerpt": "This article reports on findings from a research project that investigated the experiences and perceptions of final\u2010year social science undergraduates enrolled on a dissertation module in a post\u20101992 UK university. The dissertation was designed to provide students with the  ...", "url_pdf": null, "num_citations": 82, "cluster_id": "12594821873640232697", "year": "2004", "url_citations": "http://scholar.google.com/scholar?cites=12594821873640232697&as_sdt=2005&sciodt=1,5&hl=en"}, {"num_versions": 0, "url_citation": null, "title": "Threshold concepts, troublesome knowledge and emotional capital", "url": "http://scholar.google.com/https://books.google.com/books?hl=en&lr=&id=RCUVmm05qmcC&oi=fnd&pg=PA134&ots=SSn95LfAlk&sig=qmYSVwZU62qhsx16AKrHXJjGImk", "url_versions": null, "authors": "G Cousin, J Meyer - Overcoming barriers to student  \u2026", "excerpt": "In this chapter I explore the notions of a threshold concept (Meyer and Land, 2003) and troublesome knowledge (Perkins, 1999) in relation to the teaching and learning of Otherness in Cultural Studies. This exploration is stimulated by interviews, focus group  ...", "url_pdf": null, "num_citations": 69, "cluster_id": "3584588308681638556", "year": "2006", "url_citations": "http://scholar.google.com/scholar?cites=3584588308681638556&as_sdt=2005&sciodt=1,5&hl=en"}, {"num_versions": 6, "url_citation": null, "title": "Teaching as a design science: Building pedagogical patterns for learning and technology", "url": "http://scholar.google.com/https://books.google.com/books?hl=en&lr=&id=YNojRK6AEagC&oi=fnd&pg=PP2&ots=xv4tD6WW31&sig=OmZJAGrGTZ55kmBeylLyqE7otGs", "url_versions": "http://scholar.google.com/scholar?cluster=12837637295573204254&hl=en&as_sdt=1,5&sciodt=1,5&as_vis=1", "authors": "D Laurillard -", "excerpt": "Teaching is changing. It is no longer simply about passing on knowledge to the next generation. Teachers in the twenty-first century, in all educational sectors, have to cope with an ever-changing cultural and technological environment. Teaching is now a design  ...", "url_pdf": null, "num_citations": 240, "cluster_id": "12837637295573204254", "year": "2013", "url_citations": "http://scholar.google.com/scholar?cites=12837637295573204254&as_sdt=2005&sciodt=1,5&hl=en"}, {"num_versions": 6, "url_citation": null, "title": "Factors influencing stress, burnout, and retention of secondary teachers", "url": "http://cie.asu.edu/ojs/index.php/cieatasu/article/viewArticle/658", "url_versions": "http://scholar.google.com/scholar?cluster=4586996062493836647&hl=en&as_sdt=1,5&sciodt=1,5&as_vis=1", "authors": "MH Fisher - Current issues in education", "excerpt": "Abstract This study examines the stress, burnout, satisfaction, and preventive coping skills of nearly 400 secondary teachers to determine variables contributing to these major factors influencing teachers. Analysis of Variance (ANOVA) statistics were conducted that found  ...", "url_pdf": null, "num_citations": 47, "cluster_id": "4586996062493836647", "year": "2011", "url_citations": "http://scholar.google.com/scholar?cites=4586996062493836647&as_sdt=2005&sciodt=1,5&hl=en"}, {"num_versions": 11, "url_citation": null, "title": "Putting threshold concepts into context in computer science education", "url": "http://dl.acm.org/citation.cfm?id=1140154", "url_versions": "http://scholar.google.com/scholar?cluster=11203674558801465430&hl=en&as_sdt=1,5&sciodt=1,5&as_vis=1", "authors": "A Eckerdal, R McCartney, JE Mostr\u00f6m, M Ratcliffe\u2026 - ACM SIGCSE  \u2026", "excerpt": "Abstract This paper describes Threshold Concepts, a theory of learning that distinguishes core concepts whose characteristics can make them troublesome in learning. With an eye to applying this theory in computer science, we consider this notion in the context of related  ...", "url_pdf": null, "num_citations": 55, "cluster_id": "11203674558801465430", "year": "2006", "url_citations": "http://scholar.google.com/scholar?cites=11203674558801465430&as_sdt=2005&sciodt=1,5&hl=en"}, {"num_versions": 2, "url_citation": null, "title": "Threshold concepts A point of focus for practitioner research", "url": "http://alh.sagepub.com/content/10/2/103.short", "url_versions": "http://scholar.google.com/scholar?cluster=11327549525536983028&hl=en&as_sdt=1,5&sciodt=1,5&as_vis=1", "authors": "N Irvine, P Carmichael - Active Learning in Higher Education", "excerpt": "Abstract Participants with teaching and research experience across eight disciplinary areas were introduced to the idea ofthreshold concepts' and were then invited to identify potential threshold concepts in their own disciplines through small-scale research activities.  ...", "url_pdf": null, "num_citations": 36, "cluster_id": "11327549525536983028", "year": "2009", "url_citations": "http://scholar.google.com/scholar?cites=11327549525536983028&as_sdt=2005&sciodt=1,5&hl=en"}, {"num_versions": 7, "url_citation": null, "title": "From Limen to Lumen: computing students in liminal spaces", "url": "http://dl.acm.org/citation.cfm?id=1288597", "url_versions": "http://scholar.google.com/scholar?cluster=15445993798964226514&hl=en&as_sdt=1,5&sciodt=1,5&as_vis=1", "authors": "A Eckerdal, R McCartney, JE Mostr\u00f6m\u2026 - Proceedings of the third \u2026", "excerpt": "Abstract This paper is part of an ongoing series of projects in which we are investigating\" threshold concepts\": concepts that, among other things, transforms the way a student looks as the discipline and are often troublesome to learn. The word\" threshold\" might imply that  ...", "url_pdf": null, "num_citations": 28, "cluster_id": "15445993798964226514", "year": "2007", "url_citations": "http://scholar.google.com/scholar?cites=15445993798964226514&as_sdt=2005&sciodt=1,5&hl=en"}, {"num_versions": 8, "url_citation": null, "title": "Novice programming students' learning of concepts and practise", "url": "http://www.diva-portal.org/smash/record.jsf?pid=diva2:173221", "url_versions": "http://scholar.google.com/scholar?cluster=15058358255751519140&hl=en&as_sdt=1,5&sciodt=1,5&as_vis=1", "authors": "A Eckerdal -", "excerpt": "Abstract Eckerdal, A. 2009. Novice Programming Students' Learning of Concepts and Practise. Acta Universitatis Upsaliensis. Digital Comprehensive Summaries of Uppsala Dissertations from the Faculty of Science and Technology 600. 76 pp. Uppsala. ISBN  ...", "url_pdf": null, "num_citations": 40, "cluster_id": "15058358255751519140", "year": "2009", "url_citations": "http://scholar.google.com/scholar?cites=15058358255751519140&as_sdt=2005&sciodt=1,5&hl=en"}, {"num_versions": 12, "url_citation": null, "title": "A survey of literature on the teaching of introductory programming", "url": "http://dl.acm.org/citation.cfm?id=1345441", "url_versions": "http://scholar.google.com/scholar?cluster=8246372893911157947&hl=en&as_sdt=1,5&sciodt=1,5&as_vis=1", "authors": "A Pears, S Seidman, L Malmi, L Mannila, E Adams\u2026 - ACM SIGCSE  \u2026", "excerpt": "Abstract Three decades of active research on the teaching of introductory programming has had limited effect on classroom practice. Although relevant research exists across several disciplines including education and cognitive science, disciplinary differences have made  ...", "url_pdf": null, "num_citations": 203, "cluster_id": "8246372893911157947", "year": "2007", "url_citations": "http://scholar.google.com/scholar?cites=8246372893911157947&as_sdt=2005&sciodt=1,5&hl=en"}, {"num_versions": 61, "url_citation": null, "title": "Editorial", "url": "http://www.tandfonline.com/doi/pdf/10.3109/13590849009003128", "url_versions": "http://scholar.google.com/scholar?cluster=9089188133844560048&hl=en&as_sdt=1,5&sciodt=1,5&as_vis=1", "authors": "S Davies, D Downing - Journal of Nutritional Medicine", "excerpt": "Welcome to the Journal of Nutritional Medicine (J. Nut. Med.), the official journal of the British Society for Nutritional Medicine (BSNh4). The Society was founded in June 1984 by a group of physicians who realised that patient care was suffering through the almost complete  ...", "url_pdf": null, "num_citations": 81, "cluster_id": "9089188133844560048", "year": "1990", "url_citations": "http://scholar.google.com/scholar?cites=9089188133844560048&as_sdt=2005&sciodt=1,5&hl=en"}, {"num_versions": 3, "url_citation": null, "title": "Beyond reflective practice: New approaches to professional lifelong learning", "url": "http://scholar.google.com/https://books.google.com/books?hl=en&lr=&id=kYnYfUwvXWEC&oi=fnd&pg=PR3&ots=7tk4RAncOG&sig=t0xAe2Ud7QU25a_pYhAFE929RKk", "url_versions": "http://scholar.google.com/scholar?cluster=10699359921580112245&hl=en&as_sdt=1,5&sciodt=1,5&as_vis=1", "authors": "H Bradbury, N Frost, S Kilminster, M Zukas -", "excerpt": "Reflective practice has moved from the margins to the mainstream of professional education. However, in this process, its radical potential has been subsumed by individualistic, rather than situated, understandings of practice. Presenting critical perspectives that challenge  ...", "url_pdf": null, "num_citations": 77, "cluster_id": "10699359921580112245", "year": "2012", "url_citations": "http://scholar.google.com/scholar?cites=10699359921580112245&as_sdt=2005&sciodt=1,5&hl=en"}, {"num_versions": 9, "url_citation": null, "title": "Threshold concepts in computer science: do they exist and are they useful?", "url": "http://dl.acm.org/citation.cfm?id=1227482", "url_versions": "http://scholar.google.com/scholar?cluster=13288150450813296632&hl=en&as_sdt=1,5&sciodt=1,5&as_vis=1", "authors": "J Boustedt, A Eckerdal, R McCartney, JE Mostr\u00f6m\u2026 - ACM SIGCSE  \u2026", "excerpt": "Abstract Yes, and Yes. We are currently undertaking an pirical investigation of\" Threshold Concepts\" in Computer Science, with input from both instructors and students. We have found good pirical evidence that at least two concepts---Object-oriented programming and  ...", "url_pdf": null, "num_citations": 49, "cluster_id": "13288150450813296632", "year": "2007", "url_citations": "http://scholar.google.com/scholar?cites=13288150450813296632&as_sdt=2005&sciodt=1,5&hl=en"}, {"num_versions": 7, "url_citation": null, "title": "Key concepts in postgraduate certificates in higher education teaching and learning in Australasia and the United Kingdom", "url": "http://www.tandfonline.com/doi/abs/10.1080/13601440802659247", "url_versions": "http://scholar.google.com/scholar?cluster=568643257341304478&hl=en&as_sdt=1,5&sciodt=1,5&as_vis=1", "authors": "P Kandlbinder, T Peseta - International Journal for Academic  \u2026", "excerpt": "Since the first postgraduate certificate in higher education teaching and learning was offered in Australia in the late 1970s, similar courses have become a major part of academic development in universities in Australia, New Zealand and the United Kingdom. This  ...", "url_pdf": null, "num_citations": 54, "cluster_id": "568643257341304478", "year": "2009", "url_citations": "http://scholar.google.com/scholar?cites=568643257341304478&as_sdt=2005&sciodt=1,5&hl=en"}, {"num_versions": 0, "url_citation": null, "title": "Study, power and the university", "url": "http://scholar.google.com/https://books.google.com/books?hl=en&lr=&id=pdfsAAAAQBAJ&oi=fnd&pg=PP1&ots=UT28qRTH5t&sig=tD2zCJSXdu9OaCaSPHkn3OWAqvU", "url_versions": null, "authors": "S Mann -", "excerpt": "SRHE and Open University Press Imprint General Editor: Heather Eggins Current titles include: Catherine Bargh et al.: University Leadm'ship Ronald Barnett: Beyond all Reason Ronald Barnett: Higher Education: A Critical Business Ronald Barnett: Realizing the University in  ... ", "url_pdf": null, "num_citations": 58, "cluster_id": "15631792276954498763", "year": "2008", "url_citations": "http://scholar.google.com/scholar?cites=15631792276954498763&as_sdt=2005&sciodt=1,5&hl=en"}, {"num_versions": 3, "url_citation": null, "title": "Feedback: Focusing attention on engagement", "url": "http://www.tandfonline.com/doi/abs/10.1080/03075079.2010.483513", "url_versions": "http://scholar.google.com/scholar?cluster=6373655345946252999&hl=en&as_sdt=1,5&sciodt=1,5&as_vis=1", "authors": "M Price, K Handley, J Millar - Studies in Higher Education", "excerpt": "Within many higher education systems there is a search for means to increase levels of student satisfaction with assessment feedback. This article suggests that the search is under way in the wrong place by concentrating on feedback as a product rather than looking  ...", "url_pdf": null, "num_citations": 44, "cluster_id": "6373655345946252999", "year": "2011", "url_citations": "http://scholar.google.com/scholar?cites=6373655345946252999&as_sdt=2005&sciodt=1,5&hl=en"}, {"num_versions": 10, "url_citation": null, "title": "Improving student retention in higher education: Improving teaching and learning", "url": "http://search.informit.com.au/documentSummary;dn=159225407205474;res=IELAPA", "url_versions": "http://scholar.google.com/scholar?cluster=15013585742077013243&hl=en&as_sdt=1,5&sciodt=1,5&as_vis=1", "authors": "G Crosling, M Heagney, L Thomas -", "excerpt": "As a key performance indicator in university quality assurance processes, the retention of students in their studies is an issue of concern world-wide. Implicit in the process of quality assurance is quality improvement. In this article, we examine student retention from a  ...", "url_pdf": null, "num_citations": 106, "cluster_id": "15013585742077013243", "year": "2009", "url_citations": "http://scholar.google.com/scholar?cites=15013585742077013243&as_sdt=2005&sciodt=1,5&hl=en"}, {"num_versions": 10, "url_citation": null, "title": "Situating pedagogies, positions and practices in immersive virtual worlds", "url": "http://www.tandfonline.com/doi/abs/10.1080/00131881.2010.482732", "url_versions": "http://scholar.google.com/scholar?cluster=10706677170970974131&hl=en&as_sdt=1,5&sciodt=1,5&as_vis=1", "authors": "M Savin-Baden, L Gourlay, C Tombs, N Steils\u2026 - Educational  \u2026", "excerpt": "Background: The literature on immersive virtual worlds and e-learning to date largely indicates that technology has led the pedagogy. Although rationales for implementing e-learning have included flexibility of provision and supporting diversity, none of these  ...", "url_pdf": null, "num_citations": 41, "cluster_id": "10706677170970974131", "year": "2010", "url_citations": "http://scholar.google.com/scholar?cites=10706677170970974131&as_sdt=2005&sciodt=1,5&hl=en"}, {"num_versions": 4, "url_citation": null, "title": "Students' approaches to learning", "url": "http://www.aaajournals.org/doi/abs/10.2308/iace.2007.22.2.183", "url_versions": "http://scholar.google.com/scholar?cluster=8179299792098295977&hl=en&as_sdt=1,5&sciodt=1,5&as_vis=1", "authors": "A Duff, S McKinstry - Issues in accounting education", "excerpt": "This paper provides an overview of the students' approaches to learning (SAL) literature, including a review of the models, theories, and research instruments. SAL research has developed largely in the United Kingdom and Australasia, where its concepts are widely  ...", "url_pdf": null, "num_citations": 65, "cluster_id": "8179299792098295977", "year": "2007", "url_citations": "http://scholar.google.com/scholar?cites=8179299792098295977&as_sdt=2005&sciodt=1,5&hl=en"}, {"num_versions": 5, "url_citation": null, "title": "Threshold practices: becoming a student through academic literacies", "url": "http://www.tandfonline.com/doi/abs/10.1080/14748460903003626", "url_versions": "http://scholar.google.com/scholar?cluster=6741800194763802701&hl=en&as_sdt=1,5&sciodt=1,5&as_vis=1", "authors": "L Gourlay - London Review of Education", "excerpt": "Student transitions into the university are often conceived of via an apprentice\u2010type model, or as entrance into a 'community of practice'. This paper disputes the applicability of these models to the indeterminate and opaque nature of student experiences of academic  ...", "url_pdf": null, "num_citations": 42, "cluster_id": "6741800194763802701", "year": "2009", "url_citations": "http://scholar.google.com/scholar?cites=6741800194763802701&as_sdt=2005&sciodt=1,5&hl=en"}, {"num_versions": 10, "url_citation": null, "title": "Fidelity as a precondition for integrity in grading academic achievement", "url": "http://www.tandfonline.com/doi/abs/10.1080/02602930902977756", "url_versions": "http://scholar.google.com/scholar?cluster=15194180360554083777&hl=en&as_sdt=1,5&sciodt=1,5&as_vis=1", "authors": "DR Sadler - Assessment & Evaluation in Higher Education", "excerpt": "If a grade is to be trusted as an authentic representation of a student's level of academic achievement, one of the requirements is that all the elements that contribute to that grade must qualify as achievement, and not be something else. The implications of taking this  ...", "url_pdf": null, "num_citations": 59, "cluster_id": "15194180360554083777", "year": "2010", "url_citations": "http://scholar.google.com/scholar?cites=15194180360554083777&as_sdt=2005&sciodt=1,5&hl=en"}, {"num_versions": 8, "url_citation": null, "title": "Seeing through the lens of social justice: A threshold for engineering", "url": "http://www.tandfonline.com/doi/abs/10.1080/03043790902987410", "url_versions": "http://scholar.google.com/scholar?cluster=13500984577758525871&hl=en&as_sdt=1,5&sciodt=1,5&as_vis=1", "authors": "J Kabo, C Baillie - European Journal of Engineering Education", "excerpt": "In this paper, we have explored how students in a cross-disciplinary course on engineering and social justice approached the idea of using social justice as a lens for looking at engineering. We have used an adapted phenomenographic approach [Marton, F., and  ...", "url_pdf": null, "num_citations": 38, "cluster_id": "13500984577758525871", "year": "2009", "url_citations": "http://scholar.google.com/scholar?cites=13500984577758525871&as_sdt=2005&sciodt=1,5&hl=en"}, {"num_versions": 21, "url_citation": null, "title": "E-tivities: The key to active online learning", "url": "http://scholar.google.com/https://books.google.com/books?hl=en&lr=&id=uyNludSF12gC&oi=fnd&pg=PP1&ots=2kYV2nGZZ6&sig=uTjc4PFbzSt4J_0N2CCPQN6JZVM", "url_versions": "http://scholar.google.com/scholar?cluster=17239355285146083059&hl=en&as_sdt=1,5&sciodt=1,5&as_vis=1", "authors": "G Salmon -", "excerpt": "The world of learning and teaching is at a watershed; confronted by challenges to previous educational models. One learning future lies in impactful, purposeful, active online activities, or 'e-tivities', that keep learners engaged, motivated, and participating. Grounded in the  ...", "url_pdf": null, "num_citations": 1237, "cluster_id": "17239355285146083059", "year": "2013", "url_citations": "http://scholar.google.com/scholar?cites=17239355285146083059&as_sdt=2005&sciodt=1,5&hl=en"}, {"num_versions": 3, "url_citation": null, "title": "Learning Spaces: Creating Opportunities For Knowledge Creation In Academic Life: Creating Oppurtunities for Knowledge Creation in Academic Life", "url": "http://scholar.google.com/https://books.google.com/books?hl=en&lr=&id=cejsAAAAQBAJ&oi=fnd&pg=PP1&ots=kp-FSCQBzz&sig=YcH92b9h8bKbYtcJsAWA7KMkzUU", "url_versions": "http://scholar.google.com/scholar?cluster=10084579241590438031&hl=en&as_sdt=1,5&sciodt=1,5&as_vis=1", "authors": "M Savin-Baden -", "excerpt": "This book sets out to (re) capture learning spaces within academic life. By challenging the notion that academic thinking must take place in cramped, busy working spaces, it re-introduces the reader to the importance of spaces for reflecting, thinking and writing.", "url_pdf": null, "num_citations": 110, "cluster_id": "10084579241590438031", "year": "2007", "url_citations": "http://scholar.google.com/scholar?cites=10084579241590438031&as_sdt=2005&sciodt=1,5&hl=en"}, {"num_versions": 2, "url_citation": null, "title": "Challenging research in problem-based learning", "url": "http://scholar.google.com/https://books.google.com/books?hl=en&lr=&id=MajlAAAAQBAJ&oi=fnd&pg=PP1&ots=S61-hPmAn5&sig=4-o1x279N7zIzb2L21LmphLcC9w", "url_versions": "http://scholar.google.com/scholar?cluster=5847509583957928979&hl=en&as_sdt=1,5&sciodt=1,5&as_vis=1", "authors": "M Savin Baden, K Wilkie -", "excerpt": "This book presents international research into Problem-based Learning within a range of subject and vocational disciplines, applications and cultures from a variety of perspectives: student, facilitator, module leader, curriculum designer. It presents a range of findings  ...", "url_pdf": null, "num_citations": 69, "cluster_id": "5847509583957928979", "year": "2004", "url_citations": "http://scholar.google.com/scholar?cites=5847509583957928979&as_sdt=2005&sciodt=1,5&hl=en"}, {"num_versions": 4, "url_citation": null, "title": "Empirical foundation of central concepts for computer science education", "url": "http://dl.acm.org/citation.cfm?id=1362790", "url_versions": "http://scholar.google.com/scholar?cluster=9635180811846794487&hl=en&as_sdt=1,5&sciodt=1,5&as_vis=1", "authors": "A Zendler, C Spannagel - Journal on Educational Resources in  \u2026", "excerpt": "Abstract The design of computer science curricula should rely on central concepts of the discipline rather than on technical short-term developments. Several authors have proposed lists of basic concepts or fundamental ideas in the past. However, these catalogs were  ...", "url_pdf": null, "num_citations": 58, "cluster_id": "9635180811846794487", "year": "2008", "url_citations": "http://scholar.google.com/scholar?cites=9635180811846794487&as_sdt=2005&sciodt=1,5&hl=en"}, {"num_versions": 9, "url_citation": null, "title": "Greater than the sum of its parts: Transition into the first year of undergraduate nursing", "url": "http://www.sciencedirect.com/science/article/pii/S1471595308000401", "url_versions": "http://scholar.google.com/scholar?cluster=8438883130090618557&hl=en&as_sdt=1,5&sciodt=1,5&as_vis=1", "authors": "N Andrew, C McGuinness, G Reid\u2026 - Nurse Education in  \u2026", "excerpt": "In 2006 the School of Nursing, Midwifery and Community Health, Glasgow Caledonian University, introduced an action research initiative: The Enhance Project. Originally designed to provide academic support for first year undergraduate nursing students, this  ...", "url_pdf": null, "num_citations": 41, "cluster_id": "8438883130090618557", "year": "2009", "url_citations": "http://scholar.google.com/scholar?cites=8438883130090618557&as_sdt=2005&sciodt=1,5&hl=en"}, {"num_versions": 3, "url_citation": null, "title": "Being a university", "url": "http://scholar.google.com/https://books.google.com/books?hl=en&lr=&id=YqXHBQAAQBAJ&oi=fnd&pg=PT18&ots=1bMxeHkHi4&sig=PTWMN4vfIePBKZlc107pT6amDMQ", "url_versions": "http://scholar.google.com/scholar?cluster=14942172380673361954&hl=en&as_sdt=1,5&sciodt=1,5&as_vis=1", "authors": "R Barnett -", "excerpt": "Being a University There is nosingle idea oftheuniversity. Eversince its medieval origin,the conceptof the university hascontinued to change. The metaphysical university gaveway successivelytothe scientific university, and thentothe corporate and the entrepreneurial university. But what  ... ", "url_pdf": null, "num_citations": 176, "cluster_id": "14942172380673361954", "year": "2010", "url_citations": "http://scholar.google.com/scholar?cites=14942172380673361954&as_sdt=2005&sciodt=1,5&hl=en"}, {"num_versions": 3, "url_citation": null, "title": "Changing identities in higher education: Voicing perspectives", "url": "http://scholar.google.com/https://books.google.com/books?hl=en&lr=&id=vrNyij6kUC8C&oi=fnd&pg=PP1&ots=vZ7CT51cM8&sig=-bPIrs5JdoyluIUWDvbjSESrM5k", "url_versions": "http://scholar.google.com/scholar?cluster=9823601556754666831&hl=en&as_sdt=1,5&sciodt=1,5&as_vis=1", "authors": "R Barnett, R Di Napoli -", "excerpt": "In this timely and innovative book scholars from Europe, the UK, North America and Australia, explore their own sense of identity, reflecting both on their research and scholarly interests, and their work experiences. Taking the form of a debate, Changing Identities in  ...", "url_pdf": null, "num_citations": 79, "cluster_id": "9823601556754666831", "year": "2007", "url_citations": "http://scholar.google.com/scholar?cites=9823601556754666831&as_sdt=2005&sciodt=1,5&hl=en"}, {"num_versions": 12, "url_citation": null, "title": "Uncanny spaces for higher education: teaching and learning in virtual worlds", "url": "http://researchinlearningtechnology.net/index.php/rlt/article/download/10898/12570", "url_versions": "http://scholar.google.com/scholar?cluster=8470033998807477638&hl=en&as_sdt=1,5&sciodt=1,5&as_vis=1", "authors": "S Bayne - Research in Learning Technology", "excerpt": "This paper brings together the theory of the uncanny as it emerges in cultural theory, with an understanding of the uncanniness and troublesomeness seen to be inherent in certain understandings of teaching and learning in higher education. Drawing on research into  ...", "url_pdf": null, "num_citations": 59, "cluster_id": "8470033998807477638", "year": "2008", "url_citations": "http://scholar.google.com/scholar?cites=8470033998807477638&as_sdt=2005&sciodt=1,5&hl=en"}, {"num_versions": 4, "url_citation": null, "title": "Perspective: simulation and transformational change: the paradox of expertise", "url": "http://journals.lww.com/academicmedicine/Abstract/2009/07000/Perspective__Simulation_and_Transformational.33.aspx", "url_versions": "http://scholar.google.com/scholar?cluster=9149735269404460205&hl=en&as_sdt=1,5&sciodt=1,5&as_vis=1", "authors": "R Kneebone - Academic medicine", "excerpt": "Abstract Simulation is widely seen as a space where procedural skills can be practiced in safety, free from the pressures and complexities of clinical care. Central to this approach is the notion of simplification, a stripping down of skills into their component parts. Yet the  ...", "url_pdf": null, "num_citations": 48, "cluster_id": "9149735269404460205", "year": "2009", "url_citations": "http://scholar.google.com/scholar?cites=9149735269404460205&as_sdt=2005&sciodt=1,5&hl=en"}, {"num_versions": 8, "url_citation": null, "title": "The identification of threshold concepts: a review of theoretical complexities and methodological challenges", "url": "http://link.springer.com/article/10.1007/s10734-012-9542-3", "url_versions": "http://scholar.google.com/scholar?cluster=2926456157250854636&hl=en&as_sdt=1,5&sciodt=1,5&as_vis=1", "authors": "S Barradell - Higher education", "excerpt": "Abstract While the study of threshold concepts is a growing area of research, their identification has not proven to be an easy process. However, identification matters because of the potential impact of threshold concepts on the learning experiences of students. A  ...", "url_pdf": null, "num_citations": 32, "cluster_id": "2926456157250854636", "year": "2013", "url_citations": "http://scholar.google.com/scholar?cites=2926456157250854636&as_sdt=2005&sciodt=1,5&hl=en"}, {"num_versions": 5, "url_citation": null, "title": "Student-centredness: The link between transforming students and transforming ourselves", "url": "http://www.tandfonline.com/doi/abs/10.1080/13562517.2010.491910", "url_versions": "http://scholar.google.com/scholar?cluster=4095972132366543561&hl=en&as_sdt=1,5&sciodt=1,5&as_vis=1", "authors": "MAL Blackie, JM Case, J Jawitz - Teaching in Higher Education", "excerpt": "It is widely accepted in the higher education literature that a student-centred approach is pedagogically superior to a teacher-centred approach. In this paper, we explore the notion of student-centredness as a threshold concept and the implications this might have for  ...", "url_pdf": null, "num_citations": 36, "cluster_id": "4095972132366543561", "year": "2010", "url_citations": "http://scholar.google.com/scholar?cites=4095972132366543561&as_sdt=2005&sciodt=1,5&hl=en"}, {"num_versions": 5, "url_citation": null, "title": "Discipline-based education research: understanding and improving learning in undergraduate science and engineering", "url": "http://scholar.google.com/https://books.google.com/books?hl=en&lr=&id=1GAy-pVkmKsC&oi=fnd&pg=PR1&ots=zqTfi4TQl3&sig=vjrVNKbQ6owpLrlmB7pGehQ-cGo", "url_versions": "http://scholar.google.com/scholar?cluster=11265570623643828452&hl=en&as_sdt=1,5&sciodt=1,5&as_vis=1", "authors": "SR Singer, NR Nielsen, HA Schweingruber -", "excerpt": "The National Science Foundation funded a synthesis study on the status, contributions, and future direction of discipline-based education research (DBER) in physics, biological sciences, geosciences, and chemistry. DBER combines knowledge of teaching and  ...", "url_pdf": null, "num_citations": 110, "cluster_id": "11265570623643828452", "year": "2012", "url_citations": "http://scholar.google.com/scholar?cites=11265570623643828452&as_sdt=2005&sciodt=1,5&hl=en"}, {"num_versions": 6, "url_citation": null, "title": "Tribes and territories in the 21st century: Rethinking the significance of disciplines in higher education", "url": "http://scholar.google.com/https://books.google.com/books?hl=en&lr=&id=SuTGBQAAQBAJ&oi=fnd&pg=PT16&ots=uRqZhnV2pq&sig=m1aw5P0RnKmo92EWMIrdTSh5S14", "url_versions": "http://scholar.google.com/scholar?cluster=5279024833408410856&hl=en&as_sdt=1,5&sciodt=1,5&as_vis=1", "authors": "P Trowler, M Saunders, V Bamber -", "excerpt": "The 'tribes and territories' metaphor for the cultures of academic disciplines and their roots in different knowledge characteristics has been used by those interested in university life and work since the early 1990s. This book draws together research, data and theory to show  ...", "url_pdf": null, "num_citations": 51, "cluster_id": "5279024833408410856", "year": "2012", "url_citations": "http://scholar.google.com/scholar?cites=5279024833408410856&as_sdt=2005&sciodt=1,5&hl=en"}, {"num_versions": 4, "url_citation": null, "title": "Design students' experience of engagement and creativity", "url": "http://www.ingentaconnect.com/content/intellect/adche/2007/00000006/00000001/art00002", "url_versions": "http://scholar.google.com/scholar?cluster=12786188870754550509&hl=en&as_sdt=1,5&sciodt=1,5&as_vis=1", "authors": "A Reid, I Solomonides - Art, Design & Communication in Higher \u2026", "excerpt": "The terms creativity and engagement are used broadly throughout the literature and are in common usage in our education and design language. Students, however, understand these terms in unexpected ways and this can sometimes cause a disjunction between the  ...", "url_pdf": null, "num_citations": 43, "cluster_id": "12786188870754550509", "year": "2007", "url_citations": "http://scholar.google.com/scholar?cites=12786188870754550509&as_sdt=2005&sciodt=1,5&hl=en"}, {"num_versions": 9, "url_citation": null, "title": "How university teaching changes teachers: Affective as well as cognitive challenges", "url": "http://link.springer.com/article/10.1007/s10734-004-6782-x", "url_versions": "http://scholar.google.com/scholar?cluster=16968168465048815361&hl=en&as_sdt=1,5&sciodt=1,5&as_vis=1", "authors": "E Martin, G Lueckenhausen - Higher Education", "excerpt": "Abstract This paper argues that the teaching of a subject can change our understanding of what it means to know, to teach and learn that subject. It also argues that when our understanding is questioned and changes then academic work can become an  ...", "url_pdf": null, "num_citations": 45, "cluster_id": "16968168465048815361", "year": "2005", "url_citations": "http://scholar.google.com/scholar?cites=16968168465048815361&as_sdt=2005&sciodt=1,5&hl=en"}, {"num_versions": 14, "url_citation": null, "title": "Threshold concepts and information literacy", "url": "http://muse.jhu.edu/journals/pla/summary/v011/11.3.townsend.html", "url_versions": "http://scholar.google.com/scholar?cluster=7057274723475308842&hl=en&as_sdt=1,5&sciodt=1,5&as_vis=1", "authors": "L Townsend, K Brunetti, AR Hofer - portal: Libraries and the Academy", "excerpt": "Abstract: What do we teach when we teach information literacy in higher education? This paper describes a pedagogical approach to information literacy that helps instructors focus content around transformative learning thresholds. The threshold concept framework  ...", "url_pdf": null, "num_citations": 40, "cluster_id": "7057274723475308842", "year": "2011", "url_citations": "http://scholar.google.com/scholar?cites=7057274723475308842&as_sdt=2005&sciodt=1,5&hl=en"}]