[{"num_versions": 12, "url_citation": null, "title": "Supportive relationship: Experiences of Iranian students and teachers concerning student-teacher relationship in clinical nursing education", "url": "http://www.ncbi.nlm.nih.gov/pmc/articles/PMC3917130/", "url_versions": "http://scholar.google.com/scholar?cluster=8596672826021052473&hl=en&as_sdt=1,5&sciodt=1,5&as_vis=1", "authors": "A Heydari, F Yaghoubinia\u2026 - Iranian journal of nursing  \u2026", "excerpt": "Background: Student-teacher relationship is a salient issue in nursing education and has long-lasting implication in professional development of nursing students. Nowadays, this relationship in clinical settings is different from the past due to changing in nursing  ...", "url_pdf": null, "num_citations": 3, "cluster_id": "8596672826021052473", "year": "2013", "url_citations": "http://scholar.google.com/scholar?cites=8596672826021052473&as_sdt=2005&sciodt=1,5&hl=en"}, {"num_versions": 10, "url_citation": null, "title": "Black Nursing Students: Strategies for Academic Success", "url": "http://www.nlnjournals.org/doi/abs/10.5480/11-563.1", "url_versions": "http://scholar.google.com/scholar?cluster=2354310930432854873&hl=en&as_sdt=1,5&sciodt=1,5&as_vis=1", "authors": "JA Dapremont - Nursing education perspectives", "excerpt": "Abstract AIM The purpose of this qualitative research study was to determine the strategies Black graduates of predominantly White education programs used to successfully complete their degrees. BACKGROUND As the United States becomes more culturally and racially  ...", "url_pdf": null, "num_citations": 1, "cluster_id": "2354310930432854873", "year": "2014", "url_citations": "http://scholar.google.com/scholar?cites=2354310930432854873&as_sdt=2005&sciodt=1,5&hl=en"}, {"num_versions": 9, "url_citation": null, "title": "Use of peer teaching to enhance student and patient education", "url": "http://planetreegrove.com/wp-content/uploads/2013/01/Use-of-Peer-Teaching-to-Enhance-Student-and-Patient-Education.pdf", "url_versions": "http://scholar.google.com/scholar?cluster=946052444226905823&hl=en&as_sdt=1,5&sciodt=1,5&as_vis=1", "authors": "R Priharjo, G Hoy - Journal of Nursing Standard", "excerpt": "SummarY This article describes an evaluation of a peer-teaching project undertaken by second-year nursing students at a higher education institution in England. The initiative has enhanced the students' understanding of peer education. The importance of the nurse's  ...", "url_pdf": "http://planetreegrove.com/wp-content/uploads/2013/01/Use-of-Peer-Teaching-to-Enhance-Student-and-Patient-Education.pdf", "num_citations": 6, "cluster_id": "946052444226905823", "year": "2011", "url_citations": "http://scholar.google.com/scholar?cites=946052444226905823&as_sdt=2005&sciodt=1,5&hl=en"}, {"num_versions": 4, "url_citation": null, "title": "What factors influence learning of psychomotor skills by dental students?", "url": "http://scholar.google.com/https://digital.library.adelaide.edu.au/dspace/handle/2440/63693", "url_versions": "http://scholar.google.com/scholar?cluster=16296160598491034638&hl=en&as_sdt=1,5&sciodt=1,5&as_vis=1", "authors": "N Suksudaj -", "excerpt": "Several key factors have been identified that relate to skill acquisition: a) ability, b) motivation, c) thinking processes and d) learning environments. Other health professions have used learning theories to inform study designs when investigating skill acquisition  ...", "url_pdf": null, "num_citations": 2, "cluster_id": "16296160598491034638", "year": "2010", "url_citations": "http://scholar.google.com/scholar?cites=16296160598491034638&as_sdt=2005&sciodt=1,5&hl=en"}, {"num_versions": 3, "url_citation": null, "title": "Impact of Near-peer teaching on Learning Dressing Skill among Nursing Students", "url": "http://ijme.mui.ac.ir/browse.php?a_id=3353&slc_lang=en&sid=1&printcase=1&hbnr=1&hmb=1", "url_versions": "http://scholar.google.com/scholar?cluster=9228869434700235347&hl=en&as_sdt=1,5&sciodt=1,5&as_vis=1", "authors": "M Motevasseliyan, K Nasiriaian - Iranian Journal of Medical Education", "excerpt": "Introduction: One of the new methods of teaching is peer teaching. Although it has been applied to various contexts, its efficacy has gained little attention in nursing education especially in clinical skills. Therefore, this study examined the effect of near-peer teaching  ...", "url_pdf": null, "num_citations": 1, "cluster_id": "9228869434700235347", "year": "2014", "url_citations": "http://scholar.google.com/scholar?cites=9228869434700235347&as_sdt=2005&sciodt=1,5&hl=en"}, {"num_versions": 2, "url_citation": null, "title": "Peer teaching experiences of final year paramedic students: 2011-2012", "url": "http://ro.uow.edu.au/ajpl/vol7/iss1/7/", "url_versions": "http://scholar.google.com/scholar?cluster=14886684022333508208&hl=en&as_sdt=1,5&sciodt=1,5&as_vis=1", "authors": "B Williams, H Fellows, K Eastwood\u2026 - Journal of Peer Learning", "excerpt": "Abstract Peer assisted learning (PAL) is one method of teaching which involves peers, or people from similar social groups, in reciprocal learning where one peer educates another and in return learns through the teaching experience. There have been many reported  ...", "url_pdf": null, "num_citations": 3, "cluster_id": "14886684022333508208", "year": "2014", "url_citations": "http://scholar.google.com/scholar?cites=14886684022333508208&as_sdt=2005&sciodt=1,5&hl=en"}, {"num_versions": 10, "url_citation": null, "title": "Co-construction of knowledge in tertiary online settings: an ecology of resources perspective", "url": "http://link.springer.com/article/10.1007/s11251-012-9222-9", "url_versions": "http://scholar.google.com/scholar?cluster=12602031170567981255&hl=en&as_sdt=1,5&sciodt=1,5&as_vis=1", "authors": "N Westberry, M Franken - Instructional Science", "excerpt": "Abstract Tertiary education has seen a shift toward pedagogies that make use of social interaction. As part of the shift, teachers have considered re-framing their role in the teaching process, and giving more attention to ways in which knowledge construction amongst  ...", "url_pdf": null, "num_citations": 14, "cluster_id": "12602031170567981255", "year": "2013", "url_citations": "http://scholar.google.com/scholar?cites=12602031170567981255&as_sdt=2005&sciodt=1,5&hl=en"}, {"num_versions": 13, "url_citation": null, "title": "Research and Development in Higher Education: Connections in Higher Education Volume 35", "url": "http://scholar.google.com/https://www.herdsa.org.au/wp-content/uploads/conference/2012/HERDSA_2012_Sanderson.pdf", "url_versions": "http://scholar.google.com/scholar?cluster=7862884656992154000&hl=en&as_sdt=1,5&sciodt=1,5&as_vis=1", "authors": "HG Chancellor - Annual Conference", "excerpt": "This study investigates the issues academics face when they accept positions which label them as 'expatriate'. It looks at the many challenges they face from a social perspective (Richardson, 2000; Schermerhorn, 1999) and focuses on these in relation to connections;  ...", "url_pdf": "http://scholar.google.com/https://www.herdsa.org.au/wp-content/uploads/conference/2012/HERDSA_2012_Sanderson.pdf", "num_citations": 2, "cluster_id": "7862884656992154000", "year": "2012", "url_citations": "http://scholar.google.com/scholar?cites=7862884656992154000&as_sdt=2005&sciodt=1,5&hl=en"}, {"num_versions": 4, "url_citation": null, "title": "The experience of interdisciplinary peer\u2010assisted learning (PAL)", "url": "http://onlinelibrary.wiley.com/doi/10.1111/j.1743-498X.2012.00568.x/full", "url_versions": "http://scholar.google.com/scholar?cluster=6590247829396122630&hl=en&as_sdt=1,5&sciodt=1,5&as_vis=1", "authors": "C Saunders, A Smith, H Watson, A Nimmo\u2026 - The clinical  \u2026", "excerpt": "Background: The importance and benefits of interdisciplinary practice in health care have been well documented. Despite this, few medical schools have developed formal curriculum opportunities for interdisciplinary teaching. Here, as an example of medical and nursing  ...", "url_pdf": null, "num_citations": 3, "cluster_id": "6590247829396122630", "year": "2012", "url_citations": "http://scholar.google.com/scholar?cites=6590247829396122630&as_sdt=2005&sciodt=1,5&hl=en"}, {"num_versions": 2, "url_citation": null, "title": "\ub300\ud559\uc758 \ub3d9\ub8cc \ud29c\ud130\ub9c1 \ud504\ub85c\uadf8\ub7a8\uc5d0\uc11c \uc778\uc2dd\ub41c \ud29c\ud130\uc758 \uc5ed\ud560\uc774 \ub9cc\uc871\ub3c4\uc640 \ud559\uc2b5\uc131\uacfc\ud310\ub2e8\uc5d0 \ubbf8\uce58\ub294 \uc601\ud5a5", "url": "http://www.newnonmun.com/article=27689", "url_versions": "http://scholar.google.com/scholar?cluster=13230750129512030101&hl=en&as_sdt=1,5&sciodt=1,5&as_vis=1", "authors": "\ud55c\uc548\ub098 - \ud559\uc2b5\uc790\uc911\uc2ec\uad50\uacfc\uad50\uc721\uc5f0\uad6c", "excerpt": "\ubcf8 \uc5f0\uad6c\ub294 \ub300\ud559\uc758 \ub3d9\ub8cc \ud29c\ud130\ub9c1 \ud504\ub85c\uadf8\ub7a8\uc5d0\uc11c \ud29c\ud2f0\uac00 \uc778\uc2dd\ud55c \ud29c\ud130\uc758 \uc5ed\ud560\uc774 \ub9cc\uc871\ub3c4\uc640 \ud559\uc2b5\uc131\uacfc\ud310\ub2e8\uc5d0 \ubbf8\uce58\ub294 \uc601\ud5a5\uc744 \ubd84\uc11d\ud558\uace0\uc790 \ud558\uc600\ub2e4. \uc774\ub97c \uc704\ud574 \uc120\ud589\uc5f0\uad6c\ubd84\uc11d\uc744 \ud1b5\ud574 \ub300\ud559\uc758 \ub3d9\ub8cc \ud29c\ud130\ub9c1 \ud504\ub85c\uadf8\ub7a8\uc5d0 \uc801\ud569\ud55c \ud29c\ud130\uc758 \uc5ed\ud560\uc744 \ubd84\uc11d\ud558\uc5ec \ud559\uc2b5\uacfc\uc815 \uc548\ub0b4\uc790, \ud559\uc2b5\uc790\uc6d0 \uc81c\uacf5\uc790,  ...", "url_pdf": null, "num_citations": 7, "cluster_id": "13230750129512030101", "year": "2011", "url_citations": "http://scholar.google.com/scholar?cites=13230750129512030101&as_sdt=2005&sciodt=1,5&hl=en"}, {"num_versions": 6, "url_citation": null, "title": "Impact of peer teaching on nursing students: Perceptions of learning environment, self-efficacy, and knowledge", "url": "http://www.sciencedirect.com/science/article/pii/S0260691712003917", "url_versions": "http://scholar.google.com/scholar?cluster=17863283599666172864&hl=en&as_sdt=1,5&sciodt=1,5&as_vis=1", "authors": "KB Brannagan, A Dellinger, J Thomas, D Mitchell\u2026 - Nurse education  \u2026", "excerpt": "Objectives The purpose of the current study was to examine the impact of peer-teaching learning experiences on nursing students in roles of tutee and tutor in a clinical lab environment. Settings This study was conducted over a three-semester period at a South  ...", "url_pdf": null, "num_citations": 7, "cluster_id": "17863283599666172864", "year": "2013", "url_citations": "http://scholar.google.com/scholar?cites=17863283599666172864&as_sdt=2005&sciodt=1,5&hl=en"}, {"num_versions": 3, "url_citation": null, "title": "A scheme for improving ICT units with critically low student satisfaction", "url": "http://dl.acm.org/citation.cfm?id=1999819", "url_versions": "http://scholar.google.com/scholar?cluster=2075433109598948810&hl=en&as_sdt=1,5&sciodt=1,5&as_vis=1", "authors": "A Carbone, J Wong, J Ceddia - Proceedings of the 16th annual joint  \u2026", "excerpt": "Abstract Unit evaluations across many Australian universities indicate that close to 10% of units in Information and Communication Technology (ICT) and Engineering disciplines are flagged as needing critical attention, and as such these faculties often struggle to meet  ...", "url_pdf": null, "num_citations": 8, "cluster_id": "2075433109598948810", "year": "2011", "url_citations": "http://scholar.google.com/scholar?cites=2075433109598948810&as_sdt=2005&sciodt=1,5&hl=en"}, {"num_versions": 6, "url_citation": null, "title": "Enhancing the transition from a Foundation Degree to the third year of an Undergraduate Degree", "url": "http://www.tandfonline.com/doi/abs/10.1080/14703297.2011.593702", "url_versions": "http://scholar.google.com/scholar?cluster=5823946178269887867&hl=en&as_sdt=1,5&sciodt=1,5&as_vis=1", "authors": "G Mytton, P Rumbold - Innovations in Education and Teaching  \u2026", "excerpt": "One-day transition to university workshops have been successful in enhancing peer networks. This study aimed to influence the transition from a Foundation Degree to a third year Undergraduate Degree programme through the use of peer led workshops. Two 2- ...", "url_pdf": null, "num_citations": 4, "cluster_id": "5823946178269887867", "year": "2011", "url_citations": "http://scholar.google.com/scholar?cites=5823946178269887867&as_sdt=2005&sciodt=1,5&hl=en"}, {"num_versions": 7, "url_citation": null, "title": "Medical students as teachers: How preclinical teaching opportunities can create an early awareness of the role of physician as teacher", "url": "http://www.tandfonline.com/doi/abs/10.3109/0142159X.2010.531154", "url_versions": "http://scholar.google.com/scholar?cluster=9784934731109977331&hl=en&as_sdt=1,5&sciodt=1,5&as_vis=1", "authors": "JMH Amorosa, LA Mellman, MJ Graham - Medical teacher", "excerpt": "Background: As future physicians, questions about when medical students realize they will have to teach remain under-explored. Aim: To understand when students serving in pre-clinical teaching roles make the connection between teaching and being a physician.  ...", "url_pdf": null, "num_citations": 17, "cluster_id": "9784934731109977331", "year": "2011", "url_citations": "http://scholar.google.com/scholar?cites=9784934731109977331&as_sdt=2005&sciodt=1,5&hl=en"}, {"num_versions": 5, "url_citation": null, "title": "Turning the tables: When the student teaches the professional\u2014A case description of an innovative teaching approach as told by the students", "url": "http://www.sciencedirect.com/science/article/pii/S0260691710002492", "url_versions": "http://scholar.google.com/scholar?cluster=13749472986450410974&hl=en&as_sdt=1,5&sciodt=1,5&as_vis=1", "authors": "C Savage, S Amanali, A Andersson, SC L\u00f6hr\u2026 - Nurse education  \u2026", "excerpt": "BACKGROUND: Is it possible to increase the value, meaningfulness, and relevance of a course experience by integrating it with the healthcare context? Students and teachers from a course on organization, learning and leadership sought to explore this possibility  ...", "url_pdf": null, "num_citations": 3, "cluster_id": "13749472986450410974", "year": "2011", "url_citations": "http://scholar.google.com/scholar?cites=13749472986450410974&as_sdt=2005&sciodt=1,5&hl=en"}, {"num_versions": 3, "url_citation": null, "title": "Peer-tutoring \u7406\u8bba\u53ca\u5176\u5728\u62a4\u7406\u6559\u5b66\u4e2d\u5e94\u7528\u7684\u610f\u4e49", "url": "http://www.cqvip.com/qk/92301b/200709/25411187.html", "url_versions": "http://scholar.google.com/scholar?cluster=5159194198475198470&hl=en&as_sdt=1,5&sciodt=1,5&as_vis=1", "authors": "\u8463\u5b81\uff0c \u6731\u4e39 - \u62a4\u7406\u7814\u7a76: \u4e0a\u65ec\u7248", "excerpt": "\u6211\u7684\u7ef4\u666e: \u5e10\u6237\u4f59\u989d; \u5145\u503c\u8bb0\u5f55; \u4e0b\u8f7d\u8bb0\u5f55; \u6211\u7684\u6536\u85cf. \u8d2d\u7269\u8f66; \u5145\u503c; \u5ba2\u670d. \u9996\u9875 | \u671f\u520a\u5927\u5168 |\u5728\u7ebf\u51fa\u7248 | \u5728\u7ebf\u8003\u8bd5 | \u4f01\u4e1a\u60c5\u62a5\u9986 | \u5b66\u8005\u7a7a\u95f4 | \u5b66\u672f\u673a\u6784 | \u8bba\u6587\u53d1\u8868 | EI\u68c0\u7d22\u4f1a\u8bae |.\u60a8\u7684\u4f4d\u7f6e\uff1a\u7f51\u7ad9\u9996\u9875 > \u300a\u4e2d\u6587\u79d1\u6280\u671f\u520a\u6570\u636e\u5e93\u300b > \u4eba\u6587\u793e\u79d1 > \u6559\u80b2 > \u6559\u5b66\u7406\u8bba > \u6458\u8981. ...", "url_pdf": null, "num_citations": 4, "cluster_id": "5159194198475198470", "year": "2007", "url_citations": "http://scholar.google.com/scholar?cites=5159194198475198470&as_sdt=2005&sciodt=1,5&hl=en"}, {"num_versions": 3, "url_citation": null, "title": "\u540c\u4f34\u8f85\u5bfc\u6559\u5b66\u5728\u62a4\u7406\u6559\u80b2\u4e2d\u7684\u7814\u7a76\u8fdb\u5c55", "url": "http://www.cqvip.com/qk/85564x/201301/44518807.html", "url_versions": "http://scholar.google.com/scholar?cluster=9933500534292517029&hl=en&as_sdt=1,5&sciodt=1,5&as_vis=1", "authors": "\u8463\u9759\u9759 - \u4e0a\u6d77\u62a4\u7406", "excerpt": "\u62a4\u7406\u6559\u80b2\u7684\u603b\u76ee\u6807\u662f\u8ba9\u5b66\u751f\u5728\u77e5\u8bc6, \u6280\u80fd\u548c\u60c5\u611f3 \u4e2a\u9886\u57df\u5f97\u5230\u5168\u9762\u53d1\u5c55, \u57f9\u517b\u5177\u6709\u4e30\u5bcc\u7406\u8bba\u77e5\u8bc6\u548c\u4e34\u5e8a\u5b9e\u8df5\u80fd\u529b\u7684\u62a4\u7406\u4eba\u624d. \u6210\u4e3a\u79f0\u804c\u7684\u62a4\u7406\u5de5\u4f5c\u8005, \u77e5\u8bc6\u9886\u57df\u9664\u4e86\u5c06\u7406\u8bba\u77e5\u8bc6\u5e94\u7528\u4e8e\u5b9e\u8df5\u4ee5\u5916, \u8fd8\u5305\u62ec\u95ee\u9898\u89e3\u51b3, \u6279\u5224\u6027\u601d\u7ef4\u548c\u51b3\u7b56\u5236\u5b9a\u7b49\u8ba4\u77e5\u6280\u80fd; \u6280\u80fd\u9886\u57df\u9664\u4e86\u57fa\u672c\u64cd\u4f5c\u6280\u80fd\u4ee5\u5916, \u8fd8\u5305\u62ec ...", "url_pdf": null, "num_citations": 2, "cluster_id": "9933500534292517029", "year": "2013", "url_citations": "http://scholar.google.com/scholar?cites=9933500534292517029&as_sdt=2005&sciodt=1,5&hl=en"}, {"num_versions": 6, "url_citation": null, "title": "Developing supervision skills through peer learning partnership", "url": "http://www.sciencedirect.com/science/article/pii/S147159531000154X", "url_versions": "http://scholar.google.com/scholar?cluster=8883364662399586639&hl=en&as_sdt=1,5&sciodt=1,5&as_vis=1", "authors": "B Christiansen, IT Bj\u00f8rk, A Havnes\u2026 - Nurse education in  \u2026", "excerpt": "Oslo University College, Faculty of Nursing places undergraduate students in peer learning partnerships: 3rd year students as tutors, and 1st year students as tutees during practical skill learning. A study was designed to investigate this peer learning project. One of the  ...", "url_pdf": null, "num_citations": 6, "cluster_id": "8883364662399586639", "year": "2011", "url_citations": "http://scholar.google.com/scholar?cites=8883364662399586639&as_sdt=2005&sciodt=1,5&hl=en"}, {"num_versions": 10, "url_citation": null, "title": "The value of peer learning in undergraduate nursing education: a systematic review", "url": "http://downloads.hindawi.com/journals/isrn.nursing/2013/930901.pdf", "url_versions": "http://scholar.google.com/scholar?cluster=13831692491404255827&hl=en&as_sdt=1,5&sciodt=1,5&as_vis=1", "authors": "R Stone, S Cooper, R Cant - ISRN nursing", "excerpt": "The study examined various methods of peer learning and their effectiveness in undergraduate nursing education. Using a specifically developed search strategy, healthcare databases were systematically searched for peer-reviewed articles, with  ...", "url_pdf": "http://downloads.hindawi.com/journals/isrn.nursing/2013/930901.pdf", "num_citations": 12, "cluster_id": "13831692491404255827", "year": "2013", "url_citations": "http://scholar.google.com/scholar?cites=13831692491404255827&as_sdt=2005&sciodt=1,5&hl=en"}, {"num_versions": 8, "url_citation": null, "title": "Research and Development in Higher Education: Higher Education on the Edge Volume 34", "url": "http://www.herdsa.org.au/wp-content/uploads/conference/2011/papers/HERDSA_2011_Arthur.PDF", "url_versions": "http://scholar.google.com/scholar?cluster=8441728908450263456&hl=en&as_sdt=1,5&sciodt=1,5&as_vis=1", "authors": "R Resort - Annual Conference", "excerpt": "This paper examines the leadership aspects of a merger between a Church College and a post-1992 university in England, focusing on leadership. The case-study was longitudinal, with data gathered from interviews and questionnaires, starting before the merger and  ...", "url_pdf": null, "num_citations": 22, "cluster_id": "8441728908450263456", "year": "2011", "url_citations": "http://scholar.google.com/scholar?cites=8441728908450263456&as_sdt=2005&sciodt=1,5&hl=en"}, {"num_versions": 3, "url_citation": null, "title": "Implementing a Leadership Course and Mentor Model for Students in the National Student Nurses' Association", "url": "http://journals.lww.com/nurseeducatoronline/Fulltext/2007/07000/Implementing_a_Leadership_Course_and_Mentor_Model.10.aspx", "url_versions": "http://scholar.google.com/scholar?cluster=1249232086186902790&hl=en&as_sdt=1,5&sciodt=1,5&as_vis=1", "authors": "EA Gardner, CK Schmidt - Nurse educator", "excerpt": "Abstract To help student development as responsible and accountable leaders, a mentor model was incorporated into an established voluntary leadership course offered each semester. The student joins the National Student Nurses' Association, completes  ...", "url_pdf": null, "num_citations": 5, "cluster_id": "1249232086186902790", "year": "2007", "url_citations": "http://scholar.google.com/scholar?cites=1249232086186902790&as_sdt=2005&sciodt=1,5&hl=en"}, {"num_versions": 7, "url_citation": null, "title": "Exploration of the effects of peer teaching of research on students in an undergraduate nursing programme", "url": "http://jrn.sagepub.com/content/early/2014/03/20/1744987113519444.abstract", "url_versions": "http://scholar.google.com/scholar?cluster=4033831037131731320&hl=en&as_sdt=1,5&sciodt=1,5&as_vis=1", "authors": "P Thomson, A Smith, S Annesley - Journal of Research in Nursing", "excerpt": "Abstract The use of peer teaching has been recognised as a valuable teaching and learning strategy in higher education. It has been used in nursing as an adjunct to lectures and to support learning in clinical practice. Despite a developing literature there is limited  ...", "url_pdf": null, "num_citations": 7, "cluster_id": "4033831037131731320", "year": "2014", "url_citations": "http://scholar.google.com/scholar?cites=4033831037131731320&as_sdt=2005&sciodt=1,5&hl=en"}, {"num_versions": 2, "url_citation": null, "title": "Finessing Incivility: How student nurses respond to issues concerning their status and learning during practice: A grounded theory.", "url": "http://repository.edgehill.ac.uk/6184/", "url_versions": "http://scholar.google.com/scholar?cluster=14411274387336875756&hl=en&as_sdt=1,5&sciodt=1,5&as_vis=1", "authors": "J Thomas -", "excerpt": "Background: Interest in understanding the socialisation processes that student nurses are exposed to during clinical practice has endured and is warranted given that first year undergraduates have to adapt and develop intellectually, socially, emotionally and  ...", "url_pdf": null, "num_citations": 3, "cluster_id": "14411274387336875756", "year": "2013", "url_citations": "http://scholar.google.com/scholar?cites=14411274387336875756&as_sdt=2005&sciodt=1,5&hl=en"}, {"num_versions": 2, "url_citation": null, "title": "Southern California CSU DNP Consortium", "url": "http://nursing.fullerton.edu/prospectivestudent/dnp/projdeffile/2015/Penuelas_Michelle_DNP_Final_Project_2015.pdf", "url_versions": "http://scholar.google.com/scholar?cluster=4248964577396766150&hl=en&as_sdt=1,5&sciodt=1,5&as_vis=1", "authors": "MC Penuelas -", "excerpt": "Page 1. Southern California CSU DNP Consortium California State University, Fullerton CaliforniaState University, Long Beach California State University, Los Angeles WEIGHT LOSSSTRATEGIES FOR YOUNG OBESE LATINA WOMEN: AN EVIDENCE-BASED TOOL KIT ...", "url_pdf": "http://nursing.fullerton.edu/prospectivestudent/dnp/projdeffile/2015/Penuelas_Michelle_DNP_Final_Project_2015.pdf", "num_citations": 0, "cluster_id": null, "year": "2015", "url_citations": null}, {"num_versions": 6, "url_citation": null, "title": "Expectations and voluntary attrition in nursing students", "url": "http://www.sciencedirect.com/science/article/pii/S147159531000106X", "url_versions": "http://scholar.google.com/scholar?cluster=6415502069502371032&hl=en&as_sdt=1,5&sciodt=1,5&as_vis=1", "authors": "H O'Donnell - Nurse education in practice", "excerpt": "This paper presents a series of findings generated during a larger study which aimed to develop a theoretical understanding of the reasons why nursing students voluntarily leave pre-registration nursing programmes. In this study, significant incongruence was found to  ...", "url_pdf": null, "num_citations": 23, "cluster_id": "6415502069502371032", "year": "2011", "url_citations": "http://scholar.google.com/scholar?cites=6415502069502371032&as_sdt=2005&sciodt=1,5&hl=en"}, {"num_versions": 3, "url_citation": null, "title": "Construction safety and informal training: a two part study", "url": "http://pro.sagepub.com/content/52/21/1723.short", "url_versions": "http://scholar.google.com/scholar?cluster=10039342318013710583&hl=en&as_sdt=1,5&sciodt=1,5&as_vis=1", "authors": "TN Terry, PS Burneo, CM Martinez\u2026 - Proceedings of the  \u2026", "excerpt": "Abstract Informal training consistently occurs on construction worksites without planned or organized instruction or supervision. This study analyzes the benefits, circumstances, and means by which informal training occurs and construction workers' perceptions of job  ...", "url_pdf": null, "num_citations": 3, "cluster_id": "10039342318013710583", "year": "2008", "url_citations": "http://scholar.google.com/scholar?cites=10039342318013710583&as_sdt=2005&sciodt=1,5&hl=en"}, {"num_versions": 6, "url_citation": null, "title": "Applying the technology acceptance model to evaluate the learning companion recommendation system on Facebook", "url": "http://ieeexplore.ieee.org/xpls/abs_all.jsp?arnumber=6305960", "url_versions": "http://scholar.google.com/scholar?cluster=11018935760526062322&hl=en&as_sdt=1,5&sciodt=1,5&as_vis=1", "authors": "HC Chen, CC Hsu, CH Chang\u2026 - \u2026  for Education (T4E),  \u2026", "excerpt": "Abstract\u2014Facebook is currently the most popular social networking site, and it has been used in a number of collaborative learning applications. In a collaborative learning environment, an adaptive learning companion could help learners understand the  ...", "url_pdf": null, "num_citations": 8, "cluster_id": "11018935760526062322", "year": "2012", "url_citations": "http://scholar.google.com/scholar?cites=11018935760526062322&as_sdt=2005&sciodt=1,5&hl=en"}, {"num_versions": 9, "url_citation": null, "title": "effects of a Retention Intervention program for associate degree nursing students", "url": "http://nlnjournals.org/doi/abs/10.5480/12-815.1", "url_versions": "http://scholar.google.com/scholar?cluster=15932000191965286611&hl=en&as_sdt=1,5&sciodt=1,5&as_vis=1", "authors": "K Fontaine - Nursing education perspectives", "excerpt": "Abstract AIM To evaluate the effects of a retention intervention program on nursing students' persistence in obtaining an associate's degree. BACKGROUND An associate degree nursing program at a large community college used a three-year grant from the US  ...", "url_pdf": null, "num_citations": 4, "cluster_id": "15932000191965286611", "year": "2014", "url_citations": "http://scholar.google.com/scholar?cites=15932000191965286611&as_sdt=2005&sciodt=1,5&hl=en"}, {"num_versions": 4, "url_citation": null, "title": "Educational necessities to compensate for faculty shortage", "url": "http://www.jdentaled.org/content/71/4/511.short", "url_versions": "http://scholar.google.com/scholar?cluster=14957605734506075088&hl=en&as_sdt=1,5&sciodt=1,5&as_vis=1", "authors": "R Haj-Ali, MP Walker, CS Petrie\u2026 - Journal of dental  \u2026", "excerpt": "Abstract The purpose of this investigation was to evaluate whether senior dental students (4DS) could serve as effective instructors in a two-semester preclinical laboratory course and whether such teaching experience could enhance their interest in academics as a  ...", "url_pdf": null, "num_citations": 16, "cluster_id": "14957605734506075088", "year": "2007", "url_citations": "http://scholar.google.com/scholar?cites=14957605734506075088&as_sdt=2005&sciodt=1,5&hl=en"}, {"num_versions": 3, "url_citation": null, "title": "Success in nursing school: Black nursing students' perception of peers, family, and faculty", "url": "http://search.proquest.com/openview/e314c45f754a4a61af5661875d7503d4/1?pq-origsite=gscholar", "url_versions": "http://scholar.google.com/scholar?cluster=1595874432964911065&hl=en&as_sdt=1,5&sciodt=1,5&as_vis=1", "authors": "JA Dapremont - Journal of Nursing Education", "excerpt": "Abstract Blacks comprise 12.3% of the US population and only 4.6% of registered nurses nationally. Moreover, Blacks have the highest percentage of nongraduates among nursing students compared with other US racial/ethnic groups. This descriptive qualitative study  ...", "url_pdf": null, "num_citations": 16, "cluster_id": "1595874432964911065", "year": "2011", "url_citations": "http://scholar.google.com/scholar?cites=1595874432964911065&as_sdt=2005&sciodt=1,5&hl=en"}, {"num_versions": 6, "url_citation": null, "title": "Utilising Peer Coaching as a Tool to Improve Student-Teacher Confidence and Support the Development of Classroom Practice.", "url": "http://eprints.gold.ac.uk/6572/", "url_versions": "http://scholar.google.com/scholar?cluster=4524173691027984431&hl=en&as_sdt=1,5&sciodt=1,5&as_vis=1", "authors": "T Prince, E Snowden, B Matthews - Literacy Information and  \u2026", "excerpt": "Teaching is a profession that requires a variety of skills and attributes that can be used to improve classroom practice. This research used peer coaching to help support the development of skills through dialogue and discussion. The research group were PGCE  ...", "url_pdf": null, "num_citations": 9, "cluster_id": "4524173691027984431", "year": "2010", "url_citations": "http://scholar.google.com/scholar?cites=4524173691027984431&as_sdt=2005&sciodt=1,5&hl=en"}, {"num_versions": 4, "url_citation": null, "title": "Psychometric examination of the modified Clinical Teaching Preference Questionnaire (CTPQ)", "url": "http://ro.uow.edu.au/ajpl/vol6/iss1/3/", "url_versions": "http://scholar.google.com/scholar?cluster=16602656057656425341&hl=en&as_sdt=1,5&sciodt=1,5&as_vis=1", "authors": "B Williams, C Winship - Journal of Peer Learning", "excerpt": "Abstract While peer-assisted learning (PAL) continues to gain momentum internationally among educators and curricula, its use within the paramedic profession is still novel and untested. Therefore having instruments with strong measurement properties to use in  ...", "url_pdf": null, "num_citations": 1, "cluster_id": "16602656057656425341", "year": "2013", "url_citations": "http://scholar.google.com/scholar?cites=16602656057656425341&as_sdt=2005&sciodt=1,5&hl=en"}, {"num_versions": 4, "url_citation": null, "title": "Effects of peer\u2010assisted training during the neurology clerkship: a randomized controlled study", "url": "http://onlinelibrary.wiley.com/doi/10.1111/j.1468-1331.2008.02317.x/full", "url_versions": "http://scholar.google.com/scholar?cluster=2898874497599357511&hl=en&as_sdt=1,5&sciodt=1,5&as_vis=1", "authors": "JG Heckmann, M D\u00fctsch, C Rauch\u2026 - European Journal of  \u2026", "excerpt": "Objective: To determine the efficacy of peer-assisted clinical skills training for students during their neurology clerkship. Methods: Students (n= 122) were randomized to get clinical skills training from either student (peer) instructors (experimental group) or from  ...", "url_pdf": null, "num_citations": 28, "cluster_id": "2898874497599357511", "year": "2008", "url_citations": "http://scholar.google.com/scholar?cites=2898874497599357511&as_sdt=2005&sciodt=1,5&hl=en"}, {"num_versions": 0, "url_citation": null, "title": "The development of a support programme for foundation phase teachers to facilitate listening and language for numeracy", "url": "http://www.repository.up.ac.za/handle/2263/24685", "url_versions": null, "authors": "AM Wium -", "excerpt": "Various assessments and international studies have shown that learners in South African schools experience challenges and perform poorly with respect to literacy and numeracy. To become competitive in the global arena, there is an urgent need to raise the standards of  ...", "url_pdf": null, "num_citations": 2, "cluster_id": "16731900886372881659", "year": "2010", "url_citations": "http://scholar.google.com/scholar?cites=16731900886372881659&as_sdt=2005&sciodt=1,5&hl=en"}, {"num_versions": 4, "url_citation": null, "title": "Effect of peer teaching on the performance of undergraduate nursing students enrolled in nursing administration course", "url": "http://www.sciedupress.com/journal/index.php/jnep/article/view/2822", "url_versions": "http://scholar.google.com/scholar?cluster=14901933075229487462&hl=en&as_sdt=1,5&sciodt=1,5&as_vis=1", "authors": "SH El-Sayed - Journal of Nursing Education and Practice", "excerpt": "Background: Peer teaching is an effective educational approach for nursing students. This prepares the students for their future roles as educators, builds their self esteem, and enhances their psychomotor skills and their attitudes. The aim of this study was to assess  ...", "url_pdf": null, "num_citations": 2, "cluster_id": "14901933075229487462", "year": "2013", "url_citations": "http://scholar.google.com/scholar?cites=14901933075229487462&as_sdt=2005&sciodt=1,5&hl=en"}, {"num_versions": 2, "url_citation": null, "title": "Leadership and Management in Healthcare", "url": "http://scholar.google.com/https://books.google.com/books?hl=en&lr=&id=OZXCAQAAQBAJ&oi=fnd&pg=PP1&ots=60oHZeVQkL&sig=cBvUwBnHvp0czV779dQrZh1HLvY", "url_versions": "http://scholar.google.com/scholar?cluster=17100050214816947599&hl=en&as_sdt=1,5&sciodt=1,5&as_vis=1", "authors": "N Gopee, J Galloway -", "excerpt": "Leadership and management are essential skills for all qualified care professionals, regardless of the position that they hold. This best-selling text book has been designed to support you on your journey from an emerging registered care professional through to  ...", "url_pdf": null, "num_citations": 4, "cluster_id": "17100050214816947599", "year": "2013", "url_citations": "http://scholar.google.com/scholar?cites=17100050214816947599&as_sdt=2005&sciodt=1,5&hl=en"}, {"num_versions": 7, "url_citation": null, "title": "A step ahead: Teaching undergraduate students to be peer teachers", "url": "http://www.sciencedirect.com/science/article/pii/S1471595310001290", "url_versions": "http://scholar.google.com/scholar?cluster=16191651231968651687&hl=en&as_sdt=1,5&sciodt=1,5&as_vis=1", "authors": "L McKenna, J French - Nurse Education in Practice", "excerpt": "Nurses have a responsibility to share knowledge with others. However, many are reluctant to undertake teaching, feeling unprepared for the responsibility. With this in mind, a semester-long compulsory core unit was designed and implemented in 2009 to equip final  ...", "url_pdf": null, "num_citations": 30, "cluster_id": "16191651231968651687", "year": "2011", "url_citations": "http://scholar.google.com/scholar?cites=16191651231968651687&as_sdt=2005&sciodt=1,5&hl=en"}, {"num_versions": 4, "url_citation": null, "title": "Altering the Athletic Training Curriculum: A Unique Perspective on Learning over Time.", "url": "http://eric.ed.gov/?id=EJ978108", "url_versions": "http://scholar.google.com/scholar?cluster=11907634459925796713&hl=en&as_sdt=1,5&sciodt=1,5&as_vis=1", "authors": "K Potteiger, CD Brown, L Kahanov - Athletic Training Education Journal", "excerpt": "Context: The cohort athletic training curriculum features a competency-based approach that allows the student to matriculate through the program in a systematic fashion. This method is desired as it allows for efficient delivery and mastery of the educational content and  ...", "url_pdf": null, "num_citations": 5, "cluster_id": "11907634459925796713", "year": "2012", "url_citations": "http://scholar.google.com/scholar?cites=11907634459925796713&as_sdt=2005&sciodt=1,5&hl=en"}, {"num_versions": 4, "url_citation": null, "title": "Implementing peer tutoring in a graduate medical education programme", "url": "http://onlinelibrary.wiley.com/doi/10.1111/j.1743-498X.2010.00354.x/full", "url_versions": "http://scholar.google.com/scholar?cluster=1668619661073729441&hl=en&as_sdt=1,5&sciodt=1,5&as_vis=1", "authors": "R Salerno\u2010Kennedy, P Henn, S O'Flynn - The clinical teacher", "excerpt": "Background: In modern times, peer tutoring methods have been explored in health care education for over 30 years. In this paper, we report our experience of implementing a peer-tutoring approach to Clinical Skills Laboratory (CSL) training in the Graduate Entry in  ...", "url_pdf": null, "num_citations": 8, "cluster_id": "1668619661073729441", "year": "2010", "url_citations": "http://scholar.google.com/scholar?cites=1668619661073729441&as_sdt=2005&sciodt=1,5&hl=en"}, {"num_versions": 5, "url_citation": null, "title": "Ammattikorkeakoulun sosiaali-ja terveysalan palvelutoiminta yritt\u00e4j\u00e4m\u00e4isen ja yhteistoiminnallisen toimintatavan rajapinnassa", "url": "http://www.doria.fi/handle/10024/64115", "url_versions": "http://scholar.google.com/scholar?cluster=2951305568208249628&hl=en&as_sdt=1,5&sciodt=1,5&as_vis=1", "authors": "S Asteljoki -", "excerpt": "Tutkimuksessa kehitettiin induktiivisesti empiiriseen aineistoon perustuva substantiivinen teoria ammattikorkeakoulun sosiaali-ja terveysalan palvelutoiminnan ohjatussa harjoittelussa tapahtuvasta toiminnasta ja tuotettiin uutta k\u00e4sitteist\u00f6\u00e4 palvelutoiminnan  ...", "url_pdf": null, "num_citations": 2, "cluster_id": "2951305568208249628", "year": "2010", "url_citations": "http://scholar.google.com/scholar?cites=2951305568208249628&as_sdt=2005&sciodt=1,5&hl=en"}]