[{"num_versions": 4, "url_citation": null, "title": "Successful distance learning graduate education in human services", "url": "http://www.tandfonline.com/doi/abs/10.1300/J017v18n01_04", "url_versions": "http://scholar.google.com/scholar?cluster=4553391138233519747&hl=en&as_sdt=1,5&sciodt=1,5&as_vis=1", "authors": "JJ Newhouse - Journal of Technology in Human Services", "excerpt": "SUMMARY There is a critical learning process unique to graduate human services education. This process needs to be applied in the distance-learning environment. The planning and designing of course material, along with instructional strategies, need to  ...", "url_pdf": null, "num_citations": 2, "cluster_id": "4553391138233519747", "year": "2001", "url_citations": "http://scholar.google.com/scholar?cites=4553391138233519747&as_sdt=2005&sciodt=1,5&hl=en"}, {"num_versions": 3, "url_citation": null, "title": "Akademia som l\u00e6ringsarena\u2013utfordringer og mestring", "url": "http://www.diva-portal.org/smash/get/diva2:210873/FULLTEXT02.pdf", "url_versions": "http://scholar.google.com/scholar?cluster=1035638946627515866&hl=en&as_sdt=1,5&sciodt=1,5&as_vis=1", "authors": "WM R\u00f8nning -", "excerpt": "En studie av voksne, fleksible studenters bruk av l\u00e6ringsstrategier og tiln\u00e6rminger til l\u00e6ring i h\u00f8yere utdanning   ... Fakultet for samfunnsvitenskap og teknologiledelse Institutt for pedagogikk   ... Fakultet for samfunnsvitenskap og teknologiledelse Institutt for pedagogikk  ", "url_pdf": "http://www.diva-portal.org/smash/get/diva2:210873/FULLTEXT02.pdf", "num_citations": 0, "cluster_id": null, "year": "2009", "url_citations": null}, {"num_versions": 4, "url_citation": null, "title": "Enhancing on-line teaching: Designing responsive learning environments", "url": "http://www.tandfonline.com/doi/abs/10.1080/713769258", "url_versions": "http://scholar.google.com/scholar?cluster=4453841108795186898&hl=en&as_sdt=1,5&sciodt=1,5&as_vis=1", "authors": "M Hicks, I Reid, R George - International Journal for Academic  \u2026", "excerpt": "Higher education is undergoing major changes in the development and delivery of courses. These changes arise from a range of social, economic and technical factors operating across the higher education sector. The use of technology in both teaching and learning is  ...", "url_pdf": null, "num_citations": 79, "cluster_id": "4453841108795186898", "year": "2001", "url_citations": "http://scholar.google.com/scholar?cites=4453841108795186898&as_sdt=2005&sciodt=1,5&hl=en"}, {"num_versions": 10, "url_citation": null, "title": "Adults contemplating university study at a distance: Issues, themes and concerns", "url": "http://www.irrodl.org/index.php/irrodl/article/viewArticle/130", "url_versions": "http://scholar.google.com/scholar?cluster=17597242063123779451&hl=en&as_sdt=1,5&sciodt=1,5&as_vis=1", "authors": "J Bird, C Morgan - The International Review of Research in Open and  \u2026", "excerpt": "Abstract This study identifies and explores a range of themes, issues and questions that commonly confront adults contemplating enrolment in university, and why they persist. The study focuses particularly on issues facing prospective adult distance education learners.  ...", "url_pdf": null, "num_citations": 57, "cluster_id": "17597242063123779451", "year": "2003", "url_citations": "http://scholar.google.com/scholar?cites=17597242063123779451&as_sdt=2005&sciodt=1,5&hl=en"}, {"num_versions": 2, "url_citation": null, "title": "Developing appropriate DL methodology: Researching the understandings of tutors to inform courseware development", "url": "http://www.eden-online.org/system/files/Annual_2003-Rhodes_Proceedings.pdf#page=406", "url_versions": "http://scholar.google.com/scholar?cluster=12212729841792351378&hl=en&as_sdt=1,5&sciodt=1,5&as_vis=1", "authors": "R Fay, N Sifakis - The Quality Dialogue", "excerpt": "In this paper, we take the position that the quality of any DL provision is, in part, assured by a good match between the educational context (s) involved and the DL methodology/ies embodied in that provision. To this end, our research focuses on the development of a  ...", "url_pdf": null, "num_citations": 1, "cluster_id": "12212729841792351378", "year": "2003", "url_citations": "http://scholar.google.com/scholar?cites=12212729841792351378&as_sdt=2005&sciodt=1,5&hl=en"}, {"num_versions": 4, "url_citation": null, "title": "The Influence of Student Learning Characteristics on Progress Through the Extended Essay A Component of the International Baccalaureate Diploma Programme", "url": "http://jri.sagepub.com/content/2/1/5.short", "url_versions": "http://scholar.google.com/scholar?cluster=9658882253650414519&hl=en&as_sdt=1,5&sciodt=1,5&as_vis=1", "authors": "J Munro - Journal of Research in International Education", "excerpt": "Abstract The Extended Essay in the International Baccalaureate Diploma provides the opportunity for students to engage in self-directed knowledge enhancement. The present study investigates the influence of three learning factors on achievement outcomes:  ...", "url_pdf": null, "num_citations": 7, "cluster_id": "9658882253650414519", "year": "2003", "url_citations": "http://scholar.google.com/scholar?cites=9658882253650414519&as_sdt=2005&sciodt=1,5&hl=en"}, {"num_versions": 4, "url_citation": null, "title": "Changing context, changing practice: Managing change in student support services", "url": "http://www.ascilite.org.au/aset-archives/confs/aset-herdsa2000/procs/george1.html", "url_versions": "http://scholar.google.com/scholar?cluster=4045743997776332258&hl=en&as_sdt=1,5&sciodt=1,5&as_vis=1", "authors": "R George, M Hicks - ASET HERDSA Conference at University  \u2026", "excerpt": "Shifts in the wider social and economic environment have fundamentally challenged the role and purpose of universities in society. These changes have resulted in universities being more directly linked to industry-based needs, a more diverse student population, an  ...", "url_pdf": null, "num_citations": 1, "cluster_id": "4045743997776332258", "year": "2006", "url_citations": "http://scholar.google.com/scholar?cites=4045743997776332258&as_sdt=2005&sciodt=1,5&hl=en"}, {"num_versions": 8, "url_citation": null, "title": "The student assessment handbook: New directions in traditional and online assessment", "url": "http://scholar.google.com/https://books.google.com/books?hl=en&lr=&id=i91-AgAAQBAJ&oi=fnd&pg=PP1&ots=tuExFeI-Ge&sig=yo-Z-UHEaYjdN1eHlVUXJPUY3ZE", "url_versions": "http://scholar.google.com/scholar?cluster=4462862279268697617&hl=en&as_sdt=1,5&sciodt=1,5&as_vis=1", "authors": "L Dunn, C Morgan, M O'Reilly, S Parry -", "excerpt": "A guide to current practice in assessment, particularly for those professionals coming to terms with new pressures on their traditional teaching practices. Increased use of IT, flexible assessment methods and quality assurance all affect assessment, and the need to  ...", "url_pdf": null, "num_citations": 172, "cluster_id": "4462862279268697617", "year": "2003", "url_citations": "http://scholar.google.com/scholar?cites=4462862279268697617&as_sdt=2005&sciodt=1,5&hl=en"}, {"num_versions": 7, "url_citation": null, "title": "Distance learning and student recruiting using an Internet controlled robot", "url": "http://www.ijb.cgpublisher.com/product/pub.30/prod.1862", "url_versions": "http://scholar.google.com/scholar?cluster=13591172706376004930&hl=en&as_sdt=1,5&sciodt=1,5&as_vis=1", "authors": "W Mokhtar, M Walworth, J Hester\u2026 - International Journal of  \u2026", "excerpt": "Recent statistics have shown that online student enrollments (Distance Learning) are growing substantially faster than the overall higher education student body. An average of three million students take a least one online course each semester. This number  ...", "url_pdf": null, "num_citations": 4, "cluster_id": "13591172706376004930", "year": "2008", "url_citations": "http://scholar.google.com/scholar?cites=13591172706376004930&as_sdt=2005&sciodt=1,5&hl=en"}, {"num_versions": 4, "url_citation": null, "title": "Surface learning about teaching in higher education: The need for more critical conversations", "url": "http://www.tandfonline.com/doi/abs/10.1080/13601440110033670", "url_versions": "http://scholar.google.com/scholar?cluster=13755768900152983015&hl=en&as_sdt=1,5&sciodt=1,5&as_vis=1", "authors": "S Rowland - International Journal for Academic Development", "excerpt": "Academic development takes place in a context of higher education that is fragmented. Many argue that the development of teaching and learning is a largely generic and practical activity, which is common across disciplines. Others claim that it is generic but grounded in  ...", "url_pdf": null, "num_citations": 50, "cluster_id": "13755768900152983015", "year": "2001", "url_citations": "http://scholar.google.com/scholar?cites=13755768900152983015&as_sdt=2005&sciodt=1,5&hl=en"}, {"num_versions": 18, "url_citation": null, "title": "The development and implementation of scaffolding-based self-regulated learning system for e/m-learning", "url": "http://www.jstor.org/stable/jeductechsoci.13.1.80", "url_versions": "http://scholar.google.com/scholar?cluster=11677492589865645191&hl=en&as_sdt=1,5&sciodt=1,5&as_vis=1", "authors": "KP Shih, HC Chen, CY Chang, TC Kao - Journal of Educational Technology  \u2026", "excerpt": "ABSTRACT This paper proposes a self-regulated learning (SRL) system with scaffolding support in order to develop independent learning skills among students. The SRL system uses self-regulated learning and scaffolding theories to appeal to both instructors and  ...", "url_pdf": null, "num_citations": 40, "cluster_id": "11677492589865645191", "year": "2010", "url_citations": "http://scholar.google.com/scholar?cites=11677492589865645191&as_sdt=2005&sciodt=1,5&hl=en"}, {"num_versions": 6, "url_citation": null, "title": "Assessing open and distance learners", "url": "http://scholar.google.com/https://books.google.com/books?hl=en&lr=&id=_f2SHty925UC&oi=fnd&pg=PR9&ots=TlfMHh6T7I&sig=eZtbx6D-wkR9PvqWsJTQULXK09g", "url_versions": "http://scholar.google.com/scholar?cluster=2772202360130556193&hl=en&as_sdt=1,5&sciodt=1,5&as_vis=1", "authors": "C Morgan, M O'reilly -", "excerpt": "Most works on assessment assume a face-to-face teaching context. The few that don't, assume that assessment issues are largely generic and equally applicable in face-to-face, open or distance contexts. Unfortunately, reality is far removed from this generalized  ...", "url_pdf": null, "num_citations": 178, "cluster_id": "2772202360130556193", "year": "1999", "url_citations": "http://scholar.google.com/scholar?cites=2772202360130556193&as_sdt=2005&sciodt=1,5&hl=en"}, {"num_versions": 8, "url_citation": null, "title": "Making learning accessible for sign language interpreters: a process of change", "url": "http://www.tandfonline.com/doi/abs/10.1080/09650790500200302", "url_versions": "http://scholar.google.com/scholar?cluster=9841609136207172748&hl=en&as_sdt=1,5&sciodt=1,5&as_vis=1", "authors": "J Napier - Educational Action Research", "excerpt": "Abstract This article outlines an innovative project conducted at Macquarie University, in order to instigate a change in the delivery of the Postgraduate Diploma in Auslan/English Interpreting. This is the first reported educational change project focusing on the training of  ...", "url_pdf": null, "num_citations": 1, "cluster_id": "9841609136207172748", "year": "2005", "url_citations": "http://scholar.google.com/scholar?cites=9841609136207172748&as_sdt=2005&sciodt=1,5&hl=en"}, {"num_versions": 4, "url_citation": null, "title": "Distance education in essence", "url": "http://www.uni-oldenburg.de/fileadmin/user_upload/c3l/master/mde/download/asfvolume4_ebook.pdf", "url_versions": "http://scholar.google.com/scholar?cluster=2747098525272577157&hl=en&as_sdt=1,5&sciodt=1,5&as_vis=1", "authors": "B Holmberg - An overview of theory and practice in the early  \u2026", "excerpt": "After many years of work in distance education I am somewhat puzzled to find that at the beginning of the twenty-first century there is on the one hand much talk about distance education, most of it favourable, on the other hand little understanding of its character,  ...", "url_pdf": "http://www.uni-oldenburg.de/fileadmin/user_upload/c3l/master/mde/download/asfvolume4_ebook.pdf", "num_citations": 46, "cluster_id": "2747098525272577157", "year": "2001", "url_citations": "http://scholar.google.com/scholar?cites=2747098525272577157&as_sdt=2005&sciodt=1,5&hl=en"}, {"num_versions": 9, "url_citation": null, "title": "Hacia un Perfil de Universidad a Distancia para la UNED de Costa Rica", "url": "http://revistas.uned.es/index.php/ried/article/view/1180", "url_versions": "http://scholar.google.com/scholar?cluster=4622686152534513228&hl=en&as_sdt=1,5&sciodt=1,5&as_vis=1", "authors": "GH Molina - RIED. Revista iberoamericana de educaci\u00f3n a  \u2026", "excerpt": "Resumen En este art\u00edculo se procura vislumbrar una posible evoluci\u00f3n del sistema educativo de la UNED, dentro de un contexto te\u00f3rico de la educaci\u00f3n a distancia. As\u00ed se pretende ubicar algunas facetas de la modalidad que la circunscribe y dentro de ese  ...", "url_pdf": null, "num_citations": 1, "cluster_id": "4622686152534513228", "year": "2001", "url_citations": "http://scholar.google.com/scholar?cites=4622686152534513228&as_sdt=2005&sciodt=1,5&hl=en"}, {"num_versions": 4, "url_citation": null, "title": "A Study of Factors Affecting Participation and Performance of Police Officers Undertaking the Queensland Police Service's Management Development  \u2026", "url": "http://dlibrary.acu.edu.au/digitaltheses/public/adt-acuvp83.04092006/02whole.pdf", "url_versions": "http://scholar.google.com/scholar?cluster=9592138104483314113&hl=en&as_sdt=1,5&sciodt=1,5&as_vis=1", "authors": "BL Jack -", "excerpt": "ABSTRACT Management education for police officers has played a significant role in the desired transformation of police services around the world from vocational to professional status. This thesis reports research that employed qualitative and quantitative data  ...", "url_pdf": "http://dlibrary.acu.edu.au/digitaltheses/public/adt-acuvp83.04092006/02whole.pdf", "num_citations": 1, "cluster_id": "9592138104483314113", "year": "2005", "url_citations": "http://scholar.google.com/scholar?cites=9592138104483314113&as_sdt=2005&sciodt=1,5&hl=en"}, {"num_versions": 5, "url_citation": null, "title": "Educating language teachers through distance learning: The need for culturally-appropriate DL methodology", "url": "http://www.tandfonline.com/doi/abs/10.1080/0268051032000054095", "url_versions": "http://scholar.google.com/scholar?cluster=7599353144171052491&hl=en&as_sdt=1,5&sciodt=1,5&as_vis=1", "authors": "R Fay, M Hill - Open Learning", "excerpt": "For it to be effective, distance learning (DL) methodology must be sensitive to the cultural complexities of the provision involved. Collaboration between the Hellenic Open University and the University of Manchester on three DL programmes for experienced teachers of  ...", "url_pdf": null, "num_citations": 19, "cluster_id": "7599353144171052491", "year": "2003", "url_citations": "http://scholar.google.com/scholar?cites=7599353144171052491&as_sdt=2005&sciodt=1,5&hl=en"}]