[{"num_versions": 0, "url_citation": null, "title": "Pre-service teachers' aesthetic learning about inclusion and exclusion", "url": "http://www.emeraldinsight.com/doi/abs/10.1108/IJSHE-10-2012-0097", "url_versions": null, "authors": "G Ged\u017e\u016bne, I Ged\u017e\u016bne - International Journal of Sustainability  \u2026", "excerpt": "Purpose\u2013This paper aims to contribute to the body of practical knowledge about reorienting teacher education to address sustainability by reflecting on an action research experience from a study course on sustainability in a regional university. Design/methodology/ ...", "url_pdf": null, "num_citations": 0, "cluster_id": null, "year": "2015", "url_citations": null}, {"num_versions": 5, "url_citation": null, "title": "Climate change adaptation skills for professional planners: Informing new teaching and learning themes for planning educators", "url": "http://anzaps.net/admin/wp-content/uploads/2011/10/ANZAPS-2010-proceedings.pdf#page=28", "url_versions": "http://scholar.google.com/scholar?cluster=1622985051441385278&hl=en&as_sdt=1,5&sciodt=1,5&as_vis=1", "authors": "J George, P Nelson, R Horsfeld, S Nichols\u2026 - Proceedings of the  \u2026", "excerpt": "Abstract The Graduate School of the Environment (GSE) in the Faculty of Science (FoS) at Macquarie University has undertaken a project enttled \u201cClimate Change Adaptaton Skills for Professionals\u201d in the Small Grants Program of the Australian Government Department of  ...", "url_pdf": null, "num_citations": 1, "cluster_id": "1622985051441385278", "year": "2010", "url_citations": "http://scholar.google.com/scholar?cites=1622985051441385278&as_sdt=2005&sciodt=1,5&hl=en"}, {"num_versions": 0, "url_citation": null, "title": "The status of education for sustainability in initial teacher education programmes: a Canadian case study", "url": "http://www.emeraldinsight.com/doi/abs/10.1108/IJSHE-10-2012-0088", "url_versions": null, "authors": "T Falkenberg, G Babiuk - International Journal of Sustainability  \u2026", "excerpt": "Purpose\u2013The purpose of this paper is to establish the status of education for sustainability in the teacher education programmes in the province of Manitoba in Canada and to identify challenges and obstacles for mainstreaming education for sustainability in those  ...", "url_pdf": null, "num_citations": 1, "cluster_id": "13131653440538777866", "year": "2014", "url_citations": "http://scholar.google.com/scholar?cites=13131653440538777866&as_sdt=2005&sciodt=1,5&hl=en"}, {"num_versions": 11, "url_citation": null, "title": "Developing and applying a critical and transformative model to address ESD in teacher education", "url": "http://www.degruyter.com/view/j/jtes.2010.12.issue-2/v10099-009-0051-0/v10099-009-0051-0.xml", "url_versions": "http://scholar.google.com/scholar?cluster=13590470818417838579&hl=en&as_sdt=1,5&sciodt=1,5&as_vis=1", "authors": "N Kostoulas-Makrakis - Journal of Teacher Education for  \u2026", "excerpt": "Abstract A reflective case study approach, including focus interviews, reflective/reflexive journals and analysis of project-based works of 30 pre-service teachers participating in an undergraduate course was employed to investigate the discrepancy between the teachers ...", "url_pdf": null, "num_citations": 5, "cluster_id": "13590470818417838579", "year": "2010", "url_citations": "http://scholar.google.com/scholar?cites=13590470818417838579&as_sdt=2005&sciodt=1,5&hl=en"}, {"num_versions": 5, "url_citation": null, "title": "Developing a sustainability consciousness through engagement with art", "url": "http://scholar.google.com/https://books.google.com/books?hl=en&lr=&id=llzgy5K77S4C&oi=fnd&pg=PA115&ots=6_aGEiL_WV&sig=mdGcM2jPuoD9qrMdcI-fISSY6Cc", "url_versions": "http://scholar.google.com/scholar?cluster=2125175952963611853&hl=en&as_sdt=1,5&sciodt=1,5&as_vis=1", "authors": "R Bathurst, M Edwards - Management education for global  \u2026", "excerpt": "This chapter adopts an artistic view of the issue of sustainability. We identify war as the most significant global barrier to sustainable development. We argue that art offers a means of unmasking the underlying heroic myths of war, a necessary antecedent to developing  ...", "url_pdf": null, "num_citations": 3, "cluster_id": "2125175952963611853", "year": "2009", "url_citations": "http://scholar.google.com/scholar?cites=2125175952963611853&as_sdt=2005&sciodt=1,5&hl=en"}, {"num_versions": 6, "url_citation": null, "title": "Developing competencies for education for sustainable development: A case study of Canadian faculties of education", "url": "http://www.sciedu.ca/journal/index.php/ijhe/article/view/3318", "url_versions": "http://scholar.google.com/scholar?cluster=4096462166758938287&hl=en&as_sdt=1,5&sciodt=1,5&as_vis=1", "authors": "L Sims, T Falkenberg - International Journal of Higher Education", "excerpt": "Abstract Education is paramount when trying to enable a change in values and attitudes towards sustainability. Higher education in faculties of education plays an important role in working toward this change because of its impact on future and practicing teachers in the  ...", "url_pdf": null, "num_citations": 6, "cluster_id": "4096462166758938287", "year": "2013", "url_citations": "http://scholar.google.com/scholar?cites=4096462166758938287&as_sdt=2005&sciodt=1,5&hl=en"}]