[{"num_versions": 9, "url_citation": null, "title": "Learning in 3\u2010D multiuser virtual environments: Exploring the use of unique 3\u2010D attributes for online problem\u2010based learning", "url": "http://onlinelibrary.wiley.com/doi/10.1111/j.1467-8535.2009.00941.x/full", "url_versions": "http://scholar.google.com/scholar?cluster=245029214235984884&hl=en&as_sdt=1,5&sciodt=1,5&as_vis=1", "authors": "N Omale, WC Hung, L Luetkehans\u2026 - British Journal of  \u2026", "excerpt": "Abstract The purpose of this article is to present the results of a study conducted to investigate how the attributes of 3-D technology such as avatars, 3-D space, and comic style bubble dialogue boxes affect participants' social, cognitive, and teaching presences in a  ...", "url_pdf": null, "num_citations": 66, "cluster_id": "245029214235984884", "year": "2009", "url_citations": "http://scholar.google.com/scholar?cites=245029214235984884&as_sdt=2005&sciodt=1,5&hl=en"}, {"num_versions": 23, "url_citation": null, "title": "Social presence in online discussion groups: Testing three conceptions and their relations to perceived learning", "url": "http://link.springer.com/article/10.1007/s11218-008-9054-2", "url_versions": "http://scholar.google.com/scholar?cluster=17024824814673148254&hl=en&as_sdt=1,5&sciodt=1,5&as_vis=1", "authors": "A Caspi, I Blau - Social Psychology of Education", "excerpt": "Abstract The correlation between three conceptions of social presence (seen as 1. a subjective quality of a medium that determines the quality of the communication and perception of others, 2. self-projection onto the group, and 3. identification with the group)  ...", "url_pdf": null, "num_citations": 98, "cluster_id": "17024824814673148254", "year": "2008", "url_citations": "http://scholar.google.com/scholar?cites=17024824814673148254&as_sdt=2005&sciodt=1,5&hl=en"}, {"num_versions": 5, "url_citation": null, "title": "Exemplary online educators: Creating a community of inquiry", "url": "http://184.168.109.199:8080/jspui/handle/123456789/2226", "url_versions": "http://scholar.google.com/scholar?cluster=3589181394731663753&hl=en&as_sdt=1,5&sciodt=1,5&as_vis=1", "authors": "B Perry, M Edwards -", "excerpt": "As more university courses are offered online educators have much to learn regarding how to use this technology to facilitate effective learning. Some educators have mastered online teaching and are regarded by their students as highly effective. Researchers in this study  ...", "url_pdf": null, "num_citations": 52, "cluster_id": "3589181394731663753", "year": "2014", "url_citations": "http://scholar.google.com/scholar?cites=3589181394731663753&as_sdt=2005&sciodt=1,5&hl=en"}, {"num_versions": 2, "url_citation": null, "title": "A review of research on online and blended learning in the management disciplines: 1994\u20132009", "url": "http://www.tandfonline.com/doi/abs/10.1057/omj.2010.5", "url_versions": "http://scholar.google.com/scholar?cluster=12512773834626017161&hl=en&as_sdt=1,5&sciodt=1,5&as_vis=1", "authors": "JB Arbaugh, A Desai, B Rau\u2026 - Organization Management \u2026", "excerpt": "This paper reviews studies of online and blended learning in management-oriented disciplines and management-related topics. The review shows that over the last decade, this emerging field has seen dramatic conceptual, methodological, and analytical advances.  ...", "url_pdf": null, "num_citations": 57, "cluster_id": "12512773834626017161", "year": "2010", "url_citations": "http://scholar.google.com/scholar?cites=12512773834626017161&as_sdt=2005&sciodt=1,5&hl=en"}, {"num_versions": 4, "url_citation": null, "title": "Social learning theory and web-based learning environments: A review of research and discussion of implications", "url": "http://www.tandfonline.com/doi/abs/10.1080/08923640902857713", "url_versions": "http://scholar.google.com/scholar?cluster=11426079437071604366&hl=en&as_sdt=1,5&sciodt=1,5&as_vis=1", "authors": "JR Hill, L Song, RE West - The Amer. Jrnl. of Distance Education", "excerpt": "Abstract Since the 1970s, cognitive psychological perspectives have dominated pedagogical frameworks and models for designing technology-mediated teaching and learning environments. More recently, social learning perspectives have received  ...", "url_pdf": null, "num_citations": 86, "cluster_id": "11426079437071604366", "year": "2009", "url_citations": "http://scholar.google.com/scholar?cites=11426079437071604366&as_sdt=2005&sciodt=1,5&hl=en"}, {"num_versions": 7, "url_citation": null, "title": "Using online shared workspaces to support group collaborative learning", "url": "http://www.sciencedirect.com/science/article/pii/S0360131510001557", "url_versions": "http://scholar.google.com/scholar?cluster=3941159192835421469&hl=en&as_sdt=1,5&sciodt=1,5&as_vis=1", "authors": "Q Wang - Computers & Education", "excerpt": "The ability to work collaboratively is highly valued in today's workplace. However, collaboration does not often naturally happen in a group. Certain strategies must be applied to coordinate individual efforts and monitor the learning process so that effective  ...", "url_pdf": null, "num_citations": 61, "cluster_id": "3941159192835421469", "year": "2010", "url_citations": "http://scholar.google.com/scholar?cites=3941159192835421469&as_sdt=2005&sciodt=1,5&hl=en"}, {"num_versions": 10, "url_citation": null, "title": "Implications of online and blended learning for the conceptual development and practice of distance education", "url": "http://ijede.ca/index.php/jde/article/view/471", "url_versions": "http://scholar.google.com/scholar?cluster=14083844035825246958&hl=en&as_sdt=1,5&sciodt=1,5&as_vis=1", "authors": "R Garrison - International Journal of E-Learning & Distance  \u2026", "excerpt": "Abstract The purpose of this article is to examine the foundational principles and practices of distance education for the purpose of understanding recent developments in the areas of online and blended learning. It is argued that mainstream distance education has not  ...", "url_pdf": null, "num_citations": 89, "cluster_id": "14083844035825246958", "year": "2009", "url_citations": "http://scholar.google.com/scholar?cites=14083844035825246958&as_sdt=2005&sciodt=1,5&hl=en"}, {"num_versions": 15, "url_citation": null, "title": "Learners' perspectives on what is missing from online learning: Interpretations through the community of inquiry framework", "url": "http://www.irrodl.org/index.php/irrodl/article/viewArticle/325", "url_versions": "http://scholar.google.com/scholar?cluster=14725287631349675308&hl=en&as_sdt=1,5&sciodt=1,5&as_vis=1", "authors": "EJ Stodel, TL Thompson, CJ MacDonald - The International Review of  \u2026", "excerpt": "Abstract Despite the success that instructors and learners often enjoy with online university courses, learners have also reported that they miss face-to-face contact when learning online. The purpose of this inquiry was to identify learners' perceptions of what is missing  ...", "url_pdf": null, "num_citations": 196, "cluster_id": "14725287631349675308", "year": "2006", "url_citations": "http://scholar.google.com/scholar?cites=14725287631349675308&as_sdt=2005&sciodt=1,5&hl=en"}, {"num_versions": 8, "url_citation": null, "title": "The influence of social presence and teaching presence on the quality of online critical inquiry", "url": "http://link.springer.com/article/10.1007/BF03033431", "url_versions": "http://scholar.google.com/scholar?cluster=7272690852891233118&hl=en&as_sdt=1,5&sciodt=1,5&as_vis=1", "authors": "A Bangert - Journal of Computing in Higher Education", "excerpt": "Abstract THIS STUDY EXPLORED the use of Garrison, Anderson, and Archer's (2000) version of Dewey's (1933) practical inquiry model for assessing the influence of social presence and teaching presence on the quality of critical inquiry experienced by online  ...", "url_pdf": null, "num_citations": 62, "cluster_id": "7272690852891233118", "year": "2008", "url_citations": "http://scholar.google.com/scholar?cites=7272690852891233118&as_sdt=2005&sciodt=1,5&hl=en"}, {"num_versions": 6, "url_citation": null, "title": "Online teaching effectiveness: A tale of two instructors", "url": "http://www.irrodl.org/index.php/irrodl/article/viewArticle/712", "url_versions": "http://scholar.google.com/scholar?cluster=2366853634486587013&hl=en&as_sdt=1,5&sciodt=1,5&as_vis=1", "authors": "P Gorsky, I Blau - The International Review of Research in Open and  \u2026", "excerpt": "Abstract Upon completion of a graduate level course at the Open University of Israel, one instructor received very high student ratings while the other received very low ratings. We utilized this exceptional situation to perform ad hoc analyses of their course forums. The  ...", "url_pdf": null, "num_citations": 58, "cluster_id": "2366853634486587013", "year": "2009", "url_citations": "http://scholar.google.com/scholar?cites=2366853634486587013&as_sdt=2005&sciodt=1,5&hl=en"}, {"num_versions": 5, "url_citation": null, "title": "From interaction to intersubjectivity: Facilitating online group discourse processes", "url": "http://www.tandfonline.com/doi/abs/10.1080/01587910701611328", "url_versions": "http://scholar.google.com/scholar?cluster=3513321026935014305&hl=en&as_sdt=1,5&sciodt=1,5&as_vis=1", "authors": "VP Dennen, K Wieland - Distance Education", "excerpt": "This article examines the online discourse that took place in representative threads from two classes, seeking to document indicators that students did or did not engage in co\u2010construction of knowledge. Stahl's (2006) social theory of computer supported  ...", "url_pdf": null, "num_citations": 71, "cluster_id": "3513321026935014305", "year": "2007", "url_citations": "http://scholar.google.com/scholar?cites=3513321026935014305&as_sdt=2005&sciodt=1,5&hl=en"}, {"num_versions": 6, "url_citation": null, "title": "Effectiveness of personal interaction in a learner-centered paradigm distance education class based on student satisfaction", "url": "http://www.tandfonline.com/doi/abs/10.1080/15391523.2008.10782514", "url_versions": "http://scholar.google.com/scholar?cluster=1546416501073397370&hl=en&as_sdt=1,5&sciodt=1,5&as_vis=1", "authors": "SHH Chang, RA Smith - Journal of Research on Technology in  \u2026", "excerpt": "Abstract This study examined relationships between students' perceptions of course-related interaction and their course satisfaction within the learner-centered paradigm in distance education. A Students' Perceived Interaction Survey (SPIS) instrument was developed to  ...", "url_pdf": null, "num_citations": 87, "cluster_id": "1546416501073397370", "year": "2008", "url_citations": "http://scholar.google.com/scholar?cites=1546416501073397370&as_sdt=2005&sciodt=1,5&hl=en"}, {"num_versions": 4, "url_citation": null, "title": "The effects of different instructor facilitation approaches on students' interactions during asynchronous online discussions", "url": "http://www.sciencedirect.com/science/article/pii/S0360131509001079", "url_versions": "http://scholar.google.com/scholar?cluster=10589773307142272748&hl=en&as_sdt=1,5&sciodt=1,5&as_vis=1", "authors": "H An, S Shin, K Lim - Computers & Education", "excerpt": "This study compared the impact of three different facilitation approaches on elementary teacher candidates' interactions in an asynchronous discussion board as well as their satisfaction with an online educational technology course. These participants were  ...", "url_pdf": null, "num_citations": 114, "cluster_id": "10589773307142272748", "year": "2009", "url_citations": "http://scholar.google.com/scholar?cites=10589773307142272748&as_sdt=2005&sciodt=1,5&hl=en"}, {"num_versions": 7, "url_citation": null, "title": "Does the community of inquiry framework predict outcomes in online MBA courses?", "url": "http://www.irrodl.org/index.php/irrodl/article/viewArticle/490", "url_versions": "http://scholar.google.com/scholar?cluster=4998560886072223361&hl=en&as_sdt=1,5&sciodt=1,5&as_vis=1", "authors": "JB Arbaugh - The International Review of Research in Open and  \u2026", "excerpt": "Abstract While Garrison and colleagues'(2000) Community of Inquiry (CoI) framework has generated substantial interest among online learning researchers, it has yet to be subjected to extensive quantitative verification or tested for external validity. Using a sample of  ...", "url_pdf": null, "num_citations": 107, "cluster_id": "4998560886072223361", "year": "2008", "url_citations": "http://scholar.google.com/scholar?cites=4998560886072223361&as_sdt=2005&sciodt=1,5&hl=en"}, {"num_versions": 4, "url_citation": null, "title": "A predictive study of learner satisfaction and outcomes in face-to-face, satellite broadcast, and live video-streaming learning environments", "url": "http://www.sciencedirect.com/science/article/pii/S1096751610000369", "url_versions": "http://scholar.google.com/scholar?cluster=16381767867673655895&hl=en&as_sdt=1,5&sciodt=1,5&as_vis=1", "authors": "M Abdous, CJ Yen - The Internet and Higher Education", "excerpt": "This study was conducted to assess the predictive relationships among delivery mode (DM), self-perceived learner-to-teacher interaction, self-rated computer skill, prior distance learning experience, and learners' satisfaction and outcomes. Participants were enrolled  ...", "url_pdf": null, "num_citations": 53, "cluster_id": "16381767867673655895", "year": "2010", "url_citations": "http://scholar.google.com/scholar?cites=16381767867673655895&as_sdt=2005&sciodt=1,5&hl=en"}, {"num_versions": 9, "url_citation": null, "title": "Interaction equivalency in self-paced online learning environments: An exploration of learner preferences", "url": "http://www.irrodl.org/index.php/irrodl/article/viewArticle/603", "url_versions": "http://scholar.google.com/scholar?cluster=14548270979571727877&hl=en&as_sdt=1,5&sciodt=1,5&as_vis=1", "authors": "J Rhode - The International Review of Research in Open and  \u2026", "excerpt": "Abstract This mixed methods study explored the dynamics of interaction within a self-paced online learning environment. It used rich media and a mix of traditional and emerging asynchronous computer-mediated communication tools to determine what forms of  ...", "url_pdf": null, "num_citations": 78, "cluster_id": "14548270979571727877", "year": "2009", "url_citations": "http://scholar.google.com/scholar?cites=14548270979571727877&as_sdt=2005&sciodt=1,5&hl=en"}, {"num_versions": 9, "url_citation": null, "title": "Social presence within the community of inquiry framework", "url": "http://www.irrodl.org/index.php/irrodl/article/view/924", "url_versions": "http://scholar.google.com/scholar?cluster=4716777811047035330&hl=en&as_sdt=1,5&sciodt=1,5&as_vis=1", "authors": "D Annand - The International Review of Research in Open and  \u2026", "excerpt": "Abstract The role of social presence as defined by the community of inquiry (CoI) framework is critiqued through a review of recent literature. Evidence is presented that questions the actual extent of knowledge co-construction that occurs in most higher education settings  ...", "url_pdf": null, "num_citations": 80, "cluster_id": "4716777811047035330", "year": "2011", "url_citations": "http://scholar.google.com/scholar?cites=4716777811047035330&as_sdt=2005&sciodt=1,5&hl=en"}, {"num_versions": 8, "url_citation": null, "title": "Community of inquiry as a theoretical framework to foster \u201cepistemic engagement\u201d and \u201ccognitive presence\u201d in online education", "url": "http://www.sciencedirect.com/science/article/pii/S0360131508001590", "url_versions": "http://scholar.google.com/scholar?cluster=7920100042059421244&hl=en&as_sdt=1,5&sciodt=1,5&as_vis=1", "authors": "P Shea, T Bidjerano - Computers & Education", "excerpt": "In this paper, several recent theoretical conceptions of technology-mediated education are examined and a study of 2159 online learners is presented. The study validates an instrument designed to measure teaching, social, and cognitive presence indicative of a  ...", "url_pdf": null, "num_citations": 204, "cluster_id": "7920100042059421244", "year": "2009", "url_citations": "http://scholar.google.com/scholar?cites=7920100042059421244&as_sdt=2005&sciodt=1,5&hl=en"}, {"num_versions": 12, "url_citation": null, "title": "Influence of structure and interaction on student achievement and satisfaction in web-based distance learning", "url": "http://www.jstor.org/stable/jeductechsoci.12.4.372", "url_versions": "http://scholar.google.com/scholar?cluster=1350362905926218745&hl=en&as_sdt=1,5&sciodt=1,5&as_vis=1", "authors": "HJ Lee, I Rha - Journal of Educational Technology & Society", "excerpt": "ABSTRACT This study examines the influence of instructional design and management style on student achievement and satisfaction in a web-based distance learning environment. From the literature review, two major instructional design and management styles in web- ...", "url_pdf": null, "num_citations": 51, "cluster_id": "1350362905926218745", "year": "2009", "url_citations": "http://scholar.google.com/scholar?cites=1350362905926218745&as_sdt=2005&sciodt=1,5&hl=en"}, {"num_versions": 3, "url_citation": null, "title": "Computer Self\u2010Efficacy and Motivation to Learn in a Self\u2010Directed Online Course", "url": "http://onlinelibrary.wiley.com/doi/10.1111/j.1540-4609.2008.00207.x/full", "url_versions": "http://scholar.google.com/scholar?cluster=8955771187308220929&hl=en&as_sdt=1,5&sciodt=1,5&as_vis=1", "authors": "MJ Simmering, C Posey\u2026 - Decision Sciences Journal  \u2026", "excerpt": "6. DISCUSSION Despite the increased use of new learning technologies, there is still much to be learned about the role of learner characteristics in online learning. The purpose of this study was to examine how subjects' characteristics normally associated with effective  ...", "url_pdf": null, "num_citations": 53, "cluster_id": "8955771187308220929", "year": "2009", "url_citations": "http://scholar.google.com/scholar?cites=8955771187308220929&as_sdt=2005&sciodt=1,5&hl=en"}, {"num_versions": 6, "url_citation": null, "title": "Online university students' satisfaction and persistence: Examining perceived level of presence, usefulness and ease of use as predictors in a structural model", "url": "http://www.sciencedirect.com/science/article/pii/S0360131511000467", "url_versions": "http://scholar.google.com/scholar?cluster=18232052374415618867&hl=en&as_sdt=1,5&sciodt=1,5&as_vis=1", "authors": "YJ Joo, KY Lim, EK Kim - Computers & education", "excerpt": "Abstract Learners' satisfaction and persistence are considered critical success factors in online universities where all of the teaching and learning activities are carried out online. This study aims to investigate the structural relationships among perceived level of  ...", "url_pdf": null, "num_citations": 86, "cluster_id": "18232052374415618867", "year": "2011", "url_citations": "http://scholar.google.com/scholar?cites=18232052374415618867&as_sdt=2005&sciodt=1,5&hl=en"}, {"num_versions": 8, "url_citation": null, "title": "A flexible framework for online collaborative learning", "url": "http://www.sciencedirect.com/science/article/pii/S1096751606000534", "url_versions": "http://scholar.google.com/scholar?cluster=16567834746371619276&hl=en&as_sdt=1,5&sciodt=1,5&as_vis=1", "authors": "P Redmond, JV Lock - The Internet and Higher Education", "excerpt": "This paper presents a framework for online collaborative learning, also known as telecollaboration. At the centre of this flexible framework are online collaborative educational experiences where knowledge creation and knowledge in action are the nexus of social,  ...", "url_pdf": null, "num_citations": 57, "cluster_id": "16567834746371619276", "year": "2006", "url_citations": "http://scholar.google.com/scholar?cites=16567834746371619276&as_sdt=2005&sciodt=1,5&hl=en"}, {"num_versions": 8, "url_citation": null, "title": "To blog or not to blog: Student perceptions of blog effectiveness for learning in a college-level course", "url": "http://www.sciencedirect.com/science/article/pii/S1096751610000321", "url_versions": "http://scholar.google.com/scholar?cluster=13714455746119419594&hl=en&as_sdt=1,5&sciodt=1,5&as_vis=1", "authors": "O Halic, D Lee, T Paulus, M Spence - The Internet and higher education", "excerpt": "Blogs have the potential to increase reflection, sense of community and collaboration in undergraduate classrooms. Studies of their effectiveness are still limited. The purpose of this study was to investigate whether the use of blogs in a large lecture class would enhance  ...", "url_pdf": null, "num_citations": 132, "cluster_id": "13714455746119419594", "year": "2010", "url_citations": "http://scholar.google.com/scholar?cites=13714455746119419594&as_sdt=2005&sciodt=1,5&hl=en"}, {"num_versions": 6, "url_citation": null, "title": "Cognitive presence in asynchronous online learning: A comparison of four discussion strategies", "url": "http://onlinelibrary.wiley.com/doi/10.1111/j.1365-2729.2010.00392.x/full", "url_versions": "http://scholar.google.com/scholar?cluster=1111451892847929606&hl=en&as_sdt=1,5&sciodt=1,5&as_vis=1", "authors": "A Darabi, MC Arrastia, DW Nelson\u2026 - Journal of Computer  \u2026", "excerpt": "Abstract Some scholars argue that students do not achieve higher level learning, or cognitive presence, in online courses. Online discussion has been proposed to bridge this gap between online and face-to-face learning environments. However, the literature  ...", "url_pdf": null, "num_citations": 53, "cluster_id": "1111451892847929606", "year": "2011", "url_citations": "http://scholar.google.com/scholar?cites=1111451892847929606&as_sdt=2005&sciodt=1,5&hl=en"}, {"num_versions": 9, "url_citation": null, "title": "A re-examination of the community of inquiry framework: Social network and content analysis", "url": "http://www.sciencedirect.com/science/article/pii/S1096751609000682", "url_versions": "http://scholar.google.com/scholar?cluster=10426368705845576600&hl=en&as_sdt=1,5&sciodt=1,5&as_vis=1", "authors": "P Shea, S Hayes, J Vickers, M Gozza-Cohen\u2026 - The Internet and Higher  \u2026", "excerpt": "This study provides a simultaneous examination of all components of the Community of Inquiry (CoI) framework (Garrison, Anderson & Archer, 2000; Anderson, Rourke, Garrison & Archer, 2001; and Rourke, Garrison, Anderson & Archer, 1999) and seeks to extend  ...", "url_pdf": null, "num_citations": 99, "cluster_id": "10426368705845576600", "year": "2010", "url_citations": "http://scholar.google.com/scholar?cites=10426368705845576600&as_sdt=2005&sciodt=1,5&hl=en"}, {"num_versions": 16, "url_citation": null, "title": "Student satisfaction, performance, and knowledge construction in online collaborative learning", "url": "http://www.jstor.org/stable/jeductechsoci.15.1.127", "url_versions": "http://scholar.google.com/scholar?cluster=1039655555922000814&hl=en&as_sdt=1,5&sciodt=1,5&as_vis=1", "authors": "C Zhu - Journal of Educational Technology & Society", "excerpt": "ABSTRACT A growing amount of research focuses on learning in group settings and more specifically on learning in computer-supported collaborative learning (CSCL) settings. Studies on western students indicate that online collaboration enhances student learning  ...", "url_pdf": null, "num_citations": 64, "cluster_id": "1039655555922000814", "year": "2012", "url_citations": "http://scholar.google.com/scholar?cites=1039655555922000814&as_sdt=2005&sciodt=1,5&hl=en"}, {"num_versions": 15, "url_citation": null, "title": "Critical Time Intervention: an empirically supported model for preventing homelessness in high risk groups", "url": "http://link.springer.com/article/10.1007/s10935-007-0099-3", "url_versions": "http://scholar.google.com/scholar?cluster=12030153564037023757&hl=en&as_sdt=1,5&sciodt=1,5&as_vis=1", "authors": "D Herman, S Conover, A Felix, A Nakagawa\u2026 - The journal of primary  \u2026", "excerpt": "Abstract Critical Time Intervention (CTI) is designed to prevent recurrent homelessness among persons with severe mental illness by enhancing continuity of care during the transition from institutional to community living. After providing the background and  ...", "url_pdf": null, "num_citations": 61, "cluster_id": "12030153564037023757", "year": "2007", "url_citations": "http://scholar.google.com/scholar?cites=12030153564037023757&as_sdt=2005&sciodt=1,5&hl=en"}, {"num_versions": 2, "url_citation": null, "title": "An Empirical Verification of the Community of Inquiry Framework.", "url": "http://eric.ed.gov/?id=EJ842689", "url_versions": "http://scholar.google.com/scholar?cluster=10583024492837527450&hl=en&as_sdt=1,5&sciodt=1,5&as_vis=1", "authors": "JB Arbaugh - Journal of Asynchronous Learning Networks", "excerpt": "Despite the explosion of empirical research on online learning effectiveness over the last decade, development and acceptance of theoretical frameworks unique to the online learning environment are still relatively lacking. While there are several emerging models [ ...", "url_pdf": null, "num_citations": 124, "cluster_id": "10583024492837527450", "year": "2007", "url_citations": "http://scholar.google.com/scholar?cites=10583024492837527450&as_sdt=2005&sciodt=1,5&hl=en"}, {"num_versions": 6, "url_citation": null, "title": "A study of the effectiveness of the Louisiana Algebra I online course", "url": "http://www.tandfonline.com/doi/abs/10.1080/15391523.2007.10782484", "url_versions": "http://scholar.google.com/scholar?cluster=10717939577848378103&hl=en&as_sdt=1,5&sciodt=1,5&as_vis=1", "authors": "LM O'dwyer, R Carey, G Kleiman - Journal of research on  \u2026", "excerpt": "Abstract Student enrollment in K\u201312 online learning programs showed a tenfold expansion in the years between 2002 and 2005. Despite increased implementation to fulfill critical local needs, there is very little evidence-based research available to inform education leaders'  ...", "url_pdf": null, "num_citations": 90, "cluster_id": "10717939577848378103", "year": "2007", "url_citations": "http://scholar.google.com/scholar?cites=10717939577848378103&as_sdt=2005&sciodt=1,5&hl=en"}, {"num_versions": 15, "url_citation": null, "title": "The Impact of Instructor Immediacy and Presence for Online Student Affective Learning, Cognition, and Motivation.", "url": "http://eric.ed.gov/?id=EJ904072", "url_versions": "http://scholar.google.com/scholar?cluster=11362809251193345569&hl=en&as_sdt=1,5&sciodt=1,5&as_vis=1", "authors": "C Baker - Journal of Educators Online", "excerpt": "Abstract This study sought to examine instructor immediacy and presence in an online learning environment in relation to student affective learning, cognition, and motivation. It found a statistically significant positive relationship between instructor immediacy and  ...", "url_pdf": null, "num_citations": 98, "cluster_id": "11362809251193345569", "year": "2010", "url_citations": "http://scholar.google.com/scholar?cites=11362809251193345569&as_sdt=2005&sciodt=1,5&hl=en"}, {"num_versions": 7, "url_citation": null, "title": "Exploratory study on the patterns of online interaction and knowledge co-construction in project-based learning", "url": "http://www.sciencedirect.com/science/article/pii/S0360131510001727", "url_versions": "http://scholar.google.com/scholar?cluster=15326956550214190731&hl=en&as_sdt=1,5&sciodt=1,5&as_vis=1", "authors": "H Heo, KY Lim, Y Kim - Computers & Education", "excerpt": "This study aims to investigate the patterns and the quality of online interaction during project-based learning (PjBL) on both micro and macro levels. To achieve this purpose, PjBL was implemented with online group activities in an undergraduate course. Social network  ...", "url_pdf": null, "num_citations": 55, "cluster_id": "15326956550214190731", "year": "2010", "url_citations": "http://scholar.google.com/scholar?cites=15326956550214190731&as_sdt=2005&sciodt=1,5&hl=en"}]