[{"num_versions": 27, "url_citation": null, "title": "Why does unsupervised pre-training help deep learning?", "url": "http://dl.acm.org/citation.cfm?id=1756025", "url_versions": "http://scholar.google.com/scholar?cluster=13018263321881826087&hl=en&as_sdt=1,5&sciodt=1,5&as_vis=1", "authors": "D Erhan, Y Bengio, A Courville, PA Manzagol\u2026 - The Journal of Machine \u2026", "excerpt": "Abstract Much recent research has been devoted to learning algorithms for deep architectures such as Deep Belief Networks and stacks of auto-encoder variants, with impressive results obtained in several areas, mostly on vision and language data sets.  ...", "url_pdf": null, "num_citations": 431, "cluster_id": "13018263321881826087", "year": "2010", "url_citations": "http://scholar.google.com/scholar?cites=13018263321881826087&as_sdt=2005&sciodt=1,5&hl=en"}, {"num_versions": 18, "url_citation": null, "title": "On the expressive power of deep architectures", "url": "http://link.springer.com/chapter/10.1007/978-3-642-24412-4_3", "url_versions": "http://scholar.google.com/scholar?cluster=3647764731908872051&hl=en&as_sdt=1,5&sciodt=1,5&as_vis=1", "authors": "Y Bengio, O Delalleau - Algorithmic Learning Theory", "excerpt": "Abstract Deep architectures are families of functions corresponding to deep circuits. Deep Learning algorithms are based on parametrizing such circuits and tuning their parameters so as to approximately optimize some training objective. Whereas it was thought too  ...", "url_pdf": null, "num_citations": 59, "cluster_id": "3647764731908872051", "year": "2011", "url_citations": "http://scholar.google.com/scholar?cites=3647764731908872051&as_sdt=2005&sciodt=1,5&hl=en"}, {"num_versions": 12, "url_citation": null, "title": "Learning and invariance in a family of hierarchical kernels", "url": "http://18.7.29.232/handle/1721.1/57464", "url_versions": "http://scholar.google.com/scholar?cluster=988209301065202120&hl=en&as_sdt=1,5&sciodt=1,5&as_vis=1", "authors": "A Wibisono, J Bouvrie, L Rosasco, T Poggio -", "excerpt": "Understanding invariance and discrimination properties of hierarchical models is arguably the key to understanding how and why such models, of which the the mammalian visual system is one instance, can lead to good generalization properties and reduce the sample  ...", "url_pdf": null, "num_citations": 7, "cluster_id": "988209301065202120", "year": "2010", "url_citations": "http://scholar.google.com/scholar?cites=988209301065202120&as_sdt=2005&sciodt=1,5&hl=en"}, {"num_versions": 4, "url_citation": null, "title": "Deep Learning of Representations.", "url": "http://link.springer.com/content/pdf/10.1007/978-3-642-36657-4.pdf#page=20", "url_versions": "http://scholar.google.com/scholar?cluster=8125598951146606660&hl=en&as_sdt=1,5&sciodt=1,5&as_vis=1", "authors": "Y Bengio, AC Courville - Handbook on Neural Information Processing", "excerpt": "Abstract. Unsupervised learning of representations has been found useful in many applications and benefits from several advantages, eg, where there are many unlabeled examples and few labeled ones (semi-supervised learning), or where the unlabeled or  ...", "url_pdf": null, "num_citations": 15, "cluster_id": "8125598951146606660", "year": "2013", "url_citations": "http://scholar.google.com/scholar?cites=8125598951146606660&as_sdt=2005&sciodt=1,5&hl=en"}, {"num_versions": 10, "url_citation": null, "title": "Kernel analysis of deep networks", "url": "http://dl.acm.org/citation.cfm?id=2078188", "url_versions": "http://scholar.google.com/scholar?cluster=6688977387479452631&hl=en&as_sdt=1,5&sciodt=1,5&as_vis=1", "authors": "G Montavon, ML Braun, KR M\u00fcller - The Journal of Machine Learning  \u2026", "excerpt": "Abstract When training deep networks it is common knowledge that an efficient and well generalizing representation of the problem is formed. In this paper we aim to elucidate what makes the emerging representation successful. We analyze the layer-wise evolution of the  ...", "url_pdf": null, "num_citations": 21, "cluster_id": "6688977387479452631", "year": "2011", "url_citations": "http://scholar.google.com/scholar?cites=6688977387479452631&as_sdt=2005&sciodt=1,5&hl=en"}, {"num_versions": 14, "url_citation": null, "title": "Deep learning of representations for unsupervised and transfer learning", "url": "http://feed.mtome.com/Publications/CiML/CiML-v7-book.pdf#page=29", "url_versions": "http://scholar.google.com/scholar?cluster=11002680367384151173&hl=en&as_sdt=1,5&sciodt=1,5&as_vis=1", "authors": "Y Bengio - Unsupervised and Transfer Learning Challenges in  \u2026", "excerpt": "Abstract Deep learning algorithms seek to exploit the unknown structure in the input distribution in order to discover good representations, often at multiple levels, with higherlevel learned features defined in terms of lower-level features. The objective is to  ...", "url_pdf": null, "num_citations": 76, "cluster_id": "11002680367384151173", "year": "2012", "url_citations": "http://scholar.google.com/scholar?cites=11002680367384151173&as_sdt=2005&sciodt=1,5&hl=en"}, {"num_versions": 12, "url_citation": null, "title": "Reading digits in natural images with unsupervised feature learning", "url": "http://research.google.com/pubs/archive/37648.pdf", "url_versions": "http://scholar.google.com/scholar?cluster=7762358874624651999&hl=en&as_sdt=1,5&sciodt=1,5&as_vis=1", "authors": "Y Netzer, T Wang, A Coates\u2026 - NIPS workshop on  \u2026", "excerpt": "Abstract Detecting and reading text from natural images is a hard computer vision task that is central to a variety of emerging applications. Related problems like document character recognition have been widely studied by computer vision and machine learning  ...", "url_pdf": "http://research.google.com/pubs/archive/37648.pdf", "num_citations": 98, "cluster_id": "7762358874624651999", "year": "2011", "url_citations": "http://scholar.google.com/scholar?cites=7762358874624651999&as_sdt=2005&sciodt=1,5&hl=en"}, {"num_versions": 15, "url_citation": null, "title": "A tutorial on stochastic approximation algorithms for training restricted Boltzmann machines and deep belief nets", "url": "http://ieeexplore.ieee.org/xpls/abs_all.jsp?arnumber=5454138", "url_versions": "http://scholar.google.com/scholar?cluster=16820952670766496210&hl=en&as_sdt=1,5&sciodt=1,5&as_vis=1", "authors": "K Swersky, B Chen, B Marlin\u2026 - Information Theory and  \u2026", "excerpt": "Abstract\u2014In this study, we provide a direct comparison of the Stochastic Maximum Likelihood algorithm and Contrastive Divergence for training Restricted Boltzmann Machines using the MNIST data set. We demonstrate that Stochastic Maximum Likelihood  ...", "url_pdf": null, "num_citations": 32, "cluster_id": "16820952670766496210", "year": "2010", "url_citations": "http://scholar.google.com/scholar?cites=16820952670766496210&as_sdt=2005&sciodt=1,5&hl=en"}, {"num_versions": 16, "url_citation": null, "title": "Deep sparse rectifier neural networks", "url": "http://machinelearning.wustl.edu/mlpapers/paper_files/AISTATS2011_GlorotBB11.pdf", "url_versions": "http://scholar.google.com/scholar?cluster=10040883758431450991&hl=en&as_sdt=1,5&sciodt=1,5&as_vis=1", "authors": "X Glorot, A Bordes, Y Bengio - International  \u2026", "excerpt": "Abstract While logistic sigmoid neurons are more biologically plausible than hyperbolic tangent neurons, the latter work better for training multi-layer neural networks. This paper shows that rectifying neurons are an even better model of biological neurons and yield  ...", "url_pdf": "http://machinelearning.wustl.edu/mlpapers/paper_files/AISTATS2011_GlorotBB11.pdf", "num_citations": 275, "cluster_id": "10040883758431450991", "year": "2011", "url_citations": "http://scholar.google.com/scholar?cites=10040883758431450991&as_sdt=2005&sciodt=1,5&hl=en"}, {"num_versions": 14, "url_citation": null, "title": "Tiled convolutional neural networks", "url": "http://papers.nips.cc/paper/4136-tiled-convolutional-neural-networks", "url_versions": "http://scholar.google.com/scholar?cluster=14282515616261813077&hl=en&as_sdt=1,5&sciodt=1,5&as_vis=1", "authors": "J Ngiam, Z Chen, D Chia, PW Koh, QV Le\u2026 - Advances in Neural  \u2026", "excerpt": "Abstract Convolutional neural networks (CNNs) have been successfully applied to many tasks such as digit and object recognition. Using convolutional (tied) weights signi\ufb01cantly reduces the number of parameters that have to be learned, and also allows translational  ...", "url_pdf": null, "num_citations": 103, "cluster_id": "14282515616261813077", "year": "2010", "url_citations": "http://scholar.google.com/scholar?cites=14282515616261813077&as_sdt=2005&sciodt=1,5&hl=en"}, {"num_versions": 7, "url_citation": null, "title": "Layer-wise analysis of deep networks with Gaussian kernels", "url": "http://papers.nips.cc/paper/4061-layer-wise-analysis-of-deep-networks-with-gaussian-kernels", "url_versions": "http://scholar.google.com/scholar?cluster=18055583554225607989&hl=en&as_sdt=1,5&sciodt=1,5&as_vis=1", "authors": "G Montavon, KR M\u00fcller, ML Braun - Advances in Neural Information  \u2026", "excerpt": "Abstract Deep networks can potentially express a learning problem more efficiently than local learning machines. While deep networks outperform local learning machines on some problems, it is still unclear how their nice representation emerges from their complex  ...", "url_pdf": null, "num_citations": 5, "cluster_id": "18055583554225607989", "year": "2010", "url_citations": "http://scholar.google.com/scholar?cites=18055583554225607989&as_sdt=2005&sciodt=1,5&hl=en"}, {"num_versions": 5, "url_citation": null, "title": "Multi-source deep learning for human pose estimation", "url": "http://ieeexplore.ieee.org/xpls/abs_all.jsp?arnumber=6909696", "url_versions": "http://scholar.google.com/scholar?cluster=10627391380307827290&hl=en&as_sdt=1,5&sciodt=1,5&as_vis=1", "authors": "W Ouyang, X Chu, X Wang - Computer Vision and Pattern  \u2026", "excerpt": "Abstract Visual appearance score, appearance mixture type and deformation are three important information sources for human pose estimation. This paper proposes to build a multi-source deep model in order to extract non-linear representation from these different  ...", "url_pdf": null, "num_citations": 16, "cluster_id": "10627391380307827290", "year": "2014", "url_citations": "http://scholar.google.com/scholar?cites=10627391380307827290&as_sdt=2005&sciodt=1,5&hl=en"}, {"num_versions": 2, "url_citation": null, "title": "Demystifying Unsupervised Feature Learning", "url": "http://citeseerx.ist.psu.edu/viewdoc/download?doi=10.1.1.258.8641&rep=rep1&type=pdf", "url_versions": "http://scholar.google.com/scholar?cluster=13865910409762538510&hl=en&as_sdt=1,5&sciodt=1,5&as_vis=1", "authors": "A Coates -", "excerpt": "Abstract Machine learning is a key component of state-of-the-art systems in many application domains. Applied to many kinds of raw data, however, most learning algorithms are unable to make good predictions. In order to succeed, most learning algorithms are  ...", "url_pdf": null, "num_citations": 10, "cluster_id": "13865910409762538510", "year": "2012", "url_citations": "http://scholar.google.com/scholar?cites=13865910409762538510&as_sdt=2005&sciodt=1,5&hl=en"}, {"num_versions": 10, "url_citation": null, "title": "Deep learning of representations: Looking forward", "url": "http://link.springer.com/chapter/10.1007/978-3-642-39593-2_1", "url_versions": "http://scholar.google.com/scholar?cluster=16988628068303769209&hl=en&as_sdt=1,5&sciodt=1,5&as_vis=1", "authors": "Y Bengio - Statistical Language and Speech Processing", "excerpt": "Abstract Deep learning research aims at discovering learning algorithms that discover multiple levels of distributed representations, with higher levels representing more abstract concepts. Although the study of deep learning has already led to impressive theoretical  ...", "url_pdf": null, "num_citations": 86, "cluster_id": "16988628068303769209", "year": "2013", "url_citations": "http://scholar.google.com/scholar?cites=16988628068303769209&as_sdt=2005&sciodt=1,5&hl=en"}, {"num_versions": 20, "url_citation": null, "title": "Deep learning for detecting robotic grasps", "url": "http://ijr.sagepub.com/content/34/4-5/705.short", "url_versions": "http://scholar.google.com/scholar?cluster=2866321627490206847&hl=en&as_sdt=1,5&sciodt=1,5&as_vis=1", "authors": "I Lenz, H Lee, A Saxena - The International Journal of Robotics  \u2026", "excerpt": "Abstract We consider the problem of detecting robotic grasps in an RGB-D view of a scene containing objects. In this work, we apply a deep learning approach to solve this problem, which avoids time-consuming hand-design of features. This presents two main challenges ...", "url_pdf": null, "num_citations": 48, "cluster_id": "2866321627490206847", "year": "2015", "url_citations": "http://scholar.google.com/scholar?cites=2866321627490206847&as_sdt=2005&sciodt=1,5&hl=en"}, {"num_versions": 6, "url_citation": null, "title": "Inductive principles for learning restricted Boltzmann machines", "url": "http://scholar.google.com/https://circle.ubc.ca/handle/2429/27816", "url_versions": "http://scholar.google.com/scholar?cluster=10713923123386433292&hl=en&as_sdt=1,5&sciodt=1,5&as_vis=1", "authors": "K Swersky -", "excerpt": "We explore the training and usage of the Restricted Boltzmann Machine for unsupervised feature extraction. We investigate the many different aspects involved in their training, and by applying the concept of iterate averaging we show that it is possible to greatly improve  ...", "url_pdf": null, "num_citations": 7, "cluster_id": "10713923123386433292", "year": "2010", "url_citations": "http://scholar.google.com/scholar?cites=10713923123386433292&as_sdt=2005&sciodt=1,5&hl=en"}, {"num_versions": 4, "url_citation": null, "title": "How to construct deep recurrent neural networks", "url": "http://arxiv.org/abs/1312.6026", "url_versions": "http://scholar.google.com/scholar?cluster=3032210598922213468&hl=en&as_sdt=1,5&sciodt=1,5&as_vis=1", "authors": "R Pascanu, C Gulcehre, K Cho, Y Bengio - arXiv preprint arXiv:1312.6026", "excerpt": "Abstract: In this paper, we explore different ways to extend a recurrent neural network (RNN) to a\\ textit {deep} RNN. We start by arguing that the concept of depth in an RNN is not as clear as it is in feedforward neural networks. By carefully analyzing and understanding the  ...", "url_pdf": null, "num_citations": 56, "cluster_id": "3032210598922213468", "year": "2013", "url_citations": "http://scholar.google.com/scholar?cites=3032210598922213468&as_sdt=2005&sciodt=1,5&hl=en"}, {"num_versions": 6, "url_citation": null, "title": "On robust biometric identity verification via sparse encoding of faces: Holistic vs local approaches", "url": "http://ieeexplore.ieee.org/xpls/abs_all.jsp?arnumber=6252611", "url_versions": "http://scholar.google.com/scholar?cluster=543512264061048681&hl=en&as_sdt=1,5&sciodt=1,5&as_vis=1", "authors": "Y Wong, MT Harandi, C Sanderson\u2026 - \u2026 Networks (IJCNN), The \u2026", "excerpt": "Abstract\u2014In the field of face recognition, Sparse Representation (SR) has received considerable attention during the past few years. Most of the related literature focuses on holistic descriptors in closed-set identification applications. The underlying assumption in  ...", "url_pdf": null, "num_citations": 10, "cluster_id": "543512264061048681", "year": "2012", "url_citations": "http://scholar.google.com/scholar?cites=543512264061048681&as_sdt=2005&sciodt=1,5&hl=en"}, {"num_versions": 4, "url_citation": null, "title": "Understanding representations learned in deep architectures", "url": "http://www.iro.umontreal.ca/%7Elisa/pointeurs/invariances_techreport.pdf", "url_versions": "http://scholar.google.com/scholar?cluster=8026134095191205003&hl=en&as_sdt=1,5&sciodt=1,5&as_vis=1", "authors": "D Erhan, A Courville, Y Bengio - Universit e de Montr eal/DIRO,  \u2026", "excerpt": "Abstract Deep architectures have demonstrated state-of-the-art performance in a variety of settings, especially with vision datasets. Deep learning algorithms are based on learning several levels of representation of the input. Beyond test-set performance, there is a need  ...", "url_pdf": "http://www.iro.umontreal.ca/%7Elisa/pointeurs/invariances_techreport.pdf", "num_citations": 24, "cluster_id": "8026134095191205003", "year": "2010", "url_citations": "http://scholar.google.com/scholar?cites=8026134095191205003&as_sdt=2005&sciodt=1,5&hl=en"}, {"num_versions": 6, "url_citation": null, "title": "Learning invariant features through local space contraction", "url": "http://arxiv.org/abs/1104.4153", "url_versions": "http://scholar.google.com/scholar?cluster=14748350987308539302&hl=en&as_sdt=1,5&sciodt=1,5&as_vis=1", "authors": "S Rifai, X Muller, X Glorot, G Mesnil, Y Bengio\u2026 - arXiv preprint arXiv: \u2026", "excerpt": "Abstract: We present in this paper a novel approach for training deterministic auto-encoders. We show that by adding a well chosen penalty term to the classical reconstruction cost function, we can achieve results that equal or surpass those attained by other regularized  ...", "url_pdf": null, "num_citations": 5, "cluster_id": "14748350987308539302", "year": "2011", "url_citations": "http://scholar.google.com/scholar?cites=14748350987308539302&as_sdt=2005&sciodt=1,5&hl=en"}, {"num_versions": 12, "url_citation": null, "title": "On robust face recognition via sparse coding: the good, the bad and the ugly", "url": "http://digital-library.theiet.org/content/journals/10.1049/iet-bmt.2013.0033", "url_versions": "http://scholar.google.com/scholar?cluster=16732285897069879789&hl=en&as_sdt=1,5&sciodt=1,5&as_vis=1", "authors": "Y Wong, MT Harandi, C Sanderson - IET Biometrics", "excerpt": "In the field of face recognition, sparse representation (SR) has received considerable attention during the past few years, with a focus on holistic descriptors in closed-set identification applications. The underlying assumption in such SR-based methods is that  ...", "url_pdf": null, "num_citations": 5, "cluster_id": "16732285897069879789", "year": "2014", "url_citations": "http://scholar.google.com/scholar?cites=16732285897069879789&as_sdt=2005&sciodt=1,5&hl=en"}, {"num_versions": 6, "url_citation": null, "title": "Learning efficient sparse and low rank models", "url": "http://ieeexplore.ieee.org/xpls/abs_all.jsp?arnumber=7010964", "url_versions": "http://scholar.google.com/scholar?cluster=17127159677931879055&hl=en&as_sdt=1,5&sciodt=1,5&as_vis=1", "authors": "P Sprechmann, A Bronstein, G Sapiro -", "excerpt": "Abstract\u2014Parsimony, including sparsity and low rank, has been shown to successfully model data in numerous machine learning and signal processing tasks. Traditionally, such modeling approaches rely on an iterative algorithm that minimizes an objective function  ...", "url_pdf": null, "num_citations": 18, "cluster_id": "17127159677931879055", "year": "2012", "url_citations": "http://scholar.google.com/scholar?cites=17127159677931879055&as_sdt=2005&sciodt=1,5&hl=en"}, {"num_versions": 22, "url_citation": null, "title": "Towards holistic scene understanding: Feedback enabled cascaded classification models", "url": "http://papers.nips.cc/paper/4003-towards-holistic-scene-understanding-feedback-enabled-cascaded-classification-models", "url_versions": "http://scholar.google.com/scholar?cluster=5115054035442885357&hl=en&as_sdt=1,5&sciodt=1,5&as_vis=1", "authors": "C Li, A Kowdle, A Saxena, T Chen - Advances in Neural Information  \u2026", "excerpt": "Abstract In many machine learning domains (such as scene understanding), several related sub-tasks (such as scene categorization, depth estimation, object detection) operate on the same raw data and provide correlated outputs. Each of these tasks is often notoriously  ...", "url_pdf": null, "num_citations": 61, "cluster_id": "5115054035442885357", "year": "2010", "url_citations": "http://scholar.google.com/scholar?cites=5115054035442885357&as_sdt=2005&sciodt=1,5&hl=en"}, {"num_versions": 10, "url_citation": null, "title": "Learning the irreducible representations of commutative Lie groups", "url": "http://arxiv.org/abs/1402.4437", "url_versions": "http://scholar.google.com/scholar?cluster=3184378842105092803&hl=en&as_sdt=1,5&sciodt=1,5&as_vis=1", "authors": "T Cohen, M Welling - arXiv preprint arXiv:1402.4437", "excerpt": "Abstract: We present a new probabilistic model of compact commutative Lie groups that produces invariant-equivariant and disentangled representations of data. To define the notion of disentangling, we borrow a fundamental principle from physics that is used to  ...", "url_pdf": null, "num_citations": 9, "cluster_id": "3184378842105092803", "year": "2014", "url_citations": "http://scholar.google.com/scholar?cites=3184378842105092803&as_sdt=2005&sciodt=1,5&hl=en"}, {"num_versions": 6, "url_citation": null, "title": "Deep learning of invariant spatio-temporal features from video", "url": "http://scholar.google.com/https://circle.ubc.ca/handle/2429/27651", "url_versions": "http://scholar.google.com/scholar?cluster=16248276759732427453&hl=en&as_sdt=1,5&sciodt=1,5&as_vis=1", "authors": "B Chen -", "excerpt": "We present a novel hierarchical and distributed model for learning invariant spatio-temporal features from video. Our approach builds on previous deep learning methods and uses the Convolutional Restricted Boltzmann machine (CRBM) as a building block. Our model,  ...", "url_pdf": null, "num_citations": 17, "cluster_id": "16248276759732427453", "year": "2010", "url_citations": "http://scholar.google.com/scholar?cites=16248276759732427453&as_sdt=2005&sciodt=1,5&hl=en"}, {"num_versions": 11, "url_citation": null, "title": "Generalization and properties of the neural response", "url": "http://18.7.29.232/handle/1721.1/60024", "url_versions": "http://scholar.google.com/scholar?cluster=2610532637117314282&hl=en&as_sdt=1,5&sciodt=1,5&as_vis=1", "authors": "J Bouvrie, T Poggio, L Rosasco, S Smale, A Wibisono -", "excerpt": "Hierarchical learning algorithms have enjoyed tremendous growth in recent years, with many new algorithms being proposed and applied to a wide range of applications. However, despite the apparent success of hierarchical algorithms in practice, the theory of  ...", "url_pdf": null, "num_citations": 7, "cluster_id": "2610532637117314282", "year": "2010", "url_citations": "http://scholar.google.com/scholar?cites=2610532637117314282&as_sdt=2005&sciodt=1,5&hl=en"}, {"num_versions": 18, "url_citation": null, "title": "Domain adaptation for large-scale sentiment classification: A deep learning approach", "url": "http://machinelearning.wustl.edu/mlpapers/paper_files/ICML2011Glorot_342.pdf", "url_versions": "http://scholar.google.com/scholar?cluster=18093548304865208974&hl=en&as_sdt=1,5&sciodt=1,5&as_vis=1", "authors": "X Glorot, A Bordes, Y Bengio - Proceedings of the  \u2026", "excerpt": "Abstract The exponential increase in the availability of online reviews and recommendations makes sentiment classification an interesting topic in academic and industrial research. Reviews can span so many different domains that it is difficult to gather annotated training  ...", "url_pdf": "http://machinelearning.wustl.edu/mlpapers/paper_files/ICML2011Glorot_342.pdf", "num_citations": 256, "cluster_id": "18093548304865208974", "year": "2011", "url_citations": "http://scholar.google.com/scholar?cites=18093548304865208974&as_sdt=2005&sciodt=1,5&hl=en"}, {"num_versions": 22, "url_citation": null, "title": "Learning hierarchical invariant spatio-temporal features for action recognition with independent subspace analysis", "url": "http://ieeexplore.ieee.org/xpls/abs_all.jsp?arnumber=5995496", "url_versions": "http://scholar.google.com/scholar?cluster=17167765780025847163&hl=en&as_sdt=1,5&sciodt=1,5&as_vis=1", "authors": "QV Le, WY Zou, SY Yeung\u2026 - Computer Vision and  \u2026", "excerpt": "Abstract Previous work on action recognition has focused on adapting hand-designed local features, such as SIFT or HOG, from static images to the video domain. In this paper, we propose using unsupervised feature learning as a way to learn features directly from video  ...", "url_pdf": null, "num_citations": 443, "cluster_id": "17167765780025847163", "year": "2011", "url_citations": "http://scholar.google.com/scholar?cites=17167765780025847163&as_sdt=2005&sciodt=1,5&hl=en"}, {"num_versions": 10, "url_citation": null, "title": "Better mixing via deep representations", "url": "http://arxiv.org/abs/1207.4404", "url_versions": "http://scholar.google.com/scholar?cluster=4580414999413913548&hl=en&as_sdt=1,5&sciodt=1,5&as_vis=1", "authors": "Y Bengio, G Mesnil, Y Dauphin, S Rifai - arXiv preprint arXiv:1207.4404", "excerpt": "Abstract: It has previously been hypothesized, and supported with some experimental evidence, that deeper representations, when well trained, tend to do a better job at disentangling the underlying factors of variation. We study the following related conjecture ...", "url_pdf": null, "num_citations": 42, "cluster_id": "4580414999413913548", "year": "2012", "url_citations": "http://scholar.google.com/scholar?cites=4580414999413913548&as_sdt=2005&sciodt=1,5&hl=en"}, {"num_versions": 10, "url_citation": null, "title": "Deep learners benefit more from out-of-distribution examples", "url": "http://machinelearning.wustl.edu/mlpapers/paper_files/AISTATS2011_BengioBBBBCCCEEGMLPRSS11.pdf", "url_versions": "http://scholar.google.com/scholar?cluster=10528790577331404144&hl=en&as_sdt=1,5&sciodt=1,5&as_vis=1", "authors": "Y Bengio, F Bastien, A Bergeron\u2026 - International  \u2026", "excerpt": "Abstract Recent theoretical and empirical work in statistical machine learning has demonstrated the potential of learning algorithms for deep architectures, ie, function classes obtained by composing multiple levels of representation. The hypothesis evaluated here  ...", "url_pdf": "http://machinelearning.wustl.edu/mlpapers/paper_files/AISTATS2011_BengioBBBBCCCEEGMLPRSS11.pdf", "num_citations": 18, "cluster_id": "10528790577331404144", "year": "2011", "url_citations": "http://scholar.google.com/scholar?cites=10528790577331404144&as_sdt=2005&sciodt=1,5&hl=en"}, {"num_versions": 9, "url_citation": null, "title": "Real-time Online Singing Voice Separation from Monaural Recordings Using Robust Low-rank Modeling.", "url": "http://vista.eng.tau.ac.il/publications/sprbrosapismir12.pdf", "url_versions": "http://scholar.google.com/scholar?cluster=8299436906818744109&hl=en&as_sdt=1,5&sciodt=1,5&as_vis=1", "authors": "P Sprechmann, AM Bronstein, G Sapiro - ISMIR", "excerpt": "ABSTRACT Separating the leading vocals from the musical accompaniment is a challenging task that appears naturally in several music processing applications. Robust principal component analysis (RPCA) has been recently employed to this problem producing very  ...", "url_pdf": "http://vista.eng.tau.ac.il/publications/sprbrosapismir12.pdf", "num_citations": 24, "cluster_id": "8299436906818744109", "year": "2012", "url_citations": "http://scholar.google.com/scholar?cites=8299436906818744109&as_sdt=2005&sciodt=1,5&hl=en"}, {"num_versions": 3, "url_citation": null, "title": "Deep belief network for clustering and classification of a continuous data", "url": "http://ieeexplore.ieee.org/xpls/abs_all.jsp?arnumber=5711759", "url_versions": "http://scholar.google.com/scholar?cluster=8574534070032994209&hl=en&as_sdt=1,5&sciodt=1,5&as_vis=1", "authors": "M Salama, AE Hassanien\u2026 - Signal Processing and  \u2026", "excerpt": "Abstract-Deep Belief Network (DBN) is a deep architecture that consists of a stack of Restricted Boltzmann Machines (RBM). The deep architecture has the benefit that each layer learns more complex features than layers before it. DBN and RBM could be used as a feature  ... ", "url_pdf": null, "num_citations": 7, "cluster_id": "8574534070032994209", "year": "2010", "url_citations": "http://scholar.google.com/scholar?cites=8574534070032994209&as_sdt=2005&sciodt=1,5&hl=en"}, {"num_versions": 7, "url_citation": null, "title": "Autoencoder in time-series analysis for unsupervised tissues characterisation in a large unlabelled medical image dataset", "url": "http://ieeexplore.ieee.org/xpls/abs_all.jsp?arnumber=6146980", "url_versions": "http://scholar.google.com/scholar?cluster=2956672028947911200&hl=en&as_sdt=1,5&sciodt=1,5&as_vis=1", "authors": "HC Shin, M Orton, DJ Collins, S Doran\u2026 - \u2026  and Applications and \u2026", "excerpt": "Abstract\u2014The topic of deep-learning has recently received considerable attention in the machine learning research community, having great potential to liberate computer scientists from handengineering training datasets, because the method can learn the desired  ...", "url_pdf": null, "num_citations": 4, "cluster_id": "2956672028947911200", "year": "2011", "url_citations": "http://scholar.google.com/scholar?cites=2956672028947911200&as_sdt=2005&sciodt=1,5&hl=en"}, {"num_versions": 4, "url_citation": null, "title": "Hybrid clustering and logistic regression for multi-modal brain tumor segmentation", "url": "http://scholar.google.com/https://roi-engine.googlecode.com/files/MICCAI_BRATS2012_SHIN.pdf", "url_versions": "http://scholar.google.com/scholar?cluster=18334979038536689030&hl=en&as_sdt=1,5&sciodt=1,5&as_vis=1", "authors": "HC Shin - Proc. of Workshops and Challanges in  \u2026", "excerpt": "Abstract. Tumor is an abnormal tissue type, therefore it is hard to be identified by some classical classification methods. It was tried to find a non-linear decision boundary to classify tumor and edema by a joint approach of hybrid clustering and logistic regression.  ...", "url_pdf": "http://scholar.google.com/https://roi-engine.googlecode.com/files/MICCAI_BRATS2012_SHIN.pdf", "num_citations": 6, "cluster_id": "18334979038536689030", "year": "2012", "url_citations": "http://scholar.google.com/scholar?cites=18334979038536689030&as_sdt=2005&sciodt=1,5&hl=en"}, {"num_versions": 8, "url_citation": null, "title": "Sparse autoencoder-based feature transfer learning for speech emotion recognition", "url": "http://ieeexplore.ieee.org/xpls/abs_all.jsp?arnumber=6681481", "url_versions": "http://scholar.google.com/scholar?cluster=15437629213049968455&hl=en&as_sdt=1,5&sciodt=1,5&as_vis=1", "authors": "J Deng, Z Zhang, E Marchi\u2026 - Affective Computing and  \u2026", "excerpt": "Abstract\u2014In speech emotion recognition, training and test data used for system development usually tend to fit each other perfectly, but further 'similar'data may be available. Transfer learning helps to exploit such similar data for training despite the  ...", "url_pdf": null, "num_citations": 21, "cluster_id": "15437629213049968455", "year": "2013", "url_citations": "http://scholar.google.com/scholar?cites=15437629213049968455&as_sdt=2005&sciodt=1,5&hl=en"}, {"num_versions": 14, "url_citation": null, "title": "Stacked autoencoders for unsupervised feature learning and multiple organ detection in a pilot study using 4D patient data", "url": "http://ieeexplore.ieee.org/xpls/abs_all.jsp?arnumber=6399478", "url_versions": "http://scholar.google.com/scholar?cluster=11055548843702499225&hl=en&as_sdt=1,5&sciodt=1,5&as_vis=1", "authors": "HC Shin, MR Orton, DJ Collins\u2026 - Pattern Analysis and  \u2026", "excerpt": "Abstract\u2014Medical image analysis remains a challenging application area for artificial intelligence. When applying machine learning, obtaining ground-truth labels for supervised learning is more difficult than in many more common applications of machine learning.  ...", "url_pdf": null, "num_citations": 24, "cluster_id": "11055548843702499225", "year": "2013", "url_citations": "http://scholar.google.com/scholar?cites=11055548843702499225&as_sdt=2005&sciodt=1,5&hl=en"}, {"num_versions": 15, "url_citation": null, "title": "Cardinality restricted boltzmann machines", "url": "http://papers.nips.cc/paper/4668-cardinality-restricted-boltzmann-machines", "url_versions": "http://scholar.google.com/scholar?cluster=6979072430722394652&hl=en&as_sdt=1,5&sciodt=1,5&as_vis=1", "authors": "K Swersky, I Sutskever, D Tarlow, RS Zemel\u2026 - Advances in Neural  \u2026", "excerpt": "Abstract The Restricted Boltzmann Machine (RBM) is a popular density model that is also good for extracting features. A main source of tractability in RBM models is the model's assumption that given an input, hidden units activate independently from one another.  ...", "url_pdf": null, "num_citations": 10, "cluster_id": "6979072430722394652", "year": "2012", "url_citations": "http://scholar.google.com/scholar?cites=6979072430722394652&as_sdt=2005&sciodt=1,5&hl=en"}, {"num_versions": 33, "url_citation": null, "title": "Representation learning: A review and new perspectives", "url": "http://ieeexplore.ieee.org/xpls/abs_all.jsp?arnumber=6472238", "url_versions": "http://scholar.google.com/scholar?cluster=559463397382443088&hl=en&as_sdt=1,5&sciodt=1,5&as_vis=1", "authors": "Y Bengio, A Courville, P Vincent - Pattern Analysis and  \u2026", "excerpt": "Abstract\u2014The success of machine learning algorithms generally depends on data representation, and we hypothesize that this is because different representations can entangle and hide more or less the different explanatory factors of variation behind the  ...", "url_pdf": null, "num_citations": 685, "cluster_id": "559463397382443088", "year": "2013", "url_citations": "http://scholar.google.com/scholar?cites=559463397382443088&as_sdt=2005&sciodt=1,5&hl=en"}, {"num_versions": 27, "url_citation": null, "title": "An analysis of single-layer networks in unsupervised feature learning", "url": "http://machinelearning.wustl.edu/mlpapers/paper_files/AISTATS2011_CoatesNL11.pdf", "url_versions": "http://scholar.google.com/scholar?cluster=16678777530215029568&hl=en&as_sdt=1,5&sciodt=1,5&as_vis=1", "authors": "A Coates, AY Ng, H Lee - International conference on  \u2026", "excerpt": "Abstract A great deal of research has focused on algorithms for learning features from unlabeled data. Indeed, much progress has been made on benchmark datasets like NORB and CIFAR by employing increasingly complex unsupervised learning algorithms and  ...", "url_pdf": "http://machinelearning.wustl.edu/mlpapers/paper_files/AISTATS2011_CoatesNL11.pdf", "num_citations": 507, "cluster_id": "16678777530215029568", "year": "2011", "url_citations": "http://scholar.google.com/scholar?cites=16678777530215029568&as_sdt=2005&sciodt=1,5&hl=en"}, {"num_versions": 9, "url_citation": null, "title": "The manifold tangent classifier", "url": "http://machinelearning.wustl.edu/mlpapers/paper_files/NIPS2011_1240.pdf", "url_versions": "http://scholar.google.com/scholar?cluster=8931227741868367171&hl=en&as_sdt=1,5&sciodt=1,5&as_vis=1", "authors": "S Rifai, YN Dauphin, P Vincent\u2026 - Advances in  \u2026", "excerpt": "Abstract We combine three important ideas present in previous work for building classifiers: the semi-supervised hypothesis (the input distribution contains information about the classifier), the unsupervised manifold hypothesis (data density concentrates near low- ...", "url_pdf": "http://machinelearning.wustl.edu/mlpapers/paper_files/NIPS2011_1240.pdf", "num_citations": 66, "cluster_id": "8931227741868367171", "year": "2011", "url_citations": "http://scholar.google.com/scholar?cites=8931227741868367171&as_sdt=2005&sciodt=1,5&hl=en"}, {"num_versions": 15, "url_citation": null, "title": "Learning hierarchical feature extractors for image recognition", "url": "http://scholar.google.com/https://hal.archives-ouvertes.fr/docs/01/06/33/53/PDF/boureau_y.pdf", "url_versions": "http://scholar.google.com/scholar?cluster=8293402366815274130&hl=en&as_sdt=1,5&sciodt=1,5&as_vis=1", "authors": "YL Boureau -", "excerpt": "ABSTRACT Telling cow from sheep is effortless for most animals, but requires much engineering for computers. In this thesis, we seek to tease out basic principles that underlie many recent advances in image recognition. First, we recast many methods into a  ...", "url_pdf": "http://scholar.google.com/https://hal.archives-ouvertes.fr/docs/01/06/33/53/PDF/boureau_y.pdf", "num_citations": 5, "cluster_id": "8293402366815274130", "year": "2014", "url_citations": "http://scholar.google.com/scholar?cites=8293402366815274130&as_sdt=2005&sciodt=1,5&hl=en"}, {"num_versions": 8, "url_citation": null, "title": "Intriguing properties of neural networks", "url": "http://arxiv.org/abs/1312.6199", "url_versions": "http://scholar.google.com/scholar?cluster=2835128024326609853&hl=en&as_sdt=1,5&sciodt=1,5&as_vis=1", "authors": "C Szegedy, W Zaremba, I Sutskever, J Bruna\u2026 - arXiv preprint arXiv: \u2026", "excerpt": "Abstract: Deep neural networks are highly expressive models that have recently achieved state of the art performance on speech and visual recognition tasks. While their expressiveness is the reason they succeed, it also causes them to learn uninterpretable  ...", "url_pdf": null, "num_citations": 81, "cluster_id": "2835128024326609853", "year": "2013", "url_citations": "http://scholar.google.com/scholar?cites=2835128024326609853&as_sdt=2005&sciodt=1,5&hl=en"}, {"num_versions": 6, "url_citation": null, "title": "Practical recommendations for gradient-based training of deep architectures", "url": "http://link.springer.com/chapter/10.1007/978-3-642-35289-8_26", "url_versions": "http://scholar.google.com/scholar?cluster=13214514639523956782&hl=en&as_sdt=1,5&sciodt=1,5&as_vis=1", "authors": "Y Bengio - Neural Networks: Tricks of the Trade", "excerpt": "Abstract Learning algorithms related to artificial neural networks and in particular for Deep Learning may seem to involve many bells and whistles, called hyper-parameters. This chapter is meant as a practical guide with recommendations for some of the most  ...", "url_pdf": null, "num_citations": 91, "cluster_id": "13214514639523956782", "year": "2012", "url_citations": "http://scholar.google.com/scholar?cites=13214514639523956782&as_sdt=2005&sciodt=1,5&hl=en"}, {"num_versions": 10, "url_citation": null, "title": "Higher order contractive auto-encoder", "url": "http://link.springer.com/chapter/10.1007/978-3-642-23783-6_41", "url_versions": "http://scholar.google.com/scholar?cluster=993338279736361345&hl=en&as_sdt=1,5&sciodt=1,5&as_vis=1", "authors": "S Rifai, G Mesnil, P Vincent, X Muller, Y Bengio\u2026 - Machine Learning and  \u2026", "excerpt": "Abstract We propose a novel regularizer when training an auto-encoder for unsupervised feature extraction. We explicitly encourage the latent representation to contract the input space by regularizing the norm of the Jacobian (analytically) and the Hessian ( ...", "url_pdf": null, "num_citations": 49, "cluster_id": "993338279736361345", "year": "2011", "url_citations": "http://scholar.google.com/scholar?cites=993338279736361345&as_sdt=2005&sciodt=1,5&hl=en"}, {"num_versions": 14, "url_citation": null, "title": "Learning efficient structured sparse models", "url": "http://arxiv.org/abs/1206.4649", "url_versions": "http://scholar.google.com/scholar?cluster=17437042244445024999&hl=en&as_sdt=1,5&sciodt=1,5&as_vis=1", "authors": "A Bronstein, P Sprechmann, G Sapiro - arXiv preprint arXiv:1206.4649", "excerpt": "Abstract: We present a comprehensive framework for structured sparse coding and modeling extending the recent ideas of using learnable fast regressors to approximate exact sparse codes. For this purpose, we develop a novel block-coordinate proximal splitting  ...", "url_pdf": null, "num_citations": 9, "cluster_id": "17437042244445024999", "year": "2012", "url_citations": "http://scholar.google.com/scholar?cites=17437042244445024999&as_sdt=2005&sciodt=1,5&hl=en"}, {"num_versions": 20, "url_citation": null, "title": "Learning hierarchical representations for face verification with convolutional deep belief networks", "url": "http://ieeexplore.ieee.org/xpls/abs_all.jsp?arnumber=6247968", "url_versions": "http://scholar.google.com/scholar?cluster=14256739331062461225&hl=en&as_sdt=1,5&sciodt=1,5&as_vis=1", "authors": "GB Huang, H Lee\u2026 - Computer Vision and  \u2026", "excerpt": "Abstract Most modern face recognition systems rely on a feature representation given by a hand-crafted image descriptor, such as Local Binary Patterns (LBP), and achieve improved performance by combining several such representations. In this paper, we propose deep  ...", "url_pdf": null, "num_citations": 89, "cluster_id": "14256739331062461225", "year": "2012", "url_citations": "http://scholar.google.com/scholar?cites=14256739331062461225&as_sdt=2005&sciodt=1,5&hl=en"}, {"num_versions": 5, "url_citation": null, "title": "Convolutional Neural Networks Applied to Human Face Classification", "url": "http://ieeexplore.ieee.org/xpls/abs_all.jsp?arnumber=6406799", "url_versions": "http://scholar.google.com/scholar?cluster=3326541684248182749&hl=en&as_sdt=1,5&sciodt=1,5&as_vis=1", "authors": "B Cheung - Machine Learning and Applications (ICMLA)", "excerpt": "Abstract\u2014Convolutional neural network models have covered a broad scope of computer vision applications, achieving competitive performance with minimal domain knowledge. In this work, we apply such a model to a task designed to deter automated systems. We  ...", "url_pdf": null, "num_citations": 8, "cluster_id": "3326541684248182749", "year": "2012", "url_citations": "http://scholar.google.com/scholar?cites=3326541684248182749&as_sdt=2005&sciodt=1,5&hl=en"}, {"num_versions": 42, "url_citation": null, "title": "Building high-level features using large scale unsupervised learning", "url": "http://ieeexplore.ieee.org/xpls/abs_all.jsp?arnumber=6639343", "url_versions": "http://scholar.google.com/scholar?cluster=13804624732817572151&hl=en&as_sdt=1,5&sciodt=1,5&as_vis=1", "authors": "QV Le - Acoustics, Speech and Signal Processing (ICASSP),  \u2026", "excerpt": "ABSTRACT We consider the problem of building high-level, class-specific feature detectors from only unlabeled data. For example, is it possible to learn a face detector using only unlabeled images? To answer this, we train a deep sparse autoencoder on a large  ...", "url_pdf": null, "num_citations": 605, "cluster_id": "13804624732817572151", "year": "2013", "url_citations": "http://scholar.google.com/scholar?cites=13804624732817572151&as_sdt=2005&sciodt=1,5&hl=en"}, {"num_versions": 3, "url_citation": null, "title": "Deep self-taught learning for handwritten character recognition", "url": "http://arxiv.org/abs/1009.3589", "url_versions": "http://scholar.google.com/scholar?cluster=13430136242568199344&hl=en&as_sdt=1,5&sciodt=1,5&as_vis=1", "authors": "F Bastien, Y Bengio, A Bergeron\u2026 - arXiv preprint arXiv: \u2026", "excerpt": "Abstract: Recent theoretical and empirical work in statistical machine learning has demonstrated the importance of learning algorithms for deep architectures, ie, function classes obtained by composing multiple non-linear transformations. Self-taught learning ( ...", "url_pdf": null, "num_citations": 4, "cluster_id": "13430136242568199344", "year": "2010", "url_citations": "http://scholar.google.com/scholar?cites=13430136242568199344&as_sdt=2005&sciodt=1,5&hl=en"}, {"num_versions": 5, "url_citation": null, "title": "Unsupervised feature learning via sparse hierarchical representations", "url": "http://scholar.google.com/https://books.google.com/books?hl=en&lr=&id=lQF3-rtHO7IC&oi=fnd&pg=PR4&ots=2THW__10Rf&sig=YX6fSxi9lgGXAPCQNX0MrlV2P2c", "url_versions": "http://scholar.google.com/scholar?cluster=17817464495239422139&hl=en&as_sdt=1,5&sciodt=1,5&as_vis=1", "authors": "H Lee -", "excerpt": "Machine learning has proved a powerful tool for artificial intelligence and data mining problems. However, its success has usually relied on having a good feature representation of the data, and having a poor representation can severely limit the performance of  ...", "url_pdf": null, "num_citations": 7, "cluster_id": "17817464495239422139", "year": "2010", "url_citations": "http://scholar.google.com/scholar?cites=17817464495239422139&as_sdt=2005&sciodt=1,5&hl=en"}]