[{"num_versions": 2, "url_citation": null, "title": "How Does Applied Learning Fare Under the Scrutiny of Program Review?", "url": "http://roypoet.com/files/JALHE_Proof_2011a.pdf", "url_versions": "http://scholar.google.com/scholar?cluster=11106248813744307303&hl=en&as_sdt=1,5&sciodt=1,5&as_vis=1", "authors": "EJ KEMPF, ROY SCHWARTZMAN\u2026 - Journal of Applied  \u2026", "excerpt": "An educational environment characterized by shrinking fiscal and physical resources has spurred many institutions to undertake comprehensive academic program review. Such a process assesses the performance of programs and prioritizes them for de-emphasis,  ...", "url_pdf": "http://roypoet.com/files/JALHE_Proof_2011a.pdf", "num_citations": 0, "cluster_id": null, "year": "2011", "url_citations": null}, {"num_versions": 4, "url_citation": null, "title": "Discovering, applying and integrating self-knowledge: a grounded theory study of learning in life coaching", "url": "http://eprints.qut.edu.au/37245", "url_versions": "http://scholar.google.com/scholar?cluster=804594722784867467&hl=en&as_sdt=1,5&sciodt=1,5&as_vis=1", "authors": "KE Griffiths -", "excerpt": "Professional coaching is a rapidly expanding field with interdisciplinary roots and broad application. However, despite abundant prescriptive literature, research into the process of coaching, and especially life coaching, is minimal. Similarly, although learning is  ...", "url_pdf": null, "num_citations": 1, "cluster_id": "804594722784867467", "year": "2008", "url_citations": "http://scholar.google.com/scholar?cites=804594722784867467&as_sdt=2005&sciodt=1,5&hl=en"}, {"num_versions": 12, "url_citation": null, "title": "Understanding student expectations in developing environmental science courses", "url": "http://dro.deakin.edu.au/view/DU:30003760", "url_versions": "http://scholar.google.com/scholar?cluster=13317355315103330544&hl=en&as_sdt=1,5&sciodt=1,5&as_vis=1", "authors": "R Cooke, K Miller, J White - International journal of learning", "excerpt": "Developing relevant and innovative University courses is a complex and often difficult task. This is particularly true when developing environmental science courses as the banner of environmental science has the potential to include an extremely vast array of subject  ...", "url_pdf": null, "num_citations": 5, "cluster_id": "13317355315103330544", "year": "2006", "url_citations": "http://scholar.google.com/scholar?cites=13317355315103330544&as_sdt=2005&sciodt=1,5&hl=en"}, {"num_versions": 3, "url_citation": null, "title": "Enquiry-driven fieldwork as a rich and powerful teaching strategy\u2013school practices in secondary geography education in the Netherlands", "url": "http://www.tandfonline.com/doi/abs/10.1080/10382046.2011.619808", "url_versions": "http://scholar.google.com/scholar?cluster=3631903086290671824&hl=en&as_sdt=1,5&sciodt=1,5&as_vis=1", "authors": "K Oost, B De Vries\u2026 - International Research in  \u2026", "excerpt": "Given its active and enquiry-driven character, fieldwork is seen as an important way to develop geographical understanding of the world, during which cognitive and affective learning reinforce each other. The present study aims to give insight into whether and how  ...", "url_pdf": null, "num_citations": 12, "cluster_id": "3631903086290671824", "year": "2011", "url_citations": "http://scholar.google.com/scholar?cites=3631903086290671824&as_sdt=2005&sciodt=1,5&hl=en"}, {"num_versions": 3, "url_citation": null, "title": "What is the use of fieldwork? Conceptions of students and staff in geography and geology", "url": "http://www.tandfonline.com/doi/abs/10.1080/03098265.2010.487203", "url_versions": "http://scholar.google.com/scholar?cluster=15426147223166843471&hl=en&as_sdt=1,5&sciodt=1,5&as_vis=1", "authors": "A Stokes, K Magnier, R Weaver - Journal of Geography in Higher  \u2026", "excerpt": "This paper explores conceptions of the purpose of fieldwork held by undergraduates and academic staff in the disciplines of geography and geology. Phenomenographic analysis of written data reveals six qualitatively distinct conceptions broadly classified as 'fragmented' ...", "url_pdf": null, "num_citations": 17, "cluster_id": "15426147223166843471", "year": "2011", "url_citations": "http://scholar.google.com/scholar?cites=15426147223166843471&as_sdt=2005&sciodt=1,5&hl=en"}, {"num_versions": 4, "url_citation": null, "title": "Developing a supportive framework for learning on biosciences field courses through video-based resources", "url": "http://jolt.merlot.org/vol9no3/goodenough_0913.htm", "url_versions": "http://scholar.google.com/scholar?cluster=9820970723737686157&hl=en&as_sdt=1,5&sciodt=1,5&as_vis=1", "authors": "AE Goodenough, L MacTavish, AG Hart - Journal of Online Learning  \u2026", "excerpt": "Abstract Field courses are an essential component of the undergraduate experience in many subjects, but are intensive and expensive for participating students. Unpreparedness often means time is used teaching the basics rather than challenging students in exciting  ...", "url_pdf": null, "num_citations": 1, "cluster_id": "9820970723737686157", "year": "2013", "url_citations": "http://scholar.google.com/scholar?cites=9820970723737686157&as_sdt=2005&sciodt=1,5&hl=en"}, {"num_versions": 4, "url_citation": null, "title": "Challenging ideals of reciprocity in undergraduate teaching: the unexpected benefits of unpredictable cross-cultural fieldwork", "url": "http://www.tandfonline.com/doi/abs/10.1080/03098265.2014.908350", "url_versions": "http://scholar.google.com/scholar?cluster=6350466620628573234&hl=en&as_sdt=1,5&sciodt=1,5&as_vis=1", "authors": "LA Hammersley, RH Bilous, SW James\u2026 - Journal of Geography \u2026", "excerpt": "Geographers are increasingly grappling with the theoretical and practical implications of integrating an ethics of reciprocity into undergraduate learning and teaching. This paper draws on the unexpected experiences of a third-year human geography research  ...", "url_pdf": null, "num_citations": 1, "cluster_id": "6350466620628573234", "year": "2014", "url_citations": "http://scholar.google.com/scholar?cites=6350466620628573234&as_sdt=2005&sciodt=1,5&hl=en"}, {"num_versions": 0, "url_citation": null, "title": "An Effective use of Experiential Learning to Integrate Field Trips and Classroom Teaching", "url": "http://www.ahtmm.com/proceedings/2012/2ndahtmmc_submission_166.pdf", "url_versions": null, "authors": "R Huang - 2nd Advances in Hospitality and Tourism Marketing  \u2026", "excerpt": "ABSTRACT This research aims to assess effectiveness of use of experiential learning to integrate field trips organised for postgraduate students who are studying in tourism and hospitality management in one British university and their lessons in classroom.  ...", "url_pdf": "http://www.ahtmm.com/proceedings/2012/2ndahtmmc_submission_166.pdf", "num_citations": 1, "cluster_id": "16250345431873427707", "year": "2012", "url_citations": "http://scholar.google.com/scholar?cites=16250345431873427707&as_sdt=2005&sciodt=1,5&hl=en"}, {"num_versions": 5, "url_citation": null, "title": "Enabling remote access to fieldwork: Gaining insight into the pedagogic effectiveness of 'direct'and 'remote'field activities", "url": "http://www.tandfonline.com/doi/abs/10.1080/03098265.2011.619004", "url_versions": "http://scholar.google.com/scholar?cluster=4426455359797385967&hl=en&as_sdt=1,5&sciodt=1,5&as_vis=1", "authors": "A Stokes, T Collins, J Maskall, J Lea\u2026 - Journal of Geography \u2026", "excerpt": "This study considers the pedagogical effectiveness of remote access to fieldwork locations. Forty-one students from across the GEES disciplines (geography, earth and environmental sciences) undertook a fieldwork exercise, supported by two lecturers. Twenty students  ...", "url_pdf": null, "num_citations": 7, "cluster_id": "4426455359797385967", "year": "2012", "url_citations": "http://scholar.google.com/scholar?cites=4426455359797385967&as_sdt=2005&sciodt=1,5&hl=en"}, {"num_versions": 3, "url_citation": null, "title": "Using the rural atelier as an educational method in landscape studies", "url": "http://www.tandfonline.com/doi/abs/10.1080/03098265.2010.486852", "url_versions": "http://scholar.google.com/scholar?cluster=11486487846860444914&hl=en&as_sdt=1,5&sciodt=1,5&as_vis=1", "authors": "E Meijles, B Van Hoven - Journal of Geography in Higher  \u2026", "excerpt": "Drawing on experiences from a project conducted in the 'Drentsche Aa'area in the Netherlands, this article discusses the concept of the 'rural atelier'as a form of problem-based learning. The rural atelier principle was used originally in rural development  ...", "url_pdf": null, "num_citations": 9, "cluster_id": "11486487846860444914", "year": "2010", "url_citations": "http://scholar.google.com/scholar?cites=11486487846860444914&as_sdt=2005&sciodt=1,5&hl=en"}, {"num_versions": 4, "url_citation": null, "title": "Students as scholars: evaluating student-led learning and teaching during fieldwork", "url": "http://www.tandfonline.com/doi/abs/10.1080/03098265.2013.811638", "url_versions": "http://scholar.google.com/scholar?cluster=7761366103997915887&hl=en&as_sdt=1,5&sciodt=1,5&as_vis=1", "authors": "A Marvell, D Simm, R Schaaf\u2026 - Journal of Geography in  \u2026", "excerpt": "Student-led teaching and learning is an innovative form of active learning that empowers students with direct ownership of the learning experience. Reporting on a final-year undergraduate field trip to Barcelona, Spain, peer-to-peer teaching is used to facilitate the  ...", "url_pdf": null, "num_citations": 1, "cluster_id": "7761366103997915887", "year": "2013", "url_citations": "http://scholar.google.com/scholar?cites=7761366103997915887&as_sdt=2005&sciodt=1,5&hl=en"}, {"num_versions": 8, "url_citation": null, "title": "A critical discussion of deep and surface processing: What it means, how it is measured, the role of context, and model specification", "url": "http://link.springer.com/article/10.1007/s10648-012-9198-7", "url_versions": "http://scholar.google.com/scholar?cluster=10707756886493239945&hl=en&as_sdt=1,5&sciodt=1,5&as_vis=1", "authors": "DL Dinsmore, PA Alexander - Educational Psychology Review", "excerpt": "Abstract The prevailing assumption by some that deep processing promotes stronger learning outcomes while surface processing promotes weaker learning outcomes has been called into question by the inconsistency and ambiguity of results in investigations of the  ...", "url_pdf": null, "num_citations": 25, "cluster_id": "10707756886493239945", "year": "2012", "url_citations": "http://scholar.google.com/scholar?cites=10707756886493239945&as_sdt=2005&sciodt=1,5&hl=en"}, {"num_versions": 0, "url_citation": null, "title": "\u518d\u9020\u5b66\u5458\u95f4\u7f51\u4e0a\u805a\u4f1a\u4ee5\u521b\u9020\u66f4\u597d\u7684\u5b66\u751f\u652f\u6301\u670d\u52a1\u73af\u5883", "url": "http://www.cqvip.com/qk/80620x/200702/24289104.html", "url_versions": null, "authors": "\u6258\u745e\uff0c \u6ce2\u5c14\u68ee\uff0c \u9ad8\u6dd1\u5a77 - \u5f00\u653e\u6559\u80b2\u7814\u7a76", "excerpt": "\u672c\u6587\u65e8\u5728\u9610\u8ff0\u4ee5\u745e\u5178\u6c11\u4f17\u9ad8\u4e2d\u548c\u5b66\u4e60\u534f\u4f1a\u4e3a\u72ec\u7279\u5f62\u5f0f\u7684\u745e\u5178\u975e\u6b63\u89c4\u6210\u4eba\u6559\u80b2\u4e2d\u8fdc\u7a0b\u6559\u80b2\u7684\u7279\u5f81. \u4f9d\u636e\u745e\u5178\u6c11\u4f17\u9ad8\u4e2d\u548c\u5b66\u4e60\u534f\u4f1a\u7684\u529e\u5b66\u54f2\u5b66\u601d\u60f3,\u201c\u4f1a\u8bae\u5f0f\u5b66\u4e60\u201d \u662f\u5efa\u6784\u5f0f\u5b66\u4e60\u7684\u57fa\u77f3, \u7279\u522b\u662f\u5f53\u5b66\u4e60\u7684\u76ee\u7684\u4e0d\u662f\u4e3a\u4e86\u5e94\u4ed8\u8003\u8bd5\u800c\u8fdb\u884c\u4fe1\u606f\u590d\u5236\u65f6, \u66f4\u662f\u5982\u6b64. \u5f53\u5b66\u751f\u9700\u8981\u8fdb\u884c\u5206\u6790\u548c ...", "url_pdf": null, "num_citations": 1, "cluster_id": "7203099538967976131", "year": "2007", "url_citations": "http://scholar.google.com/scholar?cites=7203099538967976131&as_sdt=2005&sciodt=1,5&hl=en"}, {"num_versions": 4, "url_citation": null, "title": "A research-led, inquiry-based learning experiment: Classic landforms of deglaciation, Glen Etive, Scottish Highlands", "url": "http://www.tandfonline.com/doi/abs/10.1080/03098265.2010.486851", "url_versions": "http://scholar.google.com/scholar?cluster=7187855432418208747&hl=en&as_sdt=1,5&sciodt=1,5&as_vis=1", "authors": "T Harris, F Tweed - Journal of Geography in Higher Education", "excerpt": "This paper reports an adaptation of a classroom-based, traditionally taught module to both facilitate field-based knowledge acquisition and contribute towards research. The module enabled students, through a combination of new research and co-learning, to achieve the  ...", "url_pdf": null, "num_citations": 8, "cluster_id": "7187855432418208747", "year": "2010", "url_citations": "http://scholar.google.com/scholar?cites=7187855432418208747&as_sdt=2005&sciodt=1,5&hl=en"}, {"num_versions": 3, "url_citation": null, "title": "Exhibiting the field for learning: Telling New York's stories", "url": "http://www.tandfonline.com/doi/abs/10.1080/03098265.2010.524195", "url_versions": "http://scholar.google.com/scholar?cluster=17549298851368685437&hl=en&as_sdt=1,5&sciodt=1,5&as_vis=1", "authors": "A Saunders - Journal of Geography in Higher Education", "excerpt": "This paper explores the challenges of engaging and assessing students in residential field learning. Fieldwork presents students with complex learning environments, wherein they are asked to participate in a variety of learning activities. Difficulties arise, however, over how  ...", "url_pdf": null, "num_citations": 7, "cluster_id": "17549298851368685437", "year": "2011", "url_citations": "http://scholar.google.com/scholar?cites=17549298851368685437&as_sdt=2005&sciodt=1,5&hl=en"}, {"num_versions": 3, "url_citation": null, "title": "Combining research-based student fieldwork with staff research to reinforce teaching and learning", "url": "http://www.tandfonline.com/doi/abs/10.1080/03098265.2014.933403", "url_versions": "http://scholar.google.com/scholar?cluster=4693129420417416889&hl=en&as_sdt=1,5&sciodt=1,5&as_vis=1", "authors": "IC Fuller, A Mellor, JA Entwistle - Journal of Geography in Higher  \u2026", "excerpt": "This paper addresses the relationship between teaching and research in a fieldwork context by seeking student views over 3 years across two institutions to assess the perceived value of blending staff research activity with student fieldwork. Student views were solicited  ...", "url_pdf": null, "num_citations": 1, "cluster_id": "4693129420417416889", "year": "2014", "url_citations": "http://scholar.google.com/scholar?cites=4693129420417416889&as_sdt=2005&sciodt=1,5&hl=en"}, {"num_versions": 3, "url_citation": null, "title": "To be transformed: Emotions in cross-cultural, field-based learning in Northern Australia", "url": "http://www.tandfonline.com/doi/abs/10.1080/03098265.2011.638708", "url_versions": "http://scholar.google.com/scholar?cluster=16602613726191396519&hl=en&as_sdt=1,5&sciodt=1,5&as_vis=1", "authors": "S Wright, P Hodge - Journal of Geography in Higher Education", "excerpt": "Students undertaking field-based learning, in which they work with Indigenous people in Northern Australia, describe a profound learning experience redolent with emotion. Inspired, challenged and transformed, the students are compelled in ways that require them to  ...", "url_pdf": null, "num_citations": 6, "cluster_id": "16602613726191396519", "year": "2012", "url_citations": "http://scholar.google.com/scholar?cites=16602613726191396519&as_sdt=2005&sciodt=1,5&hl=en"}, {"num_versions": 5, "url_citation": null, "title": "Evaluating the Learning Outcomes of An International Field Trip in Postgraduate Lighting Design Courses.", "url": "http://eric.ed.gov/?id=EJ903930", "url_versions": "http://scholar.google.com/scholar?cluster=2631018149538088343&hl=en&as_sdt=1,5&sciodt=1,5&as_vis=1", "authors": "G Isoardi - Journal of Learning Design", "excerpt": "Abstract Lighting industry professionals work in an international marketplace and encounter a range of social, geographical and cultural challenges associated with this. Education in lighting should introduce students to aspects of these challenges. To achieve this, an  ...", "url_pdf": null, "num_citations": 4, "cluster_id": "2631018149538088343", "year": "2010", "url_citations": "http://scholar.google.com/scholar?cites=2631018149538088343&as_sdt=2005&sciodt=1,5&hl=en"}]