[{"num_versions": 3, "url_citation": null, "title": "Learning Rhythm And Melody Features With Deep Belief Networks.", "url": "http://music.ece.drexel.edu/files/Navigation/Publications/Schmidt2013b.pdf", "url_versions": "http://scholar.google.com/scholar?cluster=12378423240719245839&hl=en&as_sdt=1,5&sciodt=1,5&as_vis=1", "authors": "E Schmidt, Y Kim - ISMIR", "excerpt": "ABSTRACT Deep learning techniques provide powerful methods for the development of deep structured projections connecting multiple domains of data. But the fine-tuning of such networks for supervised problems is challenging, and many current approaches are  ...", "url_pdf": "http://music.ece.drexel.edu/files/Navigation/Publications/Schmidt2013b.pdf", "num_citations": 7, "cluster_id": "12378423240719245839", "year": "2013", "url_citations": "http://scholar.google.com/scholar?cites=12378423240719245839&as_sdt=2005&sciodt=1,5&hl=en"}, {"num_versions": 0, "url_citation": null, "title": "Acoustic emotion recognition using deep neural network", "url": "http://ieeexplore.ieee.org/xpls/abs_all.jsp?arnumber=6936657", "url_versions": null, "authors": "J Niu, Y Qian, K Yu - Chinese Spoken Language Processing ( \u2026", "excerpt": "Abstract Traditionally acoustic emotion recognition system has been using Gaussian Mixture Models (GMMs) for classification. However, the Gaussian Mixture Models do not make good use of multiple frames of input data and can not exploit the highdimensional  ...", "url_pdf": null, "num_citations": 1, "cluster_id": "6680406551594016520", "year": "2014", "url_citations": "http://scholar.google.com/scholar?cites=6680406551594016520&as_sdt=2005&sciodt=1,5&hl=en"}, {"num_versions": 3, "url_citation": null, "title": "Synthetic Emotions for Humanoids", "url": "http://music.ece.drexel.edu/files/Navigation/Publications/JSE2012.pdf", "url_versions": "http://scholar.google.com/scholar?cluster=2259775059999762584&hl=en&as_sdt=1,5&sciodt=1,5&as_vis=1", "authors": "DK Grunberg, AM Batula, EM Schmidt, YE Kim -", "excerpt": "ABSTRACT The recognition and display of synthetic emotions in humanoid robots is a critical attribute for facilitating natural human-robot interaction. The authors utilize an efficient algorithm to estimate the mood in acoustic music, and then use the results of that  ...", "url_pdf": "http://music.ece.drexel.edu/files/Navigation/Publications/JSE2012.pdf", "num_citations": 1, "cluster_id": "2259775059999762584", "year": "2012", "url_citations": "http://scholar.google.com/scholar?cites=2259775059999762584&as_sdt=2005&sciodt=1,5&hl=en"}, {"num_versions": 5, "url_citation": null, "title": "Emotion recognition from spontaneous speech using hidden markov models with deep belief networks", "url": "http://ieeexplore.ieee.org/xpls/abs_all.jsp?arnumber=6707732", "url_versions": "http://scholar.google.com/scholar?cluster=9992461647348796617&hl=en&as_sdt=1,5&sciodt=1,5&as_vis=1", "authors": "D Le, EM Provost - Automatic Speech Recognition and  \u2026", "excerpt": "ABSTRACT Research in emotion recognition seeks to develop insights into the temporal properties of emotion. However, automatic emotion recognition from spontaneous speech is challenging due to non-ideal recording conditions and highly ambiguous ground truth  ...", "url_pdf": null, "num_citations": 13, "cluster_id": "9992461647348796617", "year": "2013", "url_citations": "http://scholar.google.com/scholar?cites=9992461647348796617&as_sdt=2005&sciodt=1,5&hl=en"}, {"num_versions": 2, "url_citation": null, "title": "Affective gesturing with music mood recognition", "url": "http://ieeexplore.ieee.org/xpls/abs_all.jsp?arnumber=6651542", "url_versions": "http://scholar.google.com/scholar?cluster=1857226879290244930&hl=en&as_sdt=1,5&sciodt=1,5&as_vis=1", "authors": "DK Grunberg, AM Batula, EM Schmidt\u2026 - \u2026 )", "excerpt": "Abstract\u2014The recognition of emotions and the generation of appropriate responses is a key component for facilitating more natural human-robot interaction. Music, often called the \u201clanguage of emotions,\u201d is a particularly useful medium for investigating questions  ...", "url_pdf": null, "num_citations": 2, "cluster_id": "1857226879290244930", "year": "2012", "url_citations": "http://scholar.google.com/scholar?cites=1857226879290244930&as_sdt=2005&sciodt=1,5&hl=en"}, {"num_versions": 0, "url_citation": null, "title": "Analysis of musical structure: an approach based on deep learning", "url": "http://scholar.google.com/https://www.politesi.polimi.it/handle/10589/108756", "url_versions": null, "authors": "D ANDREOLETTI -", "excerpt": "English abstract: A distinctive trait of the digital era is the easy accessibility to an enormous quantity of music content. The Music Information Retrieval (MIR) is a broad research field with the principal aim of extracting salient information from the audio signals. In this way,  ...", "url_pdf": null, "num_citations": 0, "cluster_id": null, "year": "2015", "url_citations": null}, {"num_versions": 7, "url_citation": null, "title": "Feature Learning in Dynamic Environments: Modeling the Acoustic Structure of Musical Emotion.", "url": "http://citeseerx.ist.psu.edu/viewdoc/download?doi=10.1.1.294.4409&rep=rep1&type=pdf", "url_versions": "http://scholar.google.com/scholar?cluster=5260123104185257972&hl=en&as_sdt=1,5&sciodt=1,5&as_vis=1", "authors": "EM Schmidt, JJ Scott, YE Kim - ISMIR", "excerpt": "ABSTRACT While emotion-based music organization is a natural process for humans, quantifying it empirically proves to be a very difficult task, and as such no dominant feature representation for music emotion recognition has yet emerged. Much of the difficulty in  ...", "url_pdf": null, "num_citations": 20, "cluster_id": "5260123104185257972", "year": "2012", "url_citations": "http://scholar.google.com/scholar?cites=5260123104185257972&as_sdt=2005&sciodt=1,5&hl=en"}, {"num_versions": 5, "url_citation": null, "title": "\u6df1\u5ea6\u5b66\u4e60\u7814\u7a76\u8fdb\u5c55", "url": "http://www.arocmag.com/getarticle/?aid=1f0573c7eced12e9", "url_versions": "http://scholar.google.com/scholar?cluster=9455047291083555200&hl=en&as_sdt=1,5&sciodt=1,5&as_vis=1", "authors": "\u5218\u5efa\u4f1f\uff0c \u5218\u5a9b\uff0c \u7f57\u96c4\u9e9f - \u8ba1\u7b97\u673a\u5e94\u7528\u7814\u7a76", "excerpt": "\u6458\u8981: \u9274\u4e8e\u6df1\u5ea6\u5b66\u4e60\u7684\u91cd\u8981\u6027, \u7efc\u8ff0\u4e86\u6df1\u5ea6\u5b66\u4e60\u7684\u7814\u7a76\u8fdb\u5c55. \u9996\u5148\u6982\u8ff0\u4e86\u6df1\u5ea6\u5b66\u4e60\u5177\u6709\u7684\u4f18\u70b9, \u7531\u6b64\u8bf4\u660e\u4e86\u5f15\u5165\u6df1\u5ea6\u5b66\u4e60\u7684\u5fc5\u8981\u6027; \u7136\u540e\u63cf\u8ff0\u4e86\u4e09\u79cd\u5178\u578b\u7684\u6df1\u5ea6\u5b66\u4e60\u6a21\u578b, \u5305\u62ec\u5377\u79ef\u795e\u7ecf\u7f51\u7edc\u6a21\u578b, \u6df1\u5ea6\u4fe1\u4efb\u7f51\u7edc\u6a21\u578b\u548c\u5806\u6808\u81ea\u7f16\u7801\u7f51\u7edc\u6a21\u578b, \u5e76\u5bf9\u8fd1\u51e0\u5e74\u6df1\u5ea6\u5b66\u4e60\u5728\u521d ...", "url_pdf": null, "num_citations": 1, "cluster_id": "9455047291083555200", "year": "2014", "url_citations": "http://scholar.google.com/scholar?cites=9455047291083555200&as_sdt=2005&sciodt=1,5&hl=en"}, {"num_versions": 12, "url_citation": null, "title": "Foundations and Trends\u00ae in Signal Processing", "url": "http://research.microsoft.com:8082/pubs/209355/DeepLearning-NowPublishing-Vol7-SIG-039.pdf", "url_versions": "http://scholar.google.com/scholar?cluster=15981304847159836793&hl=en&as_sdt=1,5&sciodt=1,5&as_vis=1", "authors": "L Deng, Y Dong - Signal Processing", "excerpt": "7.1. Acoustic modeling for speech recognition 263 industrial researchers; see reviews in [8 9, 161]. The collaborative work started in phone recognition tasks [89, 100, 135, 136, 257, 260, 258, 309, 311, 334], demonstrating the power of hybrid DNN architectures discussed  ...", "url_pdf": "http://research.microsoft.com:8082/pubs/209355/DeepLearning-NowPublishing-Vol7-SIG-039.pdf", "num_citations": 3, "cluster_id": "15981304847159836793", "year": "2014", "url_citations": "http://scholar.google.com/scholar?cites=15981304847159836793&as_sdt=2005&sciodt=1,5&hl=en"}, {"num_versions": 5, "url_citation": null, "title": "Relating perceptual and feature space invariances in music emotion recognition", "url": "http://www.cmmr2012.eecs.qmul.ac.uk/sites/cmmr2012.eecs.qmul.ac.uk/files/pdf/papers/cmmr2012_submission_87.pdf", "url_versions": "http://scholar.google.com/scholar?cluster=6312914450139774897&hl=en&as_sdt=1,5&sciodt=1,5&as_vis=1", "authors": "EM Schmidt, M Prockup, J Scott\u2026 - 9th Int. Symp.  \u2026", "excerpt": "Abstract. It is natural for people to organize music in terms of its emotional associations, but while this task is a natural process for humans, quantifying it empirically proves to be a very difficult task. Consequently, no particular acoustic feature has emerged as the optimal  ...", "url_pdf": "http://www.cmmr2012.eecs.qmul.ac.uk/sites/cmmr2012.eecs.qmul.ac.uk/files/pdf/papers/cmmr2012_submission_87.pdf", "num_citations": 4, "cluster_id": "6312914450139774897", "year": "2012", "url_citations": "http://scholar.google.com/scholar?cites=6312914450139774897&as_sdt=2005&sciodt=1,5&hl=en"}, {"num_versions": 0, "url_citation": null, "title": "Learning Salient Features for Speech Emotion Recognition Using Convolutional Neural Networks", "url": "http://ieeexplore.ieee.org/xpls/abs_all.jsp?arnumber=6913013", "url_versions": null, "authors": "Q Mao, M Dong, Z Huang\u2026 - \u2026 , IEEE Transactions on", "excerpt": "Abstract\u2014As an essential way of human emotional behavior understanding, Speech Emotion Recognition (SER) has attracted a great deal of attention in human-centered signal processing. Accuracy in SER heavily depends on finding good affect-related,  ...", "url_pdf": null, "num_citations": 2, "cluster_id": "6853334642273441361", "year": "2014", "url_citations": "http://scholar.google.com/scholar?cites=6853334642273441361&as_sdt=2005&sciodt=1,5&hl=en"}, {"num_versions": 3, "url_citation": null, "title": "A tutorial survey of architectures, algorithms, and applications for deep learning", "url": "http://journals.cambridge.org/abstract_S2048770313000097", "url_versions": "http://scholar.google.com/scholar?cluster=4381743472348703222&hl=en&as_sdt=1,5&sciodt=1,5&as_vis=1", "authors": "L Deng - APSIPA Transactions on Signal and Information  \u2026", "excerpt": "Abstract In this invited paper, my overview material on the same topic as presented in the plenary overview session of APSIPA-2011 and the tutorial material presented in the same conference [1] are expanded and updated to include more recent developments in deep  ...", "url_pdf": null, "num_citations": 18, "cluster_id": "4381743472348703222", "year": "2014", "url_citations": "http://scholar.google.com/scholar?cites=4381743472348703222&as_sdt=2005&sciodt=1,5&hl=en"}, {"num_versions": 7, "url_citation": null, "title": "Improving content-based and hybrid music recommendation using deep learning", "url": "http://dl.acm.org/citation.cfm?id=2654940", "url_versions": "http://scholar.google.com/scholar?cluster=4241718270020039844&hl=en&as_sdt=1,5&sciodt=1,5&as_vis=1", "authors": "X Wang, Y Wang - Proceedings of the ACM International Conference on  \u2026", "excerpt": "Abstract Existing content-based music recommendation systems typically employ a\\ textit {two-stage} approach. They first extract traditional audio content features such as Mel-frequency cepstral coefficients and then predict user preferences. However, these  ...", "url_pdf": null, "num_citations": 6, "cluster_id": "4241718270020039844", "year": "2014", "url_citations": "http://scholar.google.com/scholar?cites=4241718270020039844&as_sdt=2005&sciodt=1,5&hl=en"}, {"num_versions": 4, "url_citation": null, "title": "A compositional hierarchical model for music information retrieval", "url": "http://musiclab.si/wp-content/uploads/2014/10/T024_286_Paper.pdf", "url_versions": "http://scholar.google.com/scholar?cluster=4385197066666211398&hl=en&as_sdt=1,5&sciodt=1,5&as_vis=1", "authors": "M Pesek, A Leonardis, M Marolt - Proceedings of the International  \u2026", "excerpt": "ABSTRACT This paper presents a biologically-inspired compositional hierarchical model for MIR. The model can be treated as a deep learning model, and poses an alternative to deep architectures based on neural networks. Its main features are generativeness and  ...", "url_pdf": "http://musiclab.si/wp-content/uploads/2014/10/T024_286_Paper.pdf", "num_citations": 3, "cluster_id": "4385197066666211398", "year": "2014", "url_citations": "http://scholar.google.com/scholar?cites=4385197066666211398&as_sdt=2005&sciodt=1,5&hl=en"}, {"num_versions": 3, "url_citation": null, "title": "Unsupervised feature learning for bootleg detection using deep learning architectures", "url": "http://ieeexplore.ieee.org/xpls/abs_all.jsp?arnumber=7084316", "url_versions": "http://scholar.google.com/scholar?cluster=512214385160916465&hl=en&as_sdt=1,5&sciodt=1,5&as_vis=1", "authors": "M Buccoli, P Bestagini, M Zanoni\u2026 - Parallel Computing  \u2026", "excerpt": "Abstract\u2014The widespread diffusion of portable devices capable of capturing high-quality multimedia data, together with the rapid proliferation of media sharing platforms, has determined an incredible growth of user-generated content available online. Since it is  ...", "url_pdf": null, "num_citations": 2, "cluster_id": "512214385160916465", "year": "2015", "url_citations": "http://scholar.google.com/scholar?cites=512214385160916465&as_sdt=2005&sciodt=1,5&hl=en"}]