[{"num_versions": 2, "url_citation": null, "title": "Deep learning in Biology: A design-based research approach", "url": "http://www.editlib.org/p/29949/", "url_versions": "http://scholar.google.com/scholar?cluster=12809444910877004018&hl=en&as_sdt=1,5&sciodt=1,5&as_vis=1", "authors": "CW Yip - World Conference on E-Learning in Corporate,  \u2026", "excerpt": "Abstract Students tend to adopt a surface approach when they learn biological concepts by rote memorization, thus they are less able to integrate concepts and apply them to solve real-life problems which are often complex. A proposed solution to this problem is the use of  ...", "url_pdf": null, "num_citations": 1, "cluster_id": "12809444910877004018", "year": "2008", "url_citations": "http://scholar.google.com/scholar?cites=12809444910877004018&as_sdt=2005&sciodt=1,5&hl=en"}, {"num_versions": 0, "url_citation": null, "title": "Estrat\u00e9gias promotoras do questionamento no estudo da fotoss\u00edntese", "url": "http://scholar.google.com/https://ria.ua.pt/handle/10773/10016", "url_versions": null, "authors": "MJRB Cardoso -", "excerpt": "Com este trabalho pretendeu-se conceber e implementar estrat\u00e9gias com uma abordagem Ci\u00eancia-Tecnologia-Sociedade (CTS), bem como estrat\u00e9gias laboratoriais e pr\u00e1ticas promotoras do questionamento dos alunos no estudo da fotoss\u00edntese. Pretendeu-se  ...", "url_pdf": null, "num_citations": 0, "cluster_id": null, "year": "2012", "url_citations": null}, {"num_versions": 2, "url_citation": null, "title": "Learning strategy use of Chinese PhD students of social sciences in Australian universities", "url": "http://scholar.google.com/https://www120.secure.griffith.edu.au/rch/file/25e1cc59-9486-f0cf-8e00-d8bfe075c964/1/02Main.pdf", "url_versions": "http://scholar.google.com/scholar?cluster=3299793197809716035&hl=en&as_sdt=1,5&sciodt=1,5&as_vis=1", "authors": "C Yang -", "excerpt": "ABSTRACT Extensive research into students' learning strategy use in classroom settings has convincingly established that effective use of learning strategies enables learners to take responsibility for their own learning, promotes learner autonomy, and positively  ...", "url_pdf": "http://scholar.google.com/https://www120.secure.griffith.edu.au/rch/file/25e1cc59-9486-f0cf-8e00-d8bfe075c964/1/02Main.pdf", "num_citations": 3, "cluster_id": "3299793197809716035", "year": "2005", "url_citations": "http://scholar.google.com/scholar?cites=3299793197809716035&as_sdt=2005&sciodt=1,5&hl=en"}, {"num_versions": 0, "url_citation": null, "title": "As visitas de estudo a um museu de ci\u00eancia e as quest\u00f5es dos alunos no tema \u00f3tica", "url": "http://repositorium.sdum.uminho.pt/handle/1822/22838", "url_versions": null, "authors": "FMEA Rodrigues -", "excerpt": "Os museus de ci\u00eancia t\u00eam como principal fun\u00e7\u00e3o a de construir e apresentar uma imagem da ci\u00eancia, evidenciando os seus objetivos e real\u00e7ar a forma como estes mudaram ao longo dos s\u00e9culos. Estas institui\u00e7\u00f5es podem contribuir para a aprendizagem das ci\u00eancias pelos  ...", "url_pdf": null, "num_citations": 1, "cluster_id": "7189644583445115358", "year": "2012", "url_citations": "http://scholar.google.com/scholar?cites=7189644583445115358&as_sdt=2005&sciodt=1,5&hl=en"}, {"num_versions": 5, "url_citation": null, "title": "Integration of theory and practice in higher education", "url": "http://www.sciencedirect.com/science/article/pii/S0883035512000420", "url_versions": "http://scholar.google.com/scholar?cluster=4842481643594068518&hl=en&as_sdt=1,5&sciodt=1,5&as_vis=1", "authors": "K Arnesson, G Albinsson - International Journal of Educational Research", "excerpt": "An important condition for the integration of theory and practice in higher education is the interaction between the higher education institution and trade and industry and also that the interaction is seen as a natural component of the activities of the higher education institution. The  ... ", "url_pdf": null, "num_citations": 1, "cluster_id": "4842481643594068518", "year": "2012", "url_citations": "http://scholar.google.com/scholar?cites=4842481643594068518&as_sdt=2005&sciodt=1,5&hl=en"}, {"num_versions": 0, "url_citation": null, "title": "Development and evaluation of a context-aware ubiquitous learning environment for astronomy education", "url": "http://www.tandfonline.com/doi/abs/10.1080/10494820.2014.915417", "url_versions": null, "authors": "CC Chen, PH Lin - Interactive Learning Environments", "excerpt": "In recent years information technology has been integrated into education to produce a series of trends, beginning with \u201celectronic learning\u201d(e-learning), through \u201cmobile learning\u201d(m-learning) and finally to \u201cubiquitous learning\u201d(u-learning), which aims to  ...", "url_pdf": null, "num_citations": 1, "cluster_id": "3628461656288260649", "year": "2014", "url_citations": "http://scholar.google.com/scholar?cites=3628461656288260649&as_sdt=2005&sciodt=1,5&hl=en"}, {"num_versions": 0, "url_citation": null, "title": "O projeto PmatE ea aprendizagem da matem\u00e1tica no ensino superior", "url": "http://ria.ua.pt/bitstream/10773/10439/1/Tese.pdf", "url_versions": null, "authors": "SIVMP Aquino -", "excerpt": "O contexto educacional exige renova\u00e7\u00e3o de paradigmas. Imp\u00f5em-se profundas altera\u00e7\u00f5es ao n\u00edvel do papel e da fun\u00e7\u00e3o do professor e dos alunos, devendo-se privilegiar metodologias de aprendizagem ativas, cooperativas e participativas, rompendo-se com o  ...", "url_pdf": "http://ria.ua.pt/bitstream/10773/10439/1/Tese.pdf", "num_citations": 1, "cluster_id": "11906546320398772073", "year": "2013", "url_citations": "http://scholar.google.com/scholar?cites=11906546320398772073&as_sdt=2005&sciodt=1,5&hl=en"}, {"num_versions": 5, "url_citation": null, "title": "The status of constructivism in chemical education research and its relationship to the teaching and learning of the concept of idealization in chemistry", "url": "http://link.springer.com/article/10.1007/s10698-006-9010-1", "url_versions": "http://scholar.google.com/scholar?cluster=5080399909343961689&hl=en&as_sdt=1,5&sciodt=1,5&as_vis=1", "authors": "KC de Berg - Foundations of Chemistry", "excerpt": "Abstract A review of the chemical education research literature suggests that the term constructivism is used in two ways: experience-based constructivism and discipline-based constructivism. These two perspectives are examined as an epistemology in relation to the  ...", "url_pdf": null, "num_citations": 14, "cluster_id": "5080399909343961689", "year": "2006", "url_citations": "http://scholar.google.com/scholar?cites=5080399909343961689&as_sdt=2005&sciodt=1,5&hl=en"}, {"num_versions": 7, "url_citation": null, "title": "Enabling metacognition in the laboratory: A case study of four second year university chemistry students", "url": "http://link.springer.com/article/10.1023/A:1023673122220", "url_versions": "http://scholar.google.com/scholar?cluster=13241941978895517538&hl=en&as_sdt=1,5&sciodt=1,5&as_vis=1", "authors": "B Davidowitz, M Rollnick - Research in Science Education", "excerpt": "Abstract This paper explores the Competency Tripod model and flow diagrams as two resources for enabling students' metacognition in the chemistry laboratory. It focuses on four selected students' statements in interviews, questionnaires and their performance in  ...", "url_pdf": null, "num_citations": 45, "cluster_id": "13241941978895517538", "year": "2003", "url_citations": "http://scholar.google.com/scholar?cites=13241941978895517538&as_sdt=2005&sciodt=1,5&hl=en"}]