[{"num_versions": 4, "url_citation": null, "title": "A computational simulation tool for training autistic reasoning about mental attitudes", "url": "http://www.sciencedirect.com/science/article/pii/S095070511300138X", "url_versions": "http://scholar.google.com/scholar?cluster=12633071287307949639&hl=en&as_sdt=1,5&sciodt=1,5&as_vis=1", "authors": "B Galitsky - Knowledge-Based Systems", "excerpt": "Abstract It has been discovered more than a decade ago that autistic people cannot properly understand and reproduce mental states and emotions. We hypothesize that people with autism suffer from difficulties in learning social rules from examples. Many remediation  ...", "url_pdf": null, "num_citations": 2, "cluster_id": "12633071287307949639", "year": "2013", "url_citations": "http://scholar.google.com/scholar?cites=12633071287307949639&as_sdt=2005&sciodt=1,5&hl=en"}, {"num_versions": 3, "url_citation": null, "title": "Duomen\u0173 tyrybos metod\u0173 taikymas suasmeninto elektroninio mokymo aplinkose", "url": "http://www.mii.lt/files/mii_dis_2012_preidys.pdf", "url_versions": "http://scholar.google.com/scholar?cluster=1357499393910197441&hl=en&as_sdt=1,5&sciodt=1,5&as_vis=1", "authors": "S Preidys, G DZEMYDA, E BAREI\u0160A\u2026 - Daktaro disertacija", "excerpt": "ABSTRACT The main research area of the dissertation is an investigation of data mining methods and its application in the distance education. Distance education became widely spread after virtual learning environments (VLE) have originated. Information about the  ...", "url_pdf": "http://www.mii.lt/files/mii_dis_2012_preidys.pdf", "num_citations": 0, "cluster_id": null, "year": "2012", "url_citations": null}, {"num_versions": 8, "url_citation": null, "title": "Use of machine learning techniques for educational proposes: a decision support system for forecasting students' grades", "url": "http://link.springer.com/article/10.1007/s10462-011-9234-x", "url_versions": "http://scholar.google.com/scholar?cluster=15926473551005547554&hl=en&as_sdt=1,5&sciodt=1,5&as_vis=1", "authors": "SB Kotsiantis - Artificial Intelligence Review", "excerpt": "Abstract Use of machine learning techniques for educational proposes (or educational data mining) is an emerging field aimed at developing methods of exploring data from computational educational settings and discovering meaningful patterns. The stored data ( ...", "url_pdf": null, "num_citations": 24, "cluster_id": "15926473551005547554", "year": "2012", "url_citations": "http://scholar.google.com/scholar?cites=15926473551005547554&as_sdt=2005&sciodt=1,5&hl=en"}, {"num_versions": 4, "url_citation": null, "title": "Learning task models in ill-defined domain using an hybrid knowledge discovery framework", "url": "http://www.sciencedirect.com/science/article/pii/S0950705110001310", "url_versions": "http://scholar.google.com/scholar?cluster=2466745286689907158&hl=en&as_sdt=1,5&sciodt=1,5&as_vis=1", "authors": "R Nkambou, P Fournier-Viger, EM Nguifo - Knowledge-Based Systems", "excerpt": "Domain experts should provide Intelligent Tutoring Systems (ITS) with relevant domain knowledge that enable it to guide the learner during problem-solving learning activities. However, for ill-defined domains this knowledge is hard to define explicitly. Our  ...", "url_pdf": null, "num_citations": 18, "cluster_id": "2466745286689907158", "year": "2011", "url_citations": "http://scholar.google.com/scholar?cites=2466745286689907158&as_sdt=2005&sciodt=1,5&hl=en"}, {"num_versions": 8, "url_citation": null, "title": "The Management of the Citizen Oriented Applications", "url": "http://www.store.ectap.ro/articole/459.pdf", "url_versions": "http://scholar.google.com/scholar?cluster=7110588415924809407&hl=en&as_sdt=1,5&sciodt=1,5&as_vis=1", "authors": "I Ion, B Vintil\u0103 - Theoretical and Applied Economics", "excerpt": "Abstract. The context of the knowledge based society is presented. The new user requirements in the context of the new society are analyzed. Basic concepts regarding the citizen oriented applications are presented. Issues specific to the citizen oriented  ...", "url_pdf": "http://www.store.ectap.ro/articole/459.pdf", "num_citations": 2, "cluster_id": "7110588415924809407", "year": "2010", "url_citations": "http://scholar.google.com/scholar?cites=7110588415924809407&as_sdt=2005&sciodt=1,5&hl=en"}, {"num_versions": 5, "url_citation": null, "title": "E-learning and educational data mining in cloud computing: an overview", "url": "http://www.inderscienceonline.com/doi/abs/10.1504/IJLT.2014.062447", "url_versions": "http://scholar.google.com/scholar?cluster=18348327675913535217&hl=en&as_sdt=1,5&sciodt=1,5&as_vis=1", "authors": "A Fern\u00e1ndez, D Peralta, JM Ben\u00edtez\u2026 - \u2026  Journal of Learning  \u2026", "excerpt": "E-learning is related to virtualised distance learning by means of electronic communication mechanisms, using its functionality as a support in the process of teaching-learning. When the learning process becomes computerised, educational data mining employs the  ...", "url_pdf": null, "num_citations": 5, "cluster_id": "18348327675913535217", "year": "2014", "url_citations": "http://scholar.google.com/scholar?cites=18348327675913535217&as_sdt=2005&sciodt=1,5&hl=en"}, {"num_versions": 8, "url_citation": null, "title": "Educational data mining: a review of the state of the art", "url": "http://ieeexplore.ieee.org/xpls/abs_all.jsp?arnumber=5524021", "url_versions": "http://scholar.google.com/scholar?cluster=4252572671780537692&hl=en&as_sdt=1,5&sciodt=1,5&as_vis=1", "authors": "C Romero, S Ventura - Systems, Man, and Cybernetics, Part C:  \u2026", "excerpt": "Abstract\u2014Educational data mining (EDM) is an emerging inter-disciplinary research area that deals with the development of methods to explore data originating in an educational context. EDM uses computational approaches to analyze educational data in order to  ...", "url_pdf": null, "num_citations": 495, "cluster_id": "4252572671780537692", "year": "2010", "url_citations": "http://scholar.google.com/scholar?cites=4252572671780537692&as_sdt=2005&sciodt=1,5&hl=en"}, {"num_versions": 3, "url_citation": null, "title": "Feature selection using dynamic weights for classification", "url": "http://www.sciencedirect.com/science/article/pii/S0950705112002699", "url_versions": "http://scholar.google.com/scholar?cluster=14217285651536076978&hl=en&as_sdt=1,5&sciodt=1,5&as_vis=1", "authors": "X Sun, Y Liu, M Xu, H Chen, J Han, K Wang - Knowledge-Based Systems", "excerpt": "Feature selection aims at finding a feature subset that has the most discriminative information from the original feature set. In this paper, we firstly present a new scheme for feature relevance, interdependence and redundancy analysis using information theoretic  ...", "url_pdf": null, "num_citations": 15, "cluster_id": "14217285651536076978", "year": "2013", "url_citations": "http://scholar.google.com/scholar?cites=14217285651536076978&as_sdt=2005&sciodt=1,5&hl=en"}, {"num_versions": 6, "url_citation": null, "title": "A combinational incremental ensemble of classifiers as a technique for predicting students' performance in distance education", "url": "http://www.sciencedirect.com/science/article/pii/S0950705110000456", "url_versions": "http://scholar.google.com/scholar?cluster=11385959890562506176&hl=en&as_sdt=1,5&sciodt=1,5&as_vis=1", "authors": "S Kotsiantis, K Patriarcheas, M Xenos - Knowledge-Based Systems", "excerpt": "The ability to predict a student's performance could be useful in a great number of different ways associated with university-level distance learning. Students' marks in a few written assignments can constitute the training set for a supervised machine learning algorithm.  ...", "url_pdf": null, "num_citations": 68, "cluster_id": "11385959890562506176", "year": "2010", "url_citations": "http://scholar.google.com/scholar?cites=11385959890562506176&as_sdt=2005&sciodt=1,5&hl=en"}, {"num_versions": 2, "url_citation": null, "title": "Adapting e-courses using data mining techniques\u2013PDCA approach and quality spiral", "url": "http://www.ijqr.net/journal/v7-n3/6.pdf", "url_versions": "http://scholar.google.com/scholar?cluster=14142069038335784032&hl=en&as_sdt=1,5&sciodt=1,5&as_vis=1", "authors": "M Blagojevic, Z Micic - International Journal for Quality Research", "excerpt": "Abstract: This paper presents an approach to adapting ecourses based on original PDCA (Plan, Do, Check, Act) platform and quality spiral. An algorithm for the adaptation of e-courses was proposed and implemented into the Moodle Learning Management System  ...", "url_pdf": "http://www.ijqr.net/journal/v7-n3/6.pdf", "num_citations": 1, "cluster_id": "14142069038335784032", "year": "2013", "url_citations": "http://scholar.google.com/scholar?cites=14142069038335784032&as_sdt=2005&sciodt=1,5&hl=en"}, {"num_versions": 2, "url_citation": null, "title": "ACO in e-Learning: Towards an adaptive learning path", "url": "http://search.proquest.com/openview/1f36009f22db83734b44514d84d38da6/1?pq-origsite=gscholar", "url_versions": "http://scholar.google.com/scholar?cluster=13115064756681337269&hl=en&as_sdt=1,5&sciodt=1,5&as_vis=1", "authors": "M Pushpa - International Journal on Computer Science and  \u2026", "excerpt": "Abstract Today we are in an era where drastic advancements in networking and information technology are in action. The learning process has also taken these advancements, as a result of which e-learning came to the scene. Personalization in e-learning will improve  ...", "url_pdf": null, "num_citations": 8, "cluster_id": "13115064756681337269", "year": "2012", "url_citations": "http://scholar.google.com/scholar?cites=13115064756681337269&as_sdt=2005&sciodt=1,5&hl=en"}, {"num_versions": 9, "url_citation": null, "title": "Evolutionary computation approaches to the Curriculum Sequencing problem", "url": "http://link.springer.com/article/10.1007/s11047-010-9246-5", "url_versions": "http://scholar.google.com/scholar?cluster=15979018542259065180&hl=en&as_sdt=1,5&sciodt=1,5&as_vis=1", "authors": "S Al-Muhaideb, MEB Menai - Natural Computing", "excerpt": "Abstract Within the field of e-Learning, a learning path represents a match between a learner profile and his preferences from one side, and the learning content presentation and the pedagogical requirements from the other side. The Curriculum Sequencing problem (CS)  ...", "url_pdf": null, "num_citations": 6, "cluster_id": "15979018542259065180", "year": "2011", "url_citations": "http://scholar.google.com/scholar?cites=15979018542259065180&as_sdt=2005&sciodt=1,5&hl=en"}, {"num_versions": 0, "url_citation": null, "title": "Design of educational multimedia interfaces: individual differences of learners", "url": "http://dl.acm.org/citation.cfm?id=2107568", "url_versions": null, "authors": "R Al-Hajri, S Al-Sharhan, A Al-Hunaiyyan\u2026 - Proceedings of the  \u2026", "excerpt": "Abstract The use of information technology to support teaching, learning, training, and education has been possible for several decades. Many claims about the relative value of Multimedia Computer Based Learning have been made. The computer human interaction  ...", "url_pdf": null, "num_citations": 1, "cluster_id": "928111510109892546", "year": "2011", "url_citations": "http://scholar.google.com/scholar?cites=928111510109892546&as_sdt=2005&sciodt=1,5&hl=en"}, {"num_versions": 6, "url_citation": null, "title": "A rough set-based association rule approach implemented on exploring beverages product spectrum", "url": "http://link.springer.com/article/10.1007/s10489-013-0465-1", "url_versions": "http://scholar.google.com/scholar?cluster=14318545845204471058&hl=en&as_sdt=1,5&sciodt=1,5&as_vis=1", "authors": "SH Liao, YJ Chen - Applied intelligence", "excerpt": "Abstract When items are classified according to whether they have more or less of a characteristic, the scale used is referred to as an ordinal scale. The main characteristic of the ordinal scale is that the categories have a logical or ordered relationship to each other.  ...", "url_pdf": null, "num_citations": 2, "cluster_id": "14318545845204471058", "year": "2014", "url_citations": "http://scholar.google.com/scholar?cites=14318545845204471058&as_sdt=2005&sciodt=1,5&hl=en"}, {"num_versions": 8, "url_citation": null, "title": "Adaptive educational hypermedia accommodating learning styles: A content analysis of publications from 2000 to 2011", "url": "http://www.sciencedirect.com/science/article/pii/S0360131511002521", "url_versions": "http://scholar.google.com/scholar?cluster=3443970367425081974&hl=en&as_sdt=1,5&sciodt=1,5&as_vis=1", "authors": "Y Akbulut, CS Cardak - Computers & Education", "excerpt": "Implementing instructional interventions to accommodate learner differences has received considerable attention. Among these individual difference variables, the empirical evidence regarding the pedagogical value of learning styles has been questioned, but the research  ...", "url_pdf": null, "num_citations": 81, "cluster_id": "3443970367425081974", "year": "2012", "url_citations": "http://scholar.google.com/scholar?cites=3443970367425081974&as_sdt=2005&sciodt=1,5&hl=en"}, {"num_versions": 7, "url_citation": null, "title": "Can Interactive Web-based CAD Tools Improve the Learning of Engineering Drawing? A Case Study", "url": "http://link.springer.com/article/10.1007/s10956-013-9471-7", "url_versions": "http://scholar.google.com/scholar?cluster=11533383141166534464&hl=en&as_sdt=1,5&sciodt=1,5&as_vis=1", "authors": "PP Cerra, JMS Gonz\u00e1lez, BB Parra, DR Ortiz\u2026 - Journal of Science  \u2026", "excerpt": "Abstract Many current Web-based learning environments facilitate the theoretical teaching of a subject but this may not be sufficient for those disciplines that require a significant use of graphic mechanisms to resolve problems. This research study looks at the use of an  ...", "url_pdf": null, "num_citations": 1, "cluster_id": "11533383141166534464", "year": "2014", "url_citations": "http://scholar.google.com/scholar?cites=11533383141166534464&as_sdt=2005&sciodt=1,5&hl=en"}, {"num_versions": 8, "url_citation": null, "title": "Data mining techniques for identifying students at risk of failing a computer proficiency test required for graduation", "url": "http://ascilite.org.au/ajet/ajet27/tsai.html", "url_versions": "http://scholar.google.com/scholar?cluster=3263082493600999476&hl=en&as_sdt=1,5&sciodt=1,5&as_vis=1", "authors": "CF Tsai, CT Tsai, CS Hung, PS Hwang - Australasian Journal of  \u2026", "excerpt": "Enabling undergraduate students to develop basic computing skills is an important issue in higher education. As a result, some universities have developed computer proficiency tests, which aim to assess students' computer literacy. Generally, students are required to pass  ...", "url_pdf": null, "num_citations": 8, "cluster_id": "3263082493600999476", "year": "2011", "url_citations": "http://scholar.google.com/scholar?cites=3263082493600999476&as_sdt=2005&sciodt=1,5&hl=en"}, {"num_versions": 4, "url_citation": null, "title": "A rough set approach to feature selection based on power set tree", "url": "http://www.sciencedirect.com/science/article/pii/S0950705110001498", "url_versions": "http://scholar.google.com/scholar?cluster=7516662149659539051&hl=en&as_sdt=1,5&sciodt=1,5&as_vis=1", "authors": "Y Chen, D Miao, R Wang, K Wu - Knowledge-Based Systems", "excerpt": "Feature selection is viewed as an important preprocessing step for pattern recognition, machine learning and data mining. Traditional hill-climbing search approaches to feature selection have difficulties to find optimal reducts. And the current stochastic search  ...", "url_pdf": null, "num_citations": 63, "cluster_id": "7516662149659539051", "year": "2011", "url_citations": "http://scholar.google.com/scholar?cites=7516662149659539051&as_sdt=2005&sciodt=1,5&hl=en"}]