[{"num_versions": 0, "url_citation": null, "title": "SCIENTIFIC AND TECHNICAL", "url": "http://newspaper.ifmo.ru/file/ntv/10705.pdf", "url_versions": null, "authors": "EOFUSV SIGNAL, IN VOICE -", "excerpt": "Abstract T Scientific task for improving the signal-to-noise ratio for user's voice signal in computer systems and networks during the process of user's voice authentication is considered. The object of study is the process of input and extraction of the voice signal of  ...", "url_pdf": "http://newspaper.ifmo.ru/file/ntv/10705.pdf", "num_citations": 0, "cluster_id": null, "year": "2001", "url_citations": null}, {"num_versions": 4, "url_citation": null, "title": "Real-time automated counterfeit integrated circuit detection using x-ray microscopy", "url": "http://www.osapublishing.org/abstract.cfm?uri=ao-54-13-D25", "url_versions": "http://scholar.google.com/scholar?cluster=10679136992361449476&hl=en&as_sdt=1,5&sciodt=1,5&as_vis=1", "authors": "K Mahmood, PL Carmona, S Shahbazmohamadi\u2026 - Applied  \u2026", "excerpt": "Determining the authenticity of integrated circuits is paramount to preventing counterfeit and malicious hardware from being used in critical military, healthcare, aerospace, consumer, and industry applications. Existing techniques to distinguish between authentic and  ...", "url_pdf": null, "num_citations": 3, "cluster_id": "10679136992361449476", "year": "2015", "url_citations": "http://scholar.google.com/scholar?cites=10679136992361449476&as_sdt=2005&sciodt=1,5&hl=en"}]