[{"num_versions": 12, "url_citation": null, "title": "A two-stage pretraining algorithm for deep boltzmann machines", "url": "http://link.springer.com/chapter/10.1007/978-3-642-40728-4_14", "url_versions": "http://scholar.google.com/scholar?cluster=972406428643825884&hl=en&as_sdt=1,5&sciodt=1,5&as_vis=1", "authors": "KH Cho, T Raiko, A Ilin, J Karhunen - Artificial Neural Networks and  \u2026", "excerpt": "Abstract A deep Boltzmann machine (DBM) is a recently introduced Markov random field model that has multiple layers of hidden units. It has been shown empirically that it is difficult to train a DBM with approximate maximum-likelihood learning using the stochastic  ...", "url_pdf": null, "num_citations": 9, "cluster_id": "972406428643825884", "year": "2013", "url_citations": "http://scholar.google.com/scholar?cites=972406428643825884&as_sdt=2005&sciodt=1,5&hl=en"}, {"num_versions": 4, "url_citation": null, "title": "Deep Learning of Representations.", "url": "http://link.springer.com/content/pdf/10.1007/978-3-642-36657-4.pdf#page=20", "url_versions": "http://scholar.google.com/scholar?cluster=8125598951146606660&hl=en&as_sdt=1,5&sciodt=1,5&as_vis=1", "authors": "Y Bengio, AC Courville - Handbook on Neural Information Processing", "excerpt": "Abstract. Unsupervised learning of representations has been found useful in many applications and benefits from several advantages, eg, where there are many unlabeled examples and few labeled ones (semi-supervised learning), or where the unlabeled or  ...", "url_pdf": null, "num_citations": 15, "cluster_id": "8125598951146606660", "year": "2013", "url_citations": "http://scholar.google.com/scholar?cites=8125598951146606660&as_sdt=2005&sciodt=1,5&hl=en"}, {"num_versions": 3, "url_citation": null, "title": "Evolving culture vs local minima", "url": "http://arxiv.org/abs/1203.2990", "url_versions": "http://scholar.google.com/scholar?cluster=14589650438319818374&hl=en&as_sdt=1,5&sciodt=1,5&as_vis=1", "authors": "Y Bengio - arXiv preprint arXiv:1203.2990", "excerpt": "Abstract: We propose a theory that relates difficulty of learning in deep architectures to culture and language. It is articulated around the following hypotheses:(1) learning in an individual human brain is hampered by the presence of effective local minima;(2) this  ...", "url_pdf": null, "num_citations": 6, "cluster_id": "14589650438319818374", "year": "2012", "url_citations": "http://scholar.google.com/scholar?cites=14589650438319818374&as_sdt=2005&sciodt=1,5&hl=en"}, {"num_versions": 5, "url_citation": null, "title": "Deep Boltzmann machines as hierarchical generative models of perceptual inference in the cortex", "url": "http://scholar.google.com/https://www.era.lib.ed.ac.uk/handle/1842/8300", "url_versions": "http://scholar.google.com/scholar?cluster=686158087539479136&hl=en&as_sdt=1,5&sciodt=1,5&as_vis=1", "authors": "DP Reichert -", "excerpt": "The mammalian neocortex is integral to all aspects of cognition, in particular perception across all sensory modalities. Whether computational principles can be identified that would explain why the cortex is so versatile and capable of adapting to various inputs is not clear ...", "url_pdf": null, "num_citations": 3, "cluster_id": "686158087539479136", "year": "2012", "url_citations": "http://scholar.google.com/scholar?cites=686158087539479136&as_sdt=2005&sciodt=1,5&hl=en"}, {"num_versions": 7, "url_citation": null, "title": "Learning Document Semantic Representation with Hybrid Deep Belief Network", "url": "http://www.hindawi.com/journals/cin/2015/650527/abs/", "url_versions": "http://scholar.google.com/scholar?cluster=17949371391378435290&hl=en&as_sdt=1,5&sciodt=1,5&as_vis=1", "authors": "Y Yan, XC Yin, S Li, M Yang, HW Hao - Computational intelligence and \u2026", "excerpt": "High-level abstraction, for example, semantic representation, is vital for document classification and retrieval. However, how to learn document semantic representation is still a topic open for discussion in information retrieval and natural language processing. In  ...", "url_pdf": null, "num_citations": 1, "cluster_id": "17949371391378435290", "year": "2015", "url_citations": "http://scholar.google.com/scholar?cites=17949371391378435290&as_sdt=2005&sciodt=1,5&hl=en"}, {"num_versions": 0, "url_citation": null, "title": "A new learning algorithm for stochastic feedforward neural nets", "url": "http://www-etud.iro.umontreal.ca/%7Egoodfeli/sfnn_wk.pdf", "url_versions": null, "authors": "Y Tang, R Salakhutdinov - ICML'", "excerpt": "Abstract Multilayer perceptrons (MLPs) or artificial neural nets are popular models used for nonlinear regression and classification tasks. As regressors, MLPs model the conditional distribution of the predictor variables y given the input variables x. However, this predictive  ...", "url_pdf": "http://www-etud.iro.umontreal.ca/%7Egoodfeli/sfnn_wk.pdf", "num_citations": 2, "cluster_id": "1669959670375076858", "year": "2013", "url_citations": "http://scholar.google.com/scholar?cites=1669959670375076858&as_sdt=2005&sciodt=1,5&hl=en"}, {"num_versions": 14, "url_citation": null, "title": "Tiled convolutional neural networks", "url": "http://papers.nips.cc/paper/4136-tiled-convolutional-neural-networks", "url_versions": "http://scholar.google.com/scholar?cluster=14282515616261813077&hl=en&as_sdt=1,5&sciodt=1,5&as_vis=1", "authors": "J Ngiam, Z Chen, D Chia, PW Koh, QV Le\u2026 - Advances in Neural  \u2026", "excerpt": "Abstract Convolutional neural networks (CNNs) have been successfully applied to many tasks such as digit and object recognition. Using convolutional (tied) weights signi\ufb01cantly reduces the number of parameters that have to be learned, and also allows translational  ...", "url_pdf": null, "num_citations": 103, "cluster_id": "14282515616261813077", "year": "2010", "url_citations": "http://scholar.google.com/scholar?cites=14282515616261813077&as_sdt=2005&sciodt=1,5&hl=en"}, {"num_versions": 10, "url_citation": null, "title": "Deep learning of representations: Looking forward", "url": "http://link.springer.com/chapter/10.1007/978-3-642-39593-2_1", "url_versions": "http://scholar.google.com/scholar?cluster=16988628068303769209&hl=en&as_sdt=1,5&sciodt=1,5&as_vis=1", "authors": "Y Bengio - Statistical Language and Speech Processing", "excerpt": "Abstract Deep learning research aims at discovering learning algorithms that discover multiple levels of distributed representations, with higher levels representing more abstract concepts. Although the study of deep learning has already led to impressive theoretical  ...", "url_pdf": null, "num_citations": 86, "cluster_id": "16988628068303769209", "year": "2013", "url_citations": "http://scholar.google.com/scholar?cites=16988628068303769209&as_sdt=2005&sciodt=1,5&hl=en"}, {"num_versions": 3, "url_citation": null, "title": "Blind image quality assessment on real distorted images using deep belief nets", "url": "http://ieeexplore.ieee.org/xpls/abs_all.jsp?arnumber=7032260", "url_versions": "http://scholar.google.com/scholar?cluster=10391817012095778974&hl=en&as_sdt=1,5&sciodt=1,5&as_vis=1", "authors": "D Ghadiyaram, AC Bovik - Signal and Information Processing ( \u2026", "excerpt": "Abstract\u2014We present a novel natural-scene-statistics-based blind image quality assessment model that is created by training a deep belief net to discover good feature representations that are used to learn a regressor for quality prediction. The proposed  ...", "url_pdf": null, "num_citations": 1, "cluster_id": "10391817012095778974", "year": "2014", "url_citations": "http://scholar.google.com/scholar?cites=10391817012095778974&as_sdt=2005&sciodt=1,5&hl=en"}, {"num_versions": 3, "url_citation": null, "title": "Stacked Extreme Learning Machines", "url": "http://ieeexplore.ieee.org/xpls/abs_all.jsp?arnumber=6937189", "url_versions": "http://scholar.google.com/scholar?cluster=9963974582289162779&hl=en&as_sdt=1,5&sciodt=1,5&as_vis=1", "authors": "H Zhou, GB Huang, Z Lin, H Wang, YC Soh -", "excerpt": "Abstract\u2014Extreme learning machine (ELM) has recently attracted many researchers' interest due to its very fast learning speed, good generalization ability, and ease of implementation. It provides a unified solution that can be used directly to solve regression, binary, and  ...", "url_pdf": null, "num_citations": 3, "cluster_id": "9963974582289162779", "year": "2014", "url_citations": "http://scholar.google.com/scholar?cites=9963974582289162779&as_sdt=2005&sciodt=1,5&hl=en"}, {"num_versions": 33, "url_citation": null, "title": "Representation learning: A review and new perspectives", "url": "http://ieeexplore.ieee.org/xpls/abs_all.jsp?arnumber=6472238", "url_versions": "http://scholar.google.com/scholar?cluster=559463397382443088&hl=en&as_sdt=1,5&sciodt=1,5&as_vis=1", "authors": "Y Bengio, A Courville, P Vincent - Pattern Analysis and  \u2026", "excerpt": "Abstract\u2014The success of machine learning algorithms generally depends on data representation, and we hypothesize that this is because different representations can entangle and hide more or less the different explanatory factors of variation behind the  ...", "url_pdf": null, "num_citations": 685, "cluster_id": "559463397382443088", "year": "2013", "url_citations": "http://scholar.google.com/scholar?cites=559463397382443088&as_sdt=2005&sciodt=1,5&hl=en"}, {"num_versions": 14, "url_citation": null, "title": "On nonparametric guidance for learning autoencoder representations", "url": "http://arxiv.org/abs/1102.1492", "url_versions": "http://scholar.google.com/scholar?cluster=14648134045077206439&hl=en&as_sdt=1,5&sciodt=1,5&as_vis=1", "authors": "J Snoek, RP Adams, H Larochelle - arXiv preprint arXiv:1102.1492", "excerpt": "Abstract: Unsupervised discovery of latent representations, in addition to being useful for density modeling, visualisation and exploratory data analysis, is also increasingly important for learning features relevant to discriminative tasks. Autoencoders, in particular, have  ...", "url_pdf": null, "num_citations": 6, "cluster_id": "14648134045077206439", "year": "2011", "url_citations": "http://scholar.google.com/scholar?cites=14648134045077206439&as_sdt=2005&sciodt=1,5&hl=en"}, {"num_versions": 9, "url_citation": null, "title": "\u73bb\u5c14\u5179\u66fc\u673a\u7814\u7a76\u8fdb\u5c55", "url": "http://www.sciencemeta.com/index.php/jsjyjyfz/article/view/42214", "url_versions": "http://scholar.google.com/scholar?cluster=3787986457098832999&hl=en&as_sdt=1,5&sciodt=1,5&as_vis=1", "authors": "\u5218\u5efa\u4f1f\uff0c \u5218\u5a9b\uff0c \u7f57\u96c4\u9e9f - \u8ba1\u7b97\u673a\u7814\u7a76\u4e0e\u53d1\u5c55", "excerpt": "\u6458\u8981\u6df1\u5ea6\u5b66\u4e60\u662f\u673a\u5668\u5b66\u4e60\u4e2d\u7684\u65b0\u5174\u7814\u7a76\u9886\u57df, \u80fd\u591f\u5f88\u597d\u5730\u7528\u4e8e\u89e3\u51b3\u76ee\u6807\u8bc6\u522b, \u8bed\u8a00\u7406\u89e3\u7b49\u590d\u6742\u95ee\u9898. \u73bb\u5c14\u5179\u66fc\u673a\u4f5c\u4e3a\u6df1\u5ea6\u5b66\u4e60\u7684\u5178\u578b\u4ee3\u8868\u8fd1\u5e74\u6765\u53d7\u5230\u4e86\u5e7f\u6cdb\u7814\u7a76. \u9274\u4e8e\u73bb\u5c14\u5179\u66fc\u673a\u7684\u7406\u8bba\u610f\u4e49\u548c\u5b9e\u9645\u5e94\u7528\u4ef7\u503c, \u7cfb\u7edf\u7efc\u8ff0\u4e86\u73bb\u5c14\u5179\u66fc\u673a\u7684\u7814\u7a76\u8fdb\u5c55, \u9996\u5148\u6982\u8ff0\u4e86 ...", "url_pdf": null, "num_citations": 10, "cluster_id": "3787986457098832999", "year": "2015", "url_citations": "http://scholar.google.com/scholar?cites=3787986457098832999&as_sdt=2005&sciodt=1,5&hl=en"}, {"num_versions": 6, "url_citation": null, "title": "Gaussian-bernoulli deep boltzmann machine", "url": "http://ieeexplore.ieee.org/xpls/abs_all.jsp?arnumber=6706831", "url_versions": "http://scholar.google.com/scholar?cluster=10356798405558013773&hl=en&as_sdt=1,5&sciodt=1,5&as_vis=1", "authors": "KH Cho, T Raiko, A Ilin - Neural Networks (IJCNN), The", "excerpt": "Gaussian-Bernoulli deep Boltzmann machine (GDBM) and discuss potential improvements in training the model. GDBM is designed to be applicable to continuous data and it is constructed from Gaussian-Bernoulli restricted Boltzmann machine (GRBM) by adding  ...", "url_pdf": null, "num_citations": 21, "cluster_id": "10356798405558013773", "year": "2013", "url_citations": "http://scholar.google.com/scholar?cites=10356798405558013773&as_sdt=2005&sciodt=1,5&hl=en"}, {"num_versions": 4, "url_citation": null, "title": "Adaptive dropout for training deep neural networks", "url": "http://papers.nips.cc/paper/5032-ada", "url_versions": "http://scholar.google.com/scholar?cluster=6403270944757391450&hl=en&as_sdt=1,5&sciodt=1,5&as_vis=1", "authors": "J Ba, B Frey - Advances in Neural Information Processing Systems", "excerpt": "Abstract Recently, it was shown that by dropping out hidden activities with a probability of 0.5, deep neural networks can perform very well. We describe a model in which a binary belief network is overlaid on a neural network and is used to decrease the information  ...", "url_pdf": null, "num_citations": 24, "cluster_id": "6403270944757391450", "year": "2013", "url_citations": "http://scholar.google.com/scholar?cites=6403270944757391450&as_sdt=2005&sciodt=1,5&hl=en"}, {"num_versions": 13, "url_citation": null, "title": "On random weights and unsupervised feature learning", "url": "http://machinelearning.wustl.edu/mlpapers/paper_files/ICML2011Saxe_551.pdf", "url_versions": "http://scholar.google.com/scholar?cluster=2810915476760627169&hl=en&as_sdt=1,5&sciodt=1,5&as_vis=1", "authors": "A Saxe, PW Koh, Z Chen, M Bhand\u2026 - Proceedings of the  \u2026", "excerpt": "Abstract Recently two anomalous results in the literature have shown that certain feature learning architectures can yield useful features for object recognition tasks even with untrained, random weights. In this paper we pose the question: why do random weights  ...", "url_pdf": "http://machinelearning.wustl.edu/mlpapers/paper_files/ICML2011Saxe_551.pdf", "num_citations": 111, "cluster_id": "2810915476760627169", "year": "2011", "url_citations": "http://scholar.google.com/scholar?cites=2810915476760627169&as_sdt=2005&sciodt=1,5&hl=en"}, {"num_versions": 12, "url_citation": null, "title": "Multiresolution deep belief networks", "url": "http://machinelearning.wustl.edu/mlpapers/paper_files/AISTATS2012_TangM12.pdf", "url_versions": "http://scholar.google.com/scholar?cluster=14083983438126425477&hl=en&as_sdt=1,5&sciodt=1,5&as_vis=1", "authors": "Y Tang, A Mohamed - International Conference on  \u2026", "excerpt": "Abstract Motivated by the observation that coarse and fine resolutions of an image reveal different structures in the underlying visual phenomenon, we present a model based on the Deep Belief Network (DBN) which learns features from the multiscale representation of  ...", "url_pdf": "http://machinelearning.wustl.edu/mlpapers/paper_files/AISTATS2012_TangM12.pdf", "num_citations": 7, "cluster_id": "14083983438126425477", "year": "2012", "url_citations": "http://scholar.google.com/scholar?cites=14083983438126425477&as_sdt=2005&sciodt=1,5&hl=en"}, {"num_versions": 7, "url_citation": null, "title": "Auto-encoding variational bayes", "url": "http://arxiv.org/abs/1312.6114", "url_versions": "http://scholar.google.com/scholar?cluster=10486756931164834716&hl=en&as_sdt=1,5&sciodt=1,5&as_vis=1", "authors": "DP Kingma, M Welling - arXiv preprint arXiv:1312.6114", "excerpt": "Abstract: How can we perform efficient inference and learning in directed probabilistic models, in the presence of continuous latent variables with intractable posterior distributions, and large datasets? We introduce a stochastic variational inference and learning  ...", "url_pdf": null, "num_citations": 92, "cluster_id": "10486756931164834716", "year": "2013", "url_citations": "http://scholar.google.com/scholar?cites=10486756931164834716&as_sdt=2005&sciodt=1,5&hl=en"}, {"num_versions": 9, "url_citation": null, "title": "Training energy-based models for time-series imputation", "url": "http://dl.acm.org/citation.cfm?id=2567749", "url_versions": "http://scholar.google.com/scholar?cluster=3558214503346638428&hl=en&as_sdt=1,5&sciodt=1,5&as_vis=1", "authors": "P Brakel, D Stroobandt, B Schrauwen - The Journal of Machine Learning \u2026", "excerpt": "Abstract Imputing missing values in high dimensional time-series is a difficult problem. This paper presents a strategy for training energy-based graphical models for imputation directly, bypassing difficulties probabilistic approaches would face. The training strategy is inspired  ...", "url_pdf": null, "num_citations": 9, "cluster_id": "3558214503346638428", "year": "2013", "url_citations": "http://scholar.google.com/scholar?cites=3558214503346638428&as_sdt=2005&sciodt=1,5&hl=en"}, {"num_versions": 17, "url_citation": null, "title": "The neural autoregressive distribution estimator", "url": "http://machinelearning.wustl.edu/mlpapers/paper_files/AISTATS2011_LarochelleM11.pdf", "url_versions": "http://scholar.google.com/scholar?cluster=2309248672502861649&hl=en&as_sdt=1,5&sciodt=1,5&as_vis=1", "authors": "H Larochelle, I Murray - International Conference on  \u2026", "excerpt": "Abstract We describe a new approach for modeling the distribution of high-dimensional vectors of discrete variables. This model is inspired by the restricted Boltzmann machine (RBM), which has been shown to be a powerful model of such distributions. However, an  ...", "url_pdf": "http://machinelearning.wustl.edu/mlpapers/paper_files/AISTATS2011_LarochelleM11.pdf", "num_citations": 50, "cluster_id": "2309248672502861649", "year": "2011", "url_citations": "http://scholar.google.com/scholar?cites=2309248672502861649&as_sdt=2005&sciodt=1,5&hl=en"}, {"num_versions": 2, "url_citation": null, "title": "An effect of initial distribution covariance for annealing Gaussian restricted Boltzmann machines", "url": "http://www.sciedupress.com/journal/index.php/air/article/view/5796", "url_versions": "http://scholar.google.com/scholar?cluster=7507341157265036728&hl=en&as_sdt=1,5&sciodt=1,5&as_vis=1", "authors": "T Kiwaki, K Aihara - Artificial Intelligence Research", "excerpt": "Abstract In this paper, we investigate an effect that the covariance of an initial distribution for annealed importance sampling (AIS) exertson the estimation accuracy for the partition functions of Gaussian restricted Boltzmann machines (RBMs). A common choicefor an AIS  ...", "url_pdf": null, "num_citations": 0, "cluster_id": null, "year": "2015", "url_citations": null}, {"num_versions": 0, "url_citation": null, "title": "R\u00e9seaux de neurones \u00e0 relaxation entra\u00een\u00e9s par crit\u00e8re d'autoencodeur d\u00e9bruitant", "url": "http://scholar.google.com/https://papyrus.bib.umontreal.ca/xmlui/handle/1866/6176", "url_versions": null, "authors": "F Savard -", "excerpt": "L'apprentissage machine est un vaste domaine o\u00f9 l'on cherche \u00e0 apprendre les param\u00e8tres de mod\u00e8les \u00e0 partir de donn\u00e9es concr\u00e8tes. Ce sera pour effectuer des t\u00e2ches demandant des aptitudes attribu\u00e9es \u00e0 l'intelligence humaine, comme la capacit\u00e9 \u00e0 traiter des don- ...", "url_pdf": null, "num_citations": 6, "cluster_id": "16473823455069841026", "year": "2012", "url_citations": "http://scholar.google.com/scholar?cites=16473823455069841026&as_sdt=2005&sciodt=1,5&hl=en"}, {"num_versions": 3, "url_citation": null, "title": "How to pretrain deep Boltzmann machines in two stages", "url": "http://link.springer.com/chapter/10.1007/978-3-319-09903-3_10", "url_versions": "http://scholar.google.com/scholar?cluster=13140522796839549304&hl=en&as_sdt=1,5&sciodt=1,5&as_vis=1", "authors": "K Cho, T Raiko, A Ilin, J Karhunen - Artificial Neural Networks", "excerpt": "Abstract A deep Boltzmann machine (DBM) is a recently introduced Markov random field model that has multiple layers of hidden units. It has been shown empirically that it is difficult to train a DBM with approximate maximum-likelihood learning using the stochastic  ...", "url_pdf": null, "num_citations": 1, "cluster_id": "13140522796839549304", "year": "2015", "url_citations": "http://scholar.google.com/scholar?cites=13140522796839549304&as_sdt=2005&sciodt=1,5&hl=en"}, {"num_versions": 6, "url_citation": null, "title": "Unsupervised speech processing with applications to query-by-example spoken term detection", "url": "http://scholar.google.com/https://groups.csail.mit.edu/sls/publications/2013/YaodongZhang_Phd-Thesis.pdf", "url_versions": "http://scholar.google.com/scholar?cluster=8101241746950034420&hl=en&as_sdt=1,5&sciodt=1,5&as_vis=1", "authors": "Y Zhang -", "excerpt": "Abstract This thesis is motivated by the challenge of searching and extracting useful information from speech data in a completely unsupervised setting. In many real world speech processing problems, obtaining annotated data is not cost and time effective. We  ...", "url_pdf": "http://scholar.google.com/https://groups.csail.mit.edu/sls/publications/2013/YaodongZhang_Phd-Thesis.pdf", "num_citations": 6, "cluster_id": "8101241746950034420", "year": "2013", "url_citations": "http://scholar.google.com/scholar?cites=8101241746950034420&as_sdt=2005&sciodt=1,5&hl=en"}, {"num_versions": 7, "url_citation": null, "title": "Learning stochastic feedforward neural networks", "url": "http://papers.nips.cc/paper/5026-learning-stochastic-feedforward-neural-networks", "url_versions": "http://scholar.google.com/scholar?cluster=1525066280497987731&hl=en&as_sdt=1,5&sciodt=1,5&as_vis=1", "authors": "Y Tang, RR Salakhutdinov - Advances in Neural Information  \u2026", "excerpt": "Abstract Multilayer perceptrons (MLPs) or neural networks are popular models used for nonlinear regression and classification tasks. As regressors, MLPs model the conditional distribution of the predictor variables Y given the input variables X. However, this  ...", "url_pdf": null, "num_citations": 19, "cluster_id": "1525066280497987731", "year": "2013", "url_citations": "http://scholar.google.com/scholar?cites=1525066280497987731&as_sdt=2005&sciodt=1,5&hl=en"}, {"num_versions": 12, "url_citation": null, "title": "A better way to pretrain deep Boltzmann machines", "url": "http://papers.nips.cc/paper/4610-a-better-way-to-pretrain-deep-boltzmann-machines", "url_versions": "http://scholar.google.com/scholar?cluster=9430001092226333900&hl=en&as_sdt=1,5&sciodt=1,5&as_vis=1", "authors": "GE Hinton, RR Salakhutdinov - Advances in Neural Information  \u2026", "excerpt": "Abstract We describe how the pre-training algorithm for Deep Boltzmann Machines (DBMs) is related to the pre-training algorithm for Deep Belief Networks and we show that under certain conditions, the pre-training procedure improves the variational lower bound of a  ...", "url_pdf": null, "num_citations": 34, "cluster_id": "9430001092226333900", "year": "2012", "url_citations": "http://scholar.google.com/scholar?cites=9430001092226333900&as_sdt=2005&sciodt=1,5&hl=en"}, {"num_versions": 12, "url_citation": null, "title": "Learning deep energy models", "url": "http://machinelearning.wustl.edu/mlpapers/paper_files/ICML2011Ngiam_557.pdf", "url_versions": "http://scholar.google.com/scholar?cluster=466969693413677098&hl=en&as_sdt=1,5&sciodt=1,5&as_vis=1", "authors": "J Ngiam, Z Chen, PW Koh\u2026 - Proceedings of the  \u2026", "excerpt": "Abstract Deep generative models with multiple hidden layers have been shown to be able to learn meaningful and compact representations of data. In this work we propose deep energy models, which use deep feedforward neural networks to model the energy landscapes  ...", "url_pdf": "http://machinelearning.wustl.edu/mlpapers/paper_files/ICML2011Ngiam_557.pdf", "num_citations": 29, "cluster_id": "466969693413677098", "year": "2011", "url_citations": "http://scholar.google.com/scholar?cites=466969693413677098&as_sdt=2005&sciodt=1,5&hl=en"}, {"num_versions": 5, "url_citation": null, "title": "Learning harmonium models with infinite latent features", "url": "http://ieeexplore.ieee.org/xpls/abs_all.jsp?arnumber=6741394", "url_versions": "http://scholar.google.com/scholar?cluster=15966257838589049628&hl=en&as_sdt=1,5&sciodt=1,5&as_vis=1", "authors": "N Chen, J Zhu, F Sun, B Zhang - Neural Networks and  \u2026", "excerpt": "Abstract\u2014Undirected latent variable models represent an important class of graphical models that have been successfully developed to deal with various tasks. One common challenge in learning such models is to determine the number of hidden units that are  ...", "url_pdf": null, "num_citations": 2, "cluster_id": "15966257838589049628", "year": "2014", "url_citations": "http://scholar.google.com/scholar?cites=15966257838589049628&as_sdt=2005&sciodt=1,5&hl=en"}, {"num_versions": 14, "url_citation": null, "title": "Nonparametric guidance of autoencoder representations using label information", "url": "http://dl.acm.org/citation.cfm?id=2503324", "url_versions": "http://scholar.google.com/scholar?cluster=8988823471522514231&hl=en&as_sdt=1,5&sciodt=1,5&as_vis=1", "authors": "J Snoek, RP Adams, H Larochelle - The Journal of Machine Learning  \u2026", "excerpt": "Abstract While unsupervised learning has long been useful for density modeling, exploratory data analysis and visualization, it has become increasingly important for discovering features that will later be used for discriminative tasks. Discriminative algorithms often  ...", "url_pdf": null, "num_citations": 10, "cluster_id": "8988823471522514231", "year": "2012", "url_citations": "http://scholar.google.com/scholar?cites=8988823471522514231&as_sdt=2005&sciodt=1,5&hl=en"}, {"num_versions": 2, "url_citation": null, "title": "Anatomical Structure Sketcher for Cephalograms by Bimodal Deep Learning", "url": "http://www.bmva.org/bmvc/2013/Papers/paper0102/abstract0102.pdf", "url_versions": "http://scholar.google.com/scholar?cluster=13141612680474583056&hl=en&as_sdt=1,5&sciodt=1,5&as_vis=1", "authors": "Y Pei, B Liu, H Zha, B Han, T Xu - Trans. on Biomedical Engineering", "excerpt": "Lateral cephalogram X-ray (LCX) images are essential to provide patientspecific morphological information of anatomical structures. The automatic annotation of anatomical structures in cephalograms has been performed in the biomedical engineering for nearly  ...", "url_pdf": "http://www.bmva.org/bmvc/2013/Papers/paper0102/abstract0102.pdf", "num_citations": 1, "cluster_id": "13141612680474583056", "year": "2006", "url_citations": "http://scholar.google.com/scholar?cites=13141612680474583056&as_sdt=2005&sciodt=1,5&hl=en"}, {"num_versions": 2, "url_citation": null, "title": "Bayesian Optimization and Semiparametric Models with Applications to Assistive Technology", "url": "http://people.seas.harvard.edu/%7Ejsnoek/Snoek_Jasper_R_201311_PhD_thesis.pdf", "url_versions": "http://scholar.google.com/scholar?cluster=17004590619807751007&hl=en&as_sdt=1,5&sciodt=1,5&as_vis=1", "authors": "J Snoek -", "excerpt": "Advances in machine learning are having a profound impact on disciplines spanning the sciences. Assistive technology and health informatics are fields for which minor improvements achieved through leveraging more advanced machine learning algorithms  ...", "url_pdf": "http://people.seas.harvard.edu/%7Ejsnoek/Snoek_Jasper_R_201311_PhD_thesis.pdf", "num_citations": 5, "cluster_id": "17004590619807751007", "year": "2013", "url_citations": "http://scholar.google.com/scholar?cites=17004590619807751007&as_sdt=2005&sciodt=1,5&hl=en"}, {"num_versions": 3, "url_citation": null, "title": "Understanding deep architectures and the effect of unsupervised pre-training", "url": "http://scholar.google.com/https://papyrus.bib.umontreal.ca/xmlui/handle/1866/5022", "url_versions": "http://scholar.google.com/scholar?cluster=11532436133818057314&hl=en&as_sdt=1,5&sciodt=1,5&as_vis=1", "authors": "D Erhan -", "excerpt": "Cette th\u00e8se porte sur une classe d'algorithmes d'apprentissage appel\u00e9s architectures profondes. Il existe des r\u00e9sultats qui indiquent que les repr\u00e9sentations peu profondes et locales ne sont pas suffisantes pour la mod\u00e9lisation des fonctions comportant plusieurs  ...", "url_pdf": null, "num_citations": 1, "cluster_id": "11532436133818057314", "year": "2011", "url_citations": "http://scholar.google.com/scholar?cites=11532436133818057314&as_sdt=2005&sciodt=1,5&hl=en"}, {"num_versions": 8, "url_citation": null, "title": "Feature set embedding for incomplete data", "url": "http://papers.nips.cc/paper/4047-feature-set-embedding-for-incomplete-data", "url_versions": "http://scholar.google.com/scholar?cluster=1858194033921004884&hl=en&as_sdt=1,5&sciodt=1,5&as_vis=1", "authors": "D Grangier, I Melvin - Advances in Neural Information Processing  \u2026", "excerpt": "Abstract We present a new learning strategy for classification problems in which train and/or test data suffer from missing features. In previous work, instances are represented as vectors from some feature space and one is forced to impute missing values or to consider an  ...", "url_pdf": null, "num_citations": 2, "cluster_id": "1858194033921004884", "year": "2010", "url_citations": "http://scholar.google.com/scholar?cites=1858194033921004884&as_sdt=2005&sciodt=1,5&hl=en"}, {"num_versions": 5, "url_citation": null, "title": "Evolving culture versus local minima", "url": "http://link.springer.com/chapter/10.1007/978-3-642-55337-0_3", "url_versions": "http://scholar.google.com/scholar?cluster=16049629943407942005&hl=en&as_sdt=1,5&sciodt=1,5&as_vis=1", "authors": "Y Bengio - Growing Adaptive Machines", "excerpt": "Abstract We propose a theory that relates difficulty of learning in deep architectures to culture and language. It is articulated around the following hypotheses:(1) learning in an individual human brain is hampered by the presence of effective local minima;(2) this  ...", "url_pdf": null, "num_citations": 1, "cluster_id": "16049629943407942005", "year": "2014", "url_citations": "http://scholar.google.com/scholar?cites=16049629943407942005&as_sdt=2005&sciodt=1,5&hl=en"}, {"num_versions": 9, "url_citation": null, "title": "Neural variational inference and learning in belief networks", "url": "http://arxiv.org/abs/1402.0030", "url_versions": "http://scholar.google.com/scholar?cluster=1343451911861500424&hl=en&as_sdt=1,5&sciodt=1,5&as_vis=1", "authors": "A Mnih, K Gregor - arXiv preprint arXiv:1402.0030", "excerpt": "Abstract: Highly expressive directed latent variable models, such as sigmoid belief networks, are difficult to train on large datasets because exact inference in them is intractable and none of the approximate inference methods that have been applied to them scale well. We  ...", "url_pdf": null, "num_citations": 47, "cluster_id": "1343451911861500424", "year": "2014", "url_citations": "http://scholar.google.com/scholar?cites=1343451911861500424&as_sdt=2005&sciodt=1,5&hl=en"}, {"num_versions": 6, "url_citation": null, "title": "Gated Boltzmann Machine for recognition under occlusion", "url": "http://citeseerx.ist.psu.edu/viewdoc/download?doi=10.1.1.348.2985&rep=rep1&type=pdf", "url_versions": "http://scholar.google.com/scholar?cluster=1514435695849049483&hl=en&as_sdt=1,5&sciodt=1,5&as_vis=1", "authors": "Y Tang - NIPS Workshop on Transfer Learning by Learning Rich \u2026", "excerpt": "Unconstrained real world environments are often full of clutter. Therefore, robustness to occlusion is vital for any artificial recognition system. Recently, the Deep Boltzmann Machine (DBM) has been shown to be good at generative modeling and recognition of visual  ...", "url_pdf": null, "num_citations": 3, "cluster_id": "1514435695849049483", "year": "2010", "url_citations": "http://scholar.google.com/scholar?cites=1514435695849049483&as_sdt=2005&sciodt=1,5&hl=en"}, {"num_versions": 4, "url_citation": null, "title": "Robust visual recognition using multilayer generative neural networks", "url": "http://scholar.google.com/https://uwspace.uwaterloo.ca/handle/10012/5376", "url_versions": "http://scholar.google.com/scholar?cluster=14882019717324182703&hl=en&as_sdt=1,5&sciodt=1,5&as_vis=1", "authors": "Y Tang -", "excerpt": "Deep generative neural networks such as the Deep Belief Network and Deep Boltzmann Machines have been used successfully to model high dimensional visual data. However, they are not robust to common variations such as occlusion and random noise. In this  ...", "url_pdf": null, "num_citations": 1, "cluster_id": "14882019717324182703", "year": "2010", "url_citations": "http://scholar.google.com/scholar?cites=14882019717324182703&as_sdt=2005&sciodt=1,5&hl=en"}, {"num_versions": 6, "url_citation": null, "title": "Learning deep sigmoid belief networks with data augmentation", "url": "http://www.ece.duke.edu/%7Elcarin/dsbn_aistats2015.pdf", "url_versions": "http://scholar.google.com/scholar?cluster=16910184193048781387&hl=en&as_sdt=1,5&sciodt=1,5&as_vis=1", "authors": "Z Gan, R Henao, D Carlson, L Carin - Proceedings of the Eighteenth  \u2026", "excerpt": "Abstract Deep directed generative models are developed. The multi-layered model is designed by stacking sigmoid belief networks, with sparsity-encouraging priors placed on the model parameters. Learning and inference of layer-wise model parameters are  ...", "url_pdf": "http://www.ece.duke.edu/%7Elcarin/dsbn_aistats2015.pdf", "num_citations": 3, "cluster_id": "16910184193048781387", "year": "2015", "url_citations": "http://scholar.google.com/scholar?cites=16910184193048781387&as_sdt=2005&sciodt=1,5&hl=en"}, {"num_versions": 2, "url_citation": null, "title": "Stochastic gradient VB and the variational auto-encoder", "url": "http://dpkingma.com/wordpress/wp-content/uploads/2014/10/iclr14_vae.pdf", "url_versions": "http://scholar.google.com/scholar?cluster=12055813196542206045&hl=en&as_sdt=1,5&sciodt=1,5&as_vis=1", "authors": "DP Kingma, M Welling - Preprint", "excerpt": "Abstract How can we perform efficient inference and learning in directed probabilistic models, in the presence of continuous latent variables with intractable posterior distributions, and large datasets? We introduce a stochastic variational inference and learning  ...", "url_pdf": "http://dpkingma.com/wordpress/wp-content/uploads/2014/10/iclr14_vae.pdf", "num_citations": 4, "cluster_id": "12055813196542206045", "year": "2014", "url_citations": "http://scholar.google.com/scholar?cites=12055813196542206045&as_sdt=2005&sciodt=1,5&hl=en"}]