[{"num_versions": 4, "url_citation": null, "title": "Connectivism in postsecondary online courses: An exploratory factor analysis", "url": "http://search.proquest.com/openview/7290753b3936a31e5e9687ed53f3b29b/1?pq-origsite=gscholar", "url_versions": "http://scholar.google.com/scholar?cluster=10908007992664329618&hl=en&as_sdt=1,5&sciodt=1,5&as_vis=1", "authors": "N Hogg, CS Lomicky - Quarterly Review of Distance  \u2026", "excerpt": "Abstract This study explores 465 postsecondary students' experiences in online classes through the lens of connectivism. Downes'4 properties of connectivism (diversity, autonomy, interactivity, and openness) were used as the study design. An exploratory factor analysis  ...", "url_pdf": null, "num_citations": 3, "cluster_id": "10908007992664329618", "year": "2012", "url_citations": "http://scholar.google.com/scholar?cites=10908007992664329618&as_sdt=2005&sciodt=1,5&hl=en"}, {"num_versions": 4, "url_citation": null, "title": "Understanding The Use and Impact of Social Media Features on The Educational Experiences of Higher-Education Students in Blended and Distance-Learning  \u2026", "url": "http://surface.syr.edu/etd/102/", "url_versions": "http://scholar.google.com/scholar?cluster=13543398728602929087&hl=en&as_sdt=1,5&sciodt=1,5&as_vis=1", "authors": "MJ Scialdone -", "excerpt": "Abstract Students are increasingly expecting social media to be a component of their educational experiences both outside and inside of the classroom. The phenomenon of interest in this dissertation is understanding how the educational experiences of students  ...", "url_pdf": null, "num_citations": 1, "cluster_id": "13543398728602929087", "year": "2014", "url_citations": "http://scholar.google.com/scholar?cites=13543398728602929087&as_sdt=2005&sciodt=1,5&hl=en"}, {"num_versions": 2, "url_citation": null, "title": "A thematic analysis of the most highly cited scholarship in the first decade of blended learning research", "url": "http://www.sciencedirect.com/science/article/pii/S1096751613000444", "url_versions": "http://scholar.google.com/scholar?cluster=10263184426415518698&hl=en&as_sdt=1,5&sciodt=1,5&as_vis=1", "authors": "LR Halverson, CR Graham, KJ Spring\u2026 - The Internet and Higher  \u2026", "excerpt": "Abstract Blended learning, which combines face-to-face and online learning modalities, is a heterogeneous and steadily developing area of design and inquiry. With the expansion and maturation of blended learning research, voices enter the conversation in increasing  ...", "url_pdf": null, "num_citations": 22, "cluster_id": "10263184426415518698", "year": "2014", "url_citations": "http://scholar.google.com/scholar?cites=10263184426415518698&as_sdt=2005&sciodt=1,5&hl=en"}, {"num_versions": 4, "url_citation": null, "title": "Psychometric Testing of the Pecka Grading Rubric for Evaluating Higher-Order Thinking in Distance Learning", "url": "http://www.aana.com/newsandjournal/20102019/psych-testing-pecka-grading-1214.pdf", "url_versions": "http://scholar.google.com/scholar?cluster=16577459862889399738&hl=en&as_sdt=1,5&sciodt=1,5&as_vis=1", "authors": "K Schmid, B Pozehl - AANA journal", "excerpt": "This article describes development of the Pecka Grading Rubric (PGR) as a strategy to facilitate and evaluate students' higher-order thinking in discussion boards. The purpose of this study was to describe psychometric properties of the PGR. Rubric reliability was pilot  ...", "url_pdf": "http://www.aana.com/newsandjournal/20102019/psych-testing-pecka-grading-1214.pdf", "num_citations": 0, "cluster_id": null, "year": "2014", "url_citations": null}, {"num_versions": 4, "url_citation": null, "title": "Does academic discipline moderate CoI-course outcomes relationships in online MBA courses?", "url": "http://www.sciencedirect.com/science/article/pii/S1096751612000656", "url_versions": "http://scholar.google.com/scholar?cluster=13706203293718149529&hl=en&as_sdt=1,5&sciodt=1,5&as_vis=1", "authors": "JB Arbaugh - The Internet and Higher Education", "excerpt": "This paper examines the relationships between the elements of the Community of Inquiry (CoI) framework, disciplinary differences, perceived learning, instructor effectiveness, and delivery medium satisfaction. Specifically, the proposed research examines whether  ...", "url_pdf": null, "num_citations": 11, "cluster_id": "13706203293718149529", "year": "2013", "url_citations": "http://scholar.google.com/scholar?cites=13706203293718149529&as_sdt=2005&sciodt=1,5&hl=en"}, {"num_versions": 2, "url_citation": null, "title": "What might online delivery teach us about blended management education? Prior perspectives and future directions", "url": "http://jme.sagepub.com/content/38/6/784.short", "url_versions": "http://scholar.google.com/scholar?cluster=12301602241685359030&hl=en&as_sdt=1,5&sciodt=1,5&as_vis=1", "authors": "JB Arbaugh - Journal of Management Education", "excerpt": "Abstract Although the term has roots in the training and development literature, blended learning has only recently begun to be studied in management education. This article examines the literatures of blended and fully online management education to determine  ...", "url_pdf": null, "num_citations": 7, "cluster_id": "12301602241685359030", "year": "2014", "url_citations": "http://scholar.google.com/scholar?cites=12301602241685359030&as_sdt=2005&sciodt=1,5&hl=en"}, {"num_versions": 3, "url_citation": null, "title": "Community of inquiry framework and learner achievement", "url": "http://www.researchgate.net/profile/Gary_Morrison/publication/265202646_Community_of_Inquiry_Framework_and_Learner_Achievement_1_Community_of_Inquiry_Framework_and_Learner_Achievement/links/5486fd780cf2ef34478ea08f.pdf", "url_versions": "http://scholar.google.com/scholar?cluster=10807216432280774494&hl=en&as_sdt=1,5&sciodt=1,5&as_vis=1", "authors": "JA Maddrell, GR Morrison\u2026 - annual meeting of the  \u2026", "excerpt": "Abstract First described by Garrison, Anderson, and Archer (2000), the Community of Inquiry (CoI) framework suggests social presence, teaching presence, and cognitive presence are essential elements to foster successful educational experiences in computer-mediated  ...", "url_pdf": "http://www.researchgate.net/profile/Gary_Morrison/publication/265202646_Community_of_Inquiry_Framework_and_Learner_Achievement_1_Community_of_Inquiry_Framework_and_Learner_Achievement/links/5486fd780cf2ef34478ea08f.pdf", "num_citations": 3, "cluster_id": "10807216432280774494", "year": "2011", "url_citations": "http://scholar.google.com/scholar?cites=10807216432280774494&as_sdt=2005&sciodt=1,5&hl=en"}, {"num_versions": 2, "url_citation": null, "title": "New exploratory and confirmatory factor analysis insights into the community of inquiry survey", "url": "http://www.sciencedirect.com/science/article/pii/S1096751614000530", "url_versions": "http://scholar.google.com/scholar?cluster=217064747766398002&hl=en&as_sdt=1,5&sciodt=1,5&as_vis=1", "authors": "K Kozan, JC Richardson - The Internet and Higher Education", "excerpt": "Abstract This study has the aim of investigating the factor structure of an adapted version of the Community of Inquiry survey developed by Arbaugh et al.(2008). For this purpose, both exploratory and confirmatory analyses were employed in addition to a parallel analysis  ...", "url_pdf": null, "num_citations": 3, "cluster_id": "217064747766398002", "year": "2014", "url_citations": "http://scholar.google.com/scholar?cites=217064747766398002&as_sdt=2005&sciodt=1,5&hl=en"}, {"num_versions": 2, "url_citation": null, "title": "Exploring teaching and cognitive presence in blended learning: promoting pre-service teachers' critical thinking", "url": "http://eprints.usq.edu.au/19583", "url_versions": "http://scholar.google.com/scholar?cluster=13512844007834952520&hl=en&as_sdt=1,5&sciodt=1,5&as_vis=1", "authors": "P Redmond -", "excerpt": "Despite extensive expenditure by universities on technology tools, the impact on teaching practice and students' critical thinking remains disappointing to many. Current research which investigates the impact of teaching presence on cognitive presence in  ...", "url_pdf": null, "num_citations": 3, "cluster_id": "13512844007834952520", "year": "2011", "url_citations": "http://scholar.google.com/scholar?cites=13512844007834952520&as_sdt=2005&sciodt=1,5&hl=en"}, {"num_versions": 4, "url_citation": null, "title": "Community of Inquiry as an instructional approach: What effects of teaching, social and cognitive presences are there in blended synchronous learning and teaching?", "url": "http://www.sciencedirect.com/science/article/pii/S0360131514002358", "url_versions": "http://scholar.google.com/scholar?cluster=13423406850175290107&hl=en&as_sdt=1,5&sciodt=1,5&as_vis=1", "authors": "E Szeto - Computers & Education", "excerpt": "Abstract Little research has been conducted to integrate teaching, social and cognitive presences as three instructional components of an instructional approach to contextualizing blended synchronous learning and teaching experiences. This qualitative case study  ...", "url_pdf": null, "num_citations": 3, "cluster_id": "13423406850175290107", "year": "2015", "url_citations": "http://scholar.google.com/scholar?cites=13423406850175290107&as_sdt=2005&sciodt=1,5&hl=en"}, {"num_versions": 3, "url_citation": null, "title": "Towards a framework of interactions in a blended synchronous learning environment: what effects are there on students' social presence experience?", "url": "http://www.tandfonline.com/doi/abs/10.1080/10494820.2014.881391", "url_versions": "http://scholar.google.com/scholar?cluster=4876419074666088002&hl=en&as_sdt=1,5&sciodt=1,5&as_vis=1", "authors": "E Szeto, AYN Cheng - Interactive Learning Environments", "excerpt": "A synchronous blend of online learning and \u201cface-to-face\u201d teaching is becoming a feasible instructional approach in higher education with the advent of technology. Although this learning mode is not new in higher education, little research has been done to  ...", "url_pdf": null, "num_citations": 5, "cluster_id": "4876419074666088002", "year": "2014", "url_citations": "http://scholar.google.com/scholar?cites=4876419074666088002&as_sdt=2005&sciodt=1,5&hl=en"}, {"num_versions": 2, "url_citation": null, "title": "A framework for monitoring instructional environments in a virtual world", "url": "http://onlinelibrary.wiley.com/doi/10.1111/j.1467-8535.2012.01370.x/full", "url_versions": "http://scholar.google.com/scholar?cluster=8510122224521213017&hl=en&as_sdt=1,5&sciodt=1,5&as_vis=1", "authors": "D Chodos, E Stroulia, S King\u2026 - British Journal of  \u2026", "excerpt": "Abstract Virtual worlds are gaining momentum as a platform for delivering simulation-based educational experiences to students. However, a key aspect of virtual world-based education that has received little attention is recording and analyzing students' in-world  ...", "url_pdf": null, "num_citations": 3, "cluster_id": "8510122224521213017", "year": "2014", "url_citations": "http://scholar.google.com/scholar?cites=8510122224521213017&as_sdt=2005&sciodt=1,5&hl=en"}, {"num_versions": 2, "url_citation": null, "title": "Community of Inquiry framework and learning outcomes", "url": "http://www.jennifermaddrell.com/wp-content/uploads/2011/11/MADDRELL-Dissertation-FINAL-20111102.pdf", "url_versions": "http://scholar.google.com/scholar?cluster=13837833624756834387&hl=en&as_sdt=1,5&sciodt=1,5&as_vis=1", "authors": "JA Maddrell -", "excerpt": "First described by Garrison, Anderson, and Archer (2000), the Community of Inquiry (CoI) framework suggests social presence, teaching presence, and cognitive presence are essential elements to foster successful educational experiences in computermediated  ...", "url_pdf": "http://www.jennifermaddrell.com/wp-content/uploads/2011/11/MADDRELL-Dissertation-FINAL-20111102.pdf", "num_citations": 1, "cluster_id": "13837833624756834387", "year": "2011", "url_citations": "http://scholar.google.com/scholar?cites=13837833624756834387&as_sdt=2005&sciodt=1,5&hl=en"}, {"num_versions": 0, "url_citation": null, "title": "STUDENT PERSPECTIVES ON BLENDED LEARNING THROUGH THE LENS OF SOCIAL, TEACHING, AND COGNITIVE PRESENCE", "url": "http://scholar.google.com/https://books.google.com/books?hl=en&lr=&id=JfMJAgAAQBAJ&oi=fnd&pg=PA93&ots=Lz4RgHADYF&sig=sexfot5Csv_1FFguU0YW5xZ_SME", "url_versions": null, "authors": "JDC Voegele - Blended Learning: Research Perspectives", "excerpt": "Method Midquarter assessment data were collected in 74 blended courses at a large public urban university between Fall 2010 and Fall 2011 using a small group instructional diagnostic (SGID), a modified focus group technique (Angelo &", "url_pdf": null, "num_citations": 1, "cluster_id": "9211142606456522751", "year": "2013", "url_citations": "http://scholar.google.com/scholar?cites=9211142606456522751&as_sdt=2005&sciodt=1,5&hl=en"}, {"num_versions": 0, "url_citation": null, "title": "Community of inquiry framework: Establishing community in an online course", "url": "http://www.ncolr.org/jiol/issues/pdf/12.1.1.pdf", "url_versions": null, "authors": "JL Lambert, JL Fisher - Journal of Interactive Online Learning", "excerpt": "Abstract Using the Community of Inquiry (CoI) framework, the author conducted a mixed method research study to examine the existence of the three CoI elements in a graduate-level educational technology online course. The author also looked at student perceptions  ...", "url_pdf": "http://www.ncolr.org/jiol/issues/pdf/12.1.1.pdf", "num_citations": 11, "cluster_id": "5197102435050780387", "year": "2013", "url_citations": "http://scholar.google.com/scholar?cites=5197102435050780387&as_sdt=2005&sciodt=1,5&hl=en"}, {"num_versions": 8, "url_citation": null, "title": "Where is research on massive open online courses headed? A data analysis of the MOOC Research Initiative", "url": "http://www.irrodl.org/index.php/irrodl/article/view/1954", "url_versions": "http://scholar.google.com/scholar?cluster=8876605477315519012&hl=en&as_sdt=1,5&sciodt=1,5&as_vis=1", "authors": "D Gasevic, V Kovanovic, S Joksimovic\u2026 - The International Review  \u2026", "excerpt": "Abstract This paper reports on the results of an analysis of the research proposals submitted to the MOOC Research Initiative (MRI) funded by the Gates Foundation and administered by Athabasca University. The goal of MRI was to mobilize researchers to engage into critical  ...", "url_pdf": null, "num_citations": 19, "cluster_id": "8876605477315519012", "year": "2014", "url_citations": "http://scholar.google.com/scholar?cites=8876605477315519012&as_sdt=2005&sciodt=1,5&hl=en"}, {"num_versions": 2, "url_citation": null, "title": "Digging Beneath the Surface: Analyzing the Complexity of Instructors' Participation in Asynchronous Discussion", "url": "http://olj.onlinelearningconsortium.org/index.php/jaln/article/view/414", "url_versions": "http://scholar.google.com/scholar?cluster=7674388667168027475&hl=en&as_sdt=1,5&sciodt=1,5&as_vis=1", "authors": "LW Clarke, A Bartholomew - Online Learning", "excerpt": "Abstract This study is situated at the nexus of contradictory research about the role of the instructor in asynchronous discussions. The goal of this descriptive study was to provide a deeper analysis of instructor comments and participation in these discussions. By  ...", "url_pdf": null, "num_citations": 1, "cluster_id": "7674388667168027475", "year": "2014", "url_citations": "http://scholar.google.com/scholar?cites=7674388667168027475&as_sdt=2005&sciodt=1,5&hl=en"}, {"num_versions": 3, "url_citation": null, "title": "The various understandings of learning environment in higher education and its quality implications", "url": "http://www.tandfonline.com/doi/abs/10.1080/13538322.2013.772464", "url_versions": "http://scholar.google.com/scholar?cluster=4898197759767456236&hl=en&as_sdt=1,5&sciodt=1,5&as_vis=1", "authors": "I Abualrub, B Karseth, B Stensaker - Quality in Higher Education", "excerpt": "This article aims to provide a critical examination of the concept of 'learning environment'following the increased attention to the concept among educational researchers and policy makers. Based on a review of the literature, the current article  ...", "url_pdf": null, "num_citations": 9, "cluster_id": "4898197759767456236", "year": "2013", "url_citations": "http://scholar.google.com/scholar?cites=4898197759767456236&as_sdt=2005&sciodt=1,5&hl=en"}, {"num_versions": 9, "url_citation": null, "title": "Bridging the Students' and Instructor's Experiences: Exploring Instructional Potential of Videoconference in Multi-Campus Universities.", "url": "http://eric.ed.gov/?id=EJ1018175", "url_versions": "http://scholar.google.com/scholar?cluster=16119288847242321554&hl=en&as_sdt=1,5&sciodt=1,5&as_vis=1", "authors": "E Szeto - Turkish Online Journal of Educational Technology- \u2026", "excerpt": "ABSTRACT Videoconferencing was often used to distribute live or pre-recorded lectures to students at remote sites. This paper reports a recent study of videoconferencing as a form of technology-enabled learning and teaching in higher education. Videoconferencing was  ...", "url_pdf": null, "num_citations": 3, "cluster_id": "16119288847242321554", "year": "2014", "url_citations": "http://scholar.google.com/scholar?cites=16119288847242321554&as_sdt=2005&sciodt=1,5&hl=en"}, {"num_versions": 7, "url_citation": null, "title": "Moving Online Chats from Painful to Productive: The Role of E-coaching and Feedback", "url": "http://mobile.lindenwood.edu/mwr2p/docs/SteinWanstreet.pdf", "url_versions": "http://scholar.google.com/scholar?cluster=18147646467841695464&hl=en&as_sdt=1,5&sciodt=1,5&as_vis=1", "authors": "DS Stein, CE Wanstreet -", "excerpt": "This study examined the effect of an electronic coaching and feedback intervention in teaching presence and social presence on higher order thinking in an online community of inquiry. Coaching occurred before each chat, and feedback was provided immediately  ...", "url_pdf": "http://mobile.lindenwood.edu/mwr2p/docs/SteinWanstreet.pdf", "num_citations": 1, "cluster_id": "18147646467841695464", "year": "2011", "url_citations": "http://scholar.google.com/scholar?cites=18147646467841695464&as_sdt=2005&sciodt=1,5&hl=en"}, {"num_versions": 4, "url_citation": null, "title": "\u201cChoose Your Classmates, Your GPA Is at Stake!\u201d: The Association of Cross-Class Social Ties and Academic Performance", "url": "http://abs.sagepub.com/content/early/2013/03/11/0002764213479362.abstract", "url_versions": "http://scholar.google.com/scholar?cluster=12750302133844702129&hl=en&as_sdt=1,5&sciodt=1,5&as_vis=1", "authors": "D Ga\u0161evi\u0107, A Zouaq, R Janzen - American Behavioral Scientist", "excerpt": "Abstract This article presents results from an investigation of the association between student academic performance and social ties. Based on social capital and networked learning research, we hypothesized that (a) students' social capital accumulated through  ...", "url_pdf": null, "num_citations": 15, "cluster_id": "12750302133844702129", "year": "2013", "url_citations": "http://scholar.google.com/scholar?cites=12750302133844702129&as_sdt=2005&sciodt=1,5&hl=en"}, {"num_versions": 4, "url_citation": null, "title": "The effects of technology on the Community of Inquiry and satisfaction with online courses", "url": "http://www.sciencedirect.com/science/article/pii/S1096751612000632", "url_versions": "http://scholar.google.com/scholar?cluster=10125124358729468338&hl=en&as_sdt=1,5&sciodt=1,5&as_vis=1", "authors": "B Rubin, R Fernandes, MD Avgerinou - The Internet and Higher Education", "excerpt": "This paper extends the research on the Community of Inquiry (CoI) framework of understanding features of successful online learning to include the effects of the software used to support and facilitate it. This study examines how the Learning Management  ...", "url_pdf": null, "num_citations": 24, "cluster_id": "10125124358729468338", "year": "2013", "url_citations": "http://scholar.google.com/scholar?cites=10125124358729468338&as_sdt=2005&sciodt=1,5&hl=en"}, {"num_versions": 7, "url_citation": null, "title": "Exploring learner to content interaction as a success factor in online courses", "url": "http://www.irrodl.org/index.php/irrodl/article/view/1302", "url_versions": "http://scholar.google.com/scholar?cluster=2017906647802347677&hl=en&as_sdt=1,5&sciodt=1,5&as_vis=1", "authors": "TD Zimmerman - The International Review of Research in Open and  \u2026", "excerpt": "Abstract Interaction plays a critical role in the learning process. For online course participants, interaction with the course content (learner-content interaction) is especially important because it can contribute to successful learning outcomes and course  ...", "url_pdf": null, "num_citations": 17, "cluster_id": "2017906647802347677", "year": "2012", "url_citations": "http://scholar.google.com/scholar?cites=2017906647802347677&as_sdt=2005&sciodt=1,5&hl=en"}, {"num_versions": 0, "url_citation": null, "title": "O Modelo de Comunidade de Investiga\u00e7\u00e3o ea Constru\u00e7\u00e3o da Aprendizagem Significativa On-line", "url": "http://www.latec.ufrj.br/revistas/index.php?journal=educaonline&page=article&op=view&path%5B%5D=80", "url_versions": null, "authors": "MT Kerckhoff - Revista EducaOnline", "excerpt": "Abstract This article presents a literature review of the Community of Inquiry (CoI) framework developed by Garrison, Anderson & Archer (2000). The role of the three elements of the model (social presence, cognitive presence, teaching presence) and their  ...", "url_pdf": null, "num_citations": 1, "cluster_id": "1188146912028258402", "year": "2011", "url_citations": "http://scholar.google.com/scholar?cites=1188146912028258402&as_sdt=2005&sciodt=1,5&hl=en"}, {"num_versions": 3, "url_citation": null, "title": "Measuring the community in online classes", "url": "http://olj.onlinelearningconsortium.org/index.php/jaln/article/view/344", "url_versions": "http://scholar.google.com/scholar?cluster=9626285882484056956&hl=en&as_sdt=1,5&sciodt=1,5&as_vis=1", "authors": "B Rubin - Online Learning", "excerpt": "Abstract The paper addresses individual and group level phenomena in online classes, and proposes both theoretical and empirical approaches to examining them, following the example of organizational climate. It applies the concepts to the Community of Inquiry (CoI ...", "url_pdf": null, "num_citations": 2, "cluster_id": "9626285882484056956", "year": "2013", "url_citations": "http://scholar.google.com/scholar?cites=9626285882484056956&as_sdt=2005&sciodt=1,5&hl=en"}, {"num_versions": 6, "url_citation": null, "title": "Community of Inquiry Model: Advancing Distance Learning in Nurse Anesthesia Education", "url": "http://www.aana.com/newsandjournal/20102019/community-inquiry-0614-p212-218.pdf", "url_versions": "http://scholar.google.com/scholar?cluster=16092373369372485744&hl=en&as_sdt=1,5&sciodt=1,5&as_vis=1", "authors": "SL Pecka, S Kotcherlakota, AM Berger, A APRN-CNS - AANA journal", "excerpt": "The number of distance education courses offered by nurse anesthesia programs has increased substantially. Emerging distance learning trends must be researched to ensure high-quality education for student registered nurse anesthetists. However, research to  ...", "url_pdf": "http://www.aana.com/newsandjournal/20102019/community-inquiry-0614-p212-218.pdf", "num_citations": 2, "cluster_id": "16092373369372485744", "year": "2014", "url_citations": "http://scholar.google.com/scholar?cites=16092373369372485744&as_sdt=2005&sciodt=1,5&hl=en"}, {"num_versions": 0, "url_citation": null, "title": "Mixed Methods Research on the Nexus Between Mathematics and Science", "url": "http://openjournals.library.usyd.edu.au/index.php/CAL/article/view/7595", "url_versions": null, "authors": "Y Nakakoji, R Wilson\u2026 - \u2026  of Innovation in  \u2026", "excerpt": "Abstract The importance of maths within STEM education is uncontested and yet there remains a paucity of studies examining the relationship, or nexus, between maths and science at university level. In Australia, recent concern over levels of participation and  ...", "url_pdf": null, "num_citations": 1, "cluster_id": "17969802175912836001", "year": "2014", "url_citations": "http://scholar.google.com/scholar?cites=17969802175912836001&as_sdt=2005&sciodt=1,5&hl=en"}, {"num_versions": 2, "url_citation": null, "title": "Moderation Effect of Gender on Relationship between Community of Inquiry and Perceived Learning in Blended Learning Environments.", "url": "http://www.cedtech.net/articles/53/535.pdf", "url_versions": "http://scholar.google.com/scholar?cluster=17258647437788989763&hl=en&as_sdt=1,5&sciodt=1,5&as_vis=1", "authors": "R Khodabandelou, H Jalil, W Wan Ali\u2026 - Contemporary  \u2026", "excerpt": "Abstract It is conceivably important that demographic variables such as gender may have an impact on community of inquiry (CoI) and perceived learning. This study is in response with Garrison et al.(2010) who suggest that there is a need to determine moderation effects of  ...", "url_pdf": "http://www.cedtech.net/articles/53/535.pdf", "num_citations": 1, "cluster_id": "17258647437788989763", "year": "2014", "url_citations": "http://scholar.google.com/scholar?cites=17258647437788989763&as_sdt=2005&sciodt=1,5&hl=en"}, {"num_versions": 4, "url_citation": null, "title": "Designing Authentic Learning Tasks for Online Library Instruction", "url": "http://www.sciencedirect.com/science/article/pii/S0099133312001590", "url_versions": "http://scholar.google.com/scholar?cluster=17125985416064235902&hl=en&as_sdt=1,5&sciodt=1,5&as_vis=1", "authors": "JL Finch, RN Jefferson - The Journal of Academic Librarianship", "excerpt": "This empirical study explores whether authentic tasks designed specifically for deliberately grouped students have an effect on student perception of teaching presence and student cognitive gains. In one library research class offered in an express session online, the  ...", "url_pdf": null, "num_citations": 1, "cluster_id": "17125985416064235902", "year": "2013", "url_citations": "http://scholar.google.com/scholar?cites=17125985416064235902&as_sdt=2005&sciodt=1,5&hl=en"}, {"num_versions": 7, "url_citation": null, "title": "Interaction, critical thinking, and social network analysis (SNA) in online courses", "url": "http://www.irrodl.org/index.php/irrodl/article/view/1306", "url_versions": "http://scholar.google.com/scholar?cluster=2903818852791374416&hl=en&as_sdt=1,5&sciodt=1,5&as_vis=1", "authors": "J Thormann, S Gable, PS Fidalgo\u2026 - The International Review of \u2026", "excerpt": "Abstract This study tried to ascertain a possible relationship between the number of student moderators (1, 2, and 3), online interactions, and critical thinking of K-12 educators enrolled in an online course that was taught from a constructivist approach. The course topic was  ...", "url_pdf": null, "num_citations": 8, "cluster_id": "2903818852791374416", "year": "2013", "url_citations": "http://scholar.google.com/scholar?cites=2903818852791374416&as_sdt=2005&sciodt=1,5&hl=en"}, {"num_versions": 2, "url_citation": null, "title": "Creating Cultures of Thinking: The 8 forces we must master to truly transform our schools", "url": "http://scholar.google.com/https://books.google.com/books?hl=en&lr=&id=sZK8BQAAQBAJ&oi=fnd&pg=PA141&ots=yk6YP1LcHl&sig=oBys0DyPNOV_cbP2gibfT6JSrTk", "url_versions": "http://scholar.google.com/scholar?cluster=13751272099802144450&hl=en&as_sdt=1,5&sciodt=1,5&as_vis=1", "authors": "R Ritchhart -", "excerpt": "Discover why and how schools must become places where thinking is valued, visible, and actively promoted As educators, parents, and citizens, we must settle for nothing less than environments that bring out the best in people, take learning to the next level, allow for  ...", "url_pdf": null, "num_citations": 3, "cluster_id": "13751272099802144450", "year": "2015", "url_citations": "http://scholar.google.com/scholar?cites=13751272099802144450&as_sdt=2005&sciodt=1,5&hl=en"}, {"num_versions": 0, "url_citation": null, "title": "Fostering Presence in Online Discussions", "url": "http://www.rapidintellect.com/AEQweb/5284v3.pdf", "url_versions": null, "authors": "JA Delello, KM Everling, RR McWhorter\u2026 - Academic Exchange  \u2026", "excerpt": "Abstract With increased demands for online courses, instructors are challenged to facilitate discussions that promote critical thinking and mastery of content. Synchronous and asynchronous discussion forums are used to create a Community of Inquiry (COI) across  ...", "url_pdf": "http://www.rapidintellect.com/AEQweb/5284v3.pdf", "num_citations": 2, "cluster_id": "10086029462571809779", "year": "2013", "url_citations": "http://scholar.google.com/scholar?cites=10086029462571809779&as_sdt=2005&sciodt=1,5&hl=en"}, {"num_versions": 7, "url_citation": null, "title": "Psychological characteristics in cognitive presence of communities of inquiry: A linguistic analysis of online discussions", "url": "http://www.sciencedirect.com/science/article/pii/S1096751614000189", "url_versions": "http://scholar.google.com/scholar?cluster=6248132041378691213&hl=en&as_sdt=1,5&sciodt=1,5&as_vis=1", "authors": "S Joksimovic, D Gasevic, V Kovanovic\u2026 - The Internet and Higher  \u2026", "excerpt": "Abstract Benefits of social interaction for learning have widely been recognized in educational research and practice. The existing body of research knowledge in computer supported collaborative learning (CSCL) offers numerous practical approaches that can  ...", "url_pdf": null, "num_citations": 5, "cluster_id": "6248132041378691213", "year": "2014", "url_citations": "http://scholar.google.com/scholar?cites=6248132041378691213&as_sdt=2005&sciodt=1,5&hl=en"}, {"num_versions": 3, "url_citation": null, "title": "Teaching the disembodied: Othering and activity systems in a blended synchronous learning situation", "url": "http://www.irrodl.org/index.php/irrodl/article/view/1793", "url_versions": "http://scholar.google.com/scholar?cluster=16477703994108577648&hl=en&as_sdt=1,5&sciodt=1,5&as_vis=1", "authors": "U Cunningham - The International Review of Research in Open and  \u2026", "excerpt": "Abstract This study examines what happens when online and campus students participate in real time in the same campus classroom. Before this study, postgraduate students studying online in a course intended primarily as professional development for language educators  ...", "url_pdf": null, "num_citations": 1, "cluster_id": "16477703994108577648", "year": "2014", "url_citations": "http://scholar.google.com/scholar?cites=16477703994108577648&as_sdt=2005&sciodt=1,5&hl=en"}, {"num_versions": 5, "url_citation": null, "title": "Perceived fit and satisfaction on web learning performance: IS continuance intention and task-technology fit perspectives", "url": "http://www.sciencedirect.com/science/article/pii/S1071581912000274", "url_versions": "http://scholar.google.com/scholar?cluster=638062887359343326&hl=en&as_sdt=1,5&sciodt=1,5&as_vis=1", "authors": "WS Lin - International Journal of Human-Computer Studies", "excerpt": "Virtual learning system (VLS) is an information system that facilitates e-learning have been widely implemented by higher education institutions to support face-to-face teaching and self-managed learning in the virtual learning and education environment (VLE). This is  ...", "url_pdf": null, "num_citations": 47, "cluster_id": "638062887359343326", "year": "2012", "url_citations": "http://scholar.google.com/scholar?cites=638062887359343326&as_sdt=2005&sciodt=1,5&hl=en"}, {"num_versions": 2, "url_citation": null, "title": "Interrelationships between and among social, teaching, and cognitive presence", "url": "http://www.sciencedirect.com/science/article/pii/S1096751613000511", "url_versions": "http://scholar.google.com/scholar?cluster=6349346033746520734&hl=en&as_sdt=1,5&sciodt=1,5&as_vis=1", "authors": "K Kozan, JC Richardson - The Internet and Higher Education", "excerpt": "Abstract The purpose of the present study is to investigate the relationships between and among teaching, social, and cognitive presence. To this end, Spearman's rank correlation and partial correlation analyses were employed. The results referred to (a) positive large  ...", "url_pdf": null, "num_citations": 11, "cluster_id": "6349346033746520734", "year": "2014", "url_citations": "http://scholar.google.com/scholar?cites=6349346033746520734&as_sdt=2005&sciodt=1,5&hl=en"}, {"num_versions": 5, "url_citation": null, "title": "From 'hello'to higher-order thinking: The effect of coaching and feedback on online chats", "url": "http://www.sciencedirect.com/science/article/pii/S109675161200022X", "url_versions": "http://scholar.google.com/scholar?cluster=16532851297325802930&hl=en&as_sdt=1,5&sciodt=1,5&as_vis=1", "authors": "DS Stein, CE Wanstreet, P Slagle, LA Trinko\u2026 - The Internet and Higher  \u2026", "excerpt": "This exploratory study examined the effect of a coaching and feedback intervention in teaching presence and social presence on higher-order thinking in an online community of inquiry. Coaching occurred before each chat, and feedback was provided immediately  ...", "url_pdf": null, "num_citations": 15, "cluster_id": "16532851297325802930", "year": "2013", "url_citations": "http://scholar.google.com/scholar?cites=16532851297325802930&as_sdt=2005&sciodt=1,5&hl=en"}, {"num_versions": 6, "url_citation": null, "title": "Learning presence as a moderator in the community of inquiry model", "url": "http://www.sciencedirect.com/science/article/pii/S0360131512000127", "url_versions": "http://scholar.google.com/scholar?cluster=15735457175407521771&hl=en&as_sdt=1,5&sciodt=1,5&as_vis=1", "authors": "P Shea, T Bidjerano - Computers & Education", "excerpt": "This study of over 2000 US college students examines the Community of Inquiry framework (CoI) in its capacity to describe and explain differences in learning outcomes in hybrid and fully online learning environments. We hypothesize that the CoI model's theoretical  ...", "url_pdf": null, "num_citations": 45, "cluster_id": "15735457175407521771", "year": "2012", "url_citations": "http://scholar.google.com/scholar?cites=15735457175407521771&as_sdt=2005&sciodt=1,5&hl=en"}, {"num_versions": 4, "url_citation": null, "title": "The Graduate Virtual Classroom Webinar: A Collaborative and Constructivist Online Teaching Strategy", "url": "http://jolt.merlot.org/vol10no4/Power_1214.pdf", "url_versions": "http://scholar.google.com/scholar?cluster=931898149789967552&hl=en&as_sdt=1,5&sciodt=1,5&as_vis=1", "authors": "M Power, A St-Jacques - Journal of Online Learning and Teaching", "excerpt": "Abstract Based on research findings derived from interviews and questionnaires collected between 2009 and 2012, this concept paper proposes blended online learning design (BOLD) as a solution to some widespread online learning challenges in higher education.  ...", "url_pdf": "http://jolt.merlot.org/vol10no4/Power_1214.pdf", "num_citations": 1, "cluster_id": "931898149789967552", "year": "2014", "url_citations": "http://scholar.google.com/scholar?cites=931898149789967552&as_sdt=2005&sciodt=1,5&hl=en"}, {"num_versions": 2, "url_citation": null, "title": "Formative assesment and syntheses in reflection journals", "url": "http://www.kpu.ca/sites/default/files/downloads/TD.6.3.8_Nickel_Reflection_Journals.pdf", "url_versions": "http://scholar.google.com/scholar?cluster=9706790715381497959&hl=en&as_sdt=1,5&sciodt=1,5&as_vis=1", "authors": "J Nickel - Transformative Dialogue: Teaching and Learning  \u2026", "excerpt": "Abstract: This study aimed to discern the impact of formative assessment upon students' ability to write deep journal reflections. Students in a first year education course were required to keep a reflective journal about their field experience observations and make  ...", "url_pdf": "http://www.kpu.ca/sites/default/files/downloads/TD.6.3.8_Nickel_Reflection_Journals.pdf", "num_citations": 5, "cluster_id": "9706790715381497959", "year": "2013", "url_citations": "http://scholar.google.com/scholar?cites=9706790715381497959&as_sdt=2005&sciodt=1,5&hl=en"}, {"num_versions": 6, "url_citation": null, "title": "An analysis of high impact scholarship and publication trends in blended learning", "url": "http://www.tandfonline.com/doi/abs/10.1080/01587919.2012.723166", "url_versions": "http://scholar.google.com/scholar?cluster=5578660960038239172&hl=en&as_sdt=1,5&sciodt=1,5&as_vis=1", "authors": "LR Halverson, CR Graham, KJ Spring\u2026 - Distance  \u2026", "excerpt": "Blended learning is a diverse and expanding area of design and inquiry that combines face-to-face and online modalities. As blended learning research matures, numerous voices enter the conversation. This study begins the search for the center of this emerging area of  ...", "url_pdf": null, "num_citations": 36, "cluster_id": "5578660960038239172", "year": "2012", "url_citations": "http://scholar.google.com/scholar?cites=5578660960038239172&as_sdt=2005&sciodt=1,5&hl=en"}, {"num_versions": 4, "url_citation": null, "title": "The relationships between higher order thinking skills, cognitive density, and social presence in online learning", "url": "http://www.sciencedirect.com/science/article/pii/S1096751613000705", "url_versions": "http://scholar.google.com/scholar?cluster=13723486083983447785&hl=en&as_sdt=1,5&sciodt=1,5&as_vis=1", "authors": "SM Lee - The Internet and Higher Education", "excerpt": "Abstract Despite a considerable amount of research about online learning presences, the quality of cognitive presence, the value of social presence, and the relationship between them have yet to be comprehensively studied. The purpose of the current study was to  ...", "url_pdf": null, "num_citations": 7, "cluster_id": "13723486083983447785", "year": "2014", "url_citations": "http://scholar.google.com/scholar?cites=13723486083983447785&as_sdt=2005&sciodt=1,5&hl=en"}, {"num_versions": 3, "url_citation": null, "title": "Tareas y competencias del tutor online", "url": "http://digibug.ugr.es/handle/10481/30021", "url_versions": "http://scholar.google.com/scholar?cluster=13353491797833118812&hl=en&as_sdt=1,5&sciodt=1,5&as_vis=1", "authors": "C Yot Dom\u00ednguez, C Marcelo Garc\u00eda -", "excerpt": "En este art\u00edculo hemos analizado las competencias que el tutor online requiere en la actualidad para el ejercicio de la funci\u00f3n tutorial, as\u00ed como las tareas que desempe\u00f1an. Para dar respuesta al objetivo planteado, hemos dise\u00f1ado un inventario que han  ...", "url_pdf": null, "num_citations": 2, "cluster_id": "13353491797833118812", "year": "2013", "url_citations": "http://scholar.google.com/scholar?cites=13353491797833118812&as_sdt=2005&sciodt=1,5&hl=en"}, {"num_versions": 4, "url_citation": null, "title": "Social presence and motivation in a three-dimensional virtual world: An explanatory study", "url": "http://ascilite.org.au/ajet/submission/index.php/AJET/article/view/425", "url_versions": "http://scholar.google.com/scholar?cluster=7000786789488267349&hl=en&as_sdt=1,5&sciodt=1,5&as_vis=1", "authors": "RM Yilmaz, FB Topu, Y Goktas\u2026 - Australasian Journal of  \u2026", "excerpt": "Abstract Three-dimensional (3-D) virtual worlds differ from other learning environments in their similarity to real life, providing opportunities for more effective communication and interaction. With these features, 3-D virtual worlds possess considerable potential to  ...", "url_pdf": null, "num_citations": 1, "cluster_id": "7000786789488267349", "year": "2013", "url_citations": "http://scholar.google.com/scholar?cites=7000786789488267349&as_sdt=2005&sciodt=1,5&hl=en"}]