[{"num_versions": 3, "url_citation": null, "title": "Peer Assisted Study Sessions (PASS) in first year chemistry and statistics courses: insights and evaluations", "url": "http://openjournals.library.usyd.edu.au/index.php/IISME/article/view/6493", "url_versions": "http://scholar.google.com/scholar?cluster=9055978458101900086&hl=en&as_sdt=1,5&sciodt=1,5&as_vis=1", "authors": "V Miller, E Oldfield, M Bulmer - \u2026  on Science and \u2026", "excerpt": "Abstract First level Science students are faced with a bewildering array of courses at university, many of them with densely structured, modular, and multi-streamed curricula. While such curricula are designed to give students the advantage of studying a large  ...", "url_pdf": null, "num_citations": 23, "cluster_id": "9055978458101900086", "year": "2012", "url_citations": "http://scholar.google.com/scholar?cites=9055978458101900086&as_sdt=2005&sciodt=1,5&hl=en"}, {"num_versions": 0, "url_citation": null, "title": "Learner'S Perspective of Skill Based Training Programs E Learning Environment: A Pilot Study", "url": "http://eprints.manipal.edu/142373/", "url_versions": null, "authors": "MI Nazir, RV Pujeri - Global Journal of Advanced Engineering  \u2026", "excerpt": "Skill-based training programs are more focused for a level of expertise at the end of the course or certifications. There are many manufacturing industries initiating certification, training programs, crash courses, but how far these are mature enough to provide  ...", "url_pdf": null, "num_citations": 0, "cluster_id": null, "year": "2014", "url_citations": null}, {"num_versions": 0, "url_citation": null, "title": "Statistics\u2014worse than a poke in the eye?", "url": "http://openjournals.library.usyd.edu.au/index.php/IISME/article/view/6494", "url_versions": null, "authors": "P Petocz, A Reid - Proceedings of The Australian  \u2026", "excerpt": "Abstract The majority of students studying statistics are not majoring in that subject: they are taking a service course in statistics as part of their studies in another discipline to prepare themselves for a career where statistics will be a professional component tool. Many of  ...", "url_pdf": null, "num_citations": 6, "cluster_id": "18154993115829231604", "year": "2012", "url_citations": "http://scholar.google.com/scholar?cites=18154993115829231604&as_sdt=2005&sciodt=1,5&hl=en"}, {"num_versions": 2, "url_citation": null, "title": "A novel, online, interactive, problem-based approach to learning oncology", "url": "http://openjournals.library.usyd.edu.au/index.php/IISME/article/view/6488", "url_versions": "http://scholar.google.com/scholar?cluster=12963893406758325584&hl=en&as_sdt=1,5&sciodt=1,5&as_vis=1", "authors": "LC Batmanian - Proceedings of The Australian  \u2026", "excerpt": "Abstract Higher education is undergoing major changes in the development and delivery of courses. An example is the introduction of online approaches to teaching and learning in the form of WebCT, The University of Sydney's official delivery tool. This paper describes  ...", "url_pdf": null, "num_citations": 2, "cluster_id": "12963893406758325584", "year": "2012", "url_citations": "http://scholar.google.com/scholar?cites=12963893406758325584&as_sdt=2005&sciodt=1,5&hl=en"}, {"num_versions": 2, "url_citation": null, "title": "Wholly online learning in environmental science", "url": "http://dro.deakin.edu.au/view/DU:30007200", "url_versions": "http://scholar.google.com/scholar?cluster=12854943724674933618&hl=en&as_sdt=1,5&sciodt=1,5&as_vis=1", "authors": "K Miller - International journal of learning", "excerpt": "In recent years there has been a significant shift in the way courses and subjects are delivered to students in tertiary institutions. Advances in technology have resulted in a change to the traditional face-to-face lecture and tutorial teaching format, with many  ...", "url_pdf": null, "num_citations": 2, "cluster_id": "12854943724674933618", "year": "2007", "url_citations": "http://scholar.google.com/scholar?cites=12854943724674933618&as_sdt=2005&sciodt=1,5&hl=en"}]