[{"num_versions": 4, "url_citation": null, "title": "El papel y el impacto del tutor en el aprendizaje basado en problemas: una revisi\u00f3n de la evidencia emp\u00edrica", "url": "http://www.raco.cat/index.php/Observar/article/view/263879", "url_versions": "http://scholar.google.com/scholar?cluster=13354677079288685304&hl=en&as_sdt=1,5&sciodt=1,5&as_vis=1", "authors": "GA Gallego - Observar", "excerpt": "Resum Este art\u00edculo pretende estudiar el impacto del tutor de ABP en los aprendizajes de los estudiantes de educaci\u00f3n superior mediante la revisi\u00f3n de los estudios empr\u00edricos publicados. El an\u00e1lisis se desarrolla sobre tres ejes\u2014el rendimiento de los grupos de  ...", "url_pdf": null, "num_citations": 5, "cluster_id": "13354677079288685304", "year": "2012", "url_citations": "http://scholar.google.com/scholar?cites=13354677079288685304&as_sdt=2005&sciodt=1,5&hl=en"}, {"num_versions": 3, "url_citation": null, "title": "\u201c\u95ee\u9898\u5f0f\u5b66\u4e60\u201d \u7684\u539f\u7406\u53ca\u5176\u5728\u6559\u80b2\u5b9e\u8df5\u4e2d\u5b58\u5728\u7684\u95ee\u9898", "url": "http://www.cqvip.com/qk/89445x/201108/38547738.html", "url_versions": "http://scholar.google.com/scholar?cluster=6666221596767210726&hl=en&as_sdt=1,5&sciodt=1,5&as_vis=1", "authors": "\u595a\u6b63\u5fb7\uff0c \u5e2d\u6654\u658c\uff0c \u848b\u9ece\u534e\uff0c \u845b\u6d77\u826f - \u5f53\u4ee3\u6559\u80b2\u7406\u8bba\u4e0e\u5b9e\u8df5", "excerpt": "\u95ee\u9898\u5f0f\u5b66\u4e60(Problem\u2014basedlearning, PBL) \u53c8\u79f0\u201c\u57fa\u4e8e\u95ee\u9898\u7684\u5b66\u4e60\u201d, \u5728\u9ad8\u7b49\u6559\u80b2\u5b9e\u8df5\u4e2d\u88ab\u5e7f\u6cdb\u91c7\u7528. \u76ee\u524d\u7684\u8bb8\u591a\u8bc1\u636e\u8868\u660e\u5b66\u751f\u548c\u6559\u5458\u5bf9\u8fd9\u79cd\u6559\u80b2\u65b9\u6cd5\u90fd\u975e\u5e38\u6ee1\u610f. \u7136\u800c, \u5728\u6559\u80b2\u5b9e\u8df5\u4e2d\u4ecd\u7136\u7ecf\u5e38\u4f1a\u9047\u5230\u4e00\u4e9b\u95ee\u9898, \u8bf8\u5982\u5bfc\u5e08\u8fc7\u5ea6\u6307\u5bfc, \u95ee\u9898\u8fc7\u4e8e\u7ed3\u6784\u5316\u4ee5\u53ca\u5b66\u4e60\u5c0f\u7ec4\u5931\u53bb\u529f\u80fd, \u7b49\u7b49. \u4e3a\u4e86\u4f7f ...", "url_pdf": null, "num_citations": 1, "cluster_id": "6666221596767210726", "year": "2011", "url_citations": "http://scholar.google.com/scholar?cites=6666221596767210726&as_sdt=2005&sciodt=1,5&hl=en"}, {"num_versions": 2, "url_citation": null, "title": "La regulaci\u00f3 del treball en equip en el curr\u00edculum d\u00b4 ABP. Un estudi qualitatiu en el context universitari de les arts", "url": "http://www.raco.cat/index.php/Observar/article/view/275084", "url_versions": "http://scholar.google.com/scholar?cluster=17575458183761924304&hl=en&as_sdt=1,5&sciodt=1,5&as_vis=1", "authors": "GA Gallego - Observar", "excerpt": "Resum Larticle presenta una experi\u00e8ncia dAprenentatge Basat en Problemes (ABP) que lObservatori sobre la Did\u00e0ctica de les Arts (ODAS) va posar en marxa durant el curs acad\u00e8mic 2009-2010 a la Facultat de Belles Arts de la Universitat de Barcelona. Lestudi  ...", "url_pdf": null, "num_citations": 0, "cluster_id": null, "year": "2013", "url_citations": null}, {"num_versions": 8, "url_citation": null, "title": "Asian medical students: quality of life and motivation to learn", "url": "http://link.springer.com/article/10.1007/s12564-011-9148-y", "url_versions": "http://scholar.google.com/scholar?cluster=6444224064348111411&hl=en&as_sdt=1,5&sciodt=1,5&as_vis=1", "authors": "MA Henning, SJ Hawken, C Kr\u00e4geloh, Y Zhao\u2026 - Asia Pacific Education  \u2026", "excerpt": "Abstract Issues linked with the notions of quality of life (QOL) and motivation to learn among Asian medical students have not been well documented. This is true in both the international and the New Zealand contexts. Our paper addresses this lack of research by focusing on  ...", "url_pdf": null, "num_citations": 10, "cluster_id": "6444224064348111411", "year": "2011", "url_citations": "http://scholar.google.com/scholar?cites=6444224064348111411&as_sdt=2005&sciodt=1,5&hl=en"}, {"num_versions": 2, "url_citation": null, "title": "Problem-Based Learning to Foster Deep Learning in Preservice Geography Teacher Education", "url": "http://www.tandfonline.com/doi/abs/10.1080/00221341.2014.894110", "url_versions": "http://scholar.google.com/scholar?cluster=18002255692543022663&hl=en&as_sdt=1,5&sciodt=1,5&as_vis=1", "authors": "A Golightly, S Raath - Journal of Geography", "excerpt": "Abstract In South Africa, geography education students' approach to deep learning has received little attention. Therefore the purpose of this one-shot experimental case study was to evaluate the extent to which first-year geography education students used deep or  ...", "url_pdf": null, "num_citations": 1, "cluster_id": "18002255692543022663", "year": "2015", "url_citations": "http://scholar.google.com/scholar?cites=18002255692543022663&as_sdt=2005&sciodt=1,5&hl=en"}, {"num_versions": 6, "url_citation": null, "title": "El problema de salud y su expresi\u00f3n docente como herramienta did\u00e1ctica integradora para un dise\u00f1o curricular", "url": "http://scielo.sld.cu/scielo.php?script=sci_arttext&pid=S0864-21412013000300015", "url_versions": "http://scholar.google.com/scholar?cluster=3787327409203550259&hl=en&as_sdt=1,5&sciodt=1,5&as_vis=1", "authors": "M Gar\u00ed Calzada, N Rivera Michelena\u2026 - Educaci\u00f3n M\u00e9dica  \u2026", "excerpt": "The present paper organized information that supports problem based learning as an educational strategy of choice whenever integration and curricular contextualization are required to develop a doctor that should be a communicator, able to work in teams and  ...", "url_pdf": null, "num_citations": 3, "cluster_id": "3787327409203550259", "year": "2013", "url_citations": "http://scholar.google.com/scholar?cites=3787327409203550259&as_sdt=2005&sciodt=1,5&hl=en"}, {"num_versions": 3, "url_citation": null, "title": "Beliefs, Behaviours, and Professional Development of Tutors in Problem-Based Learning", "url": "http://repub.eur.nl/pub/31100/", "url_versions": "http://scholar.google.com/scholar?cluster=3052581073446225135&hl=en&as_sdt=1,5&sciodt=1,5&as_vis=1", "authors": "J Williams -", "excerpt": "Abstract The goal of this study was to determine the teaching perspectives of 73 new tutors in a problembased learning setting, to map their development through their first 18 months, and to measure the alignment between their perspectives and those of an effective tutor  ...", "url_pdf": null, "num_citations": 1, "cluster_id": "3052581073446225135", "year": "2012", "url_citations": "http://scholar.google.com/scholar?cites=3052581073446225135&as_sdt=2005&sciodt=1,5&hl=en"}, {"num_versions": 7, "url_citation": null, "title": "Challenges of project-based learning towards requirement engineering", "url": "http://citeseerx.ist.psu.edu/viewdoc/download?doi=10.1.1.258.8792&rep=rep1&type=pdf", "url_versions": "http://scholar.google.com/scholar?cluster=17393504015888394896&hl=en&as_sdt=1,5&sciodt=1,5&as_vis=1", "authors": "NAA Jamaludin, S Sahibuddin, NH Hidayat - The 10th WSEAS  \u2026", "excerpt": "ABSTRACT Higher Learning Education (HLE) fails to deliver undergraduates with employability skills that expert in Requirement Engineering. The objective of this research is to identify challenges in the current practice of teaching Software Engineering at the  ...", "url_pdf": null, "num_citations": 7, "cluster_id": "17393504015888394896", "year": "2011", "url_citations": "http://scholar.google.com/scholar?cites=17393504015888394896&as_sdt=2005&sciodt=1,5&hl=en"}, {"num_versions": 3, "url_citation": null, "title": "\u4ee5\u95ee\u9898\u4e3a\u57fa\u7840\u7684\u5b66\u4e60\u65b9\u6cd5\u5728\u4e03\u5e74\u5236\u547c\u5438\u5185\u79d1\u6559\u5b66\u4e2d\u7684\u5e94\u7528", "url": "http://www.cqvip.com/qk/88909x/201103/36444706.html", "url_versions": "http://scholar.google.com/scholar?cluster=7936277861033252930&hl=en&as_sdt=1,5&sciodt=1,5&as_vis=1", "authors": "\u738b\u79cb\u6708\uff0c \u6e29\u534e\uff0c \u8d75\u4e9a\u6ee8\uff0c \u5b54\u7075\u83f2\uff0c \u674e\u5c14\u7136\uff0c \u8d75\u6d2a\u6587\uff0c \u5eb7\u5065 - \u4e2d\u56fd\u5f53\u4ee3\u533b\u836f", "excerpt": "\u76ee\u7684: \u63a2\u8ba8\u4ee5\u95ee\u9898\u4e3a\u57fa\u7840\u7684\u5b66\u4e60(PBL) \u6559\u5b66\u65b9\u6cd5\u5728\u4e03\u5e74\u5236\u533b\u5b66\u751f\u547c\u5438\u5185\u79d1\u6559\u5b66\u4e2d\u7684\u5e94\u7528\u6548\u679c. \u65b9\u6cd5: 60 \u540d\u5b66\u751f\u968f\u673a\u5206\u4e3a\u5b9e\u9a8c\u7ec4\u548c\u5bf9\u7167\u7ec4, \u6bcf\u7ec430 \u540d, \u5b9e\u9a8c\u7ec4\u91c7\u7528PBL \u6559\u5b66\u65b9\u6cd5, \u5bf9\u7167\u7ec4\u91c7\u7528\u6559\u5e08\u8bb2\u6388\u4e3a\u4e3b\u7684\u4f20\u7edf\u6559\u5b66\u65b9\u6cd5, \u4e24\u7ec4\u6388\u8bfe\u6559\u5e08, \u9009\u7528\u6559\u6750, \u5b66\u65f6\u6570, \u95ee\u5377\u8c03\u67e5\u53ca\u671f\u672b ...", "url_pdf": null, "num_citations": 5, "cluster_id": "7936277861033252930", "year": "2011", "url_citations": "http://scholar.google.com/scholar?cites=7936277861033252930&as_sdt=2005&sciodt=1,5&hl=en"}, {"num_versions": 5, "url_citation": null, "title": "How do tutors intervene when conflicts on knowledge arise in tutorial groups?", "url": "http://link.springer.com/article/10.1007/s10459-013-9473-5", "url_versions": "http://scholar.google.com/scholar?cluster=2362188570777074745&hl=en&as_sdt=1,5&sciodt=1,5&as_vis=1", "authors": "M Aarnio, S Lindblom-Yl\u00e4nne, J Nieminen\u2026 - Advances in Health  \u2026", "excerpt": "Abstract Recent research on problem-based learning (PBL) has shown that students need support when dealing with conflicting ideas in PBL-tutorial discussions. In the present study, we examined tutor facilitation during tutorial discussions, and particularly how the  ...", "url_pdf": null, "num_citations": 5, "cluster_id": "2362188570777074745", "year": "2014", "url_citations": "http://scholar.google.com/scholar?cites=2362188570777074745&as_sdt=2005&sciodt=1,5&hl=en"}, {"num_versions": 2, "url_citation": null, "title": "\u4ee5\u6848\u4f8b\u5f15\u5bfc\u5f0f\u6559\u5b66\u5728\u5185\u7ecf\u8bfe\u7a0b\u4e2d\u7684\u5b9e\u8df5", "url": "http://www.cqvip.com/qk/96365x/201105/37820135.html", "url_versions": "http://scholar.google.com/scholar?cluster=12165979028958864275&hl=en&as_sdt=1,5&sciodt=1,5&as_vis=1", "authors": "\u859b\u8f89\uff0c \u5468\u56fd\u742a\uff0c \u9648\u6b63\uff0c \u738b\u5e86\u5176\uff0c \u9648\u6653\uff0c \u90b9\u7eaf\u6734\uff0c \u674e\u6d77\u5cf0\u2026 - \u4e2d\u56fd\u9ad8\u7b49\u533b\u5b66 \u2026", "excerpt": "\u5728\u5185\u7ecf\u8bfe\u7a0b\u8fd0\u7528\u6848\u4f8b\u5f15\u5bfc\u5f0f\u7684\u6559\u5b66\u65b9\u6cd5, \u53ef\u4ee5\u57f9\u517b\u5b66\u751f\u5c06\u300a \u5185\u7ecf\u300b \u7406\u8bba\u8fd0\u7528\u4e8e\u73b0\u4ee3\u4e34\u5e8a\u7684\u601d\u7ef4. \u4ece\u6559\u5b66\u65b9\u6cd5\u8bbe\u8ba1, \u6559\u5b66\u5b9e\u8df5\u8fc7\u7a0b, \u7ed3\u679c\u8bc4\u4ef7\u53ca\u8ba8\u8bba\u7b49\u65b9\u9762\u5206\u6790\u5728\u4e2d\u533b\u7ecf\u5178\u8bfe\u7a0b\u4e2d\u5f15\u5165\u6848\u4f8b\u5f15\u5bfc\u5f0f\u6559\u5b66\u6a21\u5f0f\u7684\u4f18\u8d8a\u6027\u548c\u53ef\u884c\u6027, \u7ed3\u5408\u300a \u7d20\u95ee\u00b7 \u75ff\u8bba\u300b,\u300a \u7d20\u95ee\u00b7 \u523a\u8170\u75db\u300b \u7b49\u7bc7\u76f8\u5173\u7406\u8bba, \u4ece\u751f\u6d3b\u73af\u5883,  ...", "url_pdf": null, "num_citations": 2, "cluster_id": "12165979028958864275", "year": "2011", "url_citations": "http://scholar.google.com/scholar?cites=12165979028958864275&as_sdt=2005&sciodt=1,5&hl=en"}, {"num_versions": 5, "url_citation": null, "title": "Notice of Retraction Problem-Based Learning of Cardiovascular Physiology in Basic Medical Curriculums", "url": "http://ieeexplore.ieee.org/xpls/abs_all.jsp?arnumber=5458562", "url_versions": "http://scholar.google.com/scholar?cluster=7741183640144756815&hl=en&as_sdt=1,5&sciodt=1,5&as_vis=1", "authors": "M Xia, Y Huang, C Liu, R Chai - Education Technology and  \u2026", "excerpt": "Abstract\u2014Problem-based learning (PBL) is a student-centered and self-directed teaching approach. Compared with the traditional teaching approaches, PBL breaks the traditional discipline-based boundaries of basic medical sciences, inspires the stedents' activity,  ...", "url_pdf": null, "num_citations": 3, "cluster_id": "7741183640144756815", "year": "2010", "url_citations": "http://scholar.google.com/scholar?cites=7741183640144756815&as_sdt=2005&sciodt=1,5&hl=en"}, {"num_versions": 0, "url_citation": null, "title": "EFFECT OF PROBLEM-BASED LEARNING ON UNDERGRADUATE NURSING STUDENTS ENROLLED IN NURSING ADMINISTRATION COURSE.", "url": "http://search.ebscohost.com/login.aspx?direct=true&profile=ehost&scope=site&authtype=crawler&jrnl=20754124&AN=59737690&h=vusp1416tH%2F3CPjJCLmRrktyRc73jHzUFo9HAX01t3O7VA6ttomB7a8EW8UTaq6Ode29gkVUySTduaI6BjRdnA%3D%3D&crl=c", "url_versions": null, "authors": "H Gabr, N Mohamed - International Journal of Academic  \u2026", "excerpt": "Abstract Background: Today's, Performance of nursing requires a cognitive ability that includes problem solving, decision-making, and clinical judgment. Problem-based learning (PBL) is a student-centered instructional strategy in which students collaboratively solve  ...", "url_pdf": null, "num_citations": 21, "cluster_id": "9968861601979407764", "year": "2011", "url_citations": "http://scholar.google.com/scholar?cites=9968861601979407764&as_sdt=2005&sciodt=1,5&hl=en"}, {"num_versions": 4, "url_citation": null, "title": "How experienced tutors facilitate tutorial dynamics in PBL groups", "url": "http://www.tandfonline.com/doi/abs/10.3109/0142159X.2012.714883", "url_versions": "http://scholar.google.com/scholar?cluster=8977967012607007974&hl=en&as_sdt=1,5&sciodt=1,5&as_vis=1", "authors": "GH Lee, CS Lin, YH Lin - Medical teacher", "excerpt": "Background: Problem-based learning (PBL) tutorial are conducted in small groups, and successful learning in such groups requires good group facilitating skills. There is a lack of research on actual skills employed by tutors in facilitating the group dynamics. Aim: To  ...", "url_pdf": null, "num_citations": 5, "cluster_id": "8977967012607007974", "year": "2013", "url_citations": "http://scholar.google.com/scholar?cites=8977967012607007974&as_sdt=2005&sciodt=1,5&hl=en"}, {"num_versions": 3, "url_citation": null, "title": "Student's Voice in Problem-based learning: Personal experiences, thoughts and feelings", "url": "http://www.tandfonline.com/doi/abs/10.1080/10963758.2011.10697004", "url_versions": "http://scholar.google.com/scholar?cluster=10807778969399802487&hl=en&as_sdt=1,5&sciodt=1,5&as_vis=1", "authors": "MR Boer, H Otting - Journal of Hospitality & Tourism Education", "excerpt": "Abstract Studying in a problem-based learning (PBL) higher education program is quite different from the mainstream didactic approaches in many secondary education schools. Enrolling students encounter difficulties in the transition from secondary education to  ...", "url_pdf": null, "num_citations": 6, "cluster_id": "10807778969399802487", "year": "2011", "url_citations": "http://scholar.google.com/scholar?cites=10807778969399802487&as_sdt=2005&sciodt=1,5&hl=en"}, {"num_versions": 8, "url_citation": null, "title": "Problem-based learning for design and engineering activities in virtual worlds", "url": "http://www.mitpressjournals.org/doi/abs/10.1162/PRES_a_00117", "url_versions": "http://scholar.google.com/scholar?cluster=1157034816507809399&hl=en&as_sdt=1,5&sciodt=1,5&as_vis=1", "authors": "S Vosinakis, P Koutsabasis - Presence: Teleoperators and Virtual  \u2026", "excerpt": "Abstract There are a growing number of problem-based learning (PBL) studies in virtual worlds (VWs); however, the suitability of these approaches is still unknown for particular knowledge domains and in full-time courses. In this paper, we argue that VWs can support  ...", "url_pdf": null, "num_citations": 10, "cluster_id": "1157034816507809399", "year": "2012", "url_citations": "http://scholar.google.com/scholar?cites=1157034816507809399&as_sdt=2005&sciodt=1,5&hl=en"}, {"num_versions": 5, "url_citation": null, "title": "Nursing students evaluation of problem based learning and the impact of culture on the learning process and outcomes: A pilot project", "url": "http://www.sciencedirect.com/science/article/pii/S1471595313001327", "url_versions": "http://scholar.google.com/scholar?cluster=5918414084158114868&hl=en&as_sdt=1,5&sciodt=1,5&as_vis=1", "authors": "MI Al-Kloub, TN Salameh, ES Froelicher - Nurse education in practice", "excerpt": "Methods A mixed-methods approach combining quantitative and qualitative methods was utilized to answer the research objectives. An observational technique for the PBL teaching sessions was employed; and 226 third-year students were asked to complete PBL  ...", "url_pdf": null, "num_citations": 3, "cluster_id": "5918414084158114868", "year": "2014", "url_citations": "http://scholar.google.com/scholar?cites=5918414084158114868&as_sdt=2005&sciodt=1,5&hl=en"}, {"num_versions": 2, "url_citation": null, "title": "A comparative study on first-time and experienced project-based learning students in an engineering design module", "url": "http://www.tandfonline.com/doi/abs/10.1080/03043797.2014.895704", "url_versions": "http://scholar.google.com/scholar?cluster=3671881292589823367&hl=en&as_sdt=1,5&sciodt=1,5&as_vis=1", "authors": "KJ Chua - European Journal of Engineering Education", "excerpt": "This study aims to compare and evaluate the learning ability and performance differences between two groups of students undergoing project-based learning (PjBL), with one group having prior PjBL experience, while the other group is being freshly exposed to PjBL.  ...", "url_pdf": null, "num_citations": 2, "cluster_id": "3671881292589823367", "year": "2014", "url_citations": "http://scholar.google.com/scholar?cites=3671881292589823367&as_sdt=2005&sciodt=1,5&hl=en"}, {"num_versions": 3, "url_citation": null, "title": "\u836f\u7406\u5b9e\u9a8c\u65b9\u6cd5\u5b66\u6559\u5b66\u7684\u5b9e\u8df5\u4e0e\u4f53\u4f1a", "url": "http://www.cqvip.com/qk/80973x/200905/31802985.html", "url_versions": "http://scholar.google.com/scholar?cluster=8841619368265231527&hl=en&as_sdt=1,5&sciodt=1,5&as_vis=1", "authors": "\u5b59\u59a9\u5f0b\uff0c \u9b4f\u4f1f - \u5c71\u897f\u533b\u79d1\u5927\u5b66\u5b66\u62a5: \u57fa\u7840\u533b\u5b66\u6559\u80b2\u7248", "excerpt": "\u836f\u7406\u5b9e\u9a8c\u65b9\u6cd5\u5b66\u7684\u5b66\u4e60\u76ee\u7684\u4e3b\u8981\u662f\u4e3a\u4e86\u4f7f\u5b66\u751f\u8f83\u5168\u9762, \u8f83\u7cfb\u7edf\u5730\u4e86\u89e3\u73b0\u4ee3\u836f\u7406\u5b66\u7814\u7a76\u6240\u5fc5\u987b\u7684\u57fa\u7840\u7406\u8bba\u4e0e\u5b9e\u8df5\u77e5\u8bc6, \u4e3a\u4eca\u540e\u79d1\u5b66\u7814\u7a76\u53ca\u65b0\u836f\u7814\u5236\u5de5\u4f5c\u5960\u5b9a\u57fa\u7840. \u5728\u6559\u5b66\u8fc7\u7a0b\u4e2d\u5e94\u7279\u522b\u6ce8\u91cd\u5bf9\u5b66\u751f\u521b\u65b0\u601d\u7ef4, \u7efc\u5408\u79d1\u7814\u80fd\u529b\u7684\u57f9\u517b, \u5e76\u6709\u6548\u5229\u7528\u73b0\u4ee3\u5316\u6559\u5b66\u624b\u6bb5\u63d0\u9ad8\u6559\u5b66\u6548\u7387, \u540c\u65f6\u6ce8\u91cd\u52a0\u5f3a ...", "url_pdf": null, "num_citations": 3, "cluster_id": "8841619368265231527", "year": "2009", "url_citations": "http://scholar.google.com/scholar?cites=8841619368265231527&as_sdt=2005&sciodt=1,5&hl=en"}, {"num_versions": 8, "url_citation": null, "title": "Learning outcomes and tutoring in problem based-learning: how do undergraduate medical students perceive them?", "url": "http://www.ncbi.nlm.nih.gov/pmc/articles/PMC4166984/", "url_versions": "http://scholar.google.com/scholar?cluster=15299891123624299153&hl=en&as_sdt=1,5&sciodt=1,5&as_vis=1", "authors": "AI AlHaqwi - International journal of health sciences", "excerpt": "Objectives To explore opinions of undergraduate medical students regarding learning outcomes of the instructional strategy of Problem Based Learning (PBL). In addition their views were sought about the role of tutors and qualities of effective tutors. Method This  ...", "url_pdf": null, "num_citations": 3, "cluster_id": "15299891123624299153", "year": "2014", "url_citations": "http://scholar.google.com/scholar?cites=15299891123624299153&as_sdt=2005&sciodt=1,5&hl=en"}, {"num_versions": 13, "url_citation": null, "title": "Are tutor behaviors in problem-based learning stable? A generalizability study of social congruence, expertise and cognitive congruence", "url": "http://link.springer.com/article/10.1007/s10459-011-9295-2", "url_versions": "http://scholar.google.com/scholar?cluster=13521733311375153586&hl=en&as_sdt=1,5&sciodt=1,5&as_vis=1", "authors": "JC Williams, WAM Alwis, JI Rotgans - Advances in health sciences  \u2026", "excerpt": "Abstract The purpose of this study was to investigate the stability of three distinct tutor behaviors (1) use of subject-matter expertise,(2) social congruence and (3) cognitive congruence, in a problem-based learning (PBL) environment. The data comprised the  ...", "url_pdf": null, "num_citations": 7, "cluster_id": "13521733311375153586", "year": "2011", "url_citations": "http://scholar.google.com/scholar?cites=13521733311375153586&as_sdt=2005&sciodt=1,5&hl=en"}]