[{"num_versions": 5, "url_citation": null, "title": "To the point: reviews in medical education\u2014the Objective Structured Clinical Examination", "url": "http://www.sciencedirect.com/science/article/pii/S0002937808020024", "url_versions": "http://scholar.google.com/scholar?cluster=17373299852530467834&hl=en&as_sdt=1,5&sciodt=1,5&as_vis=1", "authors": "PM Casey, AR Goepfert, EL Espey\u2026 - American journal of  \u2026", "excerpt": "This article, the eighth in the To the Point Series prepared by the Association of Professors of Gynecology and Obstetrics Undergraduate Medical Education Committee, discusses the effectiveness of the Objective Structured Clinical Examination (OSCE) for assessment of  ...", "url_pdf": null, "num_citations": 40, "cluster_id": "17373299852530467834", "year": "2009", "url_citations": "http://scholar.google.com/scholar?cites=17373299852530467834&as_sdt=2005&sciodt=1,5&hl=en"}, {"num_versions": 4, "url_citation": null, "title": "Experience may not be the best teacher Patient logs do not correlate with clerkship performance", "url": "http://www.neurology.org/content/72/8/699.short", "url_versions": "http://scholar.google.com/scholar?cluster=5347196881299615537&hl=en&as_sdt=1,5&sciodt=1,5&as_vis=1", "authors": "SN Poisson, DJ Gelb, MFS Oh, LD Gruppen - Neurology", "excerpt": "Background: With the recent emphasis on core competencies, medical schools and residency programs have attempted to monitor and regulate trainees' patient encounters. The educational validity of this practice is unknown. Our objective was to determine  ...", "url_pdf": null, "num_citations": 6, "cluster_id": "5347196881299615537", "year": "2009", "url_citations": "http://scholar.google.com/scholar?cites=5347196881299615537&as_sdt=2005&sciodt=1,5&hl=en"}, {"num_versions": 0, "url_citation": null, "title": "Intuition and metacognition in medical education: Keys to developing expertise", "url": "http://scholar.google.com/https://books.google.com/books?hl=en&lr=&id=Vb5bAAAAQBAJ&oi=fnd&pg=PR7&ots=YVT_PpneI2&sig=BCcd4l-lBc_EHor5dKZk2LSRi7w", "url_versions": null, "authors": "ME Quirk -", "excerpt": "From Mark Quirk, recipient of the 2006 Society of Teachers of Family Medicine's Excellence in Education award, comes the latest on improving medical education. In this volume, Quirk explores metacognition, the idea that we can think about the way we or other people think,  ...", "url_pdf": null, "num_citations": 81, "cluster_id": "2986447654680463985", "year": "2006", "url_citations": "http://scholar.google.com/scholar?cites=2986447654680463985&as_sdt=2005&sciodt=1,5&hl=en"}, {"num_versions": 4, "url_citation": null, "title": "Teaching in the new NHS: the specialised ward based teacher", "url": "http://onlinelibrary.wiley.com/doi/10.1046/j.1365-2923.2001.00936.x/pdf", "url_versions": "http://scholar.google.com/scholar?cluster=17223797721313026624&hl=en&as_sdt=1,5&sciodt=1,5&as_vis=1", "authors": "SM Kilminster, A Delmotte, H Frith, BC Jolly\u2026 - Medical  \u2026", "excerpt": "Objectives To evaluate the effects of introducing specialised ward based teachers (WBTs) who had a broad remit to improve third year medical undergraduates' clinical experience. Design Quantitative and qualitative methods including interviews with WBTs, participating  ...", "url_pdf": null, "num_citations": 26, "cluster_id": "17223797721313026624", "year": "2001", "url_citations": "http://scholar.google.com/scholar?cites=17223797721313026624&as_sdt=2005&sciodt=1,5&hl=en"}, {"num_versions": 6, "url_citation": null, "title": "The relationship between medical students' learning approaches and performance on a summative high-stakes clinical performance examination", "url": "http://www.tandfonline.com/doi/abs/10.3109/0142159X.2012.652995", "url_versions": "http://scholar.google.com/scholar?cluster=3801725623122639874&hl=en&as_sdt=1,5&sciodt=1,5&as_vis=1", "authors": "W May, EK Chung, D Elliott, D Fisher - Medical teacher", "excerpt": "Background: A learning approach embeds the intention of the student when starting a task and the learning processes and strategies used to carry out a task. Student approaches to learning have been categorized as deep, strategic, and surface. Aim: To explore the  ...", "url_pdf": null, "num_citations": 11, "cluster_id": "3801725623122639874", "year": "2012", "url_citations": "http://scholar.google.com/scholar?cites=3801725623122639874&as_sdt=2005&sciodt=1,5&hl=en"}, {"num_versions": 15, "url_citation": null, "title": "Cross-sectional evaluation of a longitudinal consultation skills course at a new UK medical school", "url": "http://www.biomedcentral.com/1472-6920/11/55/", "url_versions": "http://scholar.google.com/scholar?cluster=9915989330107424527&hl=en&as_sdt=1,5&sciodt=1,5&as_vis=1", "authors": "A Papageorgiou, S Miles, M Fromage\u2026 - BMC medical  \u2026", "excerpt": "Background Good communication is a crucial element of good clinical care, and it is important to provide appropriate consultation skills teaching in undergraduate medical training to ensure that doctors have the necessary skills to communicate effectively with  ...", "url_pdf": null, "num_citations": 4, "cluster_id": "9915989330107424527", "year": "2011", "url_citations": "http://scholar.google.com/scholar?cites=9915989330107424527&as_sdt=2005&sciodt=1,5&hl=en"}, {"num_versions": 3, "url_citation": null, "title": "Developing a successful nursing Objective Structured Clinical Examination.", "url": "http://europepmc.org/abstract/med/19954138", "url_versions": "http://scholar.google.com/scholar?cluster=1315196420992756344&hl=en&as_sdt=1,5&sciodt=1,5&as_vis=1", "authors": "P McWilliam, C Botwinski - The Journal of nursing education", "excerpt": "The evaluation of nursing students' clinical competencies is essential to the educational process. The Objective Structured Clinical Examination (OSCE) program was designed to assess students in a variety of health topics that may not be experienced during the  ...", "url_pdf": null, "num_citations": 40, "cluster_id": "1315196420992756344", "year": "2010", "url_citations": "http://scholar.google.com/scholar?cites=1315196420992756344&as_sdt=2005&sciodt=1,5&hl=en"}, {"num_versions": 3, "url_citation": null, "title": "\u773c\u79d1\u5b66\u5ba2\u89c2\u7ed3\u6784\u5316\u4e34\u5e8a\u8003\u8bd5\u5408\u7406\u6027\u548c\u6709\u6548\u6027\u7684\u521d\u6b65\u63a2\u7a76", "url": "http://www.zhyxjyzz.com/CN/article/downloadArticleFile.do?attachType=PDF&id=295", "url_versions": "http://scholar.google.com/scholar?cluster=17231747854625994028&hl=en&as_sdt=1,5&sciodt=1,5&as_vis=1", "authors": "\u674e\u5b66\u6c11\uff0c \u5218\u5b50\u6e90\uff0c \u738b\u8587 - \u4e2d\u534e\u533b\u5b66\u6559\u80b2\u6742\u5fd7", "excerpt": "[\u6458\u8981] \u9009\u62e9\u5728\u5317\u4eac\u5927\u5b66\u7b2c\u4e09\u533b\u9662\u773c\u79d1\u5b9e\u4e60\u76842002 \u7ea7\u548c2003 \u7ea7\u516b\u5e74\u5236\u4e34\u5e8a\u533b\u5b66\u4e13\u4e1a95 \u540d\u5b66\u751f\u8fdb\u884c\u5ba2\u89c2\u7ed3\u6784\u5316\u4e34\u5e8a\u8003\u8bd5, \u5e76\u5728\u8003\u8bd5\u540e\u8fdb\u884c\u95ee\u5377\u8c03\u67e5, \u6bd4\u8f83\u5ba2\u89c2\u7ed3\u6784\u5316\u4e34\u5e8a\u8003\u8bd5\u548c\u4f20\u7edf\u7b14\u8bd5\u5bf9\u5b66\u751f\u5b66\u4e60, \u751f\u6d3b, \u5fc3\u7406\u72b6\u6001\u7b49\u65b9\u9762\u7684\u5f71\u54cd. \u8c03\u67e5\u7ed3\u679c\u8868\u660e, \u5ba2\u89c2\u7ed3\u6784\u5316\u4e34\u5e8a\u8003\u8bd5\u53ef\u4ee5\u4f18\u5316 ...", "url_pdf": null, "num_citations": 1, "cluster_id": "17231747854625994028", "year": "2011", "url_citations": "http://scholar.google.com/scholar?cites=17231747854625994028&as_sdt=2005&sciodt=1,5&hl=en"}, {"num_versions": 6, "url_citation": null, "title": "Influence of study approaches on academic outcomes during pre-clinical medical education", "url": "http://www.tandfonline.com/doi/abs/10.3109/0142159X.2011.610843", "url_versions": "http://scholar.google.com/scholar?cluster=10430776555531115918&hl=en&as_sdt=1,5&sciodt=1,5&as_vis=1", "authors": "PJ Ward - Medical teacher", "excerpt": "Background: Different approaches to study lead to differing academic outcomes. Deep and strategic approaches have been linked to academic success while surface approaches lead to poorer understandings. Aims: This study sought to characterize how the approaches to  ...", "url_pdf": null, "num_citations": 5, "cluster_id": "10430776555531115918", "year": "2011", "url_citations": "http://scholar.google.com/scholar?cites=10430776555531115918&as_sdt=2005&sciodt=1,5&hl=en"}, {"num_versions": 6, "url_citation": null, "title": "Dietetic students' performance of activities in an objective structured clinical examination", "url": "http://onlinelibrary.wiley.com/doi/10.1111/j.1365-277X.2010.01076.x/full", "url_versions": "http://scholar.google.com/scholar?cluster=9463729782650725425&hl=en&as_sdt=1,5&sciodt=1,5&as_vis=1", "authors": "L Lambert, DJ Pattison\u2026 - Journal of human nutrition  \u2026", "excerpt": "Background: Objective structured clinical examinations (OSCEs) have been used to assess the key clinical skills of many health professions; however, this form of assessment is not reported to have been used extensively for dietetic students. The present study explored  ...", "url_pdf": null, "num_citations": 6, "cluster_id": "9463729782650725425", "year": "2010", "url_citations": "http://scholar.google.com/scholar?cites=9463729782650725425&as_sdt=2005&sciodt=1,5&hl=en"}, {"num_versions": 4, "url_citation": null, "title": "Relationship between clinical experiences and internal medicine clerkship performance", "url": "http://onlinelibrary.wiley.com/doi/10.1111/j.1365-2923.2012.04283.x/full", "url_versions": "http://scholar.google.com/scholar?cluster=5944859876838439435&hl=en&as_sdt=1,5&sciodt=1,5&as_vis=1", "authors": "T Dong, AR Artino, SJ Durning, GD Denton - Medical education", "excerpt": "Objectives This study was conducted to assess the associations between several clerkship process measures and students' clinical and examination performance in an internal medicine clerkship. Methods We collected data from the internal medicine clerkship at one  ...", "url_pdf": null, "num_citations": 4, "cluster_id": "5944859876838439435", "year": "2012", "url_citations": "http://scholar.google.com/scholar?cites=5944859876838439435&as_sdt=2005&sciodt=1,5&hl=en"}, {"num_versions": 10, "url_citation": null, "title": "Who determines the patient mix of GP trainees? The role of the receptionist", "url": "http://fampra.oxfordjournals.org/content/28/3/287.short", "url_versions": "http://scholar.google.com/scholar?cluster=2831181177216796844&hl=en&as_sdt=1,5&sciodt=1,5&as_vis=1", "authors": "J de Jong, MRM Visser, M Wieringa-de Waard - Family practice", "excerpt": "Background. During their specialty training, Dutch GP trainees work at a GP under the supervision of a GP trainer. Research suggests that the patient mix of GP trainees differs from that of their trainers. Receptionists assign patients to either the trainee or the trainer,  ...", "url_pdf": null, "num_citations": 7, "cluster_id": "2831181177216796844", "year": "2011", "url_citations": "http://scholar.google.com/scholar?cites=2831181177216796844&as_sdt=2005&sciodt=1,5&hl=en"}, {"num_versions": 3, "url_citation": null, "title": "First year medical students' approaches to study and their outcomes in a gross anatomy course", "url": "http://onlinelibrary.wiley.com/doi/10.1002/ca.21071/full", "url_versions": "http://scholar.google.com/scholar?cluster=6248228418588119836&hl=en&as_sdt=1,5&sciodt=1,5&as_vis=1", "authors": "PJ Ward - Clinical Anatomy", "excerpt": "Abstract Three approaches to study have been described in phenomenographic educational research: deep, strategic, and surface. Deep approaches to learning have been correlated with meaningful learning and academic success, whereas surface approaches produce  ...", "url_pdf": null, "num_citations": 32, "cluster_id": "6248228418588119836", "year": "2011", "url_citations": "http://scholar.google.com/scholar?cites=6248228418588119836&as_sdt=2005&sciodt=1,5&hl=en"}, {"num_versions": 9, "url_citation": null, "title": "Identifying strengths and weaknesses in the utilization of Objective Structured Clinical Examination (OSCE) in a nursing program", "url": "http://nlnjournals.org/doi/abs/10.5480/1536-5026-33.1.35", "url_versions": "http://scholar.google.com/scholar?cluster=8677687441251075899&hl=en&as_sdt=1,5&sciodt=1,5&as_vis=1", "authors": "PL McWILLIAM, CA Botwinski - Nursing education perspectives", "excerpt": "Abstract Objective Structured Clinical Examination (OSCE) is used in nursing to assess students' transfer of classroom and laboratory learning experiences into simulated clinical practice. OSCE is a performance-based exam in which students are observed  ...", "url_pdf": null, "num_citations": 24, "cluster_id": "8677687441251075899", "year": "2012", "url_citations": "http://scholar.google.com/scholar?cites=8677687441251075899&as_sdt=2005&sciodt=1,5&hl=en"}, {"num_versions": 5, "url_citation": null, "title": "Experiences from psychiatric rotation for pre\u2010registration house officers: contributions to subjective learning", "url": "http://onlinelibrary.wiley.com/doi/10.1046/j.1365-2923.2004.01796.x/full", "url_versions": "http://scholar.google.com/scholar?cluster=14099119749735213261&hl=en&as_sdt=1,5&sciodt=1,5&as_vis=1", "authors": "T S\u00f8rensen H\u00f8if\u00f8dt, H Sexton, R Olstad - Medical education", "excerpt": "Setting The clinical experience and the subjective learning of pre-registration house officers who completed 4 months' psychiatric rotation are described. Method The study was cross-sectional and based on self-report. The participants had responded to an anonymous  ...", "url_pdf": null, "num_citations": 5, "cluster_id": "14099119749735213261", "year": "2004", "url_citations": "http://scholar.google.com/scholar?cites=14099119749735213261&as_sdt=2005&sciodt=1,5&hl=en"}, {"num_versions": 0, "url_citation": null, "title": "The Evaluation of an interactive multimedia learning resource based on learning styles of first year occupational therapy students", "url": "http://www.repository.up.ac.za/handle/2263/33244", "url_versions": null, "authors": "EMP Rudman -", "excerpt": "The first year occupational therapy students at the University of Pretoria participated in this study to determine the impact of an interactive multimedia CD 'Basic Biomechanics for therapists' on learning measured as achievement. E-learning was employed in an effort to  ...", "url_pdf": null, "num_citations": 0, "cluster_id": null, "year": "2014", "url_citations": null}, {"num_versions": 6, "url_citation": null, "title": "Modelos de predicci\u00f3n del rendimiento acad\u00e9mico de los estudiantes de medicina en el ciclo b\u00e1sico y precl\u00ednico: Un estudio longitudinal", "url": "http://www.scielo.cl/scielo.php?pid=S0034-98872009001000003&script=sci_arttext", "url_versions": "http://scholar.google.com/scholar?cluster=2250586835579950284&hl=en&as_sdt=1,5&sciodt=1,5&as_vis=1", "authors": "D Z\u00fa\u00f1iga, B Mena, R Oliva, N Pedrals\u2026 - Revista m\u00e9dica de  \u2026", "excerpt": "Background: The study of predictors of academic performance is relevant for medical education. Most studies of academic performance use global ratings as outcome measure, and do not evaluate the influence of the assessment methods. Aim: To model by  ...", "url_pdf": null, "num_citations": 6, "cluster_id": "2250586835579950284", "year": "2009", "url_citations": "http://scholar.google.com/scholar?cites=2250586835579950284&as_sdt=2005&sciodt=1,5&hl=en"}, {"num_versions": 5, "url_citation": null, "title": "Self-perceived skills confidence: An investigative study of chiropractic students in the early phases of a college's clinic program", "url": "http://www.sciencedirect.com/science/article/pii/S0161475410000424", "url_versions": "http://scholar.google.com/scholar?cluster=5676448563465649214&hl=en&as_sdt=1,5&sciodt=1,5&as_vis=1", "authors": "DW Bisiacchi - Journal of manipulative and physiological therapeutics", "excerpt": "OBJECTIVE: This pilot study surveyed students at early stages of a chiropractic college's clinical curriculum, at the time when integration of patient evaluation and management begins to occur, for collecting data regarding perceived levels of confidence in their spinal  ...", "url_pdf": null, "num_citations": 2, "cluster_id": "5676448563465649214", "year": "2010", "url_citations": "http://scholar.google.com/scholar?cites=5676448563465649214&as_sdt=2005&sciodt=1,5&hl=en"}, {"num_versions": 5, "url_citation": null, "title": "Alligator attack: an illustration of the impact of early clinical exposure", "url": "http://onlinelibrary.wiley.com/doi/10.1046/j.1365-2923.2002.01388.x/full", "url_versions": "http://scholar.google.com/scholar?cluster=10540068629894231959&hl=en&as_sdt=1,5&sciodt=1,5&as_vis=1", "authors": "MC Gutierrez, RG Soto - Medical education", "excerpt": "Conclusion The clinical exposure of medical students is central to their development as clinicians. Keywords Education, medical, undergraduate\u2044* standards; clinical competence\u2044* standards; interprofessional relations; mentors\u2044 education.", "url_pdf": null, "num_citations": 5, "cluster_id": "10540068629894231959", "year": "2002", "url_citations": "http://scholar.google.com/scholar?cites=10540068629894231959&as_sdt=2005&sciodt=1,5&hl=en"}, {"num_versions": 5, "url_citation": null, "title": "Impact of assessments on learning and quality of life during anaesthesia training in Australia and New Zealand", "url": "http://search.proquest.com/openview/544ad2b2d6e47ff9190cfd0de94ec368/1?pq-origsite=gscholar", "url_versions": "http://scholar.google.com/scholar?cluster=16563536967520492050&hl=en&as_sdt=1,5&sciodt=1,5&as_vis=1", "authors": "JM Weller, M Henning - Anaesthesia and intensive care", "excerpt": "Abstract Assessments are a major factor in the life of anaesthesia trainees, and the impact of assessments on learning is widely acknowledged. Assessment format can have a significant impact on how trainees learn and the extent to which they reach the goals of the  ...", "url_pdf": null, "num_citations": 1, "cluster_id": "16563536967520492050", "year": "2011", "url_citations": "http://scholar.google.com/scholar?cites=16563536967520492050&as_sdt=2005&sciodt=1,5&hl=en"}, {"num_versions": 3, "url_citation": null, "title": "Learning styles of entry-level physiotherapy students", "url": "http://www.tandfonline.com/doi/abs/10.1080/14038190600700278", "url_versions": "http://scholar.google.com/scholar?cluster=15479529775463328909&hl=en&as_sdt=1,5&sciodt=1,5&as_vis=1", "authors": "H Mountford, S Jones, B Tucker - Advances in Physiotherapy", "excerpt": "This research was conducted to identify the learning styles of Australian physiotherapy students. The subject sample consisted of 206 students from the entry-level physiotherapy programs (Bachelor of Science [Physiotherapy] and Master of Physiotherapy) at Curtin  ...", "url_pdf": null, "num_citations": 11, "cluster_id": "15479529775463328909", "year": "2006", "url_citations": "http://scholar.google.com/scholar?cites=15479529775463328909&as_sdt=2005&sciodt=1,5&hl=en"}, {"num_versions": 3, "url_citation": null, "title": "Students Completing a Pediatric Clinical Clerkship in a Regional Center Perform as Well as Their Peers Training at a University Teaching Hospital\u2026 And They Liked It \u2026", "url": "http://www.tandfonline.com/doi/abs/10.1080/10401330903018500", "url_versions": "http://scholar.google.com/scholar?cluster=18430802128647246567&hl=en&as_sdt=1,5&sciodt=1,5&as_vis=1", "authors": "R Stein, I Johnston, S Bannister - Teaching and learning in  \u2026", "excerpt": "Background: Medical school size in Ontario is increasing. As some institutions cannot accommodate all medical students in the university-affiliated hospital, some students are completing the majority of their clinical rotations in a regional setting. Purpose: To  ...", "url_pdf": null, "num_citations": 2, "cluster_id": "18430802128647246567", "year": "2009", "url_citations": "http://scholar.google.com/scholar?cites=18430802128647246567&as_sdt=2005&sciodt=1,5&hl=en"}, {"num_versions": 6, "url_citation": null, "title": "Lost in translation: unfolding medical students' misconceptions of how to perform a clinical digital rectal examination", "url": "http://www.sciencedirect.com/science/article/pii/S0002961008008374", "url_versions": "http://scholar.google.com/scholar?cluster=792535805857231374&hl=en&as_sdt=1,5&sciodt=1,5&as_vis=1", "authors": "R Balkissoon, K Blossfield, L Salud, D Ford\u2026 - The American Journal of  \u2026", "excerpt": "BACKGROUND: Digital rectal examination (DRE) skills are difficult to teach and assess. This study sought to assess the construct validity of newly developed DRE simulators, which were then used to evaluate DRE palpation techniques and accuracy based on experience ...", "url_pdf": null, "num_citations": 25, "cluster_id": "792535805857231374", "year": "2009", "url_citations": "http://scholar.google.com/scholar?cites=792535805857231374&as_sdt=2005&sciodt=1,5&hl=en"}, {"num_versions": 8, "url_citation": null, "title": "Effect of multimedia information sequencing on educational outcome in orthodontic training", "url": "http://ejo.oxfordjournals.org/content/early/2011/07/06/ejo.cjr036.short", "url_versions": "http://scholar.google.com/scholar?cluster=10311270499113273322&hl=en&as_sdt=1,5&sciodt=1,5&as_vis=1", "authors": "M Aly, G Willems\u2026 - The European Journal  \u2026", "excerpt": "Abstract The aim of this research was to compare the effectiveness of hierarchical sequencing (HS) versus elaboration sequencing (ES) models in improving educational outcome of clinical knowledge when using instructional multimedia programs in  ...", "url_pdf": null, "num_citations": 1, "cluster_id": "10311270499113273322", "year": "2011", "url_citations": "http://scholar.google.com/scholar?cites=10311270499113273322&as_sdt=2005&sciodt=1,5&hl=en"}, {"num_versions": 8, "url_citation": null, "title": "A critical discussion of deep and surface processing: What it means, how it is measured, the role of context, and model specification", "url": "http://link.springer.com/article/10.1007/s10648-012-9198-7", "url_versions": "http://scholar.google.com/scholar?cluster=10707756886493239945&hl=en&as_sdt=1,5&sciodt=1,5&as_vis=1", "authors": "DL Dinsmore, PA Alexander - Educational Psychology Review", "excerpt": "Abstract The prevailing assumption by some that deep processing promotes stronger learning outcomes while surface processing promotes weaker learning outcomes has been called into question by the inconsistency and ambiguity of results in investigations of the  ...", "url_pdf": null, "num_citations": 25, "cluster_id": "10707756886493239945", "year": "2012", "url_citations": "http://scholar.google.com/scholar?cites=10707756886493239945&as_sdt=2005&sciodt=1,5&hl=en"}, {"num_versions": 3, "url_citation": null, "title": "Cognitive Benefits of Problem\u2010based Learning: Do They Persist through Clinical Training?", "url": "http://journals.lww.com/academicmedicine/Abstract/2001/10001/Cognitive_Benefits_of_Problem_based_Learning__Do.28.aspx", "url_versions": "http://scholar.google.com/scholar?cluster=15435545349920784107&hl=en&as_sdt=1,5&sciodt=1,5&as_vis=1", "authors": "SA Lieberman, CA Stroup-Benham\u2026 - Academic  \u2026", "excerpt": "Method Beginning in 1995 at the University of Texas Medical Branch in Galveston, a PBL curriculum for 24 students was conducted in parallel to the traditional lecture-based curriculum (TC) with approximately 180 students. Students in the TC were assessed  ...", "url_pdf": null, "num_citations": 19, "cluster_id": "15435545349920784107", "year": "2001", "url_citations": "http://scholar.google.com/scholar?cites=15435545349920784107&as_sdt=2005&sciodt=1,5&hl=en"}, {"num_versions": 7, "url_citation": null, "title": "Trends in medical education research", "url": "http://journals.lww.com/academicmedicine/Abstract/2004/10000/Trends_in_Medical_Education_Research.8.aspx", "url_versions": "http://scholar.google.com/scholar?cluster=9355988649636823714&hl=en&as_sdt=1,5&sciodt=1,5&as_vis=1", "authors": "G Regehr - Academic Medicine", "excerpt": "Abstract The medical education community is reflecting increasingly on the role and nature of research in the field. Useful sources of data to include in these reflections are a description of the topics in which we are investing our energies, an analysis of the extent  ...", "url_pdf": null, "num_citations": 101, "cluster_id": "9355988649636823714", "year": "2004", "url_citations": "http://scholar.google.com/scholar?cites=9355988649636823714&as_sdt=2005&sciodt=1,5&hl=en"}, {"num_versions": 10, "url_citation": null, "title": "Change in action: using positive deviance to improve student clinical performance", "url": "http://link.springer.com/article/10.1007/s10459-011-9301-8", "url_versions": "http://scholar.google.com/scholar?cluster=16545733382314343818&hl=en&as_sdt=1,5&sciodt=1,5&as_vis=1", "authors": "Z Zaidi, T Jaffery, A Shahid, S Moin, A Gilani\u2026 - Advances in health  \u2026", "excerpt": "Abstract At our medical college many students have lower ratings in their clinical performance once they start their clinical years (third year). This is contrary to their results in other written exams. Some students demonstrate better clinical performance. We used the  ...", "url_pdf": null, "num_citations": 4, "cluster_id": "16545733382314343818", "year": "2012", "url_citations": "http://scholar.google.com/scholar?cites=16545733382314343818&as_sdt=2005&sciodt=1,5&hl=en"}, {"num_versions": 4, "url_citation": null, "title": "Steering the patient mix of GP trainees: results of a randomized controlled intervention", "url": "http://www.tandfonline.com/doi/abs/10.3109/0142159X.2013.759197", "url_versions": "http://scholar.google.com/scholar?cluster=2504206137802649427&hl=en&as_sdt=1,5&sciodt=1,5&as_vis=1", "authors": "J de Jong, MRM Visser, MW Waard - Medical teacher", "excerpt": "Background: In studies exploring the patient mixes of general practitioner (GP) trainees, gaps were repeatedly found, as there were disparities between the patient mixes of GP trainers and trainees. This reduces the opportunities of trainees to acquire enough  ...", "url_pdf": null, "num_citations": 2, "cluster_id": "2504206137802649427", "year": "2013", "url_citations": "http://scholar.google.com/scholar?cites=2504206137802649427&as_sdt=2005&sciodt=1,5&hl=en"}, {"num_versions": 0, "url_citation": null, "title": "The Comparison of OSPE with Conventional Physiology Practical Assessment", "url": "http://www.iamse.org/member/article/volume14-2/14-2-54-57.pdf", "url_versions": null, "authors": "AS Mahajan, N Shankar, OP Tandon - Journal of the International  \u2026", "excerpt": "ABSTRACT The Objective Structured Practical Examination (OSPE) is a new concept in practical assessment of physiology in our country. It is a modified form of Objective Structured Clinical Examination (OSCE) but is used for evaluation of pre and paraclinical  ...", "url_pdf": "http://www.iamse.org/member/article/volume14-2/14-2-54-57.pdf", "num_citations": 2, "cluster_id": "12840124601396243135", "year": "2004", "url_citations": "http://scholar.google.com/scholar?cites=12840124601396243135&as_sdt=2005&sciodt=1,5&hl=en"}, {"num_versions": 16, "url_citation": null, "title": "Doctors of interrogation", "url": "http://onlinelibrary.wiley.com/doi/10.1353/hcr.2005.0044/full", "url_versions": "http://scholar.google.com/scholar?cluster=18032155703284482826&hl=en&as_sdt=1,5&sciodt=1,5&as_vis=1", "authors": "JH Marks - Hastings Center Report", "excerpt": "According to Colonel Thomas Pappas, head of military intelligence (MI) at Abu Ghraib, a physician worked alongside the psychiatrist. In his testimony to the Taguba inquiry, Pappas explained that military intelligence teams\u2014also known as \u201ctiger teams\u201d\u2014prepare  ...", "url_pdf": null, "num_citations": 17, "cluster_id": "18032155703284482826", "year": "2005", "url_citations": "http://scholar.google.com/scholar?cites=18032155703284482826&as_sdt=2005&sciodt=1,5&hl=en"}, {"num_versions": 8, "url_citation": null, "title": "A cross\u2010cultural comparison of Anatomy learning: Learning styles and strategies", "url": "http://onlinelibrary.wiley.com/doi/10.1002/ase.73/full", "url_versions": "http://scholar.google.com/scholar?cluster=10475459649714195750&hl=en&as_sdt=1,5&sciodt=1,5&as_vis=1", "authors": "BS Mitchell, Q Xu, L Jin, D Patten\u2026 - Anatomical sciences  \u2026", "excerpt": "Abstract Cultural influences on anatomy teaching and learning have been investigated by application of a questionnaire to medical students in British and Chinese Medical Schools. Results from the responses from students of the two countries were analyzed. Both groups  ...", "url_pdf": null, "num_citations": 17, "cluster_id": "10475459649714195750", "year": "2009", "url_citations": "http://scholar.google.com/scholar?cites=10475459649714195750&as_sdt=2005&sciodt=1,5&hl=en"}, {"num_versions": 7, "url_citation": null, "title": "Relationship between Learning Strategies and Academic Achievement in Medical College and Graduate Medical School Students.", "url": "http://europepmc.org/abstract/med/25813944", "url_versions": "http://scholar.google.com/scholar?cluster=17611057724557811399&hl=en&as_sdt=1,5&sciodt=1,5&as_vis=1", "authors": "HI Shin, WT Jeon, EB Yang - Korean journal of medical education", "excerpt": "PURPOSE: Cognitive researchers assume that learning strategies are related to three types of learning processes:'surface learning,''strategy learning,'and'deep learning.'A'deep learning'approach is widely accepted to be associated with long-term success in medical  ...", "url_pdf": null, "num_citations": 9, "cluster_id": "17611057724557811399", "year": "2010", "url_citations": "http://scholar.google.com/scholar?cites=17611057724557811399&as_sdt=2005&sciodt=1,5&hl=en"}, {"num_versions": 8, "url_citation": null, "title": "A systematic review of the relationship between patient mix and learning in work-based clinical settings. A BEME systematic review: BEME Guide No. 24", "url": "http://www.tandfonline.com/doi/abs/10.3109/0142159X.2013.797570", "url_versions": "http://scholar.google.com/scholar?cluster=1071967523342456911&hl=en&as_sdt=1,5&sciodt=1,5&as_vis=1", "authors": "J de Jong, M Visser, N Van Dijk\u2026 - Medical  \u2026", "excerpt": "Background: Clinical workplace-based learning has been the means to becoming a medical professional for many years. The importance of an adequate patient mix, as defined by the number of patients and the types of medical problems, for an optimal learning process is  ...", "url_pdf": null, "num_citations": 6, "cluster_id": "1071967523342456911", "year": "2013", "url_citations": "http://scholar.google.com/scholar?cites=1071967523342456911&as_sdt=2005&sciodt=1,5&hl=en"}, {"num_versions": 4, "url_citation": null, "title": "A Best Evidence Medical Education (BEME) Systematic Review on the feasibility, reliability and validity of the Objective Structured Clinical Examination (OSCE)  \u2026", "url": "http://core.ac.uk/download/pdf/12427267.pdf", "url_versions": "http://scholar.google.com/scholar?cluster=131798053538951167&hl=en&as_sdt=1,5&sciodt=1,5&as_vis=1", "authors": "DAV Carneiro -", "excerpt": "Introduction\u2013As the so called 'traditional methods' showed problems namely in terms of psychometric criteria, in 1975 Harden et al. introduced the OSCE, as an attempt to solve the multiple criticisms concerning assessment of clinical competencies. Consisting of multiple  ...", "url_pdf": "http://core.ac.uk/download/pdf/12427267.pdf", "num_citations": 3, "cluster_id": "131798053538951167", "year": "2012", "url_citations": "http://scholar.google.com/scholar?cites=131798053538951167&as_sdt=2005&sciodt=1,5&hl=en"}, {"num_versions": 0, "url_citation": null, "title": "The relationship between cognitive load, cognitive style and multimedia learning", "url": "http://www.repository.up.ac.za/handle/2263/29094", "url_versions": null, "authors": "A Strehler -", "excerpt": "The purpose of this study was to investigate the relationship between cognitive load and cognitive style and explore the role cognitive load and cognitive style play in the achievement of learning outcomes, when using animation and static images as  ...", "url_pdf": null, "num_citations": 3, "cluster_id": "11488602353171937671", "year": "2008", "url_citations": "http://scholar.google.com/scholar?cites=11488602353171937671&as_sdt=2005&sciodt=1,5&hl=en"}]