[{"num_versions": 5, "url_citation": null, "title": "Enhancing teaching and learning with digital storytelling", "url": "http://www.igi-global.com/article/enhancing-teaching-learning-digital-storytelling/42143", "url_versions": "http://scholar.google.com/scholar?cluster=413679010836220828&hl=en&as_sdt=1,5&sciodt=1,5&as_vis=1", "authors": "S Wang, H Zhan - International Journal of Information and  \u2026", "excerpt": "Abstract This article intends to help educators interested in technology integration in the classroom acquire a firm theoretical foundation, pedagogical applications, and step-by-step technical procedures for infusing digital storytelling into the curriculum. Through  ...", "url_pdf": null, "num_citations": 10, "cluster_id": "413679010836220828", "year": "2010", "url_citations": "http://scholar.google.com/scholar?cites=413679010836220828&as_sdt=2005&sciodt=1,5&hl=en"}, {"num_versions": 2, "url_citation": null, "title": "Digital storytelling and meaning making: Critical reflection, creativity and Technology in pre-service teacher education", "url": "http://www.researchgate.net/profile/Bonnie_Long2/publication/235249428_Digital_Storytelling_and_Meaning_Making_Critical_Reflection_Creativity_and_Technology_in_Preservice_Teacher_Education/links/02bfe510a6ead712cc000000.pdf", "url_versions": "http://scholar.google.com/scholar?cluster=9809327543526861682&hl=en&as_sdt=1,5&sciodt=1,5&as_vis=1", "authors": "B Long - Lillehammer 4th International Storytelling Conference", "excerpt": "Abstract This paper discusses the first year-and-a-half of a PhD study which examines the use of Digital Storytelling as a method of enhancing student teachers\u201f ability to be reflective practitioners. The reflective practitioner model has long been seen as the appropriate  ...", "url_pdf": "http://www.researchgate.net/profile/Bonnie_Long2/publication/235249428_Digital_Storytelling_and_Meaning_Making_Critical_Reflection_Creativity_and_Technology_in_Preservice_Teacher_Education/links/02bfe510a6ead712cc000000.pdf", "num_citations": 7, "cluster_id": "9809327543526861682", "year": "2011", "url_citations": "http://scholar.google.com/scholar?cites=9809327543526861682&as_sdt=2005&sciodt=1,5&hl=en"}, {"num_versions": 9, "url_citation": null, "title": "Digital Storytelling as a Pedagogical Tool within a Didactic Sequence in Foreign Language Teaching", "url": "http://dialnet.unirioja.es/servlet/articulo?codigo=4195447", "url_versions": "http://scholar.google.com/scholar?cluster=10695498529856904958&hl=en&as_sdt=1,5&sciodt=1,5&as_vis=1", "authors": "AR Torres, EP Ponce, MDG Pastor - Digital Education Review", "excerpt": "Abstract Digital storytelling constitutes a pedagogical tool for teachers to work on different linguistic skills while generating students' interest and attention. This study analyses the usefulness of including digital storytelling within a didactic sequence in order to work on  ...", "url_pdf": null, "num_citations": 1, "cluster_id": "10695498529856904958", "year": "2012", "url_citations": "http://scholar.google.com/scholar?cites=10695498529856904958&as_sdt=2005&sciodt=1,5&hl=en"}, {"num_versions": 5, "url_citation": null, "title": "Practical Uses of Digital Storytelling", "url": "http://www.uv.es/gregoric/DIGITALSTORYTELLING/DS_files/DST_15_ene_08_final.pdf", "url_versions": "http://scholar.google.com/scholar?cluster=15060148686743670522&hl=en&as_sdt=1,5&sciodt=1,5&as_vis=1", "authors": "CG Signes - Universitat de Valencia", "excerpt": "Abstract Digital storytelling is a good way to engage students in both traditional and innovative ways of telling a story. The students learn how to combine some basic multimedia tools such as graphics, animation, with skills such as research, writing, presentation,  ...", "url_pdf": "http://www.uv.es/gregoric/DIGITALSTORYTELLING/DS_files/DST_15_ene_08_final.pdf", "num_citations": 8, "cluster_id": "15060148686743670522", "year": "2010", "url_citations": "http://scholar.google.com/scholar?cites=15060148686743670522&as_sdt=2005&sciodt=1,5&hl=en"}, {"num_versions": 2, "url_citation": null, "title": "Utiliza\u00e7\u00e3o no ensino online de produtos multim\u00e9dia na perspetiva digital storytelling", "url": "http://scholar.google.com/https://repositorioaberto.uab.pt/handle/10400.2/3432", "url_versions": "http://scholar.google.com/scholar?cluster=11849161305697999701&hl=en&as_sdt=1,5&sciodt=1,5&as_vis=1", "authors": "SMS Fonseca -", "excerpt": "A arte de contar hist\u00f3rias \u00e9 intemporal e tem atravessado gera\u00e7\u00f5es. Nos dias de hoje, mant\u00e9m-se o interesse nesta arte, apenas se alteraram os formatos das hist\u00f3rias. Assim sendo, deparamo-nos com um leque de produtos multim\u00e9dia que v\u00eam colorir a forma  ...", "url_pdf": null, "num_citations": 0, "cluster_id": null, "year": "2014", "url_citations": null}]