[{"num_versions": 34, "url_citation": null, "title": "Local search with constraint propagation and conflict-based heuristics", "url": "http://www.sciencedirect.com/science/article/pii/S0004370202002217", "url_versions": "http://scholar.google.com/scholar?cluster=5945656567378988823&hl=en&as_sdt=1,5&sciodt=1,5&as_vis=1", "authors": "N Jussien, O Lhomme - Artificial Intelligence", "excerpt": "Search algorithms for solving csp (Constraint Satisfaction Problems) usually fall into one of two main families: local search algorithms and systematic algorithms. Both families have their advantages. Designing hybrid approaches seems promising since those advantages  ...", "url_pdf": null, "num_citations": 231, "cluster_id": "5945656567378988823", "year": "2002", "url_citations": "http://scholar.google.com/scholar?cites=5945656567378988823&as_sdt=2005&sciodt=1,5&hl=en"}, {"num_versions": 4, "url_citation": null, "title": "Intelligent backtracking on constraint satisfaction problems: experimental and theoretical results", "url": "http://citeseerx.ist.psu.edu/viewdoc/download?doi=10.1.1.27.1021&rep=rep1&type=pdf", "url_versions": "http://scholar.google.com/scholar?cluster=16799247751624556560&hl=en&as_sdt=1,5&sciodt=1,5&as_vis=1", "authors": "AB Baker -", "excerpt": "Abstract The Constraint Satisfaction Problem is a type of combinatorial search problem of much interest in Arti cial Intelligence and Operations Research. The simplest algorithm for solving such a problem is chronological backtracking, but this method su ers from a  ...", "url_pdf": null, "num_citations": 106, "cluster_id": "16799247751624556560", "year": "1995", "url_citations": "http://scholar.google.com/scholar?cites=16799247751624556560&as_sdt=2005&sciodt=1,5&hl=en"}, {"num_versions": 15, "url_citation": null, "title": "Random constraint satisfaction: Flaws and structure", "url": "http://link.springer.com/article/10.1023/A:1011454308633", "url_versions": "http://scholar.google.com/scholar?cluster=10768735770473634950&hl=en&as_sdt=1,5&sciodt=1,5&as_vis=1", "authors": "IP Gent, E Macintyre, P Prosser, BM Smith, T Walsh - Constraints", "excerpt": "Abstract A recent theoretical result by Achlioptas et al. shows that many models of random binary constraint satisfaction problems become trivially insoluble as problem size increases. This insolubility is partly due to the presence of 'flawed variables,'variables whose values  ...", "url_pdf": null, "num_citations": 169, "cluster_id": "10768735770473634950", "year": "2001", "url_citations": "http://scholar.google.com/scholar?cites=10768735770473634950&as_sdt=2005&sciodt=1,5&hl=en"}, {"num_versions": 19, "url_citation": null, "title": "Generalizing Boolean satisfiability I: Background and survey of existing work", "url": "http://www.aaai.org/Papers/JAIR/Vol21/JAIR-2107.pdf", "url_versions": "http://scholar.google.com/scholar?cluster=7924007517676160872&hl=en&as_sdt=1,5&sciodt=1,5&as_vis=1", "authors": "HE Dixon, ML Ginsberg, AJ Parkes - J. Artif. Intell. Res.(JAIR)", "excerpt": "Abstract This is the first of three planned papers describing zap, a satisfiability engine that substantially generalizes existing tools while retaining the performance characteristics of modern high-performance solvers. The fundamental idea underlying zap is that many  ...", "url_pdf": "http://www.aaai.org/Papers/JAIR/Vol21/JAIR-2107.pdf", "num_citations": 41, "cluster_id": "7924007517676160872", "year": "2004", "url_citations": "http://scholar.google.com/scholar?cites=7924007517676160872&as_sdt=2005&sciodt=1,5&hl=en"}, {"num_versions": 7, "url_citation": null, "title": "Flexible graphplan", "url": "http://www.frontiersinai.com/ecai/ecai2000/pdf/p0506.pdf", "url_versions": "http://scholar.google.com/scholar?cluster=17995552806470679463&hl=en&as_sdt=1,5&sciodt=1,5&as_vis=1", "authors": "I Miguel, P Jarvis, Q Shen - ECAI", "excerpt": "Abstract. Traditionally, planning problems are cast in terms of imperative constraints that are either wholly satisfied or wholly violated. It is argued herein that this framework is too rigid to capture the full subtlety of many real problems. A new flexible planning problem is defined  ...", "url_pdf": "http://www.frontiersinai.com/ecai/ecai2000/pdf/p0506.pdf", "num_citations": 33, "cluster_id": "17995552806470679463", "year": "2000", "url_citations": "http://scholar.google.com/scholar?cites=17995552806470679463&as_sdt=2005&sciodt=1,5&hl=en"}, {"num_versions": 8, "url_citation": null, "title": "Nonsystematic search and no-good learning", "url": "http://link.springer.com/article/10.1023/A:1006362926464", "url_versions": "http://scholar.google.com/scholar?cluster=12502956060959121047&hl=en&as_sdt=1,5&sciodt=1,5&as_vis=1", "authors": "ET Richards, B Richards - Journal of Automated Reasoning", "excerpt": "Abstract Nonsystematic search algorithms seem, in general, to be well suited to large-scale problems with many solutions. However, they tend to perform badly for problems with few solutions, and they cannot be used for insoluble problems, since they are incomplete.", "url_pdf": null, "num_citations": 26, "cluster_id": "12502956060959121047", "year": "2000", "url_citations": "http://scholar.google.com/scholar?cites=12502956060959121047&as_sdt=2005&sciodt=1,5&hl=en"}, {"num_versions": 5, "url_citation": null, "title": "Algorithms and heuristics for constraint satisfaction problems", "url": "http://www.ics.uci.edu/%7Edechter/publications/R69.pdf", "url_versions": "http://scholar.google.com/scholar?cluster=18045279881023954516&hl=en&as_sdt=1,5&sciodt=1,5&as_vis=1", "authors": "DH Frost -", "excerpt": "It would be nice to say to a computer, Here is a problem I have to solve. Please give me a solution, or if what I'm asking is impossible, tell me so.\" Solving problems on a computer without programming: such is the stu that dreams of Arti cial Intelligence are made on.  ...", "url_pdf": "http://www.ics.uci.edu/%7Edechter/publications/R69.pdf", "num_citations": 35, "cluster_id": "18045279881023954516", "year": "1997", "url_citations": "http://scholar.google.com/scholar?cites=18045279881023954516&as_sdt=2005&sciodt=1,5&hl=en"}, {"num_versions": 15, "url_citation": null, "title": "Enhancements of branch and bound methods for the maximal constraint satisfaction problem", "url": "http://www.aaai.org/Papers/AAAI/1996/AAAI96-028.pdf", "url_versions": "http://scholar.google.com/scholar?cluster=6161896184744042337&hl=en&as_sdt=1,5&sciodt=1,5&as_vis=1", "authors": "RJ Wallace - AAAI/IAAI, Vol. 1", "excerpt": "Abstract Two methods are described for enhancing performance of branch and bound methods for overconstrained CSPS. These methods improve either the upper or lower bound, respectively, during search, so the two can be combined. Upper bounds are  ...", "url_pdf": "http://www.aaai.org/Papers/AAAI/1996/AAAI96-028.pdf", "num_citations": 51, "cluster_id": "6161896184744042337", "year": "1996", "url_citations": "http://scholar.google.com/scholar?cites=6161896184744042337&as_sdt=2005&sciodt=1,5&hl=en"}, {"num_versions": 9, "url_citation": null, "title": "Planning as constraint satisfaction: Solving the planning graph by compiling it into CSP", "url": "http://www.sciencedirect.com/science/article/pii/S000437020100128X", "url_versions": "http://scholar.google.com/scholar?cluster=1025488093010278067&hl=en&as_sdt=1,5&sciodt=1,5&as_vis=1", "authors": "MB Do, S Kambhampati - Artificial Intelligence", "excerpt": "The idea of synthesizing bounded length plans by compiling planning problems into a combinatorial substrate, and solving the resulting encodings has become quite popular in recent years. Most work to-date has however concentrated on compilation to satisfiability ( ...", "url_pdf": null, "num_citations": 162, "cluster_id": "1025488093010278067", "year": "2001", "url_citations": "http://scholar.google.com/scholar?cites=1025488093010278067&as_sdt=2005&sciodt=1,5&hl=en"}, {"num_versions": 21, "url_citation": null, "title": "Con ict-Directed Backjumping Revisited", "url": "http://www.jair.org/media/788/live-788-1932-jair.ps.Z", "url_versions": "http://scholar.google.com/scholar?cluster=1819058220461603453&hl=en&as_sdt=1,5&sciodt=1,5&as_vis=1", "authors": "X Chen, P Van Beek - Journal of Artificial Intelligence Research", "excerpt": "Abstract In recent years, many improvements to backtracking algorithms for solving constraint satisfaction problems have been proposed. The techniques for improving backtracking algorithms can be conveniently classi ed as look-ahead schemes and look- ...", "url_pdf": null, "num_citations": 61, "cluster_id": "1819058220461603453", "year": "2001", "url_citations": "http://scholar.google.com/scholar?cites=1819058220461603453&as_sdt=2005&sciodt=1,5&hl=en"}, {"num_versions": 10, "url_citation": null, "title": "Pueblo: A hybrid pseudo-boolean SAT solver", "url": "http://www.satassociation.org/jsat/index.php/jsat/article/view/24", "url_versions": "http://scholar.google.com/scholar?cluster=16325471607406920713&hl=en&as_sdt=1,5&sciodt=1,5&as_vis=1", "authors": "HM Sheini, KA Sakallah - Journal on Satisfiability, Boolean  \u2026", "excerpt": "Abstract This paper introduces a new hybrid method for efficiently integrating Pseudo-Boolean (PB) constraints into generic SAT solvers in order to solve PB satisfiability and optimization problems. To achieve this, we adopt the cutting-plane technique to draw  ...", "url_pdf": null, "num_citations": 95, "cluster_id": "16325471607406920713", "year": "2006", "url_citations": "http://scholar.google.com/scholar?cites=16325471607406920713&as_sdt=2005&sciodt=1,5&hl=en"}, {"num_versions": 16, "url_citation": null, "title": "Extending forward checking", "url": "http://link.springer.com/chapter/10.1007/3-540-45349-0_5", "url_versions": "http://scholar.google.com/scholar?cluster=9141839538753399255&hl=en&as_sdt=1,5&sciodt=1,5&as_vis=1", "authors": "F Bacchus - Principles and Practice of Constraint Programming\u2013CP \u2026", "excerpt": "Abstract Among backtracking based algorithms for constraint satisfaction problems (CSPs), algorithms employing constraint propagation, like forward checking (FC) and MAC, have had the most practical impact. These algorithms use constraint propagation during search  ...", "url_pdf": null, "num_citations": 42, "cluster_id": "9141839538753399255", "year": "2000", "url_citations": "http://scholar.google.com/scholar?cites=9141839538753399255&as_sdt=2005&sciodt=1,5&hl=en"}, {"num_versions": 9, "url_citation": null, "title": "Counting models using connected components", "url": "http://www.aaai.org/Papers/AAAI/2000/AAAI00-024.pdf", "url_versions": "http://scholar.google.com/scholar?cluster=1292716829961785794&hl=en&as_sdt=1,5&sciodt=1,5&as_vis=1", "authors": "RJ Bayardo Jr, JD Pehoushek - AAAI/IAAI", "excerpt": "Abstract Recent work by Birnbaum & Lozinskii [1999] demonstrated that a clever yet simple extension of the well-known Davis-Putnam procedure for solving instances of propositional satisfiability yields an efficient scheme for counting the number of satisfying assignments ( ...", "url_pdf": "http://www.aaai.org/Papers/AAAI/2000/AAAI00-024.pdf", "num_citations": 167, "cluster_id": "1292716829961785794", "year": "2000", "url_citations": "http://scholar.google.com/scholar?cites=1292716829961785794&as_sdt=2005&sciodt=1,5&hl=en"}, {"num_versions": 8, "url_citation": null, "title": "Resolution and constraint satisfaction", "url": "http://link.springer.com/chapter/10.1007/978-3-540-45193-8_38", "url_versions": "http://scholar.google.com/scholar?cluster=6070127640430236101&hl=en&as_sdt=1,5&sciodt=1,5&as_vis=1", "authors": "DG Mitchell - Principles and Practice of Constraint Programming\u2013CP \u2026", "excerpt": "Abstract We study two resolution-like refutation systems for finite-domain constraint satisfaction problems, and the efficiency of these and of common CSP algorithms. By comparing the relative strength of these systems, we show that for instances with domain  ...", "url_pdf": null, "num_citations": 31, "cluster_id": "6070127640430236101", "year": "2003", "url_citations": "http://scholar.google.com/scholar?cites=6070127640430236101&as_sdt=2005&sciodt=1,5&hl=en"}, {"num_versions": 9, "url_citation": null, "title": "Combining satisfiability techniques from AI and OR", "url": "http://journals.cambridge.org/abstract_S0269888900001041", "url_versions": "http://scholar.google.com/scholar?cluster=2281126873576225078&hl=en&as_sdt=1,5&sciodt=1,5&as_vis=1", "authors": "HE Dixon, ML Ginsberg - The Knowledge Engineering  \u2026", "excerpt": "Abstract The recent effort to integrate techniques from the fields of artificial intelligence and operations research has been motivated in part by the fact that scientists in each group are often unacquainted with recent (and not so recent) progress in the other field. Our goal in  ...", "url_pdf": null, "num_citations": 30, "cluster_id": "2281126873576225078", "year": "2000", "url_citations": "http://scholar.google.com/scholar?cites=2281126873576225078&as_sdt=2005&sciodt=1,5&hl=en"}, {"num_versions": 18, "url_citation": null, "title": "Partial-order planning with concurrent interacting actions", "url": "http://www.jair.org/papers/paper740.html", "url_versions": "http://scholar.google.com/scholar?cluster=15610203828025247708&hl=en&as_sdt=1,5&sciodt=1,5&as_vis=1", "authors": "C Boutilier, RI Brafman - Journal of Artificial Intelligence Research", "excerpt": "Abstract Functional relationships between objects, called\" attributes\", are of considerable importance in knowledge representation languages, including Description Logics (DLs). A study of the literature indicates that papers have made, often implicitly, different  ...", "url_pdf": null, "num_citations": 108, "cluster_id": "15610203828025247708", "year": "2001", "url_citations": "http://scholar.google.com/scholar?cites=15610203828025247708&as_sdt=2005&sciodt=1,5&hl=en"}, {"num_versions": 5, "url_citation": null, "title": "Complete Algorithms.", "url": "http://scholar.google.com/https://books.google.com/books?hl=en&lr=&id=shLvAgAAQBAJ&oi=fnd&pg=PA99&ots=n67itXDCCx&sig=nP0pcyOD4882jw8OOwvStViPXA4", "url_versions": "http://scholar.google.com/scholar?cluster=7207305415724785432&hl=en&as_sdt=1,5&sciodt=1,5&as_vis=1", "authors": "A Darwiche, K Pipatsrisawat - Handbook of Satisfiability", "excerpt": "This chapter is concerned with sound and complete algorithms for testing satisfiability, ie, algorithms that are guaranteed to terminate with a correct decision on the satisfiability/unsatisfiability of the given CNF. One can distinguish between a few approaches on which  ...", "url_pdf": null, "num_citations": 29, "cluster_id": "7207305415724785432", "year": "2009", "url_citations": "http://scholar.google.com/scholar?cites=7207305415724785432&as_sdt=2005&sciodt=1,5&hl=en"}, {"num_versions": 19, "url_citation": null, "title": "Nogood Recording from Restarts.", "url": "http://www.aaai.org/Papers/IJCAI/2007/IJCAI07-019.pdf", "url_versions": "http://scholar.google.com/scholar?cluster=7980558787253264775&hl=en&as_sdt=1,5&sciodt=1,5&as_vis=1", "authors": "C Lecoutre, L Sais, S Tabary, V Vidal - IJCAI", "excerpt": "Abstract In this paper, nogood recording is investigated within the randomization and restart framework. Our goal is to avoid the same situations to occur from one run to the next one. More precisely, nogoods are recorded when the current cutoff value is reached, ie before  ...", "url_pdf": "http://www.aaai.org/Papers/IJCAI/2007/IJCAI07-019.pdf", "num_citations": 38, "cluster_id": "7980558787253264775", "year": "2007", "url_citations": "http://scholar.google.com/scholar?cites=7980558787253264775&as_sdt=2005&sciodt=1,5&hl=en"}, {"num_versions": 7, "url_citation": null, "title": "Extracting constraint satisfaction subproblems", "url": "http://citeseerx.ist.psu.edu/viewdoc/download?doi=10.1.1.212.9966&rep=rep1&type=pdf", "url_versions": "http://scholar.google.com/scholar?cluster=8025292524499023981&hl=en&as_sdt=1,5&sciodt=1,5&as_vis=1", "authors": "EC Freuder, PD Hubbe - IJCAI", "excerpt": "Abstract Given a subproblem, S, of a constraint satisfaction problem, we can decompose the problem into a set of disjoint subproblems one of which will be S. This decomposition permits exploitation of problem-specific metaknowledge, a priori or acquired knowledge,  ...", "url_pdf": null, "num_citations": 48, "cluster_id": "8025292524499023981", "year": "1995", "url_citations": "http://scholar.google.com/scholar?cites=8025292524499023981&as_sdt=2005&sciodt=1,5&hl=en"}, {"num_versions": 8, "url_citation": null, "title": "Using CSP look-back techniques to solve exceptionally hard SAT instances", "url": "http://link.springer.com/chapter/10.1007/3-540-61551-2_65", "url_versions": "http://scholar.google.com/scholar?cluster=7749906154225033561&hl=en&as_sdt=1,5&sciodt=1,5&as_vis=1", "authors": "RJ Bayardo Jr, R Schrag - \u2026 and Practice of Constraint Programming\u2014CP96", "excerpt": "Abstract While CNF propositional satisfiability (SAT) is a sub-class of the more general constraint satisfaction problem (CSP), conventional wisdom has it that some well-known CSP look-back techniques\u2014including backjumping and learning\u2014are of little use for SAT.  ...", "url_pdf": null, "num_citations": 109, "cluster_id": "7749906154225033561", "year": "1996", "url_citations": "http://scholar.google.com/scholar?cites=7749906154225033561&as_sdt=2005&sciodt=1,5&hl=en"}, {"num_versions": 11, "url_citation": null, "title": "The effect of nogood learning in distributed constraint satisfaction", "url": "http://ieeexplore.ieee.org/xpls/abs_all.jsp?arnumber=840919", "url_versions": "http://scholar.google.com/scholar?cluster=2724769470872967829&hl=en&as_sdt=1,5&sciodt=1,5&as_vis=1", "authors": "K Hirayama, M Yokoo - Distributed Computing Systems", "excerpt": "Abstract We present resolvent-based learning as a new nogood learning method for a distributed constraint satisfaction algorithm. This method is based on a look-back technique in constraint satisfaction algorithms and can efficiently make effective nogoods.", "url_pdf": null, "num_citations": 49, "cluster_id": "2724769470872967829", "year": "2000", "url_citations": "http://scholar.google.com/scholar?cites=2724769470872967829&as_sdt=2005&sciodt=1,5&hl=en"}, {"num_versions": 11, "url_citation": null, "title": "A complexity analysis of space-bounded learning algorithms for the constraint satisfaction problem", "url": "http://citeseerx.ist.psu.edu/viewdoc/download?doi=10.1.1.103.2181&rep=rep1&type=pdf", "url_versions": "http://scholar.google.com/scholar?cluster=17619842888964119448&hl=en&as_sdt=1,5&sciodt=1,5&as_vis=1", "authors": "RJ Bayardo, DP Miranker - PROCEEDINGS OF THE NATIONAL  \u2026", "excerpt": "Abstract Learning during backtrack search is a space-intensive process that records information (such as additional constraints) in order to avoid redundant work. In this paper, we analyze the effects of polynomial-spacebounded learning on runtime complexity of  ...", "url_pdf": null, "num_citations": 144, "cluster_id": "17619842888964119448", "year": "1996", "url_citations": "http://scholar.google.com/scholar?cites=17619842888964119448&as_sdt=2005&sciodt=1,5&hl=en"}, {"num_versions": 13, "url_citation": null, "title": "Nogood learning for mixed integer programming", "url": "http://reports-archive.adm.cs.cmu.edu/anon/anon/usr0/ftp/2006/CMU-CS-06-155.pdf", "url_versions": "http://scholar.google.com/scholar?cluster=6067728029308193906&hl=en&as_sdt=1,5&sciodt=1,5&as_vis=1", "authors": "T Sandholm, R Shields - Workshop on  \u2026", "excerpt": "Abstract Nogood learning has proven to be an effective CSP technique critical to success in today's top SAT solvers. We extend the technique for use in integer programming and mixed integer programming. Our technique generates globally valid cutting planes for the 0-1 IP  ...", "url_pdf": "http://reports-archive.adm.cs.cmu.edu/anon/anon/usr0/ftp/2006/CMU-CS-06-155.pdf", "num_citations": 24, "cluster_id": "6067728029308193906", "year": "2006", "url_citations": "http://scholar.google.com/scholar?cites=6067728029308193906&as_sdt=2005&sciodt=1,5&hl=en"}, {"num_versions": 40, "url_citation": null, "title": "Satisfiability solvers", "url": "http://www.sciencedirect.com/science/article/pii/S1574652607030027/pdf?md5=8697fdf4e906f8419607d2b01c748ce5&pid=1-s2.0-S1574652607030027-main.pdf&_valck=1", "url_versions": "http://scholar.google.com/scholar?cluster=10626182844152515852&hl=en&as_sdt=1,5&sciodt=1,5&as_vis=1", "authors": "CP Gomes, H Kautz, A Sabharwal, B Selman - Foundations of Artificial  \u2026", "excerpt": "The past few years have seen an enormous progress in the performance of Boolean satisfiability (SAT) solvers. Despite the worst-case exponential run time of all known algorithms, satisfiability solvers are increasingly leaving their mark as a generalpurpose  ...", "url_pdf": null, "num_citations": 130, "cluster_id": "10626182844152515852", "year": "2008", "url_citations": "http://scholar.google.com/scholar?cites=10626182844152515852&as_sdt=2005&sciodt=1,5&hl=en"}, {"num_versions": 6, "url_citation": null, "title": "Backtracking search algorithms", "url": "http://scholar.google.com/https://books.google.com/books?hl=en&lr=&id=Kjap9ZWcKOoC&oi=fnd&pg=PA85&ots=QCziBQZUUd&sig=aUhO9LaaG-43NapupDod93SdFnM", "url_versions": "http://scholar.google.com/scholar?cluster=15306528510377943481&hl=en&as_sdt=1,5&sciodt=1,5&as_vis=1", "authors": "P Van Beek - Handbook of constraint programming", "excerpt": "There are three main algorithmic techniques for solving constraint satisfaction problems: backtracking search, local search, and dynamic programming. In this chapter, I survey backtracking search algorithms. Algorithms based on dynamic programming [15]\u2014 ...", "url_pdf": null, "num_citations": 63, "cluster_id": "15306528510377943481", "year": "2006", "url_citations": "http://scholar.google.com/scholar?cites=15306528510377943481&as_sdt=2005&sciodt=1,5&hl=en"}, {"num_versions": 12, "url_citation": null, "title": "Unrestricted nogood recording in CSP search", "url": "http://link.springer.com/chapter/10.1007/978-3-540-45193-8_70", "url_versions": "http://scholar.google.com/scholar?cluster=2001600750829633106&hl=en&as_sdt=1,5&sciodt=1,5&as_vis=1", "authors": "G Katsirelos, F Bacchus - \u2026  and Practice of Constraint Programming\u2013CP  \u2026", "excerpt": "Abstract Recently spectacular improvements in the performance of SAT solvers have been achieved through nogood recording (clause learning). In the CSP literature, on the other hand, nogood recording remains a fairly minor technique for improving backtracking  ...", "url_pdf": null, "num_citations": 46, "cluster_id": "2001600750829633106", "year": "2003", "url_citations": "http://scholar.google.com/scholar?cites=2001600750829633106&as_sdt=2005&sciodt=1,5&hl=en"}, {"num_versions": 17, "url_citation": null, "title": "Recording and minimizing nogoods from restarts", "url": "http://scholar.google.com/https://satassociation.org/jsat/index.php/jsat/article/view/13", "url_versions": "http://scholar.google.com/scholar?cluster=4595450636664063600&hl=en&as_sdt=1,5&sciodt=1,5&as_vis=1", "authors": "C Lecoutre, L Sais, S Tabary\u2026 - Journal on Satisfiability,  \u2026", "excerpt": "Abstract In this paper, nogood recording is investigated for CSP within the randomization and restart framework. Our goal is to avoid the same situations to occur from one run to the next ones. More precisely, nogoods are recorded when the current cutoff value is reached,  ...", "url_pdf": null, "num_citations": 36, "cluster_id": "4595450636664063600", "year": "2007", "url_citations": "http://scholar.google.com/scholar?cites=4595450636664063600&as_sdt=2005&sciodt=1,5&hl=en"}, {"num_versions": 13, "url_citation": null, "title": "Efficient solution techniques for disjunctive temporal reasoning problems", "url": "http://www.sciencedirect.com/science/article/pii/S0004370203001139", "url_versions": "http://scholar.google.com/scholar?cluster=8713111682982956191&hl=en&as_sdt=1,5&sciodt=1,5&as_vis=1", "authors": "I Tsamardinos, ME Pollack - Artificial Intelligence", "excerpt": "Over the past few years, a new constraint-based formalism for temporal reasoning has been developed to represent and reason about Disjunctive Temporal Problems (DTPs). The class of DTPs is significantly more expressive than other problems previously studied in  ...", "url_pdf": null, "num_citations": 117, "cluster_id": "8713111682982956191", "year": "2003", "url_citations": "http://scholar.google.com/scholar?cites=8713111682982956191&as_sdt=2005&sciodt=1,5&hl=en"}, {"num_versions": 9, "url_citation": null, "title": "Solving Planning-Graph by Compiling It into CSP.", "url": "http://www.aaai.org/Papers/AIPS/2000/AIPS00-009.pdf", "url_versions": "http://scholar.google.com/scholar?cluster=10016680085758529713&hl=en&as_sdt=1,5&sciodt=1,5&as_vis=1", "authors": "MB Do, S Kambhampati - AIPS", "excerpt": "Abstract Although the deep affinity between Graphplan's backward search, and the process of solving constraint satisfaction problems has been noted earlier, these relations have hither-to been primarily used to adapt CSP search techniques into the backward search  ...", "url_pdf": "http://www.aaai.org/Papers/AIPS/2000/AIPS00-009.pdf", "num_citations": 96, "cluster_id": "10016680085758529713", "year": "2000", "url_citations": "http://scholar.google.com/scholar?cites=10016680085758529713&as_sdt=2005&sciodt=1,5&hl=en"}, {"num_versions": 11, "url_citation": null, "title": "An empirical study of phase transitions in binary constraint satisfaction problems", "url": "http://www.sciencedirect.com/science/article/pii/0004370295000488", "url_versions": "http://scholar.google.com/scholar?cluster=17282771203297962504&hl=en&as_sdt=1,5&sciodt=1,5&as_vis=1", "authors": "P Prosser - Artificial Intelligence", "excerpt": "An empirical study of randomly generated binary constraint satisfaction problems reveals that for problems with a given number of variables, domain size, and connectivity there is a critical level of constraint tightness at which a phase transition occurs. At the phase  ...", "url_pdf": null, "num_citations": 237, "cluster_id": "17282771203297962504", "year": "1996", "url_citations": "http://scholar.google.com/scholar?cites=17282771203297962504&as_sdt=2005&sciodt=1,5&hl=en"}, {"num_versions": 23, "url_citation": null, "title": "Price prediction in a trading agent competition", "url": "http://www.jair.org/papers/paper1333.html", "url_versions": "http://scholar.google.com/scholar?cluster=9784346211916714654&hl=en&as_sdt=1,5&sciodt=1,5&as_vis=1", "authors": "MP Wellman, DM Reeves, KM Lochner\u2026 - Journal of Artificial  \u2026", "excerpt": "Abstract: We introduce an abductive method for a coherent integration of independent data-sources. The idea is to compute a list of data-facts that should be inserted to the amalgamated database or retracted from it in order to restore its consistency. This method  ...", "url_pdf": null, "num_citations": 84, "cluster_id": "9784346211916714654", "year": "2004", "url_citations": "http://scholar.google.com/scholar?cites=9784346211916714654&as_sdt=2005&sciodt=1,5&hl=en"}, {"num_versions": 12, "url_citation": null, "title": "Constraint satisfaction techniques in planning and scheduling", "url": "http://link.springer.com/article/10.1007/s10845-008-0203-4", "url_versions": "http://scholar.google.com/scholar?cluster=16730128894238832684&hl=en&as_sdt=1,5&sciodt=1,5&as_vis=1", "authors": "R Bart\u00e1k, MA Salido, F Rossi - Journal of Intelligent Manufacturing", "excerpt": "Abstract Over the last few years constraint satisfaction, planning, and scheduling have received increased attention, and substantial effort has been invested in exploiting constraint satisfaction techniques when solving real life planning and scheduling  ...", "url_pdf": null, "num_citations": 39, "cluster_id": "16730128894238832684", "year": "2010", "url_citations": "http://scholar.google.com/scholar?cites=16730128894238832684&as_sdt=2005&sciodt=1,5&hl=en"}, {"num_versions": 25, "url_citation": null, "title": "An interpolation method for CLP traversal", "url": "http://link.springer.com/chapter/10.1007/978-3-642-04244-7_37", "url_versions": "http://scholar.google.com/scholar?cluster=6888181781336264237&hl=en&as_sdt=1,5&sciodt=1,5&as_vis=1", "authors": "J Jaffar, AE Santosa, R Voicu - Principles and Practice of Constraint  \u2026", "excerpt": "Abstract We consider the problem of exploring the search tree of a CLP goal in pursuit of a target property. Essential to such a process is a method of tabling to prevent duplicate exploration. Typically, only actually traversed goals are memoed in the table. In this paper  ...", "url_pdf": null, "num_citations": 54, "cluster_id": "6888181781336264237", "year": "2009", "url_citations": "http://scholar.google.com/scholar?cites=6888181781336264237&as_sdt=2005&sciodt=1,5&hl=en"}, {"num_versions": 17, "url_citation": null, "title": "Using CSP look-back techniques to solve real-world SAT instances", "url": "http://courses.cs.washington.edu/courses/cse573/06au/hw2/refs/bayardo97.pdf", "url_versions": "http://scholar.google.com/scholar?cluster=7713810358563575387&hl=en&as_sdt=1,5&sciodt=1,5&as_vis=1", "authors": "RJ Bayardo Jr, R Schrag - AAAI/IAAI", "excerpt": "Abstract We report on the performance of an enhanced version of the \u201cDavis-Putnam\u201d(DP) proof procedure for propositional satisfiability (SAT) on large instances derived from realworld problems in planning, scheduling, and circuit diagnosis and synthesis. Our  ...", "url_pdf": "http://courses.cs.washington.edu/courses/cse573/06au/hw2/refs/bayardo97.pdf", "num_citations": 685, "cluster_id": "7713810358563575387", "year": "1997", "url_citations": "http://scholar.google.com/scholar?cites=7713810358563575387&as_sdt=2005&sciodt=1,5&hl=en"}, {"num_versions": 13, "url_citation": null, "title": "Failure driven dynamic search control for partial order planners: an explanation based approach", "url": "http://www.sciencedirect.com/science/article/pii/S0004370296000057", "url_versions": "http://scholar.google.com/scholar?cluster=4652507557107747172&hl=en&as_sdt=1,5&sciodt=1,5&as_vis=1", "authors": "S Kambhampati, S Katukam, Y Qu - Artificial Intelligence", "excerpt": "Given the intractability of domain independent planning, the ability to control the search of a planner is vitally important. One way of doing this involves learning from search failures. This paper describes SNLP+ EBL, the first implementation of an explanation based search  ...", "url_pdf": null, "num_citations": 66, "cluster_id": "4652507557107747172", "year": "1996", "url_citations": "http://scholar.google.com/scholar?cites=4652507557107747172&as_sdt=2005&sciodt=1,5&hl=en"}, {"num_versions": 13, "url_citation": null, "title": "Asynchronous partial overlay: A new algorithm for solving distributed constraint satisfaction problems", "url": "http://www.jair.org/papers/paper1786.html", "url_versions": "http://scholar.google.com/scholar?cluster=11265300217736330749&hl=en&as_sdt=1,5&sciodt=1,5&as_vis=1", "authors": "R Mailler, VR Lesser - Journal of Artificial Intelligence Research", "excerpt": "Abstract Distributed Constraint Satisfaction (DCSP) has long been considered an important problem in multi-agent systems research. This is because many real-world problems can be represented as constraint satisfaction and these problems often present themselves in a  ...", "url_pdf": null, "num_citations": 72, "cluster_id": "11265300217736330749", "year": "2006", "url_citations": "http://scholar.google.com/scholar?cites=11265300217736330749&as_sdt=2005&sciodt=1,5&hl=en"}, {"num_versions": 13, "url_citation": null, "title": "Nogood recording for static and dynamic constraint satisfaction problems", "url": "http://www.worldscientific.com/doi/abs/10.1142/S0218213094000108", "url_versions": "http://scholar.google.com/scholar?cluster=578511710817762805&hl=en&as_sdt=1,5&sciodt=1,5&as_vis=1", "authors": "T Schiex, G Verfaillie - International Journal on Artificial Intelligence  \u2026", "excerpt": "Many AI synthesis problems such as planning, scheduling or design may be encoded in a constraint satisfaction problems (CSP). A CSP is typically defined as the problem of finding any consistent labeling for a fixed set of variables satisfying all given constraints between  ...", "url_pdf": null, "num_citations": 294, "cluster_id": "578511710817762805", "year": "1994", "url_citations": "http://scholar.google.com/scholar?cites=578511710817762805&as_sdt=2005&sciodt=1,5&hl=en"}, {"num_versions": 8, "url_citation": null, "title": "On the space-time trade-off in solving constraint satisfaction problems", "url": "http://ijcai.org/Past%20Proceedings/IJCAI-95-VOL%201/pdf/073.pdf", "url_versions": "http://scholar.google.com/scholar?cluster=3476606727360036548&hl=en&as_sdt=1,5&sciodt=1,5&as_vis=1", "authors": "RJ Bayardo, DP Miranker - International Joint Conference on Artificial  \u2026", "excerpt": "Abstract A common technique for bounding the runtime required to solve a constraint satisfaction problem is to exploit the structure of the problem's constraint graph [Dechter, 92]. We show that a simple structure-based technique with a minimal space requirement,  ...", "url_pdf": "http://ijcai.org/Past%20Proceedings/IJCAI-95-VOL%201/pdf/073.pdf", "num_citations": 46, "cluster_id": "3476606727360036548", "year": "1995", "url_citations": "http://scholar.google.com/scholar?cites=3476606727360036548&as_sdt=2005&sciodt=1,5&hl=en"}, {"num_versions": 17, "url_citation": null, "title": "Solution techniques for constraint satisfaction problems: Foundations", "url": "http://link.springer.com/article/10.1023/A:1011039901653", "url_versions": "http://scholar.google.com/scholar?cluster=12897814739669876761&hl=en&as_sdt=1,5&sciodt=1,5&as_vis=1", "authors": "I Miguel, Q Shen - Artificial Intelligence Review", "excerpt": "Abstract The Constraint Satisfaction Problem (CSP) is ubiquitous in artificialintelligence. It has a wide applicability, ranging from machine visionand temporal reasoning to planning and logic programming. This paperattempts a systematic and coherent review of the  ...", "url_pdf": null, "num_citations": 26, "cluster_id": "12897814739669876761", "year": "2001", "url_citations": "http://scholar.google.com/scholar?cites=12897814739669876761&as_sdt=2005&sciodt=1,5&hl=en"}, {"num_versions": 3, "url_citation": null, "title": "Constraint-based temporal reasoning algorithms with applications to planning", "url": "http://www.researchgate.net/profile/Ioannis_Tsamardinos/publication/230561978_Constraint-Based_Temporal_Reasoning_Algorithms_with_Applications_to_Planning/links/02e7e51e7c5907b6b7000000.pdf", "url_versions": "http://scholar.google.com/scholar?cluster=11694040577047882765&hl=en&as_sdt=1,5&sciodt=1,5&as_vis=1", "authors": "I Tsamardinos -", "excerpt": "Abstract A number of systems and applications model time explicitly and so require expressive temporal formalisms and efficient reasoning algorithms. In particular, an increasing number of planning systems deal with metric, quantitative time. This  ...", "url_pdf": "http://www.researchgate.net/profile/Ioannis_Tsamardinos/publication/230561978_Constraint-Based_Temporal_Reasoning_Algorithms_with_Applications_to_Planning/links/02e7e51e7c5907b6b7000000.pdf", "num_citations": 27, "cluster_id": "11694040577047882765", "year": "2001", "url_citations": "http://scholar.google.com/scholar?cites=11694040577047882765&as_sdt=2005&sciodt=1,5&hl=en"}, {"num_versions": 6, "url_citation": null, "title": "A brief overview of over-constrained systems", "url": "http://link.springer.com/chapter/10.1007/3-540-61479-6_16", "url_versions": "http://scholar.google.com/scholar?cluster=2227824913551206694&hl=en&as_sdt=1,5&sciodt=1,5&as_vis=1", "authors": "M Jampel -", "excerpt": "We survey previous work on resolving over-constrained systems, and previous theories and frameworks for expressing partial, preferential, and hierarchical information. We provide an extensive bibliography.   ... E. Aarts and J. Korst. Simulated Annealing and Boltzmann Machines.  ... ", "url_pdf": null, "num_citations": 57, "cluster_id": "2227824913551206694", "year": "1996", "url_citations": "http://scholar.google.com/scholar?cites=2227824913551206694&as_sdt=2005&sciodt=1,5&hl=en"}, {"num_versions": 20, "url_citation": null, "title": "Efficient Memoization for Dynamic Programming with Ad-Hoc Constraints.", "url": "http://www.aaai.org/Papers/AAAI/2008/AAAI08-047.pdf", "url_versions": "http://scholar.google.com/scholar?cluster=16234155724658216026&hl=en&as_sdt=1,5&sciodt=1,5&as_vis=1", "authors": "J Jaffar, AE Santosa, R Voicu - AAAI", "excerpt": "Abstract We address the problem of effective reuse of subproblem solutions in dynamic programming. In dynamic programming, a memoed solution of a subproblem can be reused for another if the latter's context is a special case of the former. Our objective is to  ...", "url_pdf": "http://www.aaai.org/Papers/AAAI/2008/AAAI08-047.pdf", "num_citations": 28, "cluster_id": "16234155724658216026", "year": "2008", "url_citations": "http://scholar.google.com/scholar?cites=16234155724658216026&as_sdt=2005&sciodt=1,5&hl=en"}, {"num_versions": 10, "url_citation": null, "title": "Dynamic flexible constraint satisfaction and its application to AI planning", "url": "http://scholar.google.com/https://books.google.com/books?hl=en&lr=&id=Nw3lBwAAQBAJ&oi=fnd&pg=PR16&ots=OPKBZeMKhm&sig=jQgrziKFf3VU6tTIqEeVyRYl9go", "url_versions": "http://scholar.google.com/scholar?cluster=6350753303853832323&hl=en&as_sdt=1,5&sciodt=1,5&as_vis=1", "authors": "I Miguel -", "excerpt": "First, I would like to thank my principal supervisor Dr Qiang Shen for all his help, advice and friendship throughout. Many thanks also to my second supervisor Dr Peter Jarvis for his enthusiasm, help and friendship. I would also like to thank the other members of the  ...", "url_pdf": null, "num_citations": 34, "cluster_id": "6350753303853832323", "year": "2012", "url_citations": "http://scholar.google.com/scholar?cites=6350753303853832323&as_sdt=2005&sciodt=1,5&hl=en"}, {"num_versions": 13, "url_citation": null, "title": "Conflict-driven clause learning SAT solvers", "url": "http://scholar.google.com/https://www.enseignement.polytechnique.fr/informatique/INF321/TD/TD910/files/SATHandbook-CDCL.pdf", "url_versions": "http://scholar.google.com/scholar?cluster=4023239531490238440&hl=en&as_sdt=1,5&sciodt=1,5&as_vis=1", "authors": "A Biere, M Heule, H van Maaren\u2026 - Handbook of  \u2026", "excerpt": "One of the main reasons for the widespread use of SAT in many applications is that Conflict-Driven Clause Learning (CDCL) Boolean Satisfiability (SAT) solvers are so effective in practice. Since their inception in the mid-90s, CDCL SAT solvers have been applied, in  ...", "url_pdf": "http://scholar.google.com/https://www.enseignement.polytechnique.fr/informatique/INF321/TD/TD910/files/SATHandbook-CDCL.pdf", "num_citations": 157, "cluster_id": "4023239531490238440", "year": "2009", "url_citations": "http://scholar.google.com/scholar?cites=4023239531490238440&as_sdt=2005&sciodt=1,5&hl=en"}, {"num_versions": 9, "url_citation": null, "title": "Metaheuristics: A bibliography", "url": "http://link.springer.com/article/10.1007/BF02125421", "url_versions": "http://scholar.google.com/scholar?cluster=12210153971864818246&hl=en&as_sdt=1,5&sciodt=1,5&as_vis=1", "authors": "IH Osman, G Laporte - Annals of Operations research", "excerpt": "Abstract Metaheuristics are the most exciting development in approximate optimization techniques of the last two decades. They have had widespread successes in attacking a variety of difficult combinatorial optimization problems that arise in many practical areas.  ...", "url_pdf": null, "num_citations": 594, "cluster_id": "12210153971864818246", "year": "1996", "url_citations": "http://scholar.google.com/scholar?cites=12210153971864818246&as_sdt=2005&sciodt=1,5&hl=en"}]