[{"num_versions": 3, "url_citation": null, "title": "Deep correspondence restricted Boltzmann machine for cross-modal retrieval", "url": "http://www.sciencedirect.com/science/article/pii/S0925231214016841", "url_versions": "http://scholar.google.com/scholar?cluster=17778643917507423659&hl=en&as_sdt=1,5&sciodt=1,5&as_vis=1", "authors": "F Feng, R Li, X Wang - Neurocomputing", "excerpt": "Abstract The task of cross-modal retrieval, ie, using a text query to search for images or vice versa, has received considerable attention with the rapid growth of multi-modal web data. Modeling the correlations between different modalities is the key to tackle this problem. In  ...", "url_pdf": null, "num_citations": 2, "cluster_id": "17778643917507423659", "year": "2015", "url_citations": "http://scholar.google.com/scholar?cites=17778643917507423659&as_sdt=2005&sciodt=1,5&hl=en"}, {"num_versions": 3, "url_citation": null, "title": "Cross-modal retrieval with correspondence autoencoder", "url": "http://dl.acm.org/citation.cfm?id=2654902", "url_versions": "http://scholar.google.com/scholar?cluster=3286245540879480275&hl=en&as_sdt=1,5&sciodt=1,5&as_vis=1", "authors": "F Feng, X Wang, R Li - Proceedings of the ACM International Conference \u2026", "excerpt": "Abstract The problem of cross-modal retrieval, eg, using a text query to search for images and vice-versa, is considered in this paper. A novel model involving correspondence autoencoder (Corr-AE) is proposed here for solving this problem. The model is  ...", "url_pdf": null, "num_citations": 13, "cluster_id": "3286245540879480275", "year": "2014", "url_citations": "http://scholar.google.com/scholar?cites=3286245540879480275&as_sdt=2005&sciodt=1,5&hl=en"}, {"num_versions": 5, "url_citation": null, "title": "Obtaining Cross Modal Similarity Metric with Deep Neural Architecture", "url": "http://downloads.hindawi.com/journals/mpe/aip/293176.pdf", "url_versions": "http://scholar.google.com/scholar?cluster=12340317919348862617&hl=en&as_sdt=1,5&sciodt=1,5&as_vis=1", "authors": "R Li, F Feng, X Wang, P Lu, B Li - \u2026 Problems in Engineering", "excerpt": "Abstract\u2014Analyzing complex system with multimodal data, such as image and text, has recently received tremendous attention. Modeling the relationship between different modalities is the key to address this problem. Motivated by recent successful applications  ...", "url_pdf": "http://downloads.hindawi.com/journals/mpe/aip/293176.pdf", "num_citations": 0, "cluster_id": null, "year": "2015", "url_citations": null}, {"num_versions": 7, "url_citation": null, "title": "Learning Document Semantic Representation with Hybrid Deep Belief Network", "url": "http://www.hindawi.com/journals/cin/2015/650527/abs/", "url_versions": "http://scholar.google.com/scholar?cluster=17949371391378435290&hl=en&as_sdt=1,5&sciodt=1,5&as_vis=1", "authors": "Y Yan, XC Yin, S Li, M Yang, HW Hao - Computational intelligence and \u2026", "excerpt": "High-level abstraction, for example, semantic representation, is vital for document classification and retrieval. However, how to learn document semantic representation is still a topic open for discussion in information retrieval and natural language processing. In  ...", "url_pdf": null, "num_citations": 1, "cluster_id": "17949371391378435290", "year": "2015", "url_citations": "http://scholar.google.com/scholar?cites=17949371391378435290&as_sdt=2005&sciodt=1,5&hl=en"}]