[{"num_versions": 7, "url_citation": null, "title": "Socialinio darbo praktikos bendruomen\u0117je organizavimas mokymosi mokytis kompetencijos ugdymo aspektu: student\u0173 po\u017ei\u016bris", "url": "http://www.ceeol.com/aspx/getdocument.aspx?logid=5&id=faaf7a10bd224281a61e6ff85ec5f15f", "url_versions": "http://scholar.google.com/scholar?cluster=7000399849921408300&hl=en&as_sdt=1,5&sciodt=1,5&as_vis=1", "authors": "V Indra\u0161ien\u0117, J Sadauskas - Socialinis darbas", "excerpt": "Straipsnyje nagrin\u0117jamas socialinio darbo praktikos bendruomen\u0117je fenomenas kaip mokymosi mokytis kompetencijos prielaida. Mokymosi mokytis geb\u0117jim\u0173 gilinimas ir pl\u0117tojimas taip pat svarbus b\u016bsimiems socialinio darbo profesionalams. Mokymosi  ...", "url_pdf": null, "num_citations": 0, "cluster_id": null, "year": "2013", "url_citations": null}, {"num_versions": 2, "url_citation": null, "title": "Propuestas de dise\u00f1o, desarrollo e innovaciones curriculares y metodolog\u00eda en el EEES", "url": "http://rua.ua.es/dspace/handle/10045/13199", "url_versions": "http://scholar.google.com/scholar?cluster=11885799148502828207&hl=en&as_sdt=1,5&sciodt=1,5&as_vis=1", "authors": "C G\u00f3mez Lucas -", "excerpt": "Colecci\u00f3n de iniciativas de redes colaborativas en innovaci\u00f3n educativa dentro de la Universidad de Alicante, cubriendo aspectos como el dise\u00f1o, desarrollo de diversas innovaciones curriculares y aplicaciones espec\u00edficas de metodolog\u00edas docentes en el  ...", "url_pdf": null, "num_citations": 1, "cluster_id": "11885799148502828207", "year": "2009", "url_citations": "http://scholar.google.com/scholar?cites=11885799148502828207&as_sdt=2005&sciodt=1,5&hl=en"}, {"num_versions": 0, "url_citation": null, "title": "An exploration of the differing perceptions of problem-based learning (PBL) from students and facilitators of diverse cultural backgrounds, in the fields of  \u2026", "url": "http://gradworks.umi.com/36/03/3603086.html", "url_versions": null, "authors": "NLY Fung -", "excerpt": "Abstract: Theological education has not widely utilized the PBL approach and there is very little research examining the utility of PBL in theological education. Lectures are currently the preferred teaching method in theological education, however, it is recognized that there is  ...", "url_pdf": null, "num_citations": 1, "cluster_id": "10504605552502273233", "year": "2013", "url_citations": "http://scholar.google.com/scholar?cites=10504605552502273233&as_sdt=2005&sciodt=1,5&hl=en"}, {"num_versions": 2, "url_citation": null, "title": "Evidence-based practice: Integrating classroom curriculum and field education", "url": "http://www.tandfonline.com/doi/abs/10.1080/08841233.2011.580258", "url_versions": "http://scholar.google.com/scholar?cluster=13214912506739054633&hl=en&as_sdt=1,5&sciodt=1,5&as_vis=1", "authors": "E Tuchman, M Lalane - Journal of Teaching in Social Work", "excerpt": "This article describes the use of problem-based learning to teach the scope and consequences of evidence-based practices in mental health through an innovative assignment that integrates classroom and field learning. The authors illustrate the  ...", "url_pdf": null, "num_citations": 6, "cluster_id": "13214912506739054633", "year": "2011", "url_citations": "http://scholar.google.com/scholar?cites=13214912506739054633&as_sdt=2005&sciodt=1,5&hl=en"}, {"num_versions": 0, "url_citation": null, "title": "Meeting the critical need for trauma education in social work: A problem-based learning approach", "url": "http://www.tandfonline.com/doi/abs/10.1080/10437797.2014.856235", "url_versions": null, "authors": "VC Strand, R Abramovitz, CM Layne\u2026 - Journal of Social  \u2026", "excerpt": "There is a growing imperative to prepare MSW social work students for trauma-informed evidence-based practice. Given strong recommendations and promising developments within social work education and practice in this regard, a clinical elective for the  ...", "url_pdf": null, "num_citations": 4, "cluster_id": "16705848062661128647", "year": "2014", "url_citations": "http://scholar.google.com/scholar?cites=16705848062661128647&as_sdt=2005&sciodt=1,5&hl=en"}, {"num_versions": 4, "url_citation": null, "title": "A cross-curricular, problem-based project to promote understanding of poverty in urban communities", "url": "http://www.tandfonline.com/doi/abs/10.5175/JSWE.2010.200800094", "url_versions": "http://scholar.google.com/scholar?cluster=3345730871794873219&hl=en&as_sdt=1,5&sciodt=1,5&as_vis=1", "authors": "DS Gardner, E Tuchman, R Hawkins - Journal of Social Work  \u2026", "excerpt": "This article describes the use of problem-based learning to teach students about the scope and consequences of urban poverty through an innovative cross-curricular project. We illustrate the process, goals, and tasks of the Community Assessment Project, which  ...", "url_pdf": null, "num_citations": 2, "cluster_id": "3345730871794873219", "year": "2010", "url_citations": "http://scholar.google.com/scholar?cites=3345730871794873219&as_sdt=2005&sciodt=1,5&hl=en"}, {"num_versions": 2, "url_citation": null, "title": "Re-engineering the multiple choice question exam for social work", "url": "http://www.tandfonline.com/doi/abs/10.1080/13691457.2012.691873", "url_versions": "http://scholar.google.com/scholar?cluster=1664865928318448427&hl=en&as_sdt=1,5&sciodt=1,5&as_vis=1", "authors": "G Heron, J Lerpiniere - European Journal of Social Work", "excerpt": "The aim of this study is to devise a multiple choice question (MCQ) exam that provides students with opportunities to engage in a deep approach to learning. Multiple choice assessment is largely unused in social work degree courses in the UK because of  ...", "url_pdf": null, "num_citations": 1, "cluster_id": "1664865928318448427", "year": "2013", "url_citations": "http://scholar.google.com/scholar?cites=1664865928318448427&as_sdt=2005&sciodt=1,5&hl=en"}, {"num_versions": 5, "url_citation": null, "title": "Enhancing student learning with case-based learning objects in a problem-based learning context: the views of social work students in Scotland and Canada", "url": "http://strathprints.strath.ac.uk/32297/", "url_versions": "http://scholar.google.com/scholar?cluster=11332260640178736749&hl=en&as_sdt=1,5&sciodt=1,5&as_vis=1", "authors": "N Ballantyne, A Knowles - Journal of Online Learning and  \u2026", "excerpt": "This paper summarizes the results of an evaluation of students' perspectives comparing learning from a multimedia case-based learning object with learning from text-based case studies. A secondary goal of the study was to test the reusability of the learning object in  ...", "url_pdf": null, "num_citations": 12, "cluster_id": "11332260640178736749", "year": "2007", "url_citations": "http://scholar.google.com/scholar?cites=11332260640178736749&as_sdt=2005&sciodt=1,5&hl=en"}, {"num_versions": 2, "url_citation": null, "title": "Designing instruction for speed: Qualitative insights into instructional design for accelerated online graduate coursework", "url": "http://www.westga.edu/%7Edistance/ojdla/winter164/trekles_sims164.html", "url_versions": "http://scholar.google.com/scholar?cluster=3563984250802829615&hl=en&as_sdt=1,5&sciodt=1,5&as_vis=1", "authors": "AM Trekles, R Sims - Online Journal of Distance Learning  \u2026", "excerpt": "Abstract The purpose of this exploratory case study was to explore instructional design strategies and characteristics of online, asynchronous accelerated courses and students' choices of deep or surface learning approaches within this environment. An increasing  ...", "url_pdf": null, "num_citations": 1, "cluster_id": "3563984250802829615", "year": "2013", "url_citations": "http://scholar.google.com/scholar?cites=3563984250802829615&as_sdt=2005&sciodt=1,5&hl=en"}, {"num_versions": 3, "url_citation": null, "title": "Effective Consultation in Educational and Child Psychology Practice Professional Training for Both Competence and Capability", "url": "http://spi.sagepub.com/content/30/6/603.short", "url_versions": "http://scholar.google.com/scholar?cluster=3149694376135342311&hl=en&as_sdt=1,5&sciodt=1,5&as_vis=1", "authors": "EK Kennedy, RJ Cameron\u2026 - School Psychology  \u2026", "excerpt": "Abstract How should applied psychology practitioners be prepared to meet an increasingly challenging and unpredictable working context? This article explores some of the key current issues for educational and child psychology practitioners and their professional  ...", "url_pdf": null, "num_citations": 6, "cluster_id": "3149694376135342311", "year": "2009", "url_citations": "http://scholar.google.com/scholar?cites=3149694376135342311&as_sdt=2005&sciodt=1,5&hl=en"}, {"num_versions": 4, "url_citation": null, "title": "Student-directed projects: An international case study for social work education", "url": "http://www.tandfonline.com/doi/abs/10.5175/JSWE.2010.200900006", "url_versions": "http://scholar.google.com/scholar?cluster=6801393682165223326&hl=en&as_sdt=1,5&sciodt=1,5&as_vis=1", "authors": "GA Chowa, D Ansong - Journal of Social Work Education", "excerpt": "Student-directed projects are increasingly becoming a common phenomenon in schools of social work across the United States. Students acquire a great learning experience from these projects, which sharpen their skills in leadership, innovation, and practice. Social  ...", "url_pdf": null, "num_citations": 1, "cluster_id": "6801393682165223326", "year": "2010", "url_citations": "http://scholar.google.com/scholar?cites=6801393682165223326&as_sdt=2005&sciodt=1,5&hl=en"}, {"num_versions": 5, "url_citation": null, "title": "Maximizing student learning: A case example of applying teaching and learning theory in social work education", "url": "http://www.tandfonline.com/doi/abs/10.1080/02615479.2010.505262", "url_versions": "http://scholar.google.com/scholar?cluster=13332691847921833893&hl=en&as_sdt=1,5&sciodt=1,5&as_vis=1", "authors": "BA Teater - Social Work Education", "excerpt": "Social work is a practising profession and when students undergo a social work undergraduate course they are expected to learn and apply the knowledge, skills and values necessary for their future social work career. As an educator, the challenge exists  ...", "url_pdf": null, "num_citations": 14, "cluster_id": "13332691847921833893", "year": "2011", "url_citations": "http://scholar.google.com/scholar?cites=13332691847921833893&as_sdt=2005&sciodt=1,5&hl=en"}, {"num_versions": 2, "url_citation": null, "title": "Teaching inferential statistics to social work students: A decision-making flow chart", "url": "http://www.tandfonline.com/doi/abs/10.1080/08841233.2012.670065", "url_versions": "http://scholar.google.com/scholar?cluster=16675750332267601634&hl=en&as_sdt=1,5&sciodt=1,5&as_vis=1", "authors": "KA Calderwood - Journal of Teaching in Social Work", "excerpt": "Given that social work research courses are typically built on modernist principles of teaching and content, it is not surprising that the majority of social work students dread these courses. Few attempts have been made to better align the modernist content of  ...", "url_pdf": null, "num_citations": 6, "cluster_id": "16675750332267601634", "year": "2012", "url_citations": "http://scholar.google.com/scholar?cites=16675750332267601634&as_sdt=2005&sciodt=1,5&hl=en"}, {"num_versions": 3, "url_citation": null, "title": "Blended learning in rural social work education: Reflections from a new Australian Bachelor of Social Work course", "url": "http://www.tandfonline.com/doi/abs/10.1080/02615479.2012.668181", "url_versions": "http://scholar.google.com/scholar?cluster=7988350834158214082&hl=en&as_sdt=1,5&sciodt=1,5&as_vis=1", "authors": "M Maple, H Jarrott, AB Kuyini - Social Work Education", "excerpt": "This paper explores the developmental stages and phases of a new blended learning social work course at a rural Australian university. The background to the development of the discipline will be presented, with an exploration of the challenges and outcomes of  ...", "url_pdf": null, "num_citations": 2, "cluster_id": "7988350834158214082", "year": "2013", "url_citations": "http://scholar.google.com/scholar?cites=7988350834158214082&as_sdt=2005&sciodt=1,5&hl=en"}, {"num_versions": 5, "url_citation": null, "title": "An exploration of the knowledge base used by irish and US child protection social workers in the assessment of intimate partner violence", "url": "http://www.tandfonline.com/doi/abs/10.1080/15433714.2013.840184", "url_versions": "http://scholar.google.com/scholar?cluster=10512955279734511243&hl=en&as_sdt=1,5&sciodt=1,5&as_vis=1", "authors": "MA Forgey, M Allen, J Hansen - Journal of evidence-based social  \u2026", "excerpt": "Child welfare practitioners in many countries now have increased responsibility for assessing intimate partner violence (IPV) as part of their child risk assessment process. Much research-based knowledge has accumulated about IPV and its impact on children  ...", "url_pdf": null, "num_citations": 1, "cluster_id": "10512955279734511243", "year": "2014", "url_citations": "http://scholar.google.com/scholar?cites=10512955279734511243&as_sdt=2005&sciodt=1,5&hl=en"}, {"num_versions": 8, "url_citation": null, "title": "A critical discussion of deep and surface processing: What it means, how it is measured, the role of context, and model specification", "url": "http://link.springer.com/article/10.1007/s10648-012-9198-7", "url_versions": "http://scholar.google.com/scholar?cluster=10707756886493239945&hl=en&as_sdt=1,5&sciodt=1,5&as_vis=1", "authors": "DL Dinsmore, PA Alexander - Educational Psychology Review", "excerpt": "Abstract The prevailing assumption by some that deep processing promotes stronger learning outcomes while surface processing promotes weaker learning outcomes has been called into question by the inconsistency and ambiguity of results in investigations of the  ...", "url_pdf": null, "num_citations": 25, "cluster_id": "10707756886493239945", "year": "2012", "url_citations": "http://scholar.google.com/scholar?cites=10707756886493239945&as_sdt=2005&sciodt=1,5&hl=en"}]