[{"num_versions": 5, "url_citation": null, "title": "Performance of college students: Impact of study time and study habits", "url": "http://www.tandfonline.com/doi/abs/10.1080/08832320903449550", "url_versions": "http://scholar.google.com/scholar?cluster=5372399469523187562&hl=en&as_sdt=1,5&sciodt=1,5&as_vis=1", "authors": "SA Nonis, GI Hudson - Journal of Education for Business", "excerpt": "Available empirical research investigating the relationship that study time has with college student performance has seen mixed results. Positive, negative, and no relationship between the two variables has been reported (GA Krohn & CM O'Conner, 2005; AG  ...", "url_pdf": null, "num_citations": 74, "cluster_id": "5372399469523187562", "year": "2010", "url_citations": "http://scholar.google.com/scholar?cites=5372399469523187562&as_sdt=2005&sciodt=1,5&hl=en"}, {"num_versions": 4, "url_citation": null, "title": "Medical student characteristics associated with time in study: Is spending more time always a good thing?", "url": "http://www.tandfonline.com/doi/abs/10.1080/01421590601175317", "url_versions": "http://scholar.google.com/scholar?cluster=15247490282125530559&hl=en&as_sdt=1,5&sciodt=1,5&as_vis=1", "authors": "TJ Wilkinson, JE Wells, JA Bushnell - Medical Teacher", "excerpt": "Background: Time in study may reflect motivation, but may also reflect inefficient study habits. Purpose: To determine how time in study relates to motivation and study approaches. Methods: A total of 173 fourth-and fifth-year students in a six-year curriculum completed  ...", "url_pdf": null, "num_citations": 17, "cluster_id": "15247490282125530559", "year": "2007", "url_citations": "http://scholar.google.com/scholar?cites=15247490282125530559&as_sdt=2005&sciodt=1,5&hl=en"}, {"num_versions": 8, "url_citation": null, "title": "Exploring research on Internet-based learning: From infrastructure to interactions", "url": "http://citeseerx.ist.psu.edu/viewdoc/download?doi=10.1.1.502.1903&rep=rep1&type=pdf", "url_versions": "http://scholar.google.com/scholar?cluster=7809612607563232040&hl=en&as_sdt=1,5&sciodt=1,5&as_vis=1", "authors": "JR Hill, D Wiley, LM Nelson, S Han - Handbook of research on educational \u2026", "excerpt": "Internet-based technologies are expanding and changing at an exponential rate. Few technologies have had such a global impact; further, few technologies have impacted such a wide range of sectors in our society across and within various socioeconomic groups. This  ...", "url_pdf": null, "num_citations": 144, "cluster_id": "7809612607563232040", "year": "2004", "url_citations": "http://scholar.google.com/scholar?cites=7809612607563232040&as_sdt=2005&sciodt=1,5&hl=en"}, {"num_versions": 3, "url_citation": null, "title": "Learning needs time and effort: a time-use study of engineering students", "url": "http://www.tandfonline.com/doi/abs/10.1080/03043790802564046", "url_versions": "http://scholar.google.com/scholar?cluster=13719501259901288260&hl=en&as_sdt=1,5&sciodt=1,5&as_vis=1", "authors": "S Kolari, C Savander-Ranne\u2026 - European Journal of  \u2026", "excerpt": "Several time-use studies in engineering education have shown that students use less time studying than has been allocated in the curricula. It is questionable whether a scarce use of time can lead to deeper understanding and the ability to apply knowledge in problem- ...", "url_pdf": null, "num_citations": 30, "cluster_id": "13719501259901288260", "year": "2008", "url_citations": "http://scholar.google.com/scholar?cites=13719501259901288260&as_sdt=2005&sciodt=1,5&hl=en"}, {"num_versions": 9, "url_citation": null, "title": "Retail loyalty schemes: results from a consumer diary study", "url": "http://www.sciencedirect.com/science/article/pii/S0969698902000073", "url_versions": "http://scholar.google.com/scholar?cluster=10906794827977811594&hl=en&as_sdt=1,5&sciodt=1,5&as_vis=1", "authors": "A Smith, L Sparks, S Hart, N Tzokas - Journal of Retailing and Consumer  \u2026", "excerpt": "This paper reports a diary study into retail loyalty card effects. Thirty informants\u201410 cardholders matched with 10 non-cardholders using the same retailers, and 10 cardholders within one scheme\u2014were required to record their attitudes towards, their experience of  ...", "url_pdf": null, "num_citations": 76, "cluster_id": "10906794827977811594", "year": "2003", "url_citations": "http://scholar.google.com/scholar?cites=10906794827977811594&as_sdt=2005&sciodt=1,5&hl=en"}, {"num_versions": 8, "url_citation": null, "title": "Correlation of examination performance with lecture attendance: a comparative study of first\u2010year biological sciences undergraduates", "url": "http://onlinelibrary.wiley.com/doi/10.1016/S0307-4412%2898%2900055-7/abstract", "url_versions": "http://scholar.google.com/scholar?cluster=10931023854693432912&hl=en&as_sdt=1,5&sciodt=1,5&as_vis=1", "authors": "D Gatherer, FCR Manning - Biochemical Education", "excerpt": "Abstract Examination performance of first-year biological sciences undergraduates (n= 152) was found to be statistically significantly (p< 0.0005) correlated with lecture attendance. This correlation was particularly strong for non-Anglophone and UK ethnic minority students (r=  ...", "url_pdf": null, "num_citations": 56, "cluster_id": "10931023854693432912", "year": "1998", "url_citations": "http://scholar.google.com/scholar?cites=10931023854693432912&as_sdt=2005&sciodt=1,5&hl=en"}, {"num_versions": 4, "url_citation": null, "title": "Teaching time and organizational management skills to first year health science students: does training make a difference?", "url": "http://www.tandfonline.com/doi/abs/10.1080/0309877042000241742", "url_versions": "http://scholar.google.com/scholar?cluster=16934674989884809569&hl=en&as_sdt=1,5&sciodt=1,5&as_vis=1", "authors": "M Lincoln, BJ Adamson, T Covic - Journal of Further and higher  \u2026", "excerpt": "The present study reports on new research conducted to determine whether teaching time and organizational skills using a training package can improve these skills. The Abbreviated Time Management Indicator (ATMI) developed by Roberts et al. was used to assess time  ...", "url_pdf": null, "num_citations": 21, "cluster_id": "16934674989884809569", "year": "2004", "url_citations": "http://scholar.google.com/scholar?cites=16934674989884809569&as_sdt=2005&sciodt=1,5&hl=en"}, {"num_versions": 0, "url_citation": null, "title": "Abordagens \u00e0 aprendizagem e abordagens ao ensino: Uma aproxima\u00e7\u00e3o \u00e0 din\u00e2mica do aprender no Secund\u00e1rio", "url": "http://repositorium.sdum.uminho.pt/handle/1822/7614", "url_versions": null, "authors": "MOA Paiva -", "excerpt": "Integrada na linha de investiga\u00e7\u00e3o SAL (Student Approaches to Learning), esta disserta\u00e7\u00e3o centra-se nas abordagens \u00e0 aprendizagem utilizadas pelos alunos e nas abordagens ao ensino adoptadas pelos professores. O 1. \u00ba objectivo foi orientado para a an\u00e1lise da  ...", "url_pdf": null, "num_citations": 26, "cluster_id": "8674072053786753597", "year": "2008", "url_citations": "http://scholar.google.com/scholar?cites=8674072053786753597&as_sdt=2005&sciodt=1,5&hl=en"}, {"num_versions": 4, "url_citation": null, "title": "A study of collaborative learning style and team learning performance", "url": "http://www.emeraldinsight.com/doi/pdf/10.1108/00400910510592257", "url_versions": "http://scholar.google.com/scholar?cluster=17705781694671319940&hl=en&as_sdt=1,5&sciodt=1,5&as_vis=1", "authors": "H Julie Yazici - Education+ Training", "excerpt": "Purpose-Self-directed work teams are seen as an important mechanism for dealing with today's complex and rapidly changing business environment. Team learning is an attempt to prepare students to real-world experiences. But, not all teamwork is effective. This paper  ...", "url_pdf": null, "num_citations": 97, "cluster_id": "17705781694671319940", "year": "2005", "url_citations": "http://scholar.google.com/scholar?cites=17705781694671319940&as_sdt=2005&sciodt=1,5&hl=en"}, {"num_versions": 3, "url_citation": null, "title": "Student attendance in an accounting module\u2013reasons for non-attendance and the effect on academic performance at a Scottish University", "url": "http://www.tandfonline.com/doi/abs/10.1080/0963928042000310788", "url_versions": "http://scholar.google.com/scholar?cluster=5472508131341981957&hl=en&as_sdt=1,5&sciodt=1,5&as_vis=1", "authors": "C Paisey*, NJ Paisey - Accounting education", "excerpt": "This paper aims to focus on two aspects of student attendance, an area that has received little attention in the higher education literature, namely the reasons why some students do not attend classes, and the issue of whether attendance improves academic performance.  ...", "url_pdf": null, "num_citations": 53, "cluster_id": "5472508131341981957", "year": "2004", "url_citations": "http://scholar.google.com/scholar?cites=5472508131341981957&as_sdt=2005&sciodt=1,5&hl=en"}, {"num_versions": 6, "url_citation": null, "title": "Do our engineering students spend enough time studying?", "url": "http://www.tandfonline.com/doi/abs/10.1080/03043790600797061", "url_versions": "http://scholar.google.com/scholar?cluster=10949600847027654759&hl=en&as_sdt=1,5&sciodt=1,5&as_vis=1", "authors": "S Kolari, C Savander-Ranne\u2026 - European Journal of  \u2026", "excerpt": "In higher education one of the most important learning goals is deep understanding. Achieving this goal needs time and effort. The authors discuss their observations of student time use on the basis of several case studies which they have conducted in the field of  ...", "url_pdf": null, "num_citations": 26, "cluster_id": "10949600847027654759", "year": "2006", "url_citations": "http://scholar.google.com/scholar?cites=10949600847027654759&as_sdt=2005&sciodt=1,5&hl=en"}, {"num_versions": 3, "url_citation": null, "title": "The effect of time online on grades in online sociology courses", "url": "http://jolt.merlot.org/vol8no1/ryabov_0312.htm", "url_versions": "http://scholar.google.com/scholar?cluster=17305278347302239776&hl=en&as_sdt=1,5&sciodt=1,5&as_vis=1", "authors": "I Ryabov - MERLOT Journal of Online Learning and Teaching", "excerpt": "Abstract Throughout the past decade, web-based teaching and learning have experienced tremendous growth. Yet, research aimed at evaluating determinants of student learning outcomes in online courses is lagging behind. The majority of studies of online student  ...", "url_pdf": null, "num_citations": 11, "cluster_id": "17305278347302239776", "year": "2012", "url_citations": "http://scholar.google.com/scholar?cites=17305278347302239776&as_sdt=2005&sciodt=1,5&hl=en"}, {"num_versions": 4, "url_citation": null, "title": "Evaluating learning approaches of construction students in Hong Kong through a matrix framework", "url": "http://ascelibrary.org/doi/abs/10.1061/%28ASCE%291052-3928%282004%29130:3%28189%29", "url_versions": "http://scholar.google.com/scholar?cluster=3914016445151721795&hl=en&as_sdt=1,5&sciodt=1,5&as_vis=1", "authors": "M Leung, ST Ng, Y Li - Journal of Professional Issues in  \u2026", "excerpt": "Learning is a process of acquiring knowledge, and students may adopt different learning approaches to achieving their learning goals. While educationalists can draw up what they believe is a good construction curriculum for students, students' learning would depend on  ...", "url_pdf": null, "num_citations": 18, "cluster_id": "3914016445151721795", "year": "2004", "url_citations": "http://scholar.google.com/scholar?cites=3914016445151721795&as_sdt=2005&sciodt=1,5&hl=en"}, {"num_versions": 3, "url_citation": null, "title": "Assessment in higher education: Student learning, teaching, programmes and institutions", "url": "http://scholar.google.com/https://books.google.com/books?hl=en&lr=&id=4bn83L0gURQC&oi=fnd&pg=PA7&ots=SUVuWqqnyv&sig=nE11hdFZyFzsmeBwGLLvvmwI0Tk", "url_versions": "http://scholar.google.com/scholar?cluster=11431764762694245791&hl=en&as_sdt=1,5&sciodt=1,5&as_vis=1", "authors": "J Heywood -", "excerpt": "Assessment in Higher Education-Student Learning, Teaching, Programmes and Institutions is John Heywood's latest contribution to the assessment debate. Building on his previous work it examines not only the assessment of student learning but the assessment of  ...", "url_pdf": null, "num_citations": 464, "cluster_id": "11431764762694245791", "year": "2000", "url_citations": "http://scholar.google.com/scholar?cites=11431764762694245791&as_sdt=2005&sciodt=1,5&hl=en"}, {"num_versions": 2, "url_citation": null, "title": "Instrumental performance expertise and amount of practice among instrumental students in a conservatoire", "url": "http://www.tandfonline.com/doi/pdf/10.1080/14613800220119804", "url_versions": "http://scholar.google.com/scholar?cluster=11427132211730811035&hl=en&as_sdt=1,5&sciodt=1,5&as_vis=1", "authors": "HJ\u2298 rgensen - Music Education Research", "excerpt": "This article focuses on the relationship between amount of instrumental practice and instrumental achievement. The context of the study is a conservatoire of music. The result from a quantitative study indicates a positive relationship between current practice time  ...", "url_pdf": null, "num_citations": 65, "cluster_id": "11427132211730811035", "year": "2002", "url_citations": "http://scholar.google.com/scholar?cites=11427132211730811035&as_sdt=2005&sciodt=1,5&hl=en"}, {"num_versions": 4, "url_citation": null, "title": "Where does the time go? A diary approach to business and marketing students' time use", "url": "http://jmd.sagepub.com/content/28/2/121.short", "url_versions": "http://scholar.google.com/scholar?cluster=5682325120312662085&hl=en&as_sdt=1,5&sciodt=1,5&as_vis=1", "authors": "SA Nonis, MJ Philhours, GI Hudson - Journal of Marketing  \u2026", "excerpt": "Abstract What are students doing with their time? Existing research mostly has focused on time used for study and/or work in relation to academic outcomes. This study uses a diary approach to explore business and marketing students' time use encompassing all student  ...", "url_pdf": null, "num_citations": 25, "cluster_id": "5682325120312662085", "year": "2006", "url_citations": "http://scholar.google.com/scholar?cites=5682325120312662085&as_sdt=2005&sciodt=1,5&hl=en"}, {"num_versions": 0, "url_citation": null, "title": "Factors Impacting the Academic Status of Undergraduate Students at Four-Year Institutions.", "url": "http://eric.ed.gov/?id=ED465337", "url_versions": null, "authors": "L Ruban, A Nora -", "excerpt": "ABSTRACT This study examined the predictive validity of precollege variables, such as high school rank, high school mathematics and science preparation, motivation, and self-regulated learning variables in predicting academic achievement status for high-and low- ...", "url_pdf": null, "num_citations": 9, "cluster_id": "466093722756397524", "year": "2002", "url_citations": "http://scholar.google.com/scholar?cites=466093722756397524&as_sdt=2005&sciodt=1,5&hl=en"}, {"num_versions": 3, "url_citation": null, "title": "A method for measuring student study time and preliminary results", "url": "http://search.proquest.com/openview/7c3bbf0fb7834ebd1477cd1e6c79e1ee/1?pq-origsite=gscholar", "url_versions": "http://scholar.google.com/scholar?cluster=2657234606860491799&hl=en&as_sdt=1,5&sciodt=1,5&as_vis=1", "authors": "GE Zuriff - College Student Journal", "excerpt": "Wheaton College Norton. MA 02766 A method is described to measure the amount of time that stu~ dents in a college course devote to the course outside the classroom. With con\ufb01dentiality assured. 17 students in an inter\u2014mediate\u2014level psychology course  ...", "url_pdf": null, "num_citations": 19, "cluster_id": "2657234606860491799", "year": "2003", "url_citations": "http://scholar.google.com/scholar?cites=2657234606860491799&as_sdt=2005&sciodt=1,5&hl=en"}, {"num_versions": 5, "url_citation": null, "title": "Is usage a missing link in explaining the perceived learning outcome of technology-mediated learning?", "url": "http://ieeexplore.ieee.org/xpls/abs_all.jsp?arnumber=4439899", "url_versions": "http://scholar.google.com/scholar?cluster=13142849183037282571&hl=en&as_sdt=1,5&sciodt=1,5&as_vis=1", "authors": "PH Soh, AM Subramanian - Engineering Management, IEEE  \u2026", "excerpt": "Abstract\u2014Information systems (IS) researchers have demon-strated that usage is a key variable in explaining the performance impact of information technology. However, existing technologymediated learning (TML) studies have not examined the influence of usage on  ...", "url_pdf": null, "num_citations": 12, "cluster_id": "13142849183037282571", "year": "2008", "url_citations": "http://scholar.google.com/scholar?cites=13142849183037282571&as_sdt=2005&sciodt=1,5&hl=en"}, {"num_versions": 0, "url_citation": null, "title": "Processos auto-regulat\u00f3rios em alunos do 3\u00ba. ciclo do ensino b\u00e1sico: contributos da auto-efic\u00e1cia e da instrumentalidade", "url": "http://repositorium.sdum.uminho.pt/handle/1822/7631", "url_versions": null, "authors": "AA Louren\u00e7o -", "excerpt": "Esta disserta\u00e7\u00e3o teve como racional te\u00f3rico a teoria sociocognitiva de Bandura (1986, 1997). O 1. \u00ba objectivo foi orientado para a an\u00e1lise da dimensionalidade dos seguintes instrumentos: IPAAr (Invent\u00e1rio de Processos de Auto-regula\u00e7\u00e3o da Aprendizagem revisto ...", "url_pdf": null, "num_citations": 29, "cluster_id": "12451950371558302188", "year": "2008", "url_citations": "http://scholar.google.com/scholar?cites=12451950371558302188&as_sdt=2005&sciodt=1,5&hl=en"}, {"num_versions": 12, "url_citation": null, "title": "El aprendizaje escolar examinado desde la perspectiva del\" Modelo 3P\" de J. Biggs", "url": "http://dialnet.unirioja.es/servlet/articulo?codigo=1070686", "url_versions": "http://scholar.google.com/scholar?cluster=16678972160003286056&hl=en&as_sdt=1,5&sciodt=1,5&as_vis=1", "authors": "S Soares, P Ros\u00e1rio, MR Tenor, JCN P\u00e9rez\u2026 - Psicothema", "excerpt": "Resumen El objetivo de este trabajo es presentar la contrastaci\u00f3n de un modelo te\u00f3rico de aprendizaje en el cual se postula que, de acuerdo con el Modelo 3P (Biggs, 1987a, 1993a), las variables de presagio inciden sobre las de producto, mediadas por las de proceso. El  ...", "url_pdf": null, "num_citations": 68, "cluster_id": "16678972160003286056", "year": "2005", "url_citations": "http://scholar.google.com/scholar?cites=16678972160003286056&as_sdt=2005&sciodt=1,5&hl=en"}, {"num_versions": 8, "url_citation": null, "title": "Genre effects on higher education students' text reading for understanding", "url": "http://link.springer.com/article/10.1023/A:1003993801796", "url_versions": "http://scholar.google.com/scholar?cluster=3904314082144800187&hl=en&as_sdt=1,5&sciodt=1,5&as_vis=1", "authors": "H Francis, S Hallam - Higher Education", "excerpt": "Abstract This study provides empirical support for the proposalthat student learning in higher education is affectednot only by prior subject knowledge and by approachesto learning but also by ability to deal with textgenre. It first explores how 22 higher degreestudents on a  ...", "url_pdf": null, "num_citations": 33, "cluster_id": "3904314082144800187", "year": "2000", "url_citations": "http://scholar.google.com/scholar?cites=3904314082144800187&as_sdt=2005&sciodt=1,5&hl=en"}, {"num_versions": 2, "url_citation": null, "title": "The relationships between teacher nonverbal immediacy and student course workload and teacher availability expectations", "url": "http://www.tandfonline.com/doi/abs/10.1080/000368105000317482", "url_versions": "http://scholar.google.com/scholar?cluster=4719494692362926528&hl=en&as_sdt=1,5&sciodt=1,5&as_vis=1", "authors": "TP Mottet, J Parker-Raley, C Cunningham\u2026 - Communication  \u2026", "excerpt": "The purpose of this study is to identify student expectations for course workload and teacher availability and to assess whether teacher nonverbal immediacy influences these student expectations. Based on a sample of 198 students at a large public university enrolled in a  ...", "url_pdf": null, "num_citations": 17, "cluster_id": "4719494692362926528", "year": "2005", "url_citations": "http://scholar.google.com/scholar?cites=4719494692362926528&as_sdt=2005&sciodt=1,5&hl=en"}, {"num_versions": 4, "url_citation": null, "title": "Sustaining learning through assessment: an evaluation of the value of a weekly class quiz", "url": "http://www.tandfonline.com/doi/abs/10.1080/02602930600898593", "url_versions": "http://scholar.google.com/scholar?cluster=16046296593445049157&hl=en&as_sdt=1,5&sciodt=1,5&as_vis=1", "authors": "M Haigh - Assessment & Evaluation in Higher Education", "excerpt": "Commencing each class session with a class quiz, which emphasizes the previous week's work and is supported by immediate feedback, encourages students to revise their notes ahead of the session, undertake more reading and keep pace with course progression. It  ...", "url_pdf": null, "num_citations": 24, "cluster_id": "16046296593445049157", "year": "2007", "url_citations": "http://scholar.google.com/scholar?cites=16046296593445049157&as_sdt=2005&sciodt=1,5&hl=en"}, {"num_versions": 0, "url_citation": null, "title": "Perceptions of learning environments, learning approaches, and learning outcomes: A study of private higher education students in Malaysia from twinning  \u2026", "url": "http://scholar.google.com/https://digital.library.adelaide.edu.au/dspace/handle/2440/37753", "url_versions": null, "authors": "PSC Goh -", "excerpt": "It has been well documented that the deep/surface approaches to learning is an important construct in trying to describe differences in students' experiences of tertiary education contexts, and in trying to understand variations in the quality of their learning outcomes.  ...", "url_pdf": null, "num_citations": 10, "cluster_id": "11967796607795544800", "year": "2005", "url_citations": "http://scholar.google.com/scholar?cites=11967796607795544800&as_sdt=2005&sciodt=1,5&hl=en"}, {"num_versions": 4, "url_citation": null, "title": "First year engineering students' approaches to study", "url": "http://ije.sagepub.com/content/39/3/201.short", "url_versions": "http://scholar.google.com/scholar?cluster=2351173273728195757&hl=en&as_sdt=1,5&sciodt=1,5&as_vis=1", "authors": "JWK Rowe - International Journal of Electrical Engineering  \u2026", "excerpt": "Abstract Student approaches to learning (SAL) and the levels of understanding they achieve are critically linked and closely related to motivation. This paper reports the results of a study involving first year higher education engineering students using the ASI-32 questionnaire  ...", "url_pdf": null, "num_citations": 22, "cluster_id": "2351173273728195757", "year": "2002", "url_citations": "http://scholar.google.com/scholar?cites=2351173273728195757&as_sdt=2005&sciodt=1,5&hl=en"}, {"num_versions": 6, "url_citation": null, "title": "The relationship between lecture attendance and academic performance in an undergraduate psychology class", "url": "http://reference.sabinet.co.za/sa_epublication_article/sapsyc_v37_n3_a16", "url_versions": "http://scholar.google.com/scholar?cluster=16994651685011224628&hl=en&as_sdt=1,5&sciodt=1,5&as_vis=1", "authors": "A Thatcher, P Fridjhon\u2026 - South African Journal of  \u2026", "excerpt": "This article reports on a preliminary investigation into the impact of non-attendance at lectures on the performance of students in a second-year psychology class. Results suggest that the frequency of lecture attendance is significantly, but moderately, related to better  ...", "url_pdf": null, "num_citations": 33, "cluster_id": "16994651685011224628", "year": "2007", "url_citations": "http://scholar.google.com/scholar?cites=16994651685011224628&as_sdt=2005&sciodt=1,5&hl=en"}, {"num_versions": 8, "url_citation": null, "title": "Do diligent students perform better? Complex relations between student and course characteristics, study time, and academic performance in higher education", "url": "http://www.tandfonline.com/doi/abs/10.1080/03075079.2012.721350", "url_versions": "http://scholar.google.com/scholar?cluster=11169369512228697578&hl=en&as_sdt=1,5&sciodt=1,5&as_vis=1", "authors": "C Masui, J Broeckmans, S Doumen\u2026 - Studies in Higher  \u2026", "excerpt": "Research has reported equivocal results regarding the relationship between study time investment and academic performance in higher education. In the setting of the active, assignment-based teaching approach at Hasselt University (Belgium), the present study  ...", "url_pdf": null, "num_citations": 9, "cluster_id": "11169369512228697578", "year": "2014", "url_citations": "http://scholar.google.com/scholar?cites=11169369512228697578&as_sdt=2005&sciodt=1,5&hl=en"}, {"num_versions": 5, "url_citation": null, "title": "Teaching time: Distance education versus classroom instruction", "url": "http://www.tandfonline.com/doi/abs/10.1207/s15389286ajde1802_4", "url_versions": "http://scholar.google.com/scholar?cluster=13585283267162765010&hl=en&as_sdt=1,5&sciodt=1,5&as_vis=1", "authors": "DM Bender, BJ Wood\u2026 - The American Journal of  \u2026", "excerpt": "This study presents time-and-task records of faculty and teaching assistants' time for comparable computer-aided design courses at two state universities in the midwestern United States. One course was taught at a distance and the other course was a  ...", "url_pdf": null, "num_citations": 76, "cluster_id": "13585283267162765010", "year": "2004", "url_citations": "http://scholar.google.com/scholar?cites=13585283267162765010&as_sdt=2005&sciodt=1,5&hl=en"}, {"num_versions": 6, "url_citation": null, "title": "Learning styles of Chinese and Dutch students compared within the context of Dutch higher education in life sciences", "url": "http://www.tandfonline.com/doi/abs/10.1080/13892240802207700", "url_versions": "http://scholar.google.com/scholar?cluster=12469809635657098384&hl=en&as_sdt=1,5&sciodt=1,5&as_vis=1", "authors": "H Biemans, M Van Mil - Journal of agricultural education and  \u2026", "excerpt": "Abstract This study investigated the extent to which the learning styles of Chinese students differ from those of Dutch students. The study was conducted within the context of Englishlanguage Bachelor of Science programmes thatWageningen University offers  ...", "url_pdf": null, "num_citations": 8, "cluster_id": "12469809635657098384", "year": "2008", "url_citations": "http://scholar.google.com/scholar?cites=12469809635657098384&as_sdt=2005&sciodt=1,5&hl=en"}, {"num_versions": 12, "url_citation": null, "title": "Overweight Korean adolescents and academic achievement", "url": "http://link.springer.com/article/10.1007/s10834-009-9147-x", "url_versions": "http://scholar.google.com/scholar?cluster=2014100115707812578&hl=en&as_sdt=1,5&sciodt=1,5&as_vis=1", "authors": "SH Cho, DM Lambert, HJ Kim, SG Kim - Journal of Family and Economic  \u2026", "excerpt": "Abstract The relationship between academic achievement and being overweight among South Korean high school students was examined. Data used in the regression were from the Korean Education and Employment Panel Survey. The theoretical framework that poor  ...", "url_pdf": null, "num_citations": 11, "cluster_id": "2014100115707812578", "year": "2009", "url_citations": "http://scholar.google.com/scholar?cites=2014100115707812578&as_sdt=2005&sciodt=1,5&hl=en"}, {"num_versions": 0, "url_citation": null, "title": "Increasing attendance using email: Effect on developmental math performance", "url": "http://search.proquest.com/openview/505972e677e91ed99c407cb3bda202af/1?pq-origsite=gscholar", "url_versions": null, "authors": "E Jacobson - Journal of Developmental Education", "excerpt": "Abstract From the assumption that class attendance is important for learning it follows that methods which increase attendance will increase learning. To increase attendance, students who missed developmental math classes were sent email reminders that they  ...", "url_pdf": null, "num_citations": 14, "cluster_id": "3865165953879298227", "year": "2005", "url_citations": "http://scholar.google.com/scholar?cites=3865165953879298227&as_sdt=2005&sciodt=1,5&hl=en"}, {"num_versions": 7, "url_citation": null, "title": "Using learning activities in mathematics: workload and study time", "url": "http://www.tandfonline.com/doi/abs/10.1080/030750700116046", "url_versions": "http://scholar.google.com/scholar?cluster=1042392015119917330&hl=en&as_sdt=1,5&sciodt=1,5&as_vis=1", "authors": "C Lawless - Studies in higher education", "excerpt": "Workload, here taken as the time taken to study course materials, is recognised as an important factor influencing the quality of student learning. This study surveyed the time taken on learning activities by students studying five Open University distance taught  ...", "url_pdf": null, "num_citations": 47, "cluster_id": "1042392015119917330", "year": "2000", "url_citations": "http://scholar.google.com/scholar?cites=1042392015119917330&as_sdt=2005&sciodt=1,5&hl=en"}, {"num_versions": 4, "url_citation": null, "title": "Goals, efficacy and metacognitive self-regulation a path analysis", "url": "http://www.macrothink.org/journal/index.php/ije/article/view/357", "url_versions": "http://scholar.google.com/scholar?cluster=17728347388464297469&hl=en&as_sdt=1,5&sciodt=1,5&as_vis=1", "authors": "IS Al-Harthy, CA Was, RM Isaacson - International Journal of  \u2026", "excerpt": "Abstract The purpose of this study was to illustrate the relationship between self-efficacy, task value, goal orientations, metacognitive self-regulation, self-regulation and learning strategies and to investigate the unique contribution of each on the variability in students'  ...", "url_pdf": null, "num_citations": 23, "cluster_id": "17728347388464297469", "year": "2010", "url_citations": "http://scholar.google.com/scholar?cites=17728347388464297469&as_sdt=2005&sciodt=1,5&hl=en"}, {"num_versions": 5, "url_citation": null, "title": "A comparison between the time-management skills and academic performance of mature and traditional-entry university students", "url": "http://link.springer.com/article/10.1007/BF00138396", "url_versions": "http://scholar.google.com/scholar?cluster=6169968404551297973&hl=en&as_sdt=1,5&sciodt=1,5&as_vis=1", "authors": "M Trueman, J Hartley - Higher education", "excerpt": "Abstract Time-management skills are acknowledged to be important but there has been little actual research on this topic with students. In this study we examined the scores obtained from 293 first-year students of psychology on a British version of an American time- ...", "url_pdf": null, "num_citations": 213, "cluster_id": "6169968404551297973", "year": "1996", "url_citations": "http://scholar.google.com/scholar?cites=6169968404551297973&as_sdt=2005&sciodt=1,5&hl=en"}, {"num_versions": 2, "url_citation": null, "title": "Fen e\u011fitiminde proje tabanl\u0131 \u00f6\u011frenem yakla\u015f\u0131m\u0131n\u0131n ilk\u00f6\u011fretim \u00f6\u011frencilerinin akademik ba\u015far\u0131, akademik benlik kavram\u0131 ve \u00e7al\u0131\u015fma s\u00fcrelerine etkisi", "url": "http://dergipark.ulakbim.gov.tr/hunefd/article/download/5000048827/5000046147", "url_versions": "http://scholar.google.com/scholar?cluster=677571083530630126&hl=en&as_sdt=1,5&sciodt=1,5&as_vis=1", "authors": "H Korkmaz, F Kaptan - Hacettepe \u00dcniversitesi E\u011fitim  \u2026", "excerpt": "ABSTRACT: This study was to determine the effect of project-based learning approach on the academic achievement and academic self-concept and study time of 7th grade students in elementary school science courses. The research was carried out on two groups; the  ...", "url_pdf": null, "num_citations": 50, "cluster_id": "677571083530630126", "year": "2002", "url_citations": "http://scholar.google.com/scholar?cites=677571083530630126&as_sdt=2005&sciodt=1,5&hl=en"}]