[{"num_versions": 5, "url_citation": null, "title": "THE IMPACT OF RACE AND INTERACTIONS BETWEEN STUDENT-FACULTY ON UNDERGRADUATE STUDENT LEARNING AND MULTICULTURAL  \u2026", "url": "http://scholar.google.com/https://digarchive.library.vcu.edu/bitstream/handle/10156/3630/final.pdf?sequence=1", "url_versions": "http://scholar.google.com/scholar?cluster=6535601783108573714&hl=en&as_sdt=1,5&sciodt=1,5&as_vis=1", "authors": "Y Zhu -", "excerpt": "As enrollment of minority students and recruitment of minority faculty in higher education increase, opportunities for students to interact with racially and ethnically different faculty will become more frequent and pronounced. Also, there may be expectations that these  ...", "url_pdf": null, "num_citations": 0, "cluster_id": null, "year": "2011", "url_citations": null}, {"num_versions": 7, "url_citation": null, "title": "Do college student surveys have any validity?", "url": "http://muse.jhu.edu/journals/rhe/summary/v035/35.1.porter.html", "url_versions": "http://scholar.google.com/scholar?cluster=5249785500099783207&hl=en&as_sdt=1,5&sciodt=1,5&as_vis=1", "authors": "SR Porter - The Review of Higher Education", "excerpt": "Abstract: Using standards established for validation research, I review the theory and evidence underlying the validity argument of the National Survey of Student Engagement (NSSE). I use the NSSE because it is the preeminent survey of college students, arguing  ...", "url_pdf": null, "num_citations": 151, "cluster_id": "5249785500099783207", "year": "2011", "url_citations": "http://scholar.google.com/scholar?cites=5249785500099783207&as_sdt=2005&sciodt=1,5&hl=en"}, {"num_versions": 6, "url_citation": null, "title": "Conceptualising and measuring student engagement through the Australasian Survey of Student Engagement (AUSSE): a critique", "url": "http://www.tandfonline.com/doi/abs/10.1080/02602938.2010.545870", "url_versions": "http://scholar.google.com/scholar?cluster=12367855388064615365&hl=en&as_sdt=1,5&sciodt=1,5&as_vis=1", "authors": "P Hagel, R Carr, M Devlin - Assessment & Evaluation in Higher  \u2026", "excerpt": "Student engagement has rapidly developed a central place in the quality agenda of Australian universities since the introduction of the Australasian Survey of Student Engagement (AUSSE). The AUSSE is based on one developed in the USA. The main  ...", "url_pdf": null, "num_citations": 20, "cluster_id": "12367855388064615365", "year": "2012", "url_citations": "http://scholar.google.com/scholar?cites=12367855388064615365&as_sdt=2005&sciodt=1,5&hl=en"}, {"num_versions": 8, "url_citation": null, "title": "Putting twitter to the test: Assessing outcomes for student collaboration, engagement and success", "url": "http://onlinelibrary.wiley.com/doi/10.1111/j.1467-8535.2012.01284.x/pdf", "url_versions": "http://scholar.google.com/scholar?cluster=10453253178133990876&hl=en&as_sdt=1,5&sciodt=1,5&as_vis=1", "authors": "R Junco, CM Elavsky\u2026 - British Journal of  \u2026", "excerpt": "Abstract Herein, we present data from two studies of Twitter usage in different postsecondary courses with the goal of analyzing the relationships surrounding student engagement and collaboration as they intersect learning outcomes. Study 1 was conducted with 125  ...", "url_pdf": null, "num_citations": 108, "cluster_id": "10453253178133990876", "year": "2013", "url_citations": "http://scholar.google.com/scholar?cites=10453253178133990876&as_sdt=2005&sciodt=1,5&hl=en"}, {"num_versions": 21, "url_citation": null, "title": "The effect of Twitter on college student engagement and grades", "url": "http://onlinelibrary.wiley.com/doi/10.1111/j.1365-2729.2010.00387.x/pdf", "url_versions": "http://scholar.google.com/scholar?cluster=203218866829890772&hl=en&as_sdt=1,5&sciodt=1,5&as_vis=1", "authors": "R Junco, G Heiberger, E Loken - Journal of computer assisted  \u2026", "excerpt": "Abstract Despite the widespread use of social media by students and its increased use by instructors, very little empirical evidence is available concerning the impact of social media use on student learning and engagement. This paper describes our semester-long  ...", "url_pdf": null, "num_citations": 595, "cluster_id": "203218866829890772", "year": "2011", "url_citations": "http://scholar.google.com/scholar?cites=203218866829890772&as_sdt=2005&sciodt=1,5&hl=en"}, {"num_versions": 11, "url_citation": null, "title": "The academic devolution? Movements to reform teaching and learning in US colleges and universities, 1985-2010", "url": "http://escholarship.org/uc/item/18j2m7kh.pdf", "url_versions": "http://scholar.google.com/scholar?cluster=16304414270393879550&hl=en&as_sdt=1,5&sciodt=1,5&as_vis=1", "authors": "S Brint - Center for Studies in Higher Education", "excerpt": "Abstract: This paper traces the history of two reform movements organized more than two decades ago to improve teaching and learning in US colleges and universities: the teaching reform movement, led by the liberal philanthropies, and the accountability movement, led  ...", "url_pdf": "http://escholarship.org/uc/item/18j2m7kh.pdf", "num_citations": 5, "cluster_id": "16304414270393879550", "year": "2009", "url_citations": "http://scholar.google.com/scholar?cites=16304414270393879550&as_sdt=2005&sciodt=1,5&hl=en"}, {"num_versions": 2, "url_citation": null, "title": "Measuring and Using Pre-University Levels of Student Engagement at a South African University", "url": "http://etd.uovs.ac.za/ETD-db/theses/available/etd-08232012-143500/unrestricted/MentzM.pdf", "url_versions": "http://scholar.google.com/scholar?cluster=16688400904088628532&hl=en&as_sdt=1,5&sciodt=1,5&as_vis=1", "authors": "M Mentz -", "excerpt": "0 Abstract Coupling access with success in South African higher education has become imperative. There is a clear need to identify and rigorously research factors contributing to student success that are within the institutions sphere of influence so that institutional  ...", "url_pdf": "http://etd.uovs.ac.za/ETD-db/theses/available/etd-08232012-143500/unrestricted/MentzM.pdf", "num_citations": 1, "cluster_id": "16688400904088628532", "year": "2012", "url_citations": "http://scholar.google.com/scholar?cites=16688400904088628532&as_sdt=2005&sciodt=1,5&hl=en"}, {"num_versions": 3, "url_citation": null, "title": "Examining the relationship between the national survey of student engagement and the ETS business major field test", "url": "http://www.cluteinstitute.com/ojs/index.php/AJBE/article/view/962", "url_versions": "http://scholar.google.com/scholar?cluster=11250246568910337432&hl=en&as_sdt=1,5&sciodt=1,5&as_vis=1", "authors": "C Ward, D Yates, JY Song - American Journal of Business  \u2026", "excerpt": "Abstract In this study, the authors examined the relationship between the various NSSE (National Survey of Student Engagement) survey items or classifications and the ETS Major Field Test (MFT) in Business. The sample consisted of 87 business students at a small  ...", "url_pdf": null, "num_citations": 4, "cluster_id": "11250246568910337432", "year": "2011", "url_citations": "http://scholar.google.com/scholar?cites=11250246568910337432&as_sdt=2005&sciodt=1,5&hl=en"}, {"num_versions": 2, "url_citation": null, "title": "\u4e2d\u56fd\u5927\u5b66\u751f\u5b66\u4e60\u6027\u6295\u5165\u8c03\u67e5\u95ee\u5377\u7684\u6d4b\u91cf\u5b66\u7814\u7a76", "url": "http://www.cqvip.com/qk/97430x/201301/44659653.html", "url_versions": "http://scholar.google.com/scholar?cluster=4062771882908450013&hl=en&as_sdt=1,5&sciodt=1,5&as_vis=1", "authors": "\u6d82\u51ac\u6ce2\uff0c \u53f2\u9759\u5bf0\uff0c \u90ed\u82b3\u82b3 - \u590d\u65e6\u6559\u80b2\u8bba\u575b", "excerpt": "\u57fa\u4e8e2010 \u5e74\u7684\u8c03\u67e5\u6570\u636e, \u91c7\u7528\u7ecf\u5178\u6d4b\u91cf\u7406\u8bba(CTY), \u9879\u76ee\u53cd\u5e94\u7406\u8bba(IRT) \u548c\u9a8c\u8bc1\u6027\u56e0\u7d20\u5206\u6790(CFA) \u7b49\u65b9\u6cd5, \u7814\u7a76\u8005\u5bf9\u6c49\u5316\u540e\u7684\u201c\u5927\u5b66\u751f\u5b66\u4e60\u6027\u6295\u5165\u8c03\u67e5\u95ee\u5377\u201d(NSSE\u2014China)(\u4e0b\u79f0\u201c\u4e2d\u56fd\u5927\u5b66\u751f\u5b66\u4e60\u6027\u6295\u5165\u8c03\u67e5\u95ee\u5377\u201d) \u7684\u6d4b\u91cf\u5b66\u7279\u5f81\u8fdb\u884c\u5b9e\u8bc1\u5206\u6790, \u4ee5\u63a2\u8ba8\u8be5\u95ee\u5377\u7684\u6d4b\u91cf\u4fe1\u5ea6\u53ca\u6548\u5ea6. \u7814\u7a76\u7ed3\u679c ...", "url_pdf": null, "num_citations": 4, "cluster_id": "4062771882908450013", "year": "2013", "url_citations": "http://scholar.google.com/scholar?cites=4062771882908450013&as_sdt=2005&sciodt=1,5&hl=en"}, {"num_versions": 2, "url_citation": null, "title": "A Naturalistic Inquiry of Service-Learning in New Zealand University Classrooms: Determining and Illuminating the Impact on Student Engagement", "url": "http://ir.canterbury.ac.nz/handle/10092/5991", "url_versions": "http://scholar.google.com/scholar?cluster=4755137446585689702&hl=en&as_sdt=1,5&sciodt=1,5&as_vis=1", "authors": "LG Perry -", "excerpt": "The purpose of this study is to more clearly understand what student'experience while involved in service-learning courses. Moreover, I sought to identify the relationships among service-learning, the outcomes typically attributed to it, and student engagement  ...", "url_pdf": null, "num_citations": 1, "cluster_id": "4755137446585689702", "year": "2011", "url_citations": "http://scholar.google.com/scholar?cites=4755137446585689702&as_sdt=2005&sciodt=1,5&hl=en"}, {"num_versions": 2, "url_citation": null, "title": "How sound is NSSE?: Investigating the psychometric properties of NSSE at a public, research-extensive institution", "url": "http://muse.jhu.edu/journals/rhe/summary/v035/35.1.campbell.html", "url_versions": "http://scholar.google.com/scholar?cluster=9102523971768748729&hl=en&as_sdt=1,5&sciodt=1,5&as_vis=1", "authors": "CM Campbell, AF Cabrera - The Review of Higher Education", "excerpt": "Abstract: The National Survey of Student Engagement (NSSE) Benchmarks has emerged as a competing paradigm for assessing institutional effectiveness vis-\u00e0-vis the US News & World Report. However, Porter (2009) has critiqued it for failing to meet validity and  ...", "url_pdf": null, "num_citations": 58, "cluster_id": "9102523971768748729", "year": "2011", "url_citations": "http://scholar.google.com/scholar?cites=9102523971768748729&as_sdt=2005&sciodt=1,5&hl=en"}, {"num_versions": 0, "url_citation": null, "title": "The factorial validity of the National Survey of Student Engagement", "url": "http://trace.tennessee.edu/utk_graddiss/965/", "url_versions": null, "authors": "SL Esquivel -", "excerpt": "Abstract The purpose of this research was to explore the factorial validity of the National Survey of Student Engagement (NSSE), a survey widely used by institutions of higher education. Specifically, using data collected from first-year students and seniors at The  ...", "url_pdf": null, "num_citations": 5, "cluster_id": "12143086873201461390", "year": "2011", "url_citations": "http://scholar.google.com/scholar?cites=12143086873201461390&as_sdt=2005&sciodt=1,5&hl=en"}, {"num_versions": 3, "url_citation": null, "title": "Academic Disciplines and the Undergraduate Experience: Rethinking Bok's \u201cUnderachieving Colleges\u201d Thesis", "url": "http://escholarship.org/uc/item/83q89897.pdf", "url_versions": "http://scholar.google.com/scholar?cluster=13060443896798696608&hl=en&as_sdt=1,5&sciodt=1,5&as_vis=1", "authors": "S Brint, AM Cantwell - Center for Studies in Higher Education", "excerpt": "Abstract: Using data from the 2008 University of California Undergraduate Experience Survey, we show that study time and academic conscientiousness were lower among students in humanities and social science majors than among students in science and  ...", "url_pdf": "http://escholarship.org/uc/item/83q89897.pdf", "num_citations": 2, "cluster_id": "13060443896798696608", "year": "2011", "url_citations": "http://scholar.google.com/scholar?cites=13060443896798696608&as_sdt=2005&sciodt=1,5&hl=en"}, {"num_versions": 6, "url_citation": null, "title": "An Exploration of the Scholarly Foundations of Educational Development", "url": "http://link.springer.com/chapter/10.1007/978-94-007-0702-3_8", "url_versions": "http://scholar.google.com/scholar?cluster=12163013276636982068&hl=en&as_sdt=1,5&sciodt=1,5&as_vis=1", "authors": "G Poole, I Iqbal - Higher education: Handbook of theory and research", "excerpt": "Abstract Attempts to improve teaching and learning in higher education are evolving and are becoming more evidence-based. The present chapter looks at some of this evidence as it may inform teaching and learning improvement efforts, strategies for organizational  ...", "url_pdf": null, "num_citations": 1, "cluster_id": "12163013276636982068", "year": "2011", "url_citations": "http://scholar.google.com/scholar?cites=12163013276636982068&as_sdt=2005&sciodt=1,5&hl=en"}, {"num_versions": 4, "url_citation": null, "title": "Tweeters on campus: Twitter a learning tool in classroom?", "url": "http://www.jucs.org/jucs_19_5/tweeters_on_campus_twitter/jucs_19_05_0672_0691_dhir.pdf", "url_versions": "http://scholar.google.com/scholar?cluster=5994739544200854701&hl=en&as_sdt=1,5&sciodt=1,5&as_vis=1", "authors": "A Dhir, K Buragga, AA Boreqqah - J. UCS", "excerpt": "Abstract: Twitter is a well-known Web 2.0 microblogging social networking site that is quite popular for organizing events and sharing updates. It provides just in time communication, social connectivity and immediate feedback through Web, smartphones, tablet PCs, etc.  ...", "url_pdf": "http://www.jucs.org/jucs_19_5/tweeters_on_campus_twitter/jucs_19_05_0672_0691_dhir.pdf", "num_citations": 11, "cluster_id": "5994739544200854701", "year": "2013", "url_citations": "http://scholar.google.com/scholar?cites=5994739544200854701&as_sdt=2005&sciodt=1,5&hl=en"}, {"num_versions": 3, "url_citation": null, "title": "Using student learning as a measure of quality in higher education", "url": "http://www.hcmstrategists.com/contextforsuccess/papers/PORTER_PAPER.pdf", "url_versions": "http://scholar.google.com/scholar?cluster=9492223764389214244&hl=en&as_sdt=1,5&sciodt=1,5&as_vis=1", "authors": "SR Porter - HCM Strategists", "excerpt": "Context for Success is a research and practice improvement project designed to advance the best academic thinking on postsecondary institutional outcome measures. The project was organized by HCM Strategists LLC with support from the Bill & Melinda Gates  ...", "url_pdf": "http://www.hcmstrategists.com/contextforsuccess/papers/PORTER_PAPER.pdf", "num_citations": 6, "cluster_id": "9492223764389214244", "year": "2012", "url_citations": "http://scholar.google.com/scholar?cites=9492223764389214244&as_sdt=2005&sciodt=1,5&hl=en"}, {"num_versions": 10, "url_citation": null, "title": "The relationship between frequency of Facebook use, participation in Facebook activities, and student engagement", "url": "http://www.sciencedirect.com/science/article/pii/S0360131511001825", "url_versions": "http://scholar.google.com/scholar?cluster=16797709126569750415&hl=en&as_sdt=1,5&sciodt=1,5&as_vis=1", "authors": "R Junco - Computers & Education", "excerpt": "Educators and others are interested in the effects of social media on college students, with a specific focus on the most popular social media website\u2014Facebook. Two previous studies have examined the relationship between Facebook use and student engagement, a  ...", "url_pdf": null, "num_citations": 405, "cluster_id": "16797709126569750415", "year": "2012", "url_citations": "http://scholar.google.com/scholar?cites=16797709126569750415&as_sdt=2005&sciodt=1,5&hl=en"}, {"num_versions": 5, "url_citation": null, "title": "Will these trees ever bear fruit?: A response to the special issue on student engagement", "url": "http://muse.jhu.edu/journals/rhe/summary/v035/35.2.mccormick.html", "url_versions": "http://scholar.google.com/scholar?cluster=5918167735706100392&hl=en&as_sdt=1,5&sciodt=1,5&as_vis=1", "authors": "AC McCormick, K McClenney - The Review of Higher Education", "excerpt": "Abstract: The authors articulate objections to the organization of the recent special issue on student engagement and respond in detail to three criticisms leveled in that issue. Situating their response relative to longstanding calls to make research more relevant to practice,  ...", "url_pdf": null, "num_citations": 41, "cluster_id": "5918167735706100392", "year": "2012", "url_citations": "http://scholar.google.com/scholar?cites=5918167735706100392&as_sdt=2005&sciodt=1,5&hl=en"}, {"num_versions": 2, "url_citation": null, "title": "Introduction to American higher education", "url": "http://works.bepress.com/sharper/36/", "url_versions": "http://scholar.google.com/scholar?cluster=15565297968157600465&hl=en&as_sdt=1,5&sciodt=1,5&as_vis=1", "authors": "R Shaun, FL Jerlando -", "excerpt": "Abstract Written primarily for students in higher education and student affairs graduate programs, INTRODUCTION TO AMERICAN HIGHER EDUCATION is a groundbreaking textbook that combines classic scholarship pertaining to colleges and universities with the  ...", "url_pdf": null, "num_citations": 5, "cluster_id": "15565297968157600465", "year": "2011", "url_citations": "http://scholar.google.com/scholar?cites=15565297968157600465&as_sdt=2005&sciodt=1,5&hl=en"}]