[{"num_versions": 6, "url_citation": null, "title": "A longitudinal study of undergraduate accounting students' learning style preferences at two UK universities", "url": "http://www.tandfonline.com/doi/abs/10.1080/09639280210153263", "url_versions": "http://scholar.google.com/scholar?cluster=11369343012537616447&hl=en&as_sdt=1,5&sciodt=1,5&as_vis=1", "authors": "P Marriott - Accounting Education", "excerpt": "A learning style indicates a person's preferred way of learning. Students do not learn in the same way and a number of different learning style preferences exist which can change according to experience, ie a student's learning style preference may change over time.  ...", "url_pdf": null, "num_citations": 55, "cluster_id": "11369343012537616447", "year": "2002", "url_citations": "http://scholar.google.com/scholar?cites=11369343012537616447&as_sdt=2005&sciodt=1,5&hl=en"}, {"num_versions": 4, "url_citation": null, "title": "Learning Experience and Learning Effectiveness in Undergraduate Statistics: Modeling Performance in Traditional and Flexible Learning Environments*", "url": "http://onlinelibrary.wiley.com/doi/10.1111/j.1540-4609.2005.00069.x/full", "url_versions": "http://scholar.google.com/scholar?cluster=11627913500068718723&hl=en&as_sdt=1,5&sciodt=1,5&as_vis=1", "authors": "P Cybinski, S Selvanathan - Decision Sciences Journal of  \u2026", "excerpt": "ABSTRACT This project investigates the relationship between student performance, past mathematics experience, and perceptions of statistics education for two groups of university students studying statistics in different learning environments. One group received the  ...", "url_pdf": null, "num_citations": 55, "cluster_id": "11627913500068718723", "year": "2005", "url_citations": "http://scholar.google.com/scholar?cites=11627913500068718723&as_sdt=2005&sciodt=1,5&hl=en"}, {"num_versions": 11, "url_citation": null, "title": "Analysis of the learning context, perceptions of the learning environment and approaches to learning accounting: a longitudinal study", "url": "http://onlinelibrary.wiley.com/doi/10.1111/j.1467-629X.2005.00142.x/abstract", "url_versions": "http://scholar.google.com/scholar?cluster=9201271863286211816&hl=en&as_sdt=1,5&sciodt=1,5&as_vis=1", "authors": "B Jackling - Accounting & Finance", "excerpt": "Abstract This study investigates student approaches to learning over the 3 years of an undergraduate degree course in accounting. The objective of the study was, first, to identify changes in learning approaches over the course duration. Second, the study examined  ...", "url_pdf": null, "num_citations": 23, "cluster_id": "9201271863286211816", "year": "2005", "url_citations": "http://scholar.google.com/scholar?cites=9201271863286211816&as_sdt=2005&sciodt=1,5&hl=en"}, {"num_versions": 4, "url_citation": null, "title": "University students' study orientations, learning experiences and study success in innovative courses", "url": "http://www.tandfonline.com/doi/abs/10.1080/0307507042000236353", "url_versions": "http://scholar.google.com/scholar?cluster=1600457622031655238&hl=en&as_sdt=1,5&sciodt=1,5&as_vis=1", "authors": "S Honkima\u00a8 ki*, P Tynja\u00a8 la\u00a8\u2026 - Studies in Higher  \u2026", "excerpt": "The aim of this study was to find out whether university students' study orientations on four innovative courses differed from their usual orientations to their studies. Furthermore, students' study success and learning experiences were examined. The pedagogical  ...", "url_pdf": null, "num_citations": 53, "cluster_id": "1600457622031655238", "year": "2004", "url_citations": "http://scholar.google.com/scholar?cites=1600457622031655238&as_sdt=2005&sciodt=1,5&hl=en"}, {"num_versions": 11, "url_citation": null, "title": "Action research and reflection on student approaches to learning in large first year university classes", "url": "http://link.springer.com/article/10.1007/BF03246292", "url_versions": "http://scholar.google.com/scholar?cluster=12166270147843241558&hl=en&as_sdt=1,5&sciodt=1,5&as_vis=1", "authors": "C Herington, S Weaven - The Australian Educational Researcher", "excerpt": "Abstract This paper presents an action research approach to exploring methods of improving the learning styles and outcomes of first year university students within large class environments. The genesis of this project stemmed from an observation that entire tutorial  ...", "url_pdf": null, "num_citations": 31, "cluster_id": "12166270147843241558", "year": "2008", "url_citations": "http://scholar.google.com/scholar?cites=12166270147843241558&as_sdt=2005&sciodt=1,5&hl=en"}, {"num_versions": 5, "url_citation": null, "title": "Metacognitive macroevaluations in mathematical problem solving", "url": "http://www.sciencedirect.com/science/article/pii/S0959475205000915", "url_versions": "http://scholar.google.com/scholar?cluster=12731614650777945242&hl=en&as_sdt=1,5&sciodt=1,5&as_vis=1", "authors": "A Desoete, H Roeyers - Learning and Instruction", "excerpt": "This paper focuses on the role of evaluation in mathematics in 749 elementary school children. The macroevaluative skills and calibration scores of high versus low mathematical problem solvers were contrasted as measures of metacognition. No relevant calibration  ...", "url_pdf": null, "num_citations": 41, "cluster_id": "12731614650777945242", "year": "2006", "url_citations": "http://scholar.google.com/scholar?cites=12731614650777945242&as_sdt=2005&sciodt=1,5&hl=en"}, {"num_versions": 6, "url_citation": null, "title": "Approaches to studying, conceptions of learning and learning styles in higher education", "url": "http://www.sciencedirect.com/science/article/pii/S1041608010001573", "url_versions": "http://scholar.google.com/scholar?cluster=993168834036519161&hl=en&as_sdt=1,5&sciodt=1,5&as_vis=1", "authors": "JTE Richardson - Learning and Individual Differences", "excerpt": "Learning styles have been construed in different ways but traditionally have been regarded as relatively stable. In contrast, the \u201cstudent approaches to learning\u201d perspective tends to assume that approaches to studying are contextually driven. This article argues for a  ...", "url_pdf": null, "num_citations": 55, "cluster_id": "993168834036519161", "year": "2011", "url_citations": "http://scholar.google.com/scholar?cites=993168834036519161&as_sdt=2005&sciodt=1,5&hl=en"}, {"num_versions": 4, "url_citation": null, "title": "Student learning styles in advanced instrumental music lessons", "url": "http://www.tandfonline.com/doi/abs/10.1080/14613800601127585", "url_versions": "http://scholar.google.com/scholar?cluster=12701551183560112279&hl=en&as_sdt=1,5&sciodt=1,5&as_vis=1", "authors": "K Zhukov - Music Education Research", "excerpt": "Despite a large body of research into learning styles from cognitive, personality and activity perspectives, the definition of learning style is still unclear. The assessment instruments commonly in use have methodological problems. The learning styles of conservatorium  ...", "url_pdf": null, "num_citations": 22, "cluster_id": "12701551183560112279", "year": "2007", "url_citations": "http://scholar.google.com/scholar?cites=12701551183560112279&as_sdt=2005&sciodt=1,5&hl=en"}, {"num_versions": 8, "url_citation": null, "title": "The development of study orientations and study success in students of pharmacy", "url": "http://link.springer.com/article/10.1023/B:TRUC.0000044642.35553.e5", "url_versions": "http://scholar.google.com/scholar?cluster=9836887610252517457&hl=en&as_sdt=1,5&sciodt=1,5&as_vis=1", "authors": "J Nieminen, S Lindblom-Yl\u00e4nne, K Lonka - Instructional Science", "excerpt": "Abstract In research literature, two study orientations have been identified: meaning orientation and reproducing orientation. Few studies have examined how study orientations and conceptions of knowledge (epistemologies) interrelate. Further, longitudinal studies of  ...", "url_pdf": null, "num_citations": 36, "cluster_id": "9836887610252517457", "year": "2004", "url_citations": "http://scholar.google.com/scholar?cites=9836887610252517457&as_sdt=2005&sciodt=1,5&hl=en"}, {"num_versions": 13, "url_citation": null, "title": "The impact of the university context on European students' learning approaches and learning environment preferences", "url": "http://link.springer.com/article/10.1023/A:1023981025796", "url_versions": "http://scholar.google.com/scholar?cluster=11373802043632052390&hl=en&as_sdt=1,5&sciodt=1,5&as_vis=1", "authors": "RFA Wierstra, G Kanselaar, JL Van der Linden\u2026 - Higher Education", "excerpt": "Abstract This article describesexperiences of 610 Dutch students and 241students from other European countries whostudied at least three months abroad within theframework of an international exchange program. The Dutch students went to a university inanother  ...", "url_pdf": null, "num_citations": 73, "cluster_id": "11373802043632052390", "year": "2003", "url_citations": "http://scholar.google.com/scholar?cites=11373802043632052390&as_sdt=2005&sciodt=1,5&hl=en"}, {"num_versions": 9, "url_citation": null, "title": "Gender and motivational differences in approaches to learning by a cohort of open learning students", "url": "http://www.tandfonline.com/doi/abs/10.1080/0963928042000306765", "url_versions": "http://scholar.google.com/scholar?cluster=17710794348995067056&hl=en&as_sdt=1,5&sciodt=1,5&as_vis=1", "authors": "P Lange*, F Mavondo - Accounting Education", "excerpt": "This paper examines the relationship between gender, motivational differences and students' approaches to learning\u2014using a revised version of Biggs'(1987) study process questionnaire. Responses from 246 business students studying via open learning  ...", "url_pdf": null, "num_citations": 45, "cluster_id": "17710794348995067056", "year": "2004", "url_citations": "http://scholar.google.com/scholar?cites=17710794348995067056&as_sdt=2005&sciodt=1,5&hl=en"}, {"num_versions": 2, "url_citation": null, "title": "Individual characteristics and web-based courses", "url": "http://scholar.google.com/https://books.google.com/books?hl=en&lr=&id=22QmV2L3jHAC&oi=fnd&pg=PA45&ots=SoDQqaagHX&sig=XPrgS_ZuQRrCNM_U-HENriJ-tsU", "url_versions": "http://scholar.google.com/scholar?cluster=17154201127556799361&hl=en&as_sdt=1,5&sciodt=1,5&as_vis=1", "authors": "MD Anderson - Learning and teaching on the World Wide Web", "excerpt": "Educators have a rich history of exploring the different ways of presenting material to students. Psychologists have an equally long record of inquiry into the learning process. When we combine the results from these two areas we have a very potent mix\u2014one able  ...", "url_pdf": null, "num_citations": 89, "cluster_id": "17154201127556799361", "year": "2001", "url_citations": "http://scholar.google.com/scholar?cites=17154201127556799361&as_sdt=2005&sciodt=1,5&hl=en"}, {"num_versions": 6, "url_citation": null, "title": "Focus on the learning styles of freshman design students", "url": "http://www.sciencedirect.com/science/article/pii/S0142694X08000185", "url_versions": "http://scholar.google.com/scholar?cluster=7963418948934012316&hl=en&as_sdt=1,5&sciodt=1,5&as_vis=1", "authors": "H Demirkan, \u00d6O Demirba\u015f - Design studies", "excerpt": "Using Kolb's Experiential Learning Model, this study explores learning styles of freshman design students in three consecutive academic years. Principal Component Analysis method is used to reduce the number of variables and classify them according to the  ...", "url_pdf": null, "num_citations": 23, "cluster_id": "7963418948934012316", "year": "2008", "url_citations": "http://scholar.google.com/scholar?cites=7963418948934012316&as_sdt=2005&sciodt=1,5&hl=en"}, {"num_versions": 3, "url_citation": null, "title": "Assessment in higher education: Student learning, teaching, programmes and institutions", "url": "http://scholar.google.com/https://books.google.com/books?hl=en&lr=&id=4bn83L0gURQC&oi=fnd&pg=PA7&ots=SUVuWqpjyx&sig=R9EgU3HXaUC0tZ_3gkSaXqM4gFA", "url_versions": "http://scholar.google.com/scholar?cluster=11431764762694245791&hl=en&as_sdt=1,5&sciodt=1,5&as_vis=1", "authors": "J Heywood -", "excerpt": "Assessment in Higher Education-Student Learning, Teaching, Programmes and Institutions is John Heywood's latest contribution to the assessment debate. Building on his previous work it examines not only the assessment of student learning but the assessment of  ...", "url_pdf": null, "num_citations": 464, "cluster_id": "11431764762694245791", "year": "2000", "url_citations": "http://scholar.google.com/scholar?cites=11431764762694245791&as_sdt=2005&sciodt=1,5&hl=en"}, {"num_versions": 2, "url_citation": null, "title": "Learning pattern development throughout higher education: A longitudinal study", "url": "http://www.sciencedirect.com/science/article/pii/S104160801000021X", "url_versions": "http://scholar.google.com/scholar?cluster=3799951215036278496&hl=en&as_sdt=1,5&sciodt=1,5&as_vis=1", "authors": "V Donche, L Coertjens, P Van Petegem - Learning and Individual  \u2026", "excerpt": "Research on learning pattern development in higher education contexts is scarce. This longitudinal study seeks to address this issue by analysing the development of students' learning patterns throughout University College. Vermunts' Inventory of Learning Styles  ...", "url_pdf": null, "num_citations": 30, "cluster_id": "3799951215036278496", "year": "2010", "url_citations": "http://scholar.google.com/scholar?cites=3799951215036278496&as_sdt=2005&sciodt=1,5&hl=en"}, {"num_versions": 6, "url_citation": null, "title": "Relating pre-service teachers' approaches to learning and preferences for constructivist learning environments", "url": "http://link.springer.com/article/10.1007/s10984-005-1564-7", "url_versions": "http://scholar.google.com/scholar?cluster=9616780217118966431&hl=en&as_sdt=1,5&sciodt=1,5&as_vis=1", "authors": "P Van Petegem, V Donche, J Vanhoof - Learning Environments Research", "excerpt": "Abstract Within two Flemish institutes of pre-service and inservice teacher education, the relationship between the learning styles and preferences for learning environments of pre-service teachers were examined. Results indicate that some components of pre-service  ...", "url_pdf": null, "num_citations": 27, "cluster_id": "9616780217118966431", "year": "2005", "url_citations": "http://scholar.google.com/scholar?cites=9616780217118966431&as_sdt=2005&sciodt=1,5&hl=en"}, {"num_versions": 2, "url_citation": null, "title": "The role of cognitive learning styles in accounting education: developing learning competencies", "url": "http://www.sciencedirect.com/science/article/pii/S0748575103000423", "url_versions": "http://scholar.google.com/scholar?cluster=8565317203717976385&hl=en&as_sdt=1,5&sciodt=1,5&as_vis=1", "authors": "A Duff - Journal of Accounting Education", "excerpt": "The potential for cognitive learning style (CLS) to develop students' learning competencies is limited by the variety of conceptualizations, constructs and instruments. This paper contrasts two models for operationalizing CLS: Furnham's [Furnham, A.(1995). The  ...", "url_pdf": null, "num_citations": 47, "cluster_id": "8565317203717976385", "year": "2004", "url_citations": "http://scholar.google.com/scholar?cites=8565317203717976385&as_sdt=2005&sciodt=1,5&hl=en"}, {"num_versions": 7, "url_citation": null, "title": "Dissonance in student learning patterns: when to revise theory?", "url": "http://www.tandfonline.com/doi/abs/10.1080/03075070309301", "url_versions": "http://scholar.google.com/scholar?cluster=7119486770409154708&hl=en&as_sdt=1,5&sciodt=1,5&as_vis=1", "authors": "J Vermunt, A Minnaert - Studies in Higher Education", "excerpt": "This study focuses on the issue of theoretically incongruent learning patterns found among subgroups of students. The longitudinal study was done among first year university students in a student-oriented learning environment. Students completed the Inventory of Learning  ...", "url_pdf": null, "num_citations": 63, "cluster_id": "7119486770409154708", "year": "2003", "url_citations": "http://scholar.google.com/scholar?cites=7119486770409154708&as_sdt=2005&sciodt=1,5&hl=en"}, {"num_versions": 9, "url_citation": null, "title": "Stressors, academic performance, and learned resourcefulness in baccalaureate nursing students", "url": "http://www.degruyter.com/view/j/ijnes.2011.8.issue-1/ijnes.2011.8.1.2114/ijnes.2011.8.1.2114.xml", "url_versions": "http://scholar.google.com/scholar?cluster=16641404757656131777&hl=en&as_sdt=1,5&sciodt=1,5&as_vis=1", "authors": "AM Goff - International journal of nursing education scholarship", "excerpt": "Abstract High stress levels in nursing students may affect memory, concentration, and problem-solving ability, and may lead to decreased learning, coping, academic performance, and retention. College students with higher levels of learned  ...", "url_pdf": null, "num_citations": 65, "cluster_id": "16641404757656131777", "year": "2011", "url_citations": "http://scholar.google.com/scholar?cites=16641404757656131777&as_sdt=2005&sciodt=1,5&hl=en"}, {"num_versions": 8, "url_citation": null, "title": "Approaches to studying and academic performance in short-essay exams", "url": "http://link.springer.com/article/10.1023/B:HIGH.0000016443.43594.d1", "url_versions": "http://scholar.google.com/scholar?cluster=11719448717425224828&hl=en&as_sdt=1,5&sciodt=1,5&as_vis=1", "authors": "A Minbashian, GF Huon, KD Bird - Higher Education", "excerpt": "Abstract Previous research has generallyfailed to find a relation between the waystudents approach the task of studying andtheir exam grades. The present studyinvestigated why it is that a deep approach tostudying, which has been shown to result in ahigher quality of  ...", "url_pdf": null, "num_citations": 56, "cluster_id": "11719448717425224828", "year": "2004", "url_citations": "http://scholar.google.com/scholar?cites=11719448717425224828&as_sdt=2005&sciodt=1,5&hl=en"}, {"num_versions": 4, "url_citation": null, "title": "The Influence of Experience, Ability and Interest on e-Learning Effectiveness.", "url": "http://eric.ed.gov/?id=EJ911761", "url_versions": "http://scholar.google.com/scholar?cluster=17521807805831232291&hl=en&as_sdt=1,5&sciodt=1,5&as_vis=1", "authors": "M Haverila, R Barkhi - European Journal of Open, Distance and E-Learning", "excerpt": "Abstract The purpose of this paper is to report the findings of a research conducted to evaluate the effect of learning preconceptions, prior e-learning experience, ability and interest of students on their perceptions regarding the process of e-learning. We study the  ...", "url_pdf": null, "num_citations": 20, "cluster_id": "17521807805831232291", "year": "2009", "url_citations": "http://scholar.google.com/scholar?cites=17521807805831232291&as_sdt=2005&sciodt=1,5&hl=en"}, {"num_versions": 7, "url_citation": null, "title": "Evaluating and improving the mathematics teaching-learning process through metacognition", "url": "http://www.investigacion-psicopedagogica.com/revista/articulos/13/english/Art_13_186.pdf", "url_versions": "http://scholar.google.com/scholar?cluster=12201568381047318695&hl=en&as_sdt=1,5&sciodt=1,5&as_vis=1", "authors": "A Desoete - Electronic Journal of Research in  \u2026", "excerpt": "Abstract Introduction. Despite all the emphasis on metacognition, researchers currently use different techniques to assess metacognition. The purpose of this contribution is to help to clarify some of the paradigms on the evaluation of metacognition. In addition the paper  ...", "url_pdf": "http://www.investigacion-psicopedagogica.com/revista/articulos/13/english/Art_13_186.pdf", "num_citations": 43, "cluster_id": "12201568381047318695", "year": "2007", "url_citations": "http://scholar.google.com/scholar?cites=12201568381047318695&as_sdt=2005&sciodt=1,5&hl=en"}, {"num_versions": 7, "url_citation": null, "title": "An exploration of the relationship between academic and experiential learning approaches in vocational education", "url": "http://onlinelibrary.wiley.com/doi/10.1348/000709905X42932/full", "url_versions": "http://scholar.google.com/scholar?cluster=12752425876331400187&hl=en&as_sdt=1,5&sciodt=1,5&as_vis=1", "authors": "S Jong, A Jan, RFA Wierstra\u2026 - British Journal of  \u2026", "excerpt": "Background. Research on individual learning approaches (or learning styles) is split in two traditions, one of which is biased towards academic learning, and the other towards learning from direct experience. Aims. In the reported study, the two traditions are linked by  ...", "url_pdf": null, "num_citations": 49, "cluster_id": "12752425876331400187", "year": "2006", "url_citations": "http://scholar.google.com/scholar?cites=12752425876331400187&as_sdt=2005&sciodt=1,5&hl=en"}, {"num_versions": 9, "url_citation": null, "title": "The development of learning patterns of student teachers: a cross-sectional and longitudinal study", "url": "http://link.springer.com/article/10.1007/s10734-008-9156-y", "url_versions": "http://scholar.google.com/scholar?cluster=17101427495973148301&hl=en&as_sdt=1,5&sciodt=1,5&as_vis=1", "authors": "V Donche, P Van Petegem - Higher Education", "excerpt": "Abstract Research on learning pattern development during pre-service teacher education is scarce. In a cross-sectional (study 1) and longitudinal study (study 2) the development of learning patterns of student teachers is analysed. Participants in study 1 were 646 first- ...", "url_pdf": null, "num_citations": 34, "cluster_id": "17101427495973148301", "year": "2009", "url_citations": "http://scholar.google.com/scholar?cites=17101427495973148301&as_sdt=2005&sciodt=1,5&hl=en"}, {"num_versions": 3, "url_citation": null, "title": "The effect of a metacognitive intervention on approach to and self-regulation of learning in baccalaureate nursing students", "url": "http://search.proquest.com/openview/44bb0cd484dc5159b6bfc337a8f2e137/1?pq-origsite=gscholar", "url_versions": "http://scholar.google.com/scholar?cluster=17523828043214519937&hl=en&as_sdt=1,5&sciodt=1,5&as_vis=1", "authors": "MM August-Brady - Journal of Nursing Education", "excerpt": "Abstract According to this model, student factors, teaching context, learning-focused activities, and learning outcomes mutually interact (Biggs et al., 2001).\\ n37) was found between surface approach to learning and inflexible control beliefs. Because the  ...", "url_pdf": null, "num_citations": 62, "cluster_id": "17523828043214519937", "year": "2005", "url_citations": "http://scholar.google.com/scholar?cites=17523828043214519937&as_sdt=2005&sciodt=1,5&hl=en"}, {"num_versions": 4, "url_citation": null, "title": "Goals, efficacy and metacognitive self-regulation a path analysis", "url": "http://www.macrothink.org/journal/index.php/ije/article/view/357", "url_versions": "http://scholar.google.com/scholar?cluster=17728347388464297469&hl=en&as_sdt=1,5&sciodt=1,5&as_vis=1", "authors": "IS Al-Harthy, CA Was, RM Isaacson - International Journal of  \u2026", "excerpt": "Abstract The purpose of this study was to illustrate the relationship between self-efficacy, task value, goal orientations, metacognitive self-regulation, self-regulation and learning strategies and to investigate the unique contribution of each on the variability in students'  ...", "url_pdf": null, "num_citations": 23, "cluster_id": "17728347388464297469", "year": "2010", "url_citations": "http://scholar.google.com/scholar?cites=17728347388464297469&as_sdt=2005&sciodt=1,5&hl=en"}, {"num_versions": 8, "url_citation": null, "title": "Pharmacy students' approaches to learning in an Australian university", "url": "http://www.ncbi.nlm.nih.gov/pmc/articles/PMC2690923/", "url_versions": "http://scholar.google.com/scholar?cluster=17045365343863578945&hl=en&as_sdt=1,5&sciodt=1,5&as_vis=1", "authors": "L Smith, B Saini, I Krass, T Chen\u2026 - American journal of  \u2026", "excerpt": "Objectives To investigate how pharmacy students' approaches to learning change over the duration of a bachelor of pharmacy degree program. Methods Data were obtained from a cross-sectional, repeated measures design, using a validated self-report survey  ...", "url_pdf": null, "num_citations": 27, "cluster_id": "17045365343863578945", "year": "2007", "url_citations": "http://scholar.google.com/scholar?cites=17045365343863578945&as_sdt=2005&sciodt=1,5&hl=en"}]