[{"num_versions": 14, "url_citation": null, "title": "Medical student attitudes toward video games and related new media technologies in medical education", "url": "http://www.biomedcentral.com/1472-6920/10/50/", "url_versions": "http://scholar.google.com/scholar?cluster=17637362542774925367&hl=en&as_sdt=1,5&sciodt=1,5&as_vis=1", "authors": "FW Kron, CL Gjerde, A Sen\u2026 - BMC medical education", "excerpt": "Background Studies in K-12 and college students show that their learning preferences have been strongly shaped by new media technologies like video games, virtual reality environments, the Internet, and social networks. However, there is no known research on  ...", "url_pdf": null, "num_citations": 59, "cluster_id": "17637362542774925367", "year": "2010", "url_citations": "http://scholar.google.com/scholar?cites=17637362542774925367&as_sdt=2005&sciodt=1,5&hl=en"}, {"num_versions": 9, "url_citation": null, "title": "Metaphorical Interpretation of eLearning in Higher Education Institutions", "url": "http://ojs.academypublisher.com/index.php/jait/article/view/6750", "url_versions": "http://scholar.google.com/scholar?cluster=8266469116779620973&hl=en&as_sdt=1,5&sciodt=1,5&as_vis=1", "authors": "A Nawaz - Journal of Advances in Information  \u2026", "excerpt": "Metaphors are handy tools to view and thus comprehend a situation. The metaphors like 'divide & gap or access','equality'and 'bridge'are used to visually portray current conditions of eLearning, identify its problems and then suggest solutions to resolve those issues which  ...", "url_pdf": null, "num_citations": 11, "cluster_id": "8266469116779620973", "year": "2012", "url_citations": "http://scholar.google.com/scholar?cites=8266469116779620973&as_sdt=2005&sciodt=1,5&hl=en"}, {"num_versions": 10, "url_citation": null, "title": "Digital divides? Student and staff perceptions of information and communication technologies", "url": "http://www.sciencedirect.com/science/article/pii/S0360131509003261", "url_versions": "http://scholar.google.com/scholar?cluster=15725111933616441444&hl=en&as_sdt=1,5&sciodt=1,5&as_vis=1", "authors": "J Waycott, S Bennett, G Kennedy, B Dalgarno\u2026 - Computers &  \u2026", "excerpt": "This paper reports qualitative findings from a study that investigated Australian university staff and students' perceptions and use of current and emerging technologies both in their daily lives and in teaching and learning contexts. Forty-six first-year students and 31  ...", "url_pdf": null, "num_citations": 156, "cluster_id": "15725111933616441444", "year": "2010", "url_citations": "http://scholar.google.com/scholar?cites=15725111933616441444&as_sdt=2005&sciodt=1,5&hl=en"}, {"num_versions": 5, "url_citation": null, "title": "Sustained Technical Support: Issue & Prospectsfor E-Learning In Heis", "url": "http://www.journalofbusiness.org/index.php/GJMBR/article/view/282", "url_versions": "http://scholar.google.com/scholar?cluster=2773291961563552687&hl=en&as_sdt=1,5&sciodt=1,5&as_vis=1", "authors": "A Nawaz, QA Qureshi - Global Journal of Management And  \u2026", "excerpt": "Abstract ELearning tools in Higher Education Institution'sHEIs are sophisticated therefore demand technical expertisefor their effective use. The university constituents (teachers, students and administrators) are given eTraining but this is notenough. Every eLearning  ...", "url_pdf": null, "num_citations": 9, "cluster_id": "2773291961563552687", "year": "2010", "url_citations": "http://scholar.google.com/scholar?cites=2773291961563552687&as_sdt=2005&sciodt=1,5&hl=en"}, {"num_versions": 3, "url_citation": null, "title": "Digital literacy: An analysis of the contemporary paradigms", "url": "http://www.academicjournals.org/article/article1382082947_Adeyemo.pdf", "url_versions": "http://scholar.google.com/scholar?cluster=13738930417859340266&hl=en&as_sdt=1,5&sciodt=1,5&as_vis=1", "authors": "A Nawaz, GM Kundi - International Journal of Science and  \u2026", "excerpt": "This article discusses the basic concepts of skills and provide frameworks and perspectives on how productive work, skills and aptitudes are interrelated, albeit, to provide justification for the adoption of skills focused on instruction and assessment by teachers in everyday  ...", "url_pdf": "http://www.academicjournals.org/article/article1382082947_Adeyemo.pdf", "num_citations": 34, "cluster_id": "13738930417859340266", "year": "2010", "url_citations": "http://scholar.google.com/scholar?cites=13738930417859340266&as_sdt=2005&sciodt=1,5&hl=en"}, {"num_versions": 2, "url_citation": null, "title": "Digital natives: Ten years after", "url": "http://jolt.merlot.org/vol7no4/koutropoulos_1211.htm", "url_versions": "http://scholar.google.com/scholar?cluster=2354214478151169455&hl=en&as_sdt=1,5&sciodt=1,5&as_vis=1", "authors": "A Koutropoulos - Journal of Online Learning and Teaching", "excerpt": "Abstract A lot has been written about the digital native since the coining of the term about ten years ago. A lot of what has been originally written by the digital native has been taken as common sense and has been repeated many times in many educational contexts, but until  ...", "url_pdf": null, "num_citations": 33, "cluster_id": "2354214478151169455", "year": "2011", "url_citations": "http://scholar.google.com/scholar?cites=2354214478151169455&as_sdt=2005&sciodt=1,5&hl=en"}, {"num_versions": 10, "url_citation": null, "title": "Beyond natives and immigrants: exploring types of net generation students", "url": "http://onlinelibrary.wiley.com/doi/10.1111/j.1365-2729.2010.00371.x/full", "url_versions": "http://scholar.google.com/scholar?cluster=4807887846019030472&hl=en&as_sdt=1,5&sciodt=1,5&as_vis=1", "authors": "G Kennedy, T Judd, B Dalgarno\u2026 - Journal of Computer  \u2026", "excerpt": "Abstract Previously assumed to be a homogenous and highly skilled group with respect to information and communications technology, the so-called Net Generation has instead been shown to possess a diverse range of technology skills and preferences. To better  ...", "url_pdf": null, "num_citations": 143, "cluster_id": "4807887846019030472", "year": "2010", "url_citations": "http://scholar.google.com/scholar?cites=4807887846019030472&as_sdt=2005&sciodt=1,5&hl=en"}, {"num_versions": 7, "url_citation": null, "title": "ICT in teacher education: Examining needs, expectations and attitudes", "url": "http://www.cjlt.ca/index.php/cjlt/article/viewArticle/498", "url_versions": "http://scholar.google.com/scholar?cluster=9136406270611493189&hl=en&as_sdt=1,5&sciodt=1,5&as_vis=1", "authors": "Z Zhang, D Martinovic - Canadian Journal of Learning and Technology/La  \u2026", "excerpt": "Abstract An exploratory case study was designed to obtain pre-service teachers' expectations of and attitudes toward the learning and integrating of Information and Communication Technologies (ICT) into their teaching and learning. Given the diverse  ...", "url_pdf": null, "num_citations": 21, "cluster_id": "9136406270611493189", "year": "2008", "url_citations": "http://scholar.google.com/scholar?cites=9136406270611493189&as_sdt=2005&sciodt=1,5&hl=en"}, {"num_versions": 14, "url_citation": null, "title": "Situated learning through social networking communities: The development of joint enterprise, mutual engagement, and a shared repertoire", "url": "http://scholar.google.com/https://www.equinoxpub.com/journals/index.php/CALICO/article/viewArticle/22992", "url_versions": "http://scholar.google.com/scholar?cluster=11375739736028718308&hl=en&as_sdt=1,5&sciodt=1,5&as_vis=1", "authors": "N Mills - Calico Journal", "excerpt": "Abstract Scholars praise social networking tools for their ability to engage and motivate iGeneration students in meaningful communicative practice, content exchange, and collaboration (Greenhow, Robelia, & Hughes, 2009; Ziegler, 2007). To gain further insight  ...", "url_pdf": null, "num_citations": 69, "cluster_id": "11375739736028718308", "year": "2013", "url_citations": "http://scholar.google.com/scholar?cites=11375739736028718308&as_sdt=2005&sciodt=1,5&hl=en"}, {"num_versions": 3, "url_citation": null, "title": "Social media and the introductory statistics course", "url": "http://www.sciencedirect.com/science/article/pii/S0747563212003755", "url_versions": "http://scholar.google.com/scholar?cluster=14942943923842726047&hl=en&as_sdt=1,5&sciodt=1,5&as_vis=1", "authors": "M Everson, E Gundlach, J Miller - Computers in Human Behavior", "excerpt": "The popularity of social networking sites such as Facebook, Twitter, and YouTube begs the question of how such sites might be used for educational purposes within classroom settings. This paper presents a review of some of the educational uses of Facebook,  ...", "url_pdf": null, "num_citations": 17, "cluster_id": "14942943923842726047", "year": "2013", "url_citations": "http://scholar.google.com/scholar?cites=14942943923842726047&as_sdt=2005&sciodt=1,5&hl=en"}, {"num_versions": 34, "url_citation": null, "title": "Review of learning 2.0 practices: study on the impact of web 2.0 innovations of education and training in Europe", "url": "http://elibrary.kiu.ac.ug:8080/jspui/handle/1/1347", "url_versions": "http://scholar.google.com/scholar?cluster=3274025101405863958&hl=en&as_sdt=1,5&sciodt=1,5&as_vis=1", "authors": "C Redecker -", "excerpt": "This report is part of the IPTS1 research project \u201cLearning 2.0: Impact of web 2.0 innovations on education and training\u201d under the Administrative Arrangement between DG JRC-IPTS IS Unit and DG EAC Directorate A, Unit 2. The study aims to evaluate the projected impact of  ...", "url_pdf": null, "num_citations": 139, "cluster_id": "3274025101405863958", "year": "2009", "url_citations": "http://scholar.google.com/scholar?cites=3274025101405863958&as_sdt=2005&sciodt=1,5&hl=en"}, {"num_versions": 5, "url_citation": null, "title": "The net generation as preservice teachers: Transferring familiarity with new technologies to educational environments", "url": "http://www.tandfonline.com/doi/abs/10.1080/21532974.2011.10784671", "url_versions": "http://scholar.google.com/scholar?cluster=5195520536713041625&hl=en&as_sdt=1,5&sciodt=1,5&as_vis=1", "authors": "S Kumar, K Vigil - Journal of Digital Learning in Teacher Education", "excerpt": "Abstract A survey of preservice teachers'(n= 54) use of Web 2.0 tools and creation of online content for both personal and educational purposes highlighted the large gap between Web 2.0 use in their daily lives and in their coursework, as well as their negligible online  ...", "url_pdf": null, "num_citations": 44, "cluster_id": "5195520536713041625", "year": "2011", "url_citations": "http://scholar.google.com/scholar?cites=5195520536713041625&as_sdt=2005&sciodt=1,5&hl=en"}, {"num_versions": 12, "url_citation": null, "title": "A five dimensional model for educating the net generation", "url": "http://www.jstor.org/stable/jeductechsoci.12.4.218", "url_versions": "http://scholar.google.com/scholar?cluster=3359878910244972038&hl=en&as_sdt=1,5&sciodt=1,5&as_vis=1", "authors": "RN Beyers - Journal of Educational Technology & Society", "excerpt": "ABSTRACT This paper proposes a multi-dimensional concept model of an ICT enabled classroom to highlight potential similarities and differences between where teachers perceive themselves relative to their learners. Some teachers and learners may be at the  ...", "url_pdf": null, "num_citations": 54, "cluster_id": "3359878910244972038", "year": "2009", "url_citations": "http://scholar.google.com/scholar?cites=3359878910244972038&as_sdt=2005&sciodt=1,5&hl=en"}, {"num_versions": 10, "url_citation": null, "title": "Mobile and Web 2.0 technologies in undergraduate science: Situating learning in everyday experience", "url": "http://www.researchgate.net/profile/Jenny_Waycott/publication/228958940_Mobile_and_Web_2.0_technologies_in_undergraduate_science_Situating_learning_in_everyday_experience/links/09e41510c6ecf47abd000000.pdf", "url_versions": "http://scholar.google.com/scholar?cluster=9915841407536337413&hl=en&as_sdt=1,5&sciodt=1,5&as_vis=1", "authors": "J Waycott, G Kennedy - \u2026  of the Australasian Society for Computers  \u2026", "excerpt": "Mobile and Web 2.0 technologies have the potential to support learning that is situated in \u201creal-world\u201d contexts, dissolving boundaries between formal learning and social spaces. We describe a case study in which first-year students in an undergraduate chemistry course  ...", "url_pdf": "http://www.researchgate.net/profile/Jenny_Waycott/publication/228958940_Mobile_and_Web_2.0_technologies_in_undergraduate_science_Situating_learning_in_everyday_experience/links/09e41510c6ecf47abd000000.pdf", "num_citations": 11, "cluster_id": "9915841407536337413", "year": "2009", "url_citations": "http://scholar.google.com/scholar?cites=9915841407536337413&as_sdt=2005&sciodt=1,5&hl=en"}, {"num_versions": 2, "url_citation": null, "title": "Facebook use in the learning environment: do students want this?", "url": "http://www.tandfonline.com/doi/abs/10.1080/17439884.2013.788027", "url_versions": "http://scholar.google.com/scholar?cluster=15229970581993060363&hl=en&as_sdt=1,5&sciodt=1,5&as_vis=1", "authors": "J Prescott, S Wilson, G Becket - Learning, Media and Technology", "excerpt": "The Net Generation (those born in or after 1980) rely heavily on ICTs for social and professional interactions, and it has been suggested that they have the expectation that technology will be an integral part of their education. At the same time, it is argued that  ...", "url_pdf": null, "num_citations": 14, "cluster_id": "15229970581993060363", "year": "2013", "url_citations": "http://scholar.google.com/scholar?cites=15229970581993060363&as_sdt=2005&sciodt=1,5&hl=en"}, {"num_versions": 12, "url_citation": null, "title": "A bridge too far? Explaining beginning teachers' use of ICT in Australian schools", "url": "http://www.ascilite.org.au/ajet/ajet26/bate.html", "url_versions": "http://scholar.google.com/scholar?cluster=7347788547639705971&hl=en&as_sdt=1,5&sciodt=1,5&as_vis=1", "authors": "F Bate - Australasian Journal of Educational Technology", "excerpt": "This paper discusses some of the findings from a recent longitudinal study that examined how 35 beginning teachers used information and communications technologies (ICT) in the first three years of their teaching. The research, set in Western Australia, adopted a mixed  ...", "url_pdf": null, "num_citations": 29, "cluster_id": "7347788547639705971", "year": "2010", "url_citations": "http://scholar.google.com/scholar?cites=7347788547639705971&as_sdt=2005&sciodt=1,5&hl=en"}, {"num_versions": 9, "url_citation": null, "title": "Using blogs and new media in academic practice: Potential roles in research, teaching, learning, and extension", "url": "http://link.springer.com/article/10.1007/s10755-011-9207-7", "url_versions": "http://scholar.google.com/scholar?cluster=9800086462108375591&hl=en&as_sdt=1,5&sciodt=1,5&as_vis=1", "authors": "DA Powell, CJ Jacob, BJ Chapman - Innovative Higher Education", "excerpt": "Abstract Compiling a referenced article for publication in a peer-reviewed journal is traditionally the most respected means of contributing to a body of knowledge. However, we argue that publication of evidence-based information via new media\u2013especially blogging\u2013 ...", "url_pdf": null, "num_citations": 25, "cluster_id": "9800086462108375591", "year": "2012", "url_citations": "http://scholar.google.com/scholar?cites=9800086462108375591&as_sdt=2005&sciodt=1,5&hl=en"}, {"num_versions": 8, "url_citation": null, "title": "Using blogging to enhance the initiation of students into academic research", "url": "http://www.sciencedirect.com/science/article/pii/S0360131510000989", "url_versions": "http://scholar.google.com/scholar?cluster=10273781438750485180&hl=en&as_sdt=1,5&sciodt=1,5&as_vis=1", "authors": "EKM Chong - Computers & Education", "excerpt": "For the net-generation students learning in a Web 2.0 world, research is often equated with Googling and approached with a mindset accustomed to cut-and-paste practices. Recognizing educators' concern over such students' learning dispositions on the one  ...", "url_pdf": null, "num_citations": 54, "cluster_id": "10273781438750485180", "year": "2010", "url_citations": "http://scholar.google.com/scholar?cites=10273781438750485180&as_sdt=2005&sciodt=1,5&hl=en"}, {"num_versions": 3, "url_citation": null, "title": "Exploring the educational potential of social networking sites: The fine line between exploiting opportunities and unwelcome imposition", "url": "http://eprints.usq.edu.au/4426", "url_versions": "http://scholar.google.com/scholar?cluster=7619086320791765889&hl=en&as_sdt=1,5&sciodt=1,5&as_vis=1", "authors": "H Huijser - Studies in Learning, Evaluation, Innovation and  \u2026", "excerpt": "This paper explores potential educational applications of Web 2.0 technologies, and cuts through some of the hype generated around these technologies, as well as around characteristics of Generation Y, and their implications for learning and teaching. Web 2.0  ...", "url_pdf": null, "num_citations": 40, "cluster_id": "7619086320791765889", "year": "2008", "url_citations": "http://scholar.google.com/scholar?cites=7619086320791765889&as_sdt=2005&sciodt=1,5&hl=en"}, {"num_versions": 12, "url_citation": null, "title": "Net generation or digital natives: is there a distinct new generation entering university?", "url": "http://www.sciencedirect.com/science/article/pii/S0360131509002620", "url_versions": "http://scholar.google.com/scholar?cluster=3921331826439404709&hl=en&as_sdt=1,5&sciodt=1,5&as_vis=1", "authors": "C Jones, R Ramanau, S Cross, G Healing - Computers & Education", "excerpt": "This article reports key findings from the first phase of a research project investigating Net generation age students as they encounter e-learning at five universities in England. We take a critical view of the idea of a distinct generation which has been described using  ...", "url_pdf": null, "num_citations": 436, "cluster_id": "3921331826439404709", "year": "2010", "url_citations": "http://scholar.google.com/scholar?cites=3921331826439404709&as_sdt=2005&sciodt=1,5&hl=en"}, {"num_versions": 6, "url_citation": null, "title": "'Digital Native'and 'Digital Immigrant'Discourses", "url": "http://link.springer.com/chapter/10.1007/978-94-6091-580-2_12", "url_versions": "http://scholar.google.com/scholar?cluster=4145594309492070222&hl=en&as_sdt=1,5&sciodt=1,5&as_vis=1", "authors": "S Bayne, J Ross - Digital Difference", "excerpt": "Abstract This paper takes a critical approach to a discourse still commonly applied in our discussions and understandings of the relationship between practitioners in higher education and the new digital technologies\u2013that of the distinction between the socalled ' ...", "url_pdf": null, "num_citations": 23, "cluster_id": "4145594309492070222", "year": "2011", "url_citations": "http://scholar.google.com/scholar?cites=4145594309492070222&as_sdt=2005&sciodt=1,5&hl=en"}, {"num_versions": 3, "url_citation": null, "title": "Twittering to increase student engagement in the university classroom", "url": "http://www.kmel-journal.org/ojs/index.php/online-publication/article/viewArticle/201", "url_versions": "http://scholar.google.com/scholar?cluster=5833001205901754804&hl=en&as_sdt=1,5&sciodt=1,5&as_vis=1", "authors": "BK Welch, J Bonnan-White - \u2026 & E-Learning: An International Journal \u2026", "excerpt": "Abstract In this paper, we explored the research question: Does Twitter in a large-lecture format university course produced a difference in levels of self-reported student engagement? To do so, we utilize a quasi-experimental design testing the effect of Twitter  ...", "url_pdf": null, "num_citations": 28, "cluster_id": "5833001205901754804", "year": "2012", "url_citations": "http://scholar.google.com/scholar?cites=5833001205901754804&as_sdt=2005&sciodt=1,5&hl=en"}, {"num_versions": 7, "url_citation": null, "title": "Why Professor Johnny can't read: Understanding the Net Generation's texts", "url": "http://nsuworks.nova.edu/cgi/viewcontent.cgi?article=1040&context=innovate", "url_versions": "http://scholar.google.com/scholar?cluster=17171454670491753577&hl=en&as_sdt=1,5&sciodt=1,5&as_vis=1", "authors": "M Mabrito, R Medley - Innovate: Journal of Online Education", "excerpt": "Unfortunately, not all the supplemental files have survived until 2015 and some will be missing from the article pages. If you are an author in Innovate and would like to have your supplemental content included, please email the NSUWorks repository administrator at  ...", "url_pdf": null, "num_citations": 33, "cluster_id": "17171454670491753577", "year": "2008", "url_citations": "http://scholar.google.com/scholar?cites=17171454670491753577&as_sdt=2005&sciodt=1,5&hl=en"}, {"num_versions": 3, "url_citation": null, "title": "Information Literacy meets Web 2.0: how the new tools affect our own training and our teaching", "url": "http://www.tandfonline.com/doi/abs/10.1080/13614570801900005", "url_versions": "http://scholar.google.com/scholar?cluster=8196206125429493294&hl=en&as_sdt=1,5&sciodt=1,5&as_vis=1", "authors": "P Godwin - New Review of Information Networking", "excerpt": "Many students think they know how to use the Internet and the disconnection detected in the USA between libraries and students will be mirrored in the UK. The proliferation of material available makes our role to guide them towards the best information more relevant than  ...", "url_pdf": null, "num_citations": 23, "cluster_id": "8196206125429493294", "year": "2007", "url_citations": "http://scholar.google.com/scholar?cites=8196206125429493294&as_sdt=2005&sciodt=1,5&hl=en"}, {"num_versions": 6, "url_citation": null, "title": "Digital natives vs. digital immigrants: Myth or reality", "url": "http://www.itdl.org/Journal/Feb_09/Feb_09.pdf#page=7", "url_versions": "http://scholar.google.com/scholar?cluster=7255170688803484711&hl=en&as_sdt=1,5&sciodt=1,5&as_vis=1", "authors": "R Rikhye, S Cook, ZL Berge - International Journal of Instructional  \u2026", "excerpt": "Abstract Marc Prensky (1998; 2001a; 200b) argues that students today, digital natives as he calls them, having grown up in the Digital Age, learn differently from their predecessors, or digital immigrants as he terms them. As such, the pedagogical tools we use to educate the  ...", "url_pdf": null, "num_citations": 19, "cluster_id": "7255170688803484711", "year": "2009", "url_citations": "http://scholar.google.com/scholar?cites=7255170688803484711&as_sdt=2005&sciodt=1,5&hl=en"}, {"num_versions": 2, "url_citation": null, "title": "Intellectual Field or Faith-Based Religion", "url": "http://scholar.google.com/https://books.google.com/books?hl=en&lr=&id=z8Kahia4IQEC&oi=fnd&pg=PA169&ots=ZldvDJmDtO&sig=UjQGfudz-tPBlaDQZhfAhirgW5E", "url_versions": "http://scholar.google.com/scholar?cluster=4970478641258400629&hl=en&as_sdt=1,5&sciodt=1,5&as_vis=1", "authors": "S Bennett, K Maton - \u2026 : Young People, Technololgy, and the New  \u2026", "excerpt": "For the past decade the general notion of \u201cDigital Natives\u201d has attracted considerable attention in both academia and the popular media. While proponents of the idea use a variety of labels, such as \u201cNet Generation,\u201d or \u201cmillenial learners,\u201d the claim they make is  ...", "url_pdf": null, "num_citations": 22, "cluster_id": "4970478641258400629", "year": "2011", "url_citations": "http://scholar.google.com/scholar?cites=4970478641258400629&as_sdt=2005&sciodt=1,5&hl=en"}, {"num_versions": 28, "url_citation": null, "title": "Beyond the 'digital natives' debate: Towards a more nuanced understanding of students' technology experiences", "url": "http://onlinelibrary.wiley.com/doi/10.1111/j.1365-2729.2010.00360.x/pdf", "url_versions": "http://scholar.google.com/scholar?cluster=3651122419530843098&hl=en&as_sdt=1,5&sciodt=1,5&as_vis=1", "authors": "S Bennett, K Maton - Journal of computer assisted learning", "excerpt": "Abstract The idea of the 'digital natives', a generation of tech-savvy young people immersed in digital technologies for which current education systems cannot cater, has gained widespread popularity on the basis of claims rather than evidence. Recent research has  ...", "url_pdf": null, "num_citations": 260, "cluster_id": "3651122419530843098", "year": "2010", "url_citations": "http://scholar.google.com/scholar?cites=3651122419530843098&as_sdt=2005&sciodt=1,5&hl=en"}, {"num_versions": 15, "url_citation": null, "title": "Immigrants and natives: Investigating differences between staff and students' use of technology", "url": "http://www.ascilite.org.au/conferences/melbourne08/procs/kennedy.pdf", "url_versions": "http://scholar.google.com/scholar?cluster=3881598937727757258&hl=en&as_sdt=1,5&sciodt=1,5&as_vis=1", "authors": "G Kennedy, B Dalgarno, S Bennett, T Judd\u2026 - Hello! Where are you  \u2026", "excerpt": "The corollary of the 'Digital Native'\u2013young, technologically avid and literate\u2013is the 'Digital Immigrant'\u2013older, less familiar and comfortable with technology. The accompanying rhetoric posits that in the higher education sector, staff and students are ensconced firmly on either  ...", "url_pdf": "http://www.ascilite.org.au/conferences/melbourne08/procs/kennedy.pdf", "num_citations": 89, "cluster_id": "3881598937727757258", "year": "2008", "url_citations": "http://scholar.google.com/scholar?cites=3881598937727757258&as_sdt=2005&sciodt=1,5&hl=en"}, {"num_versions": 10, "url_citation": null, "title": "Technological diversity: An investigation of students' technology use in everyday life and academic study", "url": "http://www.tandfonline.com/doi/abs/10.1080/17439884.2010.531024", "url_versions": "http://scholar.google.com/scholar?cluster=13528546584514265684&hl=en&as_sdt=1,5&sciodt=1,5&as_vis=1", "authors": "L Corrin, L Lockyer, S Bennett - Learning, Media and Technology", "excerpt": "Generational generalisations regarding how students interact with technology have been used in recent times to prompt calls for radical changes to the delivery of teaching in higher education. This article reports on a study aimed to investigate first\u2010year students'  ...", "url_pdf": null, "num_citations": 45, "cluster_id": "13528546584514265684", "year": "2010", "url_citations": "http://scholar.google.com/scholar?cites=13528546584514265684&as_sdt=2005&sciodt=1,5&hl=en"}, {"num_versions": 8, "url_citation": null, "title": "Implementing Web 2.0 technologies in higher education: A collective case study", "url": "http://www.sciencedirect.com/science/article/pii/S0360131511003381", "url_versions": "http://scholar.google.com/scholar?cluster=16061894098834649852&hl=en&as_sdt=1,5&sciodt=1,5&as_vis=1", "authors": "S Bennett, A Bishop, B Dalgarno, J Waycott\u2026 - Computers &  \u2026", "excerpt": "Web 2.0 technologies are becoming more popular in the everyday lives of students. As a result, teachers and designers have begun to explore their use in formal education. This paper presents evaluation findings from a collective case study of six Web 2.0  ...", "url_pdf": null, "num_citations": 134, "cluster_id": "16061894098834649852", "year": "2012", "url_citations": "http://scholar.google.com/scholar?cites=16061894098834649852&as_sdt=2005&sciodt=1,5&hl=en"}, {"num_versions": 10, "url_citation": null, "title": "Using Web 2.0 to support the active learning experience", "url": "http://literacyachievementgap.pbworks.com/f/7su.pdf", "url_versions": "http://scholar.google.com/scholar?cluster=7114069710480918853&hl=en&as_sdt=1,5&sciodt=1,5&as_vis=1", "authors": "J Williams, SJ Chinn - Journal of  \u2026", "excerpt": "ABSTRACT Increased attention to student engagement and active learning strategies have become particularly relevant in today's classroom environments. These approaches are also considered to be meaningful when teaching\" net generation\" students who have different  ...", "url_pdf": "http://literacyachievementgap.pbworks.com/f/7su.pdf", "num_citations": 119, "cluster_id": "7114069710480918853", "year": "2009", "url_citations": "http://scholar.google.com/scholar?cites=7114069710480918853&as_sdt=2005&sciodt=1,5&hl=en"}, {"num_versions": 11, "url_citation": null, "title": "The net generation are not big users of Web 2.0 technologies: Preliminary findings", "url": "http://ro.uow.edu.au/edupapers/920/", "url_versions": "http://scholar.google.com/scholar?cluster=8293772676516130837&hl=en&as_sdt=1,5&sciodt=1,5&as_vis=1", "authors": "G Kennedy, B Dalgarno, K Gray, T Judd, J Waycott\u2026 -", "excerpt": "Abstract A great deal has been written over the past few years about the characteristics of a new generation of students and the implications for teaching and learning. This generation, which has variously been referred to as the 'Net Generation','Digital Natives' and ' ...", "url_pdf": null, "num_citations": 284, "cluster_id": "8293772676516130837", "year": "2007", "url_citations": "http://scholar.google.com/scholar?cites=8293772676516130837&as_sdt=2005&sciodt=1,5&hl=en"}, {"num_versions": 6, "url_citation": null, "title": "Perspectives on personal learning environments held by vocational students", "url": "http://www.sciencedirect.com/science/article/pii/S0360131511002429", "url_versions": "http://scholar.google.com/scholar?cluster=7270187385985216618&hl=en&as_sdt=1,5&sciodt=1,5&as_vis=1", "authors": "T Valtonen, S Hacklin, P Dillon, M Vesisenaho\u2026 - Computers &  \u2026", "excerpt": "This article focuses on personal learning environments (PLEs). The idea with PLEs is to put students in a more central position in the learning process by allowing them to design their own learning environments and by emphasising the self-regulated nature of the learning.  ...", "url_pdf": null, "num_citations": 57, "cluster_id": "7270187385985216618", "year": "2012", "url_citations": "http://scholar.google.com/scholar?cites=7270187385985216618&as_sdt=2005&sciodt=1,5&hl=en"}, {"num_versions": 5, "url_citation": null, "title": "Do UOC students fit in the Net generation profile? An approach to their habits in ICT use", "url": "http://www.irrodl.org/index.php/irrodl/article/view/1422", "url_versions": "http://scholar.google.com/scholar?cluster=3651143668426880521&hl=en&as_sdt=1,5&sciodt=1,5&as_vis=1", "authors": "M Romero, M Guitert, A Sangr\u00e0, M Bullen - The International Review of  \u2026", "excerpt": "Abstract Some authors have stated that university students born after 1982 have been profoundly influenced by digital technologies, showing different characteristics when compared to previous generations. However, it is worth asking if that is a current  ...", "url_pdf": null, "num_citations": 11, "cluster_id": "3651143668426880521", "year": "2013", "url_citations": "http://scholar.google.com/scholar?cites=3651143668426880521&as_sdt=2005&sciodt=1,5&hl=en"}, {"num_versions": 3, "url_citation": null, "title": "Users of e-learning in higher education institutions (HEIs): perceptions, styles and attitudes", "url": "http://www.inderscienceonline.com/doi/abs/10.1504/IJTCS.2011.039555", "url_versions": "http://scholar.google.com/scholar?cluster=11401100446306096175&hl=en&as_sdt=1,5&sciodt=1,5&as_vis=1", "authors": "A Nawaz, GM Kundi - International Journal of Teaching and \u2026", "excerpt": "Research reveals that users of e-learning systems in higher education institutions (HEIs) have a diversity of perceptions, theories and styles due to their demographic differences. Practically, these perceptions are translated into behaviour (attitude) of the e-learning- ...", "url_pdf": null, "num_citations": 12, "cluster_id": "11401100446306096175", "year": "2011", "url_citations": "http://scholar.google.com/scholar?cites=11401100446306096175&as_sdt=2005&sciodt=1,5&hl=en"}, {"num_versions": 7, "url_citation": null, "title": "Problem-Based Learning: Student Engagement, Learning and Contextualized Problem-Solving. Occasional Paper.", "url": "http://eric.ed.gov/?id=ED507339", "url_versions": "http://scholar.google.com/scholar?cluster=916850466265161676&hl=en&as_sdt=1,5&sciodt=1,5&as_vis=1", "authors": "M Mossuto - National Centre for Vocational Education Research ( \u2026", "excerpt": "Most people learn:\u2727 10% of what they read\u2727 20% of what they hear\u2727 30% of what they see\u2727 50% of what they see and hear\u2727 70% of what they talk over with others\u2727 80% of what they use and do with in real life\u2727 95% of what they teach someone else (attributed to  ...", "url_pdf": null, "num_citations": 11, "cluster_id": "916850466265161676", "year": "2009", "url_citations": "http://scholar.google.com/scholar?cites=916850466265161676&as_sdt=2005&sciodt=1,5&hl=en"}, {"num_versions": 5, "url_citation": null, "title": "Gifted dropouts: A phenomenological study", "url": "http://digitalcommons.liberty.edu/doctoral/337/?REMOTE_ADDR=66.249.74.121&", "url_versions": "http://scholar.google.com/scholar?cluster=2472247778286376430&hl=en&as_sdt=1,5&sciodt=1,5&as_vis=1", "authors": "J Zabloski -", "excerpt": "Abstract This qualitative phenomenological study of the life experiences of seven rural gifted individuals who dropped out of school investigated whether they shared commonalities that might have led to the phenomenon of dropping out. The problem was that no one had  ...", "url_pdf": null, "num_citations": 12, "cluster_id": "2472247778286376430", "year": "2010", "url_citations": "http://scholar.google.com/scholar?cites=2472247778286376430&as_sdt=2005&sciodt=1,5&hl=en"}, {"num_versions": 12, "url_citation": null, "title": "The knowledge building paradigm: A model of learning for net generation students", "url": "http://www.editlib.org/p/104343/", "url_versions": "http://scholar.google.com/scholar?cluster=9008506573711272765&hl=en&as_sdt=1,5&sciodt=1,5&as_vis=1", "authors": "D Philip - Innovate: Journal of Online Education", "excerpt": "Abstract In this article Donald Philip describes Knowledge Building, a pedagogy based on the way research organizations function. The global economy, Philip argues, is driving a shift from older, industrial models to the model of the business as a learning organization.  ...", "url_pdf": null, "num_citations": 47, "cluster_id": "9008506573711272765", "year": "2007", "url_citations": "http://scholar.google.com/scholar?cites=9008506573711272765&as_sdt=2005&sciodt=1,5&hl=en"}, {"num_versions": 7, "url_citation": null, "title": "The key importance of L2 digital literacy to Korean EFL pedagogy: College students use L2 English to make campus video guides with their cell phone  \u2026", "url": "http://sersc.org/journals/IJHIT/vol1_no1_2008/IJHIT-Vol.1-No.1%20-%20The%20Key%20Importance%20of%20L2%20Digital%20Literacy%20to%20Korean%20EFL%20Pedagogy.pdf", "url_versions": "http://scholar.google.com/scholar?cluster=17330454919386319264&hl=en&as_sdt=1,5&sciodt=1,5&as_vis=1", "authors": "RC Meurant - IJHIT: The International Journal of Hybrid Information  \u2026", "excerpt": "Abstract In East Asia, the high penetration of student cell phones, with built-in features that include bilingual dictionaries, SMS, Email, Internet access and videocams, already offers ubiquitous computing facilities for pedagogical applications. This paper describes an EFL  ...", "url_pdf": "http://sersc.org/journals/IJHIT/vol1_no1_2008/IJHIT-Vol.1-No.1%20-%20The%20Key%20Importance%20of%20L2%20Digital%20Literacy%20to%20Korean%20EFL%20Pedagogy.pdf", "num_citations": 19, "cluster_id": "17330454919386319264", "year": "2008", "url_citations": "http://scholar.google.com/scholar?cites=17330454919386319264&as_sdt=2005&sciodt=1,5&hl=en"}, {"num_versions": 2, "url_citation": null, "title": "Using e-learning as a tool for 'education for all'in developing states", "url": "http://www.academicjournals.org/app/webroot/article/article1379689677_Nawaz.pdf", "url_versions": "http://scholar.google.com/scholar?cluster=9015413811704950924&hl=en&as_sdt=1,5&sciodt=1,5&as_vis=1", "authors": "A Nawaz - International Journal of Science and Technology  \u2026", "excerpt": "There is no denial that developing countries have long-standing problems of education due to their scarce resources for providing education facilities to their masses. The provision of education for all and continuous education is impossible for these countries because they  ...", "url_pdf": "http://www.academicjournals.org/app/webroot/article/article1379689677_Nawaz.pdf", "num_citations": 18, "cluster_id": "9015413811704950924", "year": "2013", "url_citations": "http://scholar.google.com/scholar?cites=9015413811704950924&as_sdt=2005&sciodt=1,5&hl=en"}, {"num_versions": 6, "url_citation": null, "title": "Exploring a new learning landscape in tertiary education", "url": "http://www.emeraldinsight.com/doi/pdf/10.1108/03074801111136266", "url_versions": "http://scholar.google.com/scholar?cluster=18195862486672788244&hl=en&as_sdt=1,5&sciodt=1,5&as_vis=1", "authors": "R Doiron, M Asselin - New Library World", "excerpt": "Purpose-This conceptual paper aims to stimulate discussion on the growing influence of digital technologies on the success of learners in tertiary institutions. Design/methodology/approach-The paper is grounded in a synthesis of the professional literature showing how  ...", "url_pdf": null, "num_citations": 13, "cluster_id": "18195862486672788244", "year": "2011", "url_citations": "http://scholar.google.com/scholar?cites=18195862486672788244&as_sdt=2005&sciodt=1,5&hl=en"}, {"num_versions": 7, "url_citation": null, "title": "Educating college students of the net generation", "url": "http://scholar.google.com/https://ctlt.waubonsee.edu/files/pdfs/Orientations/2013%20Spring/teaching%20the%20Gen-Y%20student.pdf", "url_versions": "http://scholar.google.com/scholar?cluster=17306013198282595013&hl=en&as_sdt=1,5&sciodt=1,5&as_vis=1", "authors": "K Worley - Adult Learning", "excerpt": "Faculty and administrators of higher education today face a challenge with their student populations, many of whom are part of what is known as the net generation. Gloeckler (2008) termed the group as\" millennials\", those born between 1980 and 2000, who have  ...", "url_pdf": "http://scholar.google.com/https://ctlt.waubonsee.edu/files/pdfs/Orientations/2013%20Spring/teaching%20the%20Gen-Y%20student.pdf", "num_citations": 35, "cluster_id": "17306013198282595013", "year": "2011", "url_citations": "http://scholar.google.com/scholar?cites=17306013198282595013&as_sdt=2005&sciodt=1,5&hl=en"}, {"num_versions": 10, "url_citation": null, "title": "L2 Digital Literacy: Korean EFL students use their cell phone videocams to make an L2 English video guide to their college campus", "url": "http://ieeexplore.ieee.org/xpls/abs_all.jsp?arnumber=4438418", "url_versions": "http://scholar.google.com/scholar?cluster=13315479508307247695&hl=en&as_sdt=1,5&sciodt=1,5&as_vis=1", "authors": "RC Meurant - Intelligent Pervasive Computing", "excerpt": "Abstract In Korea and Japan, the high penetration of student cell phones with built-in features including SMS, Email, Internet capability and bilingual dictionaries, already offers ubiquitous computing facilities for pedagogical applications. Further, nearly all Korean  ...", "url_pdf": null, "num_citations": 20, "cluster_id": "13315479508307247695", "year": "2007", "url_citations": "http://scholar.google.com/scholar?cites=13315479508307247695&as_sdt=2005&sciodt=1,5&hl=en"}, {"num_versions": 6, "url_citation": null, "title": "Digital natives: Everyday life versus academic study", "url": "http://ro.uow.edu.au/edupapers/177/", "url_versions": "http://scholar.google.com/scholar?cluster=760779352351886142&hl=en&as_sdt=1,5&sciodt=1,5&as_vis=1", "authors": "L Corrin, S Bennett, L Lockyer -", "excerpt": "Abstract Access to and use of technology by 'digital native'students studying in our universities has been an area of much speculation, though relatively little empirical research. This has led some pundits to call for a radical rethink of how higher education  ...", "url_pdf": null, "num_citations": 38, "cluster_id": "760779352351886142", "year": "2010", "url_citations": "http://scholar.google.com/scholar?cites=760779352351886142&as_sdt=2005&sciodt=1,5&hl=en"}, {"num_versions": 3, "url_citation": null, "title": "Web 2.0: A new generation of learners and education", "url": "http://www.tandfonline.com/doi/abs/10.1080/07380560802370997", "url_versions": "http://scholar.google.com/scholar?cluster=9487290023447072704&hl=en&as_sdt=1,5&sciodt=1,5&as_vis=1", "authors": "D Rosen, C Nelson - Computers in the Schools", "excerpt": "ABSTRACT New social-sharing applications are transforming the Internet from a read-only (Web 1.0) environment to a read-write ecology that many are calling Web 2.0. These tools (eg, weblogs and wikis) enable Internet users to publish information online almost as  ...", "url_pdf": null, "num_citations": 84, "cluster_id": "9487290023447072704", "year": "2008", "url_citations": "http://scholar.google.com/scholar?cites=9487290023447072704&as_sdt=2005&sciodt=1,5&hl=en"}, {"num_versions": 4, "url_citation": null, "title": "Using online social networking for teaching and learning: Facebook use at the University of Cape Town", "url": "http://www.tandfonline.com/doi/abs/10.1080/02500160903250648", "url_versions": "http://scholar.google.com/scholar?cluster=4951897812979869652&hl=en&as_sdt=1,5&sciodt=1,5&as_vis=1", "authors": "TE Bosch - \u2026 : South African Journal for Communication Theory and  \u2026", "excerpt": "Abstract Web-based learning has made learning content much more freely and instantaneously available to students who can download course notes and readings with a single mouse click. Facebook is one of many Web 2.0 tools\u2013wikis, delicious, YouTube,  ...", "url_pdf": null, "num_citations": 299, "cluster_id": "4951897812979869652", "year": "2009", "url_citations": "http://scholar.google.com/scholar?cites=4951897812979869652&as_sdt=2005&sciodt=1,5&hl=en"}, {"num_versions": 11, "url_citation": null, "title": "Learning, teaching, and scholarship in a digital age Web 2.0 and classroom research: What path should we take now?", "url": "http://edr.sagepub.com/content/38/4/246.short", "url_versions": "http://scholar.google.com/scholar?cluster=11156584060148107108&hl=en&as_sdt=1,5&sciodt=1,5&as_vis=1", "authors": "C Greenhow, B Robelia, JE Hughes - Educational researcher", "excerpt": "Abstract Since Windschitl first outlined a research agenda for the World Wide Web and classroom research, significant shifts have occurred in the nature of the Web and the conceptualization of classrooms. Such shifts have affected constructs of learning and  ...", "url_pdf": null, "num_citations": 773, "cluster_id": "11156584060148107108", "year": "2009", "url_citations": "http://scholar.google.com/scholar?cites=11156584060148107108&as_sdt=2005&sciodt=1,5&hl=en"}]