[{"num_versions": 0, "url_citation": null, "title": "Shaping the college curriculum: Academic plans in context", "url": "http://scholar.google.com/https://books.google.com/books?hl=en&lr=&id=vFYTp9cze2kC&oi=fnd&pg=PR13&ots=Zrv-olriw2&sig=4paNKJ4qVChBPi07WrwCPg5MwKY", "url_versions": null, "authors": "LR Lattuca, JS Stark -", "excerpt": "By viewing a college curriculum as a plan, Shaping the College Curriculum: Academic Plans in Context encourages instructors and administrators to think about curriculum as a decision-making process with important implications for teaching and learning. The academic plan  ...", "url_pdf": null, "num_citations": 153, "cluster_id": "1167837144471410461", "year": "2011", "url_citations": "http://scholar.google.com/scholar?cites=1167837144471410461&as_sdt=2005&sciodt=1,5&hl=en"}, {"num_versions": 9, "url_citation": null, "title": "From experience to experiential learning: Cultural intelligence as a learning capability for global leader development", "url": "http://amle.aom.org/content/8/4/511.short", "url_versions": "http://scholar.google.com/scholar?cluster=14802409490205997021&hl=en&as_sdt=1,5&sciodt=1,5&as_vis=1", "authors": "KY Ng, L Van Dyne, S Ang - Academy of Management Learning &  \u2026", "excerpt": "Abstract Although international assignments are recognized as important mechanisms for developing global leaders in organizations, existing research has focused primarily on leaders' performance during international assignments, rather than on the developmental  ...", "url_pdf": null, "num_citations": 197, "cluster_id": "14802409490205997021", "year": "2009", "url_citations": "http://scholar.google.com/scholar?cites=14802409490205997021&as_sdt=2005&sciodt=1,5&hl=en"}, {"num_versions": 10, "url_citation": null, "title": "The enduring appeal of 'learning styles'", "url": "http://aed.sagepub.com/content/54/1/5.short", "url_versions": "http://scholar.google.com/scholar?cluster=9004763529897808783&hl=en&as_sdt=1,5&sciodt=1,5&as_vis=1", "authors": "C Scott - Australian Journal of Education", "excerpt": "Abstract Individualism is the dominant value system in Western cultures and, as such, it affects the conduct of every aspect of human endeavour, including education. One of the most enduring effects on education has been the search for individual differences that can  ...", "url_pdf": null, "num_citations": 46, "cluster_id": "9004763529897808783", "year": "2010", "url_citations": "http://scholar.google.com/scholar?cites=9004763529897808783&as_sdt=2005&sciodt=1,5&hl=en"}, {"num_versions": 7, "url_citation": null, "title": "Message design for mobile learning: Learning theories, human cognition and design principles", "url": "http://onlinelibrary.wiley.com/doi/10.1111/j.1467-8535.2011.01214.x/full", "url_versions": "http://scholar.google.com/scholar?cluster=15240740607204771973&hl=en&as_sdt=1,5&sciodt=1,5&as_vis=1", "authors": "M Wang, R Shen - British Journal of Educational Technology", "excerpt": "Abstract The demands of an increasingly knowledge-based society and the dramatic advances in mobile phone technology are combining to spur the growth of mobile learning (mLearning). However, for mLearning to attain its full potential, it is essential to develop  ...", "url_pdf": null, "num_citations": 41, "cluster_id": "15240740607204771973", "year": "2012", "url_citations": "http://scholar.google.com/scholar?cites=15240740607204771973&as_sdt=2005&sciodt=1,5&hl=en"}, {"num_versions": 9, "url_citation": null, "title": "Effects of teaching and learning styles on students' reflection levels for ubiquitous learning", "url": "http://www.sciencedirect.com/science/article/pii/S0360131511000121", "url_versions": "http://scholar.google.com/scholar?cluster=2980253194512145757&hl=en&as_sdt=1,5&sciodt=1,5&as_vis=1", "authors": "SW Hsieh, YR Jang, GJ Hwang, NS Chen - Computers & Education", "excerpt": "Ubiquitous learning (u-learning), in conjunction with supports from the digital world, is recognized as an effective approach for situating students in real-world learning environments. Earlier studies concerning u-learning have mainly focused on investigating  ...", "url_pdf": null, "num_citations": 93, "cluster_id": "2980253194512145757", "year": "2011", "url_citations": "http://scholar.google.com/scholar?cites=2980253194512145757&as_sdt=2005&sciodt=1,5&hl=en"}, {"num_versions": 18, "url_citation": null, "title": "Five common but questionable principles of multimedia learning", "url": "http://scholar.google.com/https://books.google.com/books?hl=en&lr=&id=SSLdo1MLIywC&oi=fnd&pg=PA97&ots=uTx9O3UZHu&sig=EsIUZ_QM4_wCT9QgnLLSYu140aQ", "url_versions": "http://scholar.google.com/scholar?cluster=1684223338432187284&hl=en&as_sdt=1,5&sciodt=1,5&as_vis=1", "authors": "RE Clark, DF Feldon - The Cambridge handbook of multimedia  \u2026", "excerpt": "Abstract This chapter describes five commonly held principles about multimedia learning that are not supported by research and suggests alternative generalizations that are more firmly based on existing studies. 1 The questionable beliefs include the expectations that  ...", "url_pdf": null, "num_citations": 137, "cluster_id": "1684223338432187284", "year": "2005", "url_citations": "http://scholar.google.com/scholar?cites=1684223338432187284&as_sdt=2005&sciodt=1,5&hl=en"}, {"num_versions": 7, "url_citation": null, "title": "Learning styles of design students and the relationship of academic performance and gender in design education", "url": "http://www.sciencedirect.com/science/article/pii/S0959475207000345", "url_versions": "http://scholar.google.com/scholar?cluster=6407023076569891179&hl=en&as_sdt=1,5&sciodt=1,5&as_vis=1", "authors": "OO Demirbas, H Demirkan - Learning and Instruction", "excerpt": "The study focuses on design education using Experiential Learning Theory (ELT) and explores the effects of learning styles and gender on the performance scores of freshman design students in three successive academic years. Findings indicate that the distribution  ...", "url_pdf": null, "num_citations": 135, "cluster_id": "6407023076569891179", "year": "2007", "url_citations": "http://scholar.google.com/scholar?cites=6407023076569891179&as_sdt=2005&sciodt=1,5&hl=en"}, {"num_versions": 11, "url_citation": null, "title": "Activity sequence modelling and dynamic clustering for personalized e-learning", "url": "http://link.springer.com/article/10.1007/s11257-010-9087-z", "url_versions": "http://scholar.google.com/scholar?cluster=1099012073011464025&hl=en&as_sdt=1,5&sciodt=1,5&as_vis=1", "authors": "M K\u00f6ck, A Paramythis - User Modeling and User-Adapted Interaction", "excerpt": "Abstract Monitoring and interpreting sequential learner activities has the potential to improve adaptivity and personalization within educational environments. We present an approach based on the modeling of learners' problem solving activity sequences, and on the use of  ...", "url_pdf": null, "num_citations": 33, "cluster_id": "1099012073011464025", "year": "2011", "url_citations": "http://scholar.google.com/scholar?cites=1099012073011464025&as_sdt=2005&sciodt=1,5&hl=en"}, {"num_versions": 6, "url_citation": null, "title": "Undergraduate nursing students' learning styles: a longitudinal study", "url": "http://www.sciencedirect.com/science/article/pii/S0260691710001528", "url_versions": "http://scholar.google.com/scholar?cluster=5351541500942370713&hl=en&as_sdt=1,5&sciodt=1,5&as_vis=1", "authors": "S Fleming, G Mckee, S Huntley-Moore - Nurse education today", "excerpt": "This paper reports on the main findings of a longitudinal study of the learning styles of one cohort of undergraduate pre-registration nursing students at an Irish university. The Honey and Mumford (2000a) Learning Styles Questionnaire was administered to a sample of  ...", "url_pdf": null, "num_citations": 35, "cluster_id": "5351541500942370713", "year": "2011", "url_citations": "http://scholar.google.com/scholar?cites=5351541500942370713&as_sdt=2005&sciodt=1,5&hl=en"}, {"num_versions": 2, "url_citation": null, "title": "3 Learning style and good language learners", "url": "http://efyou.persiangig.com/teaching/Lessons%20from%20Good%20Language%20Learners.pdf#page=62", "url_versions": "http://scholar.google.com/scholar?cluster=11341209560720929507&hl=en&as_sdt=1,5&sciodt=1,5&as_vis=1", "authors": "C Nel - Lessons from good language learners", "excerpt": "An enduring question for language researchers is the effect of individual differences on the efficacy of language learning. For example, learners differ from one another in the ways in which they process information from the environment. This proposition of individual  ...", "url_pdf": null, "num_citations": 41, "cluster_id": "11341209560720929507", "year": "2008", "url_citations": "http://scholar.google.com/scholar?cites=11341209560720929507&as_sdt=2005&sciodt=1,5&hl=en"}, {"num_versions": 6, "url_citation": null, "title": "Student evaluation of teaching in the virtual and traditional classrooms: A comparative analysis", "url": "http://www.sciencedirect.com/science/article/pii/S1096751605000795", "url_versions": "http://scholar.google.com/scholar?cluster=7070723853516595716&hl=en&as_sdt=1,5&sciodt=1,5&as_vis=1", "authors": "AP Rovai, MK Ponton, MG Derrick, JM Davis - The Internet and higher  \u2026", "excerpt": "The present case study consists of the content analysis of anonymous student responses to open-ended evaluation of teaching questions submitted by 202 students for fully online and on-campus versions of the same graduate courses taught by the same professors over  ...", "url_pdf": null, "num_citations": 65, "cluster_id": "7070723853516595716", "year": "2006", "url_citations": "http://scholar.google.com/scholar?cites=7070723853516595716&as_sdt=2005&sciodt=1,5&hl=en"}, {"num_versions": 7, "url_citation": null, "title": "Web 2.0 learning environment: concept, implementation, evaluation", "url": "http://www.pedocs.de/volltexte/2010/2633/", "url_versions": "http://scholar.google.com/scholar?cluster=6243118630385224984&hl=en&as_sdt=1,5&sciodt=1,5&as_vis=1", "authors": "I Blees, M Rittberger - eLearning Papers", "excerpt": "Abstract (Englisch): This contribution presents and evaluates a new learning environment model based on Web 2.0 applications. In a theoretical overview the concepts of eLearning 2.0 and Personal Learning Environments are introduced, along with their main aspects of  ...", "url_pdf": null, "num_citations": 35, "cluster_id": "6243118630385224984", "year": "2009", "url_citations": "http://scholar.google.com/scholar?cites=6243118630385224984&as_sdt=2005&sciodt=1,5&hl=en"}, {"num_versions": 7, "url_citation": null, "title": "Real users, real results: examining the limitations of learning styles within AEH", "url": "http://dl.acm.org/citation.cfm?id=1286261", "url_versions": "http://scholar.google.com/scholar?cluster=11729767358178850986&hl=en&as_sdt=1,5&sciodt=1,5&as_vis=1", "authors": "E Brown, T Fisher, T Brailsford - Proceedings of the eighteenth  \u2026", "excerpt": "Abstract This paper examines the current state of AEH (adaptive educational hypermedia) research into explicit learning style modelling for user personalisation. It addresses the problem of non-na\u00efve test subjects, who are often in user trials, thus contributing to  ...", "url_pdf": null, "num_citations": 35, "cluster_id": "11729767358178850986", "year": "2007", "url_citations": "http://scholar.google.com/scholar?cites=11729767358178850986&as_sdt=2005&sciodt=1,5&hl=en"}, {"num_versions": 2, "url_citation": null, "title": "Hidden lives of learners", "url": "http://www.nzcer.org.nz/nzcerpress/hidden-lives-Learners", "url_versions": "http://scholar.google.com/scholar?cluster=13000383446259596678&hl=en&as_sdt=1,5&sciodt=1,5&as_vis=1", "authors": "G Nuthall - Journal article", "excerpt": "The Hidden Lives of Learners takes the reader deep into the hitherto undiscovered world of the learner. It explores the three worlds which together shape a student's learning\u2013the public world of the teacher, the highly influential world of peers, and the student's own private  ...", "url_pdf": null, "num_citations": 138, "cluster_id": "13000383446259596678", "year": "2014", "url_citations": "http://scholar.google.com/scholar?cites=13000383446259596678&as_sdt=2005&sciodt=1,5&hl=en"}, {"num_versions": 6, "url_citation": null, "title": "Our flexible friend: The implications of individual differences for information technology teaching", "url": "http://www.sciencedirect.com/science/article/pii/S0360131505000035", "url_versions": "http://scholar.google.com/scholar?cluster=10400941960827688725&hl=en&as_sdt=1,5&sciodt=1,5&as_vis=1", "authors": "SJ Waite, S Wheeler, C Bromfield - Computers & Education", "excerpt": "In this article, we report the observed differential uptake and use of computer programs and activities of seven boys and girls of high, medium and low attainment in a classroom in the UK where over 40 children aged 10 and 11 have a networked PC on their desk all day  ...", "url_pdf": null, "num_citations": 29, "cluster_id": "10400941960827688725", "year": "2007", "url_citations": "http://scholar.google.com/scholar?cites=10400941960827688725&as_sdt=2005&sciodt=1,5&hl=en"}, {"num_versions": 8, "url_citation": null, "title": "Perceptual learning style and learning proficiency: A test of the hypothesis.", "url": "http://psycnet.apa.org/journals/edu/98/1/238/", "url_versions": "http://scholar.google.com/scholar?cluster=13516023799317538025&hl=en&as_sdt=1,5&sciodt=1,5&as_vis=1", "authors": "GP Kr\u00e4tzig, KD Arbuthnott - Journal of Educational Psychology", "excerpt": "Abstract 1. Given the potential importance of using modality preference with instruction, the authors tested whether learning style preference correlated with memory performance in each of 3 sensory modalities: visual, auditory, and kinesthetic. In Study 1, participants  ...", "url_pdf": null, "num_citations": 138, "cluster_id": "13516023799317538025", "year": "2006", "url_citations": "http://scholar.google.com/scholar?cites=13516023799317538025&as_sdt=2005&sciodt=1,5&hl=en"}, {"num_versions": 5, "url_citation": null, "title": "The psychology of academic achievement", "url": "http://www.annualreviews.org/doi/abs/10.1146/annurev.psych.093008.100348", "url_versions": "http://scholar.google.com/scholar?cluster=10868188226345885619&hl=en&as_sdt=1,5&sciodt=1,5&as_vis=1", "authors": "PH Winne, JC Nesbit - Annual review of psychology", "excerpt": "Educational psychology has generated a prolific array of findings about factors that influence and correlate with academic achievement. We review select findings from this voluminous literature and identify two domains of psychology: heuristics that describe generic  ...", "url_pdf": null, "num_citations": 98, "cluster_id": "10868188226345885619", "year": "2010", "url_citations": "http://scholar.google.com/scholar?cites=10868188226345885619&as_sdt=2005&sciodt=1,5&hl=en"}, {"num_versions": 102, "url_citation": null, "title": "Foundations of educational theory for online learning", "url": "http://scholar.google.com/https://books.google.com/books?hl=en&lr=&id=RifNwzU3HR4C&oi=fnd&pg=PA15&ots=Sf9lKhLRoA&sig=Iw4jvrEJeFoB5fJkAjcOFlxbYkI", "url_versions": "http://scholar.google.com/scholar?cluster=11041751108026538132&hl=en&as_sdt=1,5&sciodt=1,5&as_vis=1", "authors": "M Ally - Theory and practice of online learning", "excerpt": "There is ongoing debate about whether using a particular delivery technology improves the learning (Beynon, 2007; Clark, 2001; Kozma, 2001). It has long been recognized that specialized delivery technologies can provide efficient and timely access to learning  ...", "url_pdf": null, "num_citations": 864, "cluster_id": "11041751108026538132", "year": "2004", "url_citations": "http://scholar.google.com/scholar?cites=11041751108026538132&as_sdt=2005&sciodt=1,5&hl=en"}, {"num_versions": 3, "url_citation": null, "title": "Learning orientations: Diversity in higher education", "url": "http://www.sciencedirect.com/science/article/pii/S1041608008000897", "url_versions": "http://scholar.google.com/scholar?cluster=16654920227364744265&hl=en&as_sdt=1,5&sciodt=1,5&as_vis=1", "authors": "LM Jeffrey - Learning and Individual Differences", "excerpt": "As teachers struggle to meet the needs of a highly diverse student body, technology holds out the promise of a solution. However, first the nature and scope of differences between students has to be identified. This study (n= 1811) takes a comprehensive approach,  ...", "url_pdf": null, "num_citations": 38, "cluster_id": "16654920227364744265", "year": "2009", "url_citations": "http://scholar.google.com/scholar?cites=16654920227364744265&as_sdt=2005&sciodt=1,5&hl=en"}, {"num_versions": 26, "url_citation": null, "title": "Patterns in authoring of adaptive educational hypermedia: A taxonomy of learning styles", "url": "http://www.jstor.org/stable/jeductechsoci.8.3.77", "url_versions": "http://scholar.google.com/scholar?cluster=5646669566114102055&hl=en&as_sdt=1,5&sciodt=1,5&as_vis=1", "authors": "E Brown, A Cristea, C Stewart, T Brailsford - Journal of Educational  \u2026", "excerpt": "ABSTRACT This paper describes the use of adaptation patterns in the task of formulating standards for adaptive educational hypermedia (AEH) systems that is currently under investigation by the EU ADAPT project. Within this project, design dimensions for high  ...", "url_pdf": null, "num_citations": 105, "cluster_id": "5646669566114102055", "year": "2005", "url_citations": "http://scholar.google.com/scholar?cites=5646669566114102055&as_sdt=2005&sciodt=1,5&hl=en"}, {"num_versions": 8, "url_citation": null, "title": "The impact of learning styles on student grouping for collaborative learning: a case study", "url": "http://link.springer.com/article/10.1007/s11257-006-9012-7", "url_versions": "http://scholar.google.com/scholar?cluster=16652311156449178674&hl=en&as_sdt=1,5&sciodt=1,5&as_vis=1", "authors": "E Alfonseca, RM Carro, E Mart\u00edn, A Ortigosa\u2026 - User Modeling and User \u2026", "excerpt": "Abstract Learning style models constitute a valuable tool for improving individual learning by the use of adaptation techniques based on them. In this paper, we present how the benefit of considering learning styles with adaptation purposes, as part of the user model, can be  ...", "url_pdf": null, "num_citations": 158, "cluster_id": "16652311156449178674", "year": "2006", "url_citations": "http://scholar.google.com/scholar?cites=16652311156449178674&as_sdt=2005&sciodt=1,5&hl=en"}, {"num_versions": 8, "url_citation": null, "title": "The development and validation of the On\u2010the\u2010job Learning Styles Questionnaire for the Nursing Profession", "url": "http://onlinelibrary.wiley.com/doi/10.1111/j.1365-2648.2007.04252.x/full", "url_versions": "http://scholar.google.com/scholar?cluster=7024933108587425944&hl=en&as_sdt=1,5&sciodt=1,5&as_vis=1", "authors": "MGMC Berings, RF Poell, P Simons\u2026 - Journal of advanced  \u2026", "excerpt": "Aim. This paper is a report of a study to develop and test the psychometric properties of the On-the-job Learning Style Questionnaire for the Nursing Profession. Background. Although numerous questionnaires measuring learning styles have been developed, none are  ...", "url_pdf": null, "num_citations": 28, "cluster_id": "7024933108587425944", "year": "2007", "url_citations": "http://scholar.google.com/scholar?cites=7024933108587425944&as_sdt=2005&sciodt=1,5&hl=en"}, {"num_versions": 6, "url_citation": null, "title": "Implementing a case\u2010based e\u2010learning environment in a lecture\u2010oriented anaesthesiology class: Do learning styles matter in complex problem solving over time?*", "url": "http://onlinelibrary.wiley.com/doi/10.1111/j.1467-8535.2008.00884.x/full", "url_versions": "http://scholar.google.com/scholar?cluster=9338028031889834897&hl=en&as_sdt=1,5&sciodt=1,5&as_vis=1", "authors": "I Choi, SJ Lee, J Kang - British Journal of Educational  \u2026", "excerpt": "Abstract This study explores how students' learning styles influence their learning while solving complex problems when a case-based e-learning environment is implemented in a conventional lecture-oriented classroom. Seventy students from an anaesthesiology class  ...", "url_pdf": null, "num_citations": 35, "cluster_id": "9338028031889834897", "year": "2009", "url_citations": "http://scholar.google.com/scholar?cites=9338028031889834897&as_sdt=2005&sciodt=1,5&hl=en"}, {"num_versions": 6, "url_citation": null, "title": "The learning style preferences of hospitality and tourism students: Observations from an international and cross-cultural study", "url": "http://www.sciencedirect.com/science/article/pii/S0278431905000289", "url_versions": "http://scholar.google.com/scholar?cluster=5115258457381426517&hl=en&as_sdt=1,5&sciodt=1,5&as_vis=1", "authors": "C Lashley, P Barron - International Journal of Hospitality Management", "excerpt": "This paper reports on a study of the learning style preferences of new entrants onto hospitality and tourism programmes in Australia and the United Kingdom. It suggests that a majority of students on these programmes in both countries have strong learning style  ...", "url_pdf": null, "num_citations": 82, "cluster_id": "5115258457381426517", "year": "2006", "url_citations": "http://scholar.google.com/scholar?cites=5115258457381426517&as_sdt=2005&sciodt=1,5&hl=en"}, {"num_versions": 7, "url_citation": null, "title": "Learning styles of first-year undergraduate nursing and midwifery students: A cross-sectional survey utilising the Kolb Learning Style Inventory", "url": "http://www.sciencedirect.com/science/article/pii/S0260691711002000", "url_versions": "http://scholar.google.com/scholar?cluster=8418125390241529893&hl=en&as_sdt=1,5&sciodt=1,5&as_vis=1", "authors": "A D'Amore, S James, EKL Mitchell - Nurse education today", "excerpt": "It is important that educators understand their students' learning styles. In this study we investigate the learning styles of first-year undergraduate nursing and midwifery university students and whether these learning styles are influenced by student demographic  ...", "url_pdf": null, "num_citations": 42, "cluster_id": "8418125390241529893", "year": "2012", "url_citations": "http://scholar.google.com/scholar?cites=8418125390241529893&as_sdt=2005&sciodt=1,5&hl=en"}, {"num_versions": 4, "url_citation": null, "title": "Cultural and interpersonal factors affecting African American academic performance in higher education: A review and synthesis of the research literature", "url": "http://www.jstor.org/stable/40026735", "url_versions": "http://scholar.google.com/scholar?cluster=8160787763818880941&hl=en&as_sdt=1,5&sciodt=1,5&as_vis=1", "authors": "AP Rovai, LB Gallien Jr, MJ Wighting - The Journal of Negro Education", "excerpt": "The disparity in educational outcomes between majority White and minority African American populations has become known as the African American achievement gap. The authors examine the under performance of African American university students by  ...", "url_pdf": null, "num_citations": 63, "cluster_id": "8160787763818880941", "year": "2005", "url_citations": "http://scholar.google.com/scholar?cites=8160787763818880941&as_sdt=2005&sciodt=1,5&hl=en"}, {"num_versions": 6, "url_citation": null, "title": "VAK or VAK\u2010uous? Towards the trivialisation of learning and the death of scholarship", "url": "http://www.tandfonline.com/doi/abs/10.1080/02671520701755416", "url_versions": "http://scholar.google.com/scholar?cluster=56315463802249207&hl=en&as_sdt=1,5&sciodt=1,5&as_vis=1", "authors": "JG Sharp, R Bowker, J Byrne - Research Papers in Education", "excerpt": "Developments within education, psychology and the neurosciences have shed a great deal of light on how we learn while, at the same time, confirming for us all that learning is a profoundly complex process and far from understood. Against this background, and in this  ...", "url_pdf": null, "num_citations": 39, "cluster_id": "56315463802249207", "year": "2008", "url_citations": "http://scholar.google.com/scholar?cites=56315463802249207&as_sdt=2005&sciodt=1,5&hl=en"}, {"num_versions": 0, "url_citation": null, "title": "Approaches to learning", "url": "http://scholar.google.com/https://books.google.com/books?hl=en&lr=&id=BQ19AgAAQBAJ&oi=fnd&pg=PA9&ots=wLwhCi-VkG&sig=bzrpyT2AbblmXZFAcKvqubzpyuo", "url_versions": null, "authors": "JM Case, D Marshall - The Routledge internacional handbook of  \u2026", "excerpt": "The new lecturer in the university of the twenty-first century who seeks to improve their teaching is faced with a bewildering array of questionnaires which promise to deliver useful information about their students and their learning. Some of these refer to \u201capproaches to  ...", "url_pdf": null, "num_citations": 36, "cluster_id": "9517967578204048472", "year": "2009", "url_citations": "http://scholar.google.com/scholar?cites=9517967578204048472&as_sdt=2005&sciodt=1,5&hl=en"}, {"num_versions": 2, "url_citation": null, "title": "Individual differences, attribute-treatment interactions, and training outcomes", "url": "http://scholar.google.com/https://books.google.com/books?hl=en&lr=&id=vFAwz3Ic9nAC&oi=fnd&pg=PA3&ots=XV39KrTlL8&sig=mQz9GVsR-iVid1rGhP9O6mhwmi8", "url_versions": "http://scholar.google.com/scholar?cluster=13833543093553738060&hl=en&as_sdt=1,5&sciodt=1,5&as_vis=1", "authors": "S Gully, G Chen - Learning, training, and development in  \u2026", "excerpt": "Researchers and practitioners have long been aware of the important role that individual differences play in determining learning and training outcomes (for a review, see Ackerman & Heggestad, 1997). In 1984, Hunter and Hunter conducted a meta-analysis that included  ...", "url_pdf": null, "num_citations": 58, "cluster_id": "13833543093553738060", "year": "2010", "url_citations": "http://scholar.google.com/scholar?cites=13833543093553738060&as_sdt=2005&sciodt=1,5&hl=en"}, {"num_versions": 6, "url_citation": null, "title": "Learning styles and pedagogy in post 16 learning: a systematic and critical review.", "url": "http://elibrary.kiu.ac.ug:8080/jspui/handle/1/273", "url_versions": "http://scholar.google.com/scholar?cluster=3594964535159390352&hl=en&as_sdt=1,5&sciodt=1,5&as_vis=1", "authors": "F Coffield, D Moseley, E Hall, K Ecclestone -", "excerpt": "This report critically reviews the literature on learning styles and examines in detail 13 of the most influential models. The report concludes that it matters fundamentally which instrument is chosen. The implication for teaching and learning in post 16 learning are serious and  ...", "url_pdf": null, "num_citations": 1414, "cluster_id": "3594964535159390352", "year": "2004", "url_citations": "http://scholar.google.com/scholar?cites=3594964535159390352&as_sdt=2005&sciodt=1,5&hl=en"}, {"num_versions": 0, "url_citation": null, "title": "Culture, literacy, and learning", "url": "http://www.warreninstitute3.org/images/download/rt_031011/ar/c_lee_blooming_ch2.pdf", "url_versions": null, "authors": "CD Lee - Teachers' College Press, New York", "excerpt": "32 Culture, Literacy, ond learning not enrolled in high school and lacked a high school credential, either diploma or GED (Kaufman, Alt, 8: Chaprnain, 2004). During that same year, 43.4% of Latinos between the ages of 16 and 24 who were born out of the United  ...", "url_pdf": "http://www.warreninstitute3.org/images/download/rt_031011/ar/c_lee_blooming_ch2.pdf", "num_citations": 347, "cluster_id": "5417136425092394173", "year": "2007", "url_citations": "http://scholar.google.com/scholar?cites=5417136425092394173&as_sdt=2005&sciodt=1,5&hl=en"}, {"num_versions": 6, "url_citation": null, "title": "Psychology and adult learning", "url": "http://scholar.google.com/https://books.google.com/books?hl=en&lr=&id=j5muRQ9Yc0YC&oi=fnd&pg=PR1&ots=hiA8pS1bBw&sig=va-IW6oZ6vU6WNexasgSy4kvPko", "url_versions": "http://scholar.google.com/scholar?cluster=9605370517332197579&hl=en&as_sdt=1,5&sciodt=1,5&as_vis=1", "authors": "M Tennant -", "excerpt": "The third edition of this popular book examines the role of psychology in informing adult education practice and has been fully updated to reflect the effect of changes in the structure of society, globalisation, technology and the impact of postmodernism. It explores the  ...", "url_pdf": null, "num_citations": 824, "cluster_id": "9605370517332197579", "year": "2006", "url_citations": "http://scholar.google.com/scholar?cites=9605370517332197579&as_sdt=2005&sciodt=1,5&hl=en"}, {"num_versions": 5, "url_citation": null, "title": "Attempted validation of the scores of the VARK: Learning styles inventory with multitrait\u2013multimethod confirmatory factor analysis models", "url": "http://epm.sagepub.com/content/70/2/323.short", "url_versions": "http://scholar.google.com/scholar?cluster=12716379245334656847&hl=en&as_sdt=1,5&sciodt=1,5&as_vis=1", "authors": "WL Leite, M Svinicki, Y Shi - Educational and Psychological  \u2026", "excerpt": "Abstract The authors examined the dimensionality of the VARK learning styles inventory. The VARK measures four perceptual preferences: visual (V), aural (A), read/write (R), and kinesthetic (K). VARK questions can be viewed as testlets because respondents can  ...", "url_pdf": null, "num_citations": 168, "cluster_id": "12716379245334656847", "year": "2010", "url_citations": "http://scholar.google.com/scholar?cites=12716379245334656847&as_sdt=2005&sciodt=1,5&hl=en"}, {"num_versions": 11, "url_citation": null, "title": "Cognitive styles in the context of modern psychology: toward an integrated framework of cognitive style.", "url": "http://psycnet.apa.org/journals/bul/133/3/464/", "url_versions": "http://scholar.google.com/scholar?cluster=17859349937251534751&hl=en&as_sdt=1,5&sciodt=1,5&as_vis=1", "authors": "M Kozhevnikov - Psychological bulletin", "excerpt": "Abstract 1. The goals of this article are to elucidate trends and perspectives in the field of cognitive style research and to propose an integrated framework to guide future research. This is accomplished by means of a comprehensive literature review of the major  ...", "url_pdf": null, "num_citations": 291, "cluster_id": "17859349937251534751", "year": "2007", "url_citations": "http://scholar.google.com/scholar?cites=17859349937251534751&as_sdt=2005&sciodt=1,5&hl=en"}, {"num_versions": 14, "url_citation": null, "title": "Dynamic adaptive hypermedia systems for e-learning", "url": "http://scholar.google.com/https://tel.archives-ouvertes.fr/tel-00343460/", "url_versions": "http://scholar.google.com/scholar?cluster=8751412025079708300&hl=en&as_sdt=1,5&sciodt=1,5&as_vis=1", "authors": "E Popescu -", "excerpt": "The ultimate goal of adaptive educational hypermedia systems (AEHS) is to provide a learning experience that is individualized to the particular needs of the learners, from the point of view of knowledge level, goals, motivation, individual differences etc. The focus of  ...", "url_pdf": null, "num_citations": 37, "cluster_id": "8751412025079708300", "year": "2008", "url_citations": "http://scholar.google.com/scholar?cites=8751412025079708300&as_sdt=2005&sciodt=1,5&hl=en"}, {"num_versions": 7, "url_citation": null, "title": "Teaching spirituality to student midwives: a creative approach", "url": "http://www.sciencedirect.com/science/article/pii/S1471595307000182", "url_versions": "http://scholar.google.com/scholar?cluster=16093766480044829596&hl=en&as_sdt=1,5&sciodt=1,5&as_vis=1", "authors": "M Mitchell, J Hall - Nurse Education in Practice", "excerpt": "The nature of midwifery both as an art and a science requires methods of teaching students that will enhance this understanding. A philosophy of holistic care of women should underpin education of student midwives and these concepts should be put across to the  ...", "url_pdf": null, "num_citations": 32, "cluster_id": "16093766480044829596", "year": "2007", "url_citations": "http://scholar.google.com/scholar?cites=16093766480044829596&as_sdt=2005&sciodt=1,5&hl=en"}, {"num_versions": 5, "url_citation": null, "title": "A comparison of competencies between problem-based learning and non-problem-based graduate nurses", "url": "http://www.sciencedirect.com/science/article/pii/S0260691710000912", "url_versions": "http://scholar.google.com/scholar?cluster=6902990797711660796&hl=en&as_sdt=1,5&sciodt=1,5&as_vis=1", "authors": "H Applin, B Williams, R Day, K Buro - Nurse Education Today", "excerpt": "Competence is essential to ensuring safe, ethical and legal nursing practice. Various teaching strategies are used in nursing education in an effort to enhance graduate competence by bridging the gap between theory learned in the classroom and  ...", "url_pdf": null, "num_citations": 46, "cluster_id": "6902990797711660796", "year": "2011", "url_citations": "http://scholar.google.com/scholar?cites=6902990797711660796&as_sdt=2005&sciodt=1,5&hl=en"}, {"num_versions": 6, "url_citation": null, "title": "Development and validation of the Cognitive Style Indicator", "url": "http://www.tandfonline.com/doi/abs/10.3200/JRLP.141.4.359-388", "url_versions": "http://scholar.google.com/scholar?cluster=15536067838989168770&hl=en&as_sdt=1,5&sciodt=1,5&as_vis=1", "authors": "E Cools, H Van den Broeck - The Journal of psychology", "excerpt": "The authors describe the development and validation of the Cognitive Style Indicator (CoSI) using 3 diverse samples (N= 5,924; N= 1,580; and N= 635). Reliability, item, and factor analyses demonstrated the internal consistency and homogeneity of 3 cognitive styles:  ...", "url_pdf": null, "num_citations": 102, "cluster_id": "15536067838989168770", "year": "2007", "url_citations": "http://scholar.google.com/scholar?cites=15536067838989168770&as_sdt=2005&sciodt=1,5&hl=en"}, {"num_versions": 4, "url_citation": null, "title": "Conceptualizing on-the-job learning styles", "url": "http://hrd.sagepub.com/content/4/4/373.short", "url_versions": "http://scholar.google.com/scholar?cluster=14165027149696375717&hl=en&as_sdt=1,5&sciodt=1,5&as_vis=1", "authors": "MGMC Berings, RF Poell\u2026 - Human Resource  \u2026", "excerpt": "Abstract The broad aims of this study are to gain insight into employees' on-the-job learning activities to help them improve their on-the-job learning. The authors define on-the-job learning styles and operationalize the concept to include both mental and overt learning  ...", "url_pdf": null, "num_citations": 58, "cluster_id": "14165027149696375717", "year": "2005", "url_citations": "http://scholar.google.com/scholar?cites=14165027149696375717&as_sdt=2005&sciodt=1,5&hl=en"}, {"num_versions": 2, "url_citation": null, "title": "Diversity and motivation: Culturally responsive teaching in college", "url": "http://scholar.google.com/https://books.google.com/books?hl=en&lr=&id=DRPyBQAAQBAJ&oi=fnd&pg=PA391&ots=grAxS5JG3D&sig=0HMAPi2W7vzT3rZKzd09579cNRI", "url_versions": "http://scholar.google.com/scholar?cluster=12980578201950246156&hl=en&as_sdt=1,5&sciodt=1,5&as_vis=1", "authors": "MB Ginsberg, RJ Wlodkowski -", "excerpt": "When the first edition of Diversity and Motivation was published in 1995, it became a premier resource for faculty and administrators seeking effective and practical strategies that foster motivation among culturally diverse student groups. This revised and updated second  ...", "url_pdf": null, "num_citations": 65, "cluster_id": "12980578201950246156", "year": "2009", "url_citations": "http://scholar.google.com/scholar?cites=12980578201950246156&as_sdt=2005&sciodt=1,5&hl=en"}, {"num_versions": 8, "url_citation": null, "title": "Pharmacy students' learning styles before and after a problem-based learning experience", "url": "http://www.ncbi.nlm.nih.gov/pmc/articles/PMC1636984/", "url_versions": "http://scholar.google.com/scholar?cluster=5786510365455590795&hl=en&as_sdt=1,5&sciodt=1,5&as_vis=1", "authors": "S Novak, S Shah, JP Wilson, KA Lawson\u2026 - American journal of  \u2026", "excerpt": "Objectives To determine learning-style scores of second-year pharmacy students before and after a problem-based learning (PBL) teaching experience and to evaluate the relationships between scores and demographic variables. Methods The Grasha-Reichmann Student  ...", "url_pdf": null, "num_citations": 52, "cluster_id": "5786510365455590795", "year": "2006", "url_citations": "http://scholar.google.com/scholar?cites=5786510365455590795&as_sdt=2005&sciodt=1,5&hl=en"}, {"num_versions": 7, "url_citation": null, "title": "Teaching readers of English: Students, texts, and contexts", "url": "http://scholar.google.com/https://books.google.com/books?hl=en&lr=&id=pW-QAgAAQBAJ&oi=fnd&pg=PP1&ots=V-FkTOSK87&sig=qTZ8ZpnhntwYxytm8T7s9UznfEA", "url_versions": "http://scholar.google.com/scholar?cluster=12793315099595559869&hl=en&as_sdt=1,5&sciodt=1,5&as_vis=1", "authors": "J Hedgcock, DR Ferris -", "excerpt": "A comprehensive manual for pre-and in-service ESL and EFL educators, this frontline text balances insights from current reading theory and research with highly practical, field-tested strategies for teaching and assessing L2 reading in secondary and post-secondary  ...", "url_pdf": null, "num_citations": 105, "cluster_id": "12793315099595559869", "year": "2009", "url_citations": "http://scholar.google.com/scholar?cites=12793315099595559869&as_sdt=2005&sciodt=1,5&hl=en"}]