[{"num_versions": 5, "url_citation": null, "title": "Contextual domain classification in spoken language understanding systems using recurrent neural network", "url": "http://ieeexplore.ieee.org/xpls/abs_all.jsp?arnumber=6853573", "url_versions": "http://scholar.google.com/scholar?cluster=14119089139577685922&hl=en&as_sdt=1,5&sciodt=1,5&as_vis=1", "authors": "P Xu, R Sarikaya - Acoustics, Speech and Signal Processing ( \u2026", "excerpt": "ABSTRACT In a multi-domain, multi-turn spoken language understanding session, information from the history often greatly reduces the ambiguity of the current turn. In this paper, we apply the recurrent neural network (RNN) to exploit contextual information for  ...", "url_pdf": null, "num_citations": 9, "cluster_id": "14119089139577685922", "year": "2014", "url_citations": "http://scholar.google.com/scholar?cites=14119089139577685922&as_sdt=2005&sciodt=1,5&hl=en"}, {"num_versions": 15, "url_citation": null, "title": "Semantic parsing for single-relation question answering", "url": "http://research.microsoft.com/pubs/214353/SingleRelationQA-YihHeMeek-ACL14.pdf", "url_versions": "http://scholar.google.com/scholar?cluster=16759349643117381232&hl=en&as_sdt=1,5&sciodt=1,5&as_vis=1", "authors": "W Yih, X He, C Meek - Proceedings of ACL", "excerpt": "Abstract We develop a semantic parsing framework based on semantic similarity for open domain question answering (QA). We focus on single-relation questions and decompose each question into an entity mention and a relation pattern. Using convolutional neural  ...", "url_pdf": "http://research.microsoft.com/pubs/214353/SingleRelationQA-YihHeMeek-ACL14.pdf", "num_citations": 31, "cluster_id": "16759349643117381232", "year": "2014", "url_citations": "http://scholar.google.com/scholar?cites=16759349643117381232&as_sdt=2005&sciodt=1,5&hl=en"}, {"num_versions": 17, "url_citation": null, "title": "Parallel Training for Deep Stacking Networks.", "url": "http://msr-waypoint.com/pubs/173301/DSN-parallel-interspeech2012-published.pdf", "url_versions": "http://scholar.google.com/scholar?cluster=5031193966361375605&hl=en&as_sdt=1,5&sciodt=1,5&as_vis=1", "authors": "L Deng, B Hutchinson, D Yu - INTERSPEECH", "excerpt": "Abstract The Deep Stacking Network (DSN) is a special type of deep architecture developed to enable and benefit from parallel learning of its model parameters on large CPU clusters. As a prospective key component of future speech recognizers, the architectural design of  ...", "url_pdf": "http://msr-waypoint.com/pubs/173301/DSN-parallel-interspeech2012-published.pdf", "num_citations": 10, "cluster_id": "5031193966361375605", "year": "2012", "url_citations": "http://scholar.google.com/scholar?cites=5031193966361375605&as_sdt=2005&sciodt=1,5&hl=en"}, {"num_versions": 5, "url_citation": null, "title": "Zero-shot learning for semantic utterance classification", "url": "http://arxiv.org/abs/1401.0509", "url_versions": "http://scholar.google.com/scholar?cluster=6769908026768788355&hl=en&as_sdt=1,5&sciodt=1,5&as_vis=1", "authors": "YN Dauphin, G Tur, D Hakkani-Tur, L Heck - arXiv preprint arXiv: \u2026", "excerpt": "Abstract: We propose a novel zero-shot learning method for semantic utterance classification (SUC). It learns a classifier $ f: X\\ to Y $ for problems where none of the semantic categories $ Y $ are present in the training set. The framework uncovers the link  ...", "url_pdf": null, "num_citations": 6, "cluster_id": "6769908026768788355", "year": "2013", "url_citations": "http://scholar.google.com/scholar?cites=6769908026768788355&as_sdt=2005&sciodt=1,5&hl=en"}, {"num_versions": 15, "url_citation": null, "title": "A deep architecture with bilinear modeling of hidden representations: Applications to phonetic recognition", "url": "http://ieeexplore.ieee.org/xpls/abs_all.jsp?arnumber=6288994", "url_versions": "http://scholar.google.com/scholar?cluster=16469129075772143231&hl=en&as_sdt=1,5&sciodt=1,5&as_vis=1", "authors": "B Hutchinson, L Deng, D Yu - Acoustics, Speech and Signal  \u2026", "excerpt": "ABSTRACT We develop and describe a novel deep architecture, the Tensor Deep Stacking Network (T-DSN), where multiple blocks are stacked one on top of another and where a bilinear mapping from hidden representations to the output in each block is used to  ...", "url_pdf": null, "num_citations": 25, "cluster_id": "16469129075772143231", "year": "2012", "url_citations": "http://scholar.google.com/scholar?cites=16469129075772143231&as_sdt=2005&sciodt=1,5&hl=en"}, {"num_versions": 13, "url_citation": null, "title": "Use of kernel deep convex networks and end-to-end learning for spoken language understanding", "url": "http://ieeexplore.ieee.org/xpls/abs_all.jsp?arnumber=6424224", "url_versions": "http://scholar.google.com/scholar?cluster=8158485640635167096&hl=en&as_sdt=1,5&sciodt=1,5&as_vis=1", "authors": "L Deng, G Tur, X He\u2026 - \u2026  Workshop (SLT)", "excerpt": "ABSTRACT We present our recent and ongoing work on applying deep learning techniques to spoken language understanding (SLU) problems. The previously developed deep convex network (DCN) is extended to its kernel version (K-DCN) where the number of hidden  ...", "url_pdf": null, "num_citations": 35, "cluster_id": "8158485640635167096", "year": "2012", "url_citations": "http://scholar.google.com/scholar?cites=8158485640635167096&as_sdt=2005&sciodt=1,5&hl=en"}, {"num_versions": 16, "url_citation": null, "title": "Learning deep structured semantic models for web search using clickthrough data", "url": "http://dl.acm.org/citation.cfm?id=2505665", "url_versions": "http://scholar.google.com/scholar?cluster=1866111180462751281&hl=en&as_sdt=1,5&sciodt=1,5&as_vis=1", "authors": "PS Huang, X He, J Gao, L Deng, A Acero\u2026 - Proceedings of the 22nd  \u2026", "excerpt": "Abstract Latent semantic models, such as LSA, intend to map a query to its relevant documents at the semantic level where keyword-based matching often fails. In this study we strive to develop a series of new latent semantic models with a deep structure that project  ...", "url_pdf": null, "num_citations": 74, "cluster_id": "1866111180462751281", "year": "2013", "url_citations": "http://scholar.google.com/scholar?cites=1866111180462751281&as_sdt=2005&sciodt=1,5&hl=en"}, {"num_versions": 4, "url_citation": null, "title": "Three classes of deep learning architectures and their applications: a tutorial survey", "url": "http://research.microsoft.com/pubs/192937/transactions-apsipa.pdf", "url_versions": "http://scholar.google.com/scholar?cluster=6223016292750369967&hl=en&as_sdt=1,5&sciodt=1,5&as_vis=1", "authors": "L Deng - APSIPA transactions on signal and information  \u2026", "excerpt": "Abstract\u2014In this invited paper, my overview material on the same topic as presented in the plenary overview session of APSIPA-2011 and the tutorial material presented in the same conference (Deng, 2011) are expanded and updated to include more recent  ...", "url_pdf": "http://research.microsoft.com/pubs/192937/transactions-apsipa.pdf", "num_citations": 3, "cluster_id": "6223016292750369967", "year": "2012", "url_citations": "http://scholar.google.com/scholar?cites=6223016292750369967&as_sdt=2005&sciodt=1,5&hl=en"}, {"num_versions": 7, "url_citation": null, "title": "Using Recurrent Neural Networks for Slot Filling in Spoken Language Understanding", "url": "http://ieeexplore.ieee.org/xpls/abs_all.jsp?arnumber=6998838", "url_versions": "http://scholar.google.com/scholar?cluster=2329794005999577181&hl=en&as_sdt=1,5&sciodt=1,5&as_vis=1", "authors": "G Mesnil, Y Dauphin, K Yao, Y Bengio\u2026 - Audio, Speech, and  \u2026", "excerpt": "Abstract\u2014Semantic slot filling is one of the most challenging problems in spoken language understanding (SLU). In this paper, we propose to use recurrent neural networks (RNNs) for this task, and present several novel architectures designed to efficiently model past and  ...", "url_pdf": null, "num_citations": 7, "cluster_id": "2329794005999577181", "year": "2015", "url_citations": "http://scholar.google.com/scholar?cites=2329794005999577181&as_sdt=2005&sciodt=1,5&hl=en"}, {"num_versions": 3, "url_citation": null, "title": "\u4e92\u8054\u7f51\u65f6\u4ee3\u8bed\u97f3\u8bc6\u522b\u57fa\u672c\u95ee\u9898", "url": "http://www.cnki.com.cn/Article/CJFDTotal-PZKX201312007.htm", "url_versions": "http://scholar.google.com/scholar?cluster=11194509778871994754&hl=en&as_sdt=1,5&sciodt=1,5&as_vis=1", "authors": "\u67ef\u767b\u5cf0\uff0c \u5f90\u6ce2 - \u4e2d\u56fd\u79d1\u5b66: \u4fe1\u606f\u79d1\u5b66", "excerpt": "[\u6458\u8981]: \u8bed\u97f3\u8bc6\u522b\u6280\u672f\u7ecf\u8fc7\u534a\u4e2a\u4e16\u7eaa\u7684\u79ef\u7d2f, \u4e8e\u8fd1\u5e74\u6765\u8fbe\u5230\u5927\u89c4\u6a21\u5546\u7528\u6c34\u5e73. \u672c\u6587\u6982\u62ec\u4e86\u7edf\u8ba1\u8bed\u97f3\u8bc6\u522b\u7406\u8bba\u7684\u53d1\u5c55\u72b6\u51b5, \u5e76\u5355\u72ec\u4ecb\u7ecd\u4e86\u6df1\u5ea6\u795e\u7ecf\u7f51\u7edc\u5728\u58f0\u5b66\u5efa\u6a21, \u8bed\u8a00\u5efa\u6a21, \u591a\u8bed\u8a00\u5171\u4eab, \u8bed\u4e49\u8bc6\u522b\u7b49\u65b9\u9762\u7684\u5353\u8d8a\u6027\u80fd. \u6df1\u5ea6\u795e\u7ecf\u7f51\u7edc\u7684\u6027\u80fd\u4f18\u52bf\u5f15\u8d77\u4e86\u6211\u4eec\u5f3a\u70c8\u7684\u5174\u8da3. \u901a\u8fc7\u56de\u987e\u7c7b\u4eba ...", "url_pdf": null, "num_citations": 0, "cluster_id": null, "year": "2013", "url_citations": null}, {"num_versions": 3, "url_citation": null, "title": "A tutorial survey of architectures, algorithms, and applications for deep learning", "url": "http://journals.cambridge.org/abstract_S2048770313000097", "url_versions": "http://scholar.google.com/scholar?cluster=4381743472348703222&hl=en&as_sdt=1,5&sciodt=1,5&as_vis=1", "authors": "L Deng - APSIPA Transactions on Signal and Information  \u2026", "excerpt": "Abstract In this invited paper, my overview material on the same topic as presented in the plenary overview session of APSIPA-2011 and the tutorial material presented in the same conference [1] are expanded and updated to include more recent developments in deep  ...", "url_pdf": null, "num_citations": 18, "cluster_id": "4381743472348703222", "year": "2014", "url_citations": "http://scholar.google.com/scholar?cites=4381743472348703222&as_sdt=2005&sciodt=1,5&hl=en"}, {"num_versions": 12, "url_citation": null, "title": "Scalable stacking and learning for building deep architectures", "url": "http://ieeexplore.ieee.org/xpls/abs_all.jsp?arnumber=6288333", "url_versions": "http://scholar.google.com/scholar?cluster=4895953161324126612&hl=en&as_sdt=1,5&sciodt=1,5&as_vis=1", "authors": "L Deng, D Yu, J Platt - Acoustics, Speech and Signal  \u2026", "excerpt": "ABSTRACT Deep Neural Networks (DNNs) have shown remarkable success in pattern recognition tasks. However, parallelizing DNN training across computers has been difficult. We present the Deep Stacking Network (DSN), which overcomes the problem of  ...", "url_pdf": null, "num_citations": 83, "cluster_id": "4895953161324126612", "year": "2012", "url_citations": "http://scholar.google.com/scholar?cites=4895953161324126612&as_sdt=2005&sciodt=1,5&hl=en"}, {"num_versions": 5, "url_citation": null, "title": "Deep learning for signal and information processing", "url": "http://cs.tju.edu.cn/web/docs/2013-Deep%20Learning%20for%20Signal%20and%20Information%20Processing.pdf", "url_versions": "http://scholar.google.com/scholar?cluster=7346768574939973182&hl=en&as_sdt=1,5&sciodt=1,5&as_vis=1", "authors": "L Deng, D Yu - Microsoft Research Monograph", "excerpt": "ABSTRACT This short monograph contains the material expanded from two tutorials that the authors gave, one at APSIPA in October 2011 and the other at ICASSP in March 2012. Substantial updates have been made based on the literature up to March, 2013, covering  ...", "url_pdf": "http://cs.tju.edu.cn/web/docs/2013-Deep%20Learning%20for%20Signal%20and%20Information%20Processing.pdf", "num_citations": 9, "cluster_id": "7346768574939973182", "year": "2013", "url_citations": "http://scholar.google.com/scholar?cites=7346768574939973182&as_sdt=2005&sciodt=1,5&hl=en"}, {"num_versions": 3, "url_citation": null, "title": "Ensemble learning approaches in speech recognition", "url": "http://link.springer.com/chapter/10.1007/978-1-4939-1456-2_5", "url_versions": "http://scholar.google.com/scholar?cluster=11571503955201540298&hl=en&as_sdt=1,5&sciodt=1,5&as_vis=1", "authors": "Y Zhao, J Xue, X Chen - Speech and Audio Processing for Coding,  \u2026", "excerpt": "Abstract An overview is made on the ensemble learning efforts that have emerged in automatic speech recognition in recent years. The approaches that are based on different machine learning techniques and target various levels and components of speech  ...", "url_pdf": null, "num_citations": 1, "cluster_id": "11571503955201540298", "year": "2015", "url_citations": "http://scholar.google.com/scholar?cites=11571503955201540298&as_sdt=2005&sciodt=1,5&hl=en"}, {"num_versions": 6, "url_citation": null, "title": "Leveraging frame semantics and distributional semantics for unsupervised semantic slot induction in spoken dialogue systems", "url": "http://ieeexplore.ieee.org/xpls/abs_all.jsp?arnumber=7078639", "url_versions": "http://scholar.google.com/scholar?cluster=5459018610818202129&hl=en&as_sdt=1,5&sciodt=1,5&as_vis=1", "authors": "YN Chen, WY Wang, AI Rudnicky - \u2026  Technology Workshop (SLT \u2026", "excerpt": "ABSTRACT Distributional semantics and frame semantics are two representative views on language understanding in the statistical world and the linguistic world, respectively. In this paper, we combine the best of two worlds to automatically induce the semantic slots for  ...", "url_pdf": null, "num_citations": 9, "cluster_id": "5459018610818202129", "year": "2014", "url_citations": "http://scholar.google.com/scholar?cites=5459018610818202129&as_sdt=2005&sciodt=1,5&hl=en"}, {"num_versions": 11, "url_citation": null, "title": "A deep convolutional neural network using heterogeneous pooling for trading acoustic invariance with phonetic confusion", "url": "http://ieeexplore.ieee.org/xpls/abs_all.jsp?arnumber=6638952", "url_versions": "http://scholar.google.com/scholar?cluster=6202733932875270331&hl=en&as_sdt=1,5&sciodt=1,5&as_vis=1", "authors": "L Deng, O Abdel-Hamid, D Yu - Acoustics, Speech and Signal  \u2026", "excerpt": "ABSTRACT We develop and present a novel deep convolutional neural network architecture, where heterogeneous pooling is used to provide constrained frequency-shift invariance in the speech spectrogram while minimizing speech-class confusion induced  ...", "url_pdf": null, "num_citations": 42, "cluster_id": "6202733932875270331", "year": "2013", "url_citations": "http://scholar.google.com/scholar?cites=6202733932875270331&as_sdt=2005&sciodt=1,5&hl=en"}, {"num_versions": 9, "url_citation": null, "title": "Rc-net: A general framework for incorporating knowledge into word representations", "url": "http://dl.acm.org/citation.cfm?id=2662038", "url_versions": "http://scholar.google.com/scholar?cluster=18360009490740877739&hl=en&as_sdt=1,5&sciodt=1,5&as_vis=1", "authors": "C Xu, Y Bai, J Bian, B Gao, G Wang, X Liu\u2026 - Proceedings of the 23rd  \u2026", "excerpt": "Abstract Representing words into vectors in continuous space can form up a potentially powerful basis to generate high-quality textual features for many text mining and natural language processing tasks. Some recent efforts, such as the skip-gram model, have  ...", "url_pdf": null, "num_citations": 13, "cluster_id": "18360009490740877739", "year": "2014", "url_citations": "http://scholar.google.com/scholar?cites=18360009490740877739&as_sdt=2005&sciodt=1,5&hl=en"}, {"num_versions": 15, "url_citation": null, "title": "Deep stacking networks for information retrieval", "url": "http://ieeexplore.ieee.org/xpls/abs_all.jsp?arnumber=6638239", "url_versions": "http://scholar.google.com/scholar?cluster=17326153511899759361&hl=en&as_sdt=1,5&sciodt=1,5&as_vis=1", "authors": "L Deng, X He, J Gao - Acoustics, Speech and Signal  \u2026", "excerpt": "ABSTRACT Deep stacking networks (DSN) are a special type of deep model equipped with parallel and scalable learning. We report successful applications of DSN to an information retrieval (IR) task pertaining to relevance prediction for sponsor search after careful  ...", "url_pdf": null, "num_citations": 17, "cluster_id": "17326153511899759361", "year": "2013", "url_citations": "http://scholar.google.com/scholar?cites=17326153511899759361&as_sdt=2005&sciodt=1,5&hl=en"}, {"num_versions": 14, "url_citation": null, "title": "Speech-centric information processing: An optimization-oriented approach", "url": "http://ieeexplore.ieee.org/xpls/abs_all.jsp?arnumber=6472007", "url_versions": "http://scholar.google.com/scholar?cluster=11419732746691832772&hl=en&as_sdt=1,5&sciodt=1,5&as_vis=1", "authors": "X He, L Deng - Proceedings of the IEEE", "excerpt": "ABSTRACT| Automatic speech recognition (ASR) is a central and common component of voice-driven information processing systems in human language technology, including spoken language translation (SLT), spoken language understanding", "url_pdf": null, "num_citations": 22, "cluster_id": "11419732746691832772", "year": "2013", "url_citations": "http://scholar.google.com/scholar?cites=11419732746691832772&as_sdt=2005&sciodt=1,5&hl=en"}, {"num_versions": 19, "url_citation": null, "title": "Tensor deep stacking networks", "url": "http://ieeexplore.ieee.org/xpls/abs_all.jsp?arnumber=6389679", "url_versions": "http://scholar.google.com/scholar?cluster=15658651564109086508&hl=en&as_sdt=1,5&sciodt=1,5&as_vis=1", "authors": "B Hutchinson, L Deng, D Yu - Pattern Analysis and Machine  \u2026", "excerpt": "Abstract\u2014A novel deep architecture, the Tensor Deep Stacking Network (T-DSN), is presented. The T-DSN consists of multiple, stacked blocks, where each block contains a bilinear mapping from two hidden layers to the output layer, using a weight tensor to  ...", "url_pdf": null, "num_citations": 41, "cluster_id": "15658651564109086508", "year": "2013", "url_citations": "http://scholar.google.com/scholar?cites=15658651564109086508&as_sdt=2005&sciodt=1,5&hl=en"}, {"num_versions": 10, "url_citation": null, "title": "Investigation of recurrent-neural-network architectures and learning methods for spoken language understanding.", "url": "http://131.107.65.14/pubs/193771/IS13_RNNSLU_cameraready.pdf", "url_versions": "http://scholar.google.com/scholar?cluster=12435837432017532516&hl=en&as_sdt=1,5&sciodt=1,5&as_vis=1", "authors": "G Mesnil, X He, L Deng, Y Bengio - INTERSPEECH", "excerpt": "Abstract One of the key problems in spoken language understanding (SLU) is the task of slot filling. In light of the recent success of applying deep neural network technologies in domain detection and intent identification, we carried out an in-depth investigation on the use of  ...", "url_pdf": "http://131.107.65.14/pubs/193771/IS13_RNNSLU_cameraready.pdf", "num_citations": 59, "cluster_id": "12435837432017532516", "year": "2013", "url_citations": "http://scholar.google.com/scholar?cites=12435837432017532516&as_sdt=2005&sciodt=1,5&hl=en"}, {"num_versions": 10, "url_citation": null, "title": "Shrinkage based features for slot tagging with conditional random fields", "url": "http://193.6.4.39/%7Eczap/letoltes/IS14/IS2014/PDF/AUTHOR/IS140495.PDF", "url_versions": "http://scholar.google.com/scholar?cluster=2024702279786540967&hl=en&as_sdt=1,5&sciodt=1,5&as_vis=1", "authors": "R Sarikaya, A Celikyilmaz, A Deoras, M Jeong - Proc. of Interspeech", "excerpt": "Abstract In this paper we propose a set of class-based features that are generated in an unsupservised fashion to improve slot tagging with Conditional Random Fields (CRFs). The feature generation is based on the idea behind shrinkage based language models, where  ...", "url_pdf": null, "num_citations": 5, "cluster_id": "2024702279786540967", "year": "2014", "url_citations": "http://scholar.google.com/scholar?cites=2024702279786540967&as_sdt=2005&sciodt=1,5&hl=en"}, {"num_versions": 11, "url_citation": null, "title": "Recent advances in deep learning for speech research at Microsoft", "url": "http://ieeexplore.ieee.org/xpls/abs_all.jsp?arnumber=6639345", "url_versions": "http://scholar.google.com/scholar?cluster=14774739962596400760&hl=en&as_sdt=1,5&sciodt=1,5&as_vis=1", "authors": "L Deng, J Li, JT Huang, K Yao, D Yu\u2026 - \u2026 , Speech and Signal  \u2026", "excerpt": "ABSTRACT Deep learning is becoming a mainstream technology for speech recognition at industrial scale. In this paper, we provide an overview of the work by Microsoft speech researchers since 2009 in this area, focusing on more recent advances which shed light to  ...", "url_pdf": null, "num_citations": 99, "cluster_id": "14774739962596400760", "year": "2013", "url_citations": "http://scholar.google.com/scholar?cites=14774739962596400760&as_sdt=2005&sciodt=1,5&hl=en"}, {"num_versions": 12, "url_citation": null, "title": "Learning semantic representations using convolutional neural networks for web search", "url": "http://dl.acm.org/citation.cfm?id=2577348", "url_versions": "http://scholar.google.com/scholar?cluster=5613896947062428861&hl=en&as_sdt=1,5&sciodt=1,5&as_vis=1", "authors": "Y Shen, X He, J Gao, L Deng, G Mesnil - Proceedings of the companion  \u2026", "excerpt": "Abstract This paper presents a series of new latent semantic models based on a convolutional neural network (CNN) to learn low-dimensional semantic vectors for search queries and Web documents. By using the convolution-max pooling operation, local  ...", "url_pdf": null, "num_citations": 25, "cluster_id": "5613896947062428861", "year": "2014", "url_citations": "http://scholar.google.com/scholar?cites=5613896947062428861&as_sdt=2005&sciodt=1,5&hl=en"}, {"num_versions": 9, "url_citation": null, "title": "A latent semantic model with convolutional-pooling structure for information retrieval", "url": "http://dl.acm.org/citation.cfm?id=2661935", "url_versions": "http://scholar.google.com/scholar?cluster=15105908672529426618&hl=en&as_sdt=1,5&sciodt=1,5&as_vis=1", "authors": "Y Shen, X He, J Gao, L Deng, G Mesnil - Proceedings of the 23rd ACM  \u2026", "excerpt": "Abstract In this paper, we propose a new latent semantic model that incorporates a convolutional-pooling structure over word sequences to learn low-dimensional, semantic vector representations for search queries and Web documents. In order to capture the rich  ...", "url_pdf": null, "num_citations": 23, "cluster_id": "15105908672529426618", "year": "2014", "url_citations": "http://scholar.google.com/scholar?cites=15105908672529426618&as_sdt=2005&sciodt=1,5&hl=en"}, {"num_versions": 8, "url_citation": null, "title": "Knowledge-powered deep learning for word embedding", "url": "http://link.springer.com/chapter/10.1007/978-3-662-44848-9_9", "url_versions": "http://scholar.google.com/scholar?cluster=15749991889714000462&hl=en&as_sdt=1,5&sciodt=1,5&as_vis=1", "authors": "J Bian, B Gao, TY Liu - Machine Learning and Knowledge Discovery in  \u2026", "excerpt": "Abstract The basis of applying deep learning to solve natural language processing tasks is to obtain high-quality distributed representations of words, ie, word embeddings, from large amounts of text data. However, text itself usually contains incomplete and ambiguous  ...", "url_pdf": null, "num_citations": 12, "cluster_id": "15749991889714000462", "year": "2014", "url_citations": "http://scholar.google.com/scholar?cites=15749991889714000462&as_sdt=2005&sciodt=1,5&hl=en"}, {"num_versions": 12, "url_citation": null, "title": "Foundations and Trends\u00ae in Signal Processing", "url": "http://research.microsoft.com:8082/pubs/209355/DeepLearning-NowPublishing-Vol7-SIG-039.pdf", "url_versions": "http://scholar.google.com/scholar?cluster=15981304847159836793&hl=en&as_sdt=1,5&sciodt=1,5&as_vis=1", "authors": "L Deng, Y Dong - Signal Processing", "excerpt": "7.1. Acoustic modeling for speech recognition 263 industrial researchers; see reviews in [8 9, 161]. The collaborative work started in phone recognition tasks [89, 100, 135, 136, 257, 260, 258, 309, 311, 334], demonstrating the power of hybrid DNN architectures discussed  ...", "url_pdf": "http://research.microsoft.com:8082/pubs/209355/DeepLearning-NowPublishing-Vol7-SIG-039.pdf", "num_citations": 3, "cluster_id": "15981304847159836793", "year": "2014", "url_citations": "http://scholar.google.com/scholar?cites=15981304847159836793&as_sdt=2005&sciodt=1,5&hl=en"}]