[{"num_versions": 7, "url_citation": null, "title": "'Your thrust is to understand'\u2013how academically successful students learn", "url": "http://www.tandfonline.com/doi/abs/10.1080/13562510903488105", "url_versions": "http://scholar.google.com/scholar?cluster=10637055311063986537&hl=en&as_sdt=1,5&sciodt=1,5&as_vis=1", "authors": "WJ McMillan - Teaching in Higher Education", "excerpt": "The article sets out to understand how academically successful students learn. Self-regulated learning theory is used as a lens to explicate the learning strategies adopted by a cohort of academically successful dentistry students. Data were collected from self-report  ...", "url_pdf": null, "num_citations": 26, "cluster_id": "10637055311063986537", "year": "2010", "url_citations": "http://scholar.google.com/scholar?cites=10637055311063986537&as_sdt=2005&sciodt=1,5&hl=en"}, {"num_versions": 3, "url_citation": null, "title": "EXPECTATIVAS DOS ALUNOS QUANTO \u00c0 IMPORT\u00c2NCIA DA BIOQU\u00cdMICA EM SUA CARREIRA", "url": "http://bioquimica.org.br/revista/ojs/index.php/REB/article/view/41", "url_versions": "http://scholar.google.com/scholar?cluster=6288599778270755725&hl=en&as_sdt=1,5&sciodt=1,5&as_vis=1", "authors": "RC de Oliveira, NFG Monteiro, FG Iano\u2026 - Revista de Ensino de  \u2026", "excerpt": "Resumo O objetivo do presente trabalho foi avaliar a perspectiva dos estudantes do primeiro anodos cursos de Odontologia e Fonoaudiologia sobre a import\u00e2ncia do uso dos conhecimentosde bioqu\u00edmica na aplica\u00e7\u00e3o cl\u00ednica em suas futuras carreiras. Foram  ...", "url_pdf": null, "num_citations": 0, "cluster_id": null, "year": "2010", "url_citations": null}, {"num_versions": 8, "url_citation": null, "title": "University students' and teachers' conceptions of teaching and learning in the biosciences", "url": "http://link.springer.com/article/10.1007/s11251-008-9088-z", "url_versions": "http://scholar.google.com/scholar?cluster=12673846770693760440&hl=en&as_sdt=1,5&sciodt=1,5&as_vis=1", "authors": "V Virtanen, S Lindblom-Yl\u00e4nne - Instructional Science", "excerpt": "Abstract In this study we compare university teachers' and first-year students' conceptions of teaching and learning at the Faculty of Environmental and Biological Sciences. The conceptions were analysed using data from open-ended questionnaires. The results  ...", "url_pdf": null, "num_citations": 53, "cluster_id": "12673846770693760440", "year": "2010", "url_citations": "http://scholar.google.com/scholar?cites=12673846770693760440&as_sdt=2005&sciodt=1,5&hl=en"}, {"num_versions": 11, "url_citation": null, "title": "Impact of curriculum on understanding of professional practice: a longitudinal study of students commencing dental education", "url": "http://link.springer.com/article/10.1007/s10459-008-9114-6", "url_versions": "http://scholar.google.com/scholar?cluster=6729921188552795370&hl=en&as_sdt=1,5&sciodt=1,5&as_vis=1", "authors": "JA Kieser, G Dall'Alba, V Livingstone - Advances in health sciences  \u2026", "excerpt": "Abstract This longitudinal study examines changes in understanding of dental practice among a cohort of students in the early years of a dentistry programme. In their first two professional years, we identified five distinct understandings of dental practice that we  ...", "url_pdf": null, "num_citations": 10, "cluster_id": "6729921188552795370", "year": "2009", "url_citations": "http://scholar.google.com/scholar?cites=6729921188552795370&as_sdt=2005&sciodt=1,5&hl=en"}, {"num_versions": 4, "url_citation": null, "title": "Problem-based learning in dental education: a systematic review of the literature", "url": "http://www.jdentaled.org/content/78/1/98.short", "url_versions": "http://scholar.google.com/scholar?cluster=18315114637783663664&hl=en&as_sdt=1,5&sciodt=1,5&as_vis=1", "authors": "SH Bassir, P Sadr-Eshkevari\u2026 - Journal of dental  \u2026", "excerpt": "Abstract The purpose of this systematic review was to compare the effectiveness of problem-based learning (PBL) with that of traditional (non-PBL) approaches in dental education. The search strategy included electronic and manual searches of studies published up to  ...", "url_pdf": null, "num_citations": 12, "cluster_id": "18315114637783663664", "year": "2014", "url_citations": "http://scholar.google.com/scholar?cites=18315114637783663664&as_sdt=2005&sciodt=1,5&hl=en"}, {"num_versions": 6, "url_citation": null, "title": "Student perception of relevance of biology content to everyday life: A study in higher education biology courses", "url": "http://digitalcommons.olivet.edu/biol_facp/2/", "url_versions": "http://scholar.google.com/scholar?cluster=602096590742487772&hl=en&as_sdt=1,5&sciodt=1,5&as_vis=1", "authors": "AR Himschoot -", "excerpt": "Abstract The purpose of this mixed method case study was to examine the effects of methods of instruction on students' perception of relevance in higher education non-biology majors' courses. Nearly ninety percent of all students in a liberal arts college are required  ...", "url_pdf": null, "num_citations": 1, "cluster_id": "602096590742487772", "year": "2012", "url_citations": "http://scholar.google.com/scholar?cites=602096590742487772&as_sdt=2005&sciodt=1,5&hl=en"}, {"num_versions": 2, "url_citation": null, "title": "Voices of choice: An ethnography of the early college high school student", "url": "http://scholar.google.com/https://books.google.com/books?hl=en&lr=&id=FxbAWDtsC_QC&oi=fnd&pg=PR3&ots=fgTYa5RR1S&sig=rpJ51uZrmcSGoiPG5x8LA0XKHhc", "url_versions": "http://scholar.google.com/scholar?cluster=3235796171873979270&hl=en&as_sdt=1,5&sciodt=1,5&as_vis=1", "authors": "I Cravey -", "excerpt": "The Early College High School (ECHS) initiative was developed through collaboration with state, federal and private entities to create high schools located on college campuses. ECHS students complete programs of study designed to prepare students to be successful in  ...", "url_pdf": null, "num_citations": 4, "cluster_id": "3235796171873979270", "year": "2007", "url_citations": "http://scholar.google.com/scholar?cites=3235796171873979270&as_sdt=2005&sciodt=1,5&hl=en"}, {"num_versions": 4, "url_citation": null, "title": "Research in PBL\u2013where to from here for dentistry?", "url": "http://onlinelibrary.wiley.com/doi/10.1111/j.1600-0579.2010.00655.x/pdf", "url_versions": "http://scholar.google.com/scholar?cluster=3112080355492285140&hl=en&as_sdt=1,5&sciodt=1,5&as_vis=1", "authors": "G Townsend, T Winning - European Journal of Dental  \u2026", "excerpt": "Problem-based learning (PBL) was first introduced into medical education at McMaster University in Canada in the 1960s and it then spread to many other medical schools. Its introduction into dental education occurred much later, with schools in Sweden, Australia, USA, Hong  ... ", "url_pdf": null, "num_citations": 12, "cluster_id": "3112080355492285140", "year": "2011", "url_citations": "http://scholar.google.com/scholar?cites=3112080355492285140&as_sdt=2005&sciodt=1,5&hl=en"}, {"num_versions": 5, "url_citation": null, "title": "O lugar da bioqu\u00edmica no processo de cuidar: vis\u00e3o de graduandos em enfermagem", "url": "http://sbbq.hospedagemdesites.ws/revista/ojs/index.php/REB/article/view/40", "url_versions": "http://scholar.google.com/scholar?cluster=3608671170289497556&hl=en&as_sdt=1,5&sciodt=1,5&as_vis=1", "authors": "RG Garrido, FO Ara\u00fajo\u2026 - Revista de Ensino \u2026", "excerpt": "Resumo A bioqu\u00edmica \u00e9 uma disciplina fundamental para cursos da \u00e1rea de sa\u00fade. Esses alunosdevem estar aptos a atuar em um meio onde o dom\u00ednio das rea\u00e7\u00f5es org\u00e2nicas \u00e9imprescind\u00edvel para compreender a dial\u00e9tica sa\u00fade-doen\u00e7a. Isto \u00e9  ...", "url_pdf": null, "num_citations": 3, "cluster_id": "3608671170289497556", "year": "2010", "url_citations": "http://scholar.google.com/scholar?cites=3608671170289497556&as_sdt=2005&sciodt=1,5&hl=en"}, {"num_versions": 3, "url_citation": null, "title": "Lessons from students in a critical thinking course: a case for the third pedagogy", "url": "http://www.jdentaled.org/content/73/1/65.short", "url_versions": "http://scholar.google.com/scholar?cluster=5935266442128832624&hl=en&as_sdt=1,5&sciodt=1,5&as_vis=1", "authors": "DW Chambers - Journal of dental education", "excerpt": "Abstract There have been many calls for strengthening the level of critical thinking among dental students and faculty members, but few analyses of how such curricular experiences actually affect them. This report provides a rich, multifaceted description of eight years'  ...", "url_pdf": null, "num_citations": 18, "cluster_id": "5935266442128832624", "year": "2009", "url_citations": "http://scholar.google.com/scholar?cites=5935266442128832624&as_sdt=2005&sciodt=1,5&hl=en"}]