[{"num_versions": 0, "url_citation": null, "title": "\u6df1\u5ea6\u5b66\u4e60\u4e2d\u5bf9\u6bd4\u6563\u5ea6\u7b97\u6cd5\u7684\u6709\u504f\u6027\u5206\u6790", "url": "http://www.cqvip.com/qk/90576x/201503/665140907.html", "url_versions": null, "authors": "\u5434\u6d77\u4f73\uff0c \u5f20\u96c4\u4f1f\uff0c \u5b59\u8499\uff0c \u6768\u5409\u658c - \u89e3\u653e\u519b\u7406\u5de5\u5927\u5b66\u5b66\u62a5: \u81ea\u7136\u79d1\u5b66\u7248", "excerpt": "\u4e3a\u4e86\u7ed9\u5bf9\u6bd4\u6563\u5ea6\u7b97\u6cd5\u7684\u8fdb\u4e00\u6b65\u4f18\u5316\u63d0\u4f9b\u7406\u8bba\u6307\u5bfc, \u5c1d\u8bd5\u4ece\u7406\u8bba\u4e0a\u5206\u6790\u5bf9\u6bd4\u6563\u5ea6\u7b97\u6cd5\u7684\u6536\u655b\u6027. \u9996\u5148\u4ece\u4ec5\u542b4 \u4e2a\u7ed3\u70b9\u7684\u73bb\u5c14\u5179\u66fc\u673a\u5165\u624b, \u5229\u7528\u5355\u7eaf\u5f62\u8868\u5f81\u6a21\u578b\u7684\u6982\u7387\u7a7a\u95f4, \u4ee5\u53ca\u6d41\u5f62\u8868\u5f81\u6982\u7387\u7a7a\u95f4\u4e0e\u6a21\u578b\u53c2\u6570\u7684\u5173\u7cfb, \u5f62\u8c61\u5730\u8868\u793a\u4e86\u5bf9\u6bd4\u6563\u5ea6\u7b97\u6cd5\u548c\u6781\u5927\u4f3c\u7136\u7b97\u6cd5\u7684\u6536\u655b ...", "url_pdf": null, "num_citations": 0, "cluster_id": null, "year": "2015", "url_citations": null}, {"num_versions": 0, "url_citation": null, "title": "A 3D object recognition and pose estimation system using deep learning method", "url": "http://ieeexplore.ieee.org/xpls/abs_all.jsp?arnumber=6920502", "url_versions": null, "authors": "D Liang, K Weng, C Wang, G Liang\u2026 - \u2026  (ICIST)", "excerpt": "Abstract\u2013This paper addresses a 3D object recognition and pose estimation method with a deep learning model. We train two separated Deep Belief Networks (DBN) before connecting the last layers together to train a classifier. By this means, we can simplify the  ...", "url_pdf": null, "num_citations": 1, "cluster_id": "13322064248492706478", "year": "2014", "url_citations": "http://scholar.google.com/scholar?cites=13322064248492706478&as_sdt=2005&sciodt=1,5&hl=en"}, {"num_versions": 0, "url_citation": null, "title": "Sensors and systems for fruit detection and localization: A review", "url": "http://www.sciencedirect.com/science/article/pii/S0168169915001581", "url_versions": null, "authors": "A Gongal, S Amatya, M Karkee, Q Zhang\u2026 - \u2026  and Electronics in  \u2026", "excerpt": "Abstract This paper reviews the research and development of machine vision systems for fruit detection and localization for robotic harvesting and/or crop-load estimation of specialty tree crops including apples, pears, and citrus. Variable lighting condition, occlusions, and  ...", "url_pdf": null, "num_citations": 1, "cluster_id": "4528427400922969300", "year": "2015", "url_citations": "http://scholar.google.com/scholar?cites=4528427400922969300&as_sdt=2005&sciodt=1,5&hl=en"}]