[{"num_versions": 0, "url_citation": null, "title": "Games for learning in embodied mixed-reality environments: Principles and results", "url": "http://dl.acm.org/citation.cfm?id=2206392", "url_versions": null, "authors": "MC Johnson-Glenberg, T Koziupa\u2026 - Proceedings of the 7th  \u2026", "excerpt": "Abstract Mixed-reality learning platforms are coming of age. We review several studies that demonstrate increased learning when students are in embodied, mixed-reality environments compared to learning in regular instruction environments where teacher and content are  ...", "url_pdf": null, "num_citations": 10, "cluster_id": "2447460484829067707", "year": "2011", "url_citations": "http://scholar.google.com/scholar?cites=2447460484829067707&as_sdt=2005&sciodt=1,5&hl=en"}, {"num_versions": 3, "url_citation": null, "title": "Can Serious Games Contribute to Developing and Sustaining 21st Century Skills?", "url": "http://gac.sagepub.com/content/10/2/148.short", "url_versions": "http://scholar.google.com/scholar?cluster=4438658023884413852&hl=en&as_sdt=1,5&sciodt=1,5&as_vis=1", "authors": "M Romero, M Usart, M Ott - Games and Culture", "excerpt": "Abstract Serious games (SG) are innovative tools that are widely recognized as having considerable potential to foster and support active learning. This article addresses the question of whether and how SG can contribute to the development of the so-called \u201c21st  ...", "url_pdf": null, "num_citations": 1, "cluster_id": "4438658023884413852", "year": "2015", "url_citations": "http://scholar.google.com/scholar?cites=4438658023884413852&as_sdt=2005&sciodt=1,5&hl=en"}, {"num_versions": 4, "url_citation": null, "title": "Serious gaming as a means to change adolescents' attitudes towards saving energy: Preliminary results from the EnerCities case", "url": "http://www.enercities.eu/project/deliverables/EnerCities_academic_publication_1_De_Vries_Knol_EnerCities_article_EDEN_Annual_Conferene_2011.pdf", "url_versions": "http://scholar.google.com/scholar?cluster=13834885065983050986&hl=en&as_sdt=1,5&sciodt=1,5&as_vis=1", "authors": "PW De Vries, E Knol, BV Qeam - Accepted paper for'EDEN Annual  \u2026", "excerpt": "Reduction of energy consumption, and thus CO2 emissions, has become the focal point of energy and environmental policies worldwide. The 1997 Kyoto Protocol and The Fourth Assessment Report of the Intergovernmental Panel on Climate Change (IPCC) have  ...", "url_pdf": "http://www.enercities.eu/project/deliverables/EnerCities_academic_publication_1_De_Vries_Knol_EnerCities_article_EDEN_Annual_Conferene_2011.pdf", "num_citations": 4, "cluster_id": "13834885065983050986", "year": "2011", "url_citations": "http://scholar.google.com/scholar?cites=13834885065983050986&as_sdt=2005&sciodt=1,5&hl=en"}, {"num_versions": 2, "url_citation": null, "title": "Learning with serious games: is fun playing the game a predictor of learning success?", "url": "http://onlinelibrary.wiley.com/doi/10.1111/bjet.12226/full", "url_versions": "http://scholar.google.com/scholar?cluster=13228464003838827361&hl=en&as_sdt=1,5&sciodt=1,5&as_vis=1", "authors": "N Iten, D Petko - British Journal of Educational Technology", "excerpt": "Abstract Serious games are generally considered to induce positive effects in the areas of learning motivation and learning gains. Yet few studies have examined how these factors are related. Therefore, an empirical study was conducted to test the relationship between  ...", "url_pdf": null, "num_citations": 3, "cluster_id": "13228464003838827361", "year": "2014", "url_citations": "http://scholar.google.com/scholar?cites=13228464003838827361&as_sdt=2005&sciodt=1,5&hl=en"}, {"num_versions": 4, "url_citation": null, "title": "Serious gaming used as management intervention to prevent work-related stress and raise work\u2013engagement among workers", "url": "http://link.springer.com/chapter/10.1007/978-3-642-39182-8_18", "url_versions": "http://scholar.google.com/scholar?cluster=10058400214261595523&hl=en&as_sdt=1,5&sciodt=1,5&as_vis=1", "authors": "N Wiezer, MB Roozeboom, E Oprins - Digital human modeling and  \u2026", "excerpt": "Abstract Work-related stress is a large occupational risks in the Netherlands but interventions to reduce this risk are not implemented in organizations. The characteristics of a serious game make it a useful training tool for managers to raise awareness on their role  ...", "url_pdf": null, "num_citations": 2, "cluster_id": "10058400214261595523", "year": "2013", "url_citations": "http://scholar.google.com/scholar?cites=10058400214261595523&as_sdt=2005&sciodt=1,5&hl=en"}, {"num_versions": 5, "url_citation": null, "title": "Scaffolding game-based learning: Impact on learning achievements, perceived learning, and game experiences", "url": "http://www.sciencedirect.com/science/article/pii/S0360131513002224", "url_versions": "http://scholar.google.com/scholar?cluster=8306195125260750011&hl=en&as_sdt=1,5&sciodt=1,5&as_vis=1", "authors": "S Barzilai, I Blau - Computers & Education", "excerpt": "Abstract One of the central challenges of integrating game-based learning in school settings is helping learners make the connections between the knowledge learned in the game and the knowledge learned at school, while maintaining a high level of engagement with  ...", "url_pdf": null, "num_citations": 22, "cluster_id": "8306195125260750011", "year": "2014", "url_citations": "http://scholar.google.com/scholar?cites=8306195125260750011&as_sdt=2005&sciodt=1,5&hl=en"}, {"num_versions": 10, "url_citation": null, "title": "Escala de motivaci\u00f3n por el juego (EMJ): estudio del uso del juego en contextos educativos", "url": "http://www.uv.es/RELIEVE/v20n1/RELIEVEv20n1_4.pdf", "url_versions": "http://scholar.google.com/scholar?cluster=1515430003817641726&hl=en&as_sdt=1,5&sciodt=1,5&as_vis=1", "authors": "C Mu\u00f1oz, J Valenzuela - RELIEVE-Revista Electr\u00f3nica de Investigaci\u00f3n y  \u2026", "excerpt": "Resumen Aunque el juego ha sido estudiado y descrito desde m\u00faltiples \u00f3pticas, relevando su importancia en el desarrollo humano, su uso en el \u00e1mbito educativo pareciera estar restringido mayoritariamente al nivel de educaci\u00f3n parvularia. En este sentido, la  ...", "url_pdf": "http://www.uv.es/RELIEVE/v20n1/RELIEVEv20n1_4.pdf", "num_citations": 1, "cluster_id": "1515430003817641726", "year": "2014", "url_citations": "http://scholar.google.com/scholar?cites=1515430003817641726&as_sdt=2005&sciodt=1,5&hl=en"}, {"num_versions": 7, "url_citation": null, "title": "Assessing performance competence in training games", "url": "http://link.springer.com/10.1007/978-3-642-24571-8_65", "url_versions": "http://scholar.google.com/scholar?cluster=12532705702155408769&hl=en&as_sdt=1,5&sciodt=1,5&as_vis=1", "authors": "H Ekanayake, P Backlund, T Ziemke\u2026 - Affective Computing and \u2026", "excerpt": "Abstract In-process assessment of trainee learners in game-based simulators is a challenging activity. This typically involves human instructor time and cost, and does not scale to the one tutor per learner vision of computer-based learning. Moreover, evaluation  ...", "url_pdf": null, "num_citations": 5, "cluster_id": "12532705702155408769", "year": "2011", "url_citations": "http://scholar.google.com/scholar?cites=12532705702155408769&as_sdt=2005&sciodt=1,5&hl=en"}, {"num_versions": 3, "url_citation": null, "title": "\ud559\uc2b5 \uc7a5\uba74\uc5d0\uc11c \uac10\uc815 \uac1c\uc785\uc744 \ucd09\uc9c4\ud558\uae30 \uc704\ud55c \uae30\ub2a5\uc131 \uac8c\uc784\uc758 \ud65c\uc6a9-\ub2e8\uc5b4 \uc2dc\uac01\ud654 \uae30\ubc18\uc758 \uc601\uc5b4 \ud559\uc2b5\uc6a9 \uae30\ub2a5\uc131 \uac8c\uc784 '\uc6cc\ub4dc \ucf5c\ub809\ud2b8\ub9ac\uc548'\uc81c\uc791 \uc0ac\ub840\ub97c \ubc14\ud0d5\uc73c\ub85c", "url": "http://ocean.kisti.re.kr/downfile/volume/kgames/KGOHCL/2012/v12n6/KGOHCL_2012_v12n6_95.pdf", "url_versions": "http://scholar.google.com/scholar?cluster=17988554031876219454&hl=en&as_sdt=1,5&sciodt=1,5&as_vis=1", "authors": "\uc774\ud559\uc218\uff0c \ub3c4\uc601\uc784 - Journal of Korea Game Society", "excerpt": "ABSTRACT Emotion is very important feature in educational situation. Because it has high influence to memory, educational achievement, motivation. This study tried to find out possibility of serious game as emotional engagement tool in educational situation. We did  ...", "url_pdf": "http://ocean.kisti.re.kr/downfile/volume/kgames/KGOHCL/2012/v12n6/KGOHCL_2012_v12n6_95.pdf", "num_citations": 0, "cluster_id": null, "year": "2012", "url_citations": null}, {"num_versions": 8, "url_citation": null, "title": "Fifth Graders' Flow Experience in a Digital Game-Based Science Learning Environment", "url": "http://www.igi-global.com/article/fifth-graders-flow-experience-in-a-digital-game-based-science-learning-environment/118138", "url_versions": "http://scholar.google.com/scholar?cluster=2009443936578980936&hl=en&as_sdt=1,5&sciodt=1,5&as_vis=1", "authors": "M Zheng, HA Spires - International Journal of Virtual and Personal  \u2026", "excerpt": "Abstract This mixed methods study examined 73 5th graders' flow experience in a game-based science learning environment using two gameplay approaches (solo and collaborative gameplay). Both survey and focus group interview findings revealed that  ...", "url_pdf": null, "num_citations": 1, "cluster_id": "2009443936578980936", "year": "2014", "url_citations": "http://scholar.google.com/scholar?cites=2009443936578980936&as_sdt=2005&sciodt=1,5&hl=en"}, {"num_versions": 16, "url_citation": null, "title": "Comment \u00e9valuer la qualit\u00e9 d'un Learning Game pendant sa conception?", "url": "http://scholar.google.com/https://hal.archives-ouvertes.fr/hal-00963678/", "url_versions": "http://scholar.google.com/scholar?cluster=17293073406210885584&hl=en&as_sdt=1,5&sciodt=1,5&as_vis=1", "authors": "I Marfisi-Schottman, S George\u2026 - \u2026  Technologies de l' \u2026", "excerpt": "Les Learning Games (LG) sont des environnements \u00e9ducatifs fond\u00e9s sur une approche ludique de l'apprentissage. Pertinents dans de nombreux domaines, ils posent pourtant des probl\u00e8mes li\u00e9s \u00e0 leur cr\u00e9ation complexe et co\u00fbteuse en moyens et en temps. Dans cet  ...", "url_pdf": null, "num_citations": 1, "cluster_id": "17293073406210885584", "year": "2012", "url_citations": "http://scholar.google.com/scholar?cites=17293073406210885584&as_sdt=2005&sciodt=1,5&hl=en"}, {"num_versions": 10, "url_citation": null, "title": "Adapting the complexity level of a serious game to the proficiency of players", "url": "http://eprints.eemcs.utwente.nl/24748/", "url_versions": "http://scholar.google.com/scholar?cluster=12836423664179820259&hl=en&as_sdt=1,5&sciodt=1,5&as_vis=1", "authors": "H van Oostendorp, ED van der Spek, JM Linssen -", "excerpt": "Abstract As games are continuously assessing the player, this assessment can be used to adapt the complexity of a game to the proficiency of the player in real time. We performed an experiment to examine the role of dynamic adaptation. In one condition, participants  ...", "url_pdf": null, "num_citations": 2, "cluster_id": "12836423664179820259", "year": "2014", "url_citations": "http://scholar.google.com/scholar?cites=12836423664179820259&as_sdt=2005&sciodt=1,5&hl=en"}, {"num_versions": 14, "url_citation": null, "title": "M\u00e9thodologie, mod\u00e8les et outils pour la conception de Learning Games", "url": "http://scholar.google.com/https://hal.archives-ouvertes.fr/docs/00/83/32/16/PDF/these.pdf", "url_versions": "http://scholar.google.com/scholar?cluster=3417427948258632990&hl=en&as_sdt=1,5&sciodt=1,5&as_vis=1", "authors": "I Marfisi-Schottman -", "excerpt": "R\u00e9sum\u00e9 Les Serious Games sont des jeux vid\u00e9o qui n'ont pas pour objectif premier le divertissement et qui peuvent \u00eatre utilis\u00e9 pour l'enseignement. Pertinents dans de nombreux domaines d'\u00e9ducation, ils posent pourtant des probl\u00e8mes li\u00e9s \u00e0 leur cr\u00e9ation fastidieuse et  ...", "url_pdf": "http://scholar.google.com/https://hal.archives-ouvertes.fr/docs/00/83/32/16/PDF/these.pdf", "num_citations": 10, "cluster_id": "3417427948258632990", "year": "2013", "url_citations": "http://scholar.google.com/scholar?cites=3417427948258632990&as_sdt=2005&sciodt=1,5&hl=en"}, {"num_versions": 6, "url_citation": null, "title": "Digital game-based learning: Impact of instructions and feedback on motivation and learning effectiveness", "url": "http://www.sciencedirect.com/science/article/pii/S0360131513000699", "url_versions": "http://scholar.google.com/scholar?cluster=13359110060256313626&hl=en&as_sdt=1,5&sciodt=1,5&as_vis=1", "authors": "S Erhel, E Jamet - Computers & Education", "excerpt": "Although many studies have investigated the effects of digital game-based learning (DGBL) on learning and motivation, its benefits have never been systematically demonstrated. In our first experiment, we sought to identify the conditions under which DGBL is most effective,  ...", "url_pdf": null, "num_citations": 53, "cluster_id": "13359110060256313626", "year": "2013", "url_citations": "http://scholar.google.com/scholar?cites=13359110060256313626&as_sdt=2005&sciodt=1,5&hl=en"}, {"num_versions": 8, "url_citation": null, "title": "Operation ARIES!: A serious game for teaching scientific inquiry", "url": "http://link.springer.com/chapter/10.1007/978-1-4471-2161-9_10", "url_versions": "http://scholar.google.com/scholar?cluster=18131363068058921840&hl=en&as_sdt=1,5&sciodt=1,5&as_vis=1", "authors": "K Millis, C Forsyth, H Butler, P Wallace\u2026 - Serious games and  \u2026", "excerpt": "Abstract Operation ARIES! is a serious game that teaches critical thinking about scientific inquiry. The player must help to identify aliens on Earth who are intentionally publishing bad research. The game combines aspects of video games and intelligent tutors in which the  ...", "url_pdf": null, "num_citations": 60, "cluster_id": "18131363068058921840", "year": "2011", "url_citations": "http://scholar.google.com/scholar?cites=18131363068058921840&as_sdt=2005&sciodt=1,5&hl=en"}, {"num_versions": 6, "url_citation": null, "title": "Collaborative embodied learning in mixed reality motion-capture environments: Two science studies.", "url": "http://psycnet.apa.org/journals/edu/106/1/86/", "url_versions": "http://scholar.google.com/scholar?cluster=17092402922140623363&hl=en&as_sdt=1,5&sciodt=1,5&as_vis=1", "authors": "MC Johnson-Glenberg, DA Birchfield\u2026 - Journal of  \u2026", "excerpt": "Abstract 1. These 2 studies investigate the extent to which an Embodied Mixed Reality Learning Environment (EMRELE) can enhance science learning compared to regular classroom instruction. Mixed reality means that physical tangible and digital components  ...", "url_pdf": null, "num_citations": 13, "cluster_id": "17092402922140623363", "year": "2014", "url_citations": "http://scholar.google.com/scholar?cites=17092402922140623363&as_sdt=2005&sciodt=1,5&hl=en"}, {"num_versions": 3, "url_citation": null, "title": "A systematic review and meta-analysis of interventions for sexual health promotion involving serious digital games", "url": "http://online.liebertpub.com/doi/abs/10.1089/g4h.2014.0110", "url_versions": "http://scholar.google.com/scholar?cluster=8891898700887542642&hl=en&as_sdt=1,5&sciodt=1,5&as_vis=1", "authors": "A DeSmet, R Shegog\u2026 - Games for Health  \u2026", "excerpt": "Abstract Objective: Serious games may be effective in promoting sexual health behavior. Their confidential nature may encourage users to discuss sensitive sexuality topics. Furthermore, they can tailor messages to the individual's needs and may be intrinsically  ...", "url_pdf": null, "num_citations": 4, "cluster_id": "8891898700887542642", "year": "2015", "url_citations": "http://scholar.google.com/scholar?cites=8891898700887542642&as_sdt=2005&sciodt=1,5&hl=en"}, {"num_versions": 4, "url_citation": null, "title": "Applying a conceptual mini game for supporting simple mathematical calculation skills: Students' perceptions and considerations", "url": "http://sciedu.ca/journal/index.php/wje/article/view/150", "url_versions": "http://scholar.google.com/scholar?cluster=7307103156587115676&hl=en&as_sdt=1,5&sciodt=1,5&as_vis=1", "authors": "CT Panagiotakopoulos - World Journal of Education", "excerpt": "Abstract Mathematics is an area of study that particularly lacks student enthusiasm. Nevertheless, with the help of educational games, any phobias concerning mathematics can be considerably decreased and mathematics can become more appealing. In this study,  ...", "url_pdf": null, "num_citations": 8, "cluster_id": "7307103156587115676", "year": "2011", "url_citations": "http://scholar.google.com/scholar?cites=7307103156587115676&as_sdt=2005&sciodt=1,5&hl=en"}, {"num_versions": 8, "url_citation": null, "title": "MiBoard: A Digital Game from a Physical World.", "url": "http://www.aaai.org/ocs/index.php/FLAIRS/2010/paper/viewFile/1404/1806%E5%AF%86", "url_versions": "http://scholar.google.com/scholar?cluster=3004131082505080067&hl=en&as_sdt=1,5&sciodt=1,5&as_vis=1", "authors": "KB Dempsey, GT Jackson, JF Brunelle, M Rowe\u2026 - FLAIRS Conference", "excerpt": "Abstract Increasing user engagement is constant challenge for Intelligent Tutoring Systems researchers. A current trend in the ITS field is to increase engagement of proven learning systems by integrating them within games, or adding in gamelike components.  ...", "url_pdf": null, "num_citations": 1, "cluster_id": "3004131082505080067", "year": "2010", "url_citations": "http://scholar.google.com/scholar?cites=3004131082505080067&as_sdt=2005&sciodt=1,5&hl=en"}, {"num_versions": 8, "url_citation": null, "title": "A meta-analysis of serious digital games for healthy lifestyle promotion", "url": "http://www.sciencedirect.com/science/article/pii/S009174351400317X", "url_versions": "http://scholar.google.com/scholar?cluster=15659587858177689576&hl=en&as_sdt=1,5&sciodt=1,5&as_vis=1", "authors": "A DeSmet, D Van Ryckeghem, S Compernolle\u2026 - Preventive  \u2026", "excerpt": "Abstract Several systematic reviews have described health-promoting effects of serious games but so far no meta-analysis has been reported. This paper presents a meta-analysis of 54 serious digital game studies for healthy lifestyle promotion, in which we investigated  ...", "url_pdf": null, "num_citations": 12, "cluster_id": "15659587858177689576", "year": "2014", "url_citations": "http://scholar.google.com/scholar?cites=15659587858177689576&as_sdt=2005&sciodt=1,5&hl=en"}, {"num_versions": 7, "url_citation": null, "title": "Introducing surprising events can stimulate deep learning in a serious game", "url": "http://onlinelibrary.wiley.com/doi/10.1111/j.1467-8535.2011.01282.x/full", "url_versions": "http://scholar.google.com/scholar?cluster=3818545278990274928&hl=en&as_sdt=1,5&sciodt=1,5&as_vis=1", "authors": "ED van der Spek\u2026 - British journal of  \u2026", "excerpt": "Abstract Serious games show great potential, but many fail to live up to that potential. One way to improve serious game design could be to introduce surprising events linked to the instructional material. We modified our serious game for triage training, called Code Red  ...", "url_pdf": null, "num_citations": 6, "cluster_id": "3818545278990274928", "year": "2013", "url_citations": "http://scholar.google.com/scholar?cites=3818545278990274928&as_sdt=2005&sciodt=1,5&hl=en"}, {"num_versions": 2, "url_citation": null, "title": "Serious Games Designed by INGOs as a New Media Tool for Entertainment-Education", "url": "http://oaithesis.eur.nl/ir/repub/asset/8124/Sorina%20Itu%20Final%20Version.doc", "url_versions": "http://scholar.google.com/scholar?cluster=1979558220625829933&hl=en&as_sdt=1,5&sciodt=1,5&as_vis=1", "authors": "SR Itu -", "excerpt": "Abstract With the diffusion of Internet and new media tools for communication on the one hand, and the existence of hundreds of international NGOs in the world on the other hand, the competition for reaching a large number of people in order to recruit them for specific  ...", "url_pdf": null, "num_citations": 1, "cluster_id": "1979558220625829933", "year": "2010", "url_citations": "http://scholar.google.com/scholar?cites=1979558220625829933&as_sdt=2005&sciodt=1,5&hl=en"}, {"num_versions": 4, "url_citation": null, "title": "Toward new communication paradigms to enhance cognitive and learning processes", "url": "http://link.springer.com/chapter/10.1007/978-3-642-25126-9_68", "url_versions": "http://scholar.google.com/scholar?cluster=11666779765996815058&hl=en&as_sdt=1,5&sciodt=1,5&as_vis=1", "authors": "MC Caschera, A D'Andrea, A D'Ulizia, F Ferri\u2026 - On the Move to  \u2026", "excerpt": "Abstract The evolution of technologies is making available new devices that allow designing enriched interaction environments between humans and computers. New technological tools, such as multimodal platforms, can be used to enhance cognitive and learning  ...", "url_pdf": null, "num_citations": 1, "cluster_id": "11666779765996815058", "year": "2011", "url_citations": "http://scholar.google.com/scholar?cites=11666779765996815058&as_sdt=2005&sciodt=1,5&hl=en"}, {"num_versions": 3, "url_citation": null, "title": "A study on the relationship between educational achievement and emotional engagement in a gameful interface for video lecture systems", "url": "http://ieeexplore.ieee.org/xpls/abs_all.jsp?arnumber=6296804", "url_versions": "http://scholar.google.com/scholar?cluster=14266972568944713215&hl=en&as_sdt=1,5&sciodt=1,5&as_vis=1", "authors": "H Lee, YY Doh - Ubiquitous Virtual Reality (ISUVR)", "excerpt": "Abstract\u2014An increasing number of students are learning in digitalized education environments. For younger generations of students who have grown up participating in digital environments and virtual reality, E-learning is considered to be an appropriate  ...", "url_pdf": null, "num_citations": 12, "cluster_id": "14266972568944713215", "year": "2012", "url_citations": "http://scholar.google.com/scholar?cites=14266972568944713215&as_sdt=2005&sciodt=1,5&hl=en"}, {"num_versions": 5, "url_citation": null, "title": "IS Learning: The Impact of Gender and Team Emotional Intelligence", "url": "http://search.proquest.com/openview/d17c399fe5dcb7bb6db711a470b4b390/1?pq-origsite=gscholar", "url_versions": "http://scholar.google.com/scholar?cluster=8772763096150887325&hl=en&as_sdt=1,5&sciodt=1,5&as_vis=1", "authors": "MM Dunaway - Journal of Information Systems Education", "excerpt": "Abstract In university settings, dysfunction in teamwork often challenges problem-based learning in IS projects. Researchers of IS Education have largely overlooked Team Emotional Intelligence (TEI), which offers a collective cognitive skill that may benefit the  ...", "url_pdf": null, "num_citations": 1, "cluster_id": "8772763096150887325", "year": "2013", "url_citations": "http://scholar.google.com/scholar?cites=8772763096150887325&as_sdt=2005&sciodt=1,5&hl=en"}, {"num_versions": 8, "url_citation": null, "title": "Competition and students' perceptions in a game-based language learning environment", "url": "http://link.springer.com/article/10.1007/s11423-013-9314-5", "url_versions": "http://scholar.google.com/scholar?cluster=3249162530554543392&hl=en&as_sdt=1,5&sciodt=1,5&as_vis=1", "authors": "S Vandercruysse, M Vandewaetere, F Cornillie\u2026 - Educational Technology  \u2026", "excerpt": "Abstract Although educational games have become quite popular in recent research, only a limited number of studies have focused on the effectiveness of these games. While numerous claims have been made about the effectiveness of games, the studies that  ...", "url_pdf": null, "num_citations": 7, "cluster_id": "3249162530554543392", "year": "2013", "url_citations": "http://scholar.google.com/scholar?cites=3249162530554543392&as_sdt=2005&sciodt=1,5&hl=en"}, {"num_versions": 0, "url_citation": null, "title": "Experiments in serious game design: a cognitive approach", "url": "http://dspace.library.uu.nl/handle/1874/211480", "url_versions": null, "authors": "ED Van der Spek -", "excerpt": "Serious games sometimes are not as efficacious as they should be when it comes to learning, but the reasons for this are unclear; something that is brought on by a lack of rigorous scientific research into what constitutes good game design. We created a serious  ...", "url_pdf": null, "num_citations": 11, "cluster_id": "11019390639933833123", "year": "2011", "url_citations": "http://scholar.google.com/scholar?cites=11019390639933833123&as_sdt=2005&sciodt=1,5&hl=en"}]