[{"num_versions": 3, "url_citation": null, "title": "Teacher Efficacy Beliefs Toward Serving Culturally and Linguistically Diverse Students in Special Education Implications of a Pilot Study", "url": "http://eus.sagepub.com/content/45/3/385.short", "url_versions": "http://scholar.google.com/scholar?cluster=550783894913292288&hl=en&as_sdt=1,5&sciodt=1,5&as_vis=1", "authors": "SY Chu - Education and Urban Society", "excerpt": "Abstract Educating a nation of culturally, ethnically/racially, and linguistically diverse (CLD) students is one of the many challenges facing teachers and teacher educators, resulting in teachers' questioning their ability to improve learning for these groups. Yet teacher  ...", "url_pdf": null, "num_citations": 9, "cluster_id": "550783894913292288", "year": "2013", "url_citations": "http://scholar.google.com/scholar?cites=550783894913292288&as_sdt=2005&sciodt=1,5&hl=en"}, {"num_versions": 4, "url_citation": null, "title": "The Teachers' Sense of Efficacy Scale: Confirming the factor structure with beginning pre-service teachers", "url": "http://www.sciencedirect.com/science/article/pii/S0742051X12000480", "url_versions": "http://scholar.google.com/scholar?cluster=245454171182716331&hl=en&as_sdt=1,5&sciodt=1,5&as_vis=1", "authors": "LC Duffin, BF French, H Patrick - Teaching and teacher Education", "excerpt": "This study examined the factor structure of the Teachers' Sense of Efficacy Scale (TSES; Tschannen-Moran & Woolfolk Hoy, 2001) using the scores of pre-service teachers at the beginning stage of teacher development to gather internal structure score validity  ...", "url_pdf": null, "num_citations": 35, "cluster_id": "245454171182716331", "year": "2012", "url_citations": "http://scholar.google.com/scholar?cites=245454171182716331&as_sdt=2005&sciodt=1,5&hl=en"}, {"num_versions": 11, "url_citation": null, "title": "Action research and reflection on student approaches to learning in large first year university classes", "url": "http://link.springer.com/article/10.1007/BF03246292", "url_versions": "http://scholar.google.com/scholar?cluster=12166270147843241558&hl=en&as_sdt=1,5&sciodt=1,5&as_vis=1", "authors": "C Herington, S Weaven - The Australian Educational Researcher", "excerpt": "Abstract This paper presents an action research approach to exploring methods of improving the learning styles and outcomes of first year university students within large class environments. The genesis of this project stemmed from an observation that entire tutorial  ...", "url_pdf": null, "num_citations": 31, "cluster_id": "12166270147843241558", "year": "2008", "url_citations": "http://scholar.google.com/scholar?cites=12166270147843241558&as_sdt=2005&sciodt=1,5&hl=en"}, {"num_versions": 7, "url_citation": null, "title": "Making physical education relevant: increasing the impact of initial teacher training", "url": "http://www.tandfonline.com/doi/abs/10.1080/14748460701241444", "url_versions": "http://scholar.google.com/scholar?cluster=11209833491649186630&hl=en&as_sdt=1,5&sciodt=1,5&as_vis=1", "authors": "S Capel, R Blair - London Review of Education", "excerpt": "This paper is developed from concern that, despite a number of developments and initiatives in physical education over recent years, there has been little change in the teaching of the subject. This has resulted in many young people being alienated from physical education  ...", "url_pdf": null, "num_citations": 13, "cluster_id": "11209833491649186630", "year": "2007", "url_citations": "http://scholar.google.com/scholar?cites=11209833491649186630&as_sdt=2005&sciodt=1,5&hl=en"}, {"num_versions": 12, "url_citation": null, "title": "Perceptions of the learning context and learning approaches: Implications for quality learning outcomes in accounting", "url": "http://www.tandfonline.com/doi/abs/10.1080/06939280500036364", "url_versions": "http://scholar.google.com/scholar?cluster=604528891486755793&hl=en&as_sdt=1,5&sciodt=1,5&as_vis=1", "authors": "B Jackling - Accounting education", "excerpt": "Abstract This study analyses learning approaches, course perceptions and learning outcomes of a group of second year accounting students at an Australian university using qualitative data analysis techniques. The research method involves the development of a  ...", "url_pdf": null, "num_citations": 61, "cluster_id": "604528891486755793", "year": "2005", "url_citations": "http://scholar.google.com/scholar?cites=604528891486755793&as_sdt=2005&sciodt=1,5&hl=en"}, {"num_versions": 3, "url_citation": null, "title": "A test and cross-validation of the revised two-factor study process questionnaire factor structure among western university students", "url": "http://epm.sagepub.com/content/early/2009/12/31/0013164409355685.short", "url_versions": "http://scholar.google.com/scholar?cluster=12612969447632184845&hl=en&as_sdt=1,5&sciodt=1,5&as_vis=1", "authors": "JC Immekus, PK Imbrie - Educational and psychological  \u2026", "excerpt": "Abstract The Revised Two-Factor Study Process Questionnaire (R-SPQ-2F) is a measure of university students' approach to learning. Original evaluation of the scale's psychometric properties was based on a sample of Hong Kong university students' scores. The purpose  ...", "url_pdf": null, "num_citations": 9, "cluster_id": "12612969447632184845", "year": "2009", "url_citations": "http://scholar.google.com/scholar?cites=12612969447632184845&as_sdt=2005&sciodt=1,5&hl=en"}, {"num_versions": 2, "url_citation": null, "title": "The meaning of learning and knowing", "url": "http://dspace.library.uu.nl/handle/1874/43866", "url_versions": "http://scholar.google.com/scholar?cluster=12207412002113385501&hl=en&as_sdt=1,5&sciodt=1,5&as_vis=1", "authors": "EJ Van Rossum, RN Hamer -", "excerpt": "The Meaning of Learning and Knowing contains three parts. In part 1 the authors describe their own six-stage developmental model of linked learning and teaching conceptions. This model is based on the written essays of over 600 students of higher education. The  ...", "url_pdf": null, "num_citations": 45, "cluster_id": "12207412002113385501", "year": "2010", "url_citations": "http://scholar.google.com/scholar?cites=12207412002113385501&as_sdt=2005&sciodt=1,5&hl=en"}, {"num_versions": 3, "url_citation": null, "title": "Assessment preferences, learning orientations, and learning strategies of pre\u2010service and in\u2010service teachers", "url": "http://www.tandfonline.com/doi/abs/10.1080/02607470600655300", "url_versions": "http://scholar.google.com/scholar?cluster=2742276851927743072&hl=en&as_sdt=1,5&sciodt=1,5&as_vis=1", "authors": "M Birenbaum, S Rosenau - Journal of Education for Teaching", "excerpt": "The importance of developing effective learning strategies and motivational beliefs has been widely acknowledged as a way of meeting the demand to acquire lifelong learning capabilities for successful functioning as professionals in the 'information age'. The study  ...", "url_pdf": null, "num_citations": 35, "cluster_id": "2742276851927743072", "year": "2006", "url_citations": "http://scholar.google.com/scholar?cites=2742276851927743072&as_sdt=2005&sciodt=1,5&hl=en"}, {"num_versions": 4, "url_citation": null, "title": "Fostering meaning-oriented learning and deliberate practice in teacher education", "url": "http://www.sciencedirect.com/science/article/pii/S0742051X11000667", "url_versions": "http://scholar.google.com/scholar?cluster=11444922057056501901&hl=en&as_sdt=1,5&sciodt=1,5&as_vis=1", "authors": "LH Bronkhorst, PC Meijer, B Koster\u2026 - Teaching and teacher  \u2026", "excerpt": "Meaning-oriented learning and deliberate practice may be expected to promote student teachers' continuous professional development. We interviewed twelve expert teacher educators to explore their understanding of these concepts, as well as pedagogies to  ...", "url_pdf": null, "num_citations": 33, "cluster_id": "11444922057056501901", "year": "2011", "url_citations": "http://scholar.google.com/scholar?cites=11444922057056501901&as_sdt=2005&sciodt=1,5&hl=en"}, {"num_versions": 0, "url_citation": null, "title": "Teaching in higher education: From content-focused to learning-focused approaches to teaching", "url": "http://scholar.google.com/https://helda.helsinki.fi/handle/10138/19882", "url_versions": null, "authors": "L Postareff -", "excerpt": "The aim of this dissertation was to explore teaching in higher education from the teachers' perspective. Two of the four studies analysed the effect of pedagogical training on approaches to teaching and on self-efficacy beliefs of teachers on teaching. Of these two  ...", "url_pdf": null, "num_citations": 19, "cluster_id": "14142016732434958039", "year": "2007", "url_citations": "http://scholar.google.com/scholar?cites=14142016732434958039&as_sdt=2005&sciodt=1,5&hl=en"}, {"num_versions": 2, "url_citation": null, "title": "Developing medical teachers' thinking and practice: Impact of a staff development course", "url": "http://www.tandfonline.com/doi/abs/10.1080/07294360701805283", "url_versions": "http://scholar.google.com/scholar?cluster=13983892239202596110&hl=en&as_sdt=1,5&sciodt=1,5&as_vis=1", "authors": "M Weurlander, T Stenfors\u2010Hayes - Higher Education Research &  \u2026", "excerpt": "This paper explores the impact of a staff development course on medical teachers' thinking and practice. Data have been gathered through 19 semi\u2010structured interviews with participants on the course one year after their participation. The analysis of the data shows  ...", "url_pdf": null, "num_citations": 28, "cluster_id": "13983892239202596110", "year": "2008", "url_citations": "http://scholar.google.com/scholar?cites=13983892239202596110&as_sdt=2005&sciodt=1,5&hl=en"}, {"num_versions": 5, "url_citation": null, "title": "Teaching efficacy of Universiti Putra Malaysia science student teachers", "url": "http://search.proquest.com/openview/8637b2bf3082e722c15a2cb3dfdba865/1?pq-origsite=gscholar", "url_versions": "http://scholar.google.com/scholar?cluster=11548943553162534141&hl=en&as_sdt=1,5&sciodt=1,5&as_vis=1", "authors": "AR Bakar, MM Konting, R Jamian\u2026 - College Student  \u2026", "excerpt": "Abstract The objective of the study was to access teaching efficacy of Universiti Putra Malaysia Science student teachers. The specific objectives were to determine teaching efficacy of Science student teachers in terms of student engagement; instructional  ...", "url_pdf": null, "num_citations": 13, "cluster_id": "11548943553162534141", "year": "2008", "url_citations": "http://scholar.google.com/scholar?cites=11548943553162534141&as_sdt=2005&sciodt=1,5&hl=en"}, {"num_versions": 3, "url_citation": null, "title": "The debate as a pedagogic tool in social policy for social work students", "url": "http://www.tandfonline.com/doi/abs/10.1080/02615470500182132", "url_versions": "http://scholar.google.com/scholar?cluster=14725578634351501168&hl=en&as_sdt=1,5&sciodt=1,5&as_vis=1", "authors": "M Gregory, M Holloway - Social Work Education", "excerpt": "Social work education under the Diploma in Social Work has been shaped by a competency led training model. The danger in this approach is that the critical thinking required of the reflective practitioner becomes lost. This paper argues that the teaching of social policy  ...", "url_pdf": null, "num_citations": 29, "cluster_id": "14725578634351501168", "year": "2005", "url_citations": "http://scholar.google.com/scholar?cites=14725578634351501168&as_sdt=2005&sciodt=1,5&hl=en"}, {"num_versions": 7, "url_citation": null, "title": "Declarative knowledge and professional vision in teacher education: Effect of courses in teaching and learning", "url": "http://onlinelibrary.wiley.com/doi/10.1111/j.2044-8279.2012.02075.x/full", "url_versions": "http://scholar.google.com/scholar?cluster=2826045508293037383&hl=en&as_sdt=1,5&sciodt=1,5&as_vis=1", "authors": "K St\u00fcrmer, KD K\u00f6nings, T Seidel - British Journal of Educational \u2026", "excerpt": "Background. Teachers' professional vision includes the ability to apply general pedagogical knowledge about components of effective teaching and learning to reason about significant features of classroom practice. It requires teachers to (a) describe,(b) explain, and (c)  ...", "url_pdf": null, "num_citations": 38, "cluster_id": "2826045508293037383", "year": "2013", "url_citations": "http://scholar.google.com/scholar?cites=2826045508293037383&as_sdt=2005&sciodt=1,5&hl=en"}, {"num_versions": 0, "url_citation": null, "title": "Matemaattisen ongelmanratkaisutaidon opettaminen peruskoulussa: ongelmanratkaisukurssin kehitt\u00e4minen ja arviointi", "url": "http://scholar.google.com/https://jyx.jyu.fi/dspace/handle/123456789/13384", "url_versions": null, "authors": "H Lepp\u00e4aho -", "excerpt": "Henry Lepp\u00e4aho selvitti tutkimuksessaan, kuinka oppilaiden ongelmanratkaisutaitoa voidaan kehitt\u00e4\u00e4 peruskoulussa. Pelk\u00e4st\u00e4\u00e4n ongelmanratkaisustrategioiden opettaminen auttaa vain v\u00e4h\u00e4n itse ongelmanratkaisukyky\u00e4. Strategioiden opettaminen on kuitenkin  ...", "url_pdf": null, "num_citations": 74, "cluster_id": "2784072818703115263", "year": "2007", "url_citations": "http://scholar.google.com/scholar?cites=2784072818703115263&as_sdt=2005&sciodt=1,5&hl=en"}, {"num_versions": 5, "url_citation": null, "title": "The value of dangerous sport", "url": "http://www.tandfonline.com/doi/pdf/10.1080/00948705.2005.9714667", "url_versions": "http://scholar.google.com/scholar?cluster=1793540243758176809&hl=en&as_sdt=1,5&sciodt=1,5&as_vis=1", "authors": "JS Russell - Journal of the Philosophy of Sport", "excerpt": "If sport requires the development and exercise of physical skills for overcoming unnecessary obstacles, it is hardly surprising that physical danger is found in sporting activity. A moment's reflection, however, reveals that danger is not a necessary element of sport, although it is  ...", "url_pdf": null, "num_citations": 52, "cluster_id": "1793540243758176809", "year": "2005", "url_citations": "http://scholar.google.com/scholar?cites=1793540243758176809&as_sdt=2005&sciodt=1,5&hl=en"}, {"num_versions": 6, "url_citation": null, "title": "Investigating the Effect of School Ability on Self-Efficacy, Learning Approaches, and Metacognition.", "url": "http://eric.ed.gov/?id=ED509128", "url_versions": "http://scholar.google.com/scholar?cluster=14943722755101011739&hl=en&as_sdt=1,5&sciodt=1,5&as_vis=1", "authors": "C Magno - Online Submission", "excerpt": "The relations among school ability, self-efficacy, learning approach, and metacognition were examined in a path model. Questionnaires measuring these constructs were administered to 194 Filipino college students. Path analysis was used to determine the effects of school  ...", "url_pdf": null, "num_citations": 15, "cluster_id": "14943722755101011739", "year": "2009", "url_citations": "http://scholar.google.com/scholar?cites=14943722755101011739&as_sdt=2005&sciodt=1,5&hl=en"}, {"num_versions": 4, "url_citation": null, "title": "Exploring preservice teachers' metaphor plotlines", "url": "http://www.sciencedirect.com/science/article/pii/S0742051X10001940", "url_versions": "http://scholar.google.com/scholar?cluster=5263594581764761137&hl=en&as_sdt=1,5&sciodt=1,5&as_vis=1", "authors": "S Pinnegar, J Mangelson, M Reed, S Groves - Teaching and Teacher  \u2026", "excerpt": "This study explores how entering female preservice teachers position themselves\u2013the plotlines, obligations, responsibilities and duties they are prepared to enact, the expectations they hold for students, and the implications these have for teacher education.  ...", "url_pdf": null, "num_citations": 26, "cluster_id": "5263594581764761137", "year": "2011", "url_citations": "http://scholar.google.com/scholar?cites=5263594581764761137&as_sdt=2005&sciodt=1,5&hl=en"}, {"num_versions": 6, "url_citation": null, "title": "Personal epistemology and relational pedagogy in early childhood teacher education programs", "url": "http://www.tandfonline.com/doi/abs/10.1080/09575140500507785", "url_versions": "http://scholar.google.com/scholar?cluster=11495430302540758068&hl=en&as_sdt=1,5&sciodt=1,5&as_vis=1", "authors": "J Brownlee, D Berthelsen - Early Years", "excerpt": "Over the last decade, research related to personal epistemological beliefs has offered insight into how to promote effective teaching and learning across educational settings. Personal epistemological beliefs reflect an individual's views about what knowledge is,  ...", "url_pdf": null, "num_citations": 87, "cluster_id": "11495430302540758068", "year": "2006", "url_citations": "http://scholar.google.com/scholar?cites=11495430302540758068&as_sdt=2005&sciodt=1,5&hl=en"}, {"num_versions": 3, "url_citation": null, "title": "Personal teaching efficacy and its sources: Student teachers' perceptions", "url": "http://www.tandfonline.com/doi/abs/10.1080/01443410601066693", "url_versions": "http://scholar.google.com/scholar?cluster=5968242826422609765&hl=en&as_sdt=1,5&sciodt=1,5&as_vis=1", "authors": "M Poulou - Educational Psychology", "excerpt": "Teachers' confidence in their ability to perform the actions that lead to student learning is one of the few individual characteristics that predicts teacher practice and student outcomes. Teachers and especially student teachers need strong efficacy beliefs in order to continue  ...", "url_pdf": null, "num_citations": 157, "cluster_id": "5968242826422609765", "year": "2007", "url_citations": "http://scholar.google.com/scholar?cites=5968242826422609765&as_sdt=2005&sciodt=1,5&hl=en"}, {"num_versions": 9, "url_citation": null, "title": "Moving beyond physical education subject knowledge to develop knowledgeable teachers of the subject", "url": "http://www.tandfonline.com/doi/abs/10.1080/09585170701687936", "url_versions": "http://scholar.google.com/scholar?cluster=5108181260399244011&hl=en&as_sdt=1,5&sciodt=1,5&as_vis=1", "authors": "S Capel - The Curriculum Journal", "excerpt": "All knowledge is socially constructed, including physical education teachers' knowledge of their subject. It is acquired from other people either formally and deliberately (eg by being taught) or informally and casually (eg by interacting with physical education teachers or  ...", "url_pdf": null, "num_citations": 49, "cluster_id": "5108181260399244011", "year": "2007", "url_citations": "http://scholar.google.com/scholar?cites=5108181260399244011&as_sdt=2005&sciodt=1,5&hl=en"}, {"num_versions": 9, "url_citation": null, "title": "A follow-up study of the effect of pedagogical training on teaching in higher education", "url": "http://link.springer.com/article/10.1007/s10734-007-9087-z", "url_versions": "http://scholar.google.com/scholar?cluster=14706398723758460781&hl=en&as_sdt=1,5&sciodt=1,5&as_vis=1", "authors": "L Postareff, S Lindblom-Yl\u00e4nne, A Nevgi - Higher Education", "excerpt": "Abstract The present follow-up study examines the effect of university teachers' pedagogical training on approaches to teaching and self-efficacy beliefs measured by Approaches to Teaching Inventory and an additional part measuring motivational strategies. The effect of  ...", "url_pdf": null, "num_citations": 107, "cluster_id": "14706398723758460781", "year": "2008", "url_citations": "http://scholar.google.com/scholar?cites=14706398723758460781&as_sdt=2005&sciodt=1,5&hl=en"}, {"num_versions": 10, "url_citation": null, "title": "The Reflective accountant: changing student perceptions of traditional accounting through reflective educational practice", "url": "http://www.researchonline.mq.edu.au/vital/access/services/Download/mq:20865/DS01", "url_versions": "http://scholar.google.com/scholar?cluster=12086085495406593784&hl=en&as_sdt=1,5&sciodt=1,5&as_vis=1", "authors": "NC McGuigan, T Kern -", "excerpt": "Abstract: The study of introductory accounting is characterised by certain topics that have traditionally proved challenging for students often resulting in the adoption of a negative perception towards the academic discipline (Weil, 1989; Sharma, 1997; Lucas, 2000;  ...", "url_pdf": null, "num_citations": 7, "cluster_id": "12086085495406593784", "year": "2009", "url_citations": "http://scholar.google.com/scholar?cites=12086085495406593784&as_sdt=2005&sciodt=1,5&hl=en"}, {"num_versions": 0, "url_citation": null, "title": "Cohort Based Learning: Application to Learning Organizations and Student Academic Success.", "url": "http://eric.ed.gov/?id=EJ852017", "url_versions": null, "authors": "K Fenning - College Quarterly", "excerpt": "Abstract Learning is a natural process shared by its members in most social and educational institutions, and is seen as both the primary vehicle and foundation for the building and achievement of one's career and/or personal goals. This research offers critical insight into  ...", "url_pdf": null, "num_citations": 14, "cluster_id": "12255469713090614748", "year": "2004", "url_citations": "http://scholar.google.com/scholar?cites=12255469713090614748&as_sdt=2005&sciodt=1,5&hl=en"}, {"num_versions": 7, "url_citation": null, "title": "Assessment strategies to support higher level learning in blended delivery", "url": "http://www.tandfonline.com/doi/abs/10.1080/14703297.2010.543767", "url_versions": "http://scholar.google.com/scholar?cluster=10652811735582354556&hl=en&as_sdt=1,5&sciodt=1,5&as_vis=1", "authors": "AJ Purvis, LJ Aspden, PW Bannister\u2026 - Innovations in Education \u2026", "excerpt": "A level 6 module was developed in order to implement innovative assessment strategies and encourage higher level learning. The module tutor (one of this paper's authors) was seconded from teaching duties (40%) to the University's academic development unit to  ...", "url_pdf": null, "num_citations": 11, "cluster_id": "10652811735582354556", "year": "2011", "url_citations": "http://scholar.google.com/scholar?cites=10652811735582354556&as_sdt=2005&sciodt=1,5&hl=en"}, {"num_versions": 7, "url_citation": null, "title": "Estilos de docencia y evaluaci\u00f3n de los profesores universitarios y su influencia sobre los modos de aprender de sus estudiantes", "url": "http://www.jstor.org/stable/23766194", "url_versions": "http://scholar.google.com/scholar?cluster=13066007521878322365&hl=en&as_sdt=1,5&sciodt=1,5&as_vis=1", "authors": "BG L\u00f3pez - Revista espa\u00f1ola de pedagog\u00eda", "excerpt": "Evaluamos los estilos de docencia y evaluaci\u00f3n de 326 profesores universitarios y mediante an\u00e1lisis de conglomerados encontramos cuatro grupos con diferentes estilos: el primero, centrado en el aprendizaje y con habilidades docentes; el segundo, centrado en  ...", "url_pdf": null, "num_citations": 43, "cluster_id": "13066007521878322365", "year": "2008", "url_citations": "http://scholar.google.com/scholar?cites=13066007521878322365&as_sdt=2005&sciodt=1,5&hl=en"}, {"num_versions": 3, "url_citation": null, "title": "Transformational Learners: Transformational Teachers.", "url": "http://eric.ed.gov/?id=EJ922750", "url_versions": "http://scholar.google.com/scholar?cluster=17878337861871021704&hl=en&as_sdt=1,5&sciodt=1,5&as_vis=1", "authors": "M Jones - Australian Journal of Teacher Education", "excerpt": "Abstract: Transformational learning, according to Mezirow (1981), involves transforming taken-for-granted frames of reference into more discriminating, flexible 'habits of mind'. In teacher education, transformative learning impacts on the development of students' action  ...", "url_pdf": null, "num_citations": 19, "cluster_id": "17878337861871021704", "year": "2009", "url_citations": "http://scholar.google.com/scholar?cites=17878337861871021704&as_sdt=2005&sciodt=1,5&hl=en"}, {"num_versions": 3, "url_citation": null, "title": "The impact of academic self\u2010concept, expectations and the choice of learning strategy on academic achievement: the case of business students", "url": "http://www.tandfonline.com/doi/abs/10.1080/07294360903146841", "url_versions": "http://scholar.google.com/scholar?cluster=5254969280397228834&hl=en&as_sdt=1,5&sciodt=1,5&as_vis=1", "authors": "CM Rodriguez - Higher Education Research & Development", "excerpt": "This study provides evidence of the impact of two critical self\u2010regulation components\u2013academic self\u2010concept and outcome expectations\u2013on the selection of learning strategies conducive to academic achievement in undergraduate business education. Self\u2010concept  ...", "url_pdf": null, "num_citations": 51, "cluster_id": "5254969280397228834", "year": "2009", "url_citations": "http://scholar.google.com/scholar?cites=5254969280397228834&as_sdt=2005&sciodt=1,5&hl=en"}, {"num_versions": 2, "url_citation": null, "title": "Curriculum innovation in teacher education: exploring conceptions among Tanzanian teacher educators", "url": "http://www.doria.fi/handle/10024/50597", "url_versions": "http://scholar.google.com/scholar?cluster=2404574045468231238&hl=en&as_sdt=1,5&sciodt=1,5&as_vis=1", "authors": "W Meena -", "excerpt": "The focus of the study is to understand curriculum innovation from the perspective of Tanzanian teacher educators. It is argued that the deterioration of quality of education in schools is partly to be attributed to the way in which teachers are educated. Curriculum  ...", "url_pdf": null, "num_citations": 15, "cluster_id": "2404574045468231238", "year": "2009", "url_citations": "http://scholar.google.com/scholar?cites=2404574045468231238&as_sdt=2005&sciodt=1,5&hl=en"}, {"num_versions": 8, "url_citation": null, "title": "The effect of pedagogical training on teaching in higher education", "url": "http://www.sciencedirect.com/science/article/pii/S0742051X06001703", "url_versions": "http://scholar.google.com/scholar?cluster=8616845330934912003&hl=en&as_sdt=1,5&sciodt=1,5&as_vis=1", "authors": "L Postareff, S Lindblom-Yl\u00e4nne, A Nevgi - Teaching and Teacher  \u2026", "excerpt": "This article reports a study on the impact of university teachers' pedagogical training on approaches to teaching and self-efficacy beliefs (measured by Approaches to Teaching Inventory and an additional part measuring motivational strategies). The participants were  ...", "url_pdf": null, "num_citations": 264, "cluster_id": "8616845330934912003", "year": "2007", "url_citations": "http://scholar.google.com/scholar?cites=8616845330934912003&as_sdt=2005&sciodt=1,5&hl=en"}, {"num_versions": 0, "url_citation": null, "title": "Patterns in student learning: exploring a person-oriented and a longitudinal research-perspective", "url": "http://scholar.google.com/https://books.google.com/books?hl=en&lr=&id=QzReYbGsaoMC&oi=fnd&pg=PA9&ots=dleI756q99&sig=uvhw0Oi2T0edGBHw-JCr4s1-DSg", "url_versions": null, "authors": "G Vanthournout -", "excerpt": "Gert Vanthournout Patterns in student learning Exploring a person\u2010oriented and a longitudinal research\u2010perspective Antwerp \u2010 Apeldoorn Garant 2011 220 pp. \u2013 24cm D/2011/5779/156 ISBN 978\u201090\u2010441\u20102871\u20100 NUR 840 Typesetting: Gert Vanthournout Cover Design: Koloriet \u00a9  ... ", "url_pdf": null, "num_citations": 10, "cluster_id": "6509966868740333654", "year": "2011", "url_citations": "http://scholar.google.com/scholar?cites=6509966868740333654&as_sdt=2005&sciodt=1,5&hl=en"}]