[{"num_versions": 4, "url_citation": null, "title": "Vorlesungsaufzeichnung in der Mathematik-Nutzung und Auswirkung auf die Studienleistung.", "url": "http://cs.emis.de/LNI/Proceedings/Proceedings188/163.pdf", "url_versions": "http://scholar.google.com/scholar?cluster=7019174001222949340&hl=en&as_sdt=1,5&sciodt=1,5&as_vis=1", "authors": "MO Zimmermann, A Jokiaho, B May - DeLFI", "excerpt": "Abstract: In diesem Beitrag wird ein erster explorativer Zugang zum Verh\u00e4ltnis zwischen dem Einsatz von Vorlesungsaufzeichnungen und den Studienleistungen dargestellt. Dazu wurden Zugriffstatistiken auf die Aufzeichnungen analysiert und diese mit den Resultaten  ...", "url_pdf": "http://cs.emis.de/LNI/Proceedings/Proceedings188/163.pdf", "num_citations": 2, "cluster_id": "7019174001222949340", "year": "2011", "url_citations": "http://scholar.google.com/scholar?cites=7019174001222949340&as_sdt=2005&sciodt=1,5&hl=en"}, {"num_versions": 4, "url_citation": null, "title": "Open Badges in Higher Education", "url": "http://scholar.google.com/https://jyx.jyu.fi/dspace/handle/123456789/45506", "url_versions": "http://scholar.google.com/scholar?cluster=6830775414544907590&hl=en&as_sdt=1,5&sciodt=1,5&as_vis=1", "authors": "M Myllym\u00e4ki, I Hakala -", "excerpt": "Open Badges is an open source code concept developed by the Mozilla Foundation to identify the learner's knowledge and skills and to display them in a modern way. Although the concept was originally meant to display informal learning, it can also be applied to  ...", "url_pdf": null, "num_citations": 2, "cluster_id": "6830775414544907590", "year": "2014", "url_citations": "http://scholar.google.com/scholar?cites=6830775414544907590&as_sdt=2005&sciodt=1,5&hl=en"}, {"num_versions": 9, "url_citation": null, "title": "Individual differences in students' use of optional learning resources", "url": "http://onlinelibrary.wiley.com/doi/10.1111/j.1365-2729.2011.00417.x/full", "url_versions": "http://scholar.google.com/scholar?cluster=12639062817591066226&hl=en&as_sdt=1,5&sciodt=1,5&as_vis=1", "authors": "M Inglis, A Palipana, S Trenholm\u2026 - Journal of Computer  \u2026", "excerpt": "Abstract We investigated ways in which undergraduates use optional learning resources in a typical blended learning environment. Specifically, we recorded how often students attended live face-to-face lectures, accessed online recorded lectures, and visited a  ...", "url_pdf": null, "num_citations": 21, "cluster_id": "12639062817591066226", "year": "2011", "url_citations": "http://scholar.google.com/scholar?cites=12639062817591066226&as_sdt=2005&sciodt=1,5&hl=en"}, {"num_versions": 6, "url_citation": null, "title": "A blended learning solution and the impacts on attendance and learning outcomes", "url": "http://scholar.google.com/https://jyx.jyu.fi/dspace/handle/123456789/37304", "url_versions": "http://scholar.google.com/scholar?cluster=10721529379098614179&hl=en&as_sdt=1,5&sciodt=1,5&as_vis=1", "authors": "I Hakala, M Myllym\u00e4ki -", "excerpt": "Blended learning based on lecture videos and face-to-face teaching provides good opportunities for students for participation in education, regardless of time or place. The article describes a blended learning solution that is based on face-to-face teaching and  ...", "url_pdf": null, "num_citations": 4, "cluster_id": "10721529379098614179", "year": "2011", "url_citations": "http://scholar.google.com/scholar?cites=10721529379098614179&as_sdt=2005&sciodt=1,5&hl=en"}, {"num_versions": 7, "url_citation": null, "title": "A comparison of online versus face-to-face teaching delivery in statistics instruction for undergraduate health science students", "url": "http://link.springer.com/article/10.1007/s10459-012-9435-3", "url_versions": "http://scholar.google.com/scholar?cluster=12564148325046777110&hl=en&as_sdt=1,5&sciodt=1,5&as_vis=1", "authors": "F Lu, M Lemonde - Advances in Health Sciences Education", "excerpt": "Abstract The objective of this study was to assess if online teaching delivery produces comparable student test performance as the traditional face-to-face approach irrespective of academic aptitude. This study involves a quasi-experimental comparison of student  ...", "url_pdf": null, "num_citations": 7, "cluster_id": "12564148325046777110", "year": "2013", "url_citations": "http://scholar.google.com/scholar?cites=12564148325046777110&as_sdt=2005&sciodt=1,5&hl=en"}, {"num_versions": 0, "url_citation": null, "title": "Sulautuva opetus Jyv\u00e4skyl\u00e4n yliopistossa, opiskelijan\u00e4k\u00f6kulma", "url": "http://scholar.google.com/https://jyx.jyu.fi/dspace/handle/123456789/45584", "url_versions": null, "authors": "LL Pesonen -", "excerpt": "Jo muutamia vuosia yksi koulutusmaailman ajankohtaisista k\u00e4sitteist\u00e4 on ollut Blended learning eli sulautuva oppiminen tai sulautuva opetus. Sulautuva opetus on menetelm\u00e4, jossa yhdistyy niin kontakti-kuin verkko-opetus. T\u00e4m\u00e4n tutkimuksen tarkoitus on selvitt\u00e4\u00e4  ...", "url_pdf": null, "num_citations": 0, "cluster_id": null, "year": "2015", "url_citations": null}, {"num_versions": 3, "url_citation": null, "title": "Reasons to Rethink the Use of Audio and Video Lectures in Online Courses", "url": "http://journals.sfu.ca/liu/index.php/HLRC/article/viewFile/168/129", "url_versions": "http://scholar.google.com/scholar?cluster=13683284887684766074&hl=en&as_sdt=1,5&sciodt=1,5&as_vis=1", "authors": "TA Stetz, AA Bauman - Higher Learning Research Communications", "excerpt": "Abstract Recent technological developments allow any instructor to create audio and video lectures for the use in online classes. However, it is questionable if it is worth the time and effort that faculty put into preparing those lectures. This paper presents thirteen factors that  ...", "url_pdf": null, "num_citations": 1, "cluster_id": "13683284887684766074", "year": "2013", "url_citations": "http://scholar.google.com/scholar?cites=13683284887684766074&as_sdt=2005&sciodt=1,5&hl=en"}, {"num_versions": 11, "url_citation": null, "title": "Effects of a blended learning approach on student outcomes in a graduate-level public health course", "url": "http://www.biomedcentral.com/1472-6920/14/47/", "url_versions": "http://scholar.google.com/scholar?cluster=10736030561599870841&hl=en&as_sdt=1,5&sciodt=1,5&as_vis=1", "authors": "MT Kiviniemi - BMC medical education", "excerpt": "Background Blended learning approaches, in which in-person and online course components are combined in a single course, are rapidly increasing in health sciences education. Evidence for the relative effectiveness of blended learning versus more  ...", "url_pdf": null, "num_citations": 5, "cluster_id": "10736030561599870841", "year": "2014", "url_citations": "http://scholar.google.com/scholar?cites=10736030561599870841&as_sdt=2005&sciodt=1,5&hl=en"}, {"num_versions": 2, "url_citation": null, "title": "Establishing the best practices for social interaction and e-connectivity in online higher education classes", "url": "http://www.editlib.org/p/129705/", "url_versions": "http://scholar.google.com/scholar?cluster=8210176934284033379&hl=en&as_sdt=1,5&sciodt=1,5&as_vis=1", "authors": "AC Swanson -", "excerpt": "Abstract Online students face challenges with communication and socialization in the asynchronous distance-learning classroom because of a missing face-to-face, nonverbal communications. With the increased demand for online education and the high attrition  ...", "url_pdf": null, "num_citations": 2, "cluster_id": "8210176934284033379", "year": "2010", "url_citations": "http://scholar.google.com/scholar?cites=8210176934284033379&as_sdt=2005&sciodt=1,5&hl=en"}, {"num_versions": 3, "url_citation": null, "title": "Web-based lecture technologies and their effects on student performance", "url": "http://search.informit.com.au/documentSummary;dn=235616477574815;res=IELENG", "url_versions": "http://scholar.google.com/scholar?cluster=7283078015897743621&hl=en&as_sdt=1,5&sciodt=1,5&as_vis=1", "authors": "J But, R Shobbrook - Profession of Engineering Education:  \u2026", "excerpt": "Background: Pressure to use Web-Based Learning Technologies lecture recordings (WBLT) has been placed on lecturers (Chang 2007) with the assumption that WBLT is beneficial to student learning. Prior to 2007, most available research into the use of WBLT relied on  ...", "url_pdf": null, "num_citations": 1, "cluster_id": "7283078015897743621", "year": "2012", "url_citations": "http://scholar.google.com/scholar?cites=7283078015897743621&as_sdt=2005&sciodt=1,5&hl=en"}]