[{"num_versions": 6, "url_citation": null, "title": "Reconceptualising assessment feedback: a key to improving student learning?", "url": "http://www.tandfonline.com/doi/abs/10.1080/03075071003731135", "url_versions": "http://scholar.google.com/scholar?cluster=3991124396958156543&hl=en&as_sdt=1,5&sciodt=1,5&as_vis=1", "authors": "C Beaumont, M O'Doherty\u2026 - Studies in Higher  \u2026", "excerpt": "This article reports the findings of research into the student experience of assessment in school/college and higher education, and the impact of transition upon student perceptions of feedback quality. It involved a qualitative study of 23 staff and 145 students in six  ...", "url_pdf": null, "num_citations": 69, "cluster_id": "3991124396958156543", "year": "2011", "url_citations": "http://scholar.google.com/scholar?cites=3991124396958156543&as_sdt=2005&sciodt=1,5&hl=en"}, {"num_versions": 4, "url_citation": null, "title": "Situational analysis and mapping for use in education research: a reflexive methodology?", "url": "http://www.tandfonline.com/doi/abs/10.1080/03075079.2011.641527", "url_versions": "http://scholar.google.com/scholar?cluster=15106997264338476095&hl=en&as_sdt=1,5&sciodt=1,5&as_vis=1", "authors": "B den Outer, K Handley, M Price - Studies in Higher Education", "excerpt": "In the quest for a better reflexive research practice and to respond to the challenge of expanding on an education research repertoire, the authors consider situational analysis, proposed as a post-modern approach to grounded theory using maps. Originally situating  ...", "url_pdf": null, "num_citations": 5, "cluster_id": "15106997264338476095", "year": "2013", "url_citations": "http://scholar.google.com/scholar?cites=15106997264338476095&as_sdt=2005&sciodt=1,5&hl=en"}, {"num_versions": 2, "url_citation": null, "title": "Relations between theory and data in research in higher education", "url": "http://www.lancaster.ac.uk/fass/doc_library/edres/09seminars/ashwin_07.10.09.pdf", "url_versions": "http://scholar.google.com/scholar?cluster=18061578227997894645&hl=en&as_sdt=1,5&sciodt=1,5&as_vis=1", "authors": "P Ashwin - Education Research Seminar, October", "excerpt": "\u27a2 Explicit conceptualisation of the research object in terms of the internal language of description-this involves adopting a position in relation to the research object; An approach to data analysis that is not simply the\u27a2 An approach to data analysis that is not simply the  ...", "url_pdf": "http://www.lancaster.ac.uk/fass/doc_library/edres/09seminars/ashwin_07.10.09.pdf", "num_citations": 3, "cluster_id": "18061578227997894645", "year": "2009", "url_citations": "http://scholar.google.com/scholar?cites=18061578227997894645&as_sdt=2005&sciodt=1,5&hl=en"}, {"num_versions": 4, "url_citation": null, "title": "The stories we need: Anthropology, philosophy, narrative and higher education research", "url": "http://www.tandfonline.com/doi/abs/10.1080/07294360.2012.751088", "url_versions": "http://scholar.google.com/scholar?cluster=7682115710653346029&hl=en&as_sdt=1,5&sciodt=1,5&as_vis=1", "authors": "C Scutt, J Hobson - Higher Education Research & Development", "excerpt": "As higher education research is largely practised by those immersed within the university, the questions we ask, and the stories we tell, over time co-create the university itself. Using Bruner's concept of the 'narrative mode', we argue for a revaluing of narrative and  ...", "url_pdf": null, "num_citations": 7, "cluster_id": "7682115710653346029", "year": "2013", "url_citations": "http://scholar.google.com/scholar?cites=7682115710653346029&as_sdt=2005&sciodt=1,5&hl=en"}, {"num_versions": 10, "url_citation": null, "title": "Penetrating a wall of introspection: A critical attrition analysis", "url": "http://link.springer.com/article/10.1007/s11422-012-9436-9", "url_versions": "http://scholar.google.com/scholar?cluster=8060237283865906487&hl=en&as_sdt=1,5&sciodt=1,5&as_vis=1", "authors": "BF Johannsen, C\u00d8 Rump, C Linder - Cultural Studies of Science  \u2026", "excerpt": "Abstract This paper presents a critical analysis of student discourse on attrition as it unfolds in interviews on early departure from higher education. A synthesis of relevant studies and modelling done in the field shows that essential aspects affecting attrition and retention  ...", "url_pdf": null, "num_citations": 7, "cluster_id": "8060237283865906487", "year": "2013", "url_citations": "http://scholar.google.com/scholar?cites=8060237283865906487&as_sdt=2005&sciodt=1,5&hl=en"}, {"num_versions": 0, "url_citation": null, "title": "Analysing teaching\u2013learning interactions in higher education: accounting for structure and agency", "url": "http://www.tandfonline.com/doi/full/10.1080/01425691003700938", "url_versions": null, "authors": "M Thornton -", "excerpt": "This is a timely and important book. For far too long, research into learning and teaching in higher education (HE) has been divorced from, indeed often ignorant of, theories and concepts emanating from the social sciences, and from sociology in particular, that could  ...", "url_pdf": null, "num_citations": 3, "cluster_id": "13147351149120646341", "year": "2010", "url_citations": "http://scholar.google.com/scholar?cites=13147351149120646341&as_sdt=2005&sciodt=1,5&hl=en"}, {"num_versions": 3, "url_citation": null, "title": "The deviant university student: historical discourses about student failure and 'wastage'in the antipodes", "url": "http://www.tandfonline.com/doi/abs/10.1080/1360144X.2013.771580", "url_versions": "http://scholar.google.com/scholar?cluster=1638559990007787593&hl=en&as_sdt=1,5&sciodt=1,5&as_vis=1", "authors": "C Manathunga - International Journal for Academic Development", "excerpt": "The emergence of academic development in Anglophone higher education was linked to post Second World War massification and concerns about student failure. These concerns were driven by increasing statistical investigations into student attrition and degree times  ...", "url_pdf": null, "num_citations": 3, "cluster_id": "1638559990007787593", "year": "2014", "url_citations": "http://scholar.google.com/scholar?cites=1638559990007787593&as_sdt=2005&sciodt=1,5&hl=en"}, {"num_versions": 7, "url_citation": null, "title": "Strategically leveraging learning space to create partnership opportunities", "url": "http://www.tandfonline.com/doi/abs/10.1080/10691316.2011.577692", "url_versions": "http://scholar.google.com/scholar?cluster=15365895939844819826&hl=en&as_sdt=1,5&sciodt=1,5&as_vis=1", "authors": "T Doan, H Kirkwood - College & Undergraduate Libraries", "excerpt": "The Management & Economics Library at Purdue University began a major physical and conceptual renovation four years ago. The conceptual renovation involves a rethinking of library faculty and staff roles and responsibilities based on the library's and university's  ...", "url_pdf": null, "num_citations": 3, "cluster_id": "15365895939844819826", "year": "2011", "url_citations": "http://scholar.google.com/scholar?cites=15365895939844819826&as_sdt=2005&sciodt=1,5&hl=en"}, {"num_versions": 6, "url_citation": null, "title": "Researching 'ideological becoming'in lectures: Challenges for knowing differently", "url": "http://www.tandfonline.com/doi/abs/10.1080/03075070902771929", "url_versions": "http://scholar.google.com/scholar?cluster=16221953771672225894&hl=en&as_sdt=1,5&sciodt=1,5&as_vis=1", "authors": "L Thesen - Studies in Higher Education", "excerpt": "This article is a response to Haggis's injunction to 'know differently'if we are to grow our understandings of student learning. It identifies concerns that have arisen in the course of research into engagement (conceived of as 'ideological becoming') in first year lectures in  ...", "url_pdf": null, "num_citations": 6, "cluster_id": "16221953771672225894", "year": "2009", "url_citations": "http://scholar.google.com/scholar?cites=16221953771672225894&as_sdt=2005&sciodt=1,5&hl=en"}, {"num_versions": 5, "url_citation": null, "title": "The field of educational development: histories and critical questions", "url": "http://www.tandfonline.com/doi/abs/10.1080/0158037X.2011.613375", "url_versions": "http://scholar.google.com/scholar?cluster=12765759175067894973&hl=en&as_sdt=1,5&sciodt=1,5&as_vis=1", "authors": "C Manathunga - Studies in Continuing Education", "excerpt": "The field of educational development has a 40-year history of providing continuing education or professional development for academic staff, particularly focusing on improving teaching and learning. However, little has yet been written on the historical origins and  ...", "url_pdf": null, "num_citations": 4, "cluster_id": "12765759175067894973", "year": "2011", "url_citations": "http://scholar.google.com/scholar?cites=12765759175067894973&as_sdt=2005&sciodt=1,5&hl=en"}, {"num_versions": 4, "url_citation": null, "title": "The function of imagination in learning: Theory and case study data from third year undergraduate neuroscience", "url": "http://www.dialogueonthepage.com/sites/default/files/Document%20D.pdf", "url_versions": "http://scholar.google.com/scholar?cluster=11783486259305466520&hl=en&as_sdt=1,5&sciodt=1,5&as_vis=1", "authors": "DB HAY - Psychology", "excerpt": "This paper combines a critique of learning theory and case study data from two third-year Neuroscience students. The results and conclusions show how higher education learning research can be developed by focusing on students' changing locution of their study- ...", "url_pdf": "http://www.dialogueonthepage.com/sites/default/files/Document%20D.pdf", "num_citations": 9, "cluster_id": "11783486259305466520", "year": "2010", "url_citations": "http://scholar.google.com/scholar?cites=11783486259305466520&as_sdt=2005&sciodt=1,5&hl=en"}, {"num_versions": 9, "url_citation": null, "title": "Being subject-centred: A philosophy of teaching and implications for higher education", "url": "http://iier.org.au/iier23/morrison-saunders.html", "url_versions": "http://scholar.google.com/scholar?cluster=15232948213011039479&hl=en&as_sdt=1,5&sciodt=1,5&as_vis=1", "authors": "A Morrison-Saunders, J Hobson - Issues in Educational Research", "excerpt": "Being subject-centred as a higher education teacher offers a rich and illuminating philosophical and practical understanding of learning. Building upon previous research on subject-centred learning, we draw on reflection, literature review and a phenomenological  ...", "url_pdf": null, "num_citations": 3, "cluster_id": "15232948213011039479", "year": "2013", "url_citations": "http://scholar.google.com/scholar?cites=15232948213011039479&as_sdt=2005&sciodt=1,5&hl=en"}, {"num_versions": 9, "url_citation": null, "title": "Rethinking 'learning'in higher education: Viewing the student as social actor", "url": "http://www.maneyonline.com/doi/abs/10.1558/jcr.v11i3.296", "url_versions": "http://scholar.google.com/scholar?cluster=2817280230295062326&hl=en&as_sdt=1,5&sciodt=1,5&as_vis=1", "authors": "K Williams - Journal of Critical Realism", "excerpt": "A number of authors from different theoretical perspectives have called for new interdisciplinary ways of considering learning within the higher education context. Peter Jarvis's lifelong learning perspective offers a viable alternative, but lacks a strong theory of  ...", "url_pdf": null, "num_citations": 8, "cluster_id": "2817280230295062326", "year": "2012", "url_citations": "http://scholar.google.com/scholar?cites=2817280230295062326&as_sdt=2005&sciodt=1,5&hl=en"}, {"num_versions": 3, "url_citation": null, "title": "The interview reconsidered: Context, genre, reflexivity and interpretation in sociological approaches to interviews in higher education research", "url": "http://www.tandfonline.com/doi/abs/10.1080/07294360.2012.750277", "url_versions": "http://scholar.google.com/scholar?cluster=9281493715397380095&hl=en&as_sdt=1,5&sciodt=1,5&as_vis=1", "authors": "S Clegg, J Stevenson - Higher Education Research &  \u2026", "excerpt": "The paper makes a number of arguments about the research interview and maintains that, despite the near ubiquity of the method in higher education research, the interview remains under-theorised and mis-described. We argue that by virtue of being 'insider', higher  ...", "url_pdf": null, "num_citations": 16, "cluster_id": "9281493715397380095", "year": "2013", "url_citations": "http://scholar.google.com/scholar?cites=9281493715397380095&as_sdt=2005&sciodt=1,5&hl=en"}, {"num_versions": 7, "url_citation": null, "title": "Web-based Personalised System of Instruction: An effective approach for diverse cohorts with virtual learning environments?", "url": "http://www.sciencedirect.com/science/article/pii/S0360131511001321", "url_versions": "http://scholar.google.com/scholar?cluster=7356046803784194031&hl=en&as_sdt=1,5&sciodt=1,5&as_vis=1", "authors": "A Rae, P Samuels - Computers & education", "excerpt": "The Personalised System of Instruction is a form of mastery learning which, though it has been proven to be educationally effective, has never seriously challenged the dominant lecture-tutorial teaching method in higher education and has largely fallen into disuse. An  ...", "url_pdf": null, "num_citations": 9, "cluster_id": "7356046803784194031", "year": "2011", "url_citations": "http://scholar.google.com/scholar?cites=7356046803784194031&as_sdt=2005&sciodt=1,5&hl=en"}, {"num_versions": 6, "url_citation": null, "title": "Researching higher education", "url": "http://scholar.google.com/https://books.google.com/books?hl=en&lr=&id=gyRFBgAAQBAJ&oi=fnd&pg=PP1&ots=ZGtCfMXRQg&sig=zFVDNVaPw9UPVME4bKPjhF5vMMs", "url_versions": "http://scholar.google.com/scholar?cluster=10623274246159773904&hl=en&as_sdt=1,5&sciodt=1,5&as_vis=1", "authors": "M Tight -", "excerpt": "SRHE and Open University Press Imprint Current titles include: Catherine Bargh et al.: University Leadership Ronald Barnett: Beyond all Reason Ronald Barnett and Kelly Coate: Engaging the Curriculum in Higher Education Ronald Barnett: Reshaping the University Tony Becher  ... ", "url_pdf": null, "num_citations": 330, "cluster_id": "10623274246159773904", "year": "2012", "url_citations": "http://scholar.google.com/scholar?cites=10623274246159773904&as_sdt=2005&sciodt=1,5&hl=en"}, {"num_versions": 5, "url_citation": null, "title": "The learning commons as a locus for information literacy", "url": "http://www.tandfonline.com/doi/abs/10.1080/10691316.2010.484275", "url_versions": "http://scholar.google.com/scholar?cluster=14916774556017338089&hl=en&as_sdt=1,5&sciodt=1,5&as_vis=1", "authors": "SA Weiner, T Doan, H Kirkwood - College & Undergraduate  \u2026", "excerpt": "Many institutions of higher education are designing spaces to facilitate learning. Libraries have created information or learning commons to support this activity. This article draws from the literature and best practices to explore this new direction. Academic libraries have  ...", "url_pdf": null, "num_citations": 8, "cluster_id": "14916774556017338089", "year": "2010", "url_citations": "http://scholar.google.com/scholar?cites=14916774556017338089&as_sdt=2005&sciodt=1,5&hl=en"}, {"num_versions": 6, "url_citation": null, "title": "Being a student again: a narrative study of a teacher's experience", "url": "http://www.tandfonline.com/doi/abs/10.1080/13562510903560028", "url_versions": "http://scholar.google.com/scholar?cluster=14245276957196896574&hl=en&as_sdt=1,5&sciodt=1,5&as_vis=1", "authors": "JM Case, D Marshall, CJ Linder - Teaching in Higher Education", "excerpt": "For some time there has been a focus in higher education research towards understanding the student experience of learning. This article presents a narrative analysis of the experience of a teacher who re-entered the learning world of undergraduate students by  ...", "url_pdf": null, "num_citations": 26, "cluster_id": "14245276957196896574", "year": "2010", "url_citations": "http://scholar.google.com/scholar?cites=14245276957196896574&as_sdt=2005&sciodt=1,5&hl=en"}, {"num_versions": 5, "url_citation": null, "title": "Educational development as a field: are we there yet?", "url": "http://www.tandfonline.com/doi/abs/10.1080/07294360.2011.631520", "url_versions": "http://scholar.google.com/scholar?cluster=14890728124913250750&hl=en&as_sdt=1,5&sciodt=1,5&as_vis=1", "authors": "S Shay - Higher Education Research & Development", "excerpt": "This paper contributes to the critical engagement about educational development and its status as a field. The critique focuses in particular on our knowledge and the nature of our knowledge-building. The paper argues that unless we strengthen our knowledge base we  ...", "url_pdf": null, "num_citations": 27, "cluster_id": "14890728124913250750", "year": "2012", "url_citations": "http://scholar.google.com/scholar?cites=14890728124913250750&as_sdt=2005&sciodt=1,5&hl=en"}, {"num_versions": 2, "url_citation": null, "title": "Developing academic agency through critical reflection: A sociocultural approach to academic induction programmes", "url": "http://www.tandfonline.com/doi/abs/10.1080/1360144X.2011.596730", "url_versions": "http://scholar.google.com/scholar?cluster=6870209551245665321&hl=en&as_sdt=1,5&sciodt=1,5&as_vis=1", "authors": "S Mathieson - International Journal for Academic Development", "excerpt": "This paper argues that given the complexities and contested nature of contemporary higher education, induction programmes for new academics should move beyond generic approaches to teaching and learning and engage academics in considering the contexts  ...", "url_pdf": null, "num_citations": 12, "cluster_id": "6870209551245665321", "year": "2011", "url_citations": "http://scholar.google.com/scholar?cites=6870209551245665321&as_sdt=2005&sciodt=1,5&hl=en"}, {"num_versions": 7, "url_citation": null, "title": "Rewriting writing in higher education: the contested spaces of proofreading", "url": "http://www.tandfonline.com/doi/abs/10.1080/03075071003671786", "url_versions": "http://scholar.google.com/scholar?cluster=15932688775972553984&hl=en&as_sdt=1,5&sciodt=1,5&as_vis=1", "authors": "J Turner - Studies in Higher Education", "excerpt": "This article reports on a research project on proofreading, prompted by its proliferation in contemporary higher education. The article is framed by an academic literacies perspective and develops the concept of 'writtenness', which draws attention to both the underlying  ...", "url_pdf": null, "num_citations": 8, "cluster_id": "15932688775972553984", "year": "2011", "url_citations": "http://scholar.google.com/scholar?cites=15932688775972553984&as_sdt=2005&sciodt=1,5&hl=en"}, {"num_versions": 5, "url_citation": null, "title": "Student voice as a methodological issue in academic literacies research", "url": "http://www.tandfonline.com/doi/abs/10.1080/07294360.2011.634382", "url_versions": "http://scholar.google.com/scholar?cluster=18200370546322546210&hl=en&as_sdt=1,5&sciodt=1,5&as_vis=1", "authors": "M Paxton - Higher Education Research & Development", "excerpt": "Academic literacies research has been identified as an emerging but significant field in higher education. This article extends the discussions around methodology in academic literacies research by drawing on the current text and context debates in sociolinguistics  ...", "url_pdf": null, "num_citations": 4, "cluster_id": "18200370546322546210", "year": "2012", "url_citations": "http://scholar.google.com/scholar?cites=18200370546322546210&as_sdt=2005&sciodt=1,5&hl=en"}, {"num_versions": 6, "url_citation": null, "title": "Student groups as learning entities: The effect of group diversity and teamwork quality on groups' cognitive complexity", "url": "http://www.tandfonline.com/doi/abs/10.1080/03075079.2011.565122", "url_versions": "http://scholar.google.com/scholar?cluster=10551159674340185548&hl=en&as_sdt=1,5&sciodt=1,5&as_vis=1", "authors": "PL Cur\u015feu, H Pluut - Studies in Higher Education", "excerpt": "Collaborative learning has important group-level benefits, yet most studies in higher education only focus on individual benefits of collaborative learning experiences. This study extends these insights by testing a model in which teamwork quality mediates the impact  ...", "url_pdf": null, "num_citations": 22, "cluster_id": "10551159674340185548", "year": "2013", "url_citations": "http://scholar.google.com/scholar?cites=10551159674340185548&as_sdt=2005&sciodt=1,5&hl=en"}, {"num_versions": 6, "url_citation": null, "title": "Signature concepts of key researchers in higher education teaching and learning", "url": "http://www.tandfonline.com/doi/abs/10.1080/13562517.2012.694102", "url_versions": "http://scholar.google.com/scholar?cluster=15260697360800222049&hl=en&as_sdt=1,5&sciodt=1,5&as_vis=1", "authors": "P Kandlbinder - Teaching in Higher Education", "excerpt": "Early career university teachers often have limited experience of the higher education literature making it difficult for them to identify what ideas have become central to justifying what university teachers ought to be doing in higher education teaching and learning. A  ...", "url_pdf": null, "num_citations": 10, "cluster_id": "15260697360800222049", "year": "2013", "url_citations": "http://scholar.google.com/scholar?cites=15260697360800222049&as_sdt=2005&sciodt=1,5&hl=en"}, {"num_versions": 3, "url_citation": null, "title": "On the problem of theorising: an insider account of research practice", "url": "http://www.tandfonline.com/doi/abs/10.1080/07294360.2011.634379", "url_versions": "http://scholar.google.com/scholar?cluster=7155896917015369034&hl=en&as_sdt=1,5&sciodt=1,5&as_vis=1", "authors": "S Clegg - Higher Education Research & Development", "excerpt": "This article addresses the problem of how we theorise in writing about higher education through a reconstruction and interrogation of my previous work. I argue that theorising is messy, incomplete and a non-reductive process. Using C. Wright-Mills' notion of craft and  ...", "url_pdf": null, "num_citations": 8, "cluster_id": "7155896917015369034", "year": "2012", "url_citations": "http://scholar.google.com/scholar?cites=7155896917015369034&as_sdt=2005&sciodt=1,5&hl=en"}, {"num_versions": 2, "url_citation": null, "title": "Peer relationships and the biomedical doctorate: a key component of the contemporary learning environment", "url": "http://www.tandfonline.com/doi/abs/10.1080/1360080X.2013.812055", "url_versions": "http://scholar.google.com/scholar?cluster=13749028104468446608&hl=en&as_sdt=1,5&sciodt=1,5&as_vis=1", "authors": "MW Kemp, TJ Molloy, M Pajic\u2026 - Journal of Higher  \u2026", "excerpt": "Little attention has been paid to the scholarship of doctoral education in the biomedical sciences, hindering the formulation of research-informed improvements to this important area of higher education. We present an analysis of interview data from Australian PhD  ...", "url_pdf": null, "num_citations": 4, "cluster_id": "13749028104468446608", "year": "2013", "url_citations": "http://scholar.google.com/scholar?cites=13749028104468446608&as_sdt=2005&sciodt=1,5&hl=en"}, {"num_versions": 6, "url_citation": null, "title": "A review of the Higher Education Close Up 5 conference", "url": "http://www.tandfonline.com/doi/abs/10.1080/13562517.2011.569173", "url_versions": "http://scholar.google.com/scholar?cluster=9314474878751194586&hl=en&as_sdt=1,5&sciodt=1,5&as_vis=1", "authors": "J Williams - Teaching in Higher Education", "excerpt": "This essay aims to provide a critical overview of the main themes to emerge from the Higher Education Close Up 5 conference held at Lancaster University in July 2010. The conference explored the relationship between theory and method in higher education (HE) research.  ...", "url_pdf": null, "num_citations": 2, "cluster_id": "9314474878751194586", "year": "2011", "url_citations": "http://scholar.google.com/scholar?cites=9314474878751194586&as_sdt=2005&sciodt=1,5&hl=en"}, {"num_versions": 3, "url_citation": null, "title": "Working in separate silos? What citation patterns reveal about higher education research internationally", "url": "http://link.springer.com/article/10.1007/s10734-014-9718-0", "url_versions": "http://scholar.google.com/scholar?cluster=1518749521510211443&hl=en&as_sdt=1,5&sciodt=1,5&as_vis=1", "authors": "M Tight - Higher Education", "excerpt": "Abstract Higher education research is a growing, inter-disciplinary and increasingly international field of study. This article examines the citation patterns of articles published in six leading higher education journals\u2014three published in the United States and three  ...", "url_pdf": null, "num_citations": 6, "cluster_id": "1518749521510211443", "year": "2014", "url_citations": "http://scholar.google.com/scholar?cites=1518749521510211443&as_sdt=2005&sciodt=1,5&hl=en"}, {"num_versions": 2, "url_citation": null, "title": "Factors impacting on first-year students' academic progress at a South African university", "url": "http://scholar.google.com/https://scholar.sun.ac.za/handle/10019.1/20090", "url_versions": "http://scholar.google.com/scholar?cluster=7968924211736237329&hl=en&as_sdt=1,5&sciodt=1,5&as_vis=1", "authors": "VF McGhie -", "excerpt": "ENGLISH ABSTRACT: Research project explored the learning experiences of two groups of first-year students in the Faculty of Economic and Management Sciences, University of the Western Cape during the course of 2009/2010. The aim was to obtain insight into the  ...", "url_pdf": null, "num_citations": 5, "cluster_id": "7968924211736237329", "year": "2012", "url_citations": "http://scholar.google.com/scholar?cites=7968924211736237329&as_sdt=2005&sciodt=1,5&hl=en"}, {"num_versions": 5, "url_citation": null, "title": "Higher education research 2000\u20132010: Changing journal publication patterns", "url": "http://www.tandfonline.com/doi/abs/10.1080/07294360.2012.692361", "url_versions": "http://scholar.google.com/scholar?cluster=11799106794118153073&hl=en&as_sdt=1,5&sciodt=1,5&as_vis=1", "authors": "M Tight - Higher Education Research & Development", "excerpt": "The articles published in 15 specialist academic journals\u2013based in Australasia, Europe and North America\u2013focusing on higher education in the years 2010 (n= 567) and 2000 (n= 388) are analysed. The analysis focuses on: the themes and issues addressed in the articles  ...", "url_pdf": null, "num_citations": 21, "cluster_id": "11799106794118153073", "year": "2012", "url_citations": "http://scholar.google.com/scholar?cites=11799106794118153073&as_sdt=2005&sciodt=1,5&hl=en"}, {"num_versions": 0, "url_citation": null, "title": "Theorising student engagement in higher education", "url": "http://onlinelibrary.wiley.com/doi/10.1002/berj.3121/pdf", "url_versions": null, "authors": "PE Kahn - British Educational Research Journal", "excerpt": "Student engagement has become problematic following the rise of mass and universal forms of higher education. Significant attention has been devoted to identifying factors that are associated with higher levels of engagement, but it remains the case that the  ...", "url_pdf": null, "num_citations": 3, "cluster_id": "116952328852273019", "year": "2014", "url_citations": "http://scholar.google.com/scholar?cites=116952328852273019&as_sdt=2005&sciodt=1,5&hl=en"}, {"num_versions": 12, "url_citation": null, "title": "Connecting the dots: social network structure, conflict, and group cognitive complexity", "url": "http://link.springer.com/article/10.1007/s10734-011-9462-7", "url_versions": "http://scholar.google.com/scholar?cluster=17963929967476374030&hl=en&as_sdt=1,5&sciodt=1,5&as_vis=1", "authors": "PL Cur\u015feu, SEA Janssen, J Raab - Higher Education", "excerpt": "Abstract The current paper combines arguments from the social capital and group cognition literature to explain two different processes through which communication network structures and intra group conflict influence groups' cognitive complexity (GCC). We test in a sample  ...", "url_pdf": null, "num_citations": 21, "cluster_id": "17963929967476374030", "year": "2012", "url_citations": "http://scholar.google.com/scholar?cites=17963929967476374030&as_sdt=2005&sciodt=1,5&hl=en"}, {"num_versions": 7, "url_citation": null, "title": "Alienation, agency and authenticity: a synthesis of the literature on student engagement", "url": "http://www.tandfonline.com/doi/abs/10.1080/13562517.2012.725223", "url_versions": "http://scholar.google.com/scholar?cluster=13151588460858877901&hl=en&as_sdt=1,5&sciodt=1,5&as_vis=1", "authors": "K Wimpenny, M Savin-Baden - Teaching in Higher Education", "excerpt": "In recent years, a number of authors have undertaken extensive reviews of the international research literature to investigate student engagement in higher education. This article presents the findings of a study that synthesised the qualitative research literature  ...", "url_pdf": null, "num_citations": 12, "cluster_id": "13151588460858877901", "year": "2013", "url_citations": "http://scholar.google.com/scholar?cites=13151588460858877901&as_sdt=2005&sciodt=1,5&hl=en"}, {"num_versions": 4, "url_citation": null, "title": "What do student learning inventories really measure? A critical analysis of students' responses to the Approaches to Learning and Studying Inventory", "url": "http://www.tandfonline.com/doi/abs/10.1080/03075079.2011.629294", "url_versions": "http://scholar.google.com/scholar?cluster=502980847716117614&hl=en&as_sdt=1,5&sciodt=1,5&as_vis=1", "authors": "D Mogashana, JM Case, D Marshall - Studies in Higher Education", "excerpt": "Student learning inventories are used by both researchers and educators as tools to identify 'at risk'students. This article critically interrogates the results of one of these inventories, the 18-item Approaches to Learning and Studying Inventory. In-depth interviews were held  ...", "url_pdf": null, "num_citations": 5, "cluster_id": "502980847716117614", "year": "2012", "url_citations": "http://scholar.google.com/scholar?cites=502980847716117614&as_sdt=2005&sciodt=1,5&hl=en"}, {"num_versions": 7, "url_citation": null, "title": "'Teaching'or 'support'? The poisoned chalice of the role of Students' Skills Centres", "url": "http://www.tandfonline.com/doi/abs/10.1080/0309877X.2011.558889", "url_versions": "http://scholar.google.com/scholar?cluster=9412801594147144003&hl=en&as_sdt=1,5&sciodt=1,5&as_vis=1", "authors": "LA Barkas - Journal of Further and Higher Education", "excerpt": "After the 1992 Further and Higher Education Reform Act enabled polytechnics and the qualifying franchised colleges to be renamed universities or higher education institutions, the dominance of the rhetoric of skill development aggravated long\u2010standing schisms  ...", "url_pdf": null, "num_citations": 5, "cluster_id": "9412801594147144003", "year": "2011", "url_citations": "http://scholar.google.com/scholar?cites=9412801594147144003&as_sdt=2005&sciodt=1,5&hl=en"}, {"num_versions": 7, "url_citation": null, "title": "Problem-focused higher education for shaping the knowledge society", "url": "http://scholar.google.com/https://books.google.com/books?hl=en&lr=&id=nRF68-NrKg0C&oi=fnd&pg=PA153&ots=FUOiJU0I5Y&sig=-NXamYfNz4F3Zy41wone8V_TT-s", "url_versions": "http://scholar.google.com/scholar?cluster=14976760870774578411&hl=en&as_sdt=1,5&sciodt=1,5&as_vis=1", "authors": "J Valtanen, E Berki, E Georgiadou\u2026 - Enhancing the  \u2026", "excerpt": "ABSTRACT Higher education (HE) has not efficiently targeted a knowledge-shaped economy and has not kept up with the knowledge and IT skills demanded to resolve the problems from social-and work-exclusion. While recently unemployed knowledge workers  ...", "url_pdf": null, "num_citations": 3, "cluster_id": "14976760870774578411", "year": "2012", "url_citations": "http://scholar.google.com/scholar?cites=14976760870774578411&as_sdt=2005&sciodt=1,5&hl=en"}, {"num_versions": 13, "url_citation": null, "title": "Subject centred learning enables effective tertiary teaching", "url": "http://www.roger-atkinson.id.au/tlf2013/refereed/morrison-saunders.html", "url_versions": "http://scholar.google.com/scholar?cluster=1043897422934132116&hl=en&as_sdt=1,5&sciodt=1,5&as_vis=1", "authors": "A Morrison-Saunders, J Hobson -", "excerpt": "The measurement of quality in tertiary teaching is a contested concept and different definitions emerge in relation to shifting social, economic and political contexts and different stakeholders. We suggest that following the work of Parker Palmer (1998) quality tertiary  ...", "url_pdf": null, "num_citations": 4, "cluster_id": "1043897422934132116", "year": "2013", "url_citations": "http://scholar.google.com/scholar?cites=1043897422934132116&as_sdt=2005&sciodt=1,5&hl=en"}, {"num_versions": 6, "url_citation": null, "title": "Direct entrants in transition: becoming independent learners", "url": "http://www.tandfonline.com/doi/abs/10.1080/03075079.2011.588326", "url_versions": "http://scholar.google.com/scholar?cluster=11154451018668704096&hl=en&as_sdt=1,5&sciodt=1,5&as_vis=1", "authors": "H Christie, P Barron\u2026 - Studies in Higher  \u2026", "excerpt": "This article investigates the dynamic transitions that college leavers make to university. It draws on qualitative research with a group of students who took direct entry to the second or third year of a degree programme at university, to show that successful transitions depend  ...", "url_pdf": null, "num_citations": 9, "cluster_id": "11154451018668704096", "year": "2013", "url_citations": "http://scholar.google.com/scholar?cites=11154451018668704096&as_sdt=2005&sciodt=1,5&hl=en"}, {"num_versions": 5, "url_citation": null, "title": "Exploring and implementing participatory action synthesis", "url": "http://qix.sagepub.com/content/18/8/689.short", "url_versions": "http://scholar.google.com/scholar?cluster=8907611333235303159&hl=en&as_sdt=1,5&sciodt=1,5&as_vis=1", "authors": "K Wimpenny, M Savin-Baden - Qualitative Inquiry", "excerpt": "Abstract This article presents participatory action synthesis as a new approach to qualitative synthesis which may be used to facilitate the promotion and use of qualitative research for policy and practice. The authors begin by outlining different forms of qualitative research  ...", "url_pdf": null, "num_citations": 8, "cluster_id": "8907611333235303159", "year": "2012", "url_citations": "http://scholar.google.com/scholar?cites=8907611333235303159&as_sdt=2005&sciodt=1,5&hl=en"}, {"num_versions": 3, "url_citation": null, "title": "Conceptualising higher education research and/or academic development as 'fields': A critical analysis", "url": "http://www.tandfonline.com/doi/abs/10.1080/07294360.2012.690369", "url_versions": "http://scholar.google.com/scholar?cluster=15097401294672164720&hl=en&as_sdt=1,5&sciodt=1,5&as_vis=1", "authors": "S Clegg - Higher Education Research & Development", "excerpt": "This paper calls into question the idea that we can simply think about higher education as a research field and explores different meanings of the term field. It asks whether there are related fields: research into higher education, academic development and disciplinary  ...", "url_pdf": null, "num_citations": 18, "cluster_id": "15097401294672164720", "year": "2012", "url_citations": "http://scholar.google.com/scholar?cites=15097401294672164720&as_sdt=2005&sciodt=1,5&hl=en"}, {"num_versions": 3, "url_citation": null, "title": "Historical research and research in higher education: reflections and recommendations from a self-study", "url": "http://www.tandfonline.com/doi/abs/10.1080/07294360.2012.689955", "url_versions": "http://scholar.google.com/scholar?cluster=16058515128096529524&hl=en&as_sdt=1,5&sciodt=1,5&as_vis=1", "authors": "N Haigh - Higher Education Research & Development", "excerpt": "When we conceptualize and undertake new research projects, a number of the associated activities require us to take on the role of an historian: there is historical research to do. Those activities include determining whether there is a compelling case for embarking on  ...", "url_pdf": null, "num_citations": 2, "cluster_id": "16058515128096529524", "year": "2012", "url_citations": "http://scholar.google.com/scholar?cites=16058515128096529524&as_sdt=2005&sciodt=1,5&hl=en"}, {"num_versions": 6, "url_citation": null, "title": "How often are theories developed through empirical research into higher education?", "url": "http://www.tandfonline.com/doi/abs/10.1080/03075079.2011.557426", "url_versions": "http://scholar.google.com/scholar?cluster=14245740129876073161&hl=en&as_sdt=1,5&sciodt=1,5&as_vis=1", "authors": "P Ashwin - Studies in Higher Education", "excerpt": "This article reports on a review of empirical research published in selected higher education journals in 2008, which was focused on examining how often theories are developed through research. This review found relatively little evidence of theory development.  ...", "url_pdf": null, "num_citations": 18, "cluster_id": "14245740129876073161", "year": "2012", "url_citations": "http://scholar.google.com/scholar?cites=14245740129876073161&as_sdt=2005&sciodt=1,5&hl=en"}, {"num_versions": 3, "url_citation": null, "title": "Towards Methodologically Inclusive Research Syntheses: Expanding Possibilities", "url": "http://scholar.google.com/https://books.google.com/books?hl=en&lr=&id=2Z83AAAAQBAJ&oi=fnd&pg=PP1&ots=hINEnle62V&sig=4ZLqXXed02U7rNxxXvJJngvLyFA", "url_versions": "http://scholar.google.com/scholar?cluster=3139354289426619627&hl=en&as_sdt=1,5&sciodt=1,5&as_vis=1", "authors": "H Suri -", "excerpt": "Primary research in education and social sciences is marked by a diversity of methods and perspectives. How can we accommodate and reflect such diversity at the level of synthesizing research? What are the critical methodological decisions in the process of a  ...", "url_pdf": null, "num_citations": 3, "cluster_id": "3139354289426619627", "year": "2013", "url_citations": "http://scholar.google.com/scholar?cites=3139354289426619627&as_sdt=2005&sciodt=1,5&hl=en"}, {"num_versions": 0, "url_citation": null, "title": "A Meta-Analysis of Teaching and Learning at five Research-Intensive South African Universities", "url": "http://www.ru.ac.za/media/rhodesuniversity/content/politics/documents/A%20Meta-Analysis%20of%20Teaching%20and%20Learning.doc", "url_versions": null, "authors": "C Boughey - Higher Education Quality Committee, HEQC", "excerpt": "The research which underpins this report was commissioned by the Higher Education Quality Committee (HEQC) and focuses on a meta-analysis of teaching and learning at the five South African research-intensive institutions not affected by mergers: the University of  ...", "url_pdf": null, "num_citations": 9, "cluster_id": "13318450879308216107", "year": "2009", "url_citations": "http://scholar.google.com/scholar?cites=13318450879308216107&as_sdt=2005&sciodt=1,5&hl=en"}]