[{"num_versions": 8, "url_citation": null, "title": "Probabilistic linear discriminant analysis with bottleneck features for speech recognition", "url": "http://mazsola.iit.uni-miskolc.hu/%7Eczap/letoltes/IS14/IS2014/PDF/AUTHOR/IS140129.PDF", "url_versions": "http://scholar.google.com/scholar?cluster=8552007857114192202&hl=en&as_sdt=1,5&sciodt=1,5&as_vis=1", "authors": "L Lu, S Renals - Proc. INTERSPEECH", "excerpt": "Abstract We have recently proposed a new acoustic model based on probabilistic linear discriminant analysis (PLDA) which enjoys the flexibility of using higher dimensional acoustic features, and is more capable to capture the intra-frame feature correlations. In  ...", "url_pdf": null, "num_citations": 3, "cluster_id": "8552007857114192202", "year": "2014", "url_citations": "http://scholar.google.com/scholar?cites=8552007857114192202&as_sdt=2005&sciodt=1,5&hl=en"}, {"num_versions": 12, "url_citation": null, "title": "Multi-Accent Deep Neural Network Acoustic Model with Accent-Specific Top Layer Using the KLD-Regularized Model Adaptation", "url": "http://scholar.google.com/https://fantoosh.inf.ed.ac.uk/twiki/pub/CSTR/ListenTerm1201415/huang.pdf", "url_versions": "http://scholar.google.com/scholar?cluster=8659841359433907499&hl=en&as_sdt=1,5&sciodt=1,5&as_vis=1", "authors": "Y Huang, D Yu, C Liu, Y Gong - Fifteenth Annual Conference  \u2026", "excerpt": "Abstract We propose a multi-accent deep neural network acoustic model with an accent-specific top layer and shared bottom hidden layers. The accent-specific top layer is used to model the distinct accent specific patterns. The shared bottom hidden layers allow  ...", "url_pdf": "http://scholar.google.com/https://fantoosh.inf.ed.ac.uk/twiki/pub/CSTR/ListenTerm1201415/huang.pdf", "num_citations": 3, "cluster_id": "8659841359433907499", "year": "2014", "url_citations": "http://scholar.google.com/scholar?cites=8659841359433907499&as_sdt=2005&sciodt=1,5&hl=en"}, {"num_versions": 2, "url_citation": null, "title": "Porting concepts from DNNs back to GMMs", "url": "http://ieeexplore.ieee.org/xpls/abs_all.jsp?arnumber=6707756", "url_versions": "http://scholar.google.com/scholar?cluster=1485576213360764336&hl=en&as_sdt=1,5&sciodt=1,5&as_vis=1", "authors": "K Demuynck, F Triefenbach - Automatic Speech Recognition  \u2026", "excerpt": "ABSTRACT Deep neural networks (DNNs) have been shown to outperform Gaussian Mixture Models (GMM) on a variety of speech recognition benchmarks. In this paper we analyze the differences between the DNN and GMM modeling techniques and port the  ...", "url_pdf": null, "num_citations": 4, "cluster_id": "1485576213360764336", "year": "2013", "url_citations": "http://scholar.google.com/scholar?cites=1485576213360764336&as_sdt=2005&sciodt=1,5&hl=en"}, {"num_versions": 0, "url_citation": null, "title": "On speaker adaptation of long short-term memory recurrent neural networks", "url": "http://www.cs.cmu.edu/%7Eymiao/pub/is2015_lstm.pdf", "url_versions": null, "authors": "Y Miao, F Metze - Proc. 16th Annu. Conf. Int. Speech Commun. Assoc.( \u2026", "excerpt": "Abstract Long Short-Term Memory (LSTM) is a recurrent neural network (RNN) architecture specializing in modeling long-range temporal dynamics. On acoustic modeling tasks, LSTM-RNNs have shown better performance than DNNs and conventional RNNs. In this paper,  ...", "url_pdf": "http://www.cs.cmu.edu/%7Eymiao/pub/is2015_lstm.pdf", "num_citations": 2, "cluster_id": "2584403740752485176", "year": "2015", "url_citations": "http://scholar.google.com/scholar?cites=2584403740752485176&as_sdt=2005&sciodt=1,5&hl=en"}, {"num_versions": 8, "url_citation": null, "title": "Improving language-universal feature extraction with deep maxout and convolutional neural networks", "url": "http://repository.cmu.edu/lti/71/", "url_versions": "http://scholar.google.com/scholar?cluster=3875862629426352142&hl=en&as_sdt=1,5&sciodt=1,5&as_vis=1", "authors": "Y Miao, F Metze -", "excerpt": "Abstract When deployed in automated speech recognition (ASR), deep neural networks (DNNs) can be treated as a complex feature extractor plus a simple linear classifier. Previous work has investigated the utility of multilingual DNNs acting as language- ...", "url_pdf": null, "num_citations": 11, "cluster_id": "3875862629426352142", "year": "2014", "url_citations": "http://scholar.google.com/scholar?cites=3875862629426352142&as_sdt=2005&sciodt=1,5&hl=en"}, {"num_versions": 8, "url_citation": null, "title": "Single-channel mixed speech recognition using deep neural networks", "url": "http://ieeexplore.ieee.org/xpls/abs_all.jsp?arnumber=6854681", "url_versions": "http://scholar.google.com/scholar?cluster=11487194939749738874&hl=en&as_sdt=1,5&sciodt=1,5&as_vis=1", "authors": "C Weng, D Yu, ML Seltzer\u2026 - Acoustics, Speech and  \u2026", "excerpt": "ABSTRACT In this work, we study the problem of single-channel mixed speech recognition using deep neural networks (DNNs). Using a multi-style training strategy on artificially mixed speech data, we investigate several different training setups that enable the DNN to  ...", "url_pdf": null, "num_citations": 12, "cluster_id": "11487194939749738874", "year": "2014", "url_citations": "http://scholar.google.com/scholar?cites=11487194939749738874&as_sdt=2005&sciodt=1,5&hl=en"}, {"num_versions": 12, "url_citation": null, "title": "Foundations and Trends\u00ae in Signal Processing", "url": "http://research.microsoft.com:8082/pubs/209355/DeepLearning-NowPublishing-Vol7-SIG-039.pdf", "url_versions": "http://scholar.google.com/scholar?cluster=15981304847159836793&hl=en&as_sdt=1,5&sciodt=1,5&as_vis=1", "authors": "L Deng, Y Dong - Signal Processing", "excerpt": "7.1. Acoustic modeling for speech recognition 263 industrial researchers; see reviews in [8 9, 161]. The collaborative work started in phone recognition tasks [89, 100, 135, 136, 257, 260, 258, 309, 311, 334], demonstrating the power of hybrid DNN architectures discussed  ...", "url_pdf": "http://research.microsoft.com:8082/pubs/209355/DeepLearning-NowPublishing-Vol7-SIG-039.pdf", "num_citations": 3, "cluster_id": "15981304847159836793", "year": "2014", "url_citations": "http://scholar.google.com/scholar?cites=15981304847159836793&as_sdt=2005&sciodt=1,5&hl=en"}, {"num_versions": 6, "url_citation": null, "title": "An overview of noise-robust automatic speech recognition", "url": "http://ieeexplore.ieee.org/xpls/abs_all.jsp?arnumber=6732927", "url_versions": "http://scholar.google.com/scholar?cluster=12716095876530501257&hl=en&as_sdt=1,5&sciodt=1,5&as_vis=1", "authors": "J Li, L Deng, Y Gong\u2026 - Audio, Speech, and  \u2026", "excerpt": "Abstract New waves of consumer-centric applications, such as voice search and voice interaction with mobile devices and home entertainment systems, increasingly require automatic speech recognition (ASR) to be robust to the full range of real-world noise and  ...", "url_pdf": null, "num_citations": 50, "cluster_id": "12716095876530501257", "year": "2014", "url_citations": "http://scholar.google.com/scholar?cites=12716095876530501257&as_sdt=2005&sciodt=1,5&hl=en"}, {"num_versions": 2, "url_citation": null, "title": "Speech emotion recognition using CNN", "url": "http://dl.acm.org/citation.cfm?id=2654984", "url_versions": "http://scholar.google.com/scholar?cluster=11014131949330936120&hl=en&as_sdt=1,5&sciodt=1,5&as_vis=1", "authors": "Z Huang, M Dong, Q Mao, Y Zhan - Proceedings of the ACM  \u2026", "excerpt": "Abstract Deep learning systems, such as Convolutional Neural Networks (CNNs), can infer a hierarchical representation of input data that facilitates categorization. In this paper, we propose to learn affect-salient features for Speech Emotion Recognition (SER) using semi ...", "url_pdf": null, "num_citations": 3, "cluster_id": "11014131949330936120", "year": "2014", "url_citations": "http://scholar.google.com/scholar?cites=11014131949330936120&as_sdt=2005&sciodt=1,5&hl=en"}, {"num_versions": 2, "url_citation": null, "title": "Robustness is dead! Long live robustness!", "url": "http://reverb2014.dereverberation.com/workshop/slides/mseltzer-reverb2014-keynote-share.pdf", "url_versions": "http://scholar.google.com/scholar?cluster=4337252809202351597&hl=en&as_sdt=1,5&sciodt=1,5&as_vis=1", "authors": "M Seltzer - Reverb Challenge Workshop", "excerpt": "Page 1. Robustness is dead! Long live robustness! Michael L. Seltzer Microsoft ResearchREVERB 2014 | May 10, 2014 Collaborators: Dong Yu, Yan Huang, Frank Seide, JinyuLi, Jui-Ting Huang Page 2. Golden age of speech recognition ...", "url_pdf": "http://reverb2014.dereverberation.com/workshop/slides/mseltzer-reverb2014-keynote-share.pdf", "num_citations": 2, "cluster_id": "4337252809202351597", "year": "2014", "url_citations": "http://scholar.google.com/scholar?cites=4337252809202351597&as_sdt=2005&sciodt=1,5&hl=en"}, {"num_versions": 5, "url_citation": null, "title": "Computational auditory scene analysis and robust automatic speech recognition", "url": "http://scholar.google.com/https://etd.ohiolink.edu/%21etd.send_file?accession=osu1401460288&disposition=inline", "url_versions": "http://scholar.google.com/scholar?cluster=6683795733121508562&hl=en&as_sdt=1,5&sciodt=1,5&as_vis=1", "authors": "A Narayanan -", "excerpt": "ABSTRACT Automatic speech recognition (ASR) has made great strides over the last decade producing useful performance in relatively 'clean'conditions. As a result, it is becoming a mainstream technology. But for a system to be applicable in everyday  ...", "url_pdf": null, "num_citations": 1, "cluster_id": "6683795733121508562", "year": "2014", "url_citations": "http://scholar.google.com/scholar?cites=6683795733121508562&as_sdt=2005&sciodt=1,5&hl=en"}, {"num_versions": 11, "url_citation": null, "title": "Towards Better Performance with Heterogeneous Training Data in Acoustic Modeling using Deep Neural Networks", "url": "http://193.6.4.39/%7Eczap/letoltes/IS14/IS2014/PDF/AUTHOR/IS141025.PDF", "url_versions": "http://scholar.google.com/scholar?cluster=567496224202774475&hl=en&as_sdt=1,5&sciodt=1,5&as_vis=1", "authors": "Y Huang, M Slaney, ML Seltzer, Y Gong - Fifteenth Annual Conference of \u2026", "excerpt": "Abstract Modeling heterogeneous data sources remains a fundamental challenge of acoustic modeling in speech recognition. We call this the multi-condition problem because the speech data come from many different conditions. In this paper, we introduce the  ...", "url_pdf": null, "num_citations": 3, "cluster_id": "567496224202774475", "year": "2014", "url_citations": "http://scholar.google.com/scholar?cites=567496224202774475&as_sdt=2005&sciodt=1,5&hl=en"}, {"num_versions": 8, "url_citation": null, "title": "Noisy training for deep neural networks in speech recognition", "url": "http://link.springer.com/article/10.1186/s13636-014-0047-0", "url_versions": "http://scholar.google.com/scholar?cluster=10981880099618443045&hl=en&as_sdt=1,5&sciodt=1,5&as_vis=1", "authors": "S Yin, C Liu, Z Zhang, Y Lin, D Wang, J Tejedor\u2026 - EURASIP Journal on  \u2026", "excerpt": "Abstract Deep neural networks (DNNs) have gained remarkable success in speech recognition, partially attributed to the flexibility of DNN models in learning complex patterns of speech signals. This flexibility, however, may lead to serious over-fitting and hence  ...", "url_pdf": null, "num_citations": 1, "cluster_id": "10981880099618443045", "year": "2015", "url_citations": "http://scholar.google.com/scholar?cites=10981880099618443045&as_sdt=2005&sciodt=1,5&hl=en"}, {"num_versions": 4, "url_citation": null, "title": "Using Deep Neural Networks to Improve Proficiency Assessment for Children English Language Learners", "url": "http://193.6.4.39/%7Eczap/letoltes/IS14/IS2014/PDF/AUTHOR/IS140115.PDF", "url_versions": "http://scholar.google.com/scholar?cluster=17088870472675815345&hl=en&as_sdt=1,5&sciodt=1,5&as_vis=1", "authors": "A Metallinou, J Cheng - Proc. of INTERSPEECH", "excerpt": "Abstract We investigated the use of context-dependent deep neural network hidden Markov models, or CD-DNN-HMMs, to improve speech recognition performance for a better assessment of children English language learners (ELLs). The ELL data used in the  ...", "url_pdf": null, "num_citations": 4, "cluster_id": "17088870472675815345", "year": "2014", "url_citations": "http://scholar.google.com/scholar?cites=17088870472675815345&as_sdt=2005&sciodt=1,5&hl=en"}, {"num_versions": 3, "url_citation": null, "title": "An investigation of spectral restoration algorithms for deep neural networks based noise robust speech recognition.", "url": "http://www.citi.sinica.edu.tw/papers/yu.tsao/3583-F.pdf", "url_versions": "http://scholar.google.com/scholar?cluster=7450146071997311171&hl=en&as_sdt=1,5&sciodt=1,5&as_vis=1", "authors": "B Li, Y Tsao, KC Sim - INTERSPEECH", "excerpt": "Abstract Deep Neural Networks (DNNs) are becoming widely accepted in automatic speech recognition (ASR) systems. The deep structured nonlinear processing greatly improves the model's generalization capability, but the performance under adverse environments is still  ...", "url_pdf": "http://www.citi.sinica.edu.tw/papers/yu.tsao/3583-F.pdf", "num_citations": 13, "cluster_id": "7450146071997311171", "year": "2013", "url_citations": "http://scholar.google.com/scholar?cites=7450146071997311171&as_sdt=2005&sciodt=1,5&hl=en"}, {"num_versions": 8, "url_citation": null, "title": "Acoustic modeling with deep neural networks using raw time signal for LVCSR", "url": "http://193.6.4.39/%7Eczap/letoltes/IS14/IS2014/PDF/AUTHOR/IS141357.PDF", "url_versions": "http://scholar.google.com/scholar?cluster=543872182949999294&hl=en&as_sdt=1,5&sciodt=1,5&as_vis=1", "authors": "Z T\u00fcske, P Golik, R Schl\u00fcter, H Ney - Proceedings of the Annual  \u2026", "excerpt": "Abstract In this paper we investigate how much feature extraction is required by a deep neural network (DNN) based acoustic model for automatic speech recognition (ASR). We decompose the feature extraction pipeline of a state-of-the-art ASR system step by step  ...", "url_pdf": null, "num_citations": 13, "cluster_id": "543872182949999294", "year": "2014", "url_citations": "http://scholar.google.com/scholar?cites=543872182949999294&as_sdt=2005&sciodt=1,5&hl=en"}, {"num_versions": 3, "url_citation": null, "title": "A historical perspective of speech recognition", "url": "http://dl.acm.org/citation.cfm?id=2500887", "url_versions": "http://scholar.google.com/scholar?cluster=14079042448892315163&hl=en&as_sdt=1,5&sciodt=1,5&as_vis=1", "authors": "X Huang, J Baker, R Reddy - Communications of the ACM", "excerpt": "Speech recognition will pass the Turing Test and bring the vision of Star Trek-like mobile devices to reality. It will help to bridge the gap between humans and machines. It will facilitate and enhance natural conservation among people. Six challenges need to be  ...", "url_pdf": null, "num_citations": 19, "cluster_id": "14079042448892315163", "year": "2014", "url_citations": "http://scholar.google.com/scholar?cites=14079042448892315163&as_sdt=2005&sciodt=1,5&hl=en"}, {"num_versions": 0, "url_citation": null, "title": "Local trajectory based speech enhancement for robust speech recognition with deep neural network", "url": "http://ieeexplore.ieee.org/xpls/abs_all.jsp?arnumber=7230351", "url_versions": null, "authors": "Y You, Y Qian, K Yu - \u2026 ChinaSIP)", "excerpt": "ABSTRACT Deep neural network (DNN) has achieved a great success in automatic speech recognition (ASR), and it can be regarded as a joint model combining the nonlinear feature transformation and the log-linear classifier. Recently DNN is adopted as a regression  ...", "url_pdf": null, "num_citations": 0, "cluster_id": null, "year": "2015", "url_citations": null}, {"num_versions": 4, "url_citation": null, "title": "Improving robustness of deep neural network acoustic models via speech separation and joint adaptive training", "url": "http://ieeexplore.ieee.org/xpls/abs_all.jsp?arnumber=6963387", "url_versions": "http://scholar.google.com/scholar?cluster=7636724220706572825&hl=en&as_sdt=1,5&sciodt=1,5&as_vis=1", "authors": "A Narayanan, DL Wang - Audio, Speech, and Language  \u2026", "excerpt": "Abstract Although deep neural network (DNN) acoustic models are known to be inherently noise robust, especially with matched training and testing data, the use of speech separation as a frontend and for deriving alternative feature representations has been shown to  ...", "url_pdf": null, "num_citations": 6, "cluster_id": "7636724220706572825", "year": "2015", "url_citations": "http://scholar.google.com/scholar?cites=7636724220706572825&as_sdt=2005&sciodt=1,5&hl=en"}, {"num_versions": 6, "url_citation": null, "title": "Author name disambiguation by using deep neural network", "url": "http://link.springer.com/chapter/10.1007/978-3-319-05476-6_13", "url_versions": "http://scholar.google.com/scholar?cluster=18096518832015327097&hl=en&as_sdt=1,5&sciodt=1,5&as_vis=1", "authors": "HN Tran, T Huynh, T Do - Intelligent information and database systems", "excerpt": "Abstract Author name ambiguity is one of the problems that decrease the quality and reliability of information retrieved from digital libraries. Existing methods have tried to solve this problem by predefining a feature set based on expert's knowledge for a specific  ...", "url_pdf": null, "num_citations": 2, "cluster_id": "18096518832015327097", "year": "2014", "url_citations": "http://scholar.google.com/scholar?cites=18096518832015327097&as_sdt=2005&sciodt=1,5&hl=en"}, {"num_versions": 2, "url_citation": null, "title": "An ideal hidden-activation mask for deep neural networks based noise-robust speech recognition", "url": "http://ieeexplore.ieee.org/xpls/abs_all.jsp?arnumber=6853586", "url_versions": "http://scholar.google.com/scholar?cluster=5446978991453754442&hl=en&as_sdt=1,5&sciodt=1,5&as_vis=1", "authors": "B Li, KC Sim - \u2026 , Speech and Signal Processing (ICASSP)", "excerpt": "ABSTRACT Deep neural networks (DNNs) are capable of modeling large acoustic variations. However, the performance on noisy data is still below humans' expectations. In this work, we present an ideal hiddenactivation masking (IHM) approach to improve their  ...", "url_pdf": null, "num_citations": 4, "cluster_id": "5446978991453754442", "year": "2014", "url_citations": "http://scholar.google.com/scholar?cites=5446978991453754442&as_sdt=2005&sciodt=1,5&hl=en"}, {"num_versions": 4, "url_citation": null, "title": "Improving robustness of deep neural networks via spectral masking for automatic speech recognition", "url": "http://ieeexplore.ieee.org/xpls/abs_all.jsp?arnumber=6707743", "url_versions": "http://scholar.google.com/scholar?cluster=9248161664647450537&hl=en&as_sdt=1,5&sciodt=1,5&as_vis=1", "authors": "B Li, KC Sim - \u2026 Understanding (ASRU)", "excerpt": "ABSTRACT The performance of human listeners degrades rather slowly compared to machines in noisy environments. This has been attributed to the ability of performing auditory scene analysis which separates the speech prior to recognition. In this work, we  ...", "url_pdf": null, "num_citations": 11, "cluster_id": "9248161664647450537", "year": "2013", "url_citations": "http://scholar.google.com/scholar?cites=9248161664647450537&as_sdt=2005&sciodt=1,5&hl=en"}, {"num_versions": 2, "url_citation": null, "title": "Joint analysis of vocal tract length and temporal information for robust speech recognition", "url": "http://ieeexplore.ieee.org/xpls/abs_all.jsp?arnumber=6639107", "url_versions": "http://scholar.google.com/scholar?cluster=1382442471131593924&hl=en&as_sdt=1,5&sciodt=1,5&as_vis=1", "authors": "CL Huang, C Hori, H Kashioka\u2026 - Acoustics, Speech and  \u2026", "excerpt": "ABSTRACT This paper presents a joint analysis approach to address the acoustic feature normalization for robust speech recognition. The variations in acoustic environments and speakers are the major challenge for speech recognition. The conventional  ...", "url_pdf": null, "num_citations": 1, "cluster_id": "1382442471131593924", "year": "2013", "url_citations": "http://scholar.google.com/scholar?cites=1382442471131593924&as_sdt=2005&sciodt=1,5&hl=en"}, {"num_versions": 5, "url_citation": null, "title": "Investigation of speech separation as a front-end for noise robust speech recognition", "url": "http://ieeexplore.ieee.org/xpls/abs_all.jsp?arnumber=6739096", "url_versions": "http://scholar.google.com/scholar?cluster=15212335728807445178&hl=en&as_sdt=1,5&sciodt=1,5&as_vis=1", "authors": "A Narayanan, DL Wang - Audio, Speech, and Language  \u2026", "excerpt": "Abstract\u2014Recently, supervised classification has been shown to work well for the task of speech separation. We perform an in-depth evaluation of such techniques as a front-end for noise-robust automatic speech recognition (ASR). The proposed separation front-end  ...", "url_pdf": null, "num_citations": 26, "cluster_id": "15212335728807445178", "year": "2014", "url_citations": "http://scholar.google.com/scholar?cites=15212335728807445178&as_sdt=2005&sciodt=1,5&hl=en"}, {"num_versions": 5, "url_citation": null, "title": "An artificial neural network approach to automatic speech processing", "url": "http://www.sciencedirect.com/science/article/pii/S0925231214004007", "url_versions": "http://scholar.google.com/scholar?cluster=10872324882799043497&hl=en&as_sdt=1,5&sciodt=1,5&as_vis=1", "authors": "SM Siniscalchi, T Svendsen, CH Lee - Neurocomputing", "excerpt": "Abstract An artificial neural network (ANN) is a powerful mathematical framework used to either model complex relationships between inputs and outputs or find patterns in data. It is based on an interconnected group of artificial neurons, and it employs a connectionist  ...", "url_pdf": null, "num_citations": 8, "cluster_id": "10872324882799043497", "year": "2014", "url_citations": "http://scholar.google.com/scholar?cites=10872324882799043497&as_sdt=2005&sciodt=1,5&hl=en"}, {"num_versions": 13, "url_citation": null, "title": "Recurrent deep neural networks for robust speech recognition", "url": "http://ieeexplore.ieee.org/xpls/abs_all.jsp?arnumber=6854661", "url_versions": "http://scholar.google.com/scholar?cluster=11818573990728217495&hl=en&as_sdt=1,5&sciodt=1,5&as_vis=1", "authors": "C Weng, D Yu, S Watanabe\u2026 - Acoustics, Speech and  \u2026", "excerpt": "ABSTRACT In this work, we propose recurrent deep neural networks (DNNs) for robust automatic speech recognition (ASR). Full recurrent connections are added to certain hidden layer of a conventional feedforward DNN and allow the model to capture the temporal  ...", "url_pdf": null, "num_citations": 28, "cluster_id": "11818573990728217495", "year": "2014", "url_citations": "http://scholar.google.com/scholar?cites=11818573990728217495&as_sdt=2005&sciodt=1,5&hl=en"}, {"num_versions": 7, "url_citation": null, "title": "Distributed learning of multilingual DNN feature extractors using GPUs", "url": "http://repository.cmu.edu/lti/70/", "url_versions": "http://scholar.google.com/scholar?cluster=3953332487000260229&hl=en&as_sdt=1,5&sciodt=1,5&as_vis=1", "authors": "Y Miao, H Zhang, F Metze -", "excerpt": "Abstract Multilingual deep neural networks (DNNs) can act as deep feature extractors and have been applied successfully to crosslanguage acoustic modeling. Learning these feature extractors becomes an expensive task, because of the enlarged multilingual training data  ...", "url_pdf": null, "num_citations": 10, "cluster_id": "3953332487000260229", "year": "2014", "url_citations": "http://scholar.google.com/scholar?cites=3953332487000260229&as_sdt=2005&sciodt=1,5&hl=en"}, {"num_versions": 5, "url_citation": null, "title": "Deep learning for content-based image retrieval: A comprehensive study", "url": "http://dl.acm.org/citation.cfm?id=2654948", "url_versions": "http://scholar.google.com/scholar?cluster=6185113731518800763&hl=en&as_sdt=1,5&sciodt=1,5&as_vis=1", "authors": "J Wan, D Wang, SCH Hoi, P Wu, J Zhu\u2026 - Proceedings of the ACM  \u2026", "excerpt": "Abstract Learning effective feature representations and similarity measures are crucial to the retrieval performance of a content-based image retrieval (CBIR) system. Despite extensive research efforts for decades, it remains one of the most challenging open problems that  ...", "url_pdf": null, "num_citations": 14, "cluster_id": "6185113731518800763", "year": "2014", "url_citations": "http://scholar.google.com/scholar?cites=6185113731518800763&as_sdt=2005&sciodt=1,5&hl=en"}, {"num_versions": 9, "url_citation": null, "title": "A comparative analytic study on the gaussian mixture and context dependent deep neural network hidden markov models", "url": "http://research.microsoft.com:8082/pubs/230138/IS140143.PDF", "url_versions": "http://scholar.google.com/scholar?cluster=13278093378881442868&hl=en&as_sdt=1,5&sciodt=1,5&as_vis=1", "authors": "Y Huang, D Yu, C Liu, Y Gong - submitted to the  \u2026", "excerpt": "Abstract We conducted a comparative analytic study on the contextdependent Gaussian mixture hidden Markov model (CD-GMMHMM) and deep neural network hidden Markov model (CDDNN-HMM) with respect to the phone discrimination and the robustness  ...", "url_pdf": null, "num_citations": 12, "cluster_id": "13278093378881442868", "year": "2014", "url_citations": "http://scholar.google.com/scholar?cites=13278093378881442868&as_sdt=2005&sciodt=1,5&hl=en"}, {"num_versions": 11, "url_citation": null, "title": "Speech emotion recognition using deep neural network and extreme learning machine", "url": "http://www.researchgate.net/profile/Ivan_Tashev/publication/267213794_Speech_Emotion_Recognition_Using_Deep_Neural_Network_and_Extreme_Learning_Machine/links/5452d1370cf2bccc49094c8a.pdf", "url_versions": "http://scholar.google.com/scholar?cluster=15388672374912362033&hl=en&as_sdt=1,5&sciodt=1,5&as_vis=1", "authors": "K Han, D Yu, I Tashev - Proceedings of INTERSPEECH, ISCA,  \u2026", "excerpt": "Abstract Speech emotion recognition is a challenging problem partly because it is unclear what features are effective for the task. In this paper we propose to utilize deep neural networks (DNNs) to extract high level features from raw data and show that they are  ...", "url_pdf": "http://www.researchgate.net/profile/Ivan_Tashev/publication/267213794_Speech_Emotion_Recognition_Using_Deep_Neural_Network_and_Extreme_Learning_Machine/links/5452d1370cf2bccc49094c8a.pdf", "num_citations": 9, "cluster_id": "15388672374912362033", "year": "2014", "url_citations": "http://scholar.google.com/scholar?cites=15388672374912362033&as_sdt=2005&sciodt=1,5&hl=en"}, {"num_versions": 0, "url_citation": null, "title": "Noisy training for deep neural networks", "url": "http://ieeexplore.ieee.org/xpls/abs_all.jsp?arnumber=6889193", "url_versions": null, "authors": "X Meng, C Liu, Z Zhang, D Wang - Signal and Information  \u2026", "excerpt": "ABSTRACT Deep neural networks (DNN) have gained remarkable success in speech recognition, partially attributed to its flexibility in learning complex patterns of speech signals. This flexibility, however, may lead to serious over-fitting and hence miserable performance  ...", "url_pdf": null, "num_citations": 2, "cluster_id": "1552578231985255127", "year": "2014", "url_citations": "http://scholar.google.com/scholar?cites=1552578231985255127&as_sdt=2005&sciodt=1,5&hl=en"}, {"num_versions": 0, "url_citation": null, "title": "Training Very Deep Networks", "url": "http://arxiv.org/abs/1507.06228", "url_versions": null, "authors": "RK Srivastava, K Greff, J Schmidhuber - arXiv preprint arXiv:1507.06228", "excerpt": "Abstract: Theoretical and empirical evidence indicates that the depth of neural networks is crucial for their success. However, training becomes more difficult as depth increases, and training of very deep networks remains an open problem. Here we introduce a new  ...", "url_pdf": null, "num_citations": 1, "cluster_id": "14374917385640982609", "year": "2015", "url_citations": "http://scholar.google.com/scholar?cites=14374917385640982609&as_sdt=2005&sciodt=1,5&hl=en"}, {"num_versions": 2, "url_citation": null, "title": "Rectifier nonlinearities improve neural network acoustic models", "url": "http://ai.stanford.edu/%7Eamaas/papers/relu_hybrid_icml2013_final.pdf", "url_versions": "http://scholar.google.com/scholar?cluster=13874212620286738798&hl=en&as_sdt=1,5&sciodt=1,5&as_vis=1", "authors": "AL Maas, AY Hannun, AY Ng - Proc. ICML", "excerpt": "Abstract Deep neural network acoustic models produce substantial gains in large vocabulary continuous speech recognition systems. Emerging work with rectified linear (ReL) hidden units demonstrates additional gains in final system performance relative to  ...", "url_pdf": "http://ai.stanford.edu/%7Eamaas/papers/relu_hybrid_icml2013_final.pdf", "num_citations": 70, "cluster_id": "13874212620286738798", "year": "2013", "url_citations": "http://scholar.google.com/scholar?cites=13874212620286738798&as_sdt=2005&sciodt=1,5&hl=en"}, {"num_versions": 17, "url_citation": null, "title": "Recurrent neural networks for language understanding.", "url": "http://131.107.65.14/en-us/um/people/gzweig/Pubs/Interspeech2013RNNLU.pdf", "url_versions": "http://scholar.google.com/scholar?cluster=15846080472976104241&hl=en&as_sdt=1,5&sciodt=1,5&as_vis=1", "authors": "K Yao, G Zweig, MY Hwang, Y Shi, D Yu - INTERSPEECH", "excerpt": "Abstract Recurrent Neural Network Language Models (RNN-LMs) have recently shown exceptional performance across a variety of applications. In this paper, we modify the architecture to perform Language Understanding, and advance the state-of-the-art for the  ...", "url_pdf": "http://131.107.65.14/en-us/um/people/gzweig/Pubs/Interspeech2013RNNLU.pdf", "num_citations": 45, "cluster_id": "15846080472976104241", "year": "2013", "url_citations": "http://scholar.google.com/scholar?cites=15846080472976104241&as_sdt=2005&sciodt=1,5&hl=en"}, {"num_versions": 9, "url_citation": null, "title": "Convolutional neural networks for speech recognition", "url": "http://ieeexplore.ieee.org/xpls/abs_all.jsp?arnumber=6857341", "url_versions": "http://scholar.google.com/scholar?cluster=1312499869604546054&hl=en&as_sdt=1,5&sciodt=1,5&as_vis=1", "authors": "O Abdel-Hamid, A Mohamed, H Jiang\u2026 - Audio, Speech, and  \u2026", "excerpt": "Abstract\u2014Recently, the hybrid deep neural network (DNN)-hidden Markov model (HMM) has been shown to significantly improve speech recognition performance over the conventional Gaussian mixture model (GMM)-HMM. The performance improvement is  ...", "url_pdf": null, "num_citations": 26, "cluster_id": "1312499869604546054", "year": "2014", "url_citations": "http://scholar.google.com/scholar?cites=1312499869604546054&as_sdt=2005&sciodt=1,5&hl=en"}]