[{"num_versions": 5, "url_citation": null, "title": "Enfoques hacia el aprendizaje, motivos y estrategias de estudiantes de las carreras de enfermer\u00eda, ingenier\u00eda y organizaci\u00f3n deportiva", "url": "http://www.redalyc.org/pdf/659/65914495005.pdf", "url_versions": "http://scholar.google.com/scholar?cluster=18281046556115151365&hl=en&as_sdt=1,5&sciodt=1,5&as_vis=1", "authors": "JE Cruz, MCR Nieto, VMP Montemayor - Revista de pedagog\u00eda", "excerpt": "Esquivel Cruz, Jes\u00fas; Rodr\u00edguez Nieto, Mar\u00eda Concepci\u00f3n; Padilla Montemayor, V\u00edctor Manuel Enfoques hacia el aprendizaje, motivos y estrategias de estudiantes de las carreras de enfermer\u00eda, ingenier\u00eda y organizaci\u00f3n deportiva Revista de Pedagog\u00eda, vol. 30, n\u00fam. 87,  ... ", "url_pdf": "http://www.redalyc.org/pdf/659/65914495005.pdf", "num_citations": 13, "cluster_id": "18281046556115151365", "year": "2009", "url_citations": "http://scholar.google.com/scholar?cites=18281046556115151365&as_sdt=2005&sciodt=1,5&hl=en"}, {"num_versions": 5, "url_citation": null, "title": "Perfiles y reg\u00edmenes de dedicaci\u00f3n de los estudiantes universitarios", "url": "http://dugi-doc.udg.edu:8080/handle/10256/2018", "url_versions": "http://scholar.google.com/scholar?cluster=8226909606532468889&hl=en&as_sdt=1,5&sciodt=1,5&as_vis=1", "authors": "I Soler Julve, A Ari\u00f1o Villarroya, R Llopis Goig -", "excerpt": "Resum El objetivo principal del proyecto que aqu\u00ed se resume es efectuar una exploraci\u00f3n de las modalidades de vinculaci\u00f3n al estudio-aprendizaje de los actuales estudiantes universitarios con el fin de conocer mejor sus perfiles. Se pretende obtener informaci\u00f3n  ...", "url_pdf": null, "num_citations": 0, "cluster_id": null, "year": "2009", "url_citations": null}, {"num_versions": 5, "url_citation": null, "title": "Crammed to Learn English: What are Learners' Motivation and Approach?", "url": "http://link.springer.com/article/10.1007/s40299-013-0061-5", "url_versions": "http://scholar.google.com/scholar?cluster=5889676923696507212&hl=en&as_sdt=1,5&sciodt=1,5&as_vis=1", "authors": "IF Chung - The Asia-Pacific Education Researcher", "excerpt": "Abstract This study endeavors to reveal senior high school students' motivational orientations in attending cram schools, how they approach English learning there, and to what extent they find cram schooling facilitates their English learning. Questionnaires  ...", "url_pdf": null, "num_citations": 4, "cluster_id": "5889676923696507212", "year": "2013", "url_citations": "http://scholar.google.com/scholar?cites=5889676923696507212&as_sdt=2005&sciodt=1,5&hl=en"}, {"num_versions": 9, "url_citation": null, "title": "Los enfoques de aprendizaje en estudiantes universitarios Catalanes mediante el approaches and study skills inventory for students (ASSIST)= Learning Approaches \u2026", "url": "http://dugi-doc.udg.edu:8080/handle/10256/9273", "url_versions": "http://scholar.google.com/scholar?cluster=17084576321720704879&hl=en&as_sdt=1,5&sciodt=1,5&as_vis=1", "authors": "M Tesouro i Cid, D Ca\u00f1abate Ortiz\u2026 - \u2026", "excerpt": "Resum The aim of this study is to measure the psychometric properties of a Catalan translation of the Approaches and Study Skills Inventory for Students (ASSIST), and to analyse the different learning styles used by university students, considering the influence  ...", "url_pdf": null, "num_citations": 1, "cluster_id": "17084576321720704879", "year": "2014", "url_citations": "http://scholar.google.com/scholar?cites=17084576321720704879&as_sdt=2005&sciodt=1,5&hl=en"}, {"num_versions": 3, "url_citation": null, "title": "Key predictors of creative MBA students' performance: Personality type and learning approaches", "url": "http://www.emeraldinsight.com/doi/abs/10.1108/17468771111105659", "url_versions": "http://scholar.google.com/scholar?cluster=1483239654566845653&hl=en&as_sdt=1,5&sciodt=1,5&as_vis=1", "authors": "L Lu, A Moulaye M'Hamed Taher\u2026 - Journal of  \u2026", "excerpt": "Purpose-The purpose of this paper is to establish the key predictors of Master of Business Administration (MBA) students' performance, considering the interaction between personality type, learning approaches and educational achievement. A structural equation  ...", "url_pdf": null, "num_citations": 12, "cluster_id": "1483239654566845653", "year": "2011", "url_citations": "http://scholar.google.com/scholar?cites=1483239654566845653&as_sdt=2005&sciodt=1,5&hl=en"}]