[{"num_versions": 4, "url_citation": null, "title": "An investigation into the design and effectiveness of a mandatory cognitive skills programme for at-risk medical students", "url": "http://www.tandfonline.com/doi/abs/10.3109/01421590903197035", "url_versions": "http://scholar.google.com/scholar?cluster=7889994316666195893&hl=en&as_sdt=1,5&sciodt=1,5&as_vis=1", "authors": "KA Winston, CPM Van der Vleuten\u2026 - Medical  \u2026", "excerpt": "Background: Many medical schools provide academic support programmes to aid increasing numbers of students from diverse backgrounds. There have been calls for research into successful intervention programmes, and for detailed descriptions of how  ...", "url_pdf": null, "num_citations": 32, "cluster_id": "7889994316666195893", "year": "2010", "url_citations": "http://scholar.google.com/scholar?cites=7889994316666195893&as_sdt=2005&sciodt=1,5&hl=en"}, {"num_versions": 5, "url_citation": null, "title": "Towards a pedagogy for clinical education: Beyond individual learning differences", "url": "http://www.tandfonline.com/doi/abs/10.1080/03098770802395587", "url_versions": "http://scholar.google.com/scholar?cluster=17521281279465677555&hl=en&as_sdt=1,5&sciodt=1,5&as_vis=1", "authors": "IM Kinchin, A Baysan, LB Cabot - Journal of Further and Higher  \u2026", "excerpt": "The development of teaching in higher education towards a more learner\u2010orientated model has been supported by the literature on individual learning differences and on learning styles in particular. This has contributed to the evolution of university pedagogy away from  ...", "url_pdf": null, "num_citations": 17, "cluster_id": "17521281279465677555", "year": "2008", "url_citations": "http://scholar.google.com/scholar?cites=17521281279465677555&as_sdt=2005&sciodt=1,5&hl=en"}, {"num_versions": 5, "url_citation": null, "title": "Concept mapping and PLA: Assessment of tacit and non-linear learning", "url": "http://www.plainsideout.org/index.php/home/article/download/45/91", "url_versions": "http://scholar.google.com/scholar?cluster=15226508560523123234&hl=en&as_sdt=1,5&sciodt=1,5&as_vis=1", "authors": "V Popova-Gonci - PLA Inside Out: An International Journal on  \u2026", "excerpt": "Prior Learning Assessment (PLA), or assessment of college-level learning acquired independently from formal learning settings, is a challenging task, given that this learning has not been organized by academics into a carefully crafted curriculum that is further  ...", "url_pdf": null, "num_citations": 4, "cluster_id": "15226508560523123234", "year": "2013", "url_citations": "http://scholar.google.com/scholar?cites=15226508560523123234&as_sdt=2005&sciodt=1,5&hl=en"}, {"num_versions": 9, "url_citation": null, "title": "Reducing the gap between skills sought by employers and developed by education", "url": "http://journals.cambridge.org/abstract_S104909651000123X", "url_versions": "http://scholar.google.com/scholar?cluster=11959796013828308688&hl=en&as_sdt=1,5&sciodt=1,5&as_vis=1", "authors": "R Peters, M Beeson - PS: Political Science & Politics", "excerpt": "Abstract The process of transforming students from novices into experts relies on active learning and the development of an appreciation for the links among topics. Since rote or stimulus-response learning is preferred by a majority of students who are beginning their  ...", "url_pdf": null, "num_citations": 10, "cluster_id": "11959796013828308688", "year": "2010", "url_citations": "http://scholar.google.com/scholar?cites=11959796013828308688&as_sdt=2005&sciodt=1,5&hl=en"}, {"num_versions": 0, "url_citation": null, "title": "Teaching naked: How moving technology out of your college classroom will improve student learning", "url": "http://scholar.google.com/https://books.google.com/books?hl=en&lr=&id=BuF6RSmA6m8C&oi=fnd&pg=PT9&ots=ZFvgh8R2js&sig=2enULBn7EqkSG4XdkNhsDeQLQMI", "url_versions": null, "authors": "JA Bowen -", "excerpt": "The dogmas of the quiet past are inadequate to the stormy present. The occasion is piled high with difficulty, and we must rise with the occasion. As our case is new, so we must think anew and act anew. We must disenthrall ourselves, and then we shall save our country.  ...", "url_pdf": null, "num_citations": 63, "cluster_id": "11312753748647914970", "year": "2012", "url_citations": "http://scholar.google.com/scholar?cites=11312753748647914970&as_sdt=2005&sciodt=1,5&hl=en"}, {"num_versions": 8, "url_citation": null, "title": "Knowledge and knowers in the discipline of Marketing at the University of KwaZulu-Natal", "url": "http://ermgnza.legitimationcodetheory.com/pdf/2012Arbee_PhD.pdf", "url_versions": "http://scholar.google.com/scholar?cluster=8000325099527971496&hl=en&as_sdt=1,5&sciodt=1,5&as_vis=1", "authors": "A Arbee -", "excerpt": "Abstract This study, which is set in a Faculty of Management Studies at a higher education institution in South Africa, is concerned with facilitating students\u201f epistemological access to the discipline of Marketing. It takes the position that each discipline has its own Discourse  ...", "url_pdf": "http://ermgnza.legitimationcodetheory.com/pdf/2012Arbee_PhD.pdf", "num_citations": 6, "cluster_id": "8000325099527971496", "year": "2012", "url_citations": "http://scholar.google.com/scholar?cites=8000325099527971496&as_sdt=2005&sciodt=1,5&hl=en"}, {"num_versions": 0, "url_citation": null, "title": "Parameters of Quality in Higher Education: A Theoretical Framework.", "url": "http://search.ebscohost.com/login.aspx?direct=true&profile=ehost&scope=site&authtype=crawler&jrnl=22234934&AN=90519136&h=pwx6S2CZVczbTNpLEvYZ2cIYTwAd5w2hPjuq01qD8JpR32JBx0N%2FMgiGw1BLx10JYqJlM2sbkmx6%2BBzV4qcmfw%3D%3D&crl=c", "url_versions": null, "authors": "S Zaki, MZ Rashidi - \u2026 Journal of Social Sciences & Education", "excerpt": "Abstract The concept of\" quality in education\" is an immensely significant concern for academicians and academia globally, and lately this notion has also treaded the realm of Higher Education in Pakistan. It is an accepted fact that there are a number of factors  ...", "url_pdf": null, "num_citations": 5, "cluster_id": "13431854028462676619", "year": "2013", "url_citations": "http://scholar.google.com/scholar?cites=13431854028462676619&as_sdt=2005&sciodt=1,5&hl=en"}, {"num_versions": 0, "url_citation": null, "title": "The qualitative analysis of concept maps: some unforseen consequences and emergin opportunities", "url": "http://cmc.ihmc.us/cmc2008papers/cmc2008-p500.pdf", "url_versions": null, "authors": "IM Kinchin - \u2026  mapping: connecting educators proceedings of the  \u2026", "excerpt": "Abstract. The qualitative analysis of concept maps produced by students and teachers from secondary and higher education consistently show the occurrence of three morphological types: spokes, chains and nets. The significance of these structures is discussed in terms  ...", "url_pdf": "http://cmc.ihmc.us/cmc2008papers/cmc2008-p500.pdf", "num_citations": 21, "cluster_id": "309215547860159963", "year": "2008", "url_citations": "http://scholar.google.com/scholar?cites=309215547860159963&as_sdt=2005&sciodt=1,5&hl=en"}, {"num_versions": 9, "url_citation": null, "title": "The use of concept maps for knowledge management: from classrooms to research labs", "url": "http://link.springer.com/article/10.1007/s00216-011-5694-8", "url_versions": "http://scholar.google.com/scholar?cluster=15095889253110413306&hl=en&as_sdt=1,5&sciodt=1,5&as_vis=1", "authors": "PRM Correia - Analytical and bioanalytical chemistry", "excerpt": "The knowledge explosion, information technology development and globalization have dramatically affected our society [1]. Knowledge societies, which have been emerging since the end of the last century, have shaped our contemporary way of life [1, 2]. New  ...", "url_pdf": null, "num_citations": 21, "cluster_id": "15095889253110413306", "year": "2012", "url_citations": "http://scholar.google.com/scholar?cites=15095889253110413306&as_sdt=2005&sciodt=1,5&hl=en"}, {"num_versions": 4, "url_citation": null, "title": "The function of imagination in learning: Theory and case study data from third year undergraduate neuroscience", "url": "http://www.dialogueonthepage.com/sites/default/files/Document%20D.pdf", "url_versions": "http://scholar.google.com/scholar?cluster=11783486259305466520&hl=en&as_sdt=1,5&sciodt=1,5&as_vis=1", "authors": "DB HAY - Psychology", "excerpt": "This paper combines a critique of learning theory and case study data from two third-year Neuroscience students. The results and conclusions show how higher education learning research can be developed by focusing on students' changing locution of their study- ...", "url_pdf": "http://www.dialogueonthepage.com/sites/default/files/Document%20D.pdf", "num_citations": 9, "cluster_id": "11783486259305466520", "year": "2010", "url_citations": "http://scholar.google.com/scholar?cites=11783486259305466520&as_sdt=2005&sciodt=1,5&hl=en"}, {"num_versions": 5, "url_citation": null, "title": "Solving Cordelia's dilemma: Threshold concepts within a punctuated model of learning", "url": "http://www.tandfonline.com/doi/abs/10.1080/00219266.2010.9656194", "url_versions": "http://scholar.google.com/scholar?cluster=11124176581749182945&hl=en&as_sdt=1,5&sciodt=1,5&as_vis=1", "authors": "IM Kinchin - Journal of Biological Education", "excerpt": "The consideration of threshold concepts is offered in the context of biological education as a theoretical framework that may have utility in the teaching and learning of biology at all levels. Threshold concepts may provide a mechanism to explain the observed punctuated  ...", "url_pdf": null, "num_citations": 23, "cluster_id": "11124176581749182945", "year": "2010", "url_citations": "http://scholar.google.com/scholar?cites=11124176581749182945&as_sdt=2005&sciodt=1,5&hl=en"}, {"num_versions": 6, "url_citation": null, "title": "Cognitive mapping: Revealing the links between human factors and strategic goals in organizations", "url": "http://www.sciencedirect.com/science/article/pii/S0169814113000681", "url_versions": "http://scholar.google.com/scholar?cluster=11182704980676902851&hl=en&as_sdt=1,5&sciodt=1,5&as_vis=1", "authors": "J Village, FA Salustri, WP Neumann - International Journal of Industrial  \u2026", "excerpt": "Abstract The authors propose cognitive mapping (CM), a tool used in operations and management research, as a way for Human Factors (HF) Engineers to understand the HF perspective of senior managers and others in manufacturing industries, and how HF  ...", "url_pdf": null, "num_citations": 7, "cluster_id": "11182704980676902851", "year": "2013", "url_citations": "http://scholar.google.com/scholar?cites=11182704980676902851&as_sdt=2005&sciodt=1,5&hl=en"}, {"num_versions": 4, "url_citation": null, "title": "Joined up thinking? Evaluating the use of concept\u2010mapping to develop complex system learning", "url": "http://www.tandfonline.com/doi/abs/10.1080/02602938.2010.534764", "url_versions": "http://scholar.google.com/scholar?cluster=1399722104138471384&hl=en&as_sdt=1,5&sciodt=1,5&as_vis=1", "authors": "M Stewart - Assessment & Evaluation in Higher Education", "excerpt": "In the physical and natural sciences, the complexity of natural systems and their interactions is becoming better understood. With increased emphasis on learning about complex systems, students will be encountering concepts that are dynamic, ill\u2010structured and  ...", "url_pdf": null, "num_citations": 15, "cluster_id": "1399722104138471384", "year": "2012", "url_citations": "http://scholar.google.com/scholar?cites=1399722104138471384&as_sdt=2005&sciodt=1,5&hl=en"}, {"num_versions": 4, "url_citation": null, "title": "Analyzing change in students' gene\u2010to\u2010evolution models in college\u2010level introductory biology", "url": "http://onlinelibrary.wiley.com/doi/10.1002/tea.21094/full", "url_versions": "http://scholar.google.com/scholar?cluster=6443367524640737198&hl=en&as_sdt=1,5&sciodt=1,5&as_vis=1", "authors": "JT Dauer, JL Momsen, EB Speth\u2026 - Journal of Research  \u2026", "excerpt": "Abstract Research in contemporary biology has become increasingly complex and organized around understanding biological processes in the context of systems. To better reflect the ways of thinking required for learning about systems, we developed and  ...", "url_pdf": null, "num_citations": 12, "cluster_id": "6443367524640737198", "year": "2013", "url_citations": "http://scholar.google.com/scholar?cites=6443367524640737198&as_sdt=2005&sciodt=1,5&hl=en"}, {"num_versions": 7, "url_citation": null, "title": "Enhancing academic achievement by identifying and minimizing the impediments to active learning", "url": "http://www.jstor.org/stable/23209325", "url_versions": "http://scholar.google.com/scholar?cluster=12008814140544084201&hl=en&as_sdt=1,5&sciodt=1,5&as_vis=1", "authors": "RA Peters - Public Administration Quarterly", "excerpt": "Although active learning strategies are the most effective means for promoting deep learning and understanding, implementation is impeded by student and faculty preferences for stimulus-response learning. The paper therefore identifies the bases for the preferences  ...", "url_pdf": null, "num_citations": 9, "cluster_id": "12008814140544084201", "year": "2011", "url_citations": "http://scholar.google.com/scholar?cites=12008814140544084201&as_sdt=2005&sciodt=1,5&hl=en"}, {"num_versions": 6, "url_citation": null, "title": "Researching higher education", "url": "http://scholar.google.com/https://books.google.com/books?hl=en&lr=&id=gyRFBgAAQBAJ&oi=fnd&pg=PP1&ots=ZGtCfMYTRf&sig=enfHwoNMNv__-9XdMwDT6TDZV44", "url_versions": "http://scholar.google.com/scholar?cluster=10623274246159773904&hl=en&as_sdt=1,5&sciodt=1,5&as_vis=1", "authors": "M Tight -", "excerpt": "SRHE and Open University Press Imprint Current titles include: Catherine Bargh et al.: University Leadership Ronald Barnett: Beyond all Reason Ronald Barnett and Kelly Coate: Engaging the Curriculum in Higher Education Ronald Barnett: Reshaping the University Tony Becher  ... ", "url_pdf": null, "num_citations": 330, "cluster_id": "10623274246159773904", "year": "2012", "url_citations": "http://scholar.google.com/scholar?cites=10623274246159773904&as_sdt=2005&sciodt=1,5&hl=en"}, {"num_versions": 3, "url_citation": null, "title": "Taking Action in Science Classrooms Through Collaborative Action Research: A Guide for Educators", "url": "http://scholar.google.com/https://books.google.com/books?hl=en&lr=&id=CvQq0fl8MPsC&oi=fnd&pg=PP5&ots=LO4hzgAgcG&sig=3xtkUrVcjjwjrlhOZj4Pg6uyqao", "url_versions": "http://scholar.google.com/scholar?cluster=2671004866910156522&hl=en&as_sdt=1,5&sciodt=1,5&as_vis=1", "authors": "K Goodnough -", "excerpt": "This book provides an introduction to the nature of collaborative action research, explains how to engage in the action research process, and offers readers insights into how collaborative action research may be embedded in everyday classroom practice. The  ...", "url_pdf": null, "num_citations": 6, "cluster_id": "2671004866910156522", "year": "2011", "url_citations": "http://scholar.google.com/scholar?cites=2671004866910156522&as_sdt=2005&sciodt=1,5&hl=en"}, {"num_versions": 7, "url_citation": null, "title": "Teaching with concept mapping instructional strategy in Nigeria secondary schools", "url": "http://www.eurasianjournals.com/index.php/ejpce/article/viewArticle/743", "url_versions": "http://scholar.google.com/scholar?cluster=556443074008526543&hl=en&as_sdt=1,5&sciodt=1,5&as_vis=1", "authors": "OOS Akeju, CO Rotimi\u2026 - Eurasian Journal of  \u2026", "excerpt": "Abstract The research study investigated the effects of teaching with Concept Mapping instructional strategy on learning achievement in Nigeria Secondary Schools. The research study adopted the Quasi-Experimental Research design. The population comprised of a  ...", "url_pdf": null, "num_citations": 3, "cluster_id": "556443074008526543", "year": "2011", "url_citations": "http://scholar.google.com/scholar?cites=556443074008526543&as_sdt=2005&sciodt=1,5&hl=en"}, {"num_versions": 2, "url_citation": null, "title": "Visualising knowledge structures in biology: discipline, curriculum and student understanding", "url": "http://www.tandfonline.com/doi/abs/10.1080/00219266.2011.598178", "url_versions": "http://scholar.google.com/scholar?cluster=15053055077722534619&hl=en&as_sdt=1,5&sciodt=1,5&as_vis=1", "authors": "IM Kinchin - Journal of Biological Education", "excerpt": "Concept mapping is discussed as a tool for the visualisation of knowledge structures that can be exploited within biological education. Application of this tool makes it possible to relate the structure of the curriculum to the structure of the discipline, in order to support  ...", "url_pdf": null, "num_citations": 28, "cluster_id": "15053055077722534619", "year": "2011", "url_citations": "http://scholar.google.com/scholar?cites=15053055077722534619&as_sdt=2005&sciodt=1,5&hl=en"}, {"num_versions": 6, "url_citation": null, "title": "Teaching for clinical reasoning\u2013helping students make the conceptual links", "url": "http://www.tandfonline.com/doi/abs/10.3109/01421591003695303", "url_versions": "http://scholar.google.com/scholar?cluster=12580619422282533188&hl=en&as_sdt=1,5&sciodt=1,5&as_vis=1", "authors": "WJ McMillan - Medical teacher", "excerpt": "Background: Dental educators complain that students struggle to apply what they have learnt theoretically in the clinical context. This paper is premised on the assumption that there is a relationship between conceptual thinking and clinical reasoning. Aims: The  ...", "url_pdf": null, "num_citations": 17, "cluster_id": "12580619422282533188", "year": "2010", "url_citations": "http://scholar.google.com/scholar?cites=12580619422282533188&as_sdt=2005&sciodt=1,5&hl=en"}, {"num_versions": 8, "url_citation": null, "title": "How not to lose your students with concept maps", "url": "http://www.colorado.edu/sei/documents/IPHY/HowNotToLoseStudentsWithConceptMaps_JCST2011.pdf", "url_versions": "http://scholar.google.com/scholar?cluster=11722422433285091476&hl=en&as_sdt=1,5&sciodt=1,5&as_vis=1", "authors": "FJB Bentley, S Kennedy, K Semsar - J Coll Sci Teach", "excerpt": "Methods This study was conducted by faculty specializing in science education research as part of a campuswide science education program and in conjunction with the faculty teaching courses in a science department. The study combined student surveys that  ...", "url_pdf": "http://www.colorado.edu/sei/documents/IPHY/HowNotToLoseStudentsWithConceptMaps_JCST2011.pdf", "num_citations": 8, "cluster_id": "11722422433285091476", "year": "2011", "url_citations": "http://scholar.google.com/scholar?cites=11722422433285091476&as_sdt=2005&sciodt=1,5&hl=en"}, {"num_versions": 3, "url_citation": null, "title": "The impact of concept mapping on the process of problem-based learning", "url": "http://docs.lib.purdue.edu/ijpbl/vol6/iss1/7/", "url_versions": "http://scholar.google.com/scholar?cluster=12092942213712003765&hl=en&as_sdt=1,5&sciodt=1,5&as_vis=1", "authors": "W Zwaal, H Otting - Interdisciplinary Journal of problem-based  \u2026", "excerpt": "Abstract A concept map is a graphical tool to activate and elaborate on prior knowledge, to supportproblem solving, promote conceptual thinking and understanding, and to organize andmemorize knowledge. The aim of this study is to determine if the use of concept  ...", "url_pdf": null, "num_citations": 13, "cluster_id": "12092942213712003765", "year": "2012", "url_citations": "http://scholar.google.com/scholar?cites=12092942213712003765&as_sdt=2005&sciodt=1,5&hl=en"}, {"num_versions": 2, "url_citation": null, "title": "Assessment of integrated learning: Suggested application of concept mapping to prior learning assessment practices", "url": "http://www.tandfonline.com/doi/full/10.1080/07377363.2012.726175", "url_versions": "http://scholar.google.com/scholar?cluster=16796523386628311081&hl=en&as_sdt=1,5&sciodt=1,5&as_vis=1", "authors": "V Popova-Gonci, MC Lamb - The Journal of Continuing Higher  \u2026", "excerpt": "And, irrespective of what one might assume, in the life of a science, problems do not arise by themselves. It is precisely this that marks out a problem as being of the true scientific spirit: all knowledge is in response to a question. If there were no question, there would be no  ...", "url_pdf": null, "num_citations": 7, "cluster_id": "16796523386628311081", "year": "2012", "url_citations": "http://scholar.google.com/scholar?cites=16796523386628311081&as_sdt=2005&sciodt=1,5&hl=en"}, {"num_versions": 4, "url_citation": null, "title": "Response to comment on \u201cretrieval practice produces more learning than elaborative studying with concept mapping\u201d", "url": "http://www.sciencemag.org/content/334/6055/453.4.short", "url_versions": "http://scholar.google.com/scholar?cluster=12865109193483706995&hl=en&as_sdt=1,5&sciodt=1,5&as_vis=1", "authors": "JD Karpicke, JR Blunt - science", "excerpt": "Abstract Mintzes et al. comment on our study in which we showed that retrieval practice enhances meaningful learning more than elaborative studying with concept mapping. Here, we consider and rebut claims that are based on mischaracterizations of our paper and  ...", "url_pdf": null, "num_citations": 10, "cluster_id": "12865109193483706995", "year": "2011", "url_citations": "http://scholar.google.com/scholar?cites=12865109193483706995&as_sdt=2005&sciodt=1,5&hl=en"}, {"num_versions": 14, "url_citation": null, "title": "Pedagogical knowledge representation through concept mapping as a study and collaboration tool in teacher education", "url": "http://ascilite.org.au/ajet/ajet28/koc.html", "url_versions": "http://scholar.google.com/scholar?cluster=4784805176471252259&hl=en&as_sdt=1,5&sciodt=1,5&as_vis=1", "authors": "M Koc - Australasian Journal of Educational Technology", "excerpt": "This study explored (a) pre-service teachers' perceptions of using concept mapping (CM) in one of their pedagogical courses,(b) the predictive power of such implementation in course achievement, and (c) the role of prior experience with CM, type of mapping, and gender  ...", "url_pdf": null, "num_citations": 15, "cluster_id": "4784805176471252259", "year": "2012", "url_citations": "http://scholar.google.com/scholar?cites=4784805176471252259&as_sdt=2005&sciodt=1,5&hl=en"}, {"num_versions": 2, "url_citation": null, "title": "Neighborhood analysis: a new approach to evaluate concept maps' propositional network", "url": "http://www.scielo.br/scielo.php?pid=S1806-11172012000100012&script=sci_arttext", "url_versions": "http://scholar.google.com/scholar?cluster=15509928684880406984&hl=en&as_sdt=1,5&sciodt=1,5&as_vis=1", "authors": "CAT Cicuto, PRM Correia - Revista Brasileira de Ensino de F\u00edsica", "excerpt": "RESUMO A an\u00e1lise detalhada de Mapas Conceituais (MCs) pode revelar informa\u00e7\u00f5es latentes que n\u00e3o s\u00e3o percebidas a partir da mera leitura do seu conjunto de proposi\u00e7\u00f5es. O presente trabalho tem como objetivo propor a An\u00e1lise de Vizinhan\u00e7a (AViz) como uma  ...", "url_pdf": null, "num_citations": 6, "cluster_id": "15509928684880406984", "year": "2012", "url_citations": "http://scholar.google.com/scholar?cites=15509928684880406984&as_sdt=2005&sciodt=1,5&hl=en"}, {"num_versions": 11, "url_citation": null, "title": "A concept mapping exploration of social workers' and mental health nurses' understanding of the role of the Approved Mental Health Professional", "url": "http://www.sciencedirect.com/science/article/pii/S0260691710002200", "url_versions": "http://scholar.google.com/scholar?cluster=15206967539678168286&hl=en&as_sdt=1,5&sciodt=1,5&as_vis=1", "authors": "DT Bressington, H Wells, M Graham - Nurse education today", "excerpt": "This study uses concept mapping and participant interviews to explore how differing professional viewpoints and levels of knowledge held by social workers and mental health nurses affect perceptions of the Approved Mental Health Professional (AMHP) role during  ...", "url_pdf": null, "num_citations": 9, "cluster_id": "15206967539678168286", "year": "2011", "url_citations": "http://scholar.google.com/scholar?cites=15206967539678168286&as_sdt=2005&sciodt=1,5&hl=en"}, {"num_versions": 3, "url_citation": null, "title": "Action research of cyclonic transactions in online management education", "url": "http://scholar.google.com/https://ore.exeter.ac.uk/repository/handle/10036/86555", "url_versions": "http://scholar.google.com/scholar?cluster=17112280300935468848&hl=en&as_sdt=1,5&sciodt=1,5&as_vis=1", "authors": "AS Creed -", "excerpt": "The aim of the research was to generate a cyclonic model for understanding the influences and processes of continuously improving management education in an environment rich in online learning technologies. The research questions were: 1. What is the nature of the  ...", "url_pdf": null, "num_citations": 4, "cluster_id": "17112280300935468848", "year": "2009", "url_citations": "http://scholar.google.com/scholar?cites=17112280300935468848&as_sdt=2005&sciodt=1,5&hl=en"}, {"num_versions": 2, "url_citation": null, "title": "Interaktionale Rezeptionsforschung: Theorie und Methode der Blickaufzeichnung in der Medienforschung", "url": "http://scholar.google.com/https://books.google.com/books?hl=en&lr=&id=_OwiBAAAQBAJ&oi=fnd&pg=PA6&ots=A3yxdPE_AQ&sig=hpFR32nXRvpKuCgQTBsKCcl_efs", "url_versions": "http://scholar.google.com/scholar?cluster=17891968543711014007&hl=en&as_sdt=1,5&sciodt=1,5&as_vis=1", "authors": "HJ Bucher, P Schumacher -", "excerpt": "Ziel des Bandes ist es, den Begriff der Interaktivit\u00e4t f\u00fcr die Rezeptionsforschung fruchtbar zu machen. Dementsprechend werden Befunde aus verschiedenen Blickaufzeichnungsstudien vorgestellt und in einen rezeptionstheoretischen Zusammenhang eingeordnet. Die  ...", "url_pdf": null, "num_citations": 4, "cluster_id": "17891968543711014007", "year": "2012", "url_citations": "http://scholar.google.com/scholar?cites=17891968543711014007&as_sdt=2005&sciodt=1,5&hl=en"}, {"num_versions": 4, "url_citation": null, "title": "The 'IR Model': A Schema for Pedagogic Design and Development in International Relations Distance Learning Programmes", "url": "http://www.palgrave-journals.com/eps/journal/v10/n1/abs/eps201025a.html", "url_versions": "http://scholar.google.com/scholar?cluster=6564580770072838726&hl=en&as_sdt=1,5&sciodt=1,5&as_vis=1", "authors": "JS Rofe - european political science", "excerpt": "Abstract This article looks at the design, development and delivery of the IR Model. The IR Model brings together best-practice in learning design and appreciation of e-learning in producing a distance learning programme in International Relations delivered 100 per  ...", "url_pdf": null, "num_citations": 5, "cluster_id": "6564580770072838726", "year": "2011", "url_citations": "http://scholar.google.com/scholar?cites=6564580770072838726&as_sdt=2005&sciodt=1,5&hl=en"}, {"num_versions": 7, "url_citation": null, "title": "Linking human factors to corporate strategy with cognitive mapping techniques", "url": "http://www.researchgate.net/profile/W_Neumann/publication/273682584_Linking_human_factors_to_corporate_strategy_with_cognitive_mapping_techniques/links/55085c600cf26ff55f818028.pdf", "url_versions": "http://scholar.google.com/scholar?cluster=1593614879789452451&hl=en&as_sdt=1,5&sciodt=1,5&as_vis=1", "authors": "J Village, M Greig, FA Salustri\u2026 - Work-Journal of  \u2026", "excerpt": "Abstract. For human factors (HF) to avoid being considered of \u201cside-car\u201d status, it needs to be positioned within the organization in such a way that it affects business strategies and their implementation. Tools are needed to support this effort. This paper explores the  ...", "url_pdf": "http://www.researchgate.net/profile/W_Neumann/publication/273682584_Linking_human_factors_to_corporate_strategy_with_cognitive_mapping_techniques/links/55085c600cf26ff55f818028.pdf", "num_citations": 4, "cluster_id": "1593614879789452451", "year": "2012", "url_citations": "http://scholar.google.com/scholar?cites=1593614879789452451&as_sdt=2005&sciodt=1,5&hl=en"}, {"num_versions": 7, "url_citation": null, "title": "An\u00e1lise de vizinhan\u00e7a: uma nova abordagem para avaliar a rede proposicional de mapas conceituais", "url": "http://www.scielo.br/pdf/rbef/v34n1/v34n1a12", "url_versions": "http://scholar.google.com/scholar?cluster=10252598433563013356&hl=en&as_sdt=1,5&sciodt=1,5&as_vis=1", "authors": "CAT Cicuto, PRM Correia - Revista Brasileira de Ensino de F\u00edsica,  \u2026", "excerpt": "A an\u00e1lise detalhada de Mapas Conceituais (MCs) pode revelar informa\u00e7oes latentes que nao sao percebidas a partir da mera leitura do seu conjunto de proposi\u00e7oes. O presente trabalho tem como objetivo propor a An\u00e1lise de Vizinhan\u00e7a (AViz) como uma forma  ...", "url_pdf": null, "num_citations": 4, "cluster_id": "10252598433563013356", "year": "2012", "url_citations": "http://scholar.google.com/scholar?cites=10252598433563013356&as_sdt=2005&sciodt=1,5&hl=en"}, {"num_versions": 5, "url_citation": null, "title": "Genel kimya dersinde \u00f6\u011frencilerin kavram haritalama ve problem \u00e7\u00f6zme inanc\u0131n\u0131n incelenmesi", "url": "http://dergipark.ulakbim.gov.tr/hunefd/article/download/5000048498/5000045818", "url_versions": "http://scholar.google.com/scholar?cluster=6596759263617024915&hl=en&as_sdt=1,5&sciodt=1,5&as_vis=1", "authors": "E ERDEM - Hacettepe \u00dcniversitesi E\u011fitim Fak\u00fcltesi Dergisi", "excerpt": "\u00d6ZET: Bu ara\u015ft\u0131rman\u0131n amac\u0131 \u00f6\u011frencilerin Genel Kimya dersinde kimyasal denge konusundaki kavramlar\u0131 nas\u0131l ili\u015fkilendirdi\u011fini ve haz\u0131rlad\u0131klar\u0131 kavram haritalar\u0131 ile \u00f6\u011frencilerin problem \u00e7\u00f6zme inanc\u0131 aras\u0131ndaki ili\u015fkinin incelenmesidir. \u0130ki a\u015famada  ...", "url_pdf": null, "num_citations": 4, "cluster_id": "6596759263617024915", "year": "2008", "url_citations": "http://scholar.google.com/scholar?cites=6596759263617024915&as_sdt=2005&sciodt=1,5&hl=en"}, {"num_versions": 2, "url_citation": null, "title": "The development of moral judgment and organization of ethical knowledge in final year physical therapy students", "url": "http://www.maneyonline.com/doi/abs/10.1179/1743288X12Y.0000000001", "url_versions": "http://scholar.google.com/scholar?cluster=16346985614297757755&hl=en&as_sdt=1,5&sciodt=1,5&as_vis=1", "authors": "I Edwards, G Kessel, M Jones\u2026 - Physical Therapy  \u2026", "excerpt": "Background and purpose: It is well recognized that physical therapy practitioners need to go beyond adherence to professional codes of conduct and have skills of ethical reasoning in order to address the ethical issues which arise in clinical practice. There is little consensus  ...", "url_pdf": null, "num_citations": 7, "cluster_id": "16346985614297757755", "year": "2012", "url_citations": "http://scholar.google.com/scholar?cites=16346985614297757755&as_sdt=2005&sciodt=1,5&hl=en"}, {"num_versions": 7, "url_citation": null, "title": "Different applications of concept maps in Higher Education", "url": "http://www.jiem.org/index.php/jiem/article/view/290", "url_versions": "http://scholar.google.com/scholar?cluster=3137384928295790965&hl=en&as_sdt=1,5&sciodt=1,5&as_vis=1", "authors": "AB Pi\u00e1, E Blasco-Tamarit, MJ Mu\u00f1oz-Portero - Journal of industrial  \u2026", "excerpt": "Purpose: The aim of this work is to show different applications of concept maps in higher education, concretely in qualifications of the Polytechnic University of Valencia. Design/methodology/approach: Different methodologies have been used depending on  ...", "url_pdf": null, "num_citations": 6, "cluster_id": "3137384928295790965", "year": "2011", "url_citations": "http://scholar.google.com/scholar?cites=3137384928295790965&as_sdt=2005&sciodt=1,5&hl=en"}, {"num_versions": 0, "url_citation": null, "title": "Concept mapping as a learning tool in higher education: A critical analysis of recent reviews", "url": "http://www.tandfonline.com/doi/abs/10.1080/07377363.2014.872011", "url_versions": null, "authors": "IM Kinchin - The Journal of Continuing Higher Education", "excerpt": "Abstract This article aims to reexamine conclusions drawn by recent analyses of the literature on concept mapping as an educational tool by considering the wider literature on curriculum development. This is with the aim of enhancing the application of concept  ...", "url_pdf": null, "num_citations": 7, "cluster_id": "16083754645118845434", "year": "2014", "url_citations": "http://scholar.google.com/scholar?cites=16083754645118845434&as_sdt=2005&sciodt=1,5&hl=en"}, {"num_versions": 2, "url_citation": null, "title": "Relating knowledge structures to learning styles and university teaching", "url": "http://scholar.google.com/https://books.google.com/books?hl=en&lr=&id=JU1P8KNWq8UC&oi=fnd&pg=PA129&ots=OcJYzIHWlh&sig=rgL2d7CAi6I9GNV5ZU6w4VCQh7M", "url_versions": "http://scholar.google.com/scholar?cluster=18307467238381048522&hl=en&as_sdt=1,5&sciodt=1,5&as_vis=1", "authors": "IM Kinchin, S Rayner, E Cools - Style differences in cognition,  \u2026", "excerpt": "This chapter draws together work on knowledge structures, learning styles, and university teaching to show how interactions between these elements create serious implications for practice. This synthesis reports on the underlying unity that may be masked by the range  ...", "url_pdf": null, "num_citations": 9, "cluster_id": "18307467238381048522", "year": "2011", "url_citations": "http://scholar.google.com/scholar?cites=18307467238381048522&as_sdt=2005&sciodt=1,5&hl=en"}, {"num_versions": 7, "url_citation": null, "title": "An introduction to concept mapping in dental education: The case of partial denture design", "url": "http://onlinelibrary.wiley.com/doi/10.1111/j.1600-0579.2008.00532.x/full", "url_versions": "http://scholar.google.com/scholar?cluster=5176596937594808627&hl=en&as_sdt=1,5&sciodt=1,5&as_vis=1", "authors": "IM Kinchin, LB Cabot - European Journal of Dental Education", "excerpt": "Abstract The aim of this paper is to present concept mapping as a tool for enhancing clinical dental education and develops the authors' argument for the use of concept mapping presented previously in the pages of this journal. Materials presented are based on data  ...", "url_pdf": null, "num_citations": 6, "cluster_id": "5176596937594808627", "year": "2009", "url_citations": "http://scholar.google.com/scholar?cites=5176596937594808627&as_sdt=2005&sciodt=1,5&hl=en"}, {"num_versions": 13, "url_citation": null, "title": "Concept mapping, mind mapping and argument mapping: what are the differences and do they matter?", "url": "http://link.springer.com/article/10.1007/s10734-010-9387-6", "url_versions": "http://scholar.google.com/scholar?cluster=12871638763934520026&hl=en&as_sdt=1,5&sciodt=1,5&as_vis=1", "authors": "M Davies - Higher education", "excerpt": "Abstract In recent years, academics and educators have begun to use software mapping tools for a number of education-related purposes. Typically, the tools are used to help impart critical and analytical skills to students, to enable students to see relationships between  ...", "url_pdf": null, "num_citations": 142, "cluster_id": "12871638763934520026", "year": "2011", "url_citations": "http://scholar.google.com/scholar?cites=12871638763934520026&as_sdt=2005&sciodt=1,5&hl=en"}, {"num_versions": 2, "url_citation": null, "title": "A new conception of information literacy for the digital environment in higher education", "url": "http://scholar.google.com/https://noril.uib.no/index.php/noril/article/viewArticle/17", "url_versions": "http://scholar.google.com/scholar?cluster=619717297700158391&hl=en&as_sdt=1,5&sciodt=1,5&as_vis=1", "authors": "S Markless - Nordic journal of information literacy in higher  \u2026", "excerpt": "Abstract This paper outlines the author's intellectual journey towards a deeper understanding of the nature of information literacy and how IL learning can be supported. This work was stimulated by a consultancy in one UK university to recommend an  ...", "url_pdf": null, "num_citations": 28, "cluster_id": "619717297700158391", "year": "2009", "url_citations": "http://scholar.google.com/scholar?cites=619717297700158391&as_sdt=2005&sciodt=1,5&hl=en"}]