[{"num_versions": 3, "url_citation": null, "title": "Medical students' approaches to learning before and after the cardiology problem-based learning practice", "url": "http://www.researchgate.net/profile/Evangelia_Karagiannopoulou/publication/272416326_Medical_students_approaches_to_learning_before_and_after_the_cardiology_problem-based_learning_practice/links/54e37d420cf2dbf60692bb50.pdf", "url_versions": "http://scholar.google.com/scholar?cluster=3297710283062215214&hl=en&as_sdt=1,5&sciodt=1,5&as_vis=1", "authors": "E Karagiannopoulou, K Naka, S Kamtsios\u2026 - J Contemp Med  \u2026", "excerpt": "ABSTRACT Background: Recent literature reports inconsistent findings concerning the effect of the problem based learning (PBL) on medical students' approaches to learning. However, there is a lack of studies focused on the comparison of a pre-clinical traditional teaching  ...", "url_pdf": "http://www.researchgate.net/profile/Evangelia_Karagiannopoulou/publication/272416326_Medical_students_approaches_to_learning_before_and_after_the_cardiology_problem-based_learning_practice/links/54e37d420cf2dbf60692bb50.pdf", "num_citations": 0, "cluster_id": null, "year": "2014", "url_citations": null}, {"num_versions": 0, "url_citation": null, "title": "The Validity of ASSIST as a Measurement of Learning Approach among MDAB Students", "url": "http://www.sciencedirect.com/science/article/pii/S1877042813020132", "url_versions": null, "authors": "NFZ Abedin, Z Jaafar, S Husain, R Abdullah - Procedia-Social and  \u2026", "excerpt": "Abstract Students have their own style to receive and respond to learning process. Recognition of student's learning approach is important and the focus should be on education because it is a key factor in the formation of an individual. There are many  ...", "url_pdf": null, "num_citations": 1, "cluster_id": "18186247504335910019", "year": "2013", "url_citations": "http://scholar.google.com/scholar?cites=18186247504335910019&as_sdt=2005&sciodt=1,5&hl=en"}, {"num_versions": 3, "url_citation": null, "title": "The value of video quizzes in a computer science flipped classroom: An empirical study", "url": "http://www.researchgate.net/profile/Mark_Lewis5/publication/272941012_The_Value_of_Video_Quizzes_in_a_Computer_Science_Flipped_Classroom_An_Empirical_Study/links/54f33b630cf2f9e34f07e195.pdf", "url_versions": "http://scholar.google.com/scholar?cluster=16338667947072989328&hl=en&as_sdt=1,5&sciodt=1,5&as_vis=1", "authors": "LL Lacher, MC Lewis - Proc. Int. Conf. on Frontiers in Education:  \u2026", "excerpt": "Abstract\u2014Flipping the classroom has become much more common in the last several years, but in the field of Computer Science it is still a much rarer means of delivery than the traditional classroom setting. One big concern is whether or not students will spend the  ...", "url_pdf": "http://www.researchgate.net/profile/Mark_Lewis5/publication/272941012_The_Value_of_Video_Quizzes_in_a_Computer_Science_Flipped_Classroom_An_Empirical_Study/links/54f33b630cf2f9e34f07e195.pdf", "num_citations": 1, "cluster_id": "16338667947072989328", "year": "2014", "url_citations": "http://scholar.google.com/scholar?cites=16338667947072989328&as_sdt=2005&sciodt=1,5&hl=en"}, {"num_versions": 2, "url_citation": null, "title": "Problem-Based Learning to Foster Deep Learning in Preservice Geography Teacher Education", "url": "http://www.tandfonline.com/doi/abs/10.1080/00221341.2014.894110", "url_versions": "http://scholar.google.com/scholar?cluster=18002255692543022663&hl=en&as_sdt=1,5&sciodt=1,5&as_vis=1", "authors": "A Golightly, S Raath - Journal of Geography", "excerpt": "Abstract In South Africa, geography education students' approach to deep learning has received little attention. Therefore the purpose of this one-shot experimental case study was to evaluate the extent to which first-year geography education students used deep or  ...", "url_pdf": null, "num_citations": 1, "cluster_id": "18002255692543022663", "year": "2015", "url_citations": "http://scholar.google.com/scholar?cites=18002255692543022663&as_sdt=2005&sciodt=1,5&hl=en"}, {"num_versions": 2, "url_citation": null, "title": "The development of self-regulated learning during the pre-clinical stage of medical school: a comparison between a lecture-based and a problem-based curriculum", "url": "http://link.springer.com/article/10.1007/s10459-015-9613-1", "url_versions": "http://scholar.google.com/scholar?cluster=11051591042503019155&hl=en&as_sdt=1,5&sciodt=1,5&as_vis=1", "authors": "SM Lucieer, JN van der Geest, SM El\u00f3i-Santos\u2026 - Advances in Health  \u2026", "excerpt": "Abstract Society expects physicians to always improve their competencies and to be up to date with developments in their field. Therefore, an important aim of medical schools is to educate future medical doctors to become self-regulated, lifelong learners. However, it is  ...", "url_pdf": null, "num_citations": 1, "cluster_id": "11051591042503019155", "year": "2015", "url_citations": "http://scholar.google.com/scholar?cites=11051591042503019155&as_sdt=2005&sciodt=1,5&hl=en"}, {"num_versions": 4, "url_citation": null, "title": "A comparison of self-perceived competencies of traditional and reformed curriculum graduates 6 years after graduation", "url": "http://www.tandfonline.com/doi/abs/10.3109/0142159X.2012.675457", "url_versions": "http://scholar.google.com/scholar?cluster=9879513048184016027&hl=en&as_sdt=1,5&sciodt=1,5&as_vis=1", "authors": "S Watmough, MG Cherry, H O'sullivan - Medical teacher", "excerpt": "Background: In 1996, the University of Liverpool reformed its medical course from a traditional lecture-based programme to an integrated, community based PBL curriculum based on the recommendations in Tomorrow's Doctors (General Medical Council, 1993).  ...", "url_pdf": null, "num_citations": 11, "cluster_id": "9879513048184016027", "year": "2012", "url_citations": "http://scholar.google.com/scholar?cites=9879513048184016027&as_sdt=2005&sciodt=1,5&hl=en"}, {"num_versions": 7, "url_citation": null, "title": "Eesti k\u00f5rgkoolide esmakursuslaste \u00f5pi-ja teadmusk\u00e4situs", "url": "http://scholar.google.com/https://ojs.utlib.ee/index.php/EHA/article/view/1134", "url_versions": "http://scholar.google.com/scholar?cluster=250496069474043613&hl=en&as_sdt=1,5&sciodt=1,5&as_vis=1", "authors": "E Pilli, M Sammul, P Post, \u00dc Aasj\u00f5e\u2026 - \u2026  Ajakiri. Estonian Journal  \u2026", "excerpt": "Abstract Mitmed \u00fcli\u00f5pilaste seas l\u00e4bi viidud uuringud n\u00e4itavad seost epistemoloogiliste uskumuste ehk teadmusk\u00e4situse ja \u00f5pik\u00e4situse vahel. Need uskumused ise aga tingivad selle, kuidas \u00fcli\u00f5pilased v\u00f5tavad vastu erinevaid \u00f5ppej\u00f5u tegevusi ja kuidas nad \u00f5pivad.  ...", "url_pdf": null, "num_citations": 2, "cluster_id": "250496069474043613", "year": "2013", "url_citations": "http://scholar.google.com/scholar?cites=250496069474043613&as_sdt=2005&sciodt=1,5&hl=en"}, {"num_versions": 3, "url_citation": null, "title": "Exploring the relationship between experienced students' preference for open-and closed-book examinations, approaches to learning and achievement", "url": "http://www.tandfonline.com/doi/abs/10.1080/13803611.2013.765691", "url_versions": "http://scholar.google.com/scholar?cluster=12623964984911803105&hl=en&as_sdt=1,5&sciodt=1,5&as_vis=1", "authors": "E Karagiannopoulou, FS Milienos - Educational Research and  \u2026", "excerpt": "The relationship between university students' approaches to learning and preference for the open-and closed-book examinations was investigated for 144 Greek undergraduate (56 third-and 88 fourth-year) students attending a Philosophy, Education and Psychology  ...", "url_pdf": null, "num_citations": 8, "cluster_id": "12623964984911803105", "year": "2013", "url_citations": "http://scholar.google.com/scholar?cites=12623964984911803105&as_sdt=2005&sciodt=1,5&hl=en"}]