[{"num_versions": 4, "url_citation": null, "title": "\u57fa\u4e8e\u5c42\u6b21\u7a00\u758f DBN \u7684\u74f6\u9888\u7279\u5f81\u63d0\u53d6\u65b9\u6cd5*", "url": "http://manu12.magtech.com.cn/Jweb_prai/CN/article/downloadArticleFile.do?attachType=PDF&id=10286", "url_versions": "http://scholar.google.com/scholar?cluster=4349751217426142475&hl=en&as_sdt=1,5&sciodt=1,5&as_vis=1", "authors": "\u738b\u4e00\uff0c \u6768\u4fca\u5b89\uff0c \u5218\u8f89\uff0c \u67f3\u6797 - \u6a21\u5f0f\u8bc6\u522b\u4e0e\u4eba\u5de5\u667a\u80fd", "excerpt": "ABSTRACT To overcome the drawbacks of original speech features that long temporal speeches and the supervised information can not be effectively utilized and the training time cost is high, a bottleneck feature extraction method based on hierarchical deep sparse  ...", "url_pdf": null, "num_citations": 0, "cluster_id": null, "year": "2015", "url_citations": null}, {"num_versions": 4, "url_citation": null, "title": "A real-time speech driven talking avatar based on deep neural network", "url": "http://ieeexplore.ieee.org/xpls/abs_all.jsp?arnumber=6694335", "url_versions": "http://scholar.google.com/scholar?cluster=10367629617244349702&hl=en&as_sdt=1,5&sciodt=1,5&as_vis=1", "authors": "K Zhao, Z Wu, L Cai - Signal and Information Processing  \u2026", "excerpt": "Abstract\u2014This paper describes our initial work in developing a real-time speech driven talking avatar system with deep neural network. The input of the system is the acoustic speech and the output is the articulatory movements (that are synchronized with the input  ...", "url_pdf": null, "num_citations": 3, "cluster_id": "10367629617244349702", "year": "2013", "url_citations": "http://scholar.google.com/scholar?cites=10367629617244349702&as_sdt=2005&sciodt=1,5&hl=en"}, {"num_versions": 3, "url_citation": null, "title": "A tutorial survey of architectures, algorithms, and applications for deep learning", "url": "http://journals.cambridge.org/abstract_S2048770313000097", "url_versions": "http://scholar.google.com/scholar?cluster=4381743472348703222&hl=en&as_sdt=1,5&sciodt=1,5&as_vis=1", "authors": "L Deng - APSIPA Transactions on Signal and Information  \u2026", "excerpt": "Abstract In this invited paper, my overview material on the same topic as presented in the plenary overview session of APSIPA-2011 and the tutorial material presented in the same conference [1] are expanded and updated to include more recent developments in deep  ...", "url_pdf": null, "num_citations": 18, "cluster_id": "4381743472348703222", "year": "2014", "url_citations": "http://scholar.google.com/scholar?cites=4381743472348703222&as_sdt=2005&sciodt=1,5&hl=en"}, {"num_versions": 5, "url_citation": null, "title": "Deep learning for signal and information processing", "url": "http://cs.tju.edu.cn/web/docs/2013-Deep%20Learning%20for%20Signal%20and%20Information%20Processing.pdf", "url_versions": "http://scholar.google.com/scholar?cluster=7346768574939973182&hl=en&as_sdt=1,5&sciodt=1,5&as_vis=1", "authors": "L Deng, D Yu - Microsoft Research Monograph", "excerpt": "ABSTRACT This short monograph contains the material expanded from two tutorials that the authors gave, one at APSIPA in October 2011 and the other at ICASSP in March 2012. Substantial updates have been made based on the literature up to March, 2013, covering  ...", "url_pdf": "http://cs.tju.edu.cn/web/docs/2013-Deep%20Learning%20for%20Signal%20and%20Information%20Processing.pdf", "num_citations": 9, "cluster_id": "7346768574939973182", "year": "2013", "url_citations": "http://scholar.google.com/scholar?cites=7346768574939973182&as_sdt=2005&sciodt=1,5&hl=en"}, {"num_versions": 11, "url_citation": null, "title": "Approximate inference: A sampling based modeling technique to capture complex dependencies in a language model", "url": "http://www.sciencedirect.com/science/article/pii/S0167639312000969", "url_versions": "http://scholar.google.com/scholar?cluster=6075382239393296450&hl=en&as_sdt=1,5&sciodt=1,5&as_vis=1", "authors": "A Deoras, T Mikolov, S Kombrink, K Church - Speech Communication", "excerpt": "In this paper, we present strategies to incorporate long context information directly during the first pass decoding and also for the second pass lattice re-scoring in speech recognition systems. Long-span language models that capture complex syntactic and/or semantic  ...", "url_pdf": null, "num_citations": 9, "cluster_id": "6075382239393296450", "year": "2013", "url_citations": "http://scholar.google.com/scholar?cites=6075382239393296450&as_sdt=2005&sciodt=1,5&hl=en"}, {"num_versions": 12, "url_citation": null, "title": "Foundations and Trends\u00ae in Signal Processing", "url": "http://research.microsoft.com:8082/pubs/209355/DeepLearning-NowPublishing-Vol7-SIG-039.pdf", "url_versions": "http://scholar.google.com/scholar?cluster=15981304847159836793&hl=en&as_sdt=1,5&sciodt=1,5&as_vis=1", "authors": "L Deng, Y Dong - Signal Processing", "excerpt": "7.1. Acoustic modeling for speech recognition 263 industrial researchers; see reviews in [8 9, 161]. The collaborative work started in phone recognition tasks [89, 100, 135, 136, 257, 260, 258, 309, 311, 334], demonstrating the power of hybrid DNN architectures discussed  ...", "url_pdf": "http://research.microsoft.com:8082/pubs/209355/DeepLearning-NowPublishing-Vol7-SIG-039.pdf", "num_citations": 3, "cluster_id": "15981304847159836793", "year": "2014", "url_citations": "http://scholar.google.com/scholar?cites=15981304847159836793&as_sdt=2005&sciodt=1,5&hl=en"}, {"num_versions": 2, "url_citation": null, "title": "Anatomical Structure Sketcher for Cephalograms by Bimodal Deep Learning", "url": "http://www.bmva.org/bmvc/2013/Papers/paper0102/abstract0102.pdf", "url_versions": "http://scholar.google.com/scholar?cluster=13141612680474583056&hl=en&as_sdt=1,5&sciodt=1,5&as_vis=1", "authors": "Y Pei, B Liu, H Zha, B Han, T Xu - Trans. on Biomedical Engineering", "excerpt": "Lateral cephalogram X-ray (LCX) images are essential to provide patientspecific morphological information of anatomical structures. The automatic annotation of anatomical structures in cephalograms has been performed in the biomedical engineering for nearly  ...", "url_pdf": "http://www.bmva.org/bmvc/2013/Papers/paper0102/abstract0102.pdf", "num_citations": 1, "cluster_id": "13141612680474583056", "year": "2006", "url_citations": "http://scholar.google.com/scholar?cites=13141612680474583056&as_sdt=2005&sciodt=1,5&hl=en"}, {"num_versions": 2, "url_citation": null, "title": "Acoustic to articulatory mapping with deep neural network", "url": "http://link.springer.com/article/10.1007/s11042-014-2183-z", "url_versions": "http://scholar.google.com/scholar?cluster=13444117350150259904&hl=en&as_sdt=1,5&sciodt=1,5&as_vis=1", "authors": "Z Wu, K Zhao, X Wu, X Lan, H Meng - Multimedia Tools and Applications", "excerpt": "Abstract Synthetic talking avatar has been demonstrated to be very useful in human-computer interactions. In this paper, we discuss the problem of acoustic to articulatory mapping and explore different kinds of models to describe the mapping function. We try  ...", "url_pdf": null, "num_citations": 1, "cluster_id": "13444117350150259904", "year": "2014", "url_citations": "http://scholar.google.com/scholar?cites=13444117350150259904&as_sdt=2005&sciodt=1,5&hl=en"}, {"num_versions": 3, "url_citation": null, "title": "A cluster-based multiple deep neural networks method for large vocabulary continuous speech recognition", "url": "http://ieeexplore.ieee.org/xpls/abs_all.jsp?arnumber=6638948", "url_versions": "http://scholar.google.com/scholar?cluster=7717326275427661129&hl=en&as_sdt=1,5&sciodt=1,5&as_vis=1", "authors": "P Zhou, C Liu, Q Liu, L Dai\u2026 - Acoustics, Speech and  \u2026", "excerpt": "ABSTRACT Recently a pre-trained context-dependent hybrid deep neural network (DNN) and HMM method has achieved significant performance gain in many large-scale automatic speech recognition (ASR) tasks. However, the error back-propagation (BP) algorithm for  ...", "url_pdf": null, "num_citations": 11, "cluster_id": "7717326275427661129", "year": "2013", "url_citations": "http://scholar.google.com/scholar?cites=7717326275427661129&as_sdt=2005&sciodt=1,5&hl=en"}, {"num_versions": 6, "url_citation": null, "title": "Isolated word recognition in the Sigma cognitive architecture", "url": "http://www.sciencedirect.com/science/article/pii/S2212683X14000644", "url_versions": "http://scholar.google.com/scholar?cluster=14467022773666469979&hl=en&as_sdt=1,5&sciodt=1,5&as_vis=1", "authors": "H Joshi, PS Rosenbloom, V Ustun - Biologically Inspired Cognitive  \u2026", "excerpt": "Abstract Symbolic architectures are effective at complex cognitive reasoning, but typically are incapable of important forms of sub-cognitive processing\u2013such as perception\u2013without distinct modules connected to them via low-bandwidth interfaces. Neural architectures, in  ...", "url_pdf": null, "num_citations": 2, "cluster_id": "14467022773666469979", "year": "2014", "url_citations": "http://scholar.google.com/scholar?cites=14467022773666469979&as_sdt=2005&sciodt=1,5&hl=en"}, {"num_versions": 3, "url_citation": null, "title": "\u6df1\u5ea6\u8bed\u97f3\u4fe1\u53f7\u4e0e\u4fe1\u606f\u5904\u7406: \u7814\u7a76\u8fdb\u5c55\u4e0e\u5c55\u671b", "url": "http://www.cqvip.com/qk/96163x/201402/49506383.html", "url_versions": "http://scholar.google.com/scholar?cluster=3810471627439022392&hl=en&as_sdt=1,5&sciodt=1,5&as_vis=1", "authors": "\u6234\u793c\u8363\uff0c \u5f20\u4ed5\u826f - \u6570\u636e\u91c7\u96c6\u4e0e\u5904\u7406", "excerpt": "\u9996\u5148\u5bf9\u6df1\u5ea6\u5b66\u4e60\u8fdb\u884c\u7b80\u8981\u7684\u4ecb\u7ecd, \u7136\u540e\u5c31\u5176\u5728\u8bed\u97f3\u4fe1\u53f7\u4e0e\u4fe1\u606f\u5904\u7406\u7814\u7a76\u9886\u57df\u7684\u4e3b\u8981\u7814\u7a76\u65b9\u5411, \u5305\u62ec\u8bed\u97f3\u8bc6\u522b, \u8bed\u97f3\u5408\u6210, \u8bed\u97f3\u589e\u5f3a\u7684\u7814\u7a76\u8fdb\u5c55\u8fdb\u884c\u4e86\u8be6\u7ec6\u7684\u4ecb\u7ecd. \u8bed\u97f3\u8bc6\u522b\u65b9\u5411\u4e3b\u8981\u4ecb\u7ecd\u4e86\u57fa\u4e8e\u6df1\u5ea6\u795e\u7ecf\u7f51\u7edc\u7684\u8bed\u97f3\u58f0\u5b66\u5efa\u6a21, \u5927\u6570\u636e\u4e0b\u7684\u6a21\u578b\u8bad\u7ec3\u548c\u8bf4\u8bdd\u4eba\u81ea\u9002\u5e94\u6280\u672f; \u8bed\u97f3\u5408\u6210\u65b9\u5411\u4e3b\u8981 ...", "url_pdf": null, "num_citations": 1, "cluster_id": "3810471627439022392", "year": "2014", "url_citations": "http://scholar.google.com/scholar?cites=3810471627439022392&as_sdt=2005&sciodt=1,5&hl=en"}]