[{"num_versions": 0, "url_citation": null, "title": "Effective deep learning-based multi-modal retrieval", "url": "http://link.springer.com/article/10.1007/s00778-015-0391-4", "url_versions": null, "authors": "W Wang, X Yang, BC Ooi, D Zhang, Y Zhuang - The VLDB Journal", "excerpt": "Abstract Multi-modal retrieval is emerging as a new search paradigm that enables seamless information retrieval from various types of media. For example, users can simply snap a movie poster to search for relevant reviews and trailers. The mainstream solution to the  ...", "url_pdf": null, "num_citations": 3, "cluster_id": "10002088249169269150", "year": "2015", "url_citations": "http://scholar.google.com/scholar?cites=10002088249169269150&as_sdt=2005&sciodt=1,5&hl=en"}, {"num_versions": 4, "url_citation": null, "title": "Deep Sequential Neural Network", "url": "http://arxiv.org/abs/1410.0510", "url_versions": "http://scholar.google.com/scholar?cluster=5723765329146834352&hl=en&as_sdt=1,5&sciodt=1,5&as_vis=1", "authors": "L Denoyer, P Gallinari - arXiv preprint arXiv:1410.0510", "excerpt": "Abstract: Neural Networks sequentially build high-level features through their successive layers. We propose here a new neural network model where each layer is associated with a set of candidate mappings. When an input is processed, at each layer, one mapping  ...", "url_pdf": null, "num_citations": 5, "cluster_id": "5723765329146834352", "year": "2014", "url_citations": "http://scholar.google.com/scholar?cites=5723765329146834352&as_sdt=2005&sciodt=1,5&hl=en"}, {"num_versions": 8, "url_citation": null, "title": "Deep Learning for Web Search and Natural Language Processing", "url": "http://research.microsoft.com:8082/en-us/um/people/jfgao/paper/2015/wsdm2015.v3.pdf", "url_versions": "http://scholar.google.com/scholar?cluster=5620482570387470691&hl=en&as_sdt=1,5&sciodt=1,5&as_vis=1", "authors": "J Gao, X He, L Deng -", "excerpt": "Page 1. Deep Learning for Web Search and Natural Language Processing Jianfeng Gao DeepLearning Technology Center (DLTC) Microsoft Research, Redmond, USA WSDM 2015, Shanghai,China *Thank Li Deng and Xiaodong He, with whom we participated in the ...", "url_pdf": "http://research.microsoft.com:8082/en-us/um/people/jfgao/paper/2015/wsdm2015.v3.pdf", "num_citations": 1, "cluster_id": "5620482570387470691", "year": "2015", "url_citations": "http://scholar.google.com/scholar?cites=5620482570387470691&as_sdt=2005&sciodt=1,5&hl=en"}, {"num_versions": 0, "url_citation": null, "title": "Modelling Syntactic and Semantic Tasks with Linguistically Enriched Recursive Neural Networks", "url": "http://scholar.google.com/https://www.illc.uva.nl/Research/Publications/Reports/MoL-2015-08.text.pdf", "url_versions": null, "authors": "J Mallinson -", "excerpt": "Abstract In this thesis a compositional distributional semantic approach, the Recursive Neural Network, is used to syntactically-semantically compose non-symbolic representations of words. Unlike previous Recursive Neural Network models which use  ...", "url_pdf": "http://scholar.google.com/https://www.illc.uva.nl/Research/Publications/Reports/MoL-2015-08.text.pdf", "num_citations": 0, "cluster_id": null, "year": "2015", "url_citations": null}, {"num_versions": 0, "url_citation": null, "title": "Deep learning for healthcare decision making with EMRs", "url": "http://ieeexplore.ieee.org/xpls/abs_all.jsp?arnumber=6999219", "url_versions": null, "authors": "Z Liang, G Zhang, JX Huang\u2026 - \u2026  and Biomedicine (BIBM),  \u2026", "excerpt": "Abstract\u2014Computer aid technology is widely applied in decision-making and outcome assessment of healthcare delivery, in which modeling knowledge and expert experience is technically important. However, the conventional rule-based models are incapable of  ...", "url_pdf": null, "num_citations": 3, "cluster_id": "4652295658724323917", "year": "2014", "url_citations": "http://scholar.google.com/scholar?cites=4652295658724323917&as_sdt=2005&sciodt=1,5&hl=en"}]