[{"num_versions": 0, "url_citation": null, "title": "Answer sequence learning with neural networks for answer selection in community question answering", "url": "http://arxiv.org/abs/1506.06490", "url_versions": null, "authors": "X Zhou, B Hu, Q Chen, B Tang, X Wang - arXiv preprint arXiv:1506.06490", "excerpt": "Abstract: In this paper, the answer selection problem in community question answering (CQA) is regarded as an answer sequence labeling task, and a novel approach is proposed based on the recurrent architecture for this problem. Our approach applies convolution  ...", "url_pdf": null, "num_citations": 2, "cluster_id": "555704266608645237", "year": "2015", "url_citations": "http://scholar.google.com/scholar?cites=555704266608645237&as_sdt=2005&sciodt=1,5&hl=en"}, {"num_versions": 0, "url_citation": null, "title": "Language Variety Identification Using Distributed Representations of Words and Documents", "url": "http://link.springer.com/chapter/10.1007/978-3-319-24027-5_3", "url_versions": null, "authors": "M Franco-Salvador, F Rangel, P Rosso\u2026 - Experimental IR Meets  \u2026", "excerpt": "Abstract Language variety identification is an author profiling subtask which aims to detect lexical and semantic variations in order to classify different varieties of the same language. In this work we focus on the use of distributed representations of words and documents  ...", "url_pdf": null, "num_citations": 0, "cluster_id": null, "year": "2015", "url_citations": null}, {"num_versions": 0, "url_citation": null, "title": "Classifying relations by ranking with convolutional neural networks", "url": "http://anthology.aclweb.org/P/P15/P15-1061.pdf", "url_versions": null, "authors": "CN dos Santos, B Xiang\u2026 - Proceedings of 53rd  \u2026", "excerpt": "Abstract Relation classification is an important semantic processing task for which state-ofthe-art systems still rely on costly handcrafted features. In this work we tackle the relation classification task using a convolutional neural network that performs classification by  ...", "url_pdf": "http://anthology.aclweb.org/P/P15/P15-1061.pdf", "num_citations": 2, "cluster_id": "17687703580067735397", "year": "2015", "url_citations": "http://scholar.google.com/scholar?cites=17687703580067735397&as_sdt=2005&sciodt=1,5&hl=en"}, {"num_versions": 0, "url_citation": null, "title": "Learning summary prior representation for extractive summarization", "url": "http://www.aclweb.org/anthology/P15-2#page=857", "url_versions": null, "authors": "Z Cao, F Wei, S Li, W Li, M Zhou, H Wang - Proceedings of ACL: Short  \u2026", "excerpt": "Abstract In this paper, we propose the concept of summary prior to define how much a sentence is appropriate to be selected into summary without consideration of its context. Different from previous work using manually compiled documentindependent features, we  ...", "url_pdf": null, "num_citations": 1, "cluster_id": "8382737271846823446", "year": "2015", "url_citations": "http://scholar.google.com/scholar?cites=8382737271846823446&as_sdt=2005&sciodt=1,5&hl=en"}, {"num_versions": 3, "url_citation": null, "title": "Improved semantic representations from tree-structured long short-term memory networks", "url": "http://arxiv.org/abs/1503.00075", "url_versions": "http://scholar.google.com/scholar?cluster=9111909349437359339&hl=en&as_sdt=1,5&sciodt=1,5&as_vis=1", "authors": "KS Tai, R Socher, CD Manning - arXiv preprint arXiv:1503.00075", "excerpt": "Abstract: A Long Short-Term Memory (LSTM) network is a type of recurrent neural network architecture which has recently obtained strong results on a variety of sequence modeling tasks. The only underlying LSTM structure that has been explored so far is a linear chain.  ...", "url_pdf": null, "num_citations": 23, "cluster_id": "9111909349437359339", "year": "2015", "url_citations": "http://scholar.google.com/scholar?cites=9111909349437359339&as_sdt=2005&sciodt=1,5&hl=en"}, {"num_versions": 2, "url_citation": null, "title": "Effective use of word order for text categorization with convolutional neural networks", "url": "http://arxiv.org/abs/1412.1058", "url_versions": "http://scholar.google.com/scholar?cluster=2148087133617345231&hl=en&as_sdt=1,5&sciodt=1,5&as_vis=1", "authors": "R Johnson, T Zhang - arXiv preprint arXiv:1412.1058", "excerpt": "Abstract: Convolutional neural network (CNN) is a neural network that can make use of the internal structure of data such as the 2D structure of image data. This paper studies CNN on text categorization to exploit the 1D structure (namely, word order) of text data for accurate  ...", "url_pdf": null, "num_citations": 8, "cluster_id": "2148087133617345231", "year": "2014", "url_citations": "http://scholar.google.com/scholar?cites=2148087133617345231&as_sdt=2005&sciodt=1,5&hl=en"}, {"num_versions": 0, "url_citation": null, "title": "IRISA at DeFT 2015: Supervised and Unsupervised Methods in Sentiment Analysis", "url": "http://scholar.google.com/https://hal.inria.fr/hal-01196905/", "url_versions": null, "authors": "V Vukotic, V Claveau, C Raymond - D\u00c9fi Fouille de Textes", "excerpt": "In this work, we present the participation of IRISA Linkmedia team at DeFT 2015. The team participated in two tasks: i) valence classification of tweets and ii) fine-grained classification of tweets (which includes two sub-tasks: detection of the generic class of the information  ...", "url_pdf": null, "num_citations": 1, "cluster_id": "1104478505076327593", "year": "2015", "url_citations": "http://scholar.google.com/scholar?cites=1104478505076327593&as_sdt=2005&sciodt=1,5&hl=en"}, {"num_versions": 0, "url_citation": null, "title": "Analyse d'opinions de tweets par r\u00e9seaux de neurones convolutionnels", "url": "http://www.atala.org/taln_archives/ateliers/2015/DEFT/deft-2015-long-008.pdf", "url_versions": null, "authors": "JM Marty, G Wenzek, E Schmitt\u2026 - Actes de DEFT, Caen,  \u2026", "excerpt": "R\u00e9sum\u00e9. La t\u00e2che d'analyse d'opinions consiste \u00e0 d\u00e9tecter la polarit\u00e9 d'un texte (du plus n\u00e9gatif au plus positif). Nous pr\u00e9sentons dans cet article un r\u00e9seau de neurones permettant de trier de mani\u00e8re faiblement supervis\u00e9e un ensemble de tweets en trois cat\u00e9gories : n\u00e9gatif,  ... ", "url_pdf": "http://www.atala.org/taln_archives/ateliers/2015/DEFT/deft-2015-long-008.pdf", "num_citations": 1, "cluster_id": "1774403637788261373", "year": "2015", "url_citations": "http://scholar.google.com/scholar?cites=1774403637788261373&as_sdt=2005&sciodt=1,5&hl=en"}, {"num_versions": 11, "url_citation": null, "title": "Convolutional neural network architectures for matching natural language sentences", "url": "http://papers.nips.cc/paper/5550-distance-based-network-recovery-under-feature-correlation", "url_versions": "http://scholar.google.com/scholar?cluster=212244750819910358&hl=en&as_sdt=1,5&sciodt=1,5&as_vis=1", "authors": "B Hu, Z Lu, H Li, Q Chen - Advances in Neural Information  \u2026", "excerpt": "Abstract Semantic matching is of central importance to many natural language tasks\\ cite {bordes2014semantic, RetrievalQA}. A successful matching algorithm needs to adequately model the internal structures of language objects and the interaction between them. As a  ...", "url_pdf": null, "num_citations": 33, "cluster_id": "212244750819910358", "year": "2014", "url_citations": "http://scholar.google.com/scholar?cites=212244750819910358&as_sdt=2005&sciodt=1,5&hl=en"}, {"num_versions": 0, "url_citation": null, "title": "Learning semantic representations of users and products for document level sentiment classification", "url": "http://www.anthology.aclweb.org/attachments/P/P15/P15-1098.Datasets.pdf", "url_versions": null, "authors": "D Tang, B Qin, T Liu - Proc. ACL", "excerpt": "Abstract Neural network methods have achieved promising results for sentiment classification of text. However, these models only use semantics of texts, while ignoring users who express the sentiment and products which are evaluated, both of which have  ...", "url_pdf": "http://www.anthology.aclweb.org/attachments/P/P15/P15-1098.Datasets.pdf", "num_citations": 1, "cluster_id": "7360146302972499127", "year": "2015", "url_citations": "http://scholar.google.com/scholar?cites=7360146302972499127&as_sdt=2005&sciodt=1,5&hl=en"}, {"num_versions": 0, "url_citation": null, "title": "Skip-thought vectors", "url": "http://arxiv.org/abs/1506.06726", "url_versions": null, "authors": "R Kiros, Y Zhu, R Salakhutdinov, RS Zemel\u2026 - arXiv preprint arXiv: \u2026", "excerpt": "Abstract: We describe an approach for unsupervised learning of a generic, distributed sentence encoder. Using the continuity of text from books, we train an encoder-decoder model that tries to reconstruct the surrounding sentences of an encoded passage.  ...", "url_pdf": null, "num_citations": 2, "cluster_id": "10194299428367499234", "year": "2015", "url_citations": "http://scholar.google.com/scholar?cites=10194299428367499234&as_sdt=2005&sciodt=1,5&hl=en"}, {"num_versions": 0, "url_citation": null, "title": "From paraphrase database to compositional paraphrase model and back", "url": "http://arxiv.org/abs/1506.03487", "url_versions": null, "authors": "J Wieting, M Bansal, K Gimpel, K Livescu - arXiv preprint arXiv: \u2026", "excerpt": "Abstract: The Paraphrase Database (PPDB; Ganitkevitch et al., 2013) is an extensive semantic resource, consisting of a list of phrase pairs with (heuristic) confidence estimates. However, it is still unclear how it can best be used, due to the heuristic nature of the  ...", "url_pdf": null, "num_citations": 1, "cluster_id": "15463675364142986201", "year": "2015", "url_citations": "http://scholar.google.com/scholar?cites=15463675364142986201&as_sdt=2005&sciodt=1,5&hl=en"}, {"num_versions": 2, "url_citation": null, "title": "Local Translation Prediction with Global Sentence Representation", "url": "http://arxiv.org/abs/1502.07920", "url_versions": "http://scholar.google.com/scholar?cluster=18373587729724304487&hl=en&as_sdt=1,5&sciodt=1,5&as_vis=1", "authors": "J Zhang - arXiv preprint arXiv:1502.07920", "excerpt": "Abstract: Statistical machine translation models have made great progress in improving the translation quality. However, the existing models predict the target translation with only the source-and target-side local context information. In practice, distinguishing good  ...", "url_pdf": null, "num_citations": 1, "cluster_id": "18373587729724304487", "year": "2015", "url_citations": "http://scholar.google.com/scholar?cites=18373587729724304487&as_sdt=2005&sciodt=1,5&hl=en"}, {"num_versions": 0, "url_citation": null, "title": "Twitter sentiment analysis with deep convolutional neural networks", "url": "http://dl.acm.org/citation.cfm?id=2767830", "url_versions": null, "authors": "A Severyn, A Moschitti - Proceedings of the 38th International ACM SIGIR \u2026", "excerpt": "Abstract This paper describes our deep learning system for sentiment analysis of tweets. The main contribution of this work is a new model for initializing the parameter weights of the convolutional neural network, which is crucial to train an accurate model while avoiding  ...", "url_pdf": null, "num_citations": 1, "cluster_id": "15045491018633968940", "year": "2015", "url_citations": "http://scholar.google.com/scholar?cites=15045491018633968940&as_sdt=2005&sciodt=1,5&hl=en"}, {"num_versions": 3, "url_citation": null, "title": "Generating Sentences from Semantic Vector Space Representations", "url": "http://cs.umd.edu/%7Emiyyer/pubs/2014_nips_generation.pdf", "url_versions": "http://scholar.google.com/scholar?cluster=8613973505771303709&hl=en&as_sdt=1,5&sciodt=1,5&as_vis=1", "authors": "M Iyyer, J Boyd-Graber, HD III - NIPS Workshop on Learning Semantics", "excerpt": "Distributed vector space models have recently shown success at capturing the semantic meanings of words [2, 15, 14], phrases and sentences [18, 16, 12], and even full documents [13, 3]. However, there has not been much work in the reverse direction: given a single  ...", "url_pdf": "http://cs.umd.edu/%7Emiyyer/pubs/2014_nips_generation.pdf", "num_citations": 1, "cluster_id": "8613973505771303709", "year": "2014", "url_citations": "http://scholar.google.com/scholar?cites=8613973505771303709&as_sdt=2005&sciodt=1,5&hl=en"}]