[{"num_versions": 15, "url_citation": null, "title": "The effect of concept mapping on students' learning achievements and interests", "url": "http://www.tandfonline.com/doi/abs/10.1080/14703290802377240", "url_versions": "http://scholar.google.com/scholar?cluster=7886588775969757575&hl=en&as_sdt=1,5&sciodt=1,5&as_vis=1", "authors": "CC Chiou - Innovations in Education and Teaching International", "excerpt": "The study described in this paper has examined whether concept mapping can be used to help students to improve their learning achievement and interests. The participants were 124 students from two classes enrolled in an advanced accounting course at the School of  ...", "url_pdf": null, "num_citations": 113, "cluster_id": "7886588775969757575", "year": "2008", "url_citations": "http://scholar.google.com/scholar?cites=7886588775969757575&as_sdt=2005&sciodt=1,5&hl=en"}, {"num_versions": 4, "url_citation": null, "title": "Can students be helped to learn how to learn? An evaluation of an approaches to learning programme for first year degree students", "url": "http://link.springer.com/article/10.1007/BF01384496", "url_versions": "http://scholar.google.com/scholar?cluster=14311770272235612275&hl=en&as_sdt=1,5&sciodt=1,5&as_vis=1", "authors": "LS Norton, CM Crowley - Higher Education", "excerpt": "Abstract This study reports on an attempt to improve the quality of student learning by integrating an Approaches to Learning programme, consisting of 8 workshops, into the first year Psychology curriculum. Written accounts of students' conceptions of learning were  ...", "url_pdf": null, "num_citations": 99, "cluster_id": "14311770272235612275", "year": "1995", "url_citations": "http://scholar.google.com/scholar?cites=14311770272235612275&as_sdt=2005&sciodt=1,5&hl=en"}, {"num_versions": 13, "url_citation": null, "title": "Enfoques de aprendizaje, autorregulaci\u00f3n y rendimiento en tres universidades europeas", "url": "http://www.unioviedo.es/reunido/index.php/PST/article/view/8719", "url_versions": "http://scholar.google.com/scholar?cluster=15547887762373935203&hl=en&as_sdt=1,5&sciodt=1,5&as_vis=1", "authors": "J De la Fuente, MC Pichardo, F Justicia, A Berb\u00e9n - Psicothema", "excerpt": "Resumen El trabajo analiza la relaci\u00f3n entre enfoques de aprendizaje, autorregulaci\u00f3n y rendimiento en estudiantes universitarios de tres universidades p\u00fablicas europeas: una brit\u00e1nica (UWIC, Cardiff, UK) y dos espa\u00f1olas (Almer\u00eda y Granada). Se utilizan dos  ...", "url_pdf": null, "num_citations": 56, "cluster_id": "15547887762373935203", "year": "2008", "url_citations": "http://scholar.google.com/scholar?cites=15547887762373935203&as_sdt=2005&sciodt=1,5&hl=en"}, {"num_versions": 11, "url_citation": null, "title": "Motivaci\u00f3n y metacognici\u00f3n, m\u00e1s que una relaci\u00f3n", "url": "http://www.uv.es/relieve/v7n2/RELIEVEv7n2_1.htm", "url_versions": "http://scholar.google.com/scholar?cluster=7176969335828921768&hl=en&as_sdt=1,5&sciodt=1,5&as_vis=1", "authors": "J Ugartetxea - Relieve", "excerpt": "Resumen El prop\u00f3sito de este trabajo es realizar una reflexi\u00f3n de partida para analizar la posible relaci\u00f3n existente entre metacognici\u00f3n y motivaci\u00f3n. Aspectos tales como la atribuci\u00f3n de la causalidad, la localizaci\u00f3n del control, el establecimiento de expectativas  ...", "url_pdf": null, "num_citations": 58, "cluster_id": "7176969335828921768", "year": "2001", "url_citations": "http://scholar.google.com/scholar?cites=7176969335828921768&as_sdt=2005&sciodt=1,5&hl=en"}, {"num_versions": 0, "url_citation": null, "title": "The Impact of Metacognition Training on Academic Self-Efficacy of Selected Underachieving College Students.", "url": "http://eric.ed.gov/?id=ED432607", "url_versions": null, "authors": "LC Rampp, JS Guffey -", "excerpt": "ABSTRACT The effectiveness of training in metacognitive techniques on the academic self-efficacy of students was studied in a population. of college students deemed\" at risk\" because of low scores on the ACT Assessment. Six students completed the 8-week  ...", "url_pdf": null, "num_citations": 12, "cluster_id": "11898079856097071706", "year": "1999", "url_citations": "http://scholar.google.com/scholar?cites=11898079856097071706&as_sdt=2005&sciodt=1,5&hl=en"}, {"num_versions": 4, "url_citation": null, "title": "The effect of concept mapping on students' anxiety and achievement in biology", "url": "http://onlinelibrary.wiley.com/doi/10.1002/tea.3660271004/full", "url_versions": "http://scholar.google.com/scholar?cluster=6984931294461522029&hl=en&as_sdt=1,5&sciodt=1,5&as_vis=1", "authors": "OJ Jegede, FF Alaiyemola\u2026 - Journal of Research in  \u2026", "excerpt": "Abstract The results of recent studies into the use of the concept mapping heuristic seem to demonstrate that meaningful learning results through its use in science classrooms. While this underscores the need to use more effective instructional strategies in science  ...", "url_pdf": null, "num_citations": 175, "cluster_id": "6984931294461522029", "year": "1990", "url_citations": "http://scholar.google.com/scholar?cites=6984931294461522029&as_sdt=2005&sciodt=1,5&hl=en"}, {"num_versions": 7, "url_citation": null, "title": "Developing digital portfolios: Investigating how digital portfolios can facilitate pupil talk about learning", "url": "http://www.tandfonline.com/doi/abs/10.1080/14759390600923535", "url_versions": "http://scholar.google.com/scholar?cluster=12771461611607531390&hl=en&as_sdt=1,5&sciodt=1,5&as_vis=1", "authors": "K Wall, S Higgins, J Miller, N Packard - Technology, Pedagogy and \u2026", "excerpt": "The Digital Portfolio Project at Newcastle University aimed over one year (2002/2003) to support teachers in producing, storing and accessing assessment portfolios of learner's work using information and communications technology (ICT). This paper draws on evidence of  ...", "url_pdf": null, "num_citations": 37, "cluster_id": "12771461611607531390", "year": "2006", "url_citations": "http://scholar.google.com/scholar?cites=12771461611607531390&as_sdt=2005&sciodt=1,5&hl=en"}, {"num_versions": 6, "url_citation": null, "title": "Metacognitive engagement during field\u2010trip experiences: A case study of students in an amusement park physics program", "url": "http://onlinelibrary.wiley.com/doi/10.1002/tea.20266/abstract", "url_versions": "http://scholar.google.com/scholar?cluster=8897043638645297745&hl=en&as_sdt=1,5&sciodt=1,5&as_vis=1", "authors": "WS Nielsen, S Nashon\u2026 - Journal of Research in  \u2026", "excerpt": "Abstract This article reports on a study that investigated students' metacognitive engagement in both out-of-school and classroom settings, as they participated in an amusement park physics program. Students from two schools that participated in the program worked in  ...", "url_pdf": null, "num_citations": 33, "cluster_id": "8897043638645297745", "year": "2009", "url_citations": "http://scholar.google.com/scholar?cites=8897043638645297745&as_sdt=2005&sciodt=1,5&hl=en"}, {"num_versions": 8, "url_citation": null, "title": "In their own words: Understanding student conceptions of writing through their spontaneous metaphors in the science classroom", "url": "http://link.springer.com/article/10.1007/s11251-005-6929-x", "url_versions": "http://scholar.google.com/scholar?cluster=15718569312043332114&hl=en&as_sdt=1,5&sciodt=1,5&as_vis=1", "authors": "T Levin, T Wagner - Instructional Science", "excerpt": "Abstract This article explores student views on writing as shown by the metaphors they use when asked to reflect on their own writing-to-learn tasks in the science classroom. The study examines the metaphors and metaphoric themes of 97 eighth grade students, discusses  ...", "url_pdf": null, "num_citations": 38, "cluster_id": "15718569312043332114", "year": "2006", "url_citations": "http://scholar.google.com/scholar?cites=15718569312043332114&as_sdt=2005&sciodt=1,5&hl=en"}, {"num_versions": 3, "url_citation": null, "title": "Understanding of understanding: Implications for learning and teaching", "url": "http://onlinelibrary.wiley.com/doi/10.1111/j.2044-8279.1991.tb00985.x/full", "url_versions": "http://scholar.google.com/scholar?cluster=18383210919462045284&hl=en&as_sdt=1,5&sciodt=1,5&as_vis=1", "authors": "J Burns, J Clift, J Duncan - British Journal of Educational  \u2026", "excerpt": "S ummary. This study investigates sixth form students' understanding of \u201cunderstanding\u201d in the context of learning in chemistry. Thirty-nine randomly selected students of low, average and high school achievement and their six chemistry teachers were interviewed and their  ...", "url_pdf": null, "num_citations": 56, "cluster_id": "18383210919462045284", "year": "1991", "url_citations": "http://scholar.google.com/scholar?cites=18383210919462045284&as_sdt=2005&sciodt=1,5&hl=en"}, {"num_versions": 5, "url_citation": null, "title": "Pushing the boundaries of interaction in videoconferencing: A dialogical approach", "url": "http://www.tandfonline.com/doi/abs/10.1080/0158791970180210", "url_versions": "http://scholar.google.com/scholar?cluster=3865955850898164471&hl=en&as_sdt=1,5&sciodt=1,5&as_vis=1", "authors": "C Burke, R Lundin, C Daunt - Distance Education", "excerpt": "Building on experiences with a group of Masters students in 1994, videoconferencing was used the following year to enhance delivery to distance education students in Hong Kong. Following six weeks intensive study on\u2010campus in Brisbane, students returned to their  ...", "url_pdf": null, "num_citations": 31, "cluster_id": "3865955850898164471", "year": "1997", "url_citations": "http://scholar.google.com/scholar?cites=3865955850898164471&as_sdt=2005&sciodt=1,5&hl=en"}, {"num_versions": 2, "url_citation": null, "title": "Transforming Learning", "url": "http://scholar.google.com/https://books.google.com/books?hl=en&lr=&id=VrWvAwAAQBAJ&oi=fnd&pg=PR5&ots=gUF9AjX_rj&sig=EoDpn5TPOJjetuNzUIGnjEfdNpU", "url_versions": "http://scholar.google.com/scholar?cluster=1973671843750743631&hl=en&as_sdt=1,5&sciodt=1,5&as_vis=1", "authors": "S Askew -", "excerpt": "This study promotes a model of education which is collaborative and non-hierarchical. While traditional approaches to learning and teaching stress cognitive aspects of development and learning, this text advocates an approach which synthesizes the cognitive, affective and  ...", "url_pdf": null, "num_citations": 106, "cluster_id": "1973671843750743631", "year": "1998", "url_citations": "http://scholar.google.com/scholar?cites=1973671843750743631&as_sdt=2005&sciodt=1,5&hl=en"}, {"num_versions": 5, "url_citation": null, "title": "Active learning\u2014a cultural change needed in teacher education and schools", "url": "http://www.sciencedirect.com/science/article/pii/S0742051X02000422", "url_versions": "http://scholar.google.com/scholar?cluster=16127190311677274690&hl=en&as_sdt=1,5&sciodt=1,5&as_vis=1", "authors": "H Niemi - Teaching and teacher education", "excerpt": "In this article, the purpose is to evaluate how teacher education may promote active learning and what the main obstacles are to reach this target. The problem is investigated from the perspective of student teachers, teacher educators, teachers and pupils in schools. All  ...", "url_pdf": null, "num_citations": 227, "cluster_id": "16127190311677274690", "year": "2002", "url_citations": "http://scholar.google.com/scholar?cites=16127190311677274690&as_sdt=2005&sciodt=1,5&hl=en"}, {"num_versions": 2, "url_citation": null, "title": "Individual characteristics and web-based courses", "url": "http://scholar.google.com/https://books.google.com/books?hl=en&lr=&id=22QmV2L3jHAC&oi=fnd&pg=PA45&ots=SoDQq9gmH-&sig=UcKJVb6DYMRlQ0_OTklR_Rx2Fac", "url_versions": "http://scholar.google.com/scholar?cluster=17154201127556799361&hl=en&as_sdt=1,5&sciodt=1,5&as_vis=1", "authors": "MD Anderson - Learning and teaching on the World Wide Web", "excerpt": "Educators have a rich history of exploring the different ways of presenting material to students. Psychologists have an equally long record of inquiry into the learning process. When we combine the results from these two areas we have a very potent mix\u2014one able  ...", "url_pdf": null, "num_citations": 89, "cluster_id": "17154201127556799361", "year": "2001", "url_citations": "http://scholar.google.com/scholar?cites=17154201127556799361&as_sdt=2005&sciodt=1,5&hl=en"}, {"num_versions": 2, "url_citation": null, "title": "BIGGS'S 3P MODEL OF LEARNING: THE ROLE OF PERSONAL CHARACTERISTICS AND ENVIRONMENTAL INFLUENCES ON APPROACHES TO  \u2026", "url": "http://scholar.google.com/https://www120.secure.griffith.edu.au/rch/file/7244b89c-72f1-b20c-f305-273f3a6a68be/1/02Whole.pdf", "url_versions": "http://scholar.google.com/scholar?cluster=11708528570730532431&hl=en&as_sdt=1,5&sciodt=1,5&as_vis=1", "authors": "C Jones -", "excerpt": "ABSTRACT The aim of this research programme was to examine the 3P model of learning (Biggs, 1987a, 1999). The first stage necessarily involved an examination of the Study Process Questionnaire (SPQ)(Biggs, 1987a), an instrument developed to measure the  ...", "url_pdf": "http://scholar.google.com/https://www120.secure.griffith.edu.au/rch/file/7244b89c-72f1-b20c-f305-273f3a6a68be/1/02Whole.pdf", "num_citations": 18, "cluster_id": "11708528570730532431", "year": "2002", "url_citations": "http://scholar.google.com/scholar?cites=11708528570730532431&as_sdt=2005&sciodt=1,5&hl=en"}, {"num_versions": 5, "url_citation": null, "title": "Using metaphor to probe students' conceptions of chemistry learning", "url": "http://www.tandfonline.com/doi/abs/10.1080/095006999290507", "url_versions": "http://scholar.google.com/scholar?cluster=17980588631574920331&hl=en&as_sdt=1,5&sciodt=1,5&as_vis=1", "authors": "GP Thomas, CJ McRobbie - International Journal of Science  \u2026", "excerpt": "Changing students' views of themselves as learners and the learning strategies they use requires methods to make their views regarding teaching, learning and their roles as learners explicit to themselves and to teachers. This was an interpretive study that  ...", "url_pdf": null, "num_citations": 29, "cluster_id": "17980588631574920331", "year": "1999", "url_citations": "http://scholar.google.com/scholar?cites=17980588631574920331&as_sdt=2005&sciodt=1,5&hl=en"}, {"num_versions": 3, "url_citation": null, "title": "Learning and assessment: exposing the inconsistencies of theory and practice", "url": "http://www.tandfonline.com/doi/abs/10.1080/0305498930190309", "url_versions": "http://scholar.google.com/scholar?cluster=16872876770514102599&hl=en&as_sdt=1,5&sciodt=1,5&as_vis=1", "authors": "D Willis - Oxford Review of Education", "excerpt": "Abstract The arguments presented in this article are based on the assumption that those involved in education hold particular views about the nature of learning and its relation to assessment. This article uses the insights that can be gained from recent research into  ...", "url_pdf": null, "num_citations": 63, "cluster_id": "16872876770514102599", "year": "1993", "url_citations": "http://scholar.google.com/scholar?cites=16872876770514102599&as_sdt=2005&sciodt=1,5&hl=en"}, {"num_versions": 8, "url_citation": null, "title": "Toward a model of motivated vocabulary learning: A structural equation modeling approach", "url": "http://onlinelibrary.wiley.com/doi/10.1111/j.1467-9922.2008.00444.x/pdf", "url_versions": "http://scholar.google.com/scholar?cluster=9011930458104842729&hl=en&as_sdt=1,5&sciodt=1,5&as_vis=1", "authors": "WT Tseng, N Schmitt - Language Learning", "excerpt": "1. The initial report of this article was presented at the 14th World Congress of Applied Linguistics, Madison, Wisconsin, USA, July 24\u201329, 2005. The authors would like to thank Zolt\u00e1n D\u00f6rnyei for very useful discussions of the issues involved during the course of this  ...", "url_pdf": null, "num_citations": 80, "cluster_id": "9011930458104842729", "year": "2008", "url_citations": "http://scholar.google.com/scholar?cites=9011930458104842729&as_sdt=2005&sciodt=1,5&hl=en"}, {"num_versions": 3, "url_citation": null, "title": "Ivory tower to concrete jungle: The difficult transition from the academy to the workplace as learning environments", "url": "http://www.jstor.org/stable/1982209", "url_versions": "http://scholar.google.com/scholar?cluster=3778083638732818290&hl=en&as_sdt=1,5&sciodt=1,5&as_vis=1", "authors": "PC Candy, RG Crebert - The Journal of Higher Education", "excerpt": "There are numerous major differences or discontinuities between the learning environments of the university or college and the world of work. Graduates' short-and long-term productivity could be enhanced if the transition from one situation to another were  ...", "url_pdf": null, "num_citations": 194, "cluster_id": "3778083638732818290", "year": "1991", "url_citations": "http://scholar.google.com/scholar?cites=3778083638732818290&as_sdt=2005&sciodt=1,5&hl=en"}, {"num_versions": 5, "url_citation": null, "title": "Using a metaphor for learning to improve students' metacognition in the chemistry classroom", "url": "http://www.researchgate.net/profile/Campbell_Mcrobbie/publication/27480473_Using_a_Metaphor_for_Learning_to_Improve_Students%27_Metacognition_in_the_Chemistry_Classroom/links/54bd6dee0cf218d4a16a28aa.pdf", "url_versions": "http://scholar.google.com/scholar?cluster=11069962818056317402&hl=en&as_sdt=1,5&sciodt=1,5&as_vis=1", "authors": "GP Thomas, CJ McRobbie - Journal of Research in Science  \u2026", "excerpt": "Abstract: A constructivist framework was used in conjunction with an interpretive methodology to investigate the effect of an intervention using the metaphor``learning is constructing''on students' metacognition and learning processes. The metaphor was used  ...", "url_pdf": "http://www.researchgate.net/profile/Campbell_Mcrobbie/publication/27480473_Using_a_Metaphor_for_Learning_to_Improve_Students%27_Metacognition_in_the_Chemistry_Classroom/links/54bd6dee0cf218d4a16a28aa.pdf", "num_citations": 123, "cluster_id": "11069962818056317402", "year": "2001", "url_citations": "http://scholar.google.com/scholar?cites=11069962818056317402&as_sdt=2005&sciodt=1,5&hl=en"}, {"num_versions": 4, "url_citation": null, "title": "Helping students become better learners: a case study in teacher education", "url": "http://link.springer.com/article/10.1007/BF00132294", "url_versions": "http://scholar.google.com/scholar?cluster=12258773688417780972&hl=en&as_sdt=1,5&sciodt=1,5&as_vis=1", "authors": "BC Dart, JA Clarke - Higher Education", "excerpt": "Abstract The aim of this project is to increase teacher education students' understanding of the learning process by focussing on their own learning experiences. 67 preservice teacher education students in 4 classes completed measures of academic locus of control and  ...", "url_pdf": null, "num_citations": 91, "cluster_id": "12258773688417780972", "year": "1991", "url_citations": "http://scholar.google.com/scholar?cites=12258773688417780972&as_sdt=2005&sciodt=1,5&hl=en"}, {"num_versions": 6, "url_citation": null, "title": "Infusing higher-order thinking and learning to learn into content instruction: a case study of secondary computing studies in Scotland", "url": "http://www.tandfonline.com/doi/abs/10.1080/00220270050033600", "url_versions": "http://scholar.google.com/scholar?cluster=4794955857093185143&hl=en&as_sdt=1,5&sciodt=1,5&as_vis=1", "authors": "M Kirkwood - Journal of curriculum studies", "excerpt": "This case study examines ideas on a thinking curriculum and learning to learn in the context of secondary education, by exploring one subject area-computing studies-at the Scottish secondary 3/4 (S3/S4) level with 14-to 16-year-olds. The infusion approach used in this  ...", "url_pdf": null, "num_citations": 47, "cluster_id": "4794955857093185143", "year": "2000", "url_citations": "http://scholar.google.com/scholar?cites=4794955857093185143&as_sdt=2005&sciodt=1,5&hl=en"}, {"num_versions": 9, "url_citation": null, "title": "Supporting the problem\u2010based learning process in the clinical years: evaluation of an online Clinical Reasoning Guide", "url": "http://onlinelibrary.wiley.com/doi/10.1111/j.1365-2929.2004.01839.x/full", "url_versions": "http://scholar.google.com/scholar?cluster=5138019181666352159&hl=en&as_sdt=1,5&sciodt=1,5&as_vis=1", "authors": "G Ryan, T Dolling, S Barnet - Medical Education", "excerpt": "Purpose Implementing problem-based learning (PBL) in the clinical years of a medical degree presents particular challenges. This study investigated the effectiveness of using an online Clinical Reasoning Guide to assist integration of PBL in the clinical setting and  ...", "url_pdf": null, "num_citations": 23, "cluster_id": "5138019181666352159", "year": "2004", "url_citations": "http://scholar.google.com/scholar?cites=5138019181666352159&as_sdt=2005&sciodt=1,5&hl=en"}, {"num_versions": 2, "url_citation": null, "title": "The effect of a metacognitive strategy of instruction on the anxiety level of students in science classes", "url": "http://www.tandfonline.com/doi/abs/10.1080/0950069900120108", "url_versions": "http://scholar.google.com/scholar?cluster=6885791054788787350&hl=en&as_sdt=1,5&sciodt=1,5&as_vis=1", "authors": "FF Alaiyemola, OJ Jegede\u2026 - International Journal of  \u2026", "excerpt": "The search for more effective, alternative instructional strategies has led to focusing attention on the metacognitive strategy of concept mapping. The heuristic of concept mapping assists learners in understanding concepts and relationships between them and seeing the  ...", "url_pdf": null, "num_citations": 13, "cluster_id": "6885791054788787350", "year": "1990", "url_citations": "http://scholar.google.com/scholar?cites=6885791054788787350&as_sdt=2005&sciodt=1,5&hl=en"}, {"num_versions": 3, "url_citation": null, "title": "The effect of a metacognitive intervention on approach to and self-regulation of learning in baccalaureate nursing students", "url": "http://search.proquest.com/openview/44bb0cd484dc5159b6bfc337a8f2e137/1?pq-origsite=gscholar", "url_versions": "http://scholar.google.com/scholar?cluster=17523828043214519937&hl=en&as_sdt=1,5&sciodt=1,5&as_vis=1", "authors": "MM August-Brady - Journal of Nursing Education", "excerpt": "Abstract According to this model, student factors, teaching context, learning-focused activities, and learning outcomes mutually interact (Biggs et al., 2001).\\ n37) was found between surface approach to learning and inflexible control beliefs. Because the  ...", "url_pdf": null, "num_citations": 62, "cluster_id": "17523828043214519937", "year": "2005", "url_citations": "http://scholar.google.com/scholar?cites=17523828043214519937&as_sdt=2005&sciodt=1,5&hl=en"}, {"num_versions": 2, "url_citation": null, "title": "The decentring of the traditional university: The future of (self) education in virtually figured worlds", "url": "http://scholar.google.com/https://books.google.com/books?hl=en&lr=&id=8vYfC-YwAxIC&oi=fnd&pg=PR1&ots=ELENiE0HIB&sig=UhCIOk6A9OV4byTk-qtELYsH6HQ", "url_versions": "http://scholar.google.com/scholar?cluster=16320490587175738302&hl=en&as_sdt=1,5&sciodt=1,5&as_vis=1", "authors": "RJ Francis -", "excerpt": "The Decentring of the Traditional University provides a unique perspective on the implications of media change for learning and literacy that allows us to peer into the future of (self) education. Each chapter draws on socio-cultural and activity theory to investigate  ...", "url_pdf": null, "num_citations": 15, "cluster_id": "16320490587175738302", "year": "2010", "url_citations": "http://scholar.google.com/scholar?cites=16320490587175738302&as_sdt=2005&sciodt=1,5&hl=en"}, {"num_versions": 10, "url_citation": null, "title": "Description and evaluation of an innovative course on learning and study skills for the first year medical students", "url": "http://jlc.jst.go.jp/DN/JALC/00286093215?from=Google", "url_versions": "http://scholar.google.com/scholar?cluster=391253147820102529&hl=en&as_sdt=1,5&sciodt=1,5&as_vis=1", "authors": "HI Durak, SE T\u00f6r\u00fcn, A Sayiner\u2026 - The Tohoku journal of  \u2026", "excerpt": "The purpose of this study is to share educational structure and evaluation results of an innovative course on effective learning and study skills for the first year medical students. In Turkey, undergraduate medical education takes six years and each year nearly 5,000  ...", "url_pdf": null, "num_citations": 18, "cluster_id": "391253147820102529", "year": "2006", "url_citations": "http://scholar.google.com/scholar?cites=391253147820102529&as_sdt=2005&sciodt=1,5&hl=en"}, {"num_versions": 8, "url_citation": null, "title": "What influences reflective interaction in distance peer learning? Evidence from four long-term online learners of French", "url": "http://www.tandfonline.com/doi/abs/10.1080/0268051032000054112", "url_versions": "http://scholar.google.com/scholar?cluster=6468846679061264025&hl=en&as_sdt=1,5&sciodt=1,5&as_vis=1", "authors": "MN Lamy, X Hassan - Open Learning", "excerpt": "Researchers in text-conferencing have not yet addressed the relationship between changing task designs and learner behaviour, as few have been able to monitor learners over time. We present a study of four learners of French-as-a-foreign-language, interacting  ...", "url_pdf": null, "num_citations": 29, "cluster_id": "6468846679061264025", "year": "2003", "url_citations": "http://scholar.google.com/scholar?cites=6468846679061264025&as_sdt=2005&sciodt=1,5&hl=en"}, {"num_versions": 10, "url_citation": null, "title": "Using blogging to promote clinical reasoning and metacognition in undergraduate physiotherapy fieldwork programs", "url": "http://ascilite.org.au/ajet/submission/index.php/AJET/article/view/1080", "url_versions": "http://scholar.google.com/scholar?cluster=9042297920719102627&hl=en&as_sdt=1,5&sciodt=1,5&as_vis=1", "authors": "SM Tan, RK Ladyshewsky, P Gardner - Australasian Journal of  \u2026", "excerpt": "Abstract This qualitative study investigated the impact of using blogs on the clinical reasoning and meta-cognitive skills of undergraduate physiotherapy students in a fieldwork education program. A blog is a web based document that enables individuals to enter  ...", "url_pdf": null, "num_citations": 21, "cluster_id": "9042297920719102627", "year": "2010", "url_citations": "http://scholar.google.com/scholar?cites=9042297920719102627&as_sdt=2005&sciodt=1,5&hl=en"}, {"num_versions": 2, "url_citation": null, "title": "Identifying characteristics of successful tertiary students using path analysis", "url": "http://link.springer.com/article/10.1007/BF03219552", "url_versions": "http://scholar.google.com/scholar?cluster=17379026219370106240&hl=en&as_sdt=1,5&sciodt=1,5&as_vis=1", "authors": "R Murray-Harvey - The Australian Educational Researcher", "excerpt": "Abstract Academic achievement is the outcome of a complex system of learning and teaching relationships existing within the context of the university. A causal path model was developed and tested using a partial least squares path analysis procedure in order to  ...", "url_pdf": null, "num_citations": 40, "cluster_id": "17379026219370106240", "year": "1993", "url_citations": "http://scholar.google.com/scholar?cites=17379026219370106240&as_sdt=2005&sciodt=1,5&hl=en"}, {"num_versions": 3, "url_citation": null, "title": "Measurement of learning strategies\u2013Creating a self-rating tool for students of virtual university", "url": "http://www.researchgate.net/profile/Anne_Nevgi/publication/237319321_MEASUREMENT_OF_LEARNING_STRATEGIES_-_CREATING_A_SELF-RATING_TOOL_FOR_STUDENTS_OF_THE_VIRTUAL_UNIVERSITY/links/0c96052a5879b65440000000.pdf", "url_versions": "http://scholar.google.com/scholar?cluster=4595837947465005263&hl=en&as_sdt=1,5&sciodt=1,5&as_vis=1", "authors": "A Nevgi - Theoretical understandings for learning in the virtual  \u2026", "excerpt": "Virtual learning environments require a student to be able to selfregulate and manage learning. Students need support in developing this ability to be self-directed learners and take charge of their own learning. The high dropout rate in distance education (Kember  ...", "url_pdf": "http://www.researchgate.net/profile/Anne_Nevgi/publication/237319321_MEASUREMENT_OF_LEARNING_STRATEGIES_-_CREATING_A_SELF-RATING_TOOL_FOR_STUDENTS_OF_THE_VIRTUAL_UNIVERSITY/links/0c96052a5879b65440000000.pdf", "num_citations": 30, "cluster_id": "4595837947465005263", "year": "2002", "url_citations": "http://scholar.google.com/scholar?cites=4595837947465005263&as_sdt=2005&sciodt=1,5&hl=en"}, {"num_versions": 5, "url_citation": null, "title": "\u8bba\u82f1\u8bed\u591a\u5a92\u4f53\u6559\u5b66\u6a21\u5f0f\u4e0e\u5b66\u751f\u5143\u8ba4\u77e5\u80fd\u529b\u7684\u57f9\u517b", "url": "http://202.197.120.98/Downloads/LrnStrtg/str_005.pdf", "url_versions": "http://scholar.google.com/scholar?cluster=17017437854524427786&hl=en&as_sdt=1,5&sciodt=1,5&as_vis=1", "authors": "\u674e\u840d - \u5916\u8bed\u4e0e\u5916\u8bed\u6559\u5b66", "excerpt": "\u6458\u8981: \u672c\u6587\u5206\u6790\u4e86\u57fa\u4e8e\u8ba1\u7b97\u673a\u548c\u8bfe\u5802\u7684\u591a\u5a92\u4f53\u6559\u5b66\u6a21\u5f0f\u4e0e\u81ea\u4e3b\u5b66\u4e60\u4e4b\u95f4\u7684\u5173\u7cfb, \u63d0\u51fa\u5143\u8ba4\u77e5\u80fd\u529b\u7684\u57f9\u517b\u6709\u52a9\u4e8e\u5b66\u751f\u4e2a\u6027\u5316\u5b66\u4e60\u65b9\u6cd5\u7684\u5f62\u6210\u548c\u81ea\u4e3b\u5b66\u4e60\u80fd\u529b\u7684\u52a0\u5f3a. \u5728\u6b64\u57fa\u7840\u4e0a, \u672c\u6587\u8fdb\u4e00\u6b65\u63a2\u8ba8\u4e86\u5728\u6559\u5b66\u8fc7\u7a0b\u4e2d\u8bad\u7ec3\u5b66\u751f\u5143\u8ba4\u77e5\u80fd\u529b\u7684\u53ef\u884c\u6027. \u5173\u952e\u8bcd: \u5927\u5b66\u82f1\u8bed\u8bfe\u7a0b\u6559\u5b66 ...", "url_pdf": "http://202.197.120.98/Downloads/LrnStrtg/str_005.pdf", "num_citations": 90, "cluster_id": "17017437854524427786", "year": "2005", "url_citations": "http://scholar.google.com/scholar?cites=17017437854524427786&as_sdt=2005&sciodt=1,5&hl=en"}, {"num_versions": 3, "url_citation": null, "title": "Peer coaching to generate clinical reasoning skills", "url": "http://scholar.google.com/https://books.google.com/books?hl=en&lr=&id=oYPQAQAAQBAJ&oi=fnd&pg=PA433&ots=pQ_7n1ogQh&sig=hVev7hLLJpUvL9gKAczBxiPb0QY", "url_versions": "http://scholar.google.com/scholar?cluster=17019645167999705451&hl=en&as_sdt=1,5&sciodt=1,5&as_vis=1", "authors": "R Ladyshewsky, R Baker, M Jones - Clinical reasoning in the  \u2026", "excerpt": "Novice healthprofessionals wholack clinical experience are challenged to a greater degree than experienced clinicians when faced with the task ofclinicalreasoning. Thesenovicescommonlyhave a reduced ability to judge the relevance and importanceof  ...", "url_pdf": null, "num_citations": 16, "cluster_id": "17019645167999705451", "year": "2008", "url_citations": "http://scholar.google.com/scholar?cites=17019645167999705451&as_sdt=2005&sciodt=1,5&hl=en"}, {"num_versions": 6, "url_citation": null, "title": "Learning-to-learn strategies as a basis for effective lifelong learning", "url": "http://www.tandfonline.com/doi/abs/10.1080/02601370210141020", "url_versions": "http://scholar.google.com/scholar?cluster=13047990675592823812&hl=en&as_sdt=1,5&sciodt=1,5&as_vis=1", "authors": "IR Cornford - International Journal of Lifelong Education", "excerpt": "Learning-to-learn skills are essential for effective lifelong learning to develop over the entire lifespan. These skills, which consist of cognitive and metacognitive learning strategies, largely have been neglected in analyses of issues surrounding lifelong learning and in  ...", "url_pdf": null, "num_citations": 101, "cluster_id": "13047990675592823812", "year": "2002", "url_citations": "http://scholar.google.com/scholar?cites=13047990675592823812&as_sdt=2005&sciodt=1,5&hl=en"}, {"num_versions": 3, "url_citation": null, "title": "Why from teaching to learning?", "url": "http://eer.sagepub.com/content/8/1/1.short", "url_versions": "http://scholar.google.com/scholar?cluster=7673056820477725034&hl=en&as_sdt=1,5&sciodt=1,5&as_vis=1", "authors": "H Niemi - European educational research journal", "excerpt": "Abstract This article explores the changes in learning research that have been visible over recent decades. It describes how such concepts as learning, knowledge and learning environment have changed and what kinds of claims these transformations make in  ...", "url_pdf": null, "num_citations": 24, "cluster_id": "7673056820477725034", "year": "2009", "url_citations": "http://scholar.google.com/scholar?cites=7673056820477725034&as_sdt=2005&sciodt=1,5&hl=en"}, {"num_versions": 2, "url_citation": null, "title": "Work\u2010based learning in the context of contemporary health care education and practice: A concept analysis", "url": "http://onlinelibrary.wiley.com/doi/10.1002/pdh.284/full", "url_versions": "http://scholar.google.com/scholar?cluster=423455179223152406&hl=en&as_sdt=1,5&sciodt=1,5&as_vis=1", "authors": "K Manley, A Titchen, S Hardy - Practice Development in Health  \u2026", "excerpt": "Abstract Work-based learning has the potential to transform health care services to improve patients' and users' experiences, support the implementation of evidence, provide value for money, improve productivity and achieve continued modernization. This article describes  ...", "url_pdf": null, "num_citations": 35, "cluster_id": "423455179223152406", "year": "2009", "url_citations": "http://scholar.google.com/scholar?cites=423455179223152406&as_sdt=2005&sciodt=1,5&hl=en"}, {"num_versions": 2, "url_citation": null, "title": "Learning to teach: Changes in technical college teachers' beliefs about learning and teaching over a two-year teacher education program", "url": "http://link.springer.com/chapter/10.1007/978-94-010-0593-7_12", "url_versions": "http://scholar.google.com/scholar?cluster=17741316512823718093&hl=en&as_sdt=1,5&sciodt=1,5&as_vis=1", "authors": "A Radloff - Teacher thinking, beliefs and knowledge in higher  \u2026", "excerpt": "Abstract Changes in 23 technical college teachers' beliefs about learning and teaching were examined over a two-year teacher education program. At the beginning of the program, most participants had task rather than cognitive goals, defined learning as absorbing  ...", "url_pdf": null, "num_citations": 14, "cluster_id": "17741316512823718093", "year": "2002", "url_citations": "http://scholar.google.com/scholar?cites=17741316512823718093&as_sdt=2005&sciodt=1,5&hl=en"}, {"num_versions": 5, "url_citation": null, "title": "Predators of knowledge construction: Interpreting students' metacognition in an amusement park physics program", "url": "http://onlinelibrary.wiley.com/doi/10.1002/sce.20176/abstract", "url_versions": "http://scholar.google.com/scholar?cluster=10118295464680108759&hl=en&as_sdt=1,5&sciodt=1,5&as_vis=1", "authors": "D Anderson, S Nashon - Science Education", "excerpt": "Abstract It is recognized widely that learning is a dynamic and idiosyncratic process of construction and reconstruction of concepts in response to new experiences. It is influenced by the learner's prior knowledge, motivation, and sociocultural context. This study  ...", "url_pdf": null, "num_citations": 67, "cluster_id": "10118295464680108759", "year": "2007", "url_citations": "http://scholar.google.com/scholar?cites=10118295464680108759&as_sdt=2005&sciodt=1,5&hl=en"}, {"num_versions": 2, "url_citation": null, "title": "Reconstructing style differences in thinking and learning: profiling learning performance", "url": "http://scholar.google.com/https://books.google.com/books?hl=en&lr=&id=QAYIra8zB34C&oi=fnd&pg=PA115&ots=uVST7Au3Kn&sig=cvwy6ApEhDOYwLGFyugUeLtcUHQ", "url_versions": "http://scholar.google.com/scholar?cluster=8665413757521139246&hl=en&as_sdt=1,5&sciodt=1,5&as_vis=1", "authors": "SG Rayner - International perspectives on individual differences", "excerpt": "This chapter considers the question of style as a theoretical construct in the study of individual differences and learning. A critical review of the field leading to a\" reconstruction\" and elaboration of the style construct is presented. As part of this approach, the origin and  ...", "url_pdf": null, "num_citations": 45, "cluster_id": "8665413757521139246", "year": "2000", "url_citations": "http://scholar.google.com/scholar?cites=8665413757521139246&as_sdt=2005&sciodt=1,5&hl=en"}, {"num_versions": 2, "url_citation": null, "title": "The orchestration of learning and teaching methods in science education", "url": "http://www.tandfonline.com/doi/abs/10.1080/14926150309556582", "url_versions": "http://scholar.google.com/scholar?cluster=3888448199800687439&hl=en&as_sdt=1,5&sciodt=1,5&as_vis=1", "authors": "M Watts - Canadian Journal of Math, Science & Technology  \u2026", "excerpt": "Abstract This paper explores the complexity of matching approaches to teaching to the preferred learning styles of learners. Differentiation among learners can be undertaken in a growing number of ways and the range of approaches to teaching is expanding. The act of  ...", "url_pdf": null, "num_citations": 17, "cluster_id": "3888448199800687439", "year": "2003", "url_citations": "http://scholar.google.com/scholar?cites=3888448199800687439&as_sdt=2005&sciodt=1,5&hl=en"}, {"num_versions": 2, "url_citation": null, "title": "Establishing the face validity of the criteria of teaching competence in the Leicester package for the assessment of teaching skills (L-PAST) for tutor-led, task-orientated \u2026", "url": "http://www.tandfonline.com/doi/abs/10.3109/01421599609034148", "url_versions": "http://scholar.google.com/scholar?cluster=14036353459968339158&hl=en&as_sdt=1,5&sciodt=1,5&as_vis=1", "authors": "ME Preston-Whyte, R McCulloch, RC Fraser - Medical Teacher", "excerpt": "Testing the face validity of criteria of teaching competence, developed for the Leicester package for the assessment of teaching skills (L-PAST) for tutor-led, task-orientated small-group teaching, involved a postal questionnaire sent to a sample of medical members of  ...", "url_pdf": null, "num_citations": 19, "cluster_id": "14036353459968339158", "year": "1996", "url_citations": "http://scholar.google.com/scholar?cites=14036353459968339158&as_sdt=2005&sciodt=1,5&hl=en"}, {"num_versions": 3, "url_citation": null, "title": "Science education for gifted learners", "url": "http://scholar.google.com/https://books.google.com/books?hl=en&lr=&id=KN59AgAAQBAJ&oi=fnd&pg=PP1&ots=gM6_F_hl9U&sig=S3oVeOIwoHGNs9HdsgCRFUYJN80", "url_versions": "http://scholar.google.com/scholar?cluster=14303922376845012633&hl=en&as_sdt=1,5&sciodt=1,5&as_vis=1", "authors": "KS Taber -", "excerpt": "Science is central to our modern technological society, yet many of the most able pupils who could become the scientists of tomorrow turn away from science as soon as they have a choice in their studies. Science is often seen to be difficult or boring, and fails to engage or  ...", "url_pdf": null, "num_citations": 18, "cluster_id": "14303922376845012633", "year": "2007", "url_citations": "http://scholar.google.com/scholar?cites=14303922376845012633&as_sdt=2005&sciodt=1,5&hl=en"}]