[{"num_versions": 3, "url_citation": null, "title": "Online instructional personal environment for deep language learning", "url": "http://www.iojet.org/index.php/IOJET/article/view/32", "url_versions": "http://scholar.google.com/scholar?cluster=10339619105516620590&hl=en&as_sdt=1,5&sciodt=1,5&as_vis=1", "authors": "FV Tochon, AC Karaman, CE \u00d6kten - International Online Journal of  \u2026", "excerpt": "Abstract This article focuses on the creation of instructional materials that serve as a personal environment for learning a less-commonly-taught language. The study aims to raise awareness of ways in which digital personal learning environments can be used in  ...", "url_pdf": null, "num_citations": 3, "cluster_id": "10339619105516620590", "year": "2014", "url_citations": "http://scholar.google.com/scholar?cites=10339619105516620590&as_sdt=2005&sciodt=1,5&hl=en"}, {"num_versions": 4, "url_citation": null, "title": "Tecnolog\u00edas emergentes en instituciones educativas: ventajas y riegos potenciales", "url": "http://dialnet.unirioja.es/servlet/articulo?codigo=4264731", "url_versions": "http://scholar.google.com/scholar?cluster=17102526418735685444&hl=en&as_sdt=1,5&sciodt=1,5&as_vis=1", "authors": "FV Tochon - JETT", "excerpt": "Resumen Este art\u00edculo revisa algunos elementos de la investigaci\u00f3n sobre el portafolio electr\u00f3nico. Aborda en un principio sus componentes, los artefactos, y su organizaci\u00f3n conceptual, luego la dimensi\u00f3n de prueba de competencia profesional que sit\u00faa su  ...", "url_pdf": null, "num_citations": 0, "cluster_id": null, "year": "2012", "url_citations": null}, {"num_versions": 6, "url_citation": null, "title": "Learning the deep approach: language teacher's voices", "url": "http://digibug.ugr.es/handle/10481/30923", "url_versions": "http://scholar.google.com/scholar?cluster=14213920239389755764&hl=en&as_sdt=1,5&sciodt=1,5&as_vis=1", "authors": "C Karaman, C \u00d6kten, FV Tochon -", "excerpt": "Based on the Deep Approach and learning modules prepared for Turkish as a Foreign Language, this qualitative study analyzed the experiences of instructors working at five research universities in the United States and one university in Turkey. The focus was on  ...", "url_pdf": null, "num_citations": 3, "cluster_id": "14213920239389755764", "year": "2012", "url_citations": "http://scholar.google.com/scholar?cites=14213920239389755764&as_sdt=2005&sciodt=1,5&hl=en"}, {"num_versions": 3, "url_citation": null, "title": "Deep education: Assigning a moral role to academic work", "url": "http://www.researchgate.net/profile/Francois_Tochon2/publication/237079789_DEEP_EDUCATION._Assigning_a_Moral_Role_to_Academic_Work/links/0046351bef93ad1d81000000.pdf", "url_versions": "http://scholar.google.com/scholar?cluster=15740730599465918942&hl=en&as_sdt=1,5&sciodt=1,5&as_vis=1", "authors": "FV Tochon - Educa\u00e7ao, Sociedade & Culturas", "excerpt": "Unless we act to reconceptualize and rebuild the social contract on new bases, postindustrial trends might break it down. Intellectuals who work in the academia should have a special role in this respect. Environmentally, socially, humanely, and symbolically  ...", "url_pdf": "http://www.researchgate.net/profile/Francois_Tochon2/publication/237079789_DEEP_EDUCATION._Assigning_a_Moral_Role_to_Academic_Work/links/0046351bef93ad1d81000000.pdf", "num_citations": 5, "cluster_id": "15740730599465918942", "year": "2011", "url_citations": "http://scholar.google.com/scholar?cites=15740730599465918942&as_sdt=2005&sciodt=1,5&hl=en"}]