[{"num_versions": 2, "url_citation": null, "title": "Analysing heritage landscapes with historical GIS: contributions from problem-based inquiry and constructivist pedagogy", "url": "http://www.tandfonline.com/doi/abs/10.1080/03098260020026624", "url_versions": "http://scholar.google.com/scholar?cluster=1098822251942147950&hl=en&as_sdt=1,5&sciodt=1,5&as_vis=1", "authors": "R Summerby-Murray - Journal of Geography in Higher Education", "excerpt": "This article examines a practical classroom experience using GIS technologies to analyse aspects of a local heritage landscape. An inventory of historic buildings comprising architectural and construction details was revised in the field and then analysed using GIS  ...", "url_pdf": null, "num_citations": 39, "cluster_id": "1098822251942147950", "year": "2001", "url_citations": "http://scholar.google.com/scholar?cites=1098822251942147950&as_sdt=2005&sciodt=1,5&hl=en"}, {"num_versions": 3, "url_citation": null, "title": "Application of problem based learning through research investigation", "url": "http://www.tandfonline.com/doi/abs/10.1080/03098260701514033", "url_versions": "http://scholar.google.com/scholar?cluster=11960343275676619320&hl=en&as_sdt=1,5&sciodt=1,5&as_vis=1", "authors": "J Beringer - Journal of Geography in Higher Education", "excerpt": "Problem-based learning (PBL) is a teaching technique that uses problem-solving as the basis for student learning. The technique is student-centred with teachers taking the role of a facilitator. Its general aims are to construct a knowledge base, develop problem-solving  ...", "url_pdf": null, "num_citations": 45, "cluster_id": "11960343275676619320", "year": "2007", "url_citations": "http://scholar.google.com/scholar?cites=11960343275676619320&as_sdt=2005&sciodt=1,5&hl=en"}, {"num_versions": 3, "url_citation": null, "title": "Fieldwork in the undergraduate geography programme: challenges and changes", "url": "http://www.tandfonline.com/doi/abs/10.1080/03098269608709380", "url_versions": "http://scholar.google.com/scholar?cluster=5256528392560560421&hl=en&as_sdt=1,5&sciodt=1,5&as_vis=1", "authors": "L McEwen - Journal of Geography in Higher Education", "excerpt": "Abstract The paper provides a critical commentary on issues facing fieldwork in undergraduate geography programmes in the 1990s, with particular reference to the UK but with many principles applicable to other areas of fieldwork provision, for example in North  ...", "url_pdf": null, "num_citations": 49, "cluster_id": "5256528392560560421", "year": "1996", "url_citations": "http://scholar.google.com/scholar?cites=5256528392560560421&as_sdt=2005&sciodt=1,5&hl=en"}, {"num_versions": 6, "url_citation": null, "title": "Disrupting the 'whiteness' of fieldwork in geography", "url": "http://onlinelibrary.wiley.com/doi/10.1111/j.1467-9493.2006.00265.x/pdf", "url_versions": "http://scholar.google.com/scholar?cluster=2707232925267344371&hl=en&as_sdt=1,5&sciodt=1,5&as_vis=1", "authors": "D Abbott - Singapore Journal of Tropical Geography", "excerpt": "This paper argues that whilst fieldwork continues to make an important contribution to the learning and teaching of geography, analysis of the present-day practice of UK universities taking students on long-distance overseas trips remains apolitical and, by and large,  ...", "url_pdf": null, "num_citations": 40, "cluster_id": "2707232925267344371", "year": "2006", "url_citations": "http://scholar.google.com/scholar?cites=2707232925267344371&as_sdt=2005&sciodt=1,5&hl=en"}, {"num_versions": 10, "url_citation": null, "title": "E-learning for geography's teaching and learning spaces", "url": "http://www.tandfonline.com/doi/abs/10.1080/03098260701731694", "url_versions": "http://scholar.google.com/scholar?cluster=1574889185583847440&hl=en&as_sdt=1,5&sciodt=1,5&as_vis=1", "authors": "K Lynch, B Bednarz, J Boxall, L Chalmers\u2026 - Journal of Geography \u2026", "excerpt": "The authors embed their advocacy of educational technology in a consideration of contemporary pedagogy in geography. They provide examples of e-learning from a wide range of teaching and learning contexts. They promote the idea that considering best  ...", "url_pdf": null, "num_citations": 31, "cluster_id": "1574889185583847440", "year": "2008", "url_citations": "http://scholar.google.com/scholar?cites=1574889185583847440&as_sdt=2005&sciodt=1,5&hl=en"}, {"num_versions": 3, "url_citation": null, "title": "Using the rural atelier as an educational method in landscape studies", "url": "http://www.tandfonline.com/doi/abs/10.1080/03098265.2010.486852", "url_versions": "http://scholar.google.com/scholar?cluster=11486487846860444914&hl=en&as_sdt=1,5&sciodt=1,5&as_vis=1", "authors": "E Meijles, B Van Hoven - Journal of Geography in Higher  \u2026", "excerpt": "Drawing on experiences from a project conducted in the 'Drentsche Aa'area in the Netherlands, this article discusses the concept of the 'rural atelier'as a form of problem-based learning. The rural atelier principle was used originally in rural development  ...", "url_pdf": null, "num_citations": 9, "cluster_id": "11486487846860444914", "year": "2010", "url_citations": "http://scholar.google.com/scholar?cites=11486487846860444914&as_sdt=2005&sciodt=1,5&hl=en"}, {"num_versions": 4, "url_citation": null, "title": "Teaching research methodology to geography undergraduates: rationale and practice in a human geography programme", "url": "http://www.tandfonline.com/doi/abs/10.1080/0309826032000145043", "url_versions": "http://scholar.google.com/scholar?cluster=16780525889021701795&hl=en&as_sdt=1,5&sciodt=1,5&as_vis=1", "authors": "RV WELCH, R PANELLI - Journal of Geography in Higher  \u2026", "excerpt": "Recent acknowledgement that geography students should gain knowledge and experience in the research process has not been matched by accounts of how this experience should be taught. In human geography, apart from a small selection of informative textbooks,  ...", "url_pdf": null, "num_citations": 13, "cluster_id": "16780525889021701795", "year": "2003", "url_citations": "http://scholar.google.com/scholar?cites=16780525889021701795&as_sdt=2005&sciodt=1,5&hl=en"}, {"num_versions": 4, "url_citation": null, "title": "Student-led presentations in situ: The challenges to presenting on the edge of a volcano", "url": "http://www.tandfonline.com/doi/abs/10.1080/03098260701514173", "url_versions": "http://scholar.google.com/scholar?cluster=4352039305777489367&hl=en&as_sdt=1,5&sciodt=1,5&as_vis=1", "authors": "A Marvell - Journal of Geography in Higher Education", "excerpt": "Student-led seminars are commonplace within higher education but few are allowed the opportunity of being delivered in situ. Presentations in situ widen the experience of students and develop a range of transferable skills, encouraging a greater sense of place and  ...", "url_pdf": null, "num_citations": 10, "cluster_id": "4352039305777489367", "year": "2008", "url_citations": "http://scholar.google.com/scholar?cites=4352039305777489367&as_sdt=2005&sciodt=1,5&hl=en"}, {"num_versions": 3, "url_citation": null, "title": "Evaluating Differences in Landscape Interpretation between Webcam and Field-Based Experiences", "url": "http://www.tandfonline.com/doi/abs/10.1080/03098265.2011.621165", "url_versions": "http://scholar.google.com/scholar?cluster=8934776356106020526&hl=en&as_sdt=1,5&sciodt=1,5&as_vis=1", "authors": "KN Kolivras, CR Luebbering\u2026 - Journal of Geography In  \u2026", "excerpt": "Field trips have become less common due to issues including budget constraints and large class sizes. Research suggests that virtual field trips can substitute for field visits, but the role of webcams has not been evaluated. To investigate the potential for webcams to substitute  ...", "url_pdf": null, "num_citations": 5, "cluster_id": "8934776356106020526", "year": "2012", "url_citations": "http://scholar.google.com/scholar?cites=8934776356106020526&as_sdt=2005&sciodt=1,5&hl=en"}, {"num_versions": 4, "url_citation": null, "title": "Collaborative learning and interinstitutional partnerships: An opportunity for integrative fieldwork in geography", "url": "http://www.tandfonline.com/doi/abs/10.1080/00221341.2011.546421", "url_versions": "http://scholar.google.com/scholar?cluster=9093150077164953670&hl=en&as_sdt=1,5&sciodt=1,5&as_vis=1", "authors": "N Hoalst-Pullen, JD Gatrell - Journal of Geography", "excerpt": "Abstract This article explores the contemporary function and value of field-oriented geography experiences for university-level students. The article details the design and delivery of an interinstitutional field course that partnered faculty and students\u2014both  ...", "url_pdf": null, "num_citations": 8, "cluster_id": "9093150077164953670", "year": "2011", "url_citations": "http://scholar.google.com/scholar?cites=9093150077164953670&as_sdt=2005&sciodt=1,5&hl=en"}, {"num_versions": 9, "url_citation": null, "title": "Serious games for geographical field skills: an exploration", "url": "http://www.computer.org/csdl/proceedings/vs-games/2010/3986/00/3986a071-abs.html", "url_versions": "http://scholar.google.com/scholar?cluster=10760270208458671249&hl=en&as_sdt=1,5&sciodt=1,5&as_vis=1", "authors": "S Ashfield, C Jarvis, J Kaduk - \u2026  on Games and Virtual Worlds for  \u2026", "excerpt": "ABSTRACT This paper explores the synergies between geography, GIScience and serious gaming. From a skills-based rather than issues-based direction, the work highlights opportunities for using games engines for the development of fieldwork preparation tools.  ...", "url_pdf": null, "num_citations": 3, "cluster_id": "10760270208458671249", "year": "2010", "url_citations": "http://scholar.google.com/scholar?cites=10760270208458671249&as_sdt=2005&sciodt=1,5&hl=en"}, {"num_versions": 4, "url_citation": null, "title": "Learning in the field: Synthesis of research on thinking and learning in the geosciences", "url": "http://specialpapers.gsapubs.org/content/486/131.abstract", "url_versions": "http://scholar.google.com/scholar?cluster=5335956728147232823&hl=en&as_sdt=1,5&sciodt=1,5&as_vis=1", "authors": "DW Mogk, C Goodwin - Geological Society of America  \u2026", "excerpt": "Abstract Learning in the field has traditionally been one of the fundamental components of the geoscience curriculum. In light of the historical value that has been ascribed to field instruction, there is a surprising paucity of scholarly studies that provide the direct  ...", "url_pdf": null, "num_citations": 26, "cluster_id": "5335956728147232823", "year": "2012", "url_citations": "http://scholar.google.com/scholar?cites=5335956728147232823&as_sdt=2005&sciodt=1,5&hl=en"}, {"num_versions": 2, "url_citation": null, "title": "Green map exercises as an avenue for problem-based learning in a data-rich environment", "url": "http://www.tandfonline.com/doi/abs/10.1080/00221340701839741", "url_versions": "http://scholar.google.com/scholar?cluster=14348429133955288803&hl=en&as_sdt=1,5&sciodt=1,5&as_vis=1", "authors": "D Tulloch, E Graff - Journal of Geography", "excerpt": "Abstract This article describes a series of data-based Green Map learning exercises positioned within a problem-based framework and examines the appropriateness of projects like these as a form of geography education. Problem-based learning (PBL) is an  ...", "url_pdf": null, "num_citations": 6, "cluster_id": "14348429133955288803", "year": "2008", "url_citations": "http://scholar.google.com/scholar?cites=14348429133955288803&as_sdt=2005&sciodt=1,5&hl=en"}, {"num_versions": 4, "url_citation": null, "title": "A field-based technique for teaching about habitat fragmentation and edge effects", "url": "http://www.tandfonline.com/doi/abs/10.1080/00221340903307901", "url_versions": "http://scholar.google.com/scholar?cluster=779829730464579725&hl=en&as_sdt=1,5&sciodt=1,5&as_vis=1", "authors": "LM Resler, KN Kolivras - Journal of Geography", "excerpt": "Abstract This article presents a field technique that exposes students to the indirect effects of habitat fragmentation on plant distributions through studying edge effects. This assignment, suited for students in an introductory biogeography or resource geography class,  ...", "url_pdf": null, "num_citations": 7, "cluster_id": "779829730464579725", "year": "2009", "url_citations": "http://scholar.google.com/scholar?cites=779829730464579725&as_sdt=2005&sciodt=1,5&hl=en"}, {"num_versions": 4, "url_citation": null, "title": "A group-learning approach to academic and transferable skills through an exercise in the global positioning system", "url": "http://www.tandfonline.com/doi/abs/10.1080/03098269985254", "url_versions": "http://scholar.google.com/scholar?cluster=5255980094944759390&hl=en&as_sdt=1,5&sciodt=1,5&as_vis=1", "authors": "GH Brown - Journal of Geography in Higher Education", "excerpt": "An undergraduate tutorial project, based on the utility and application of the global positioning system (GPS) to geographical problems, offers the potential to develop a wide range of academic and transferable skills. A broad understanding of the accuracy,  ...", "url_pdf": null, "num_citations": 22, "cluster_id": "5255980094944759390", "year": "1999", "url_citations": "http://scholar.google.com/scholar?cites=5255980094944759390&as_sdt=2005&sciodt=1,5&hl=en"}, {"num_versions": 4, "url_citation": null, "title": "An activity-based learning approach for key geographical information systems (GIS) concepts", "url": "http://www.tandfonline.com/doi/abs/10.1080/03098265.2012.654468", "url_versions": "http://scholar.google.com/scholar?cluster=15001081563519436859&hl=en&as_sdt=1,5&sciodt=1,5&as_vis=1", "authors": "SK Srivastava, C Tait - Journal of Geography in Higher Education", "excerpt": "This study presents the effect of active learning methods of concepts in geographical information systems where students participated in a series of interlocked learning experiences. These activities spanned several teaching weeks and involved the creation  ...", "url_pdf": null, "num_citations": 10, "cluster_id": "15001081563519436859", "year": "2012", "url_citations": "http://scholar.google.com/scholar?cites=15001081563519436859&as_sdt=2005&sciodt=1,5&hl=en"}, {"num_versions": 11, "url_citation": null, "title": "The Impact of Problem-Based Learning in an Interdisciplinary First-Year Program on Student Learning Behaviour.", "url": "http://eric.ed.gov/?id=EJ799707", "url_versions": "http://scholar.google.com/scholar?cluster=15526767296803991413&hl=en&as_sdt=1,5&sciodt=1,5&as_vis=1", "authors": "J Murray, A Summerlee - Canadian Journal of Higher Education", "excerpt": "ABSTRACT Canadian universities are struggling to address seemingly contradictory challenges pertaining to undergraduate education: high demand and underfunding. A number of instruments, including the National Survey of Student Engagement (National  ...", "url_pdf": null, "num_citations": 24, "cluster_id": "15526767296803991413", "year": "2007", "url_citations": "http://scholar.google.com/scholar?cites=15526767296803991413&as_sdt=2005&sciodt=1,5&hl=en"}, {"num_versions": 0, "url_citation": null, "title": "Utilitarian approaches to fieldwork: a critique", "url": "http://www.jstor.org/stable/40573207", "url_versions": null, "authors": "E Rynne - Geography", "excerpt": "The hypothesis-testing approach to fieldwork has been widely adopted at all levels in geographical teaching. The assumption is that it offers students active participation in learning geographical concepts as well as enabling them to understand the mechanics of  ...", "url_pdf": null, "num_citations": 13, "cluster_id": "9514019653704893925", "year": "1998", "url_citations": "http://scholar.google.com/scholar?cites=9514019653704893925&as_sdt=2005&sciodt=1,5&hl=en"}, {"num_versions": 6, "url_citation": null, "title": "Photography as geographical fieldwork", "url": "http://www.tandfonline.com/doi/abs/10.1080/03098260120110395", "url_versions": "http://scholar.google.com/scholar?cluster=16191833528942205416&hl=en&as_sdt=1,5&sciodt=1,5&as_vis=1", "authors": "JD Sidaway - Journal of Geography in Higher Education", "excerpt": "Photography has a long history in geographical fieldwork. This paper reports on a student project that recovers this history and uses photography and commentary to represent the city of Barcelona. The place of the project within the broader (second-year undergraduate)  ...", "url_pdf": null, "num_citations": 43, "cluster_id": "16191833528942205416", "year": "2002", "url_citations": "http://scholar.google.com/scholar?cites=16191833528942205416&as_sdt=2005&sciodt=1,5&hl=en"}, {"num_versions": 3, "url_citation": null, "title": "Learning by doing: Implementing community service-based learning", "url": "http://www.tandfonline.com/doi/abs/10.1080/00221340208978490", "url_versions": "http://scholar.google.com/scholar?cluster=13288811853653372058&hl=en&as_sdt=1,5&sciodt=1,5&as_vis=1", "authors": "JR Crump - Journal of Geography", "excerpt": "Abstract Community-based Learning (CSBL) is based on the idea that learning is facilitated when the classroom is linked with real-world experience. This paper presents an overview of the pedagogical basis of community service-based learning (CSBL) and compares CSBL  ...", "url_pdf": null, "num_citations": 18, "cluster_id": "13288811853653372058", "year": "2002", "url_citations": "http://scholar.google.com/scholar?cites=13288811853653372058&as_sdt=2005&sciodt=1,5&hl=en"}, {"num_versions": 2, "url_citation": null, "title": "Problem\u2010based Learning in Biblical Studies: Reflections from Classroom Experience", "url": "http://onlinelibrary.wiley.com/doi/10.1111/1467-9647.00099/abstract", "url_versions": "http://scholar.google.com/scholar?cluster=10240771971556687598&hl=en&as_sdt=1,5&sciodt=1,5&as_vis=1", "authors": "JE Harding - Teaching Theology & Religion", "excerpt": "Abstract. This article reflects critically on the introduction of a form of problem-based learning into a first-year Hebrew course. It begins by outlining the problems inherent in the way this course had previously been taught, and proceeds to consider the factors that needed to  ...", "url_pdf": null, "num_citations": 9, "cluster_id": "10240771971556687598", "year": "2001", "url_citations": "http://scholar.google.com/scholar?cites=10240771971556687598&as_sdt=2005&sciodt=1,5&hl=en"}, {"num_versions": 5, "url_citation": null, "title": "Podcasts in support of experiential field learning", "url": "http://www.tandfonline.com/doi/abs/10.1080/03098260903093653", "url_versions": "http://scholar.google.com/scholar?cluster=4292789285297039765&hl=en&as_sdt=1,5&sciodt=1,5&as_vis=1", "authors": "C Jarvis, J Dickie - Journal of Geography in Higher Education", "excerpt": "The paper introduces a library of video podcasts (vodcasts) used to support the learning and teaching of geographical methods and techniques relating to physical geography and GIScience in particular. While the notion of video learning is not new, the accessibility of  ...", "url_pdf": null, "num_citations": 50, "cluster_id": "4292789285297039765", "year": "2010", "url_citations": "http://scholar.google.com/scholar?cites=4292789285297039765&as_sdt=2005&sciodt=1,5&hl=en"}, {"num_versions": 3, "url_citation": null, "title": "Curriculum development: Producing geographers for the 21st century", "url": "http://www.tandfonline.com/doi/abs/10.1080/03098265.2011.589827", "url_versions": "http://scholar.google.com/scholar?cluster=16247994653530608903&hl=en&as_sdt=1,5&sciodt=1,5&as_vis=1", "authors": "WB Whalley, A Saunders, RA Lewis\u2026 - Journal of Geography \u2026", "excerpt": "We take a fresh look at geography curricula and their appropriateness to the demands of the 21st century. We reflect on the purpose, content and relevance of undergraduate geography curricula in an age of 'supercomplexity'. Geography curricula, by their nature, are varied  ...", "url_pdf": null, "num_citations": 16, "cluster_id": "16247994653530608903", "year": "2011", "url_citations": "http://scholar.google.com/scholar?cites=16247994653530608903&as_sdt=2005&sciodt=1,5&hl=en"}, {"num_versions": 2, "url_citation": null, "title": "Problem-based learning: Bringing higher order thinking to business schools", "url": "http://neumann.hec.ca/oipg/fichiers/2001-002_-_Problem-Based_Learning....pdf", "url_versions": "http://scholar.google.com/scholar?cluster=13282281017135152984&hl=en&as_sdt=1,5&sciodt=1,5&as_vis=1", "authors": "Z Guedri - Cahier de recherche OIPG no", "excerpt": "Abstract/R\u00e9sum\u00e9 Nowadays, both executives and academics agree that, to be successful, modern firms need people who not only possess a widespread knowledge, but who also keep that knowledge up-to-date, put it into operation to solve problems, and work in group  ...", "url_pdf": "http://neumann.hec.ca/oipg/fichiers/2001-002_-_Problem-Based_Learning....pdf", "num_citations": 3, "cluster_id": "13282281017135152984", "year": "2001", "url_citations": "http://scholar.google.com/scholar?cites=13282281017135152984&as_sdt=2005&sciodt=1,5&hl=en"}, {"num_versions": 4, "url_citation": null, "title": "Threshold concepts in geographical information systems: a step towards conceptual understanding", "url": "http://www.tandfonline.com/doi/abs/10.1080/03098265.2013.775569", "url_versions": "http://scholar.google.com/scholar?cluster=549777681018844622&hl=en&as_sdt=1,5&sciodt=1,5&as_vis=1", "authors": "SK Srivastava - Journal of Geography in Higher Education", "excerpt": "Threshold concepts are those transformative concepts in a discipline that are often difficult to understand when first encountered, but when mastered they transform students, both epistemologically and ontologically in relation to the discipline. Using the characteristics of  ...", "url_pdf": null, "num_citations": 6, "cluster_id": "549777681018844622", "year": "2013", "url_citations": "http://scholar.google.com/scholar?cites=549777681018844622&as_sdt=2005&sciodt=1,5&hl=en"}, {"num_versions": 15, "url_citation": null, "title": "Fieldwork in geography teaching: A critical review of the literature and approaches", "url": "http://www.tandfonline.com/doi/abs/10.1080/03098269708725439", "url_versions": "http://scholar.google.com/scholar?cluster=15085858479850518425&hl=en&as_sdt=1,5&sciodt=1,5&as_vis=1", "authors": "M Kent, DD Gilbertson, CO Hunt - Journal of Geography in Higher  \u2026", "excerpt": "Abstract Virtually all lecturers in geography recognise the importance of fieldwork as a vital mode of teaching in the subject. This paper draws on material produced as part of a HEFCE review of teaching and learning in the field and assesses the implications of recent  ...", "url_pdf": null, "num_citations": 299, "cluster_id": "15085858479850518425", "year": "1997", "url_citations": "http://scholar.google.com/scholar?cites=15085858479850518425&as_sdt=2005&sciodt=1,5&hl=en"}, {"num_versions": 3, "url_citation": null, "title": "Implementing a problem-based learning approach for teaching research methods in geography", "url": "http://www.tandfonline.com/doi/abs/10.1080/03098260500130403", "url_versions": "http://scholar.google.com/scholar?cluster=13617568626995475539&hl=en&as_sdt=1,5&sciodt=1,5&as_vis=1", "authors": "R Spronken-Smith - Journal of Geography in Higher Education", "excerpt": "This paper first describes problem-based learning; second describes how a research methods course in geography is taught using a problem-based learning approach; and finally relates student and staff experiences of this approach. The course is run through  ...", "url_pdf": null, "num_citations": 106, "cluster_id": "13617568626995475539", "year": "2005", "url_citations": "http://scholar.google.com/scholar?cites=13617568626995475539&as_sdt=2005&sciodt=1,5&hl=en"}, {"num_versions": 3, "url_citation": null, "title": "Enquiry-driven fieldwork as a rich and powerful teaching strategy\u2013school practices in secondary geography education in the Netherlands", "url": "http://www.tandfonline.com/doi/abs/10.1080/10382046.2011.619808", "url_versions": "http://scholar.google.com/scholar?cluster=3631903086290671824&hl=en&as_sdt=1,5&sciodt=1,5&as_vis=1", "authors": "K Oost, B De Vries\u2026 - International Research in  \u2026", "excerpt": "Given its active and enquiry-driven character, fieldwork is seen as an important way to develop geographical understanding of the world, during which cognitive and affective learning reinforce each other. The present study aims to give insight into whether and how  ...", "url_pdf": null, "num_citations": 12, "cluster_id": "3631903086290671824", "year": "2011", "url_citations": "http://scholar.google.com/scholar?cites=3631903086290671824&as_sdt=2005&sciodt=1,5&hl=en"}, {"num_versions": 5, "url_citation": null, "title": "Problem-based inquiry on world water problems in large undergraduate classes", "url": "http://www.tandfonline.com/doi/abs/10.1080/00221340208978480", "url_versions": "http://scholar.google.com/scholar?cluster=15313315797978860805&hl=en&as_sdt=1,5&sciodt=1,5&as_vis=1", "authors": "SJ Halvorson, JL Wescoat Jr - Journal of Geography", "excerpt": "Abstract This paper reports on the design and implementation of a project-based course\u2014World Water Problems\u2014that was introduced within the framework of introductory undergraduate geography education. The aims of the course were twofold:(1) to cultivate  ...", "url_pdf": null, "num_citations": 12, "cluster_id": "15313315797978860805", "year": "2002", "url_citations": "http://scholar.google.com/scholar?cites=15313315797978860805&as_sdt=2005&sciodt=1,5&hl=en"}, {"num_versions": 6, "url_citation": null, "title": "Ethics, Geography and Responsible Citizenship [1]", "url": "http://www.tandfonline.com/doi/abs/10.1080/03098269885886", "url_versions": "http://scholar.google.com/scholar?cluster=4691160692900420272&hl=en&as_sdt=1,5&sciodt=1,5&as_vis=1", "authors": "I Hay, P Foley - Journal of Geography in Higher Education", "excerpt": "Responsible citizenship requires moral accountability. Geography educators need to give greater attention to the teaching of professional ethics as part of our contribution to the education of responsible citizens. The paper introduces an approach which couples the  ...", "url_pdf": null, "num_citations": 34, "cluster_id": "4691160692900420272", "year": "1998", "url_citations": "http://scholar.google.com/scholar?cites=4691160692900420272&as_sdt=2005&sciodt=1,5&hl=en"}, {"num_versions": 2, "url_citation": null, "title": "Effective teaching of research design in physical geography: a case study", "url": "http://www.tandfonline.com/doi/abs/10.1080/03098260220144694", "url_versions": "http://scholar.google.com/scholar?cluster=11749936537700263300&hl=en&as_sdt=1,5&sciodt=1,5&as_vis=1", "authors": "DJ Simm, CA David - Journal of Geography in Higher Education", "excerpt": "A problem-solving approach to the teaching of research design in physical geography is introduced. Focusing on the study of the effectiveness of a local river restoration scheme, students are empowered with the responsibility for and control of their learning by means  ...", "url_pdf": null, "num_citations": 23, "cluster_id": "11749936537700263300", "year": "2002", "url_citations": "http://scholar.google.com/scholar?cites=11749936537700263300&as_sdt=2005&sciodt=1,5&hl=en"}, {"num_versions": 4, "url_citation": null, "title": "Using groups in criminal justice courses: Some new twists on a traditional pedagogical tool", "url": "http://www.tandfonline.com/doi/abs/10.1080/10511250500335643", "url_versions": "http://scholar.google.com/scholar?cluster=17699887829074432375&hl=en&as_sdt=1,5&sciodt=1,5&as_vis=1", "authors": "PR Jones - Journal of Criminal Justice Education", "excerpt": "This article describes and discusses the utilization of small\u2010group techniques within higher education criminal justice courses. The literature on collaborative and peer learning is reviewed and the author's own experience with the integration of group\u2010focused  ...", "url_pdf": null, "num_citations": 18, "cluster_id": "17699887829074432375", "year": "2006", "url_citations": "http://scholar.google.com/scholar?cites=17699887829074432375&as_sdt=2005&sciodt=1,5&hl=en"}, {"num_versions": 4, "url_citation": null, "title": "Get ready, get set, go\u2026 on a field trip", "url": "http://fieldguides.gsapubs.org/content/24/477.abstract", "url_versions": "http://scholar.google.com/scholar?cluster=6232114352716591051&hl=en&as_sdt=1,5&sciodt=1,5&as_vis=1", "authors": "DW Mogk - Field Guides", "excerpt": "Field instruction has been at the heart of the geoscience curriculum for over a century and a half. The field environment provides learners the opportunity to encounter nature in all its diversity, to experience firsthand the methods and strategies that geologists use to  ...", "url_pdf": null, "num_citations": 4, "cluster_id": "6232114352716591051", "year": "2011", "url_citations": "http://scholar.google.com/scholar?cites=6232114352716591051&as_sdt=2005&sciodt=1,5&hl=en"}, {"num_versions": 2, "url_citation": null, "title": "Assessing the quality of essays using the SOLO taxonomy: Effects of field and classroom-based experiences by 'A'level geography students", "url": "http://www.tandfonline.com/doi/abs/10.2167/irg204.0", "url_versions": "http://scholar.google.com/scholar?cluster=17831642976176487257&hl=en&as_sdt=1,5&sciodt=1,5&as_vis=1", "authors": "E Munowenyu - International Research in Geographical &  \u2026", "excerpt": "This paper explores meaningful learning as influenced by constructivism. The study focused on assessing and comparing the quality of essays written by students who learnt a given topic in a classroom setting (control) to those who learnt the same topic in the field ( ...", "url_pdf": null, "num_citations": 6, "cluster_id": "17831642976176487257", "year": "2007", "url_citations": "http://scholar.google.com/scholar?cites=17831642976176487257&as_sdt=2005&sciodt=1,5&hl=en"}, {"num_versions": 5, "url_citation": null, "title": "Problem-based learning in geography: Towards a critical assessment of its purposes, benefits and risks", "url": "http://www.tandfonline.com/doi/abs/10.1080/03098260500499709", "url_versions": "http://scholar.google.com/scholar?cluster=6915773870379657050&hl=en&as_sdt=1,5&sciodt=1,5&as_vis=1", "authors": "E Pawson, E Fournier, M Haigh, O Muniz\u2026 - Journal of Geography \u2026", "excerpt": "This paper makes a critical assessment of problem-based learning (PBL) in geography. It assesses what PBL is, in terms of the range of definitions in use and in light of its origins in specific disciplines such as medicine. It considers experiences of PBL from the standpoint  ...", "url_pdf": null, "num_citations": 109, "cluster_id": "6915773870379657050", "year": "2006", "url_citations": "http://scholar.google.com/scholar?cites=6915773870379657050&as_sdt=2005&sciodt=1,5&hl=en"}, {"num_versions": 3, "url_citation": null, "title": "Embedding research in a field-based module through peer review and assessment for learning", "url": "http://www.tandfonline.com/doi/abs/10.1080/03098265.2011.552104", "url_versions": "http://scholar.google.com/scholar?cluster=3572005020425002427&hl=en&as_sdt=1,5&sciodt=1,5&as_vis=1", "authors": "DT Nicholson - Journal of Geography in Higher Education", "excerpt": "A case study is presented of embedding research in a final year undergraduate, field-based, physical geography module. The approach is holistic, whereby research-based learning activities simulate the full life cycle of research from inception through to peer review and  ...", "url_pdf": null, "num_citations": 11, "cluster_id": "3572005020425002427", "year": "2011", "url_citations": "http://scholar.google.com/scholar?cites=3572005020425002427&as_sdt=2005&sciodt=1,5&hl=en"}, {"num_versions": 4, "url_citation": null, "title": "Problem-based learning: An integration of theory and field", "url": "http://www.tandfonline.com/doi/abs/10.1080/10437797.2004.10672294", "url_versions": "http://scholar.google.com/scholar?cluster=9939817046336011825&hl=en&as_sdt=1,5&sciodt=1,5&as_vis=1", "authors": "D Lam - Journal of Social Work Education", "excerpt": "Abstract This article comments on the weaknesses of conventional field education models and presents a problem-based learning (PBL) model piloted at the University of Hong Kong. The PB Lprogram has three components: paper cases, skills workshops, and field project.  ...", "url_pdf": null, "num_citations": 67, "cluster_id": "9939817046336011825", "year": "2004", "url_citations": "http://scholar.google.com/scholar?cites=9939817046336011825&as_sdt=2005&sciodt=1,5&hl=en"}, {"num_versions": 6, "url_citation": null, "title": "Immersive virtual worlds in university-level human geography courses", "url": "http://www.tandfonline.com/doi/abs/10.1080/10382046.2010.482222", "url_versions": "http://scholar.google.com/scholar?cluster=2394807022749893761&hl=en&as_sdt=1,5&sciodt=1,5&as_vis=1", "authors": "J Dittmer - International Research in Geographical and  \u2026", "excerpt": "This paper addresses the potential for increased deployment of immersive virtual worlds in higher geographic education. An account of current practice regarding popular culture in the geography classroom is offered, focusing on the objectification of popular culture rather  ...", "url_pdf": null, "num_citations": 11, "cluster_id": "2394807022749893761", "year": "2010", "url_citations": "http://scholar.google.com/scholar?cites=2394807022749893761&as_sdt=2005&sciodt=1,5&hl=en"}, {"num_versions": 5, "url_citation": null, "title": "Teaching research through field studies: A cumulative opportunity for teaching methodology to human geography undergraduates", "url": "http://www.tandfonline.com/doi/abs/10.1080/03098260500130494", "url_versions": "http://scholar.google.com/scholar?cluster=17395678883335976915&hl=en&as_sdt=1,5&sciodt=1,5&as_vis=1", "authors": "R Panelli, RV Welch - Journal of Geography in Higher Education", "excerpt": "Notwithstanding its iconic status within geography, the debate continues about how fieldwork should be taught to undergraduate students. The authors engage with this debate and argue that field studies should follow the teaching of research methodology. In this  ...", "url_pdf": null, "num_citations": 32, "cluster_id": "17395678883335976915", "year": "2005", "url_citations": "http://scholar.google.com/scholar?cites=17395678883335976915&as_sdt=2005&sciodt=1,5&hl=en"}, {"num_versions": 2, "url_citation": null, "title": "Wireless mapping, GIS, and learning about the digital divide: a classroom experience", "url": "http://www.tandfonline.com/doi/abs/10.1080/00221340701839956", "url_versions": "http://scholar.google.com/scholar?cluster=6239884095245383262&hl=en&as_sdt=1,5&sciodt=1,5&as_vis=1", "authors": "A Giordano, Y Lu, S Anderson, M Fonstad - Journal of Geography", "excerpt": "Abstract The purpose of this article is to describe a capstone course in undergraduate student geographical research in which GIS and other geospatial tools were used to teach undergraduate students basic geographical principles. The course uses the \u201ccooperative  ...", "url_pdf": null, "num_citations": 4, "cluster_id": "6239884095245383262", "year": "2008", "url_citations": "http://scholar.google.com/scholar?cites=6239884095245383262&as_sdt=2005&sciodt=1,5&hl=en"}, {"num_versions": 2, "url_citation": null, "title": "Study abroad field trip improves test performance through engagement and new social networks", "url": "http://www.tandfonline.com/doi/abs/10.1080/03098265.2010.551655", "url_versions": "http://scholar.google.com/scholar?cluster=8023380782771374095&hl=en&as_sdt=1,5&sciodt=1,5&as_vis=1", "authors": "C Houser, C Brannstrom, SM Quiring\u2026 - Journal of Geography  \u2026", "excerpt": "Although study abroad trips provide an opportunity for affective and cognitive learning, it is largely assumed that they improve learning outcomes. The purpose of this study is to determine whether a study abroad field trip improved cognitive learning by comparing test  ...", "url_pdf": null, "num_citations": 15, "cluster_id": "8023380782771374095", "year": "2011", "url_citations": "http://scholar.google.com/scholar?cites=8023380782771374095&as_sdt=2005&sciodt=1,5&hl=en"}, {"num_versions": 3, "url_citation": null, "title": "Teaching geographic information systems in a problem-based learning environment", "url": "http://www.tandfonline.com/doi/abs/10.1080/03098260500290934", "url_versions": "http://scholar.google.com/scholar?cluster=4612484350018499275&hl=en&as_sdt=1,5&sciodt=1,5&as_vis=1", "authors": "C Drennon - Journal of Geography in Higher Education", "excerpt": "How, where and why GIS is taught has been debated heavily in the geography literature. This article is a contribution to that debate, because it offers a new perspective from which to teach GIS: problem-based learning. In a problem-based learning classroom, theoretical  ...", "url_pdf": null, "num_citations": 77, "cluster_id": "4612484350018499275", "year": "2005", "url_citations": "http://scholar.google.com/scholar?cites=4612484350018499275&as_sdt=2005&sciodt=1,5&hl=en"}, {"num_versions": 4, "url_citation": null, "title": "Assessment of student learning in a hybrid PBL capstone seminar", "url": "http://www.tandfonline.com/doi/abs/10.1080/03098260701514041", "url_versions": "http://scholar.google.com/scholar?cluster=5637330143848616044&hl=en&as_sdt=1,5&sciodt=1,5&as_vis=1", "authors": "DF Levia Jr, SM Quiring - Journal of Geography in Higher  \u2026", "excerpt": "Assessment is a key component of the learning process. In order to maximize student learning, instructors need to provide students with appropriate, explicit and timely assessment. Despite the potential benefits of problem-based learning, some instructors  ...", "url_pdf": null, "num_citations": 23, "cluster_id": "5637330143848616044", "year": "2008", "url_citations": "http://scholar.google.com/scholar?cites=5637330143848616044&as_sdt=2005&sciodt=1,5&hl=en"}, {"num_versions": 4, "url_citation": null, "title": "A research-led, inquiry-based learning experiment: Classic landforms of deglaciation, Glen Etive, Scottish Highlands", "url": "http://www.tandfonline.com/doi/abs/10.1080/03098265.2010.486851", "url_versions": "http://scholar.google.com/scholar?cluster=7187855432418208747&hl=en&as_sdt=1,5&sciodt=1,5&as_vis=1", "authors": "T Harris, F Tweed - Journal of Geography in Higher Education", "excerpt": "This paper reports an adaptation of a classroom-based, traditionally taught module to both facilitate field-based knowledge acquisition and contribute towards research. The module enabled students, through a combination of new research and co-learning, to achieve the  ...", "url_pdf": null, "num_citations": 8, "cluster_id": "7187855432418208747", "year": "2010", "url_citations": "http://scholar.google.com/scholar?cites=7187855432418208747&as_sdt=2005&sciodt=1,5&hl=en"}, {"num_versions": 4, "url_citation": null, "title": "Geographies of urban sound", "url": "http://scholar.google.com/https://books.google.com/books?hl=en&lr=&id=pMKSAwAAQBAJ&oi=fnd&pg=PR7&ots=gDonRGtgei&sig=bzMEyhxKfej7YmU_zKJfRnb3QyA", "url_versions": "http://scholar.google.com/scholar?cluster=10942736197976193131&hl=en&as_sdt=1,5&sciodt=1,5&as_vis=1", "authors": "T Wissmann -", "excerpt": "Traffic, music, language and nature help to create unique soundscapes that are essential to the place-based character of each city. Taking into account both the urban soundscape and the impacts of sound on the urban dweller, this book examines sound not as a by-product  ...", "url_pdf": null, "num_citations": 3, "cluster_id": "10942736197976193131", "year": "2014", "url_citations": "http://scholar.google.com/scholar?cites=10942736197976193131&as_sdt=2005&sciodt=1,5&hl=en"}, {"num_versions": 2, "url_citation": null, "title": "Using problem-based learning in large undergraduate fieldwork classes: An Australian example", "url": "http://www.tandfonline.com/doi/abs/10.1080/10382046.2011.564784", "url_versions": "http://scholar.google.com/scholar?cluster=6999882747211409432&hl=en&as_sdt=1,5&sciodt=1,5&as_vis=1", "authors": "M Tonts - International Research in Geographical and  \u2026", "excerpt": "Problem-based learning (PBL) is one of a suite of strategies based on the premise that placing students at the centre of the learning process ultimately improves skills, knowledge and understanding. To date, however, there remain relatively few reports on the  ...", "url_pdf": null, "num_citations": 6, "cluster_id": "6999882747211409432", "year": "2011", "url_citations": "http://scholar.google.com/scholar?cites=6999882747211409432&as_sdt=2005&sciodt=1,5&hl=en"}, {"num_versions": 3, "url_citation": null, "title": "Activating the classroom: Geographical fieldwork as pedagogical practice", "url": "http://www.tandfonline.com/doi/abs/10.1080/03098260802276383", "url_versions": "http://scholar.google.com/scholar?cluster=2822872018225700934&hl=en&as_sdt=1,5&sciodt=1,5&as_vis=1", "authors": "AJ Hovorka, PA Wolf - Journal of Geography in Higher Education", "excerpt": "Much geographical scholarship on teaching and learning details the intellectual, technical and personal benefits stemming from residential field course offerings, reflecting characteristics of constructivist active learning. With the sustainability of these offerings in  ...", "url_pdf": null, "num_citations": 25, "cluster_id": "2822872018225700934", "year": "2009", "url_citations": "http://scholar.google.com/scholar?cites=2822872018225700934&as_sdt=2005&sciodt=1,5&hl=en"}]