[{"num_versions": 5, "url_citation": null, "title": "Enhancing teaching and learning with digital storytelling", "url": "http://www.igi-global.com/article/enhancing-teaching-learning-digital-storytelling/42143", "url_versions": "http://scholar.google.com/scholar?cluster=413679010836220828&hl=en&as_sdt=1,5&sciodt=1,5&as_vis=1", "authors": "S Wang, H Zhan - International Journal of Information and  \u2026", "excerpt": "Abstract This article intends to help educators interested in technology integration in the classroom acquire a firm theoretical foundation, pedagogical applications, and step-by-step technical procedures for infusing digital storytelling into the curriculum. Through  ...", "url_pdf": null, "num_citations": 10, "cluster_id": "413679010836220828", "year": "2010", "url_citations": "http://scholar.google.com/scholar?cites=413679010836220828&as_sdt=2005&sciodt=1,5&hl=en"}, {"num_versions": 0, "url_citation": null, "title": "Using a Multimedia Storytelling to Improve Students' Learning Performance", "url": "http://www.editlib.org/p/31931/", "url_versions": null, "authors": "WC Wu, YTC Yang - World Conference on Educational Multimedia,  \u2026", "excerpt": "Abstract The main purpose of this study is to explore the impact of Digital Storytelling (DST) on the critical thinking (CT), problem solving (PS), and academic achievement of senior high school students. The study uses a quasi-experimental design with 113 10th grade  ...", "url_pdf": null, "num_citations": 1, "cluster_id": "7028671491364754181", "year": "2009", "url_citations": "http://scholar.google.com/scholar?cites=7028671491364754181&as_sdt=2005&sciodt=1,5&hl=en"}, {"num_versions": 5, "url_citation": null, "title": "Integrating the old and the new: Digital storytelling in the EFL language classroom", "url": "http://www.researchgate.net/profile/Barry_Pennock-Speck/publication/242237955_THE_IMPLEMENTATION_OF_ICT_IN_THE_SECOND-CYCLE_HISTORY_OF_THE_ENGLISH_LANGUAGE_MODULE_AT_THE_UNIVERSITAT_DE_VALNCIA/links/54e30eb60cf2edaea0949877.pdf#page=44", "url_versions": "http://scholar.google.com/scholar?cluster=11229659841764928312&hl=en&as_sdt=1,5&sciodt=1,5&as_vis=1", "authors": "C Gregori-Signes - GRETA Journal, 16 (1)", "excerpt": "With the advent of new technologies and their consequent integration within the curriculum, it has become a real challenge to provide both teachers and students with attractive activities to substitute, or at least complement, more traditional ones (cf. Pennock-Speck et  ...", "url_pdf": null, "num_citations": 29, "cluster_id": "11229659841764928312", "year": "2008", "url_citations": "http://scholar.google.com/scholar?cites=11229659841764928312&as_sdt=2005&sciodt=1,5&hl=en"}, {"num_versions": 12, "url_citation": null, "title": "Story circle", "url": "http://onlinelibrary.wiley.com/doi/10.1002/9781444310580.fmatter/summary", "url_versions": "http://scholar.google.com/scholar?cluster=17678112198813167374&hl=en&as_sdt=1,5&sciodt=1,5&as_vis=1", "authors": "J Hartley, K McWilliam -", "excerpt": "All rights reserved. No part of this publication may be reproduced, stored in a retrieval system, or transmitted, in any form or by any means, electronic, mechanical, photocopying, recording or otherwise, except as permitted by the UK Copyright, Designs and Patents Act  ...", "url_pdf": null, "num_citations": 124, "cluster_id": "17678112198813167374", "year": "2009", "url_citations": "http://scholar.google.com/scholar?cites=17678112198813167374&as_sdt=2005&sciodt=1,5&hl=en"}, {"num_versions": 6, "url_citation": null, "title": "Interactive storytelling for children education", "url": "http://ieeexplore.ieee.org/xpls/abs_all.jsp?arnumber=5116575", "url_versions": "http://scholar.google.com/scholar?cluster=10562048424981334077&hl=en&as_sdt=1,5&sciodt=1,5&as_vis=1", "authors": "C Evangelista, V Neri, M Carrozzino\u2026 - Games and Virtual  \u2026", "excerpt": "Abstract\u2014In latest years there is a consisting trend in creating educational opportunities for schools increasingly rich and involving for children. Constructivism and technology represent an important combination to define innovative educational courses. Storytelling  ...", "url_pdf": null, "num_citations": 3, "cluster_id": "10562048424981334077", "year": "2009", "url_citations": "http://scholar.google.com/scholar?cites=10562048424981334077&as_sdt=2005&sciodt=1,5&hl=en"}, {"num_versions": 2, "url_citation": null, "title": "Transmedia Storytelling and the New Era of Media Convergence in Higher Education", "url": "http://scholar.google.com/https://books.google.com/books?hl=en&lr=&id=0dtCBAAAQBAJ&oi=fnd&pg=PP1&ots=_gUr3M22gv&sig=aLvPDLOkSE0xj2cIarDZPSqKuvg", "url_versions": "http://scholar.google.com/scholar?cluster=7203293788002644612&hl=en&as_sdt=1,5&sciodt=1,5&as_vis=1", "authors": "S Kalogeras -", "excerpt": "Media convergence is a paradigm for understanding educational convergence which is revolutionizing the educational structure and creating a space for digital stories. Stories, whether they are fact or fiction, popular or not, are a proven method of pedagogy. In the  ...", "url_pdf": null, "num_citations": 2, "cluster_id": "7203293788002644612", "year": "2014", "url_citations": "http://scholar.google.com/scholar?cites=7203293788002644612&as_sdt=2005&sciodt=1,5&hl=en"}, {"num_versions": 3, "url_citation": null, "title": "An Investigation of the Collaborative Creation of Digital Stories by Students and in what ways it can enhance the learning of Physical Geography", "url": "http://scholar.google.com/https://cs.tcd.ie/postgraduate/technology-learning/assets/pdf/dissertations/10/MScTL_%20Roisin%20Ryan.pdf", "url_versions": "http://scholar.google.com/scholar?cluster=1375812314917435803&hl=en&as_sdt=1,5&sciodt=1,5&as_vis=1", "authors": "RO Ryan, HD Prim -", "excerpt": "Abstract In recent times, research in the area of multi-media use in education has shifted from simply using it as an aid to comprehension to enabling students to use it to create student designed artefacts. Digital Storytelling is an aspect of multi-media which has  ...", "url_pdf": "http://scholar.google.com/https://cs.tcd.ie/postgraduate/technology-learning/assets/pdf/dissertations/10/MScTL_%20Roisin%20Ryan.pdf", "num_citations": 3, "cluster_id": "1375812314917435803", "year": "2010", "url_citations": "http://scholar.google.com/scholar?cites=1375812314917435803&as_sdt=2005&sciodt=1,5&hl=en"}, {"num_versions": 0, "url_citation": null, "title": "What practical relevance can tell us about teacher reflections on experiences expressed through Digital Storytelling", "url": "http://www.editlib.org/p/39782/", "url_versions": null, "authors": "C Renda - Society for Information Technology & Teacher  \u2026", "excerpt": "Abstract This paper presents the results of a study conducted at a university in the western United States, which compared practical relevance of reflection upon learning experiences expressed through digital stories and journals. Practical relevance encompasses the idea  ...", "url_pdf": null, "num_citations": 3, "cluster_id": "4314105260620116868", "year": "2012", "url_citations": "http://scholar.google.com/scholar?cites=4314105260620116868&as_sdt=2005&sciodt=1,5&hl=en"}, {"num_versions": 6, "url_citation": null, "title": "Layering networked and symphonic selves: A critical role for e-portfolios in employability through integrative learning", "url": "http://www.emeraldinsight.com/doi/pdf/10.1108/10650740810900685", "url_versions": "http://scholar.google.com/scholar?cluster=7992530517805403916&hl=en&as_sdt=1,5&sciodt=1,5&as_vis=1", "authors": "R Kopers, S Verjans\u2026 - Campus-Wide Information  \u2026", "excerpt": "Purpose-E-portfolios, which document and facilitate learning and performance, have recently attracted interest in the USA, UK, and Europe as means to increase employability and support lifelong learning. This article aims to critically examine these objectives in  ...", "url_pdf": null, "num_citations": 19, "cluster_id": "7992530517805403916", "year": "2008", "url_citations": "http://scholar.google.com/scholar?cites=7992530517805403916&as_sdt=2005&sciodt=1,5&hl=en"}, {"num_versions": 2, "url_citation": null, "title": "A Public Voice: Access, Digital Story and Interactive Narrative", "url": "http://www.bbc.co.uk/blogs/knowledgeexchange/glamorgan.pdf", "url_versions": "http://scholar.google.com/scholar?cluster=17990149734899694463&hl=en&as_sdt=1,5&sciodt=1,5&as_vis=1", "authors": "H Fyfe, M Wilson, S Pratt, M Rose, K Lewis - A Collaborative Journey: The \u2026", "excerpt": "This report represents one of six outputs from the research carried out for A Public Voice, a project funded under the AHRC/BBC Knowledge Exchange Pilot Scheme as a collaboration between BBC Wales and The George Ewart Evans Centre for Storytelling at the University  ...", "url_pdf": "http://www.bbc.co.uk/blogs/knowledgeexchange/glamorgan.pdf", "num_citations": 4, "cluster_id": "17990149734899694463", "year": "2009", "url_citations": "http://scholar.google.com/scholar?cites=17990149734899694463&as_sdt=2005&sciodt=1,5&hl=en"}, {"num_versions": 6, "url_citation": null, "title": "From storyboard to story: Animation content development", "url": "http://www.academicjournals.org/article/article1379770481_Mou%20et%20al.pdf", "url_versions": "http://scholar.google.com/scholar?cluster=2957885867490267603&hl=en&as_sdt=1,5&sciodt=1,5&as_vis=1", "authors": "TY Mou, TS Jeng, CH Chen - Educational Research and  \u2026", "excerpt": "This research focused on a new method in the development of animation story content, which could shorten the creation process and arouse new ideas. Two phases of experiments were conducted to explore this reversed model. The first phase is a pretest of  ...", "url_pdf": "http://www.academicjournals.org/article/article1379770481_Mou%20et%20al.pdf", "num_citations": 2, "cluster_id": "2957885867490267603", "year": "2013", "url_citations": "http://scholar.google.com/scholar?cites=2957885867490267603&as_sdt=2005&sciodt=1,5&hl=en"}, {"num_versions": 2, "url_citation": null, "title": "The impact of digital storytelling and of thinking styles on elementary school students' creative thinking, learning motivation, and academic achievement", "url": "http://www.editlib.org/p/27303/", "url_versions": "http://scholar.google.com/scholar?cluster=9045350675174963193&hl=en&as_sdt=1,5&sciodt=1,5&as_vis=1", "authors": "WC Wu, YT Yang - Society for Information Technology & Teacher  \u2026", "excerpt": "Abstract The main purpose of this ongoing study is to explore the impact of Digital Storytelling (DS) and of thinking styles on the creative thinking (CT), learning motivation, and academic achievement of elementary students. The study will use a quasi-experiment  ...", "url_pdf": null, "num_citations": 4, "cluster_id": "9045350675174963193", "year": "2008", "url_citations": "http://scholar.google.com/scholar?cites=9045350675174963193&as_sdt=2005&sciodt=1,5&hl=en"}, {"num_versions": 5, "url_citation": null, "title": "Digital narrative and the humanities: an evaluation of the use of digital storytelling in an Australian undergraduate literary studies program", "url": "http://www.ccsenet.org/journal/index.php/hes/article/view/19951", "url_versions": "http://scholar.google.com/scholar?cluster=1107079529972355203&hl=en&as_sdt=1,5&sciodt=1,5&as_vis=1", "authors": "RGH Clarke, S Thomas - Higher Education Studies", "excerpt": "Abstract A growing number of university teachers advocate the benefits of multimedia and digital technologies in their classrooms. Such technologies are promoted: as a means to ensure the relevance of subject disciplines; and, as tools of engagement to assist students  ...", "url_pdf": null, "num_citations": 5, "cluster_id": "1107079529972355203", "year": "2012", "url_citations": "http://scholar.google.com/scholar?cites=1107079529972355203&as_sdt=2005&sciodt=1,5&hl=en"}, {"num_versions": 2, "url_citation": null, "title": "Exploring the Effects of Student-Centered Project-Based Learning with Initiation on Students' Computing Skills: A Quasi-Experimental Study of Digital Storytelling", "url": "http://www.igi-global.com/article/exploring-the-effects-of-student-centered-project-based-learning-with-initiation-on-students-computing-skills/120480", "url_versions": "http://scholar.google.com/scholar?cluster=14856559731917638267&hl=en&as_sdt=1,5&sciodt=1,5&as_vis=1", "authors": "CW Tsai, PD Shen, RA Lin - International Journal of Information and  \u2026", "excerpt": "Abstract This study investigated, via quasi-experiments, the effects of student-centered project-based learning with initiation (SPBL with Initiation) on the development of students' computing skills. In this study, 96 elementary school students were selected from four  ...", "url_pdf": null, "num_citations": 1, "cluster_id": "14856559731917638267", "year": "2015", "url_citations": "http://scholar.google.com/scholar?cites=14856559731917638267&as_sdt=2005&sciodt=1,5&hl=en"}, {"num_versions": 0, "url_citation": null, "title": "Developing High Order Thinking Skills Through Story Gathering", "url": "http://www.inter-disciplinary.net/probing-the-boundaries/wp-content/uploads/2013/04/jonesspaper.pdf", "url_versions": null, "authors": "S Jones, P Sanguedolce -", "excerpt": "Abstract This paper presents and discusses a history project, which was delivered in the EuroLink virtual international school (ELvis), a Comenius funded collaboration made up of 7 separate schools across the EU. The history project was part of a new pedagogical  ...", "url_pdf": "http://www.inter-disciplinary.net/probing-the-boundaries/wp-content/uploads/2013/04/jonesspaper.pdf", "num_citations": 1, "cluster_id": "5269158406159682117", "year": "2014", "url_citations": "http://scholar.google.com/scholar?cites=5269158406159682117&as_sdt=2005&sciodt=1,5&hl=en"}, {"num_versions": 0, "url_citation": null, "title": "Writing in the Digital Environment: Pre-service Teachers' Perceptions of the Value of Digital Storytelling", "url": "http://worldroom.tamu.edu/Workshops/Storytelling13/Articles/Green.pdf", "url_versions": null, "authors": "MR Green - Writing", "excerpt": "Abstract Digital storytelling is an expressive and culturally authentic form of representation that integrates narrative writing with digital technology. Pre-service teachers develop planning skills, learn to understand the relationship between words and images to convey  ...", "url_pdf": "http://worldroom.tamu.edu/Workshops/Storytelling13/Articles/Green.pdf", "num_citations": 1, "cluster_id": "4510702171716360496", "year": "2009", "url_citations": "http://scholar.google.com/scholar?cites=4510702171716360496&as_sdt=2005&sciodt=1,5&hl=en"}, {"num_versions": 2, "url_citation": null, "title": "Opportunities and challenges in representing narrative inquiries digitally", "url": "http://www.tcrecord.org/DefaultFiles/SendFileToPublic.asp?ft=pdf&FilePath=c:%5CWebSites%5Cwww_tcrecord_org_documents%5C38_16927.pdf&fid=38_16927&aid=2&RID=16927&pf=Content.asp?ContentID=16927", "url_versions": "http://scholar.google.com/scholar?cluster=10037603083823088712&hl=en&as_sdt=1,5&sciodt=1,5&as_vis=1", "authors": "C Craig - Teachers College Record", "excerpt": "Background/Context: Within the context of four locally funded research projects, the researcher was asked to disseminate the findings of her narrative inquiries not to the research community, which had previously been the case, but to the practice and  ...", "url_pdf": null, "num_citations": 2, "cluster_id": "10037603083823088712", "year": "2013", "url_citations": "http://scholar.google.com/scholar?cites=10037603083823088712&as_sdt=2005&sciodt=1,5&hl=en"}, {"num_versions": 3, "url_citation": null, "title": "Documenting learning with ePortfolios: A guide for college instructors", "url": "http://scholar.google.com/https://books.google.com/books?hl=en&lr=&id=BL5f3ONB24oC&oi=fnd&pg=PA121&ots=rnK9jrjuJC&sig=7A9tcBK7MHjo_LN9jfNdsy3O0zg", "url_versions": "http://scholar.google.com/scholar?cluster=18158195427320510463&hl=en&as_sdt=1,5&sciodt=1,5&as_vis=1", "authors": "TP Light, HL Chen, JC Ittelson -", "excerpt": "E-portfolios perform many functions in higher education at both an institutional and student level. This book offers online instructors guidance in creating and implementing e-portfolios with their students. It provides the instructors with a theory-to-practice approach to  ...", "url_pdf": null, "num_citations": 42, "cluster_id": "18158195427320510463", "year": "2011", "url_citations": "http://scholar.google.com/scholar?cites=18158195427320510463&as_sdt=2005&sciodt=1,5&hl=en"}, {"num_versions": 7, "url_citation": null, "title": "An enhanced concept map approach to improving children's storytelling ability", "url": "http://www.sciencedirect.com/science/article/pii/S0360131510003210", "url_versions": "http://scholar.google.com/scholar?cluster=2440793460231741620&hl=en&as_sdt=1,5&sciodt=1,5&as_vis=1", "authors": "CC Liu, HSL Chen, JL Shih, GT Huang, BJ Liu - Computers & Education", "excerpt": "Storytelling is an imperative and innovative pathway to enhance learning due to the fact that such activity prompts learners to reflect to construct meaning based on their observations and knowledge. Therefore, to develop and enhance students' storytelling ability has  ...", "url_pdf": null, "num_citations": 31, "cluster_id": "2440793460231741620", "year": "2011", "url_citations": "http://scholar.google.com/scholar?cites=2440793460231741620&as_sdt=2005&sciodt=1,5&hl=en"}, {"num_versions": 0, "url_citation": null, "title": "The Maa-nulth Treaty: Huu-ay-aht youth visions for post-Treaty life, embedded in the present colonial conditions of Indigenous-Settler relations in British Columbia", "url": "http://dalspace.library.dal.ca/handle/10222/15746", "url_versions": null, "authors": "V Sloan Morgan -", "excerpt": "On April 1, 2011, the Maa-nulth Treaty went into effect. Negotiated between five First Nations, the province of British Columbia and Canada, the Treaty concerned territories never before ceded on the west coast of Vancouver Island. This study utilizes the Treaty  ...", "url_pdf": null, "num_citations": 1, "cluster_id": "4949271555744874835", "year": "2012", "url_citations": "http://scholar.google.com/scholar?cites=4949271555744874835&as_sdt=2005&sciodt=1,5&hl=en"}, {"num_versions": 3, "url_citation": null, "title": "From Heads to Hearts: Digital Stories as Reflection Artifacts of Teachers' International Experience.", "url": "http://eric.ed.gov/?id=EJ954570", "url_versions": "http://scholar.google.com/scholar?cluster=1391257241218278395&hl=en&as_sdt=1,5&sciodt=1,5&as_vis=1", "authors": "LM Walters, MR Green, L Wang, T Walters - Issues in Teacher Education", "excerpt": "On a humid Houston morning at the end of May, 13 Texas middle and high school teachers boarded a plane bound for China. The teachers and their two leaders from Texas A&M University were participants in the Fulbright-Hays Group Projects Abroad China Seminar  ...", "url_pdf": null, "num_citations": 10, "cluster_id": "1391257241218278395", "year": "2011", "url_citations": "http://scholar.google.com/scholar?cites=1391257241218278395&as_sdt=2005&sciodt=1,5&hl=en"}, {"num_versions": 0, "url_citation": null, "title": "The impact of digital storytelling through the educational uses", "url": "http://www.editlib.org/p/37241/", "url_versions": null, "authors": "F Karakoyun, SD Eristi - Global Learn", "excerpt": "Abstract Digital storytelling gives students an opportunity to use technology as designers during which they use technology and integrate their own background knowledge into the message creation process. Such an attitude helps them to create their own unique  ...", "url_pdf": null, "num_citations": 1, "cluster_id": "15631000283288962046", "year": "2011", "url_citations": "http://scholar.google.com/scholar?cites=15631000283288962046&as_sdt=2005&sciodt=1,5&hl=en"}, {"num_versions": 5, "url_citation": null, "title": "Digital news stories: Building language learners' content knowledge and speaking skills", "url": "http://onlinelibrary.wiley.com/doi/10.1111/flan.12084/full", "url_versions": "http://scholar.google.com/scholar?cluster=13827618792005833745&hl=en&as_sdt=1,5&sciodt=1,5&as_vis=1", "authors": "L Lee - Foreign Language Annals", "excerpt": "Abstract The study explored how the use of digital news stories promoted the development of content knowledge and oral language skills. The study involved 15 advanced Spanish students who used VoiceThread, an interactive multimedia tool, to create and exchange  ...", "url_pdf": null, "num_citations": 2, "cluster_id": "13827618792005833745", "year": "2014", "url_citations": "http://scholar.google.com/scholar?cites=13827618792005833745&as_sdt=2005&sciodt=1,5&hl=en"}, {"num_versions": 6, "url_citation": null, "title": "Employability and lifelong learning in the knowledge society (1/2)", "url": "http://dspace.ou.nl/handle/1820/1679", "url_versions": "http://scholar.google.com/scholar?cluster=5519243541565123048&hl=en&as_sdt=1,5&sciodt=1,5&as_vis=1", "authors": "R Koper, S Verjans -", "excerpt": "This special issue brings together the top ranked academic papers that were presented at the Portfolio2007 conference in Maastricht in October 2007. The central theme for 2007 was \u201cEmployability and Lifelong Learning in the Knowledge Society\u201d. The papers in this  ...", "url_pdf": null, "num_citations": 1, "cluster_id": "5519243541565123048", "year": "2008", "url_citations": "http://scholar.google.com/scholar?cites=5519243541565123048&as_sdt=2005&sciodt=1,5&hl=en"}, {"num_versions": 0, "url_citation": null, "title": "Activity Theory and 2-POMME for Digital Storytelling", "url": "http://www.editlib.org/p/150066/", "url_versions": null, "authors": "H Susono, K Suzuki, S Tsuzuku, Y Goda - Society for Information  \u2026", "excerpt": "Abstract Vygotskian activity theory can be applied to digital storytelling, since digital storytelling (DST) is based on constructivism. In the activity theory triangle,\u201csubject\u201d is a learner, and \u201cobject\u201d is the leaner's experience or what he/she has learned. Learners can  ...", "url_pdf": null, "num_citations": 0, "cluster_id": null, "year": "2015", "url_citations": null}, {"num_versions": 2, "url_citation": null, "title": "The Brown Book: M\u0101ori in Screen Production", "url": "http://scholar.google.com/https://ctechjournal.aut.ac.nz/wp-content/uploads/2014/12/4.Henry_Spooner_JCT_Nov14_44to64Com.pdf", "url_versions": "http://scholar.google.com/scholar?cluster=652056187862263370&hl=en&as_sdt=1,5&sciodt=1,5&as_vis=1", "authors": "E Henry, H Spooner -", "excerpt": "The Brown Book offers an introduction to the M\u0101ori screen industry as the basis for exploring ways that non-M\u0101ori might interact and work with M\u0101ori in screen production in mutually beneficial ways. This project was the first such collaboration between a M\u0101ori NGO and a  ...", "url_pdf": "http://scholar.google.com/https://ctechjournal.aut.ac.nz/wp-content/uploads/2014/12/4.Henry_Spooner_JCT_Nov14_44to64Com.pdf", "num_citations": 2, "cluster_id": "652056187862263370", "year": "2013", "url_citations": "http://scholar.google.com/scholar?cites=652056187862263370&as_sdt=2005&sciodt=1,5&hl=en"}, {"num_versions": 5, "url_citation": null, "title": "Digital storytelling in Australia: Academic perspectives and reflections", "url": "http://ahh.sagepub.com/content/early/2011/06/15/1474022210374223.abstract", "url_versions": "http://scholar.google.com/scholar?cluster=10591748700793285082&hl=en&as_sdt=1,5&sciodt=1,5&as_vis=1", "authors": "R Clarke, A Adam - Arts and Humanities in Higher Education", "excerpt": "Abstract This project explored the experiences of a small sample (N= 6) of Australian academics with the use of digital storytelling as a pedagogical tool in higher education contexts. This article describes two case studies of academic uses of digital storytelling,  ...", "url_pdf": null, "num_citations": 11, "cluster_id": "10591748700793285082", "year": "2011", "url_citations": "http://scholar.google.com/scholar?cites=10591748700793285082&as_sdt=2005&sciodt=1,5&hl=en"}, {"num_versions": 0, "url_citation": null, "title": "Using Learning Stories in Secondary Social Studies: Gathering, Analysing and Using Evidence to Support Learners' Conceptual Understandings.", "url": "http://researcharchive.vuw.ac.nz/handle/10063/2447", "url_versions": null, "authors": "AJ Picken -", "excerpt": "This research examined the use of learning stories as a way to gather, analyse and use evidence to support the development of social studies conceptual understandings. This is important because there is limited research in New Zealand related to social studies  ...", "url_pdf": null, "num_citations": 1, "cluster_id": "4010707738581591881", "year": "2012", "url_citations": "http://scholar.google.com/scholar?cites=4010707738581591881&as_sdt=2005&sciodt=1,5&hl=en"}, {"num_versions": 5, "url_citation": null, "title": "Pedagogy beyond the gate: The Ngahere project", "url": "http://search.informit.com.au/documentSummary;dn=112210308931756;res=IELHSS", "url_versions": "http://scholar.google.com/scholar?cluster=17022590909119212759&hl=en&as_sdt=1,5&sciodt=1,5&as_vis=1", "authors": "J Kelly, EJ White - Early Childhood Folio", "excerpt": "The significance of experiences in nature for children's learning and development has been expounded by philosophers and educationalists for centuries. In many contemporary early childhood education (ECE) settings, such experiences are highly valued. Nowadays,  ...", "url_pdf": null, "num_citations": 3, "cluster_id": "17022590909119212759", "year": "2012", "url_citations": "http://scholar.google.com/scholar?cites=17022590909119212759&as_sdt=2005&sciodt=1,5&hl=en"}, {"num_versions": 3, "url_citation": null, "title": "Development, assessment and use of an on-line plagiarism tutorial", "url": "http://www.emeraldinsight.com/doi/pdf/10.1108/07378831111189741", "url_versions": "http://scholar.google.com/scholar?cluster=4848777032966626787&hl=en&as_sdt=1,5&sciodt=1,5&as_vis=1", "authors": "K Kate Kellum, AE Mark, DA Riley-Huff - Library Hi Tech", "excerpt": "Purpose-The purpose of this paper is to share with the wider academic community an example of one tool developed locally that can be a successful part of any institution's arsenal on the war against plagiarism. Design/methodology/approach-Over the course of  ...", "url_pdf": null, "num_citations": 4, "cluster_id": "4848777032966626787", "year": "2011", "url_citations": "http://scholar.google.com/scholar?cites=4848777032966626787&as_sdt=2005&sciodt=1,5&hl=en"}, {"num_versions": 25, "url_citation": null, "title": "Digital storytelling: A meaningful technology-integrated approach for engaged student learning", "url": "http://link.springer.com/article/10.1007/s11423-008-9091-8", "url_versions": "http://scholar.google.com/scholar?cluster=3882559223774236294&hl=en&as_sdt=1,5&sciodt=1,5&as_vis=1", "authors": "A Sadik - Educational technology research and development", "excerpt": "Abstract Although research emphasizes the importance of integrating technology into the curriculum, the use of technology can only be effective if teachers themselves possess the expertise to use technology in a meaningful way in the classroom. The aim of this study  ...", "url_pdf": null, "num_citations": 274, "cluster_id": "3882559223774236294", "year": "2008", "url_citations": "http://scholar.google.com/scholar?cites=3882559223774236294&as_sdt=2005&sciodt=1,5&hl=en"}, {"num_versions": 4, "url_citation": null, "title": "A preliminary study on the application of storytelling among hospice care interest group", "url": "http://www.sciencedirect.com/science/article/pii/S235201321400009X", "url_versions": "http://scholar.google.com/scholar?cluster=14875324785504968807&hl=en&as_sdt=1,5&sciodt=1,5&as_vis=1", "authors": "Y Liu, YT Zhou, H Lu, J Sun - International Journal of Nursing Sciences", "excerpt": "Methods Storytelling was used among 7 master of science in nursing (MSN) students in the hospice care interest group. The effect of storytelling was evaluated by the combination of students' reflect diary and the evaluation form. Results Five themes were extracted from  ...", "url_pdf": null, "num_citations": 3, "cluster_id": "14875324785504968807", "year": "2014", "url_citations": "http://scholar.google.com/scholar?cites=14875324785504968807&as_sdt=2005&sciodt=1,5&hl=en"}, {"num_versions": 12, "url_citation": null, "title": "Life editing: third-party perspectives on lifelog content", "url": "http://dl.acm.org/citation.cfm?id=1979162", "url_versions": "http://scholar.google.com/scholar?cluster=12428028971352391021&hl=en&as_sdt=1,5&sciodt=1,5&as_vis=1", "authors": "D Byrne, A Kelliher, GJF Jones - \u2026  of the SIGCHI Conference on Human  \u2026", "excerpt": "Abstract Lifelog collections digitally capture and preserve personal experiences and can be mined to reveal insights and understandings of individual significance. These rich data sources also offer opportunities for learning and discovery by motivated third parties. We  ...", "url_pdf": null, "num_citations": 14, "cluster_id": "12428028971352391021", "year": "2011", "url_citations": "http://scholar.google.com/scholar?cites=12428028971352391021&as_sdt=2005&sciodt=1,5&hl=en"}, {"num_versions": 0, "url_citation": null, "title": "The Ngahere Project: Teaching and learning possibilities in nature settings", "url": "http://www.waikato.ac.nz/__data/assets/pdf_file/0007/146176/Ngahere-project_3-2013-03-14.pdf", "url_versions": null, "authors": "J Kelly, EJ White, M Dekker, J Donald, K Hart, F McKay\u2026 -", "excerpt": "EXECUTIVE SUMMARY Engagement with the outdoors is a core element of New Zealand's heritage, identity and culture. Taken together with our status as international curriculum leaders in early childhood education (ECE), we are uniquely placed to contribute to the  ...", "url_pdf": "http://www.waikato.ac.nz/__data/assets/pdf_file/0007/146176/Ngahere-project_3-2013-03-14.pdf", "num_citations": 3, "cluster_id": "7186663099883547567", "year": "2013", "url_citations": "http://scholar.google.com/scholar?cites=7186663099883547567&as_sdt=2005&sciodt=1,5&hl=en"}, {"num_versions": 5, "url_citation": null, "title": "Storytelling Among Israeli and Palestinian Children in the Era of Mobile Innovation", "url": "http://link.springer.com/chapter/10.1007/978-1-4614-1305-9_2", "url_versions": "http://scholar.google.com/scholar?cluster=14541591419444432305&hl=en&as_sdt=1,5&sciodt=1,5&as_vis=1", "authors": "E Buckner, P Kim - Educational Media and Technology Yearbook", "excerpt": "Abstract Existing literature in educational technology and media has tended to overlook the larger role educational institutions play as socializing forces, which instill children with national identities and values. Recognizing the important role schools play in forming  ...", "url_pdf": null, "num_citations": 1, "cluster_id": "14541591419444432305", "year": "2012", "url_citations": "http://scholar.google.com/scholar?cites=14541591419444432305&as_sdt=2005&sciodt=1,5&hl=en"}, {"num_versions": 6, "url_citation": null, "title": "What educators should know about teaching digital storytelling", "url": "http://dialnet.unirioja.es/servlet/articulo?codigo=4195454", "url_versions": "http://scholar.google.com/scholar?cluster=13922212295567581252&hl=en&as_sdt=1,5&sciodt=1,5&as_vis=1", "authors": "BR Robin, SG McNeil - Digital Education Review", "excerpt": "Resumen In this paper, the authors present some of the most important lessons they have learned from teaching courses, conducting workshops, writing articles, and supervising graduate student research on the educational uses of digital storytelling. The guidelines  ...", "url_pdf": null, "num_citations": 13, "cluster_id": "13922212295567581252", "year": "2012", "url_citations": "http://scholar.google.com/scholar?cites=13922212295567581252&as_sdt=2005&sciodt=1,5&hl=en"}, {"num_versions": 3, "url_citation": null, "title": "The ancestor project: Aboriginal computer education through storytelling", "url": "http://link.springer.com/chapter/10.1007/978-3-319-05825-2_20", "url_versions": "http://scholar.google.com/scholar?cluster=4174497637674036258&hl=en&as_sdt=1,5&sciodt=1,5&as_vis=1", "authors": "M Weston, D Biin - E-Learning Systems, Environments and Approaches", "excerpt": "Abstract The goal of the ANCESTOR program is to use digital storytelling as a means to promote an interest in technology for Aboriginal learners and to increase cultural literacy. A curriculum was developed and first tested with Aboriginal students at the L\u00c1U, WELNEW  ...", "url_pdf": null, "num_citations": 1, "cluster_id": "4174497637674036258", "year": "2015", "url_citations": "http://scholar.google.com/scholar?cites=4174497637674036258&as_sdt=2005&sciodt=1,5&hl=en"}, {"num_versions": 3, "url_citation": null, "title": "\u6545\u4e8b\u6559\u5b66\u6cd5\u5728\u4e34\u7ec8\u5173\u6000\u80fd\u529b\u57f9\u517b\u4e2d\u5e94\u7528\u7684\u521d\u6b65\u63a2\u8ba8", "url": "http://d.wanfangdata.com.cn/periodical_zhhljy201309002.aspx", "url_versions": "http://scholar.google.com/scholar?cluster=16833647806835755897&hl=en&as_sdt=1,5&sciodt=1,5&as_vis=1", "authors": "\u5218\u5b87\uff0c \u5468\u5b87\u5f64\uff0c \u9646\u8679\uff0c \u5b59\u9759 - \u4e2d\u534e\u62a4\u7406\u6559\u80b2", "excerpt": "\u6458\u8981: \u76ee\u7684\u63a2\u8ba8\u5728\u4e34\u7ec8\u5173\u6000\u5b66\u4e60\u5174\u8da3\u5c0f\u7ec4\u4e2d\u4f7f\u7528\u6545\u4e8b\u6559\u5b66\u6cd5\u7684\u65b9\u6cd5\u53ca\u6548\u679c. \u65b9\u6cd5\u5bf9\u4e34\u7ec8\u5173\u6000\u5174\u8da3\u5c0f\u7ec47 \u540d\u62a4\u7406\u5b66\u4e13\u4e1a\u7855\u58eb\u751f\u8fd0\u7528\u6545\u4e8b\u6559\u5b66\u6cd5\u8fdb\u884c\u6559\u5b66, \u901a\u8fc7\u95ee\u5377\u8c03\u67e5\u4e86\u548c\u5206\u6790\u5b66\u751f\u8bfe\u540e\u7684\u53cd\u601d\u65e5\u8bb0\u5bf9\u6559\u5b66\u8fdb\u884c\u8bc4\u4ef7. \u7ed3\u679c\u53cd\u601d\u65e5\u8bb0\u4e2d\u63d0\u70bc5 \u4e2a\u4e3b\u9898\u4e3a\u51cf\u8f7b\u60a3\u8005\u75db\u82e6, \u7406\u89e3\u4e0e\u5c0a\u91cd\u60a3\u8005\u9009\u62e9,  ...", "url_pdf": null, "num_citations": 1, "cluster_id": "16833647806835755897", "year": "2013", "url_citations": "http://scholar.google.com/scholar?cites=16833647806835755897&as_sdt=2005&sciodt=1,5&hl=en"}, {"num_versions": 0, "url_citation": null, "title": "Message in a bottle Telling stories in a digital world", "url": "http://www.sciencedirect.com/science/article/pii/S1877042810010268", "url_versions": null, "authors": "R Bran - Procedia-Social and Behavioral Sciences", "excerpt": "In the 21st century, we have started to tell stories using computer-based tools. As with traditional storytelling, digital storytelling focuses on a specific topic, has characters, a setting and a plot, and contains a particular point of view. But, by incorporating images, audio  ...", "url_pdf": null, "num_citations": 16, "cluster_id": "6535376173003572320", "year": "2010", "url_citations": "http://scholar.google.com/scholar?cites=6535376173003572320&as_sdt=2005&sciodt=1,5&hl=en"}, {"num_versions": 0, "url_citation": null, "title": "Digital Storytelling Teaching Robotic Basics in a Surgical Robotic Curriculum", "url": "http://www.terecop.eu/TRTWR2012/trtwr2012_submission_16.pdf", "url_versions": null, "authors": "M Scandola, P Fiorini - \u2026  of 3rd International Workshop Teaching Robotics \u2026", "excerpt": "Abstract. Digital Storytelling (DST) is a powerful tool to teach complex concepts. DSTs are typically used in humanistic sciences, but several researches showed that are a wonderful tool also for scientific sciences because they are more involving, contextualized and it is  ...", "url_pdf": "http://www.terecop.eu/TRTWR2012/trtwr2012_submission_16.pdf", "num_citations": 1, "cluster_id": "16655964963286353049", "year": "2012", "url_citations": "http://scholar.google.com/scholar?cites=16655964963286353049&as_sdt=2005&sciodt=1,5&hl=en"}, {"num_versions": 9, "url_citation": null, "title": "The development of virtual world tools to enhance learning and real world decision making in the Australian sugar farming industry", "url": "http://eprints.usq.edu.au/26339", "url_versions": "http://scholar.google.com/scholar?cluster=9540753280697423230&hl=en&as_sdt=1,5&sciodt=1,5&as_vis=1", "authors": "K Reardon-Smith, H Farley, N Cliffe\u2026 - \u2026  Journal of Advanced \u2026", "excerpt": "In farming, the outcome of critical decisions to enhance productivity and profitability, and so ensure the viability of farming enterprises, is often influenced by seasonal conditions and weather events over the growing season. This paper reports on a project that uses cutting- ...", "url_pdf": null, "num_citations": 3, "cluster_id": "9540753280697423230", "year": "2014", "url_citations": "http://scholar.google.com/scholar?cites=9540753280697423230&as_sdt=2005&sciodt=1,5&hl=en"}, {"num_versions": 0, "url_citation": null, "title": "Evaluating Digital Stories as Multi-Modal Reflections on Experiences", "url": "http://www.editlib.org/p/48351/", "url_versions": null, "authors": "C Renda - Society for Information Technology & Teacher  \u2026", "excerpt": "Abstract This paper addresses the multi-modal affordances of digital storytelling and the challenges that teacher educators may face when evaluating these types of alternative reflection products. Using an evaluation process that transforms qualitative data from multi ...", "url_pdf": null, "num_citations": 1, "cluster_id": "7245349289124698234", "year": "2013", "url_citations": "http://scholar.google.com/scholar?cites=7245349289124698234&as_sdt=2005&sciodt=1,5&hl=en"}, {"num_versions": 2, "url_citation": null, "title": "Exploring The Impact Of Critical Reflection Through The Use Of Service-Learning And Digital Storytelling", "url": "http://search.proquest.com/openview/a64fd908e66394c2f356a81cd8431759/1?pq-origsite=gscholar", "url_versions": "http://scholar.google.com/scholar?cluster=7896914845862335477&hl=en&as_sdt=1,5&sciodt=1,5&as_vis=1", "authors": "K Daniels - i-Manager's Journal on School Educational  \u2026", "excerpt": "Abstract In an ongoing effort to address the needs of 21st century teachers, a service-learning project was designed which coupled structured reflection and technology. The reflective practitioner model through the use of traditional methods course work has long  ...", "url_pdf": null, "num_citations": 2, "cluster_id": "7896914845862335477", "year": "2013", "url_citations": "http://scholar.google.com/scholar?cites=7896914845862335477&as_sdt=2005&sciodt=1,5&hl=en"}, {"num_versions": 4, "url_citation": null, "title": "Learner digital stories in a Web 2.0 age", "url": "http://onlinelibrary.wiley.com/doi/10.5054/tj.2011.259954/abstract", "url_versions": "http://scholar.google.com/scholar?cluster=18249575243266906441&hl=en&as_sdt=1,5&sciodt=1,5&as_vis=1", "authors": "G Alameen - TESOL Journal", "excerpt": "This article reports on a 4-week class project in which students created Web 2.0 digital stories and shared and discussed them with their peers using VoiceThread, a digital media online tool. Participants were English language learners in an academic writing class at a  ...", "url_pdf": null, "num_citations": 9, "cluster_id": "18249575243266906441", "year": "2011", "url_citations": "http://scholar.google.com/scholar?cites=18249575243266906441&as_sdt=2005&sciodt=1,5&hl=en"}, {"num_versions": 0, "url_citation": null, "title": "Linear Design vs. Branched Design of Digital Storytelling in a Web Based Distance Learning Course: Does It Have Effects on Students' Knowledge Acquisition  \u2026", "url": "http://universitypublications.net/jte/0203/pdf/V3NA281.pdf", "url_versions": null, "authors": "MA AlTaaban, AE Elgazzar\u2026 - Journal of Teaching  \u2026", "excerpt": "The current research aims at investigating the comparative effect of two types of Digital storytelling design: Linear Vs. Branched of sequencing events/episodes on knowledge acquisition (KA) and creative thinking skills (CTS) in web based distance learning. The  ...", "url_pdf": "http://universitypublications.net/jte/0203/pdf/V3NA281.pdf", "num_citations": 2, "cluster_id": "15314021112691622708", "year": "2013", "url_citations": "http://scholar.google.com/scholar?cites=15314021112691622708&as_sdt=2005&sciodt=1,5&hl=en"}, {"num_versions": 4, "url_citation": null, "title": "Engaging Students: Digital Storytelling in Information Systems Learning", "url": "http://journal.ecrc.nsysu.edu.tw/index.php/pajais/article/viewArticle/222", "url_versions": "http://scholar.google.com/scholar?cluster=15538791177648431623&hl=en&as_sdt=1,5&sciodt=1,5&as_vis=1", "authors": "NR Bromberg\u2026 - \u2026  Asia Journal of the \u2026", "excerpt": "Abstract One of the general challenges in today's teaching and learning environment is identifying waysto create meaningful and engaging learning experiences that go beyond a traditional lecture. The discovery-learning paradigm has a potential to address this  ...", "url_pdf": null, "num_citations": 3, "cluster_id": "15538791177648431623", "year": "2013", "url_citations": "http://scholar.google.com/scholar?cites=15538791177648431623&as_sdt=2005&sciodt=1,5&hl=en"}, {"num_versions": 5, "url_citation": null, "title": "Digital life-story narratives as data for policy makers and practitioners: Thinking through methodologies for large-scale multimedia qualitative datasets", "url": "http://www.tandfonline.com/doi/abs/10.1080/08838151.2012.761703", "url_versions": "http://scholar.google.com/scholar?cluster=12113773998104066055&hl=en&as_sdt=1,5&sciodt=1,5&as_vis=1", "authors": "N Matthews, N Sunderland - Journal of Broadcasting & Electronic  \u2026", "excerpt": "Digital life stories have been solicited, archived, and Web-cast by organizations and individuals as a way of amplifying marginalized voices in the public domain. Despite the now large collections of digital stories that are available, researchers and policy makers  ...", "url_pdf": null, "num_citations": 6, "cluster_id": "12113773998104066055", "year": "2013", "url_citations": "http://scholar.google.com/scholar?cites=12113773998104066055&as_sdt=2005&sciodt=1,5&hl=en"}]