[{"num_versions": 27, "url_citation": null, "title": "Why does unsupervised pre-training help deep learning?", "url": "http://dl.acm.org/citation.cfm?id=1756025", "url_versions": "http://scholar.google.com/scholar?cluster=13018263321881826087&hl=en&as_sdt=1,5&sciodt=1,5&as_vis=1", "authors": "D Erhan, Y Bengio, A Courville, PA Manzagol\u2026 - The Journal of Machine \u2026", "excerpt": "Abstract Much recent research has been devoted to learning algorithms for deep architectures such as Deep Belief Networks and stacks of auto-encoder variants, with impressive results obtained in several areas, mostly on vision and language data sets.  ...", "url_pdf": null, "num_citations": 431, "cluster_id": "13018263321881826087", "year": "2010", "url_citations": "http://scholar.google.com/scholar?cites=13018263321881826087&as_sdt=2005&sciodt=1,5&hl=en"}, {"num_versions": 25, "url_citation": null, "title": "Invariant scattering convolution networks", "url": "http://ieeexplore.ieee.org/xpls/abs_all.jsp?arnumber=6522407", "url_versions": "http://scholar.google.com/scholar?cluster=691041193672608212&hl=en&as_sdt=1,5&sciodt=1,5&as_vis=1", "authors": "J Bruna, S Mallat - Pattern Analysis and Machine Intelligence,  \u2026", "excerpt": "Abstract\u2014A wavelet scattering network computes a translation invariant image representation which is stable to deformations and preserves high-frequency information for classification. It cascades wavelet transform convolutions with nonlinear modulus and  ...", "url_pdf": null, "num_citations": 122, "cluster_id": "691041193672608212", "year": "2013", "url_citations": "http://scholar.google.com/scholar?cites=691041193672608212&as_sdt=2005&sciodt=1,5&hl=en"}, {"num_versions": 4, "url_citation": null, "title": "Optimization techniques to improve training speed of deep neural networks for large speech tasks", "url": "http://ieeexplore.ieee.org/xpls/abs_all.jsp?arnumber=6619439", "url_versions": "http://scholar.google.com/scholar?cluster=8342459325676772309&hl=en&as_sdt=1,5&sciodt=1,5&as_vis=1", "authors": "TN Sainath, B Kingsbury, H Soltau\u2026 - Audio, Speech, and  \u2026", "excerpt": "Abstract\u2014While Deep Neural Networks (DNNs) have achieved tremendous success for large vocabulary continuous speech recognition (LVCSR) tasks, training these networks is slow. Even to date, the most common approach to train DNNs is via stochastic gradient  ...", "url_pdf": null, "num_citations": 21, "cluster_id": "8342459325676772309", "year": "2013", "url_citations": "http://scholar.google.com/scholar?cites=8342459325676772309&as_sdt=2005&sciodt=1,5&hl=en"}, {"num_versions": 10, "url_citation": null, "title": "Kernel analysis of deep networks", "url": "http://dl.acm.org/citation.cfm?id=2078188", "url_versions": "http://scholar.google.com/scholar?cluster=6688977387479452631&hl=en&as_sdt=1,5&sciodt=1,5&as_vis=1", "authors": "G Montavon, ML Braun, KR M\u00fcller - The Journal of Machine Learning  \u2026", "excerpt": "Abstract When training deep networks it is common knowledge that an efficient and well generalizing representation of the problem is formed. In this paper we aim to elucidate what makes the emerging representation successful. We analyze the layer-wise evolution of the  ...", "url_pdf": null, "num_citations": 21, "cluster_id": "6688977387479452631", "year": "2011", "url_citations": "http://scholar.google.com/scholar?cites=6688977387479452631&as_sdt=2005&sciodt=1,5&hl=en"}, {"num_versions": 8, "url_citation": null, "title": "Dimensionality reduction: A comparative review", "url": "http://citeseerx.ist.psu.edu/viewdoc/download?doi=10.1.1.125.6716&rep=rep1&type=pdf", "url_versions": "http://scholar.google.com/scholar?cluster=16412661560808483097&hl=en&as_sdt=1,5&sciodt=1,5&as_vis=1", "authors": "LJP van der Maaten, EO Postma\u2026 - Journal of Machine  \u2026", "excerpt": "Abstract In recent years, a variety of nonlinear dimensionality reduction techniques have been proposed that aim to address the limitations of traditional techniques such as PCA. The paper presents a review and systematic comparison of these techniques. The  ...", "url_pdf": null, "num_citations": 805, "cluster_id": "16412661560808483097", "year": "2009", "url_citations": "http://scholar.google.com/scholar?cites=16412661560808483097&as_sdt=2005&sciodt=1,5&hl=en"}, {"num_versions": 12, "url_citation": null, "title": "Understanding the difficulty of training deep feedforward neural networks", "url": "http://machinelearning.wustl.edu/mlpapers/paper_files/AISTATS2010_GlorotB10.pdf", "url_versions": "http://scholar.google.com/scholar?cluster=17889055433985220047&hl=en&as_sdt=1,5&sciodt=1,5&as_vis=1", "authors": "X Glorot, Y Bengio - International conference on artificial \u2026", "excerpt": "Abstract Whereas before 2006 it appears that deep multilayer neural networks were not successfully trained, since then several algorithms have been shown to successfully train them, with experimental results showing the superiority of deeper vs less deep  ...", "url_pdf": "http://machinelearning.wustl.edu/mlpapers/paper_files/AISTATS2010_GlorotB10.pdf", "num_citations": 285, "cluster_id": "17889055433985220047", "year": "2010", "url_citations": "http://scholar.google.com/scholar?cites=17889055433985220047&as_sdt=2005&sciodt=1,5&hl=en"}, {"num_versions": 17, "url_citation": null, "title": "Stacked denoising autoencoders: Learning useful representations in a deep network with a local denoising criterion", "url": "http://dl.acm.org/citation.cfm?id=1953039", "url_versions": "http://scholar.google.com/scholar?cluster=13548556499559547747&hl=en&as_sdt=1,5&sciodt=1,5&as_vis=1", "authors": "P Vincent, H Larochelle, I Lajoie, Y Bengio\u2026 - The Journal of Machine \u2026", "excerpt": "Abstract We explore an original strategy for building deep networks, based on stacking layers of denoising autoencoders which are trained locally to denoise corrupted versions of their inputs. The resulting algorithm is a straightforward variation on the stacking of  ...", "url_pdf": null, "num_citations": 535, "cluster_id": "13548556499559547747", "year": "2010", "url_citations": "http://scholar.google.com/scholar?cites=13548556499559547747&as_sdt=2005&sciodt=1,5&hl=en"}, {"num_versions": 14, "url_citation": null, "title": "Boosted backpropagation learning for training deep modular networks", "url": "http://machinelearning.wustl.edu/mlpapers/paper_files/icml2010_GrubbB10.pdf", "url_versions": "http://scholar.google.com/scholar?cluster=13002792783464528370&hl=en&as_sdt=1,5&sciodt=1,5&as_vis=1", "authors": "A Grubb, JA Bagnell - Proceedings of the 27th  \u2026", "excerpt": "Abstract Divide-and-conquer is key to building sophisticated learning machines: hard problems are solved by composing a network of modules that solve simpler problems (LeCun et al., 1998; Rohde, 2002; Bradley, 2009). Many such existing systems rely on  ...", "url_pdf": "http://machinelearning.wustl.edu/mlpapers/paper_files/icml2010_GrubbB10.pdf", "num_citations": 10, "cluster_id": "13002792783464528370", "year": "2010", "url_citations": "http://scholar.google.com/scholar?cites=13002792783464528370&as_sdt=2005&sciodt=1,5&hl=en"}, {"num_versions": 10, "url_citation": null, "title": "Hierarchical learning: Theory with applications in speech and vision", "url": "http://citeseerx.ist.psu.edu/viewdoc/download?doi=10.1.1.151.2038&rep=rep1&type=pdf", "url_versions": "http://scholar.google.com/scholar?cluster=9603576362658691229&hl=en&as_sdt=1,5&sciodt=1,5&as_vis=1", "authors": "JV Bouvrie -", "excerpt": "Abstract Over the past two decades several hierarchical learning models have been developed and applied to a diverse range of practical tasks with much success. Little is known, however, as to why such models work as well as they do. Indeed, most are difficult  ...", "url_pdf": null, "num_citations": 13, "cluster_id": "9603576362658691229", "year": "2009", "url_citations": "http://scholar.google.com/scholar?cites=9603576362658691229&as_sdt=2005&sciodt=1,5&hl=en"}, {"num_versions": 15, "url_citation": null, "title": "A tutorial on stochastic approximation algorithms for training restricted Boltzmann machines and deep belief nets", "url": "http://ieeexplore.ieee.org/xpls/abs_all.jsp?arnumber=5454138", "url_versions": "http://scholar.google.com/scholar?cluster=16820952670766496210&hl=en&as_sdt=1,5&sciodt=1,5&as_vis=1", "authors": "K Swersky, B Chen, B Marlin\u2026 - Information Theory and  \u2026", "excerpt": "Abstract\u2014In this study, we provide a direct comparison of the Stochastic Maximum Likelihood algorithm and Contrastive Divergence for training Restricted Boltzmann Machines using the MNIST data set. We demonstrate that Stochastic Maximum Likelihood  ...", "url_pdf": null, "num_citations": 32, "cluster_id": "16820952670766496210", "year": "2010", "url_citations": "http://scholar.google.com/scholar?cites=16820952670766496210&as_sdt=2005&sciodt=1,5&hl=en"}, {"num_versions": 6, "url_citation": null, "title": "Failure diagnosis using deep belief learning based health state classification", "url": "http://www.sciencedirect.com/science/article/pii/S0951832013000574", "url_versions": "http://scholar.google.com/scholar?cluster=16366059584107178217&hl=en&as_sdt=1,5&sciodt=1,5&as_vis=1", "authors": "P Tamilselvan, P Wang - Reliability Engineering & System Safety", "excerpt": "Effective health diagnosis provides multifarious benefits such as improved safety, improved reliability and reduced costs for operation and maintenance of complex engineered systems. This paper presents a novel multi-sensor health diagnosis method using deep belief  ...", "url_pdf": null, "num_citations": 26, "cluster_id": "16366059584107178217", "year": "2013", "url_citations": "http://scholar.google.com/scholar?cites=16366059584107178217&as_sdt=2005&sciodt=1,5&hl=en"}, {"num_versions": 10, "url_citation": null, "title": "Extracting speaker-specific information with a regularized siamese deep network", "url": "http://papers.nips.cc/paper/4314-extracting-speaker-specific-information-with-a-regularized-siamese-deep-network", "url_versions": "http://scholar.google.com/scholar?cluster=18282015806294566026&hl=en&as_sdt=1,5&sciodt=1,5&as_vis=1", "authors": "K Chen, A Salman - Advances in Neural Information Processing  \u2026", "excerpt": "Abstract Speech conveys different yet mixed information ranging from linguistic to speaker-specific components, and each of them should be exclusively used in a specific task. However, it is extremely difficult to extract a specific information component given the fact  ...", "url_pdf": null, "num_citations": 11, "cluster_id": "18282015806294566026", "year": "2011", "url_citations": "http://scholar.google.com/scholar?cites=18282015806294566026&as_sdt=2005&sciodt=1,5&hl=en"}, {"num_versions": 5, "url_citation": null, "title": "Multi-source deep learning for human pose estimation", "url": "http://ieeexplore.ieee.org/xpls/abs_all.jsp?arnumber=6909696", "url_versions": "http://scholar.google.com/scholar?cluster=10627391380307827290&hl=en&as_sdt=1,5&sciodt=1,5&as_vis=1", "authors": "W Ouyang, X Chu, X Wang - Computer Vision and Pattern  \u2026", "excerpt": "Abstract Visual appearance score, appearance mixture type and deformation are three important information sources for human pose estimation. This paper proposes to build a multi-source deep model in order to extract non-linear representation from these different  ...", "url_pdf": null, "num_citations": 16, "cluster_id": "10627391380307827290", "year": "2014", "url_citations": "http://scholar.google.com/scholar?cites=10627391380307827290&as_sdt=2005&sciodt=1,5&hl=en"}, {"num_versions": 5, "url_citation": null, "title": "Deep learning-based feature representation for AD/MCI classification", "url": "http://link.springer.com/chapter/10.1007/978-3-642-40763-5_72", "url_versions": "http://scholar.google.com/scholar?cluster=13329512345704576723&hl=en&as_sdt=1,5&sciodt=1,5&as_vis=1", "authors": "HI Suk, D Shen - Medical Image Computing and Computer-Assisted  \u2026", "excerpt": "Abstract In recent years, there has been a great interest in computer-aided diagnosis of Alzheimer's Disease (AD) and its prodromal stage, Mild Cognitive Impairment (MCI). Unlike the previous methods that consider simple low-level features such as gray matter tissue  ...", "url_pdf": null, "num_citations": 24, "cluster_id": "13329512345704576723", "year": "2013", "url_citations": "http://scholar.google.com/scholar?cites=13329512345704576723&as_sdt=2005&sciodt=1,5&hl=en"}, {"num_versions": 4, "url_citation": null, "title": "Latent feature representation with stacked auto-encoder for AD/MCI diagnosis", "url": "http://link.springer.com/article/10.1007/s00429-013-0687-3", "url_versions": "http://scholar.google.com/scholar?cluster=944196368759372250&hl=en&as_sdt=1,5&sciodt=1,5&as_vis=1", "authors": "HI Suk, SW Lee, D Shen\u2026 - Brain Structure and  \u2026", "excerpt": "Abstract Recently, there have been great interests for computer-aided diagnosis of Alzheimer's disease (AD) and its prodromal stage, mild cognitive impairment (MCI). Unlike the previous methods that considered simple low-level features such as gray matter tissue  ...", "url_pdf": null, "num_citations": 18, "cluster_id": "944196368759372250", "year": "2013", "url_citations": "http://scholar.google.com/scholar?cites=944196368759372250&as_sdt=2005&sciodt=1,5&hl=en"}, {"num_versions": 6, "url_citation": null, "title": "Deep architectures and deep learning in chemoinformatics: the prediction of aqueous solubility for drug-like molecules", "url": "http://pubs.acs.org/doi/abs/10.1021/ci400187y", "url_versions": "http://scholar.google.com/scholar?cluster=920429449933062031&hl=en&as_sdt=1,5&sciodt=1,5&as_vis=1", "authors": "A Lusci, G Pollastri, P Baldi - Journal of chemical information and  \u2026", "excerpt": "Shallow machine learning methods have been applied to chemoinformatics problems with some success. As more data becomes available and more complex problems are tackled, deep machine learning methods may also become useful. Here, we present a brief  ...", "url_pdf": null, "num_citations": 21, "cluster_id": "920429449933062031", "year": "2013", "url_citations": "http://scholar.google.com/scholar?cites=920429449933062031&as_sdt=2005&sciodt=1,5&hl=en"}, {"num_versions": 11, "url_citation": null, "title": "Learning to detect roads in high-resolution aerial images", "url": "http://link.springer.com/chapter/10.1007/978-3-642-15567-3_16", "url_versions": "http://scholar.google.com/scholar?cluster=4606507525472227955&hl=en&as_sdt=1,5&sciodt=1,5&as_vis=1", "authors": "V Mnih, GE Hinton - Computer Vision\u2013ECCV", "excerpt": "Abstract Reliably extracting information from aerial imagery is a difficult problem with many practical applications. One specific case of this problem is the task of automatically detecting roads. This task is a difficult vision problem because of occlusions, shadows, and a wide  ...", "url_pdf": null, "num_citations": 73, "cluster_id": "4606507525472227955", "year": "2010", "url_citations": "http://scholar.google.com/scholar?cites=4606507525472227955&as_sdt=2005&sciodt=1,5&hl=en"}, {"num_versions": 4, "url_citation": null, "title": "Discriminative feature extraction with deep neural networks", "url": "http://ieeexplore.ieee.org/xpls/abs_all.jsp?arnumber=5596329", "url_versions": "http://scholar.google.com/scholar?cluster=5502058657913236492&hl=en&as_sdt=1,5&sciodt=1,5&as_vis=1", "authors": "A Stuhlsatz, J Lippel, T Zielke - Neural Networks (IJCNN), The  \u2026", "excerpt": "In a two-stage process that effectively implements a Nonlinear Discriminant Analysis (NDA), we first pretrain a DNN using stochastic optimization, partly supervised and unsupervised. This stage involves layer-wise training and stacking of single Restricted Boltzmann  ...", "url_pdf": null, "num_citations": 10, "cluster_id": "5502058657913236492", "year": "2010", "url_citations": "http://scholar.google.com/scholar?cites=5502058657913236492&as_sdt=2005&sciodt=1,5&hl=en"}, {"num_versions": 3, "url_citation": null, "title": "Visualizing higher-layer features of a deep network", "url": "http://igva2012.wikispaces.asu.edu/file/view/Erhan+2009+Visualizing+higher+layer+features+of+a+deep+network.pdf", "url_versions": "http://scholar.google.com/scholar?cluster=15692587631317576858&hl=en&as_sdt=1,5&sciodt=1,5&as_vis=1", "authors": "D Erhan, Y Bengio, A Courville\u2026 - \u2026 . IRO, Universit\u00e9 de \u2026", "excerpt": "Abstract Deep architectures have demonstrated state-of-the-art results in a variety of settings, especially with vision datasets. Beyond the model definitions and the quantitative analyses, there is a need for qualitative comparisons of the solutions learned by various  ...", "url_pdf": "http://igva2012.wikispaces.asu.edu/file/view/Erhan+2009+Visualizing+higher+layer+features+of+a+deep+network.pdf", "num_citations": 40, "cluster_id": "15692587631317576858", "year": "2009", "url_citations": "http://scholar.google.com/scholar?cites=15692587631317576858&as_sdt=2005&sciodt=1,5&hl=en"}, {"num_versions": 4, "url_citation": null, "title": "Understanding representations learned in deep architectures", "url": "http://www.iro.umontreal.ca/%7Elisa/pointeurs/invariances_techreport.pdf", "url_versions": "http://scholar.google.com/scholar?cluster=8026134095191205003&hl=en&as_sdt=1,5&sciodt=1,5&as_vis=1", "authors": "D Erhan, A Courville, Y Bengio - Universit e de Montr eal/DIRO,  \u2026", "excerpt": "Abstract Deep architectures have demonstrated state-of-the-art performance in a variety of settings, especially with vision datasets. Deep learning algorithms are based on learning several levels of representation of the input. Beyond test-set performance, there is a need  ...", "url_pdf": "http://www.iro.umontreal.ca/%7Elisa/pointeurs/invariances_techreport.pdf", "num_citations": 24, "cluster_id": "8026134095191205003", "year": "2010", "url_citations": "http://scholar.google.com/scholar?cites=8026134095191205003&as_sdt=2005&sciodt=1,5&hl=en"}, {"num_versions": 8, "url_citation": null, "title": "Hybrid intelligent intrusion detection scheme", "url": "http://link.springer.com/chapter/10.1007/978-3-642-20505-7_26", "url_versions": "http://scholar.google.com/scholar?cluster=8695290910356814687&hl=en&as_sdt=1,5&sciodt=1,5&as_vis=1", "authors": "MA Salama, HF Eid, RA Ramadan, A Darwish\u2026 - Soft computing in  \u2026", "excerpt": "Abstract This paper introduces a hybrid scheme that combines the advantages of deep belief network and support vector machine. An application of intrusion detection imaging has been chosen and hybridization scheme have been applied to see their ability and  ...", "url_pdf": null, "num_citations": 11, "cluster_id": "8695290910356814687", "year": "2011", "url_citations": "http://scholar.google.com/scholar?cites=8695290910356814687&as_sdt=2005&sciodt=1,5&hl=en"}, {"num_versions": 7, "url_citation": null, "title": "Feature extraction with deep neural networks by a generalized discriminant analysis", "url": "http://ieeexplore.ieee.org/xpls/abs_all.jsp?arnumber=6149591", "url_versions": "http://scholar.google.com/scholar?cluster=16506148504778994727&hl=en&as_sdt=1,5&sciodt=1,5&as_vis=1", "authors": "A Stuhlsatz, J Lippel, T Zielke - Neural Networks and Learning  \u2026", "excerpt": "Abstract\u2014We present an approach to feature extraction that is a generalization of the classical linear discriminant analysis (LDA) on the basis of deep neural networks (DNNs). As for LDA, discriminative features generated from independent Gaussian class conditionals  ...", "url_pdf": null, "num_citations": 30, "cluster_id": "16506148504778994727", "year": "2012", "url_citations": "http://scholar.google.com/scholar?cites=16506148504778994727&as_sdt=2005&sciodt=1,5&hl=en"}, {"num_versions": 16, "url_citation": null, "title": "Learning deep generative models", "url": "http://www.cs.toronto.edu/%7Ersalakhu/papers/Russ_thesis.pdf", "url_versions": "http://scholar.google.com/scholar?cluster=15717147795364945961&hl=en&as_sdt=1,5&sciodt=1,5&as_vis=1", "authors": "R Salakhutdinov -", "excerpt": "Building intelligent systems that have the potential of extracting high-level representations from rich sensory input lies at the core of solving many AI related tasks, including visual object recognition, speech perception, and language understanding. Theoretical and  ...", "url_pdf": "http://www.cs.toronto.edu/%7Ersalakhu/papers/Russ_thesis.pdf", "num_citations": 66, "cluster_id": "15717147795364945961", "year": "2009", "url_citations": "http://scholar.google.com/scholar?cites=15717147795364945961&as_sdt=2005&sciodt=1,5&hl=en"}, {"num_versions": 17, "url_citation": null, "title": "The neural autoregressive distribution estimator", "url": "http://machinelearning.wustl.edu/mlpapers/paper_files/AISTATS2011_LarochelleM11.pdf", "url_versions": "http://scholar.google.com/scholar?cluster=2309248672502861649&hl=en&as_sdt=1,5&sciodt=1,5&as_vis=1", "authors": "H Larochelle, I Murray - International Conference on  \u2026", "excerpt": "Abstract We describe a new approach for modeling the distribution of high-dimensional vectors of discrete variables. This model is inspired by the restricted Boltzmann machine (RBM), which has been shown to be a powerful model of such distributions. However, an  ...", "url_pdf": "http://machinelearning.wustl.edu/mlpapers/paper_files/AISTATS2011_LarochelleM11.pdf", "num_citations": 50, "cluster_id": "2309248672502861649", "year": "2011", "url_citations": "http://scholar.google.com/scholar?cites=2309248672502861649&as_sdt=2005&sciodt=1,5&hl=en"}, {"num_versions": 8, "url_citation": null, "title": "Towards scaling up classification-based speech separation", "url": "http://ieeexplore.ieee.org/xpls/abs_all.jsp?arnumber=6473841", "url_versions": "http://scholar.google.com/scholar?cluster=220901135250906487&hl=en&as_sdt=1,5&sciodt=1,5&as_vis=1", "authors": "Y Wang, DL Wang - Audio, Speech, and Language Processing, \u2026", "excerpt": "Abstract\u2014Formulating speech separation as a binary clas-sification problem has been shown to be effective. While good separation performance is achieved in matched test conditions using kernel support vector machines (SVMs), separation in unmatched  ...", "url_pdf": null, "num_citations": 73, "cluster_id": "220901135250906487", "year": "2013", "url_citations": "http://scholar.google.com/scholar?cites=220901135250906487&as_sdt=2005&sciodt=1,5&hl=en"}, {"num_versions": 16, "url_citation": null, "title": "Measuring invariances in deep networks", "url": "http://papers.nips.cc/paper/3790-measuring-invariances-in-deep-networks", "url_versions": "http://scholar.google.com/scholar?cluster=10810592820351129263&hl=en&as_sdt=1,5&sciodt=1,5&as_vis=1", "authors": "I Goodfellow, H Lee, QV Le, A Saxe\u2026 - Advances in neural  \u2026", "excerpt": "Abstract For many computer vision applications, the ideal image feature would be invariant to multiple confounding image properties, such as illumination and viewing angle. Recently, deep architectures trained in an unsupervised manner have been proposed as an  ...", "url_pdf": null, "num_citations": 136, "cluster_id": "10810592820351129263", "year": "2009", "url_citations": "http://scholar.google.com/scholar?cites=10810592820351129263&as_sdt=2005&sciodt=1,5&hl=en"}, {"num_versions": 10, "url_citation": null, "title": "Deep learners benefit more from out-of-distribution examples", "url": "http://machinelearning.wustl.edu/mlpapers/paper_files/AISTATS2011_BengioBBBBCCCEEGMLPRSS11.pdf", "url_versions": "http://scholar.google.com/scholar?cluster=10528790577331404144&hl=en&as_sdt=1,5&sciodt=1,5&as_vis=1", "authors": "Y Bengio, F Bastien, A Bergeron\u2026 - International  \u2026", "excerpt": "Abstract Recent theoretical and empirical work in statistical machine learning has demonstrated the potential of learning algorithms for deep architectures, ie, function classes obtained by composing multiple levels of representation. The hypothesis evaluated here  ...", "url_pdf": "http://machinelearning.wustl.edu/mlpapers/paper_files/AISTATS2011_BengioBBBBCCCEEGMLPRSS11.pdf", "num_citations": 18, "cluster_id": "10528790577331404144", "year": "2011", "url_citations": "http://scholar.google.com/scholar?cites=10528790577331404144&as_sdt=2005&sciodt=1,5&hl=en"}, {"num_versions": 22, "url_citation": null, "title": "Learning a parametric embedding by preserving local structure", "url": "http://machinelearning.wustl.edu/mlpapers/paper_files/AISTATS09_Maaten.pdf", "url_versions": "http://scholar.google.com/scholar?cluster=18286521649774055653&hl=en&as_sdt=1,5&sciodt=1,5&as_vis=1", "authors": "L Maaten - International Conference on Artificial  \u2026", "excerpt": "Abstract The paper presents a new unsupervised dimensionality reduction technique, called parametric t-SNE, that learns a parametric mapping between the high-dimensional data space and the low-dimensional latent space. Parametric t-SNE learns the parametric  ...", "url_pdf": "http://machinelearning.wustl.edu/mlpapers/paper_files/AISTATS09_Maaten.pdf", "num_citations": 73, "cluster_id": "18286521649774055653", "year": "2009", "url_citations": "http://scholar.google.com/scholar?cites=18286521649774055653&as_sdt=2005&sciodt=1,5&hl=en"}, {"num_versions": 64, "url_citation": null, "title": "Learning deep architectures for AI", "url": "http://dl.acm.org/citation.cfm?id=1658424", "url_versions": "http://scholar.google.com/scholar?cluster=5331804836605365413&hl=en&as_sdt=1,5&sciodt=1,5&as_vis=1", "authors": "Y Bengio - Foundations and trends\u00ae in Machine Learning", "excerpt": "Abstract Theoretical results suggest that in order to learn the kind of complicated functions that can represent high-level abstractions (eg, in vision, language, and other AI-level tasks), one may need deep architectures. Deep architectures are composed of multiple levels of  ...", "url_pdf": null, "num_citations": 1847, "cluster_id": "5331804836605365413", "year": "2009", "url_citations": "http://scholar.google.com/scholar?cites=5331804836605365413&as_sdt=2005&sciodt=1,5&hl=en"}, {"num_versions": 24, "url_citation": null, "title": "Dynamic pooling and unfolding recursive autoencoders for paraphrase detection", "url": "http://machinelearning.wustl.edu/mlpapers/paper_files/NIPS2011_0538.pdf", "url_versions": "http://scholar.google.com/scholar?cluster=16769505746668914526&hl=en&as_sdt=1,5&sciodt=1,5&as_vis=1", "authors": "R Socher, EH Huang, J Pennin\u2026 - Advances in  \u2026", "excerpt": "Abstract Paraphrase detection is the task of examining two sentences and determining whether they have the same meaning. In order to obtain high accuracy on this task, thorough syntactic and semantic analysis of the two statements is needed. We introduce a method  ...", "url_pdf": "http://machinelearning.wustl.edu/mlpapers/paper_files/NIPS2011_0538.pdf", "num_citations": 207, "cluster_id": "16769505746668914526", "year": "2011", "url_citations": "http://scholar.google.com/scholar?cites=16769505746668914526&as_sdt=2005&sciodt=1,5&hl=en"}, {"num_versions": 6, "url_citation": null, "title": "Big data deep learning: Challenges and perspectives", "url": "http://ieeexplore.ieee.org/xpls/abs_all.jsp?arnumber=6817512", "url_versions": "http://scholar.google.com/scholar?cluster=3358700578142176214&hl=en&as_sdt=1,5&sciodt=1,5&as_vis=1", "authors": "XW Chen, X Lin - Access, IEEE", "excerpt": "Abstract\u2014Deep learning is currently an extremely active research area in machine learning and pattern recognition society. It has gained huge successes in a broad area of applications such as speech recognition, computer vision, and natural language  ...", "url_pdf": null, "num_citations": 18, "cluster_id": "3358700578142176214", "year": "2014", "url_citations": "http://scholar.google.com/scholar?cites=3358700578142176214&as_sdt=2005&sciodt=1,5&hl=en"}, {"num_versions": 20, "url_citation": null, "title": "Accelerating large-scale convolutional neural networks with parallel graphics multiprocessors", "url": "http://link.springer.com/chapter/10.1007/978-3-642-15825-4_9", "url_versions": "http://scholar.google.com/scholar?cluster=7585980690811876935&hl=en&as_sdt=1,5&sciodt=1,5&as_vis=1", "authors": "D Scherer, H Schulz, S Behnke - Artificial Neural Networks\u2013ICANN", "excerpt": "Abstract Training convolutional neural networks (CNNs) on large sets of high-resolution images is too computationally intense to be performed on commodity CPUs. Such architectures, however, achieve state-of-the-art results on low-resolution machine vision  ...", "url_pdf": null, "num_citations": 14, "cluster_id": "7585980690811876935", "year": "2010", "url_citations": "http://scholar.google.com/scholar?cites=7585980690811876935&as_sdt=2005&sciodt=1,5&hl=en"}, {"num_versions": 15, "url_citation": null, "title": "Learning, memory, and the role of neural network architecture", "url": "http://www.ncbi.nlm.nih.gov/pmc/articles/PMC3127797/", "url_versions": "http://scholar.google.com/scholar?cluster=16337714472224736324&hl=en&as_sdt=1,5&sciodt=1,5&as_vis=1", "authors": "AM Hermundstad, KS Brown, DS Bassett\u2026 - PLoS computational  \u2026", "excerpt": "Abstract The performance of information processing systems, from artificial neural networks to natural neuronal ensembles, depends heavily on the underlying system architecture. In this study, we compare the performance of parallel and layered network architectures  ...", "url_pdf": null, "num_citations": 9, "cluster_id": "16337714472224736324", "year": "2011", "url_citations": "http://scholar.google.com/scholar?cites=16337714472224736324&as_sdt=2005&sciodt=1,5&hl=en"}, {"num_versions": 12, "url_citation": null, "title": "A better way to pretrain deep Boltzmann machines", "url": "http://papers.nips.cc/paper/4610-a-better-way-to-pretrain-deep-boltzmann-machines", "url_versions": "http://scholar.google.com/scholar?cluster=9430001092226333900&hl=en&as_sdt=1,5&sciodt=1,5&as_vis=1", "authors": "GE Hinton, RR Salakhutdinov - Advances in Neural Information  \u2026", "excerpt": "Abstract We describe how the pre-training algorithm for Deep Boltzmann Machines (DBMs) is related to the pre-training algorithm for Deep Belief Networks and we show that under certain conditions, the pre-training procedure improves the variational lower bound of a  ...", "url_pdf": null, "num_citations": 34, "cluster_id": "9430001092226333900", "year": "2012", "url_citations": "http://scholar.google.com/scholar?cites=9430001092226333900&as_sdt=2005&sciodt=1,5&hl=en"}, {"num_versions": 3, "url_citation": null, "title": "Knowledge matters: Importance of prior information for optimization", "url": "http://arxiv.org/abs/1301.4083", "url_versions": "http://scholar.google.com/scholar?cluster=16555444433184520296&hl=en&as_sdt=1,5&sciodt=1,5&as_vis=1", "authors": "\u00c7 G\u00fcl\u00e7ehre, Y Bengio - arXiv preprint arXiv:1301.4083", "excerpt": "Abstract: We explore the effect of introducing prior information into the intermediate level of neural networks for a learning task on which all the state-of-the-art machine learning algorithms tested failed to learn. We motivate our work from the hypothesis that humans  ...", "url_pdf": null, "num_citations": 19, "cluster_id": "16555444433184520296", "year": "2013", "url_citations": "http://scholar.google.com/scholar?cites=16555444433184520296&as_sdt=2005&sciodt=1,5&hl=en"}, {"num_versions": 6, "url_citation": null, "title": "An augmented efficient backpropagation training strategy for deep autoassociative neural networks.", "url": "http://scholar.google.com/https://www.elen.ucl.ac.be/Proceedings/esann/esannpdf/es2010-122.pdf", "url_versions": "http://scholar.google.com/scholar?cluster=4758295695508857028&hl=en&as_sdt=1,5&sciodt=1,5&as_vis=1", "authors": "MJ Embrechts, BJ Hargis, JD Linton - ESANN", "excerpt": "Abstract. We introduce Augmented Efficient BackProp, a strategy for applying the backpropagation algorithm to deep autoencoders, ie autoassociators with many hidden layers, without relying on a weight initialization using restricted Boltzmann machines ( ...", "url_pdf": "http://scholar.google.com/https://www.elen.ucl.ac.be/Proceedings/esann/esannpdf/es2010-122.pdf", "num_citations": 8, "cluster_id": "4758295695508857028", "year": "2010", "url_citations": "http://scholar.google.com/scholar?cites=4758295695508857028&as_sdt=2005&sciodt=1,5&hl=en"}, {"num_versions": 14, "url_citation": null, "title": "Stacked autoencoders for unsupervised feature learning and multiple organ detection in a pilot study using 4D patient data", "url": "http://ieeexplore.ieee.org/xpls/abs_all.jsp?arnumber=6399478", "url_versions": "http://scholar.google.com/scholar?cluster=11055548843702499225&hl=en&as_sdt=1,5&sciodt=1,5&as_vis=1", "authors": "HC Shin, MR Orton, DJ Collins\u2026 - Pattern Analysis and  \u2026", "excerpt": "Abstract\u2014Medical image analysis remains a challenging application area for artificial intelligence. When applying machine learning, obtaining ground-truth labels for supervised learning is more difficult than in many more common applications of machine learning.  ...", "url_pdf": null, "num_citations": 24, "cluster_id": "11055548843702499225", "year": "2013", "url_citations": "http://scholar.google.com/scholar?cites=11055548843702499225&as_sdt=2005&sciodt=1,5&hl=en"}, {"num_versions": 12, "url_citation": null, "title": "Learning to learn with compound hd models", "url": "http://papers.nips.cc/paper/4474-learning-to-learn-with-compound-hd-models", "url_versions": "http://scholar.google.com/scholar?cluster=9444034987622569021&hl=en&as_sdt=1,5&sciodt=1,5&as_vis=1", "authors": "A Torralba, JB Tenenbaum\u2026 - Advances in Neural  \u2026", "excerpt": "Abstract We introduce HD (or``Hierarchical-Deep'') models, a new compositional learning architecture that integrates deep learning models with structured hierarchical Bayesian models. Specifically we show how we can learn a hierarchical Dirichlet process (HDP)  ...", "url_pdf": null, "num_citations": 11, "cluster_id": "9444034987622569021", "year": "2011", "url_citations": "http://scholar.google.com/scholar?cites=9444034987622569021&as_sdt=2005&sciodt=1,5&hl=en"}, {"num_versions": 33, "url_citation": null, "title": "Representation learning: A review and new perspectives", "url": "http://ieeexplore.ieee.org/xpls/abs_all.jsp?arnumber=6472238", "url_versions": "http://scholar.google.com/scholar?cluster=559463397382443088&hl=en&as_sdt=1,5&sciodt=1,5&as_vis=1", "authors": "Y Bengio, A Courville, P Vincent - Pattern Analysis and  \u2026", "excerpt": "Abstract\u2014The success of machine learning algorithms generally depends on data representation, and we hypothesize that this is because different representations can entangle and hide more or less the different explanatory factors of variation behind the  ...", "url_pdf": null, "num_citations": 685, "cluster_id": "559463397382443088", "year": "2013", "url_citations": "http://scholar.google.com/scholar?cites=559463397382443088&as_sdt=2005&sciodt=1,5&hl=en"}, {"num_versions": 4, "url_citation": null, "title": "A skin detection approach based on the Dempster\u2013Shafer theory of evidence", "url": "http://www.sciencedirect.com/science/article/pii/S0888613X12000047", "url_versions": "http://scholar.google.com/scholar?cluster=8668455573006769072&hl=en&as_sdt=1,5&sciodt=1,5&as_vis=1", "authors": "M Shoyaib, M Abdullah-Al-Wadud, O Chae - International Journal of  \u2026", "excerpt": "Skin detection is an important step for a wide range of research related to computer vision and image processing and several methods have already been proposed to solve this problem. However, most of these methods suffer from accuracy and reliability problems  ...", "url_pdf": null, "num_citations": 24, "cluster_id": "8668455573006769072", "year": "2012", "url_citations": "http://scholar.google.com/scholar?cites=8668455573006769072&as_sdt=2005&sciodt=1,5&hl=en"}, {"num_versions": 9, "url_citation": null, "title": "Modular deep belief networks that do not forget", "url": "http://ieeexplore.ieee.org/xpls/abs_all.jsp?arnumber=6033359", "url_versions": "http://scholar.google.com/scholar?cluster=867089321108406558&hl=en&as_sdt=1,5&sciodt=1,5&as_vis=1", "authors": "L Pape, F Gomez, M Ring\u2026 - Neural Networks (IJCNN \u2026", "excerpt": "Abstract\u2014Deep belief networks (DBNs) are popular for learning compact representations of highdimensional data. However, most approaches so far rely on having a single, complete training set. If the distribution of relevant features changes during subsequent training  ...", "url_pdf": null, "num_citations": 8, "cluster_id": "867089321108406558", "year": "2011", "url_citations": "http://scholar.google.com/scholar?cites=867089321108406558&as_sdt=2005&sciodt=1,5&hl=en"}, {"num_versions": 5, "url_citation": null, "title": "Electron microscopy reconstruction of brain structure using sparse representations over learned dictionaries", "url": "http://ieeexplore.ieee.org/xpls/abs_all.jsp?arnumber=6573368", "url_versions": "http://scholar.google.com/scholar?cluster=3292047678910601981&hl=en&as_sdt=1,5&sciodt=1,5&as_vis=1", "authors": "T Hu, J Nunez-Iglesias, S Vitaladevuni\u2026 - Medical Imaging,  \u2026", "excerpt": "Abstract\u2014A central problem in neuroscience is reconstructing neuronal circuits on the synapse level. Due to a wide range of scales in brain architecture such reconstruction requires imaging that is both high-resolution and high-throughput. Existing electron  ...", "url_pdf": null, "num_citations": 6, "cluster_id": "3292047678910601981", "year": "2013", "url_citations": "http://scholar.google.com/scholar?cites=3292047678910601981&as_sdt=2005&sciodt=1,5&hl=en"}, {"num_versions": 13, "url_citation": null, "title": "Learning with hierarchical-deep models", "url": "http://ieeexplore.ieee.org/xpls/abs_all.jsp?arnumber=6389680", "url_versions": "http://scholar.google.com/scholar?cluster=17308956819103129842&hl=en&as_sdt=1,5&sciodt=1,5&as_vis=1", "authors": "R Salakhutdinov, JB Tenenbaum\u2026 - Pattern Analysis and  \u2026", "excerpt": "Abstract\u2014We introduce HD (or \u201cHierarchical-Deep\u201d) models, a new compositional learning architecture that integrates deep learning models with structured hierarchical Bayesian models. Specifically we show how we can learn a hierarchical Dirichlet process (HDP)  ...", "url_pdf": null, "num_citations": 31, "cluster_id": "17308956819103129842", "year": "2013", "url_citations": "http://scholar.google.com/scholar?cites=17308956819103129842&as_sdt=2005&sciodt=1,5&hl=en"}, {"num_versions": 6, "url_citation": null, "title": "Practical recommendations for gradient-based training of deep architectures", "url": "http://link.springer.com/chapter/10.1007/978-3-642-35289-8_26", "url_versions": "http://scholar.google.com/scholar?cluster=13214514639523956782&hl=en&as_sdt=1,5&sciodt=1,5&as_vis=1", "authors": "Y Bengio - Neural Networks: Tricks of the Trade", "excerpt": "Abstract Learning algorithms related to artificial neural networks and in particular for Deep Learning may seem to involve many bells and whistles, called hyper-parameters. This chapter is meant as a practical guide with recommendations for some of the most  ...", "url_pdf": null, "num_citations": 91, "cluster_id": "13214514639523956782", "year": "2012", "url_citations": "http://scholar.google.com/scholar?cites=13214514639523956782&as_sdt=2005&sciodt=1,5&hl=en"}, {"num_versions": 13, "url_citation": null, "title": "Classification with scattering operators", "url": "http://arxiv.org/abs/1011.3023", "url_versions": "http://scholar.google.com/scholar?cluster=4492153324016027399&hl=en&as_sdt=1,5&sciodt=1,5&as_vis=1", "authors": "J Bruna, S Mallat - arXiv preprint arXiv:1011.3023", "excerpt": "Abstract: A scattering vector is a local descriptor including multiscale and multi-direction co-occurrence information. It is computed with a cascade of wavelet decompositions and complex modulus. This scattering representation is locally translation invariant and  ...", "url_pdf": null, "num_citations": 48, "cluster_id": "4492153324016027399", "year": "2010", "url_citations": "http://scholar.google.com/scholar?cites=4492153324016027399&as_sdt=2005&sciodt=1,5&hl=en"}, {"num_versions": 7, "url_citation": null, "title": "Using neural network front-ends on far field multiple microphones based speech recognition", "url": "http://ieeexplore.ieee.org/xpls/abs_all.jsp?arnumber=6854663", "url_versions": "http://scholar.google.com/scholar?cluster=3798801928164154002&hl=en&as_sdt=1,5&sciodt=1,5&as_vis=1", "authors": "Y Liu, P Zhang, T Hain - Acoustics, Speech and Signal  \u2026", "excerpt": "ABSTRACT This paper presents an investigation of far field speech recognition using beamforming and channel concatenation in the context of Deep Neural Network (DNN) based feature extraction. While speech enhancement with beamforming is attractive, the  ...", "url_pdf": null, "num_citations": 14, "cluster_id": "3798801928164154002", "year": "2014", "url_citations": "http://scholar.google.com/scholar?cites=3798801928164154002&as_sdt=2005&sciodt=1,5&hl=en"}, {"num_versions": 11, "url_citation": null, "title": "Deep architectures for protein contact map prediction", "url": "http://bioinformatics.oxfordjournals.org/content/28/19/2449.short", "url_versions": "http://scholar.google.com/scholar?cluster=3462337509476237697&hl=en&as_sdt=1,5&sciodt=1,5&as_vis=1", "authors": "P Di Lena, K Nagata, P Baldi - Bioinformatics", "excerpt": "Abstract Motivation: Residue\u2013residue contact prediction is important for protein structure prediction and other applications. However, the accuracy of current contact predictors often barely exceeds 20% on long-range contacts, falling short of the level required for ab initio  ...", "url_pdf": null, "num_citations": 39, "cluster_id": "3462337509476237697", "year": "2012", "url_citations": "http://scholar.google.com/scholar?cites=3462337509476237697&as_sdt=2005&sciodt=1,5&hl=en"}, {"num_versions": 15, "url_citation": null, "title": "ICA with reconstruction cost for efficient overcomplete feature learning", "url": "http://papers.nips.cc/paper/4467-ica-with-reconstruction-cost-for-efficient-overcomplete-feature-learning", "url_versions": "http://scholar.google.com/scholar?cluster=10353415925673942557&hl=en&as_sdt=1,5&sciodt=1,5&as_vis=1", "authors": "QV Le, A Karpenko, J Ngiam, AY Ng - Advances in Neural  \u2026", "excerpt": "Abstract Independent Components Analysis (ICA) and its variants have been successfully used for unsupervised feature learning. However, standard ICA requires an orthonoramlity constraint to be enforced, which makes it dif\ufb01cult to learn overcomplete features. In  ...", "url_pdf": null, "num_citations": 100, "cluster_id": "10353415925673942557", "year": "2011", "url_citations": "http://scholar.google.com/scholar?cites=10353415925673942557&as_sdt=2005&sciodt=1,5&hl=en"}, {"num_versions": 13, "url_citation": null, "title": "Learning speaker-specific characteristics with a deep neural architecture", "url": "http://ieeexplore.ieee.org/xpls/abs_all.jsp?arnumber=6026951", "url_versions": "http://scholar.google.com/scholar?cluster=10989193960928354096&hl=en&as_sdt=1,5&sciodt=1,5&as_vis=1", "authors": "K Chen, A Salman - Neural Networks, IEEE Transactions on", "excerpt": "Abstract\u2014Speech signals convey various yet mixed informa-tion ranging from linguistic to speaker-specific information. However, most of acoustic representations characterize all different kinds of information as whole, which could hinder either a speech or a speaker  ...", "url_pdf": null, "num_citations": 27, "cluster_id": "10989193960928354096", "year": "2011", "url_citations": "http://scholar.google.com/scholar?cites=10989193960928354096&as_sdt=2005&sciodt=1,5&hl=en"}, {"num_versions": 14, "url_citation": null, "title": "Learning to combine foveal glimpses with a third-order Boltzmann machine", "url": "http://papers.nips.cc/paper/4089-learning-to-combine-foveal-glimpses-with-a-third-order-boltzmann-machine", "url_versions": "http://scholar.google.com/scholar?cluster=14734927794625745724&hl=en&as_sdt=1,5&sciodt=1,5&as_vis=1", "authors": "H Larochelle, GE Hinton - Advances in neural information  \u2026", "excerpt": "Abstract We describe a model based on a Boltzmann machine with third-order connections that can learn how to accumulate information about a shape over several fixations. The model uses a retina that only has enough high resolution pixels to cover a small area of  ...", "url_pdf": null, "num_citations": 50, "cluster_id": "14734927794625745724", "year": "2010", "url_citations": "http://scholar.google.com/scholar?cites=14734927794625745724&as_sdt=2005&sciodt=1,5&hl=en"}]