[{"num_versions": 9, "url_citation": null, "title": "Improved Bottleneck Features Using Pretrained Deep Neural Networks.", "url": "http://research.microsoft.com/pubs/153642/bottleneck-interspeech2011-pub.pdf", "url_versions": "http://scholar.google.com/scholar?cluster=10630012346925912866&hl=en&as_sdt=1,5&sciodt=1,5&as_vis=1", "authors": "D Yu, ML Seltzer - INTERSPEECH", "excerpt": "Abstract Bottleneck features have been shown to be effective in improving the accuracy of automatic speech recognition (ASR) systems. Conventionally, bottleneck features are extracted from a multi-layer perceptron (MLP) trained to predict context-independent  ...", "url_pdf": "http://research.microsoft.com/pubs/153642/bottleneck-interspeech2011-pub.pdf", "num_citations": 96, "cluster_id": "10630012346925912866", "year": "2011", "url_citations": "http://scholar.google.com/scholar?cites=10630012346925912866&as_sdt=2005&sciodt=1,5&hl=en"}, {"num_versions": 14, "url_citation": null, "title": "From birdsong to human speech recognition: Bayesian inference on a hierarchy of nonlinear dynamical systems", "url": "http://dx.plos.org/10.1371/journal.pcbi.1003219", "url_versions": "http://scholar.google.com/scholar?cluster=285342210313596229&hl=en&as_sdt=1,5&sciodt=1,5&as_vis=1", "authors": "IB Yildiz, K von Kriegstein, SJ Kiebel - PLoS computational biology", "excerpt": "Abstract Our knowledge about the computational mechanisms underlying human learning and recognition of sound sequences, especially speech, is still very limited. One difficulty in deciphering the exact means by which humans recognize speech is that there are scarce  ...", "url_pdf": null, "num_citations": 39, "cluster_id": "285342210313596229", "year": "2013", "url_citations": "http://scholar.google.com/scholar?cites=285342210313596229&as_sdt=2005&sciodt=1,5&hl=en"}, {"num_versions": 14, "url_citation": null, "title": "Real-time classification and sensor fusion with a spiking deep belief network", "url": "http://www.ncbi.nlm.nih.gov/pmc/articles/PMC3792559/", "url_versions": "http://scholar.google.com/scholar?cluster=7776536154562292662&hl=en&as_sdt=1,5&sciodt=1,5&as_vis=1", "authors": "P O'Connor, D Neil, SC Liu, T Delbruck\u2026 - Frontiers in  \u2026", "excerpt": "Abstract Deep Belief Networks (DBNs) have recently shown impressive performance on a broad range of classification problems. Their generative properties allow better understanding of the performance, and provide a simpler solution for sensor fusion tasks.  ...", "url_pdf": null, "num_citations": 41, "cluster_id": "7776536154562292662", "year": "2013", "url_citations": "http://scholar.google.com/scholar?cites=7776536154562292662&as_sdt=2005&sciodt=1,5&hl=en"}, {"num_versions": 16, "url_citation": null, "title": "On the importance of initialization and momentum in deep learning", "url": "http://machinelearning.wustl.edu/mlpapers/papers/icml2013_sutskever13", "url_versions": "http://scholar.google.com/scholar?cluster=7449004388220998591&hl=en&as_sdt=1,5&sciodt=1,5&as_vis=1", "authors": "I Sutskever, J Martens, G Dahl\u2026 - Proceedings of the  \u2026", "excerpt": "Abstract: Deep and recurrent neural networks (DNNs and RNNs respectively) are powerful models that were considered to be almost impossible to train using stochastic gradient descent with momentum. In this paper, we show that when stochastic gradient descent  ...", "url_pdf": null, "num_citations": 154, "cluster_id": "7449004388220998591", "year": "2013", "url_citations": "http://scholar.google.com/scholar?cites=7449004388220998591&as_sdt=2005&sciodt=1,5&hl=en"}, {"num_versions": 5, "url_citation": null, "title": "Fast speaker adaptation of hybrid NN/HMM model for speech recognition based on discriminative learning of speaker code", "url": "http://ieeexplore.ieee.org/xpls/abs_all.jsp?arnumber=6639211", "url_versions": "http://scholar.google.com/scholar?cluster=592434749424056765&hl=en&as_sdt=1,5&sciodt=1,5&as_vis=1", "authors": "O Abdel-Hamid, H Jiang - Acoustics, Speech and Signal  \u2026", "excerpt": "ABSTRACT In this paper, we propose a new fast speaker adaptation method for the hybrid NN-HMM speech recognition model. The adaptation method depends on a joint learning of a large generic adaptation neural network for all speakers as well as multiple small  ...", "url_pdf": null, "num_citations": 52, "cluster_id": "592434749424056765", "year": "2013", "url_citations": "http://scholar.google.com/scholar?cites=592434749424056765&as_sdt=2005&sciodt=1,5&hl=en"}, {"num_versions": 9, "url_citation": null, "title": "Multi-distribution deep belief network for speech synthesis", "url": "http://ieeexplore.ieee.org/xpls/abs_all.jsp?arnumber=6639225", "url_versions": "http://scholar.google.com/scholar?cluster=4548744978691778723&hl=en&as_sdt=1,5&sciodt=1,5&as_vis=1", "authors": "S Kang, X Qian, HY Meng - Acoustics, Speech and Signal  \u2026", "excerpt": "ABSTRACT Deep belief network (DBN) has been shown to be a good generative model in tasks such as hand-written digit image generation. Previous work on DBN in the speech community mainly focuses on using the generatively pre-trained DBN to initialize a  ...", "url_pdf": null, "num_citations": 37, "cluster_id": "4548744978691778723", "year": "2013", "url_citations": "http://scholar.google.com/scholar?cites=4548744978691778723&as_sdt=2005&sciodt=1,5&hl=en"}, {"num_versions": 6, "url_citation": null, "title": "An overview of noise-robust automatic speech recognition", "url": "http://ieeexplore.ieee.org/xpls/abs_all.jsp?arnumber=6732927", "url_versions": "http://scholar.google.com/scholar?cluster=12716095876530501257&hl=en&as_sdt=1,5&sciodt=1,5&as_vis=1", "authors": "J Li, L Deng, Y Gong\u2026 - Audio, Speech, and  \u2026", "excerpt": "Abstract New waves of consumer-centric applications, such as voice search and voice interaction with mobile devices and home entertainment systems, increasingly require automatic speech recognition (ASR) to be robust to the full range of real-world noise and  ...", "url_pdf": null, "num_citations": 50, "cluster_id": "12716095876530501257", "year": "2014", "url_citations": "http://scholar.google.com/scholar?cites=12716095876530501257&as_sdt=2005&sciodt=1,5&hl=en"}, {"num_versions": 13, "url_citation": null, "title": "Adaptation of context-dependent deep neural networks for automatic speech recognition", "url": "http://ieeexplore.ieee.org/xpls/abs_all.jsp?arnumber=6424251", "url_versions": "http://scholar.google.com/scholar?cluster=16596529097208514106&hl=en&as_sdt=1,5&sciodt=1,5&as_vis=1", "authors": "K Yao, D Yu, F Seide, H Su, L Deng\u2026 - \u2026  Workshop (SLT)", "excerpt": "ABSTRACT In this paper, we evaluate the effectiveness of adaptation methods for context-dependent deep-neural-network hidden Markov models (CD-DNN-HMMs) for automatic speech recognition. We investigate the affine transformation and several of its variants for  ...", "url_pdf": null, "num_citations": 58, "cluster_id": "16596529097208514106", "year": "2012", "url_citations": "http://scholar.google.com/scholar?cites=16596529097208514106&as_sdt=2005&sciodt=1,5&hl=en"}, {"num_versions": 10, "url_citation": null, "title": "KL-divergence regularized deep neural network adaptation for improved large vocabulary speech recognition", "url": "http://ieeexplore.ieee.org/xpls/abs_all.jsp?arnumber=6639201", "url_versions": "http://scholar.google.com/scholar?cluster=7732628750597171003&hl=en&as_sdt=1,5&sciodt=1,5&as_vis=1", "authors": "D Yu, K Yao, H Su, G Li, F Seide - Acoustics, Speech and  \u2026", "excerpt": "ABSTRACT We propose a novel regularized adaptation technique for context dependent deep neural network hidden Markov models (CD-DNN-HMMs). The CD-DNN-HMM has a large output layer and many large hidden layers, each with thousands of neurons. The  ...", "url_pdf": null, "num_citations": 67, "cluster_id": "7732628750597171003", "year": "2013", "url_citations": "http://scholar.google.com/scholar?cites=7732628750597171003&as_sdt=2005&sciodt=1,5&hl=en"}, {"num_versions": 7, "url_citation": null, "title": "Speaker adaptation of context dependent deep neural networks", "url": "http://ieeexplore.ieee.org/xpls/abs_all.jsp?arnumber=6639212", "url_versions": "http://scholar.google.com/scholar?cluster=14573784591826569005&hl=en&as_sdt=1,5&sciodt=1,5&as_vis=1", "authors": "H Liao - Acoustics, Speech and Signal Processing (ICASSP),  \u2026", "excerpt": "ABSTRACT There has been little work on examining how deep neural networks may be adapted to speakers for improved speech recognition accuracy. Past work has examined using a discriminatively trained affine transformation of the input features applied at a  ...", "url_pdf": null, "num_citations": 42, "cluster_id": "14573784591826569005", "year": "2013", "url_citations": "http://scholar.google.com/scholar?cites=14573784591826569005&as_sdt=2005&sciodt=1,5&hl=en"}, {"num_versions": 13, "url_citation": null, "title": "Use of kernel deep convex networks and end-to-end learning for spoken language understanding", "url": "http://ieeexplore.ieee.org/xpls/abs_all.jsp?arnumber=6424224", "url_versions": "http://scholar.google.com/scholar?cluster=8158485640635167096&hl=en&as_sdt=1,5&sciodt=1,5&as_vis=1", "authors": "L Deng, G Tur, X He\u2026 - \u2026  Workshop (SLT)", "excerpt": "ABSTRACT We present our recent and ongoing work on applying deep learning techniques to spoken language understanding (SLU) problems. The previously developed deep convex network (DCN) is extended to its kernel version (K-DCN) where the number of hidden  ...", "url_pdf": null, "num_citations": 35, "cluster_id": "8158485640635167096", "year": "2012", "url_citations": "http://scholar.google.com/scholar?cites=8158485640635167096&as_sdt=2005&sciodt=1,5&hl=en"}, {"num_versions": 12, "url_citation": null, "title": "Boosting attribute and phone estimation accuracies with deep neural networks for detection-based speech recognition", "url": "http://ieeexplore.ieee.org/xpls/abs_all.jsp?arnumber=6288837", "url_versions": "http://scholar.google.com/scholar?cluster=13972258005476040820&hl=en&as_sdt=1,5&sciodt=1,5&as_vis=1", "authors": "D Yu, SM Siniscalchi, L Deng\u2026 - Acoustics, Speech and  \u2026", "excerpt": "ABSTRACT Generation of high-precision sub-phonetic attribute (also known as phonological features) and phone lattices is a key frontend component for detection-based bottom-up speech recognition. In this paper we employ deep neural networks (DNNs) to  ...", "url_pdf": null, "num_citations": 32, "cluster_id": "13972258005476040820", "year": "2012", "url_citations": "http://scholar.google.com/scholar?cites=13972258005476040820&as_sdt=2005&sciodt=1,5&hl=en"}, {"num_versions": 14, "url_citation": null, "title": "Speech recognition with deep recurrent neural networks", "url": "http://ieeexplore.ieee.org/xpls/abs_all.jsp?arnumber=6638947", "url_versions": "http://scholar.google.com/scholar?cluster=9041586046771167211&hl=en&as_sdt=1,5&sciodt=1,5&as_vis=1", "authors": "A Graves, A Mohamed, G Hinton - Acoustics, Speech and  \u2026", "excerpt": "ABSTRACT Recurrent neural networks (RNNs) are a powerful model for sequential data. End-to-end training methods such as Connectionist Temporal Classification make it possible to train RNNs for sequence labelling problems where the input-output alignment is  ...", "url_pdf": null, "num_citations": 262, "cluster_id": "9041586046771167211", "year": "2013", "url_citations": "http://scholar.google.com/scholar?cites=9041586046771167211&as_sdt=2005&sciodt=1,5&hl=en"}, {"num_versions": 20, "url_citation": null, "title": "Deep learning for detecting robotic grasps", "url": "http://ijr.sagepub.com/content/34/4-5/705.short", "url_versions": "http://scholar.google.com/scholar?cluster=2866321627490206847&hl=en&as_sdt=1,5&sciodt=1,5&as_vis=1", "authors": "I Lenz, H Lee, A Saxena - The International Journal of Robotics  \u2026", "excerpt": "Abstract We consider the problem of detecting robotic grasps in an RGB-D view of a scene containing objects. In this work, we apply a deep learning approach to solve this problem, which avoids time-consuming hand-design of features. This presents two main challenges ...", "url_pdf": null, "num_citations": 48, "cluster_id": "2866321627490206847", "year": "2015", "url_citations": "http://scholar.google.com/scholar?cites=2866321627490206847&as_sdt=2005&sciodt=1,5&hl=en"}, {"num_versions": 10, "url_citation": null, "title": "Understanding how deep belief networks perform acoustic modelling", "url": "http://ieeexplore.ieee.org/xpls/abs_all.jsp?arnumber=6288863", "url_versions": "http://scholar.google.com/scholar?cluster=2947995609102644825&hl=en&as_sdt=1,5&sciodt=1,5&as_vis=1", "authors": "A Mohamed, G Hinton, G Penn - Acoustics, Speech and Signal  \u2026", "excerpt": "ABSTRACT Deep Belief Networks (DBNs) are a very competitive alternative to Gaussian mixture models for relating states of a hidden Markov model to frames of coefficients derived from the acoustic input. They are competitive for three reasons: DBNs can be fine-tuned as  ...", "url_pdf": null, "num_citations": 86, "cluster_id": "2947995609102644825", "year": "2012", "url_citations": "http://scholar.google.com/scholar?cites=2947995609102644825&as_sdt=2005&sciodt=1,5&hl=en"}, {"num_versions": 11, "url_citation": null, "title": "Dropout: A simple way to prevent neural networks from overfitting", "url": "http://dl.acm.org/citation.cfm?id=2670313", "url_versions": "http://scholar.google.com/scholar?cluster=17092600409158696067&hl=en&as_sdt=1,5&sciodt=1,5&as_vis=1", "authors": "N Srivastava, G Hinton, A Krizhevsky\u2026 - The Journal of Machine \u2026", "excerpt": "Abstract Deep neural nets with a large number of parameters are very powerful machine learning systems. However, overfitting is a serious problem in such networks. Large networks are also slow to use, making it difficult to deal with overfitting by combining the  ...", "url_pdf": null, "num_citations": 225, "cluster_id": "17092600409158696067", "year": "2014", "url_citations": "http://scholar.google.com/scholar?cites=17092600409158696067&as_sdt=2005&sciodt=1,5&hl=en"}, {"num_versions": 16, "url_citation": null, "title": "New types of deep neural network learning for speech recognition and related applications: An overview", "url": "http://ieeexplore.ieee.org/xpls/abs_all.jsp?arnumber=6639344", "url_versions": "http://scholar.google.com/scholar?cluster=10871829039953032247&hl=en&as_sdt=1,5&sciodt=1,5&as_vis=1", "authors": "L Deng, G Hinton, B Kingsbury - Acoustics, Speech and Signal  \u2026", "excerpt": "ABSTRACT In this paper, we provide an overview of the invited and contributed papers presented at the special session at ICASSP-2013, entitled \u201cNew Types of Deep Neural Network Learning for Speech Recognition and Related Applications,\u201d as organized by the  ...", "url_pdf": null, "num_citations": 82, "cluster_id": "10871829039953032247", "year": "2013", "url_citations": "http://scholar.google.com/scholar?cites=10871829039953032247&as_sdt=2005&sciodt=1,5&hl=en"}, {"num_versions": 2, "url_citation": null, "title": "Training and analysing deep recurrent neural networks", "url": "http://papers.nips.cc/paper/5166-tra", "url_versions": "http://scholar.google.com/scholar?cluster=14506396899502432477&hl=en&as_sdt=1,5&sciodt=1,5&as_vis=1", "authors": "M Hermans, B Schrauwen - Advances in Neural Information  \u2026", "excerpt": "Abstract Time series often have a temporal hierarchy, with information that is spread out over multiple time scales. Common recurrent neural networks, however, do not explicitly accommodate such a hierarchy, and most research on them has been focusing on training  ...", "url_pdf": null, "num_citations": 35, "cluster_id": "14506396899502432477", "year": "2013", "url_citations": "http://scholar.google.com/scholar?cites=14506396899502432477&as_sdt=2005&sciodt=1,5&hl=en"}, {"num_versions": 9, "url_citation": null, "title": "Restructuring of deep neural network acoustic models with singular value decomposition.", "url": "http://scholar.google.com/https://wiki.inf.ed.ac.uk/twiki/pub/CSTR/ListenSemester1201314/Xue2013_svd.pdf", "url_versions": "http://scholar.google.com/scholar?cluster=13070683737246069946&hl=en&as_sdt=1,5&sciodt=1,5&as_vis=1", "authors": "J Xue, J Li, Y Gong - INTERSPEECH", "excerpt": "Abstract Recently proposed deep neural network (DNN) obtains significant accuracy improvements in many large vocabulary continuous speech recognition (LVCSR) tasks. However, DNN requires much more parameters than traditional systems, which brings  ...", "url_pdf": "http://scholar.google.com/https://wiki.inf.ed.ac.uk/twiki/pub/CSTR/ListenSemester1201314/Xue2013_svd.pdf", "num_citations": 43, "cluster_id": "13070683737246069946", "year": "2013", "url_citations": "http://scholar.google.com/scholar?cites=13070683737246069946&as_sdt=2005&sciodt=1,5&hl=en"}, {"num_versions": 11, "url_citation": null, "title": "Application of Pretrained Deep Neural Networks to Large Vocabulary Speech Recognition.", "url": "http://scholar.google.com/https://i.jyg8.eu.org/files/5094ed6686ff718e-u-AHR0cHM6Ly9yZXNlYXJjAC5nb29nbGuUY29tL3B1YnMvYXJjAGl2Zs8zODezMC5wZGY.pdf", "url_versions": "http://scholar.google.com/scholar?cluster=7186663852152848363&hl=en&as_sdt=1,5&sciodt=1,5&as_vis=1", "authors": "N Jaitly, P Nguyen, AW Senior, V Vanhoucke - INTERSPEECH", "excerpt": "Abstract The use of Deep Belief Networks (DBN) to pretrain Neural Networks has recently led to a resurgence in the use of Artificial Neural Network-Hidden Markov Model (ANN/HMM) hybrid systems for Automatic Speech Recognition (ASR). In this paper we  ...", "url_pdf": "http://scholar.google.com/https://i.jyg8.eu.org/files/5094ed6686ff718e-u-AHR0cHM6Ly9yZXNlYXJjAC5nb29nbGuUY29tL3B1YnMvYXJjAGl2Zs8zODezMC5wZGY.pdf", "num_citations": 119, "cluster_id": "7186663852152848363", "year": "2012", "url_citations": "http://scholar.google.com/scholar?cites=7186663852152848363&as_sdt=2005&sciodt=1,5&hl=en"}, {"num_versions": 13, "url_citation": null, "title": "Machine learning paradigms for speech recognition: An overview", "url": "http://ieeexplore.ieee.org/xpls/abs_all.jsp?arnumber=6423821", "url_versions": "http://scholar.google.com/scholar?cluster=74307944265552935&hl=en&as_sdt=1,5&sciodt=1,5&as_vis=1", "authors": "L Deng, X Li - Audio, Speech, and Language Processing, IEEE \u2026", "excerpt": "Abstract\u2014Automatic Speech Recognition (ASR) has historically been a driving force behind many machine learning (ML) techniques, including the ubiquitously used hidden Markov model, discriminative learning, structured sequence learning, Bayesian learning, and  ...", "url_pdf": null, "num_citations": 47, "cluster_id": "74307944265552935", "year": "2013", "url_citations": "http://scholar.google.com/scholar?cites=74307944265552935&as_sdt=2005&sciodt=1,5&hl=en"}, {"num_versions": 10, "url_citation": null, "title": "Large-vocabulary continuous speech recognition systems: A look at some recent advances", "url": "http://ieeexplore.ieee.org/xpls/abs_all.jsp?arnumber=6296522", "url_versions": "http://scholar.google.com/scholar?cluster=3800472172465842600&hl=en&as_sdt=1,5&sciodt=1,5&as_vis=1", "authors": "G Saon, JT Chien - Signal Processing Magazine, IEEE", "excerpt": "There is a vast body of literature on LVCSR research and some limitation is necessary in the scope of this article. We will focus primarily on the techniques that have been successful in various US government-led speech recognition evaluations that aim to measure yearly  ...", "url_pdf": null, "num_citations": 61, "cluster_id": "3800472172465842600", "year": "2012", "url_citations": "http://scholar.google.com/scholar?cites=3800472172465842600&as_sdt=2005&sciodt=1,5&hl=en"}, {"num_versions": 8, "url_citation": null, "title": "Applying convolutional neural networks concepts to hybrid NN-HMM model for speech recognition", "url": "http://ieeexplore.ieee.org/xpls/abs_all.jsp?arnumber=6288864", "url_versions": "http://scholar.google.com/scholar?cluster=507237803824555927&hl=en&as_sdt=1,5&sciodt=1,5&as_vis=1", "authors": "O Abdel-Hamid, A Mohamed, H Jiang\u2026 - Acoustics, Speech and \u2026", "excerpt": "ABSTRACT Convolutional Neural Networks (CNN) have showed success in achieving translation invariance for many image processing tasks. The success is largely attributed to the use of local filtering and maxpooling in the CNN architecture. In this paper, we  ...", "url_pdf": null, "num_citations": 149, "cluster_id": "507237803824555927", "year": "2012", "url_citations": "http://scholar.google.com/scholar?cites=507237803824555927&as_sdt=2005&sciodt=1,5&hl=en"}, {"num_versions": 9, "url_citation": null, "title": "Unsupervised cross-lingual knowledge transfer in DNN-based LVCSR", "url": "http://ieeexplore.ieee.org/xpls/abs_all.jsp?arnumber=6424230", "url_versions": "http://scholar.google.com/scholar?cluster=6677741692555220574&hl=en&as_sdt=1,5&sciodt=1,5&as_vis=1", "authors": "P Swietojanski, A Ghoshal\u2026 - \u2026  Workshop (SLT)", "excerpt": "ABSTRACT We investigate the use of cross-lingual acoustic data to initialise deep neural network (DNN) acoustic models by means of unsupervised restricted Boltzmann machine (RBM) pretraining. DNNs for German are pretrained using one or all of German,  ...", "url_pdf": null, "num_citations": 46, "cluster_id": "6677741692555220574", "year": "2012", "url_citations": "http://scholar.google.com/scholar?cites=6677741692555220574&as_sdt=2005&sciodt=1,5&hl=en"}, {"num_versions": 7, "url_citation": null, "title": "Supervised sequence labelling with recurrent neural networks", "url": "http://link.springer.com/content/pdf/10.1007/978-3-642-24797-2.pdf", "url_versions": "http://scholar.google.com/scholar?cluster=17204371946081542873&hl=en&as_sdt=1,5&sciodt=1,5&as_vis=1", "authors": "A Graves -", "excerpt": "In machine learning, the term sequence labelling encompasses all tasks where sequences of data are transcribed with sequences of discrete labels. Wellknown examples include speech and handwriting recognition, protein secondary structure prediction and part-of- ...", "url_pdf": "http://link.springer.com/content/pdf/10.1007/978-3-642-24797-2.pdf", "num_citations": 170, "cluster_id": "17204371946081542873", "year": "2012", "url_citations": "http://scholar.google.com/scholar?cites=17204371946081542873&as_sdt=2005&sciodt=1,5&hl=en"}, {"num_versions": 6, "url_citation": null, "title": "Hybrid speech recognition with deep bidirectional LSTM", "url": "http://ieeexplore.ieee.org/xpls/abs_all.jsp?arnumber=6707742", "url_versions": "http://scholar.google.com/scholar?cluster=16913558236660083615&hl=en&as_sdt=1,5&sciodt=1,5&as_vis=1", "authors": "A Graves, N Jaitly, A Mohamed - \u2026  Speech Recognition and  \u2026", "excerpt": "ABSTRACT Deep Bidirectional LSTM (DBLSTM) recurrent neural networks have recently been shown to give state-of-the-art performance on the TIMIT speech database. However, the results in that work relied on recurrent-neural-network-specific objective functions,  ...", "url_pdf": null, "num_citations": 57, "cluster_id": "16913558236660083615", "year": "2013", "url_citations": "http://scholar.google.com/scholar?cites=16913558236660083615&as_sdt=2005&sciodt=1,5&hl=en"}, {"num_versions": 12, "url_citation": null, "title": "An investigation of deep neural networks for noise robust speech recognition", "url": "http://ieeexplore.ieee.org/xpls/abs_all.jsp?arnumber=6639100", "url_versions": "http://scholar.google.com/scholar?cluster=15402497889687561808&hl=en&as_sdt=1,5&sciodt=1,5&as_vis=1", "authors": "ML Seltzer, D Yu, Y Wang - Acoustics, Speech and Signal  \u2026", "excerpt": "ABSTRACT Recently, a new acoustic model based on deep neural networks (DNN) has been introduced. While the DNN has generated significant improvements over GMM-based systems on several tasks, there has been no evaluation of the robustness of such systems  ...", "url_pdf": null, "num_citations": 136, "cluster_id": "15402497889687561808", "year": "2013", "url_citations": "http://scholar.google.com/scholar?cites=15402497889687561808&as_sdt=2005&sciodt=1,5&hl=en"}, {"num_versions": 11, "url_citation": null, "title": "Robust boltzmann machines for recognition and denoising", "url": "http://ieeexplore.ieee.org/xpls/abs_all.jsp?arnumber=6247936", "url_versions": "http://scholar.google.com/scholar?cluster=1550782262241352453&hl=en&as_sdt=1,5&sciodt=1,5&as_vis=1", "authors": "Y Tang, R Salakhutdinov\u2026 - Computer Vision and  \u2026", "excerpt": "Abstract While Boltzmann Machines have been successful at unsupervised learning and density modeling of images and speech data, they can be very sensitive to noise in the data. In this paper, we introduce a novel model, the Robust Boltzmann Machine (RoBM), which  ...", "url_pdf": null, "num_citations": 37, "cluster_id": "1550782262241352453", "year": "2012", "url_citations": "http://scholar.google.com/scholar?cites=1550782262241352453&as_sdt=2005&sciodt=1,5&hl=en"}, {"num_versions": 15, "url_citation": null, "title": "Context-dependent pre-trained deep neural networks for large-vocabulary speech recognition", "url": "http://ieeexplore.ieee.org/xpls/abs_all.jsp?arnumber=5740583", "url_versions": "http://scholar.google.com/scholar?cluster=1536831630272977838&hl=en&as_sdt=1,5&sciodt=1,5&as_vis=1", "authors": "GE Dahl, D Yu, L Deng, A Acero - Audio, Speech, and  \u2026", "excerpt": "Abstract\u2014We propose a novel context-dependent (CD) model for large-vocabulary speech recognition (LVSR) that leverages recent advances in using deep belief networks for phone recognition. We describe a pre-trained deep neural network hidden Markov model (DNN- ...", "url_pdf": null, "num_citations": 739, "cluster_id": "1536831630272977838", "year": "2012", "url_citations": "http://scholar.google.com/scholar?cites=1536831630272977838&as_sdt=2005&sciodt=1,5&hl=en"}, {"num_versions": 5, "url_citation": null, "title": "Training recurrent neural networks", "url": "http://www.cs.utoronto.ca/%7Eilya/pubs/ilya_sutskever_phd_thesis.pdf", "url_versions": "http://scholar.google.com/scholar?cluster=11547556497378421036&hl=en&as_sdt=1,5&sciodt=1,5&as_vis=1", "authors": "I Sutskever -", "excerpt": "Recurrent Neural Networks (RNNs) are artificial neural network models that are well-suited for pattern classification tasks whose inputs and outputs are sequences. The importance of developing methods for mapping sequences to sequences is exemplified by tasks such as  ...", "url_pdf": "http://www.cs.utoronto.ca/%7Eilya/pubs/ilya_sutskever_phd_thesis.pdf", "num_citations": 43, "cluster_id": "11547556497378421036", "year": "2013", "url_citations": "http://scholar.google.com/scholar?cites=11547556497378421036&as_sdt=2005&sciodt=1,5&hl=en"}, {"num_versions": 13, "url_citation": null, "title": "The deep tensor neural network with applications to large vocabulary speech recognition", "url": "http://ieeexplore.ieee.org/xpls/abs_all.jsp?arnumber=6353550", "url_versions": "http://scholar.google.com/scholar?cluster=15829694698867504113&hl=en&as_sdt=1,5&sciodt=1,5&as_vis=1", "authors": "D Yu, L Deng, F Seide - Audio, Speech, and Language  \u2026", "excerpt": "Abstract\u2014The recently proposed context-dependent deep neural network hidden Markov models (CD-DNN-HMMs) have been proved highly promising for large vocabulary speech recognition. In this paper, we develop a more advanced type of DNN, which we call the  ...", "url_pdf": null, "num_citations": 44, "cluster_id": "15829694698867504113", "year": "2013", "url_citations": "http://scholar.google.com/scholar?cites=15829694698867504113&as_sdt=2005&sciodt=1,5&hl=en"}, {"num_versions": 33, "url_citation": null, "title": "Representation learning: A review and new perspectives", "url": "http://ieeexplore.ieee.org/xpls/abs_all.jsp?arnumber=6472238", "url_versions": "http://scholar.google.com/scholar?cluster=559463397382443088&hl=en&as_sdt=1,5&sciodt=1,5&as_vis=1", "authors": "Y Bengio, A Courville, P Vincent - Pattern Analysis and  \u2026", "excerpt": "Abstract\u2014The success of machine learning algorithms generally depends on data representation, and we hypothesize that this is because different representations can entangle and hide more or less the different explanatory factors of variation behind the  ...", "url_pdf": null, "num_citations": 685, "cluster_id": "559463397382443088", "year": "2013", "url_citations": "http://scholar.google.com/scholar?cites=559463397382443088&as_sdt=2005&sciodt=1,5&hl=en"}, {"num_versions": 8, "url_citation": null, "title": "Towards scaling up classification-based speech separation", "url": "http://ieeexplore.ieee.org/xpls/abs_all.jsp?arnumber=6473841", "url_versions": "http://scholar.google.com/scholar?cluster=220901135250906487&hl=en&as_sdt=1,5&sciodt=1,5&as_vis=1", "authors": "Y Wang, DL Wang - Audio, Speech, and Language Processing, \u2026", "excerpt": "Abstract\u2014Formulating speech separation as a binary clas-sification problem has been shown to be effective. While good separation performance is achieved in matched test conditions using kernel support vector machines (SVMs), separation in unmatched  ...", "url_pdf": null, "num_citations": 73, "cluster_id": "220901135250906487", "year": "2013", "url_citations": "http://scholar.google.com/scholar?cites=220901135250906487&as_sdt=2005&sciodt=1,5&hl=en"}, {"num_versions": 21, "url_citation": null, "title": "Deep belief networks using discriminative features for phone recognition", "url": "http://ieeexplore.ieee.org/xpls/abs_all.jsp?arnumber=5947494", "url_versions": "http://scholar.google.com/scholar?cluster=17626864473966847045&hl=en&as_sdt=1,5&sciodt=1,5&as_vis=1", "authors": "A Mohamed, TN Sainath, G Dahl\u2026 - \u2026 , Speech and Signal  \u2026", "excerpt": "ABSTRACT Deep Belief Networks (DBNs) are multi-layer generative models. They can be trained to model windows of coefficients extracted from speech and they discover multiple layers of features that capture the higher-order statistical structure of the data. These  ...", "url_pdf": null, "num_citations": 289, "cluster_id": "17626864473966847045", "year": "2011", "url_citations": "http://scholar.google.com/scholar?cites=17626864473966847045&as_sdt=2005&sciodt=1,5&hl=en"}, {"num_versions": 11, "url_citation": null, "title": "A deep convolutional neural network using heterogeneous pooling for trading acoustic invariance with phonetic confusion", "url": "http://ieeexplore.ieee.org/xpls/abs_all.jsp?arnumber=6638952", "url_versions": "http://scholar.google.com/scholar?cluster=6202733932875270331&hl=en&as_sdt=1,5&sciodt=1,5&as_vis=1", "authors": "L Deng, O Abdel-Hamid, D Yu - Acoustics, Speech and Signal  \u2026", "excerpt": "ABSTRACT We develop and present a novel deep convolutional neural network architecture, where heterogeneous pooling is used to provide constrained frequency-shift invariance in the speech spectrogram while minimizing speech-class confusion induced  ...", "url_pdf": null, "num_citations": 42, "cluster_id": "6202733932875270331", "year": "2013", "url_citations": "http://scholar.google.com/scholar?cites=6202733932875270331&as_sdt=2005&sciodt=1,5&hl=en"}, {"num_versions": 6, "url_citation": null, "title": "Deep belief networks based voice activity detection", "url": "http://ieeexplore.ieee.org/xpls/abs_all.jsp?arnumber=6362186", "url_versions": "http://scholar.google.com/scholar?cluster=14664371952535429034&hl=en&as_sdt=1,5&sciodt=1,5&as_vis=1", "authors": "XL Zhang, J Wu - Audio, Speech, and Language Processing,  \u2026", "excerpt": "Abstract Fusing the advantages of multiple acoustic features is important for the robustness of voice activity detection (VAD). Recently, the machine-learning-based VADs have shown a superiority to traditional VADs on multiple feature fusion tasks. However, existing machine ...", "url_pdf": null, "num_citations": 51, "cluster_id": "14664371952535429034", "year": "2013", "url_citations": "http://scholar.google.com/scholar?cites=14664371952535429034&as_sdt=2005&sciodt=1,5&hl=en"}, {"num_versions": 24, "url_citation": null, "title": "An efficient learning procedure for deep Boltzmann machines", "url": "http://www.mitpressjournals.org/doi/abs/10.1162/NECO_a_00311", "url_versions": "http://scholar.google.com/scholar?cluster=16164785990714470520&hl=en&as_sdt=1,5&sciodt=1,5&as_vis=1", "authors": "R Salakhutdinov, G Hinton - Neural computation", "excerpt": "We present a new learning algorithm for Boltzmann machines that contain many layers of hidden variables. Data-dependent statistics are estimated using a variational approximation that tends to focus on a single mode, and data-independent statistics are estimated using  ...", "url_pdf": null, "num_citations": 99, "cluster_id": "16164785990714470520", "year": "2012", "url_citations": "http://scholar.google.com/scholar?cites=16164785990714470520&as_sdt=2005&sciodt=1,5&hl=en"}, {"num_versions": 15, "url_citation": null, "title": "Exploiting deep neural networks for detection-based speech recognition", "url": "http://www.sciencedirect.com/science/article/pii/S0925231212008636", "url_versions": "http://scholar.google.com/scholar?cluster=6034092349444633121&hl=en&as_sdt=1,5&sciodt=1,5&as_vis=1", "authors": "SM Siniscalchi, D Yu, L Deng, CH Lee - Neurocomputing", "excerpt": "In recent years deep neural networks (DNNs)\u2013multilayer perceptrons (MLPs) with many hidden layers\u2013have been successfully applied to several speech tasks, ie, phoneme recognition, out of vocabulary word detection, confidence measure, etc. In this paper, we  ...", "url_pdf": null, "num_citations": 33, "cluster_id": "6034092349444633121", "year": "2013", "url_citations": "http://scholar.google.com/scholar?cites=6034092349444633121&as_sdt=2005&sciodt=1,5&hl=en"}, {"num_versions": 11, "url_citation": null, "title": "Exploring convolutional neural network structures and optimization techniques for speech recognition.", "url": "http://research-srv.microsoft.com/pubs/200804/CNN-Interspeech2013_pub.pdf", "url_versions": "http://scholar.google.com/scholar?cluster=2969487650303083097&hl=en&as_sdt=1,5&sciodt=1,5&as_vis=1", "authors": "O Abdel-Hamid, L Deng, D Yu - INTERSPEECH", "excerpt": "Abstract Recently, convolutional neural networks (CNNs) have been shown to outperform the standard fully connected deep neural networks within the hybrid deep neural network/hidden Markov model (DNN/HMM) framework on the phone recognition task. In  ...", "url_pdf": "http://research-srv.microsoft.com/pubs/200804/CNN-Interspeech2013_pub.pdf", "num_citations": 49, "cluster_id": "2969487650303083097", "year": "2013", "url_citations": "http://scholar.google.com/scholar?cites=2969487650303083097&as_sdt=2005&sciodt=1,5&hl=en"}, {"num_versions": 13, "url_citation": null, "title": "Learning with hierarchical-deep models", "url": "http://ieeexplore.ieee.org/xpls/abs_all.jsp?arnumber=6389680", "url_versions": "http://scholar.google.com/scholar?cluster=17308956819103129842&hl=en&as_sdt=1,5&sciodt=1,5&as_vis=1", "authors": "R Salakhutdinov, JB Tenenbaum\u2026 - Pattern Analysis and  \u2026", "excerpt": "Abstract\u2014We introduce HD (or \u201cHierarchical-Deep\u201d) models, a new compositional learning architecture that integrates deep learning models with structured hierarchical Bayesian models. Specifically we show how we can learn a hierarchical Dirichlet process (HDP)  ...", "url_pdf": null, "num_citations": 31, "cluster_id": "17308956819103129842", "year": "2013", "url_citations": "http://scholar.google.com/scholar?cites=17308956819103129842&as_sdt=2005&sciodt=1,5&hl=en"}, {"num_versions": 19, "url_citation": null, "title": "Tensor deep stacking networks", "url": "http://ieeexplore.ieee.org/xpls/abs_all.jsp?arnumber=6389679", "url_versions": "http://scholar.google.com/scholar?cluster=15658651564109086508&hl=en&as_sdt=1,5&sciodt=1,5&as_vis=1", "authors": "B Hutchinson, L Deng, D Yu - Pattern Analysis and Machine  \u2026", "excerpt": "Abstract\u2014A novel deep architecture, the Tensor Deep Stacking Network (T-DSN), is presented. The T-DSN consists of multiple, stacked blocks, where each block contains a bilinear mapping from two hidden layers to the output layer, using a weight tensor to  ...", "url_pdf": null, "num_citations": 41, "cluster_id": "15658651564109086508", "year": "2013", "url_citations": "http://scholar.google.com/scholar?cites=15658651564109086508&as_sdt=2005&sciodt=1,5&hl=en"}, {"num_versions": 26, "url_citation": null, "title": "Improving neural networks by preventing co-adaptation of feature detectors", "url": "http://arxiv.org/abs/1207.0580", "url_versions": "http://scholar.google.com/scholar?cluster=250385030036514850&hl=en&as_sdt=1,5&sciodt=1,5&as_vis=1", "authors": "GE Hinton, N Srivastava, A Krizhevsky\u2026 - arXiv preprint arXiv: \u2026", "excerpt": "Abstract: When a large feedforward neural network is trained on a small training set, it typically performs poorly on held-out test data. This\" overfitting\" is greatly reduced by randomly omitting half of the feature detectors on each training case. This prevents  ...", "url_pdf": null, "num_citations": 767, "cluster_id": "250385030036514850", "year": "2012", "url_citations": "http://scholar.google.com/scholar?cites=250385030036514850&as_sdt=2005&sciodt=1,5&hl=en"}, {"num_versions": 27, "url_citation": null, "title": "Deep neural networks for acoustic modeling in speech recognition: The shared views of four research groups", "url": "http://ieeexplore.ieee.org/xpls/abs_all.jsp?arnumber=6296526", "url_versions": "http://scholar.google.com/scholar?cluster=3674494786452480182&hl=en&as_sdt=1,5&sciodt=1,5&as_vis=1", "authors": "G Hinton, L Deng, D Yu, GE Dahl\u2026 - Signal Processing  \u2026", "excerpt": "Gaussian mixture models (GMMs) to determine how well each state of each HMM fits a frame or a short window of frames of coefficients that represents the acoustic input. An alternative way to evaluate the fit is to use a feed-forward neural network that takes  ...", "url_pdf": null, "num_citations": 1010, "cluster_id": "3674494786452480182", "year": "2012", "url_citations": "http://scholar.google.com/scholar?cites=3674494786452480182&as_sdt=2005&sciodt=1,5&hl=en"}, {"num_versions": 7, "url_citation": null, "title": "Improving neural networks with dropout", "url": "http://www.cs.toronto.edu/%7Enitish/msc_thesis.pdf", "url_versions": "http://scholar.google.com/scholar?cluster=1712352881354258034&hl=en&as_sdt=1,5&sciodt=1,5&as_vis=1", "authors": "N Srivastava -", "excerpt": "Neural networks are powerful computational models that are being used extensively for solving problems in vision, speech, natural language processing and many other areas. In spite of many successes, neural networks still suffer from a major weakness. The  ...", "url_pdf": "http://www.cs.toronto.edu/%7Enitish/msc_thesis.pdf", "num_citations": 42, "cluster_id": "1712352881354258034", "year": "2013", "url_citations": "http://scholar.google.com/scholar?cites=1712352881354258034&as_sdt=2005&sciodt=1,5&hl=en"}, {"num_versions": 16, "url_citation": null, "title": "Learning deep generative models", "url": "http://www.cs.toronto.edu/%7Ersalakhu/papers/Russ_thesis.pdf", "url_versions": "http://scholar.google.com/scholar?cluster=15717147795364945961&hl=en&as_sdt=1,5&sciodt=1,5&as_vis=1", "authors": "R Salakhutdinov -", "excerpt": "Building intelligent systems that have the potential of extracting high-level representations from rich sensory input lies at the core of solving many AI related tasks, including visual object recognition, speech perception, and language understanding. Theoretical and  ...", "url_pdf": "http://www.cs.toronto.edu/%7Ersalakhu/papers/Russ_thesis.pdf", "num_citations": 66, "cluster_id": "15717147795364945961", "year": "2009", "url_citations": "http://scholar.google.com/scholar?cites=15717147795364945961&as_sdt=2005&sciodt=1,5&hl=en"}, {"num_versions": 10, "url_citation": null, "title": "Multilingual training of deep neural networks", "url": "http://ieeexplore.ieee.org/xpls/abs_all.jsp?arnumber=6639084", "url_versions": "http://scholar.google.com/scholar?cluster=13712413106346527700&hl=en&as_sdt=1,5&sciodt=1,5&as_vis=1", "authors": "A Ghoshal, P Swietojanski\u2026 - Acoustics, Speech and  \u2026", "excerpt": "ABSTRACT We investigate multilingual modeling in the context of a deep neural network (DNN)\u2013hidden Markov model (HMM) hybrid, where the DNN outputs are used as the HMM state likelihoods. By viewing neural networks as a cascade of feature extractors followed  ...", "url_pdf": null, "num_citations": 43, "cluster_id": "13712413106346527700", "year": "2013", "url_citations": "http://scholar.google.com/scholar?cites=13712413106346527700&as_sdt=2005&sciodt=1,5&hl=en"}, {"num_versions": 19, "url_citation": null, "title": "Multimodal learning with deep boltzmann machines", "url": "http://papers.nips.cc/paper/4683-multimodal-learning-with-deep-boltzmann-machines", "url_versions": "http://scholar.google.com/scholar?cluster=6558128843129001214&hl=en&as_sdt=1,5&sciodt=1,5&as_vis=1", "authors": "N Srivastava, RR Salakhutdinov - Advances in neural information  \u2026", "excerpt": "Abstract We propose a Deep Boltzmann Machine for learning a generative model of multimodal data. We show how to use the model to extract a meaningful representation of multimodal data. We find that the learned representation is useful for classification and  ...", "url_pdf": null, "num_citations": 224, "cluster_id": "6558128843129001214", "year": "2012", "url_citations": "http://scholar.google.com/scholar?cites=6558128843129001214&as_sdt=2005&sciodt=1,5&hl=en"}, {"num_versions": 17, "url_citation": null, "title": "Modeling speech imitation and ecological learning of auditory-motor maps", "url": "http://www.ncbi.nlm.nih.gov/pmc/articles/PMC3694210/", "url_versions": "http://scholar.google.com/scholar?cluster=13793124736489623052&hl=en&as_sdt=1,5&sciodt=1,5&as_vis=1", "authors": "C Canevari, L Badino, A D'Ausilio, L Fadiga\u2026 - Frontiers in  \u2026", "excerpt": "Abstract Classical models of speech consider an antero-posterior distinction between perceptive and productive functions. However, the selective alteration of neural activity in speech motor centers, via transcranial magnetic stimulation, was shown to affect speech  ...", "url_pdf": null, "num_citations": 38, "cluster_id": "13793124736489623052", "year": "2013", "url_citations": "http://scholar.google.com/scholar?cites=13793124736489623052&as_sdt=2005&sciodt=1,5&hl=en"}, {"num_versions": 10, "url_citation": null, "title": "Cross-language knowledge transfer using multilingual deep neural network with shared hidden layers", "url": "http://ieeexplore.ieee.org/xpls/abs_all.jsp?arnumber=6639081", "url_versions": "http://scholar.google.com/scholar?cluster=1013866225465799178&hl=en&as_sdt=1,5&sciodt=1,5&as_vis=1", "authors": "JT Huang, J Li, D Yu, L Deng\u2026 - Acoustics, Speech and  \u2026", "excerpt": "ABSTRACT In the deep neural network (DNN), the hidden layers can be considered as increasingly complex feature transformations and the final softmax layer as a log-linear classifier making use of the most abstract features computed in the hidden layers. While  ...", "url_pdf": null, "num_citations": 81, "cluster_id": "1013866225465799178", "year": "2013", "url_citations": "http://scholar.google.com/scholar?cites=1013866225465799178&as_sdt=2005&sciodt=1,5&hl=en"}]