[{"num_versions": 11, "url_citation": null, "title": "The Post-transcriptional Regulator rsmA/csrA Activates T3SS by Stabilizing the 5\u2032 UTR of hrpG, the Master Regulator of hrp/hrc Genes, in Xanthomonas", "url": "http://dx.plos.org/10.1371/journal.ppat.1003945", "url_versions": "http://scholar.google.com/scholar?cluster=1980196851253894203&hl=en&as_sdt=1,5&sciodt=1,5&as_vis=1", "authors": "MO Andrade, CS Farah, N Wang - PLoS pathogens", "excerpt": "Abstract The RsmA/CsrA family of the post-transcriptional regulators of bacteria is involved in the regulation of many cellular processes, including pathogenesis. In this study, we demonstrated that rsmA not only is required for the full virulence of the phytopathogenic  ...", "url_pdf": null, "num_citations": 5, "cluster_id": "1980196851253894203", "year": "2014", "url_citations": "http://scholar.google.com/scholar?cites=1980196851253894203&as_sdt=2005&sciodt=1,5&hl=en"}, {"num_versions": 7, "url_citation": null, "title": "Temporal lobe proteins implicated in synaptic failure exhibit differential expression and deamidation in vascular dementia", "url": "http://www.sciencedirect.com/science/article/pii/S0197018614002496", "url_versions": "http://scholar.google.com/scholar?cluster=10438050493174190160&hl=en&as_sdt=1,5&sciodt=1,5&as_vis=1", "authors": "X Gallart-Palau, A Serra, J Qian, CP Chen\u2026 - Neurochemistry  \u2026", "excerpt": "Abstract Progressive synaptic failure precedes the loss of neurons and decline in cognitive function in neurodegenerative disorders, but the specific proteins and posttranslational modifications that promote synaptic failure in vascular dementia (VaD) remain largely  ...", "url_pdf": null, "num_citations": 1, "cluster_id": "10438050493174190160", "year": "2015", "url_citations": "http://scholar.google.com/scholar?cites=10438050493174190160&as_sdt=2005&sciodt=1,5&hl=en"}, {"num_versions": 5, "url_citation": null, "title": "Three-dimensional protein structure prediction: methods and computational strategies", "url": "http://www.sciencedirect.com/science/article/pii/S1476927114001248", "url_versions": "http://scholar.google.com/scholar?cluster=11631570086931246764&hl=en&as_sdt=1,5&sciodt=1,5&as_vis=1", "authors": "M Dorn, MB e Silva, LS Buriol, LC Lamb - Computational biology and  \u2026", "excerpt": "Abstract A long standing problem in structural bioinformatics is to determine the three-dimensional (3-D) structure of a protein when only a sequence of amino acid residues is given. Many computational methodologies and algorithms have been proposed as a  ...", "url_pdf": null, "num_citations": 5, "cluster_id": "11631570086931246764", "year": "2014", "url_citations": "http://scholar.google.com/scholar?cites=11631570086931246764&as_sdt=2005&sciodt=1,5&hl=en"}, {"num_versions": 4, "url_citation": null, "title": "Proteomic and functional analyses of a novel porin-like protein in Xanthomonas oryzae pv. oryzae", "url": "http://link.springer.com/article/10.1007/s12275-014-4442-0", "url_versions": "http://scholar.google.com/scholar?cluster=10333104407247752887&hl=en&as_sdt=1,5&sciodt=1,5&as_vis=1", "authors": "HJ Park, SW Lee, SW Han - Journal of Microbiology", "excerpt": "Abstract Proteomic analysis is a useful technique for postulating and elucidating protein functions. In the present work, a shotgun proteomic analysis was used to identify functions of the PXO_03968 gene (previously known as the ax21) from Xanthomonas oryzae pv.  ...", "url_pdf": null, "num_citations": 1, "cluster_id": "10333104407247752887", "year": "2014", "url_citations": "http://scholar.google.com/scholar?cites=10333104407247752887&as_sdt=2005&sciodt=1,5&hl=en"}, {"num_versions": 6, "url_citation": null, "title": "Alt a 1 from Alternaria interacts with PR5 thaumatin-like proteins", "url": "http://www.sciencedirect.com/science/article/pii/S0014579314001641", "url_versions": "http://scholar.google.com/scholar?cluster=6629463797587949708&hl=en&as_sdt=1,5&sciodt=1,5&as_vis=1", "authors": "C G\u00f3mez-Casado, A Murua-Garc\u00eda, M Garrido-Arandia\u2026 - FEBS letters", "excerpt": "Abstract Alt a 1 is a protein found in Alternaria alternata spores related to virulence and pathogenicity and considered to be responsible for chronic asthma in children. We found that spores of Alternaria inoculated on the outer surface of kiwifruits did not develop  ...", "url_pdf": null, "num_citations": 3, "cluster_id": "6629463797587949708", "year": "2014", "url_citations": "http://scholar.google.com/scholar?cites=6629463797587949708&as_sdt=2005&sciodt=1,5&hl=en"}, {"num_versions": 11, "url_citation": null, "title": "First report of a peroxiredoxin homologue in jellyfish: molecular cloning, expression and functional characterization of CcPrx4 from Cyanea capillata", "url": "http://www.mdpi.com/1660-3397/12/1/214/htm", "url_versions": "http://scholar.google.com/scholar?cluster=10546210151761082391&hl=en&as_sdt=1,5&sciodt=1,5&as_vis=1", "authors": "Z Ruan, G Liu, B Wang, Y Zhou, J Lu, Q Wang, J Zhao\u2026 - Marine drugs", "excerpt": "Abstract: We first identified and characterized a novel peroxiredoxin (Prx), designated as CcPrx4, from the cDNA library of the tentacle of the jellyfish Cyanea capillata. The full-length cDNA sequence of CcPrx4 consisted of 884 nucleotides with an open reading frame  ...", "url_pdf": null, "num_citations": 3, "cluster_id": "10546210151761082391", "year": "2014", "url_citations": "http://scholar.google.com/scholar?cites=10546210151761082391&as_sdt=2005&sciodt=1,5&hl=en"}, {"num_versions": 10, "url_citation": null, "title": "Insights into the initiation of JC virus DNA replication derived from the crystal structure of the T-antigen origin binding domain", "url": "http://dx.plos.org/10.1371/journal.ppat.1003966", "url_versions": "http://scholar.google.com/scholar?cluster=11399363859374666272&hl=en&as_sdt=1,5&sciodt=1,5&as_vis=1", "authors": "G Meinke, PJ Phelan, R Kalekar, J Shin\u2026 - PLoS  \u2026", "excerpt": "Abstract JC virus is a member of the Polyomavirus family of DNA tumor viruses and the causative agent of progressive multifocal leukoencephalopathy (PML). PML is a disease that occurs primarily in people who are immunocompromised and is usually fatal. As with other  ...", "url_pdf": null, "num_citations": 1, "cluster_id": "11399363859374666272", "year": "2014", "url_citations": "http://scholar.google.com/scholar?cites=11399363859374666272&as_sdt=2005&sciodt=1,5&hl=en"}, {"num_versions": 4, "url_citation": null, "title": "Autosomal dominant hypoparathyroidism caused by germline mutation in GNA11: phenotypic and molecular characterization", "url": "http://press.endocrine.org/doi/abs/10.1210/jc.2014-1029", "url_versions": "http://scholar.google.com/scholar?cluster=15345093955621022548&hl=en&as_sdt=1,5&sciodt=1,5&as_vis=1", "authors": "D Li, EE Opas, F Tuluc, DL Metzger\u2026 - The Journal of  \u2026", "excerpt": "Context: Most cases of autosomal dominant hypoparathyroidism (ADH) are caused by gain-of-function mutations in CASR or dominant inhibitor mutations in GCM2 or PTH. Objective: Our objectives were to identify the genetic basis for ADH in a multigenerational family and  ...", "url_pdf": null, "num_citations": 8, "cluster_id": "15345093955621022548", "year": "2014", "url_citations": "http://scholar.google.com/scholar?cites=15345093955621022548&as_sdt=2005&sciodt=1,5&hl=en"}, {"num_versions": 2, "url_citation": null, "title": "\u86cb\u767d\u8d28\u5e8f\u5217\u6bd4\u5bf9\u65b9\u6cd5\u7684\u7814\u7a76\u8fdb\u5c55", "url": "http://www.cqvip.com/qk/87678x/201204/44299546.html", "url_versions": "http://scholar.google.com/scholar?cluster=13406645387179853583&hl=en&as_sdt=1,5&sciodt=1,5&as_vis=1", "authors": "\u90b5\u660e\u5cf0\uff0c \u96f7\u51ef\uff0c \u9648\u4fd0\u5a1f\uff0c \u5411\u660e\u793c - \u6210\u90fd\u7535\u5b50\u673a\u68b0\u9ad8\u7b49\u4e13\u79d1\u5b66\u6821\u5b66\u62a5", "excerpt": "\u5148\u5bfc\u5316\u7269\u7684\u53d1\u73b0\u662f\u65b0\u836f\u7814\u53d1\u6d41\u7a0b\u4e2d\u9996\u8981\u73af\u8282. \u57fa\u4e8e\u9776\u70b9\u7ed3\u6784\u7684\u836f\u7269\u8bbe\u8ba1\u5728\u5148\u5bfc\u5316\u7269\u7684\u53d1\u73b0\u8fc7\u7a0b\u4e2d\u5177\u6709\u5341\u5206\u91cd\u8981\u7684\u4f5c\u7528\u548c\u5730\u4f4d. \u5728\u9776\u70b9\u4e09\u7ef4\u7ed3\u6784\u7f3a\u4e4f\u7684\u60c5\u51b5\u4e0b, \u7528\u8ba1\u7b97\u673a\u6a21\u62df\u7684\u65b9\u6cd5\u6765\u9884\u6d4b\u662f\u83b7\u5f97\u5176\u7ed3\u6784\u7684\u4e00\u6761\u91cd\u8981\u6e20\u9053. \u540c\u6e90\u5efa\u6a21\u662f\u5e94\u7528\u6700\u4e3a\u5e7f\u6cdb\u7684\u86cb\u767d\u8d28\u4e09\u7ef4\u7ed3\u6784\u6a21\u62df\u65b9\u6cd5, \u800c\u86cb\u767d\u8d28\u5e8f\u5217 ...", "url_pdf": null, "num_citations": 0, "cluster_id": null, "year": "2013", "url_citations": null}, {"num_versions": 7, "url_citation": null, "title": "xPyder: a PyMOL plugin to analyze coupled residues and their networks in protein structures.", "url": "http://pubs.acs.org/doi/abs/10.1021/ci300213c", "url_versions": "http://scholar.google.com/scholar?cluster=11538490358873242088&hl=en&as_sdt=1,5&sciodt=1,5&as_vis=1", "authors": "M Pasi, M Tiberti, A Arrigoni\u2026 - Journal of chemical  \u2026", "excerpt": "A versatile method to directly identify and analyze short-or long-range coupled or communicating residues in a protein conformational ensemble is of extreme relevance to achieve a complete understanding of protein dynamics and structural communication  ...", "url_pdf": null, "num_citations": 21, "cluster_id": "11538490358873242088", "year": "2012", "url_citations": "http://scholar.google.com/scholar?cites=11538490358873242088&as_sdt=2005&sciodt=1,5&hl=en"}, {"num_versions": 4, "url_citation": null, "title": "Two-pronged attack: dual inhibition of Plasmodium falciparum M1 and M17 metalloaminopeptidases by a novel series of hydroxamic acid-based inhibitors", "url": "http://pubs.acs.org/doi/abs/10.1021/jm501323a", "url_versions": "http://scholar.google.com/scholar?cluster=751523683986276590&hl=en&as_sdt=1,5&sciodt=1,5&as_vis=1", "authors": "SN Mistry, N Drinkwater, C Ruggeri\u2026 - Journal of medicinal  \u2026", "excerpt": "Plasmodium parasites, the causative agents of malaria, have developed resistance to most of our current antimalarial therapies, including artemisinin combination therapies which are widely described as our last line of defense. Antimalarial agents with a novel mode of  ...", "url_pdf": null, "num_citations": 1, "cluster_id": "751523683986276590", "year": "2014", "url_citations": "http://scholar.google.com/scholar?cites=751523683986276590&as_sdt=2005&sciodt=1,5&hl=en"}, {"num_versions": 3, "url_citation": null, "title": "Comparative study of two chitin-active and two cellulose-active AA10-type lytic polysaccharide monooxygenases", "url": "http://pubs.acs.org/doi/abs/10.1021/bi5000433", "url_versions": "http://scholar.google.com/scholar?cluster=14810723531459148951&hl=en&as_sdt=1,5&sciodt=1,5&as_vis=1", "authors": "Z Forsberg, \u00c5K R\u00f8hr, S Mekasha, KK Andersson\u2026 - Biochemistry", "excerpt": "Lytic polysaccharide monooxygenases (LPMOs), found in family 9 (previously GH61), family 10 (previously CBM33), and the newly discovered family 11 of auxiliary activities (AA) in the carbohydrate-active enzyme classification system, are copper-dependent enzymes that  ...", "url_pdf": null, "num_citations": 18, "cluster_id": "14810723531459148951", "year": "2014", "url_citations": "http://scholar.google.com/scholar?cites=14810723531459148951&as_sdt=2005&sciodt=1,5&hl=en"}, {"num_versions": 5, "url_citation": null, "title": "Evaluation of the antigenic relatedness and cross-protective immunity of the neuraminidase between human influenza A (H1N1) virus and highly pathogenic  \u2026", "url": "http://www.sciencedirect.com/science/article/pii/S0042682214000555", "url_versions": "http://scholar.google.com/scholar?cluster=2608887281942901066&hl=en&as_sdt=1,5&sciodt=1,5&as_vis=1", "authors": "X Lu, F Liu, H Zeng, T Sheu, JE Achenbach, V Veguilla\u2026 - Virology", "excerpt": "Abstract To determine the genetic and antigenic relatedness as well as the cross-protective immunity of human H1N1 and avian H5N1 influenza virus neuraminidase (NA), we immunized rabbits with either a baculovirus-expressed recombinant NA from A/Beijing/ ...", "url_pdf": null, "num_citations": 2, "cluster_id": "2608887281942901066", "year": "2014", "url_citations": "http://scholar.google.com/scholar?cites=2608887281942901066&as_sdt=2005&sciodt=1,5&hl=en"}, {"num_versions": 7, "url_citation": null, "title": "Engineering the biosynthesis of novel rhamnolipids in Escherichia coli for enhanced oil recovery", "url": "http://onlinelibrary.wiley.com/doi/10.1111/jam.12515/full", "url_versions": "http://scholar.google.com/scholar?cluster=14270179884349321661&hl=en&as_sdt=1,5&sciodt=1,5&as_vis=1", "authors": "L Han, P Liu, Y Peng, J Lin, Q Wang\u2026 - Journal of applied  \u2026", "excerpt": "Aims The interfacial tension of rhamnolipids and their applications in enhanced oil recovery are dependent on their chemical structures and compositions. To improve their performances of interfacial tension and enhanced oil recovery, the engineered strategies  ...", "url_pdf": null, "num_citations": 2, "cluster_id": "14270179884349321661", "year": "2014", "url_citations": "http://scholar.google.com/scholar?cites=14270179884349321661&as_sdt=2005&sciodt=1,5&hl=en"}, {"num_versions": 4, "url_citation": null, "title": "Amyloid \u03b2 Protein and Alzheimer's Disease: When Computer Simulations Complement Experimental Studies", "url": "http://pubs.acs.org/doi/abs/10.1021/cr500638n", "url_versions": "http://scholar.google.com/scholar?cluster=4954164907897574180&hl=en&as_sdt=1,5&sciodt=1,5&as_vis=1", "authors": "J Nasica-Labouze, PH Nguyen, F Sterpone\u2026 - Chemical  \u2026", "excerpt": "Alzheimer's disease (AD) challenges our society with an annual estimated cost of $1.08 trillion in the United States alone by 2050. 1 AD is a progressive irreversible neurological disorder with marked atrophy of cerebral cortex and loss of cortical and subcortical  ...", "url_pdf": null, "num_citations": 12, "cluster_id": "4954164907897574180", "year": "2015", "url_citations": "http://scholar.google.com/scholar?cites=4954164907897574180&as_sdt=2005&sciodt=1,5&hl=en"}, {"num_versions": 5, "url_citation": null, "title": "Conformational changes in DNA\u2010binding proteins: Relationships with precomplex features and contributions to specificity and stability", "url": "http://onlinelibrary.wiley.com/doi/10.1002/prot.24462/full", "url_versions": "http://scholar.google.com/scholar?cluster=3618104735317880437&hl=en&as_sdt=1,5&sciodt=1,5&as_vis=1", "authors": "M Andrabi, K Mizuguchi\u2026 - \u2026 : Structure, Function, and  \u2026", "excerpt": "ABSTRACT Both Proteins and DNA undergo conformational changes in order to form functional complexes and also to facilitate interactions with other molecules. These changes have direct implications for the stability and specificity of the complex, as well as the  ...", "url_pdf": null, "num_citations": 2, "cluster_id": "3618104735317880437", "year": "2014", "url_citations": "http://scholar.google.com/scholar?cites=3618104735317880437&as_sdt=2005&sciodt=1,5&hl=en"}, {"num_versions": 12, "url_citation": null, "title": "In silico designing and molecular docking of a potent analog against Staphylococcus aureus porphobilinogen synthase", "url": "http://www.ncbi.nlm.nih.gov/pmc/articles/PMC4097929/", "url_versions": "http://scholar.google.com/scholar?cluster=13733837580511812151&hl=en&as_sdt=1,5&sciodt=1,5&as_vis=1", "authors": "PS Kumar, YN Kumar, UV Prasad\u2026 - Journal of pharmacy  \u2026", "excerpt": "Background: The emergence of multidrug-resistant strains of Staphylococcus aureus, there is an urgent need for the development of new antimicrobials which are narrow and pathogen specific. Aim: In this context, the present study is aimed to have a control on the  ...", "url_pdf": null, "num_citations": 3, "cluster_id": "13733837580511812151", "year": "2014", "url_citations": "http://scholar.google.com/scholar?cites=13733837580511812151&as_sdt=2005&sciodt=1,5&hl=en"}, {"num_versions": 0, "url_citation": null, "title": "Molecular mechanism of PdxR\u2013a transcriptional activator involved in the regulation of vitamin B6 biosynthesis in the probiotic bacterium Bacillus clausii", "url": "http://onlinelibrary.wiley.com/doi/10.1111/febs.13338/full", "url_versions": null, "authors": "A Tramonti, A Fiascarelli, T Milano, ML Salvo\u2026 - FEBS  \u2026", "excerpt": "SUMMARY Pyridoxal 5'-phosphate (PLP), the well-known active form of vitamin B6, is an essential enzyme cofactor involved in a large number of metabolic processes. PLP levels need to be finely tuned in response to cell requirements, however little is known on the  ...", "url_pdf": null, "num_citations": 1, "cluster_id": "8853277561914126889", "year": "2015", "url_citations": "http://scholar.google.com/scholar?cites=8853277561914126889&as_sdt=2005&sciodt=1,5&hl=en"}, {"num_versions": 4, "url_citation": null, "title": "Conformational transitions driven by pyridoxal\u20105\u2032\u2010phosphate uptake in the psychrophilic serine hydroxymethyltransferase from Psychromonas ingrahamii", "url": "http://onlinelibrary.wiley.com/doi/10.1002/prot.24646/full", "url_versions": "http://scholar.google.com/scholar?cluster=15154816681346665260&hl=en&as_sdt=1,5&sciodt=1,5&as_vis=1", "authors": "S Angelaccio, F Dworkowski, A Bello\u2026 - Proteins: Structure,  \u2026", "excerpt": "ABSTRACT Serine hydroxymethyltransferase (SHMT) is a pyridoxal-5\u2032-phosphate (PLP)-dependent enzyme belonging to the fold type I superfamily, which catalyzes in vivo the reversible conversion of l-serine and tetrahydropteroylglutamate (H 4 PteGlu) to glycine  ...", "url_pdf": null, "num_citations": 5, "cluster_id": "15154816681346665260", "year": "2014", "url_citations": "http://scholar.google.com/scholar?cites=15154816681346665260&as_sdt=2005&sciodt=1,5&hl=en"}, {"num_versions": 7, "url_citation": null, "title": "The amino acid substitutions rtP177G and rtF249A in the reverse transcriptase domain of hepatitis B virus polymerase reduce the susceptibility to tenofovir", "url": "http://www.sciencedirect.com/science/article/pii/S0166354212002872", "url_versions": "http://scholar.google.com/scholar?cluster=7024593775081827879&hl=en&as_sdt=1,5&sciodt=1,5&as_vis=1", "authors": "B Qin, B Budeus, L Cao, C Wu, Y Wang, X Zhang\u2026 - Antiviral research", "excerpt": "Long term antiviral therapy with nucleoside/nucleotide analogs have been routinely used to treat chronic hepatitis B virus (HBV) infection but may lead to the emergence of drug-resistant viral mutants. However, the HBV resistance mutations for tenofovir (TDF) remain  ...", "url_pdf": null, "num_citations": 20, "cluster_id": "7024593775081827879", "year": "2013", "url_citations": "http://scholar.google.com/scholar?cites=7024593775081827879&as_sdt=2005&sciodt=1,5&hl=en"}, {"num_versions": 4, "url_citation": null, "title": "Cloning and functional characterization of a 4-coumarate CoA ligase from liverwort Plagiochasma appendiculatum", "url": "http://www.sciencedirect.com/science/article/pii/S0031942214005494", "url_versions": "http://scholar.google.com/scholar?cluster=12260833954531214928&hl=en&as_sdt=1,5&sciodt=1,5&as_vis=1", "authors": "S Gao, HN Yu, RX Xu, AX Cheng, HX Lou - Phytochemistry", "excerpt": "Abstract Plant phenylpropanoids represent a large group of secondary metabolites which have played an important role in terrestrial plant life, beginning with the evolution of land plants from primitive green algae. 4-Coumarate: coenzyme A ligase (4CL) is a provider of  ...", "url_pdf": null, "num_citations": 1, "cluster_id": "12260833954531214928", "year": "2015", "url_citations": "http://scholar.google.com/scholar?cites=12260833954531214928&as_sdt=2005&sciodt=1,5&hl=en"}, {"num_versions": 8, "url_citation": null, "title": "Structural and Functional analysis of Staphylococcus aureus NADP-dependent IDH and its comparison with Bacterial and Human NADPdependent IDH", "url": "http://www.ncbi.nlm.nih.gov/pmc/articles/PMC3937580/", "url_versions": "http://scholar.google.com/scholar?cluster=4616453420617603103&hl=en&as_sdt=1,5&sciodt=1,5&as_vis=1", "authors": "UV Prasad, V Swarupa, S Yeswanth, PS Kumar\u2026 -  \u2026", "excerpt": "Abstract Staphylococcus aureus a natural inhabitant of nasopharyngeal tract mainly survives as biofilms and possess complete Krebs cycle which plays major role in its pathogenesis. This TCA cycle is regulated by Isocitrate dehydrogenase (IDH) we have earlier cloned,  ...", "url_pdf": null, "num_citations": 1, "cluster_id": "4616453420617603103", "year": "2014", "url_citations": "http://scholar.google.com/scholar?cites=4616453420617603103&as_sdt=2005&sciodt=1,5&hl=en"}]