[{"num_versions": 2, "url_citation": null, "title": "The effects of scaffolding on the performance of students in Computer-based concept linking and retention of comprehension", "url": "http://scholar.lib.vt.edu/theses/available/etd-09122006-005403/", "url_versions": "http://scholar.google.com/scholar?cluster=18114212890093530977&hl=en&as_sdt=1,5&sciodt=1,5&as_vis=1", "authors": "D Hu -", "excerpt": "Abstract The purpose of this study was to examine two scaffolding methods on the performance of students in computer-based concept linking and retention of comprehension. After training and practice in concept mapping and CmapTools--a computer-based  ...", "url_pdf": null, "num_citations": 3, "cluster_id": "18114212890093530977", "year": "2006", "url_citations": "http://scholar.google.com/scholar?cites=18114212890093530977&as_sdt=2005&sciodt=1,5&hl=en"}, {"num_versions": 6, "url_citation": null, "title": "Facilitating Web-based Education using Intelligent Agent Technologies.", "url": "http://www.researchgate.net/profile/Vijay_Raghavan10/publication/221158820_Estimating_Size_of_Search_Engines_in_an_Uncooperative_Environment/links/0deec53a0315a1f833000000.pdf#page=46", "url_versions": "http://scholar.google.com/scholar?cluster=11966512028691575615&hl=en&as_sdt=1,5&sciodt=1,5&as_vis=1", "authors": "Y Cao, JE Greer - Workshop on Web-based Support Systems", "excerpt": "Abstract Software agents will soon proliferate human organizations, education and society, helping users with information gathering, activity scheduling, email management, and individual and collaborative learning. This paper presents an intelligent Webbased  ...", "url_pdf": null, "num_citations": 5, "cluster_id": "11966512028691575615", "year": "2004", "url_citations": "http://scholar.google.com/scholar?cites=11966512028691575615&as_sdt=2005&sciodt=1,5&hl=en"}, {"num_versions": 15, "url_citation": null, "title": "Pedagogical agents as learning companions: The role of agent competency and type of interaction", "url": "http://link.springer.com/article/10.1007/s11423-006-8805-z", "url_versions": "http://scholar.google.com/scholar?cluster=2370096291932618691&hl=en&as_sdt=1,5&sciodt=1,5&as_vis=1", "authors": "Y Kim, AL Baylor, PALS Group - Educational Technology Research and  \u2026", "excerpt": "Abstract This study was designed to examine the effects of the competency (low vs. high) and interaction type (proactive vs. responsive) of pedagogical agents as learning companions (PALs) on learning, self-efficacy, and attitudes. Participants were 72  ...", "url_pdf": null, "num_citations": 108, "cluster_id": "2370096291932618691", "year": "2006", "url_citations": "http://scholar.google.com/scholar?cites=2370096291932618691&as_sdt=2005&sciodt=1,5&hl=en"}, {"num_versions": 11, "url_citation": null, "title": "Deriving acquisition principles from tutoring principles", "url": "http://link.springer.com/chapter/10.1007/3-540-47987-2_67", "url_versions": "http://scholar.google.com/scholar?cluster=14315068375235083299&hl=en&as_sdt=1,5&sciodt=1,5&as_vis=1", "authors": "J Kim, Y Gil - Intelligent Tutoring Systems", "excerpt": "Abstract This paper describes our analysis of the literature on tutorial dialogues and presents a compilation of useful principles that students and teachers typically follow in making tutoring interactions successful. The compilation is done in the context of making  ...", "url_pdf": null, "num_citations": 13, "cluster_id": "14315068375235083299", "year": "2002", "url_citations": "http://scholar.google.com/scholar?cites=14315068375235083299&as_sdt=2005&sciodt=1,5&hl=en"}, {"num_versions": 13, "url_citation": null, "title": "Incorporating tutoring principles into interactive knowledge acquisition", "url": "http://www.sciencedirect.com/science/article/pii/S1071581907000821", "url_versions": "http://scholar.google.com/scholar?cluster=12408851582198301801&hl=en&as_sdt=1,5&sciodt=1,5&as_vis=1", "authors": "J Kim, Y Gil - International journal of human-computer studies", "excerpt": "This paper argues that interactive knowledge acquisition systems would benefit from a tighter and more thorough incorporation of tutoring and learning principles. Current acquisition systems learn from users in a passive manner, and could instead be designed  ...", "url_pdf": null, "num_citations": 17, "cluster_id": "12408851582198301801", "year": "2007", "url_citations": "http://scholar.google.com/scholar?cites=12408851582198301801&as_sdt=2005&sciodt=1,5&hl=en"}, {"num_versions": 13, "url_citation": null, "title": "Applying machine learning techniques to rule generation in intelligent tutoring systems", "url": "http://link.springer.com/chapter/10.1007/978-3-540-30139-4_51", "url_versions": "http://scholar.google.com/scholar?cluster=11708496880083062691&hl=en&as_sdt=1,5&sciodt=1,5&as_vis=1", "authors": "MP Jarvis, G Nuzzo-Jones, NT Heffernan - Intelligent Tutoring Systems", "excerpt": "Abstract The purpose of this research was to apply machine learning techniques to automate rule generation in the construction of Intelligent Tutoring Systems. By using a pair of somewhat intelligent iterative-deepening, depth-first searches, we were able to  ...", "url_pdf": null, "num_citations": 25, "cluster_id": "11708496880083062691", "year": "2004", "url_citations": "http://scholar.google.com/scholar?cites=11708496880083062691&as_sdt=2005&sciodt=1,5&hl=en"}, {"num_versions": 13, "url_citation": null, "title": "Bayesian student modeling, user interfaces and feedback: A sensitivity analysis", "url": "http://ijaied.org/pub/977/file/977_paper.pdf", "url_versions": "http://scholar.google.com/scholar?cluster=9569404647093794885&hl=en&as_sdt=1,5&sciodt=1,5&as_vis=1", "authors": "K Vanlehn, Z Niu - International Journal of Artificial Intelligence in  \u2026", "excerpt": "Abstract: The Andes physics tutoring system has a student modeler that uses Bayesian networks. Although the student modeler was evaluated once with positive results, in order to better understand it and student modeling in general, a sensitivity analysis was conducted ...", "url_pdf": "http://ijaied.org/pub/977/file/977_paper.pdf", "num_citations": 97, "cluster_id": "9569404647093794885", "year": "2001", "url_citations": "http://scholar.google.com/scholar?cites=9569404647093794885&as_sdt=2005&sciodt=1,5&hl=en"}, {"num_versions": 4, "url_citation": null, "title": "Reflection and learning robustness in a natural language conceptual physics tutoring system", "url": "http://d-scholarship.pitt.edu/8046", "url_versions": "http://scholar.google.com/scholar?cluster=1068223198797413046&hl=en&as_sdt=1,5&sciodt=1,5&as_vis=1", "authors": "A Ward -", "excerpt": "This thesis investigates whether reflection after tutoring with the Itspoke qualitative physics tutoring system can improve both near and far transfer learning and retention. This question is formalized in three major hypotheses. H1: that reading a post-tutoring reflective text will  ...", "url_pdf": null, "num_citations": 4, "cluster_id": "1068223198797413046", "year": "2010", "url_citations": "http://scholar.google.com/scholar?cites=1068223198797413046&as_sdt=2005&sciodt=1,5&hl=en"}, {"num_versions": 2, "url_citation": null, "title": "One-on-one tutoring by humans and computers", "url": "http://scholar.google.com/https://books.google.com/books?hl=en&lr=&id=hk54AgAAQBAJ&oi=fnd&pg=PP1&ots=NBSLh6TodS&sig=zn4B-3PyjyY6hv2hj_VM3EEi728", "url_versions": "http://scholar.google.com/scholar?cluster=14123918719495244967&hl=en&as_sdt=1,5&sciodt=1,5&as_vis=1", "authors": "M Evens, J Michael -", "excerpt": "One-on-One Tutoring by Humans and Computers articulates the CIRCSIM-Tutor project, an attempt to develop a computer tutor that generates a natural language dialogue with a student. Editors Martha Evens and Joel Michael present the educational context within  ...", "url_pdf": null, "num_citations": 81, "cluster_id": "14123918719495244967", "year": "2006", "url_citations": "http://scholar.google.com/scholar?cites=14123918719495244967&as_sdt=2005&sciodt=1,5&hl=en"}, {"num_versions": 10, "url_citation": null, "title": "Building intelligent interactive tutors: Student-centered strategies for revolutionizing e-learning", "url": "http://scholar.google.com/https://books.google.com/books?hl=en&lr=&id=MnrUj3J_VuEC&oi=fnd&pg=PP2&ots=lwv_k0gC-l&sig=1U6z6jy7KuqCxD5epwMbBNo05HA", "url_versions": "http://scholar.google.com/scholar?cluster=13422163145483859100&hl=en&as_sdt=1,5&sciodt=1,5&as_vis=1", "authors": "BP Woolf -", "excerpt": "Computers have transformed every facet of our culture, most dramatically communication, transportation, finance, science, and the economy. Yet their impact has not been generally felt in education due to lack of hardware, teacher training, and sophisticated software.  ...", "url_pdf": null, "num_citations": 408, "cluster_id": "13422163145483859100", "year": "2010", "url_citations": "http://scholar.google.com/scholar?cites=13422163145483859100&as_sdt=2005&sciodt=1,5&hl=en"}, {"num_versions": 14, "url_citation": null, "title": "The DIAG experiments: Natural language generation for intelligent tutoring systems", "url": "http://www.cs.rutgers.edu/%7Emdstone/inlg02/099.pdf", "url_versions": "http://scholar.google.com/scholar?cluster=4192382703886082384&hl=en&as_sdt=1,5&sciodt=1,5&as_vis=1", "authors": "B Di Eugenio, M Glass, MJ Trolio - INLG02, The Third International  \u2026", "excerpt": "Abstract We added a sentence planning component to an existing ITS that teaches students how to troubleshoot mechanical systems. We evaluated the original version of the system and the enhanced one via a user study in which we collected performance, learning and  ...", "url_pdf": "http://www.cs.rutgers.edu/%7Emdstone/inlg02/099.pdf", "num_citations": 21, "cluster_id": "4192382703886082384", "year": "2002", "url_citations": "http://scholar.google.com/scholar?cites=4192382703886082384&as_sdt=2005&sciodt=1,5&hl=en"}, {"num_versions": 10, "url_citation": null, "title": "Utilisation de l'abstraction et de la complexit\u00e9 dans la conception de syst\u00e8mes \u00e9ducatifs intelligents", "url": "http://scholar.google.com/https://edutice.archives-ouvertes.fr/edutice-00000661/", "url_versions": "http://scholar.google.com/scholar?cluster=17556405667940046538&hl=en&as_sdt=1,5&sciodt=1,5&as_vis=1", "authors": "R Lelouche - Technologies de l'Information et de la  \u2026", "excerpt": "Dans les domaines faisant intervenir de la r\u00e9solution de probl\u00e8mes, tels que les disciplines du g\u00e9nie et la plupart des disciplines relevant des \u00absciences exactes\u00bb, la connaissance que doit acqu\u00e9rir l'\u00e9tudiant est double: la connaissance du domaine lui-m\u00eame, mais aussi et  ...", "url_pdf": null, "num_citations": 0, "cluster_id": null, "year": "2002", "url_citations": null}, {"num_versions": 6, "url_citation": null, "title": "Treino e Apoio a Operadores de Centros de Controlo e Condu\u00e7\u00e3o de Redes El\u00e9ctricas\u2013uma abordagem baseada em Conhecimento e Tutores Inteligentes", "url": "http://scholar.google.com/https://bridge.gecad.isep.ipp.pt/GECAD/Files/Publications/Publications/P_172/resumo.pdf", "url_versions": "http://scholar.google.com/scholar?cluster=17621659802805590726&hl=en&as_sdt=1,5&sciodt=1,5&as_vis=1", "authors": "LFR de Faria -", "excerpt": "Resumo Os operadores dos centros de controlo e condu\u00e7\u00e3o assumem um papel fundamental na explora\u00e7\u00e3o das redes el\u00e9ctricas, sendo as suas tarefas particularmente exigentes em situa\u00e7\u00f5es que envolvam incidentes em v\u00e1rias instala\u00e7\u00f5es. Nestes casos, a  ...", "url_pdf": "http://scholar.google.com/https://bridge.gecad.isep.ipp.pt/GECAD/Files/Publications/Publications/P_172/resumo.pdf", "num_citations": 1, "cluster_id": "17621659802805590726", "year": "2002", "url_citations": "http://scholar.google.com/scholar?cites=17621659802805590726&as_sdt=2005&sciodt=1,5&hl=en"}, {"num_versions": 6, "url_citation": null, "title": "Learning from a computer tutor with natural language capabilities", "url": "http://www.tandfonline.com/doi/abs/10.1076/ilee.11.3.233.16543", "url_versions": "http://scholar.google.com/scholar?cluster=12552936962755698993&hl=en&as_sdt=1,5&sciodt=1,5&as_vis=1", "authors": "J Michael, A Rovick, M Glass, Y Zhou\u2026 - Interactive Learning  \u2026", "excerpt": "CIRCSIM-Tutor is a computer tutor designed to carry out a natural language dialogue with a medical student. Its domain is the baroreceptor reflex, the part of the cardiovascular system that is responsible for maintaining a constant blood pressure. CIRCSIM-Tutor's interaction  ...", "url_pdf": null, "num_citations": 28, "cluster_id": "12552936962755698993", "year": "2003", "url_citations": "http://scholar.google.com/scholar?cites=12552936962755698993&as_sdt=2005&sciodt=1,5&hl=en"}, {"num_versions": 14, "url_citation": null, "title": "Supporting self-explanation of argument transcripts: specific v. generic prompts", "url": "http://www.researchgate.net/profile/Collin_Lynch/publication/228808840_Supporting_self-explanation_of_argument_transcripts_specific_v._generic_prompts/links/0fcfd50fa48b97fb5c000000.pdf", "url_versions": "http://scholar.google.com/scholar?cluster=7027819844969590560&hl=en&as_sdt=1,5&sciodt=1,5&as_vis=1", "authors": "V Aleven, N Pinkwart, K Ashley\u2026 - Workshop of Intelligent  \u2026", "excerpt": "Abstract. We are developing an intelligent tutoring system that helps beginning law students learn argumentation skills through the study of transcripts of oral argument sessions before the US Supreme Court. These transcripts exemplify complex reasoning processes in  ...", "url_pdf": "http://www.researchgate.net/profile/Collin_Lynch/publication/228808840_Supporting_self-explanation_of_argument_transcripts_specific_v._generic_prompts/links/0fcfd50fa48b97fb5c000000.pdf", "num_citations": 11, "cluster_id": "7027819844969590560", "year": "2006", "url_citations": "http://scholar.google.com/scholar?cites=7027819844969590560&as_sdt=2005&sciodt=1,5&hl=en"}, {"num_versions": 9, "url_citation": null, "title": "Are instructional explanations more effective in the context of an impasse?", "url": "http://link.springer.com/article/10.1007/s11251-008-9074-5", "url_versions": "http://scholar.google.com/scholar?cluster=11265654816094879340&hl=en&as_sdt=1,5&sciodt=1,5&as_vis=1", "authors": "E S\u00e1nchez, H Garc\u00eda-Rodicio, SR Acu\u00f1a - Instructional Science", "excerpt": "Abstract Effective instructional explanations help the students to construct coherent mental representations. To do so, one condition is that they must be tailored to students' needs. It is hypothesized that explanations are more helpful if they also explicitly aid the students to  ...", "url_pdf": null, "num_citations": 31, "cluster_id": "11265654816094879340", "year": "2009", "url_citations": "http://scholar.google.com/scholar?cites=11265654816094879340&as_sdt=2005&sciodt=1,5&hl=en"}, {"num_versions": 6, "url_citation": null, "title": "The Autotutor 3 Architecture", "url": "http://link.springer.com/chapter/10.1007/978-3-540-74063-6_25", "url_versions": "http://scholar.google.com/scholar?cluster=7137121185370421758&hl=en&as_sdt=1,5&sciodt=1,5&as_vis=1", "authors": "P Chipman, A Olney, AC Graesser - Web Information Systems and  \u2026", "excerpt": "Abstract Providing high quality of service over the Internet to a variety of clients while simultaneously providing good pedagogy and extensibility for content creators and developers are key issues in the design of the computational architecture of an intelligent  ...", "url_pdf": null, "num_citations": 1, "cluster_id": "7137121185370421758", "year": "2007", "url_citations": "http://scholar.google.com/scholar?cites=7137121185370421758&as_sdt=2005&sciodt=1,5&hl=en"}, {"num_versions": 2, "url_citation": null, "title": "Proactive learning for interactive knowledge capture", "url": "http://www.isi.edu/ikcap/slick/papers/KA-Dialog-Kim-Gil-02.pdf", "url_versions": "http://scholar.google.com/scholar?cluster=1946754189728042324&hl=en&as_sdt=1,5&sciodt=1,5&as_vis=1", "authors": "J Kim, Y Gil -", "excerpt": "Abstract. Current tools for interactive knowledge capture have little or no learning aptitude. They are mostly oblivious to the process or strategy that the user may be following in entering new knowledge, unaware of their progress during a session, and ignorant of  ...", "url_pdf": "http://www.isi.edu/ikcap/slick/papers/KA-Dialog-Kim-Gil-02.pdf", "num_citations": 2, "cluster_id": "1946754189728042324", "year": "2002", "url_citations": "http://scholar.google.com/scholar?cites=1946754189728042324&as_sdt=2005&sciodt=1,5&hl=en"}, {"num_versions": 30, "url_citation": null, "title": "Using Bayesian networks to manage uncertainty in student modeling", "url": "http://link.springer.com/article/10.1023/A:1021258506583", "url_versions": "http://scholar.google.com/scholar?cluster=2617717903635511993&hl=en&as_sdt=1,5&sciodt=1,5&as_vis=1", "authors": "C Conati, A Gertner, K Vanlehn - User modeling and user-adapted  \u2026", "excerpt": "Abstract When a tutoring system aims to provide students with interactive help, it needs to know what knowledge the student has and what goals the student is currently trying to achieve. That is, it must do both assessment and plan recognition. These modeling tasks  ...", "url_pdf": null, "num_citations": 441, "cluster_id": "2617717903635511993", "year": "2002", "url_citations": "http://scholar.google.com/scholar?cites=2617717903635511993&as_sdt=2005&sciodt=1,5&hl=en"}, {"num_versions": 15, "url_citation": null, "title": "Expanding the model-tracing architecture: A 3rd generation intelligent tutor for Algebra symbolization", "url": "http://web.cs.wpi.edu/%7Enth/pubs_and_grants/papers/journals/IJAIED204HeffernanvRevised6221Razzaq.pdf", "url_versions": "http://scholar.google.com/scholar?cluster=17334117737522372682&hl=en&as_sdt=1,5&sciodt=1,5&as_vis=1", "authors": "NT Heffernan, KR Koedinger, L Razzaq - International Journal of  \u2026", "excerpt": "Abstract. Model-Tracing Tutors (MTTs) are intelligent tutoring systems that have been very successful at aiding student learning, but have not reached the level of performance of experienced human tutors. To that end, this paper presents a new architecture called ATM  ...", "url_pdf": "http://web.cs.wpi.edu/%7Enth/pubs_and_grants/papers/journals/IJAIED204HeffernanvRevised6221Razzaq.pdf", "num_citations": 46, "cluster_id": "17334117737522372682", "year": "2008", "url_citations": "http://scholar.google.com/scholar?cites=17334117737522372682&as_sdt=2005&sciodt=1,5&hl=en"}, {"num_versions": 4, "url_citation": null, "title": "Facilitating the rapid development of language understanding interfaces for tutoring systems", "url": "http://www.aaai.org/Papers/Symposia/Fall/2000/FS-00-01/FS00-01-013.pdf", "url_versions": "http://scholar.google.com/scholar?cluster=11339155773852713695&hl=en&as_sdt=1,5&sciodt=1,5&as_vis=1", "authors": "CP Ros\u00e9 - AAAI Fall Symposium on Building Tutorial Dialogue  \u2026", "excerpt": "A variety of studies in recent years have focused on assessing the relative effectiveness of different human tutorial strategies and investigating the role of language interaction ill such strategies, including (Chi et al. 1989)(Chi et al. 1994)(VanLelm, Jones, Chi 1992)( ...", "url_pdf": "http://www.aaai.org/Papers/Symposia/Fall/2000/FS-00-01/FS00-01-013.pdf", "num_citations": 7, "cluster_id": "11339155773852713695", "year": "2000", "url_citations": "http://scholar.google.com/scholar?cites=11339155773852713695&as_sdt=2005&sciodt=1,5&hl=en"}, {"num_versions": 7, "url_citation": null, "title": "Using Student Explanations as Models for Adapting Tutorial Dialogue.", "url": "http://www.aaai.org/Papers/FLAIRS/2004/Flairs04-153.pdf", "url_versions": "http://scholar.google.com/scholar?cluster=16844581875023270280&hl=en&as_sdt=1,5&sciodt=1,5&as_vis=1", "authors": "PW Jordan - FLAIRS Conference", "excerpt": "Abstract We describe a dialogue management approach that adapts dialogue strategies to a changing user model under the constraint that the approach be able to scale up rapidly for intelligent tutoring systems applications. Dialogue strategies are expressed as constraints  ...", "url_pdf": "http://www.aaai.org/Papers/FLAIRS/2004/Flairs04-153.pdf", "num_citations": 9, "cluster_id": "16844581875023270280", "year": "2004", "url_citations": "http://scholar.google.com/scholar?cites=16844581875023270280&as_sdt=2005&sciodt=1,5&hl=en"}, {"num_versions": 11, "url_citation": null, "title": "I-MINDS: an agent-oriented information system for applications in education", "url": "http://link.springer.com/chapter/10.1007/978-3-540-25943-5_2", "url_versions": "http://scholar.google.com/scholar?cluster=3716054520185295727&hl=en&as_sdt=1,5&sciodt=1,5&as_vis=1", "authors": "LK Soh, XL Liu, XS Zhang, J Al-Jaroodi, H Jiang\u2026 - Agent-Oriented  \u2026", "excerpt": "Abstract In this paper, we describe an Intelligent Multiagent Infrastructure for Distributed Systems in Education (or I-MINDS) framework that applies an agent-oriented information system for education purposes. Our design employs distributed computing principles (ie,  ...", "url_pdf": null, "num_citations": 18, "cluster_id": "3716054520185295727", "year": "2004", "url_citations": "http://scholar.google.com/scholar?cites=3716054520185295727&as_sdt=2005&sciodt=1,5&hl=en"}, {"num_versions": 7, "url_citation": null, "title": "Extracting information from natural language input to an intelligent tutoring system", "url": "http://www.cs.iit.edu/%7Ecircsim/documents/08FEJETAI00102-087.pdf", "url_versions": "http://scholar.google.com/scholar?cluster=9089366547692070810&hl=en&as_sdt=1,5&sciodt=1,5&as_vis=1", "authors": "MS Glass, MW Evens - Far Eastern Journal of Experimental and  \u2026", "excerpt": "Abstract We have constructed a new module to process student natural language input to CIRCSIM-Tutor, an intelligent tutoring system designed to help medical students learn to solve problems involving the negative feedback process that regulates blood pressure in  ...", "url_pdf": "http://www.cs.iit.edu/%7Ecircsim/documents/08FEJETAI00102-087.pdf", "num_citations": 5, "cluster_id": "9089366547692070810", "year": "2008", "url_citations": "http://scholar.google.com/scholar?cites=9089366547692070810&as_sdt=2005&sciodt=1,5&hl=en"}, {"num_versions": 7, "url_citation": null, "title": "Proactive acquisition from tutoring and learning principles", "url": "http://scholar.google.com/https://books.google.com/books?hl=en&lr=&id=bTpLV0KLNTwC&oi=fnd&pg=PA175&ots=-hDnjxYOOe&sig=pPh70AcdQhhV46T5f6wWqMgdWxU", "url_versions": "http://scholar.google.com/scholar?cluster=1280512955887238707&hl=en&as_sdt=1,5&sciodt=1,5&as_vis=1", "authors": "J Kim, Y Gil - Proceedings of the Artificial Intelligence in  \u2026", "excerpt": "Abstract. Knowledge acquisition interfaces can be seen as students learning new knowledge from the user (leacher), and we believe thai they should be able to use some of the sirategies that good learners pursue during a tutoring dialogue. This will help  ...", "url_pdf": null, "num_citations": 10, "cluster_id": "1280512955887238707", "year": "2003", "url_citations": "http://scholar.google.com/scholar?cites=1280512955887238707&as_sdt=2005&sciodt=1,5&hl=en"}, {"num_versions": 2, "url_citation": null, "title": "Andes: An intelligent tutor for classical physics", "url": "http://quod.lib.umich.edu/cgi/t/text/idx/j/jep/3336451.0006.110?rgn=main;view=fulltext", "url_versions": "http://scholar.google.com/scholar?cluster=11741657473021752286&hl=en&as_sdt=1,5&sciodt=1,5&as_vis=1", "authors": "KG Schulze, RN Shelby, DJ Treacy\u2026 - Journal of Electronic  \u2026", "excerpt": "Permissions: This work is protected by copyright and may be linked to without seeking permission. Permission must be received for subsequent distribution in print or electronically. Please contact mpub-help@ umich. edu for more information.", "url_pdf": null, "num_citations": 36, "cluster_id": "11741657473021752286", "year": "2000", "url_citations": "http://scholar.google.com/scholar?cites=11741657473021752286&as_sdt=2005&sciodt=1,5&hl=en"}, {"num_versions": 9, "url_citation": null, "title": "Modelling reputation in agent-based marketplaces to improve the performance of buying agents", "url": "http://link.springer.com/chapter/10.1007/3-540-44963-9_36", "url_versions": "http://scholar.google.com/scholar?cluster=10302903432450936777&hl=en&as_sdt=1,5&sciodt=1,5&as_vis=1", "authors": "T Tran, R Cohen - User Modeling", "excerpt": "Abstract We propose a reputation oriented reinforcement learning algorithm for buying agents in electronic market environments. We take into account the fact the quality of a good offered by different selling agents may not be the same, and a selling agent may alter the  ...", "url_pdf": null, "num_citations": 15, "cluster_id": "10302903432450936777", "year": "2003", "url_citations": "http://scholar.google.com/scholar?cites=10302903432450936777&as_sdt=2005&sciodt=1,5&hl=en"}, {"num_versions": 0, "url_citation": null, "title": "Andes: An active learning, intelligent tutoring system for Newtonian Physics", "url": "http://www.public.asu.edu/%7Ekvanlehn/Stringent/PDF/00ANDES_KGS_RNS_DJT_MCW_KVL_AG.pdf", "url_versions": null, "authors": "KG Schulze, RN Shelby, DJ Treacy\u2026 - THEMES in  \u2026", "excerpt": "ABSTRACT A trend that has been emerging more strongly in the last decade has been to question the role and content of physics in contemporary higher education. Although the majority of students should study physics, most of them will not become professional  ...", "url_pdf": "http://www.public.asu.edu/%7Ekvanlehn/Stringent/PDF/00ANDES_KGS_RNS_DJT_MCW_KVL_AG.pdf", "num_citations": 9, "cluster_id": "13192512692557064675", "year": "2000", "url_citations": "http://scholar.google.com/scholar?cites=13192512692557064675&as_sdt=2005&sciodt=1,5&hl=en"}, {"num_versions": 11, "url_citation": null, "title": "Epistemological remediation in intelligent tutoring systems", "url": "http://link.springer.com/chapter/10.1007/978-3-540-24677-0_98", "url_versions": "http://scholar.google.com/scholar?cluster=15769489326509650347&hl=en&as_sdt=1,5&sciodt=1,5&as_vis=1", "authors": "J Tch\u00e9tagni, R Nkambou, F Kabanza - Innovations in Applied Artificial  \u2026", "excerpt": "Abstract This paper presents an approach to student's errors diagnosis in intelligent tutoring systems and to the remedial instruction to overcome those errors. Our contribution arises from two key components. Firstly, a diagnosis model, which based on the nature of the  ...", "url_pdf": null, "num_citations": 9, "cluster_id": "15769489326509650347", "year": "2004", "url_citations": "http://scholar.google.com/scholar?cites=15769489326509650347&as_sdt=2005&sciodt=1,5&hl=en"}]