[{"num_versions": 2, "url_citation": null, "title": "Exploring the use of clickers to support active learning and knowledge building by pre-service teachers in large lectures", "url": "http://theses.ucalgary.ca/handle/11023/114", "url_versions": "http://scholar.google.com/scholar?cluster=13665017247030976780&hl=en&as_sdt=1,5&sciodt=1,5&as_vis=1", "authors": "A Liu -", "excerpt": "Educators in higher education are being challenged to engage every learner in their learning in large lectures. This case study explored the use of an Audience Response System (ie, clickers) to engage pre-service teachers in active learning and collaborative  ...", "url_pdf": null, "num_citations": 1, "cluster_id": "13665017247030976780", "year": "2012", "url_citations": "http://scholar.google.com/scholar?cites=13665017247030976780&as_sdt=2005&sciodt=1,5&hl=en"}, {"num_versions": 5, "url_citation": null, "title": "Critical thinking in E-learning environments", "url": "http://www.sciencedirect.com/science/article/pii/S074756321200091X", "url_versions": "http://scholar.google.com/scholar?cluster=6431692773412683766&hl=en&as_sdt=1,5&sciodt=1,5&as_vis=1", "authors": "RG Saad\u00e9, D Morin, JDE Thomas - Computers in Human Behavior", "excerpt": "One of the primary aims of higher education in today's information technology enabled classroom is to make students more active in the learning process. The intended outcome of this increased IT-facilitated student engagement is to foster important skills such as critical  ...", "url_pdf": null, "num_citations": 37, "cluster_id": "6431692773412683766", "year": "2012", "url_citations": "http://scholar.google.com/scholar?cites=6431692773412683766&as_sdt=2005&sciodt=1,5&hl=en"}, {"num_versions": 11, "url_citation": null, "title": "Evaluating the impact of distance learning support systems on the learning experience of MBA students in a global context", "url": "http://scholar.google.com/https://books.google.com/books?hl=en&lr=&id=qGw4tvVrKUEC&oi=fnd&pg=PA69&ots=ra4_H4CMCr&sig=_AdvnyWrGIDBoMbBGb0I7B4OFfY", "url_versions": "http://scholar.google.com/scholar?cluster=503414288287499637&hl=en&as_sdt=1,5&sciodt=1,5&as_vis=1", "authors": "Y Bentley, A Shegunshi\u2026 - ECEL", "excerpt": "Abstract: This paper reports the findings from an investigation into the distance learning support systems of a UK University's overseas MBA programme. This programme is provided to several countries around the world in alliance with the overseas' local higher  ...", "url_pdf": null, "num_citations": 22, "cluster_id": "503414288287499637", "year": "2009", "url_citations": "http://scholar.google.com/scholar?cites=503414288287499637&as_sdt=2005&sciodt=1,5&hl=en"}, {"num_versions": 3, "url_citation": null, "title": "Effect of clickers versus online homework on students' long-term retention of general chemistry course material", "url": "http://pubs.rsc.org/en/content/articlehtml/2012/rp/c2rp20033c", "url_versions": "http://scholar.google.com/scholar?cluster=13945001024256828452&hl=en&as_sdt=1,5&sciodt=1,5&as_vis=1", "authors": "MT Gebru, AJ Phelps, G Wulfsberg - Chemistry Education Research  \u2026", "excerpt": "This study reports the effects of student response systems (clickers) versus online homework on students' long-term retention of General Chemistry I course material. Long-term content retention was measured by a comprehensive yearlong American Chemical Society (ACS)  ...", "url_pdf": null, "num_citations": 6, "cluster_id": "13945001024256828452", "year": "2012", "url_citations": "http://scholar.google.com/scholar?cites=13945001024256828452&as_sdt=2005&sciodt=1,5&hl=en"}, {"num_versions": 0, "url_citation": null, "title": "Clickers, best uses and benefits", "url": "http://researcharchive.vuw.ac.nz/handle/10063/1897", "url_versions": null, "authors": "R Herrera Hern\u00e1ndez -", "excerpt": "This study provides an analysis of the use student response systems in undergraduate and postgraduate classrooms. Research was conducted utilising a qualitative analysis approach, grounding theories by reviewing related literature, interviewing lecturers and  ...", "url_pdf": null, "num_citations": 1, "cluster_id": "5081058035762946361", "year": "2011", "url_citations": "http://scholar.google.com/scholar?cites=5081058035762946361&as_sdt=2005&sciodt=1,5&hl=en"}, {"num_versions": 3, "url_citation": null, "title": "Incorporating student response systems in mathematics classes", "url": "http://eprints.usq.edu.au/23612", "url_versions": "http://scholar.google.com/scholar?cluster=6389205046203595349&hl=en&as_sdt=1,5&sciodt=1,5&as_vis=1", "authors": "C Lozanovski, C Haeusler\u2026 - Proceedings of Volcanic  \u2026", "excerpt": "In the past decade, Student Response Systems (SRS) have been used more widely in higher education as advancement in technology makes them more affordable, easier to use and of compact design. This technology shows potential in enhancing the student  ...", "url_pdf": null, "num_citations": 1, "cluster_id": "6389205046203595349", "year": "2011", "url_citations": "http://scholar.google.com/scholar?cites=6389205046203595349&as_sdt=2005&sciodt=1,5&hl=en"}, {"num_versions": 4, "url_citation": null, "title": "EXPLORING INTERACTIVE WHITEBOARD USE IN THE 4\u20136 GRADE CLASSROOM USING GAGNE'S NINE EVENTS OF INSTRUCTION", "url": "http://libcontent.lib.ua.edu/content/u0015/0000001/0000952/u0015_0000001_0000952.pdf", "url_versions": "http://scholar.google.com/scholar?cluster=17627971776653090322&hl=en&as_sdt=1,5&sciodt=1,5&as_vis=1", "authors": "B McKinney -", "excerpt": "ABSTRACT The purpose of this study was to examine how interactive whiteboards are being used for instruction in classrooms using the framework of Gagn\u00e9's nine events of instruction. According to Gagn\u00e9's instructional theory, there are nine events that need to  ...", "url_pdf": "http://libcontent.lib.ua.edu/content/u0015/0000001/0000952/u0015_0000001_0000952.pdf", "num_citations": 1, "cluster_id": "17627971776653090322", "year": "2012", "url_citations": "http://scholar.google.com/scholar?cites=17627971776653090322&as_sdt=2005&sciodt=1,5&hl=en"}, {"num_versions": 8, "url_citation": null, "title": "Instructor perceptions of using a mobile-phone-based free classroom response system in first-year statistics undergraduate courses", "url": "http://www.tandfonline.com/doi/abs/10.1080/0020739X.2012.678896", "url_versions": "http://scholar.google.com/scholar?cluster=3996107651858861191&hl=en&as_sdt=1,5&sciodt=1,5&as_vis=1", "authors": "PK Dunn, A Richardson, C McDonald\u2026 - International Journal of  \u2026", "excerpt": "Student engagement at first-year level is critical for student achievement, retention and success. One way of increasing student engagement is to use a classroom response system (CRS), the use of which has been associated with positive educational outcomes by  ...", "url_pdf": null, "num_citations": 7, "cluster_id": "3996107651858861191", "year": "2012", "url_citations": "http://scholar.google.com/scholar?cites=3996107651858861191&as_sdt=2005&sciodt=1,5&hl=en"}, {"num_versions": 13, "url_citation": null, "title": "Assessing Affective Learning Using a Student Response System", "url": "http://muse.jhu.edu/journals/portal_libraries_and_the_academy/v013/13.4.rimland.html", "url_versions": "http://scholar.google.com/scholar?cluster=2385560925439749307&hl=en&as_sdt=1,5&sciodt=1,5&as_vis=1", "authors": "E Rimland - portal: Libraries and the Academy", "excerpt": "Abstract Affective learning relates to students' attitudes, emotions, and feelings. This study focuses on measuring affective learning during library instruction by using a student response system. Participants were undergraduate students who received course-related  ...", "url_pdf": null, "num_citations": 4, "cluster_id": "2385560925439749307", "year": "2013", "url_citations": "http://scholar.google.com/scholar?cites=2385560925439749307&as_sdt=2005&sciodt=1,5&hl=en"}, {"num_versions": 2, "url_citation": null, "title": "How quiz-based tools can improve students' engagement and participation in the classroom", "url": "http://ieeexplore.ieee.org/xpls/abs_all.jsp?arnumber=6867592", "url_versions": "http://scholar.google.com/scholar?cluster=12205988375935658534&hl=en&as_sdt=1,5&sciodt=1,5&as_vis=1", "authors": "D Malandrino, I Manno, G Palmieri\u2026 - \u2026  and Systems (CTS),  \u2026", "excerpt": "Abstract\u2014Student Response Systems exhibit a long usage history, begun with clickers and recently evolved toward Webbased systems. Several studies show that they improve students' engagement and participation, but also show some drawbacks (clickers costs,  ...", "url_pdf": null, "num_citations": 2, "cluster_id": "12205988375935658534", "year": "2014", "url_citations": "http://scholar.google.com/scholar?cites=12205988375935658534&as_sdt=2005&sciodt=1,5&hl=en"}, {"num_versions": 8, "url_citation": null, "title": "Testing the information technology continuance model on a mandatory SMS-based student response system", "url": "http://www.tandfonline.com/doi/abs/10.1080/03634523.2011.654231", "url_versions": "http://scholar.google.com/scholar?cluster=75328962099211403&hl=en&as_sdt=1,5&sciodt=1,5&as_vis=1", "authors": "J Lin, M Rivera-S\u00e1nchez - Communication Education", "excerpt": "This paper reports a 2-month longitudinal study on a mandatory Short Message Service-based student response system that enabled students to take classroom quizzes using their mobile phones to register responses. students' perceptions on usefulness and their  ...", "url_pdf": null, "num_citations": 7, "cluster_id": "75328962099211403", "year": "2012", "url_citations": "http://scholar.google.com/scholar?cites=75328962099211403&as_sdt=2005&sciodt=1,5&hl=en"}, {"num_versions": 2, "url_citation": null, "title": "\u57fa\u4e8e Web \u6280\u672f\u7684\u667a\u80fd\u624b\u673a\u8bfe\u5802\u5e94\u7b54\u7cfb\u7edf\u8bbe\u8ba1", "url": "http://www.cqvip.com/qk/97360a/201214/42570762.html", "url_versions": "http://scholar.google.com/scholar?cluster=5601514361932689232&hl=en&as_sdt=1,5&sciodt=1,5&as_vis=1", "authors": "\u59dc\u8679\uff0c \u674e\u5cf0 - \u73b0\u4ee3\u7535\u5b50\u6280\u672f", "excerpt": "\u9488\u5bf9Clicker \u8bfe\u5802\u5e94\u7b54\u7cfb\u7edf\u5728\u6559\u5b66\u4f7f\u7528\u4e2d\u5b58\u5728\u7684\u95ee\u9898\u53ca\u7f3a\u70b9, \u63d0\u51fa\u4e86\u4e00\u79cd\u57fa\u4e8eWeb \u6280\u672f\u7684\u667a\u80fd\u624b\u673a\u8bfe\u5802\u5e94\u7b54\u7cfb\u7edf(SPcRS). SPCRS \u7cfb\u7edf\u7684\u4e3b\u5bfc\u601d\u60f3\u662f\u4ee5\u667a\u80fd\u624b\u673a\u4ee3\u66ffClicker \u7cfb\u7edf\u4e2d\u7684\u624b\u6301\u952e\u76d8, \u7528\u65e0\u7ebf\u7f51\u7edc\u4ee3\u66ffClicker \u7cfb\u7edf\u4e2d\u7684\u4e13\u7528\u901a\u4fe1\u7f51\u7edc, \u5e76\u4ee5Web \u6280\u672f\u8bbf\u95ee ...", "url_pdf": null, "num_citations": 2, "cluster_id": "5601514361932689232", "year": "2012", "url_citations": "http://scholar.google.com/scholar?cites=5601514361932689232&as_sdt=2005&sciodt=1,5&hl=en"}, {"num_versions": 7, "url_citation": null, "title": "A study on the adoption of clickers in higher education", "url": "http://www.ascilite.org.au/ajet/ajet27/laxman.html", "url_versions": "http://scholar.google.com/scholar?cluster=11363773452384369911&hl=en&as_sdt=1,5&sciodt=1,5&as_vis=1", "authors": "K Laxman - Australasian Journal of Educational Technology", "excerpt": "Audience response systems or'clickers' are being used widely in both large and small educational settings. Clickers leverage upon a number of technological affordances to allow for adaptive and flexible learning to be accomplished. To promote active learning in its  ...", "url_pdf": null, "num_citations": 17, "cluster_id": "11363773452384369911", "year": "2011", "url_citations": "http://scholar.google.com/scholar?cites=11363773452384369911&as_sdt=2005&sciodt=1,5&hl=en"}, {"num_versions": 3, "url_citation": null, "title": "SSCLS: a smartphone-supported collaborative learning system", "url": "http://www.sciencedirect.com/science/article/pii/S0736585314000720", "url_versions": "http://scholar.google.com/scholar?cluster=6963385830460770891&hl=en&as_sdt=1,5&sciodt=1,5&as_vis=1", "authors": "YT Chuang - Telematics and Informatics", "excerpt": "Abstract Education is one of the most important elements in our lives, as is provides a direct gain in knowledge. Thus, in order to provide better academic achievement, more and more instructors are adapting collaborative learning to their classes. Collaborative learning, by  ...", "url_pdf": null, "num_citations": 7, "cluster_id": "6963385830460770891", "year": "2015", "url_citations": "http://scholar.google.com/scholar?cites=6963385830460770891&as_sdt=2005&sciodt=1,5&hl=en"}, {"num_versions": 8, "url_citation": null, "title": "Experiences Obtained with Integration of Student Response Systems for iPod Touch and iPhone into e-Learning Environments.", "url": "http://eric.ed.gov/?id=EJ895706", "url_versions": "http://scholar.google.com/scholar?cluster=8925904488949830460&hl=en&as_sdt=1,5&sciodt=1,5&as_vis=1", "authors": "J Stav, K Nielsen, G Hansen-Nygard, T Thorseth - Electronic Journal of e- \u2026", "excerpt": "Abstract; A new type of Student Response System (SRS) based up on the latest wireless technologies and hand held mobile devices has been developed to enhance active learning methods and assess students' understanding. The key services involve a set of XML  ...", "url_pdf": null, "num_citations": 49, "cluster_id": "8925904488949830460", "year": "2010", "url_citations": "http://scholar.google.com/scholar?cites=8925904488949830460&as_sdt=2005&sciodt=1,5&hl=en"}, {"num_versions": 3, "url_citation": null, "title": "\u6559\u5b66\u5e94\u7b54\u7cfb\u7edf\u5e94\u7528\u7814\u7a76\u7684\u73b0\u72b6\u4e0e\u70ed\u70b9", "url": "http://www.cqvip.com/qk/81536x/201205/41751329.html", "url_versions": "http://scholar.google.com/scholar?cluster=8650899064459027407&hl=en&as_sdt=1,5&sciodt=1,5&as_vis=1", "authors": "\u674e\u7ea2\u7f8e\uff0c \u5f20\u5251\u5e73 - \u4e2d\u56fd\u7535\u5316\u6559\u80b2", "excerpt": "\u6559\u5b66\u5e94\u7b54\u7cfb\u7edf\u662f\u57fa\u4e8e\u65e0\u7ebf\u901a\u8baf\u6280\u672f\u7684\u4e92\u52a8\u6559\u5b66\u88c5\u5907, \u662f\u73b0\u4ee3\u4fe1\u606f\u6280\u672f\u5728\u8bfe\u5802\u6559\u5b66\u4e2d\u7684\u4e00\u7c7b\u5178\u578b\u5e94\u7528, \u53ef\u4ee5\u6709\u6548\u5730\u4fc3\u8fdb\u8bfe\u5802\u6559\u5b66\u7ba1\u7406, \u63d0\u9ad8\u5e08\u751f\u4e92\u52a8, \u5df2\u7ecf\u5f15\u8d77\u6559\u80b2\u6280\u672f\u7814\u7a76\u4e0e\u5b9e\u8df5\u8005\u7684\u5173\u6ce8. \u6587\u7ae0\u901a\u8fc7\u6587\u732e\u7814\u7a76\u6cd5, \u5728\u9610\u8ff0\u6559\u5b66\u5e94\u7b54\u7cfb\u7edf\u7684\u6784\u6210, \u56fd\u5916\u6559\u5b66\u5e94\u7b54\u7cfb\u7edf\u5e94\u7528\u7814\u7a76\u73b0\u72b6\u7684\u57fa\u7840\u4e0a,  ...", "url_pdf": null, "num_citations": 1, "cluster_id": "8650899064459027407", "year": "2012", "url_citations": "http://scholar.google.com/scholar?cites=8650899064459027407&as_sdt=2005&sciodt=1,5&hl=en"}, {"num_versions": 2, "url_citation": null, "title": "Mobile Voting Systems for Creating Collaboration Environments and Getting Immediate Feedback: A New Curriculum Model of a University Lecture", "url": "http://www.igi-global.com/article/mobile-voting-systems-for-creating-collaboration-environments-and-getting-immediate-feedback/120568", "url_versions": "http://scholar.google.com/scholar?cluster=4360526549851353593&hl=en&as_sdt=1,5&sciodt=1,5&as_vis=1", "authors": "S Titova, T Talmo - International Journal of Mobile and Blended  \u2026", "excerpt": "Abstract Mobile devices can enhance learning and teaching by providing instant feedback and better diagnosis of learning problems, helping design new assessment models, enhancing learner autonomy and creating new formats of enquiry-based activities. The  ...", "url_pdf": null, "num_citations": 1, "cluster_id": "4360526549851353593", "year": "2014", "url_citations": "http://scholar.google.com/scholar?cites=4360526549851353593&as_sdt=2005&sciodt=1,5&hl=en"}, {"num_versions": 0, "url_citation": null, "title": "The Use of Personal Response Systems in a Radiography Course.", "url": "http://search.ebscohost.com/login.aspx?direct=true&profile=ehost&scope=site&authtype=crawler&jrnl=10785450&AN=83703190&h=Lj3E%2B4chUlW70I6i5tHmiOVSLB3IBB0MvVBmtSmtcI46x2JXHdmdFxcQ0xUXr06a%2F1auIXP2RD3CJxDHLYAGcw%3D%3D&crl=c", "url_versions": null, "authors": "JA Kloft, JB Killion - Radiologic Science & Education", "excerpt": "Abstract The study determines if the use of personal response systems during lecture-based radiography courses increases student engagement. Personal response systems\" clickers\" were provided to first-and second-year radiography students during a Principles of  ...", "url_pdf": null, "num_citations": 0, "cluster_id": null, "year": "2012", "url_citations": null}, {"num_versions": 8, "url_citation": null, "title": "Context matters: increasing understanding with interactive clicker case studies", "url": "http://link.springer.com/article/10.1007/s11423-010-9182-1", "url_versions": "http://scholar.google.com/scholar?cluster=15950733610064553649&hl=en&as_sdt=1,5&sciodt=1,5&as_vis=1", "authors": "MA Lundeberg, H Kang, B Wolter, N Armstrong\u2026 - Educational Technology  \u2026", "excerpt": "Abstract Although interactive technology is presumed to increase student understanding in large classes, no previous research studies have empirically explored the effects of Clicker Cases on students' performance. A Clicker Case is a story (eg, a problem someone is  ...", "url_pdf": null, "num_citations": 25, "cluster_id": "15950733610064553649", "year": "2011", "url_citations": "http://scholar.google.com/scholar?cites=15950733610064553649&as_sdt=2005&sciodt=1,5&hl=en"}, {"num_versions": 0, "url_citation": null, "title": "The Use of an Audience Response System in Imaging Sciences Classrooms to Increase Active Learning and Retention.", "url": "http://search.ebscohost.com/login.aspx?direct=true&profile=ehost&scope=site&authtype=crawler&jrnl=10785450&AN=60242335&h=mPIxi1F5aooikKK6YjomJzG%2BYPOf3jpUuQ9TuSk9rGkSIToqF6hspEjfjyAqgKuKH4t1TSDXUVh8XDXjxtIrmA%3D%3D&crl=c", "url_versions": null, "authors": "N Hawking, J Callahan, A Elmore\u2026 - Radiologic Science  \u2026", "excerpt": "Abstract Lecture-based, passive learning instruction is becoming less effective in today's information technology age. Introducing interactive technology into the classroom will engage the students and create a more student-centered, active learning environment,  ...", "url_pdf": null, "num_citations": 2, "cluster_id": "8834552209488970656", "year": "2011", "url_citations": "http://scholar.google.com/scholar?cites=8834552209488970656&as_sdt=2005&sciodt=1,5&hl=en"}, {"num_versions": 3, "url_citation": null, "title": "Assessing audience response systems using task-technology fit", "url": "http://ieeexplore.ieee.org/xpls/abs_all.jsp?arnumber=6518915", "url_versions": "http://scholar.google.com/scholar?cluster=17851718190598028764&hl=en&as_sdt=1,5&sciodt=1,5&as_vis=1", "authors": "JM Mantikayan, MA Ayu - \u2026  for the Muslim World (ICT4M)", "excerpt": "Abstract\u2014In order for the information technology to have a positive impact, the technology must be utilized and must be a good fit with the tasks it supports. Audience response systems (ARS) are a tool to increase active learning and gather immediate feedback from  ...", "url_pdf": null, "num_citations": 2, "cluster_id": "17851718190598028764", "year": "2013", "url_citations": "http://scholar.google.com/scholar?cites=17851718190598028764&as_sdt=2005&sciodt=1,5&hl=en"}, {"num_versions": 5, "url_citation": null, "title": "Mobile distance learning with smartphones and apps in higher education", "url": "http://scholar.google.com/https://www.edam.com.tr/kuyeb/pdf/en/decafb5f50be5fe59ca4662e13585edc51520.pdf", "url_versions": "http://scholar.google.com/scholar?cluster=2894390509019286892&hl=en&as_sdt=1,5&sciodt=1,5&as_vis=1", "authors": "E V\u00e1zquez-Cano - Educational Sciences: Theory & Practice", "excerpt": "Abstract In this paper, the results of researcher'ongoing activities regarding the use of smartphones and a specific subject-app used at the Spanish National University of Distance Education (UNED) have been reported. The purpose of this trial is to assess the app's  ...", "url_pdf": "http://scholar.google.com/https://www.edam.com.tr/kuyeb/pdf/en/decafb5f50be5fe59ca4662e13585edc51520.pdf", "num_citations": 3, "cluster_id": "2894390509019286892", "year": "2014", "url_citations": "http://scholar.google.com/scholar?cites=2894390509019286892&as_sdt=2005&sciodt=1,5&hl=en"}, {"num_versions": 4, "url_citation": null, "title": "The impact of classroom performance system-based instruction with peer instruction upon student achievement and motivation in eighth grade math students", "url": "http://digitalcommons.liberty.edu/doctoral/490/", "url_versions": "http://scholar.google.com/scholar?cluster=5131224659208882633&hl=en&as_sdt=1,5&sciodt=1,5&as_vis=1", "authors": "TMH Allison -", "excerpt": "Abstract The researcher employed two designs to address the research question for this particular study. This quasi-experimental non-equivalent control group study compared the math achievement of 92 eighth grade students who received Classroom Performance  ...", "url_pdf": null, "num_citations": 5, "cluster_id": "5131224659208882633", "year": "2012", "url_citations": "http://scholar.google.com/scholar?cites=5131224659208882633&as_sdt=2005&sciodt=1,5&hl=en"}, {"num_versions": 2, "url_citation": null, "title": "Open and innovative tools and services for vocational education and training in quality assurance", "url": "http://scientificbulletin.upm.ro/papers/2011-1/Moldovan-Open-and-Innovative-Tools-and-Services-for-Vocational-Education.pdf", "url_versions": "http://scholar.google.com/scholar?cluster=8358544685666960568&hl=en&as_sdt=1,5&sciodt=1,5&as_vis=1", "authors": "L Moldovan, JB Stav - Scientific Bulletin of the \u201cPetru Maior\u201d  \u2026", "excerpt": "ABSTRACT This paper presents the employment of the Student Response System at the \u201cPetru Maior\u201d University of T\u00eergu Mure\u015f, achievements of the project entitled \u201cDisseminating Open and Innovative Tools and Services for Vocational Education and Training in Quality  ...", "url_pdf": "http://scientificbulletin.upm.ro/papers/2011-1/Moldovan-Open-and-Innovative-Tools-and-Services-for-Vocational-Education.pdf", "num_citations": 5, "cluster_id": "8358544685666960568", "year": "2011", "url_citations": "http://scholar.google.com/scholar?cites=8358544685666960568&as_sdt=2005&sciodt=1,5&hl=en"}, {"num_versions": 3, "url_citation": null, "title": "Encouraging College Student Active Engagement in Learning: The Influence of Response Methods", "url": "http://link.springer.com/article/10.1007/s10755-013-9276-x", "url_versions": "http://scholar.google.com/scholar?cluster=9498696549347970578&hl=en&as_sdt=1,5&sciodt=1,5&as_vis=1", "authors": "ML Barr - Innovative Higher Education", "excerpt": "Abstract The purpose of this study was to examine the use of two student response methods within selected college lecture halls. Kinesiology majors from three universities were asked to respond to questions during two consecutive lectures, one using \u201cclickers\u201d and the other  ...", "url_pdf": null, "num_citations": 1, "cluster_id": "9498696549347970578", "year": "2014", "url_citations": "http://scholar.google.com/scholar?cites=9498696549347970578&as_sdt=2005&sciodt=1,5&hl=en"}, {"num_versions": 2, "url_citation": null, "title": "Establishing and Sustaining an Evidence-Based Practice Environment", "url": "http://scholar.google.com/https://books.google.com/books?hl=en&lr=&id=jRoIAQAAQBAJ&oi=fnd&pg=PA69&ots=rB9T6kmRwt&sig=OWyc72diedyCvWTK5wzf1opeSZo", "url_versions": "http://scholar.google.com/scholar?cluster=7648646780030363689&hl=en&as_sdt=1,5&sciodt=1,5&as_vis=1", "authors": "EA Carlson, BA Staffileno - Research for Advanced Practice  \u2026", "excerpt": "There are numerous reasons to establish an evidence-based practice (EBP) program for nursing staff. First, patients have complex care needs coupled with shortened lengths of stay and an increase in new therapies. Nurses must deliver care that is based on evidence of  ...", "url_pdf": null, "num_citations": 1, "cluster_id": "7648646780030363689", "year": "2013", "url_citations": "http://scholar.google.com/scholar?cites=7648646780030363689&as_sdt=2005&sciodt=1,5&hl=en"}, {"num_versions": 0, "url_citation": null, "title": "Engaging students in large lectures of introductory biology and molecular biology service courses using student response systems", "url": "http://openjournals.library.usyd.edu.au/index.php/IISME/article/view/7074", "url_versions": null, "authors": "DYT Liu, CE Taylor - Proceedings of The  \u2026", "excerpt": "Abstract Student response systems are an efficient and safe strategy to increase student engagement in large-enrolment classes. Combined with effectively designed questions, they can stimulate and probe deeper conceptual understanding and enhance pedagogical  ...", "url_pdf": null, "num_citations": 2, "cluster_id": "5240672872865562390", "year": "2013", "url_citations": "http://scholar.google.com/scholar?cites=5240672872865562390&as_sdt=2005&sciodt=1,5&hl=en"}, {"num_versions": 5, "url_citation": null, "title": "A Tailorable Infrastructure to enhance Mobile Seamless Learning", "url": "http://ieeexplore.ieee.org/xpls/abs_all.jsp?arnumber=6937153", "url_versions": "http://scholar.google.com/scholar?cluster=7933808698973695313&hl=en&as_sdt=1,5&sciodt=1,5&as_vis=1", "authors": "D Malandrino, I Manno, G Palmieri\u2026 - Learning  \u2026", "excerpt": "Abstract\u2014The widespread use of mobile devices is leading towards their adoption in the learning process, even if some pedagogical challenges are still not fully addressed when integrating mobile-assisted activities into regular curricula activities. In this paper, we first  ...", "url_pdf": null, "num_citations": 1, "cluster_id": "7933808698973695313", "year": "2015", "url_citations": "http://scholar.google.com/scholar?cites=7933808698973695313&as_sdt=2005&sciodt=1,5&hl=en"}, {"num_versions": 2, "url_citation": null, "title": "New pathways in higher education: An introduction to using mobile technologies", "url": "http://scholar.google.com/https://books.google.com/books?hl=en&lr=&id=HHbYMtJ3VoMC&oi=fnd&pg=PA3&ots=58Ri5HZzS1&sig=aVp5WBpVqupDIGX5Dc_7iJw8-zo", "url_versions": "http://scholar.google.com/scholar?cluster=12382953901759811526&hl=en&as_sdt=1,5&sciodt=1,5&as_vis=1", "authors": "LA Wankel, P Blessinger - Cutting-edge Technologies in Higher  \u2026", "excerpt": "The chapters in this book focus on three key areas of innovation in teaching and learning in higher education today: smartphone devices, texting applications, and multipurpose, multimedia mobile communicative applications such as Skype. Today's educators have at  ...", "url_pdf": null, "num_citations": 7, "cluster_id": "12382953901759811526", "year": "2013", "url_citations": "http://scholar.google.com/scholar?cites=12382953901759811526&as_sdt=2005&sciodt=1,5&hl=en"}, {"num_versions": 2, "url_citation": null, "title": "Creative approaches in higher education: An introduction to using classroom-mediated discourse technologies", "url": "http://scholar.google.com/https://books.google.com/books?hl=en&lr=&id=YdPl_VhS9n0C&oi=fnd&pg=PA3&ots=M1ai03L0ci&sig=whtF_tk4f9NB6xavkBqvBST5-q8", "url_versions": "http://scholar.google.com/scholar?cluster=16735745821364153662&hl=en&as_sdt=1,5&sciodt=1,5&as_vis=1", "authors": "P Blessinger, C Wankel - Cutting-edge Technologies in Higher  \u2026", "excerpt": "The chapters in this book focus on using different types of mediated discourse technologies such as classroom response systems and class replay systems to create technology-rich social learning environments within the classroom. Improvements in low-cost, ubiquitous  ...", "url_pdf": null, "num_citations": 2, "cluster_id": "16735745821364153662", "year": "2013", "url_citations": "http://scholar.google.com/scholar?cites=16735745821364153662&as_sdt=2005&sciodt=1,5&hl=en"}, {"num_versions": 5, "url_citation": null, "title": "Teachers' Feedback to Foster Scientific Discourse in Connected Science Classrooms", "url": "http://rave.ohiolink.edu/etdc/view?acc_num=osu1343178075", "url_versions": "http://scholar.google.com/scholar?cluster=9988025805493034129&hl=en&as_sdt=1,5&sciodt=1,5&as_vis=1", "authors": "SC Lee -", "excerpt": "Abstract Science classroom discourse contributes in important ways to the development of students' scientific understanding and reasoning skills. However, many science teachers are not ready for scientific discourse, given that much of their time is spent delivering scientific  ...", "url_pdf": null, "num_citations": 1, "cluster_id": "9988025805493034129", "year": "2012", "url_citations": "http://scholar.google.com/scholar?cites=9988025805493034129&as_sdt=2005&sciodt=1,5&hl=en"}, {"num_versions": 4, "url_citation": null, "title": "Experience with innovative tools and services for vocational education and training in quality assurance", "url": "http://histproject.no/sites/histproject.no/files/edulearn11_doit.pdf", "url_versions": "http://scholar.google.com/scholar?cluster=2958927180647394916&hl=en&as_sdt=1,5&sciodt=1,5&as_vis=1", "authors": "JB Stav, TM Thorseth, R St\u00f8ckert - Proceedings from the 3rd annual  \u2026", "excerpt": "Abstract The article report work related to designing, developing and introducing product-and process oriented training methods within the quality assurance sector in Norway, Hungary and Romania, as well as the plastic welding sector in Hungary, Slovakia and  ...", "url_pdf": "http://histproject.no/sites/histproject.no/files/edulearn11_doit.pdf", "num_citations": 2, "cluster_id": "2958927180647394916", "year": "2011", "url_citations": "http://scholar.google.com/scholar?cites=2958927180647394916&as_sdt=2005&sciodt=1,5&hl=en"}, {"num_versions": 11, "url_citation": null, "title": "Designing a mobile-app-based collaborative learning system", "url": "http://www.editlib.org/p/111726/", "url_versions": "http://scholar.google.com/scholar?cluster=12476242273227586711&hl=en&as_sdt=1,5&sciodt=1,5&as_vis=1", "authors": "C Cheong, V Bruno, F Cheong - Journal of Information Technology  \u2026", "excerpt": "Abstract An important aspect of education is to promote higher-order thinking skills to learners. However, in the lecture environment, learners are passively engaged and it is unlikely for higher-order thinking to occur. Although interventions such as \u201cclickers\u201d can be  ...", "url_pdf": null, "num_citations": 25, "cluster_id": "12476242273227586711", "year": "2012", "url_citations": "http://scholar.google.com/scholar?cites=12476242273227586711&as_sdt=2005&sciodt=1,5&hl=en"}]