[{"num_versions": 2, "url_citation": null, "title": "Deep learning for image classification", "url": "http://proceedings.spiedigitallibrary.org/proceeding.aspx?articleid=1882005", "url_versions": "http://scholar.google.com/scholar?cluster=14724714850827192875&hl=en&as_sdt=1,5&sciodt=1,5&as_vis=1", "authors": "R McCoppin, M Rizki - SPIE Defense+ Security", "excerpt": "abstract This paper provides an overview of deep learning and introduces the several subfields of deep learning including a specific tutorial of convolutional neural networks. Traditional methods for learning image features are compared to deep learning  ...", "url_pdf": null, "num_citations": 1, "cluster_id": "14724714850827192875", "year": "2014", "url_citations": "http://scholar.google.com/scholar?cites=14724714850827192875&as_sdt=2005&sciodt=1,5&hl=en"}, {"num_versions": 3, "url_citation": null, "title": "Deep self-taught learning for facial beauty prediction", "url": "http://www.sciencedirect.com/science/article/pii/S0925231214006468", "url_versions": "http://scholar.google.com/scholar?cluster=7765976782818192124&hl=en&as_sdt=1,5&sciodt=1,5&as_vis=1", "authors": "J Gan, L Li, Y Zhai, Y Liu - Neurocomputing", "excerpt": "Abstract Most modern research of facial beauty prediction focuses on geometric features by traditional machine learning methods. Geometric features may easily lose much feature information characterizing facial beauty, rely heavily on accurate manual landmark  ...", "url_pdf": null, "num_citations": 4, "cluster_id": "7765976782818192124", "year": "2014", "url_citations": "http://scholar.google.com/scholar?cites=7765976782818192124&as_sdt=2005&sciodt=1,5&hl=en"}, {"num_versions": 3, "url_citation": null, "title": "An Evolutionary Approximation to Contrastive Divergence in Convolutional Restricted Boltzmann Machines", "url": "http://scholar.google.com/https://etd.ohiolink.edu/%21etd.send_file?accession=wright1418750414&disposition=inline", "url_versions": "http://scholar.google.com/scholar?cluster=13945383762302296455&hl=en&as_sdt=1,5&sciodt=1,5&as_vis=1", "authors": "R MCCOPPIN -", "excerpt": "Deep learning is an emerging area in machine learning that exploits multi-layered neural networks to extract invariant relationships from large data sets. Deep learning uses layers of non-linear transformations to represent data in abstract and discrete forms. Several  ...", "url_pdf": null, "num_citations": 0, "cluster_id": null, "year": "2014", "url_citations": null}, {"num_versions": 10, "url_citation": null, "title": "Deep learners benefit more from out-of-distribution examples", "url": "http://machinelearning.wustl.edu/mlpapers/paper_files/AISTATS2011_BengioBBBBCCCEEGMLPRSS11.pdf", "url_versions": "http://scholar.google.com/scholar?cluster=10528790577331404144&hl=en&as_sdt=1,5&sciodt=1,5&as_vis=1", "authors": "Y Bengio, F Bastien, A Bergeron\u2026 - International  \u2026", "excerpt": "Abstract Recent theoretical and empirical work in statistical machine learning has demonstrated the potential of learning algorithms for deep architectures, ie, function classes obtained by composing multiple levels of representation. The hypothesis evaluated here  ...", "url_pdf": "http://machinelearning.wustl.edu/mlpapers/paper_files/AISTATS2011_BengioBBBBCCCEEGMLPRSS11.pdf", "num_citations": 18, "cluster_id": "10528790577331404144", "year": "2011", "url_citations": "http://scholar.google.com/scholar?cites=10528790577331404144&as_sdt=2005&sciodt=1,5&hl=en"}]