[{"num_versions": 8, "url_citation": null, "title": "Hierarchical face parsing via deep learning", "url": "http://ieeexplore.ieee.org/xpls/abs_all.jsp?arnumber=6247963", "url_versions": "http://scholar.google.com/scholar?cluster=4097536640488718528&hl=en&as_sdt=1,5&sciodt=1,5&as_vis=1", "authors": "P Luo, X Wang, X Tang - Computer Vision and Pattern  \u2026", "excerpt": "Abstract This paper investigates how to parse (segment) facial components from face images which may be partially occluded. We propose a novel face parser, which recasts segmentation of face components as a cross-modality data transformation problem, ie.,  ...", "url_pdf": null, "num_citations": 44, "cluster_id": "4097536640488718528", "year": "2012", "url_citations": "http://scholar.google.com/scholar?cites=4097536640488718528&as_sdt=2005&sciodt=1,5&hl=en"}, {"num_versions": 18, "url_citation": null, "title": "On the expressive power of deep architectures", "url": "http://link.springer.com/chapter/10.1007/978-3-642-24412-4_3", "url_versions": "http://scholar.google.com/scholar?cluster=3647764731908872051&hl=en&as_sdt=1,5&sciodt=1,5&as_vis=1", "authors": "Y Bengio, O Delalleau - Algorithmic Learning Theory", "excerpt": "Abstract Deep architectures are families of functions corresponding to deep circuits. Deep Learning algorithms are based on parametrizing such circuits and tuning their parameters so as to approximately optimize some training objective. Whereas it was thought too  ...", "url_pdf": null, "num_citations": 59, "cluster_id": "3647764731908872051", "year": "2011", "url_citations": "http://scholar.google.com/scholar?cites=3647764731908872051&as_sdt=2005&sciodt=1,5&hl=en"}, {"num_versions": 11, "url_citation": null, "title": "Learning invariant representations with local transformations", "url": "http://arxiv.org/abs/1206.6418", "url_versions": "http://scholar.google.com/scholar?cluster=991365748595873701&hl=en&as_sdt=1,5&sciodt=1,5&as_vis=1", "authors": "K Sohn, H Lee - arXiv preprint arXiv:1206.6418", "excerpt": "Abstract: Learning invariant representations is an important problem in machine learning and pattern recognition. In this paper, we present a novel framework of transformation-invariant feature learning by incorporating linear transformations into the feature learning  ...", "url_pdf": null, "num_citations": 30, "cluster_id": "991365748595873701", "year": "2012", "url_citations": "http://scholar.google.com/scholar?cites=991365748595873701&as_sdt=2005&sciodt=1,5&hl=en"}, {"num_versions": 10, "url_citation": null, "title": "Higher order contractive auto-encoder", "url": "http://link.springer.com/chapter/10.1007/978-3-642-23783-6_41", "url_versions": "http://scholar.google.com/scholar?cluster=993338279736361345&hl=en&as_sdt=1,5&sciodt=1,5&as_vis=1", "authors": "S Rifai, G Mesnil, P Vincent, X Muller, Y Bengio\u2026 - Machine Learning and  \u2026", "excerpt": "Abstract We propose a novel regularizer when training an auto-encoder for unsupervised feature extraction. We explicitly encourage the latent representation to contract the input space by regularizing the norm of the Jacobian (analytically) and the Hessian ( ...", "url_pdf": null, "num_citations": 49, "cluster_id": "993338279736361345", "year": "2011", "url_citations": "http://scholar.google.com/scholar?cites=993338279736361345&as_sdt=2005&sciodt=1,5&hl=en"}, {"num_versions": 4, "url_citation": null, "title": "Deep Learning of Representations.", "url": "http://link.springer.com/content/pdf/10.1007/978-3-642-36657-4.pdf#page=20", "url_versions": "http://scholar.google.com/scholar?cluster=8125598951146606660&hl=en&as_sdt=1,5&sciodt=1,5&as_vis=1", "authors": "Y Bengio, AC Courville - Handbook on Neural Information Processing", "excerpt": "Abstract. Unsupervised learning of representations has been found useful in many applications and benefits from several advantages, eg, where there are many unlabeled examples and few labeled ones (semi-supervised learning), or where the unlabeled or  ...", "url_pdf": null, "num_citations": 15, "cluster_id": "8125598951146606660", "year": "2013", "url_citations": "http://scholar.google.com/scholar?cites=8125598951146606660&as_sdt=2005&sciodt=1,5&hl=en"}, {"num_versions": 14, "url_citation": null, "title": "On autoencoder scoring", "url": "http://machinelearning.wustl.edu/mlpapers/papers/icml2013_kamyshanska13", "url_versions": "http://scholar.google.com/scholar?cluster=10730550008172319091&hl=en&as_sdt=1,5&sciodt=1,5&as_vis=1", "authors": "H Kamyshanska, R Memisevic - Proceedings of the  \u2026", "excerpt": "Abstract: Autoencoders are popular feature learning models because they are conceptually simple, easy to train and allow for efficient inference and training. Recent work has shown how certain autoencoders can assign an unnormalized``score''to data which measures  ...", "url_pdf": null, "num_citations": 16, "cluster_id": "10730550008172319091", "year": "2013", "url_citations": "http://scholar.google.com/scholar?cites=10730550008172319091&as_sdt=2005&sciodt=1,5&hl=en"}, {"num_versions": 12, "url_citation": null, "title": "Reading digits in natural images with unsupervised feature learning", "url": "http://research.google.com/pubs/archive/37648.pdf", "url_versions": "http://scholar.google.com/scholar?cluster=7762358874624651999&hl=en&as_sdt=1,5&sciodt=1,5&as_vis=1", "authors": "Y Netzer, T Wang, A Coates\u2026 - NIPS workshop on  \u2026", "excerpt": "Abstract Detecting and reading text from natural images is a hard computer vision task that is central to a variety of emerging applications. Related problems like document character recognition have been widely studied by computer vision and machine learning  ...", "url_pdf": "http://research.google.com/pubs/archive/37648.pdf", "num_citations": 98, "cluster_id": "7762358874624651999", "year": "2011", "url_citations": "http://scholar.google.com/scholar?cites=7762358874624651999&as_sdt=2005&sciodt=1,5&hl=en"}, {"num_versions": 8, "url_citation": null, "title": "Improving language-universal feature extraction with deep maxout and convolutional neural networks", "url": "http://repository.cmu.edu/lti/71/", "url_versions": "http://scholar.google.com/scholar?cluster=3875862629426352142&hl=en&as_sdt=1,5&sciodt=1,5&as_vis=1", "authors": "Y Miao, F Metze -", "excerpt": "Abstract When deployed in automated speech recognition (ASR), deep neural networks (DNNs) can be treated as a complex feature extractor plus a simple linear classifier. Previous work has investigated the utility of multilingual DNNs acting as language- ...", "url_pdf": null, "num_citations": 11, "cluster_id": "3875862629426352142", "year": "2014", "url_citations": "http://scholar.google.com/scholar?cites=3875862629426352142&as_sdt=2005&sciodt=1,5&hl=en"}, {"num_versions": 9, "url_citation": null, "title": "Learning invariant feature hierarchies", "url": "http://link.springer.com/chapter/10.1007/978-3-642-33863-2_51", "url_versions": "http://scholar.google.com/scholar?cluster=11772628482504608570&hl=en&as_sdt=1,5&sciodt=1,5&as_vis=1", "authors": "Y LeCun - Computer vision\u2013ECCV", "excerpt": "Abstract Fast visual recognition in the mammalian cortex seems to be a hierarchical process by which the representation of the visual world is transformed in multiple stages from low-level retinotopic features to high-level, global and invariant features, and to object  ...", "url_pdf": null, "num_citations": 34, "cluster_id": "11772628482504608570", "year": "2012", "url_citations": "http://scholar.google.com/scholar?cites=11772628482504608570&as_sdt=2005&sciodt=1,5&hl=en"}, {"num_versions": 5, "url_citation": null, "title": "Prediction as a candidate for learning deep hierarchical models of data", "url": "http://www2.imm.dtu.dk/pubdb/views/edoc_download.php/6284/pdf/imm6284.pdf", "url_versions": "http://scholar.google.com/scholar?cluster=15523961553761323777&hl=en&as_sdt=1,5&sciodt=1,5&as_vis=1", "authors": "RB Palm - Technical University of Denmark", "excerpt": "Abstract Recent findings [HOT06] have made possible the learning of deep layered hierarchical representations of data mimicking the brains working. It is hoped that this paradigm will unlock some of the power of the brain and lead to advances towards true AI.", "url_pdf": "http://www2.imm.dtu.dk/pubdb/views/edoc_download.php/6284/pdf/imm6284.pdf", "num_citations": 80, "cluster_id": "15523961553761323777", "year": "2012", "url_citations": "http://scholar.google.com/scholar?cites=15523961553761323777&as_sdt=2005&sciodt=1,5&hl=en"}, {"num_versions": 7, "url_citation": null, "title": "Improving neural networks with dropout", "url": "http://www.cs.toronto.edu/%7Enitish/msc_thesis.pdf", "url_versions": "http://scholar.google.com/scholar?cluster=1712352881354258034&hl=en&as_sdt=1,5&sciodt=1,5&as_vis=1", "authors": "N Srivastava -", "excerpt": "Neural networks are powerful computational models that are being used extensively for solving problems in vision, speech, natural language processing and many other areas. In spite of many successes, neural networks still suffer from a major weakness. The  ...", "url_pdf": "http://www.cs.toronto.edu/%7Enitish/msc_thesis.pdf", "num_citations": 42, "cluster_id": "1712352881354258034", "year": "2013", "url_citations": "http://scholar.google.com/scholar?cites=1712352881354258034&as_sdt=2005&sciodt=1,5&hl=en"}, {"num_versions": 6, "url_citation": null, "title": "Deep maxout networks for low-resource speech recognition", "url": "http://ieeexplore.ieee.org/xpls/abs_all.jsp?arnumber=6707763", "url_versions": "http://scholar.google.com/scholar?cluster=8695533712697007036&hl=en&as_sdt=1,5&sciodt=1,5&as_vis=1", "authors": "Y Miao, F Metze, S Rawat - Automatic Speech Recognition and  \u2026", "excerpt": "ABSTRACT As a feed-forward architecture, the recently proposed maxout networks integrate dropout naturally and show stateof-the-art results on various computer vision datasets. This paper investigates the application of deep maxout networks (DMNs) to large vocabulary  ...", "url_pdf": null, "num_citations": 39, "cluster_id": "8695533712697007036", "year": "2013", "url_citations": "http://scholar.google.com/scholar?cites=8695533712697007036&as_sdt=2005&sciodt=1,5&hl=en"}, {"num_versions": 16, "url_citation": null, "title": "High-level event recognition in unconstrained videos", "url": "http://link.springer.com/article/10.1007/s13735-012-0024-2", "url_versions": "http://scholar.google.com/scholar?cluster=17294848848237393145&hl=en&as_sdt=1,5&sciodt=1,5&as_vis=1", "authors": "YG Jiang, S Bhattacharya, SF Chang\u2026 - International Journal of  \u2026", "excerpt": "Abstract The goal of high-level event recognition is to automatically detect complex high-level events in a given video sequence. This is a difficult task especially when videos are captured under unconstrained conditions by non-professionals. Such videos depicting  ...", "url_pdf": null, "num_citations": 66, "cluster_id": "17294848848237393145", "year": "2013", "url_citations": "http://scholar.google.com/scholar?cites=17294848848237393145&as_sdt=2005&sciodt=1,5&hl=en"}, {"num_versions": 5, "url_citation": null, "title": "Learning a deep compact image representation for visual tracking", "url": "http://papers.nips.cc/paper/5192-learning-a-deep-compact-image-representation-for-visual-tracking", "url_versions": "http://scholar.google.com/scholar?cluster=9212000342249763588&hl=en&as_sdt=1,5&sciodt=1,5&as_vis=1", "authors": "N Wang, DY Yeung - Advances in Neural Information Processing  \u2026", "excerpt": "Abstract In this paper, we study the challenging problem of tracking the trajectory of a moving object in a video with possibly very complex background. In contrast to most existing trackers which only learn the appearance of the tracked object online, we take a different  ...", "url_pdf": null, "num_citations": 54, "cluster_id": "9212000342249763588", "year": "2013", "url_citations": "http://scholar.google.com/scholar?cites=9212000342249763588&as_sdt=2005&sciodt=1,5&hl=en"}, {"num_versions": 10, "url_citation": null, "title": "Do deep nets really need to be deep?", "url": "http://papers.nips.cc/paper/5484-do-deep-nets-really-need-to-be-deep", "url_versions": "http://scholar.google.com/scholar?cluster=207936000892324125&hl=en&as_sdt=1,5&sciodt=1,5&as_vis=1", "authors": "J Ba, R Caruana - Advances in Neural Information Processing  \u2026", "excerpt": "Abstract Currently, deep neural networks are the state of the art on problems such as speech recognition and computer vision. In this paper we empirically demonstrate that shallow feed-forward nets can learn the complex functions previously learned by deep nets and  ...", "url_pdf": null, "num_citations": 33, "cluster_id": "207936000892324125", "year": "2014", "url_citations": "http://scholar.google.com/scholar?cites=207936000892324125&as_sdt=2005&sciodt=1,5&hl=en"}, {"num_versions": 11, "url_citation": null, "title": "Dropout: A simple way to prevent neural networks from overfitting", "url": "http://dl.acm.org/citation.cfm?id=2670313", "url_versions": "http://scholar.google.com/scholar?cluster=17092600409158696067&hl=en&as_sdt=1,5&sciodt=1,5&as_vis=1", "authors": "N Srivastava, G Hinton, A Krizhevsky\u2026 - The Journal of Machine \u2026", "excerpt": "Abstract Deep neural nets with a large number of parameters are very powerful machine learning systems. However, overfitting is a serious problem in such networks. Large networks are also slow to use, making it difficult to deal with overfitting by combining the  ...", "url_pdf": null, "num_citations": 225, "cluster_id": "17092600409158696067", "year": "2014", "url_citations": "http://scholar.google.com/scholar?cites=17092600409158696067&as_sdt=2005&sciodt=1,5&hl=en"}, {"num_versions": 3, "url_citation": null, "title": "Speech enhancement based on deep denoising autoencoder.", "url": "http://www.citi.sinica.edu.tw/papers/yu.tsao/3582-F.pdf", "url_versions": "http://scholar.google.com/scholar?cluster=1398246085689749056&hl=en&as_sdt=1,5&sciodt=1,5&as_vis=1", "authors": "X Lu, Y Tsao, S Matsuda, C Hori - INTERSPEECH", "excerpt": "Abstract We previously have applied deep autoencoder (DAE) for noise reduction and speech enhancement. However, the DAE was trained using only clean speech. In this study, we further introduce an explicit denoising process in learning the DAE. In training the DAE ...", "url_pdf": "http://www.citi.sinica.edu.tw/papers/yu.tsao/3582-F.pdf", "num_citations": 32, "cluster_id": "1398246085689749056", "year": "2013", "url_citations": "http://scholar.google.com/scholar?cites=1398246085689749056&as_sdt=2005&sciodt=1,5&hl=en"}, {"num_versions": 7, "url_citation": null, "title": "Auto-encoding variational bayes", "url": "http://arxiv.org/abs/1312.6114", "url_versions": "http://scholar.google.com/scholar?cluster=10486756931164834716&hl=en&as_sdt=1,5&sciodt=1,5&as_vis=1", "authors": "DP Kingma, M Welling - arXiv preprint arXiv:1312.6114", "excerpt": "Abstract: How can we perform efficient inference and learning in directed probabilistic models, in the presence of continuous latent variables with intractable posterior distributions, and large datasets? We introduce a stochastic variational inference and learning  ...", "url_pdf": null, "num_citations": 92, "cluster_id": "10486756931164834716", "year": "2013", "url_citations": "http://scholar.google.com/scholar?cites=10486756931164834716&as_sdt=2005&sciodt=1,5&hl=en"}, {"num_versions": 5, "url_citation": null, "title": "Where do features come from?", "url": "http://onlinelibrary.wiley.com/doi/10.1111/cogs.12049/full", "url_versions": "http://scholar.google.com/scholar?cluster=1977854380276024110&hl=en&as_sdt=1,5&sciodt=1,5&as_vis=1", "authors": "G Hinton - Cognitive science", "excerpt": "Abstract It is possible to learn multiple layers of non-linear features by backpropagating error derivatives through a feedforward neural network. This is a very effective learning procedure when there is a huge amount of labeled training data, but for many learning tasks very few  ...", "url_pdf": null, "num_citations": 10, "cluster_id": "1977854380276024110", "year": "2014", "url_citations": "http://scholar.google.com/scholar?cites=1977854380276024110&as_sdt=2005&sciodt=1,5&hl=en"}, {"num_versions": 6, "url_citation": null, "title": "Modular combination of deep neural networks for acoustic modeling.", "url": "http://www.cs.cmu.edu/%7Eymiao/pub/modular_is13.pdf", "url_versions": "http://scholar.google.com/scholar?cluster=17206990506388246472&hl=en&as_sdt=1,5&sciodt=1,5&as_vis=1", "authors": "J Gehring, W Lee, K Kilgour, IR Lane, Y Miao\u2026 -  \u2026", "excerpt": "Abstract In this work, we propose a modular combination of two popular applications of neural networks to large-vocabulary continuous speech recognition. First, a deep neural network is trained to extract bottleneck features from frames of mel scale filterbank  ...", "url_pdf": "http://www.cs.cmu.edu/%7Eymiao/pub/modular_is13.pdf", "num_citations": 20, "cluster_id": "17206990506388246472", "year": "2013", "url_citations": "http://scholar.google.com/scholar?cites=17206990506388246472&as_sdt=2005&sciodt=1,5&hl=en"}, {"num_versions": 18, "url_citation": null, "title": "Unsupervised and Transfer Learning Challenge: a Deep Learning Approach.", "url": "http://ww.mtome.com/Publications/CiML/CiML-v7-book.pdf#page=119", "url_versions": "http://scholar.google.com/scholar?cluster=14743693950972708352&hl=en&as_sdt=1,5&sciodt=1,5&as_vis=1", "authors": "G Mesnil, Y Dauphin, X Glorot, S Rifai\u2026 - ICML Unsupervised  \u2026", "excerpt": "Abstract Learning good representations from a large set of unlabeled data is a particularly challenging task. Recent work (see Bengio (2009) for a review) shows that training deep architectures is a good way to extract such representations, by extracting and  ...", "url_pdf": null, "num_citations": 46, "cluster_id": "14743693950972708352", "year": "2012", "url_citations": "http://scholar.google.com/scholar?cites=14743693950972708352&as_sdt=2005&sciodt=1,5&hl=en"}, {"num_versions": 9, "url_citation": null, "title": "Learning Entity Representation for Entity Disambiguation.", "url": "http://www.aclweb.org/website/old_anthology/P/P13/P13-2.pdf#page=78", "url_versions": "http://scholar.google.com/scholar?cluster=15768302156641071325&hl=en&as_sdt=1,5&sciodt=1,5&as_vis=1", "authors": "Z He, S Liu, M Li, M Zhou, L Zhang, H Wang - ACL (2)", "excerpt": "Abstract We propose a novel entity disambiguation model, based on Deep Neural Network (DNN). Instead of utilizing simple similarity measures and their disjoint combinations, our method directly optimizes document and entity representations for a given similarity  ...", "url_pdf": null, "num_citations": 21, "cluster_id": "15768302156641071325", "year": "2013", "url_citations": "http://scholar.google.com/scholar?cites=15768302156641071325&as_sdt=2005&sciodt=1,5&hl=en"}, {"num_versions": 7, "url_citation": null, "title": "Models of tone for tonal and non-tonal languages", "url": "http://ieeexplore.ieee.org/xpls/abs_all.jsp?arnumber=6707740", "url_versions": "http://scholar.google.com/scholar?cluster=12879324151605564844&hl=en&as_sdt=1,5&sciodt=1,5&as_vis=1", "authors": "F Metze, Z Sheikh, A Waibel, J Gehring\u2026 - \u2026  (ASRU)", "excerpt": "ABSTRACT Conventional wisdom in automatic speech recognition asserts that pitch information is not helpful in building speech recognizers for non-tonal languages and contributes only modestly to performance in speech recognizers for tonal languages. To  ...", "url_pdf": null, "num_citations": 18, "cluster_id": "12879324151605564844", "year": "2013", "url_citations": "http://scholar.google.com/scholar?cites=12879324151605564844&as_sdt=2005&sciodt=1,5&hl=en"}, {"num_versions": 10, "url_citation": null, "title": "Image denoising and inpainting with deep neural networks", "url": "http://papers.nips.cc/paper/4686-image-denoising-and-inpainting-with-deep-neural-networks", "url_versions": "http://scholar.google.com/scholar?cluster=6118112247085297920&hl=en&as_sdt=1,5&sciodt=1,5&as_vis=1", "authors": "J Xie, L Xu, E Chen - Advances in Neural Information Processing  \u2026", "excerpt": "Abstract We present a novel approach to low-level vision problems that combines sparse coding and deep networks pre-trained with denoising auto-encoder (DA). We propose an alternative training scheme that successfully adapts DA, originally designed for  ...", "url_pdf": null, "num_citations": 48, "cluster_id": "6118112247085297920", "year": "2012", "url_citations": "http://scholar.google.com/scholar?cites=6118112247085297920&as_sdt=2005&sciodt=1,5&hl=en"}, {"num_versions": 7, "url_citation": null, "title": "An overview of deep-structured learning for information processing", "url": "http://131.107.65.14/pubs/155609/DENG-APSIPA.pdf", "url_versions": "http://scholar.google.com/scholar?cluster=1255369059227179273&hl=en&as_sdt=1,5&sciodt=1,5&as_vis=1", "authors": "L Deng - Proceedings of Asian-Pacific Signal & Information  \u2026", "excerpt": "Abstract\u2014In this paper, I will introduce to the APSIPA audience an emerging area of machine learning, deep-structured learning. It refers to a class of machine learning techniques, developed mostly since 2006, where many layers of information processing  ...", "url_pdf": "http://131.107.65.14/pubs/155609/DENG-APSIPA.pdf", "num_citations": 22, "cluster_id": "1255369059227179273", "year": "2011", "url_citations": "http://scholar.google.com/scholar?cites=1255369059227179273&as_sdt=2005&sciodt=1,5&hl=en"}, {"num_versions": 3, "url_citation": null, "title": "A tutorial survey of architectures, algorithms, and applications for deep learning", "url": "http://journals.cambridge.org/abstract_S2048770313000097", "url_versions": "http://scholar.google.com/scholar?cluster=4381743472348703222&hl=en&as_sdt=1,5&sciodt=1,5&as_vis=1", "authors": "L Deng - APSIPA Transactions on Signal and Information  \u2026", "excerpt": "Abstract In this invited paper, my overview material on the same topic as presented in the plenary overview session of APSIPA-2011 and the tutorial material presented in the same conference [1] are expanded and updated to include more recent developments in deep  ...", "url_pdf": null, "num_citations": 18, "cluster_id": "4381743472348703222", "year": "2014", "url_citations": "http://scholar.google.com/scholar?cites=4381743472348703222&as_sdt=2005&sciodt=1,5&hl=en"}, {"num_versions": 4, "url_citation": null, "title": "Adaptive dropout for training deep neural networks", "url": "http://papers.nips.cc/paper/5032-ada", "url_versions": "http://scholar.google.com/scholar?cluster=6403270944757391450&hl=en&as_sdt=1,5&sciodt=1,5&as_vis=1", "authors": "J Ba, B Frey - Advances in Neural Information Processing Systems", "excerpt": "Abstract Recently, it was shown that by dropping out hidden activities with a probability of 0.5, deep neural networks can perform very well. We describe a model in which a binary belief network is overlaid on a neural network and is used to decrease the information  ...", "url_pdf": null, "num_citations": 24, "cluster_id": "6403270944757391450", "year": "2013", "url_citations": "http://scholar.google.com/scholar?cites=6403270944757391450&as_sdt=2005&sciodt=1,5&hl=en"}, {"num_versions": 13, "url_citation": null, "title": "A machine learning approach for non-blind image deconvolution", "url": "http://ieeexplore.ieee.org/xpls/abs_all.jsp?arnumber=6618986", "url_versions": "http://scholar.google.com/scholar?cluster=5588202582794678724&hl=en&as_sdt=1,5&sciodt=1,5&as_vis=1", "authors": "CJ Schuler, HC Burger, S Harmeling\u2026 - Computer Vision and  \u2026", "excerpt": "Abstract Image deconvolution is the ill-posed problem of recovering a sharp image, given a blurry one generated by a convolution. In this work, we deal with space-invariant nonblind deconvolution. Currently, the most successful methods involve a regularized inversion of  ...", "url_pdf": null, "num_citations": 17, "cluster_id": "5588202582794678724", "year": "2013", "url_citations": "http://scholar.google.com/scholar?cites=5588202582794678724&as_sdt=2005&sciodt=1,5&hl=en"}, {"num_versions": 5, "url_citation": null, "title": "Online multimodal deep similarity learning with application to image retrieval", "url": "http://dl.acm.org/citation.cfm?id=2502112", "url_versions": "http://scholar.google.com/scholar?cluster=1383339068171687937&hl=en&as_sdt=1,5&sciodt=1,5&as_vis=1", "authors": "P Wu, SCH Hoi, H Xia, P Zhao, D Wang\u2026 - Proceedings of the 21st  \u2026", "excerpt": "Abstract Recent years have witnessed extensive studies on distance metric learning (DML) for improving similarity search in multimedia information retrieval tasks. Despite their successes, most existing DML methods suffer from two critical limitations:(i) they typically  ...", "url_pdf": null, "num_citations": 26, "cluster_id": "1383339068171687937", "year": "2013", "url_citations": "http://scholar.google.com/scholar?cites=1383339068171687937&as_sdt=2005&sciodt=1,5&hl=en"}, {"num_versions": 6, "url_citation": null, "title": "A deep sum-product architecture for robust facial attributes analysis", "url": "http://ieeexplore.ieee.org/xpls/abs_all.jsp?arnumber=6751467", "url_versions": "http://scholar.google.com/scholar?cluster=13696004000089280460&hl=en&as_sdt=1,5&sciodt=1,5&as_vis=1", "authors": "P Luo, X Wang, X Tang - Computer Vision (ICCV)", "excerpt": "Abstract Recent works have shown that facial attributes are useful in a number of applications such as face recognition and retrieval. However, estimating attributes in images with large variations remains a big challenge. This challenge is addressed in this paper.  ...", "url_pdf": null, "num_citations": 19, "cluster_id": "13696004000089280460", "year": "2013", "url_citations": "http://scholar.google.com/scholar?cites=13696004000089280460&as_sdt=2005&sciodt=1,5&hl=en"}, {"num_versions": 12, "url_citation": null, "title": "A two-stage pretraining algorithm for deep boltzmann machines", "url": "http://link.springer.com/chapter/10.1007/978-3-642-40728-4_14", "url_versions": "http://scholar.google.com/scholar?cluster=972406428643825884&hl=en&as_sdt=1,5&sciodt=1,5&as_vis=1", "authors": "KH Cho, T Raiko, A Ilin, J Karhunen - Artificial Neural Networks and  \u2026", "excerpt": "Abstract A deep Boltzmann machine (DBM) is a recently introduced Markov random field model that has multiple layers of hidden units. It has been shown empirically that it is difficult to train a DBM with approximate maximum-likelihood learning using the stochastic  ...", "url_pdf": null, "num_citations": 9, "cluster_id": "972406428643825884", "year": "2013", "url_citations": "http://scholar.google.com/scholar?cites=972406428643825884&as_sdt=2005&sciodt=1,5&hl=en"}, {"num_versions": 5, "url_citation": null, "title": "Stochastic backpropagation and approximate inference in deep generative models", "url": "http://arxiv.org/abs/1401.4082", "url_versions": "http://scholar.google.com/scholar?cluster=16288343975294201511&hl=en&as_sdt=1,5&sciodt=1,5&as_vis=1", "authors": "DJ Rezende, S Mohamed, D Wierstra - arXiv preprint arXiv:1401.4082", "excerpt": "Abstract: We marry ideas from deep neural networks and approximate Bayesian inference to derive a generalised class of deep, directed generative models, endowed with a new algorithm for scalable inference and learning. Our algorithm introduces a recognition  ...", "url_pdf": null, "num_citations": 65, "cluster_id": "16288343975294201511", "year": "2014", "url_citations": "http://scholar.google.com/scholar?cites=16288343975294201511&as_sdt=2005&sciodt=1,5&hl=en"}, {"num_versions": 5, "url_citation": null, "title": "Deep learning for signal and information processing", "url": "http://cs.tju.edu.cn/web/docs/2013-Deep%20Learning%20for%20Signal%20and%20Information%20Processing.pdf", "url_versions": "http://scholar.google.com/scholar?cluster=7346768574939973182&hl=en&as_sdt=1,5&sciodt=1,5&as_vis=1", "authors": "L Deng, D Yu - Microsoft Research Monograph", "excerpt": "ABSTRACT This short monograph contains the material expanded from two tutorials that the authors gave, one at APSIPA in October 2011 and the other at ICASSP in March 2012. Substantial updates have been made based on the literature up to March, 2013, covering  ...", "url_pdf": "http://cs.tju.edu.cn/web/docs/2013-Deep%20Learning%20for%20Signal%20and%20Information%20Processing.pdf", "num_citations": 9, "cluster_id": "7346768574939973182", "year": "2013", "url_citations": "http://scholar.google.com/scholar?cites=7346768574939973182&as_sdt=2005&sciodt=1,5&hl=en"}, {"num_versions": 6, "url_citation": null, "title": "Improving low-resource CD-DNN-HMM using dropout and multilingual DNN training", "url": "http://repository.cmu.edu/lti/99/", "url_versions": "http://scholar.google.com/scholar?cluster=12569312866898395760&hl=en&as_sdt=1,5&sciodt=1,5&as_vis=1", "authors": "Y Miao, F Metze -", "excerpt": "Abstract We investigate two strategies to improve the context-dependent deep neural network hidden Markov model (CD-DNN-HMM) in low-resource speech recognition. Although outperforming the conventional Gaussian mixture model (GMM) HMM on various  ...", "url_pdf": null, "num_citations": 29, "cluster_id": "12569312866898395760", "year": "2013", "url_citations": "http://scholar.google.com/scholar?cites=12569312866898395760&as_sdt=2005&sciodt=1,5&hl=en"}, {"num_versions": 3, "url_citation": null, "title": "Reverberant speech recognition based on denoising autoencoder.", "url": "http://scholar.google.com/https://wiki.inf.ed.ac.uk/twiki/pub/CSTR/ListenSemester1201314/IS130923.PDF", "url_versions": "http://scholar.google.com/scholar?cluster=13528925652603384783&hl=en&as_sdt=1,5&sciodt=1,5&as_vis=1", "authors": "T Ishii, H Komiyama, T Shinozaki, Y Horiuchi\u2026 -  \u2026", "excerpt": "Abstract Denoising autoencoder is applied to reverberant speech recognition as a noise robust front-end to reconstruct clean speech spectrum from noisy input. In order to capture context effects of speech sounds, a window of multiple short-windowed spectral frames  ...", "url_pdf": null, "num_citations": 20, "cluster_id": "13528925652603384783", "year": "2013", "url_citations": "http://scholar.google.com/scholar?cites=13528925652603384783&as_sdt=2005&sciodt=1,5&hl=en"}, {"num_versions": 3, "url_citation": null, "title": "Knowledge matters: Importance of prior information for optimization", "url": "http://arxiv.org/abs/1301.4083", "url_versions": "http://scholar.google.com/scholar?cluster=16555444433184520296&hl=en&as_sdt=1,5&sciodt=1,5&as_vis=1", "authors": "\u00c7 G\u00fcl\u00e7ehre, Y Bengio - arXiv preprint arXiv:1301.4083", "excerpt": "Abstract: We explore the effect of introducing prior information into the intermediate level of neural networks for a learning task on which all the state-of-the-art machine learning algorithms tested failed to learn. We motivate our work from the hypothesis that humans  ...", "url_pdf": null, "num_citations": 19, "cluster_id": "16555444433184520296", "year": "2013", "url_citations": "http://scholar.google.com/scholar?cites=16555444433184520296&as_sdt=2005&sciodt=1,5&hl=en"}, {"num_versions": 33, "url_citation": null, "title": "Representation learning: A review and new perspectives", "url": "http://ieeexplore.ieee.org/xpls/abs_all.jsp?arnumber=6472238", "url_versions": "http://scholar.google.com/scholar?cluster=559463397382443088&hl=en&as_sdt=1,5&sciodt=1,5&as_vis=1", "authors": "Y Bengio, A Courville, P Vincent - Pattern Analysis and  \u2026", "excerpt": "Abstract\u2014The success of machine learning algorithms generally depends on data representation, and we hypothesize that this is because different representations can entangle and hide more or less the different explanatory factors of variation behind the  ...", "url_pdf": null, "num_citations": 685, "cluster_id": "559463397382443088", "year": "2013", "url_citations": "http://scholar.google.com/scholar?cites=559463397382443088&as_sdt=2005&sciodt=1,5&hl=en"}, {"num_versions": 11, "url_citation": null, "title": "Gradient-based learning of higher-order image features", "url": "http://ieeexplore.ieee.org/xpls/abs_all.jsp?arnumber=6126419", "url_versions": "http://scholar.google.com/scholar?cluster=4064840541123878370&hl=en&as_sdt=1,5&sciodt=1,5&as_vis=1", "authors": "R Memisevic - \u2026  (ICCV)", "excerpt": "Abstract Recent work on unsupervised feature learning has shown that learning on polynomial expansions of input patches, such as on pair-wise products of pixel intensities, can improve the performance of feature learners and extend their applicability to spatio- ...", "url_pdf": null, "num_citations": 32, "cluster_id": "4064840541123878370", "year": "2011", "url_citations": "http://scholar.google.com/scholar?cites=4064840541123878370&as_sdt=2005&sciodt=1,5&hl=en"}, {"num_versions": 9, "url_citation": null, "title": "The manifold tangent classifier", "url": "http://machinelearning.wustl.edu/mlpapers/paper_files/NIPS2011_1240.pdf", "url_versions": "http://scholar.google.com/scholar?cluster=8931227741868367171&hl=en&as_sdt=1,5&sciodt=1,5&as_vis=1", "authors": "S Rifai, YN Dauphin, P Vincent\u2026 - Advances in  \u2026", "excerpt": "Abstract We combine three important ideas present in previous work for building classifiers: the semi-supervised hypothesis (the input distribution contains information about the classifier), the unsupervised manifold hypothesis (data density concentrates near low- ...", "url_pdf": "http://machinelearning.wustl.edu/mlpapers/paper_files/NIPS2011_1240.pdf", "num_citations": 66, "cluster_id": "8931227741868367171", "year": "2011", "url_citations": "http://scholar.google.com/scholar?cites=8931227741868367171&as_sdt=2005&sciodt=1,5&hl=en"}, {"num_versions": 7, "url_citation": null, "title": "Pedestrian parsing via deep decompositional network", "url": "http://ieeexplore.ieee.org/xpls/abs_all.jsp?arnumber=6751440", "url_versions": "http://scholar.google.com/scholar?cluster=394128052107362798&hl=en&as_sdt=1,5&sciodt=1,5&as_vis=1", "authors": "P Luo, X Wang, X Tang - Computer Vision (ICCV)", "excerpt": "Abstract We propose a new Deep Decompositional Network (DDN) for parsing pedestrian images into semantic regions, such as hair, head, body, arms, and legs, where the pedestrians can be heavily occluded. Unlike existing methods based on template  ...", "url_pdf": null, "num_citations": 22, "cluster_id": "394128052107362798", "year": "2013", "url_citations": "http://scholar.google.com/scholar?cites=394128052107362798&as_sdt=2005&sciodt=1,5&hl=en"}, {"num_versions": 2, "url_citation": null, "title": "Kaldi+ PDNN: building DNN-based ASR systems with Kaldi and PDNN", "url": "http://arxiv.org/abs/1401.6984", "url_versions": "http://scholar.google.com/scholar?cluster=14587017885739227029&hl=en&as_sdt=1,5&sciodt=1,5&as_vis=1", "authors": "Y Miao - arXiv preprint arXiv:1401.6984", "excerpt": "Abstract: The Kaldi toolkit is becoming popular for constructing automated speech recognition (ASR) systems. Meanwhile, in recent years, deep neural networks (DNNs) have shown state-of-the-art performance on various ASR tasks. This document describes our  ...", "url_pdf": null, "num_citations": 18, "cluster_id": "14587017885739227029", "year": "2014", "url_citations": "http://scholar.google.com/scholar?cites=14587017885739227029&as_sdt=2005&sciodt=1,5&hl=en"}, {"num_versions": 10, "url_citation": null, "title": "An efficient approach for assessing hyperparameter importance", "url": "http://machinelearning.wustl.edu/mlpapers/papers/icml2014c1_hutter14", "url_versions": "http://scholar.google.com/scholar?cluster=2341371337005807501&hl=en&as_sdt=1,5&sciodt=1,5&as_vis=1", "authors": "F Hutter, H Hoos\u2026 - Proceedings of the  \u2026", "excerpt": "Abstract: The performance of many machine learning methods depends critically on hyperparameter settings. Sophisticated Bayesian optimization methods have recently achieved considerable successes in optimizing these hyperparameters, in several cases  ...", "url_pdf": null, "num_citations": 16, "cluster_id": "2341371337005807501", "year": "2014", "url_citations": "http://scholar.google.com/scholar?cites=2341371337005807501&as_sdt=2005&sciodt=1,5&hl=en"}, {"num_versions": 5, "url_citation": null, "title": "Improved preconditioner for hessian free optimization", "url": "http://www.chapelle.cc/olivier/pub/precond.pdf", "url_versions": "http://scholar.google.com/scholar?cluster=4369584637674824037&hl=en&as_sdt=1,5&sciodt=1,5&as_vis=1", "authors": "O Chapelle, D Erhan - NIPS Workshop on Deep Learning and  \u2026", "excerpt": "Abstract We investigate the use of Hessian Free optimization for learning deep autoencoders. One of the critical components in that algorithm is the choice of the preconditioner. We argue in this paper that the Jacobi preconditioner leads to faster  ...", "url_pdf": "http://www.chapelle.cc/olivier/pub/precond.pdf", "num_citations": 15, "cluster_id": "4369584637674824037", "year": "2011", "url_citations": "http://scholar.google.com/scholar?cites=4369584637674824037&as_sdt=2005&sciodt=1,5&hl=en"}, {"num_versions": 6, "url_citation": null, "title": "Practical recommendations for gradient-based training of deep architectures", "url": "http://link.springer.com/chapter/10.1007/978-3-642-35289-8_26", "url_versions": "http://scholar.google.com/scholar?cluster=13214514639523956782&hl=en&as_sdt=1,5&sciodt=1,5&as_vis=1", "authors": "Y Bengio - Neural Networks: Tricks of the Trade", "excerpt": "Abstract Learning algorithms related to artificial neural networks and in particular for Deep Learning may seem to involve many bells and whistles, called hyper-parameters. This chapter is meant as a practical guide with recommendations for some of the most  ...", "url_pdf": null, "num_citations": 91, "cluster_id": "13214514639523956782", "year": "2012", "url_citations": "http://scholar.google.com/scholar?cites=13214514639523956782&as_sdt=2005&sciodt=1,5&hl=en"}, {"num_versions": 14, "url_citation": null, "title": "Algorithms for hyper-parameter optimization", "url": "http://papers.nips.cc/paper/4443-algorithms-for-hyper-parameter-optimization", "url_versions": "http://scholar.google.com/scholar?cluster=2237556841915885113&hl=en&as_sdt=1,5&sciodt=1,5&as_vis=1", "authors": "JS Bergstra, R Bardenet, Y Bengio\u2026 - Advances in Neural  \u2026", "excerpt": "Abstract Several recent advances to the state of the art in image classification benchmarks have come from better configurations of existing techniques rather than novel approaches to feature learning. Traditionally, hyper-parameter optimization has been the job of humans  ...", "url_pdf": null, "num_citations": 133, "cluster_id": "2237556841915885113", "year": "2011", "url_citations": "http://scholar.google.com/scholar?cites=2237556841915885113&as_sdt=2005&sciodt=1,5&hl=en"}, {"num_versions": 27, "url_citation": null, "title": "Deep neural networks for acoustic modeling in speech recognition: The shared views of four research groups", "url": "http://ieeexplore.ieee.org/xpls/abs_all.jsp?arnumber=6296526", "url_versions": "http://scholar.google.com/scholar?cluster=3674494786452480182&hl=en&as_sdt=1,5&sciodt=1,5&as_vis=1", "authors": "G Hinton, L Deng, D Yu, GE Dahl\u2026 - Signal Processing  \u2026", "excerpt": "Gaussian mixture models (GMMs) to determine how well each state of each HMM fits a frame or a short window of frames of coefficients that represents the acoustic input. An alternative way to evaluate the fit is to use a feed-forward neural network that takes  ...", "url_pdf": null, "num_citations": 1010, "cluster_id": "3674494786452480182", "year": "2012", "url_citations": "http://scholar.google.com/scholar?cites=3674494786452480182&as_sdt=2005&sciodt=1,5&hl=en"}, {"num_versions": 16, "url_citation": null, "title": "Gated autoencoders with tied input weights", "url": "http://scholar.google.com/https://hal.archives-ouvertes.fr/hal-00817035/", "url_versions": "http://scholar.google.com/scholar?cluster=5104845952895271612&hl=en&as_sdt=1,5&sciodt=1,5&as_vis=1", "authors": "A Droniou, O Sigaud - International Conference on  \u2026", "excerpt": "The semantic interpretation of images is one of the core applications of deep learning. Several techniques have been recently proposed to model the relation between two images, with application to pose estimation, action recognition or invariant object recognition.  ...", "url_pdf": null, "num_citations": 9, "cluster_id": "5104845952895271612", "year": "2013", "url_citations": "http://scholar.google.com/scholar?cites=5104845952895271612&as_sdt=2005&sciodt=1,5&hl=en"}, {"num_versions": 14, "url_citation": null, "title": "A connection between score matching and denoising autoencoders", "url": "http://www.mitpressjournals.org/doi/abs/10.1162/neco_a_00142", "url_versions": "http://scholar.google.com/scholar?cluster=11530775616703258262&hl=en&as_sdt=1,5&sciodt=1,5&as_vis=1", "authors": "P Vincent - Neural computation", "excerpt": "Denoising autoencoders have been previously shown to be competitive alternatives to restricted Boltzmann machines for unsupervised pretraining of each layer of a deep architecture. We show that a simple denoising autoencoder training criterion is equivalent  ...", "url_pdf": null, "num_citations": 57, "cluster_id": "11530775616703258262", "year": "2011", "url_citations": "http://scholar.google.com/scholar?cites=11530775616703258262&as_sdt=2005&sciodt=1,5&hl=en"}, {"num_versions": 18, "url_citation": null, "title": "Augmented attribute representations", "url": "http://link.springer.com/chapter/10.1007/978-3-642-33715-4_18", "url_versions": "http://scholar.google.com/scholar?cluster=9407131780706326173&hl=en&as_sdt=1,5&sciodt=1,5&as_vis=1", "authors": "V Sharmanska, N Quadrianto, CH Lampert - Computer Vision\u2013ECCV", "excerpt": "Abstract We propose a new learning method to infer a mid-level feature representation that combines the advantage of semantic attribute representations with the higher expressive power of non-semantic features. The idea lies in augmenting an existing attribute-based  ...", "url_pdf": null, "num_citations": 36, "cluster_id": "9407131780706326173", "year": "2012", "url_citations": "http://scholar.google.com/scholar?cites=9407131780706326173&as_sdt=2005&sciodt=1,5&hl=en"}, {"num_versions": 3, "url_citation": null, "title": "Speech enhancement with weighted denoising auto-encoder.", "url": "http://lpp.ilpga.fr/PDF/IS130166/IS130166.PDF", "url_versions": "http://scholar.google.com/scholar?cluster=7196478311372331972&hl=en&as_sdt=1,5&sciodt=1,5&as_vis=1", "authors": "B Xia, C Bao - INTERSPEECH", "excerpt": "Abstract A novel speech enhancement method with Weighted Denoising Auto-encoder (WDA) is proposed in this paper. A weighted reconstruction loss function is introduced to the conventional Denoising Auto-encoder (DA), and makes it suitable for the task of speech  ...", "url_pdf": null, "num_citations": 9, "cluster_id": "7196478311372331972", "year": "2013", "url_citations": "http://scholar.google.com/scholar?cites=7196478311372331972&as_sdt=2005&sciodt=1,5&hl=en"}]