[{"num_versions": 6, "url_citation": null, "title": "A 240 g-ops/s mobile coprocessor for deep neural networks", "url": "http://ieeexplore.ieee.org/xpls/abs_all.jsp?arnumber=6910056", "url_versions": "http://scholar.google.com/scholar?cluster=14257947925461129718&hl=en&as_sdt=1,5&sciodt=1,5&as_vis=1", "authors": "V Gokhale, J Jin, A Dundar, B Martini\u2026 - Computer Vision and  \u2026", "excerpt": "Abstract\u2014Deep networks are state-of-the-art models used for understanding the content of images, videos, audio and raw input data. Current computing systems are not able to run deep network models in real-time with low power consumption. In this paper we present  ...", "url_pdf": null, "num_citations": 12, "cluster_id": "14257947925461129718", "year": "2014", "url_citations": "http://scholar.google.com/scholar?cites=14257947925461129718&as_sdt=2005&sciodt=1,5&hl=en"}, {"num_versions": 2, "url_citation": null, "title": "A SVM based off-line handwritten digit recognizer", "url": "http://ieeexplore.ieee.org/xpls/abs_all.jsp?arnumber=6083734", "url_versions": "http://scholar.google.com/scholar?cluster=636686831903787194&hl=en&as_sdt=1,5&sciodt=1,5&as_vis=1", "authors": "RFP Neves, NG Alberto Filho\u2026 - Systems, Man, and  \u2026", "excerpt": "Abstract\u2014This paper presents an efficient method for handwritten digit recognition. The proposed method makes use of Support Vector Machines (SVM), benefitting from its generalization power. The method presents improved recognition rates when compared to  ...", "url_pdf": null, "num_citations": 15, "cluster_id": "636686831903787194", "year": "2011", "url_citations": "http://scholar.google.com/scholar?cites=636686831903787194&as_sdt=2005&sciodt=1,5&hl=en"}, {"num_versions": 11, "url_citation": null, "title": "Hep-2 staining pattern classification", "url": "http://ieeexplore.ieee.org/xpls/abs_all.jsp?arnumber=6460065", "url_versions": "http://scholar.google.com/scholar?cluster=13204012089529790470&hl=en&as_sdt=1,5&sciodt=1,5&as_vis=1", "authors": "P Strandmark, J Ul\u00e9n, F Kahl - Pattern Recognition (ICPR),  \u2026", "excerpt": "Abstract Classifying images of HEp-2 cells from indirect immunofluorescence has important clinical applications. We have developed an automatic method based on random forests that classifies an HEp-2 cell image into one of six classes. The method is applied to the data  ...", "url_pdf": null, "num_citations": 34, "cluster_id": "13204012089529790470", "year": "2012", "url_citations": "http://scholar.google.com/scholar?cites=13204012089529790470&as_sdt=2005&sciodt=1,5&hl=en"}, {"num_versions": 4, "url_citation": null, "title": "Simulation of a memristor-based spiking neural network immune to device variations", "url": "http://ieeexplore.ieee.org/xpls/abs_all.jsp?arnumber=6033439", "url_versions": "http://scholar.google.com/scholar?cluster=5853027877859315673&hl=en&as_sdt=1,5&sciodt=1,5&as_vis=1", "authors": "D Querlioz, O Bichler, C Gamrat - Neural Networks (IJCNN),  \u2026", "excerpt": "Abstract\u2014We propose a design methodology to exploit adaptive nanodevices (memristors), virtually immune to their variability. Memristors are used as synapses in a spiking neural network performing unsupervised learning. The memristors learn through an adaptation of  ...", "url_pdf": null, "num_citations": 70, "cluster_id": "5853027877859315673", "year": "2011", "url_citations": "http://scholar.google.com/scholar?cites=5853027877859315673&as_sdt=2005&sciodt=1,5&hl=en"}, {"num_versions": 8, "url_citation": null, "title": "Handwritten digit recognition with a committee of deep neural nets on gpus", "url": "http://arxiv.org/abs/1103.4487", "url_versions": "http://scholar.google.com/scholar?cluster=10488943490483297354&hl=en&as_sdt=1,5&sciodt=1,5&as_vis=1", "authors": "DC Cire\u015fan, U Meier, LM Gambardella\u2026 - arXiv preprint arXiv: \u2026", "excerpt": "Abstract: The competitive MNIST handwritten digit recognition benchmark has a long history of broken records since 1998. The most recent substantial improvement by others dates back 7 years (error rate 0.4%). Recently we were able to significantly improve this result,  ...", "url_pdf": null, "num_citations": 15, "cluster_id": "10488943490483297354", "year": "2011", "url_citations": "http://scholar.google.com/scholar?cites=10488943490483297354&as_sdt=2005&sciodt=1,5&hl=en"}, {"num_versions": 14, "url_citation": null, "title": "Real-time classification and sensor fusion with a spiking deep belief network", "url": "http://www.ncbi.nlm.nih.gov/pmc/articles/PMC3792559/", "url_versions": "http://scholar.google.com/scholar?cluster=7776536154562292662&hl=en&as_sdt=1,5&sciodt=1,5&as_vis=1", "authors": "P O'Connor, D Neil, SC Liu, T Delbruck\u2026 - Frontiers in  \u2026", "excerpt": "Abstract Deep Belief Networks (DBNs) have recently shown impressive performance on a broad range of classification problems. Their generative properties allow better understanding of the performance, and provide a simpler solution for sensor fusion tasks.  ...", "url_pdf": null, "num_citations": 41, "cluster_id": "7776536154562292662", "year": "2013", "url_citations": "http://scholar.google.com/scholar?cites=7776536154562292662&as_sdt=2005&sciodt=1,5&hl=en"}, {"num_versions": 7, "url_citation": null, "title": "Automatic language identification using deep neural networks", "url": "http://ieeexplore.ieee.org/xpls/abs_all.jsp?arnumber=6854622", "url_versions": "http://scholar.google.com/scholar?cluster=14559110042981765647&hl=en&as_sdt=1,5&sciodt=1,5&as_vis=1", "authors": "I Lopez-Moreno, J Gonzalez-Dominguez\u2026 - \u2026 , Speech and Signal  \u2026", "excerpt": "ABSTRACT This work studies the use of deep neural networks (DNNs) to address automatic language identification (LID). Motivated by their recent success in acoustic modelling, we adapt DNNs to the problem of identifying the language of a given spoken utterance from  ...", "url_pdf": null, "num_citations": 20, "cluster_id": "14559110042981765647", "year": "2014", "url_citations": "http://scholar.google.com/scholar?cites=14559110042981765647&as_sdt=2005&sciodt=1,5&hl=en"}, {"num_versions": 42, "url_citation": null, "title": "Building high-level features using large scale unsupervised learning", "url": "http://ieeexplore.ieee.org/xpls/abs_all.jsp?arnumber=6639343", "url_versions": "http://scholar.google.com/scholar?cluster=13804624732817572151&hl=en&as_sdt=1,5&sciodt=1,5&as_vis=1", "authors": "QV Le - Acoustics, Speech and Signal Processing (ICASSP),  \u2026", "excerpt": "ABSTRACT We consider the problem of building high-level, class-specific feature detectors from only unlabeled data. For example, is it possible to learn a face detector using only unlabeled images? To answer this, we train a deep sparse autoencoder on a large  ...", "url_pdf": null, "num_citations": 605, "cluster_id": "13804624732817572151", "year": "2013", "url_citations": "http://scholar.google.com/scholar?cites=13804624732817572151&as_sdt=2005&sciodt=1,5&hl=en"}, {"num_versions": 7, "url_citation": null, "title": "SKYNET: an efficient and robust neural network training tool for machine learning in astronomy", "url": "http://mnras.oxfordjournals.org/content/441/2/1741.short", "url_versions": "http://scholar.google.com/scholar?cluster=2639247557162041654&hl=en&as_sdt=1,5&sciodt=1,5&as_vis=1", "authors": "P Graff, F Feroz, MP Hobson\u2026 - Monthly Notices of the  \u2026", "excerpt": "Abstract We present the first public release of our generic neural network training algorithm, called S ky N et. This efficient and robust machine learning tool is able to train large and deep feed-forward neural networks, including autoencoders, for use in a wide range of  ...", "url_pdf": null, "num_citations": 15, "cluster_id": "2639247557162041654", "year": "2014", "url_citations": "http://scholar.google.com/scholar?cites=2639247557162041654&as_sdt=2005&sciodt=1,5&hl=en"}, {"num_versions": 6, "url_citation": null, "title": "High-performance neural networks for visual object classification", "url": "http://arxiv.org/abs/1102.0183", "url_versions": "http://scholar.google.com/scholar?cluster=4655327696587020833&hl=en&as_sdt=1,5&sciodt=1,5&as_vis=1", "authors": "DC Cire\u015fan, U Meier, J Masci, LM Gambardella\u2026 - arXiv preprint arXiv: \u2026", "excerpt": "Abstract: We present a fast, fully parameterizable GPU implementation of Convolutional Neural Network variants. Our feature extractors are neither carefully designed nor pre-wired, but rather learned in a supervised way. Our deep hierarchical architectures achieve the  ...", "url_pdf": null, "num_citations": 47, "cluster_id": "4655327696587020833", "year": "2011", "url_citations": "http://scholar.google.com/scholar?cites=4655327696587020833&as_sdt=2005&sciodt=1,5&hl=en"}, {"num_versions": 13, "url_citation": null, "title": "Fast image scanning with deep max-pooling convolutional neural networks", "url": "http://arxiv.org/abs/1302.1700", "url_versions": "http://scholar.google.com/scholar?cluster=11106965245059143583&hl=en&as_sdt=1,5&sciodt=1,5&as_vis=1", "authors": "A Giusti, DC Cire\u015fan, J Masci, LM Gambardella\u2026 - arXiv preprint arXiv: \u2026", "excerpt": "Abstract: Deep Neural Networks now excel at image classification, detection and segmentation. When used to scan images by means of a sliding window, however, their high computational complexity can bring even the most powerful hardware to its knees. We  ...", "url_pdf": null, "num_citations": 30, "cluster_id": "11106965245059143583", "year": "2013", "url_citations": "http://scholar.google.com/scholar?cites=11106965245059143583&as_sdt=2005&sciodt=1,5&hl=en"}, {"num_versions": 11, "url_citation": null, "title": "Maxout networks", "url": "http://arxiv.org/abs/1302.4389", "url_versions": "http://scholar.google.com/scholar?cluster=9154719469920231460&hl=en&as_sdt=1,5&sciodt=1,5&as_vis=1", "authors": "IJ Goodfellow, D Warde-Farley, M Mirza\u2026 - arXiv preprint arXiv: \u2026", "excerpt": "Abstract: We consider the problem of designing models to leverage a recently introduced approximate model averaging technique called dropout. We define a simple new model called maxout (so named because its output is the max of a set of inputs, and because it is  ...", "url_pdf": null, "num_citations": 276, "cluster_id": "9154719469920231460", "year": "2013", "url_citations": "http://scholar.google.com/scholar?cites=9154719469920231460&as_sdt=2005&sciodt=1,5&hl=en"}, {"num_versions": 17, "url_citation": null, "title": "On fast deep nets for AGI vision", "url": "http://link.springer.com/chapter/10.1007/978-3-642-22887-2_25", "url_versions": "http://scholar.google.com/scholar?cluster=6084234024222511734&hl=en&as_sdt=1,5&sciodt=1,5&as_vis=1", "authors": "J Schmidhuber, D Cire\u015fan, U Meier, J Masci, A Graves -", "excerpt": "Abstract Artificial General Intelligence will not be general without computer vision. Biologically inspired adaptive vision models have started to outperform traditional pre-programmed methods: our fast deep/recurrent neural networks recently collected a string  ...", "url_pdf": null, "num_citations": 11, "cluster_id": "6084234024222511734", "year": "2011", "url_citations": "http://scholar.google.com/scholar?cites=6084234024222511734&as_sdt=2005&sciodt=1,5&hl=en"}, {"num_versions": 14, "url_citation": null, "title": "The German traffic sign recognition benchmark: a multi-class classification competition", "url": "http://ieeexplore.ieee.org/xpls/abs_all.jsp?arnumber=6033395", "url_versions": "http://scholar.google.com/scholar?cluster=11304966391015370790&hl=en&as_sdt=1,5&sciodt=1,5&as_vis=1", "authors": "J Stallkamp, M Schlipsing, J Salmen\u2026 - \u2026  Networks (IJCNN), The \u2026", "excerpt": "Abstract\u2014The \u201cGerman Traffic Sign Recognition Benchmark\u201d is a multi-category classification competition held at IJCNN 2011. Automatic recognition of traffic signs is required in advanced driver assistance systems and constitutes a challenging realworld  ...", "url_pdf": null, "num_citations": 99, "cluster_id": "11304966391015370790", "year": "2011", "url_citations": "http://scholar.google.com/scholar?cites=11304966391015370790&as_sdt=2005&sciodt=1,5&hl=en"}, {"num_versions": 7, "url_citation": null, "title": "Deep big multilayer perceptrons for digit recognition", "url": "http://link.springer.com/chapter/10.1007/978-3-642-35289-8_31", "url_versions": "http://scholar.google.com/scholar?cluster=10245927254263365611&hl=en&as_sdt=1,5&sciodt=1,5&as_vis=1", "authors": "DC Cire\u015fan, U Meier, LM Gambardella\u2026 - Neural Networks: Tricks  \u2026", "excerpt": "Abstract The competitive MNIST handwritten digit recognition benchmark has a long history of broken records since 1998. The most recent advancement by others dates back 8 years (error rate 0.4 old on-line back-propagation for plain multi-layer perceptrons yields a very  ...", "url_pdf": null, "num_citations": 13, "cluster_id": "10245927254263365611", "year": "2012", "url_citations": "http://scholar.google.com/scholar?cites=10245927254263365611&as_sdt=2005&sciodt=1,5&hl=en"}, {"num_versions": 6, "url_citation": null, "title": "Bioinspired networks with nanoscale memristive devices that combine the unsupervised and supervised learning approaches", "url": "http://dl.acm.org/citation.cfm?id=2765528", "url_versions": "http://scholar.google.com/scholar?cluster=8069654374757013126&hl=en&as_sdt=1,5&sciodt=1,5&as_vis=1", "authors": "D Querlioz, WS Zhao, P Dollfus, JO Klein\u2026 - Proceedings of the  \u2026", "excerpt": "Abstract This work proposes two learning architectures based on memristive nanodevices. First, we present an unsupervised architecture that is capable of discerning characteristic features in unlabeled inputs. The memristive nanodevices are used as synapses and  ...", "url_pdf": null, "num_citations": 12, "cluster_id": "8069654374757013126", "year": "2012", "url_citations": "http://scholar.google.com/scholar?cites=8069654374757013126&as_sdt=2005&sciodt=1,5&hl=en"}, {"num_versions": 10, "url_citation": null, "title": "Deep neural networks segment neuronal membranes in electron microscopy images", "url": "http://papers.nips.cc/paper/4741-deep-neural-networks-segment-neuronal-membranes-in-electron-microscopy-images", "url_versions": "http://scholar.google.com/scholar?cluster=750234041877790810&hl=en&as_sdt=1,5&sciodt=1,5&as_vis=1", "authors": "D Ciresan, A Giusti, LM Gambardella\u2026 - Advances in neural  \u2026", "excerpt": "Abstract We address a central problem of neuroanatomy, namely, the automatic segmentation of neuronal structures depicted in stacks of electron microscopy (EM) images. This is necessary to efficiently map 3D brain structure and connectivity. To segment {\\ em  ...", "url_pdf": null, "num_citations": 123, "cluster_id": "750234041877790810", "year": "2012", "url_citations": "http://scholar.google.com/scholar?cites=750234041877790810&as_sdt=2005&sciodt=1,5&hl=en"}, {"num_versions": 14, "url_citation": null, "title": "Better digit recognition with a committee of simple neural nets", "url": "http://ieeexplore.ieee.org/xpls/abs_all.jsp?arnumber=6065510", "url_versions": "http://scholar.google.com/scholar?cluster=15139083893655618420&hl=en&as_sdt=1,5&sciodt=1,5&as_vis=1", "authors": "U Meier, DC Ciresan, LM Gambardella\u2026 - Document Analysis  \u2026", "excerpt": "Abstract\u2014We present a new method to train the members of a committee of one-hidden-layer neural nets. Instead of training various nets on subsets of the training data we preprocess the training data for each individual model such that the corresponding errors  ...", "url_pdf": null, "num_citations": 19, "cluster_id": "15139083893655618420", "year": "2011", "url_citations": "http://scholar.google.com/scholar?cites=15139083893655618420&as_sdt=2005&sciodt=1,5&hl=en"}, {"num_versions": 10, "url_citation": null, "title": "Learning invariant representations of molecules for atomization energy prediction", "url": "http://papers.nips.cc/paper/4830-learning-invariant-representations-of-molecules-for-atomization-energy-prediction", "url_versions": "http://scholar.google.com/scholar?cluster=12626725478560197702&hl=en&as_sdt=1,5&sciodt=1,5&as_vis=1", "authors": "G Montavon, K Hansen, S Fazli, M Rupp\u2026 - Advances in Neural  \u2026", "excerpt": "Abstract The accurate prediction of molecular energetics in chemical compound space is a crucial ingredient for rational compound design. The inherently graph-like, non-vectorial nature of molecular data gives rise to a unique and difficult machine learning problem. In  ...", "url_pdf": null, "num_citations": 13, "cluster_id": "12626725478560197702", "year": "2012", "url_citations": "http://scholar.google.com/scholar?cites=12626725478560197702&as_sdt=2005&sciodt=1,5&hl=en"}, {"num_versions": 2, "url_citation": null, "title": "Training and analysing deep recurrent neural networks", "url": "http://papers.nips.cc/paper/5166-tra", "url_versions": "http://scholar.google.com/scholar?cluster=14506396899502432477&hl=en&as_sdt=1,5&sciodt=1,5&as_vis=1", "authors": "M Hermans, B Schrauwen - Advances in Neural Information  \u2026", "excerpt": "Abstract Time series often have a temporal hierarchy, with information that is spread out over multiple time scales. Common recurrent neural networks, however, do not explicitly accommodate such a hierarchy, and most research on them has been focusing on training  ...", "url_pdf": null, "num_citations": 35, "cluster_id": "14506396899502432477", "year": "2013", "url_citations": "http://scholar.google.com/scholar?cites=14506396899502432477&as_sdt=2005&sciodt=1,5&hl=en"}, {"num_versions": 13, "url_citation": null, "title": "Top-down feedback in an HMAX-like cortical model of object perception based on hierarchical Bayesian networks and belief propagation", "url": "http://dx.plos.org/10.1371/journal.pone.0048216", "url_versions": "http://scholar.google.com/scholar?cluster=5573035747461810701&hl=en&as_sdt=1,5&sciodt=1,5&as_vis=1", "authors": "S Dura-Bernal, T Wennekers, SL Denham -", "excerpt": "Abstract Hierarchical generative models, such as Bayesian networks, and belief propagation have been shown to provide a theoretical framework that can account for perceptual processes, including feedforward recognition and feedback modulation. The framework  ...", "url_pdf": null, "num_citations": 11, "cluster_id": "5573035747461810701", "year": "2012", "url_citations": "http://scholar.google.com/scholar?cites=5573035747461810701&as_sdt=2005&sciodt=1,5&hl=en"}, {"num_versions": 17, "url_citation": null, "title": "Flexible, high performance convolutional neural networks for image classification", "url": "http://people.idsia.ch/%7Ejuergen/ijcai2011.pdf", "url_versions": "http://scholar.google.com/scholar?cluster=7169215844723136853&hl=en&as_sdt=1,5&sciodt=1,5&as_vis=1", "authors": "DC Ciresan, U Meier, J Masci\u2026 - \u2026  Joint Conference on  \u2026", "excerpt": "Abstract We present a fast, fully parameterizable GPU implementation of Convolutional Neural Network variants. Our feature extractors are neither carefully designed nor pre-wired, but rather learned in a supervised way. Our deep hierarchical architectures achieve the  ...", "url_pdf": "http://people.idsia.ch/%7Ejuergen/ijcai2011.pdf", "num_citations": 141, "cluster_id": "7169215844723136853", "year": "2011", "url_citations": "http://scholar.google.com/scholar?cites=7169215844723136853&as_sdt=2005&sciodt=1,5&hl=en"}, {"num_versions": 5, "url_citation": null, "title": "Assessment and validation of machine learning methods for predicting molecular atomization energies", "url": "http://pubs.acs.org/doi/abs/10.1021/ct400195d", "url_versions": "http://scholar.google.com/scholar?cluster=6484145276293273964&hl=en&as_sdt=1,5&sciodt=1,5&as_vis=1", "authors": "K Hansen, G Montavon, F Biegler, S Fazli\u2026 - Journal of Chemical  \u2026", "excerpt": "The accurate and reliable prediction of properties of molecules typically requires computationally intensive quantum-chemical calculations. Recently, machine learning techniques applied to ab initio calculations have been proposed as an efficient approach  ...", "url_pdf": null, "num_citations": 42, "cluster_id": "6484145276293273964", "year": "2013", "url_citations": "http://scholar.google.com/scholar?cites=6484145276293273964&as_sdt=2005&sciodt=1,5&hl=en"}, {"num_versions": 14, "url_citation": null, "title": "Icdar 2013 chinese handwriting recognition competition", "url": "http://ieeexplore.ieee.org/xpls/abs_all.jsp?arnumber=6628856", "url_versions": "http://scholar.google.com/scholar?cluster=10340448796834355877&hl=en&as_sdt=1,5&sciodt=1,5&as_vis=1", "authors": "F Yin, QF Wang, XY Zhang\u2026 - Document Analysis and  \u2026", "excerpt": "Abstract\u2014This paper describes the Chinese handwriting recognition competition held at the 12th International Conference on Document Analysis and Recognition (ICDAR 2013). This third competition in the series again used the CASIAHWDB/OLHWDB databases as the  ...", "url_pdf": null, "num_citations": 38, "cluster_id": "10340448796834355877", "year": "2013", "url_citations": "http://scholar.google.com/scholar?cites=10340448796834355877&as_sdt=2005&sciodt=1,5&hl=en"}, {"num_versions": 13, "url_citation": null, "title": "Machine learning paradigms for speech recognition: An overview", "url": "http://ieeexplore.ieee.org/xpls/abs_all.jsp?arnumber=6423821", "url_versions": "http://scholar.google.com/scholar?cluster=74307944265552935&hl=en&as_sdt=1,5&sciodt=1,5&as_vis=1", "authors": "L Deng, X Li - Audio, Speech, and Language Processing, IEEE \u2026", "excerpt": "Abstract\u2014Automatic Speech Recognition (ASR) has historically been a driving force behind many machine learning (ML) techniques, including the ubiquitously used hidden Markov model, discriminative learning, structured sequence learning, Bayesian learning, and  ...", "url_pdf": null, "num_citations": 47, "cluster_id": "74307944265552935", "year": "2013", "url_citations": "http://scholar.google.com/scholar?cites=74307944265552935&as_sdt=2005&sciodt=1,5&hl=en"}, {"num_versions": 13, "url_citation": null, "title": "A machine learning approach for non-blind image deconvolution", "url": "http://ieeexplore.ieee.org/xpls/abs_all.jsp?arnumber=6618986", "url_versions": "http://scholar.google.com/scholar?cluster=5588202582794678724&hl=en&as_sdt=1,5&sciodt=1,5&as_vis=1", "authors": "CJ Schuler, HC Burger, S Harmeling\u2026 - Computer Vision and  \u2026", "excerpt": "Abstract Image deconvolution is the ill-posed problem of recovering a sharp image, given a blurry one generated by a convolution. In this work, we deal with space-invariant nonblind deconvolution. Currently, the most successful methods involve a regularized inversion of  ...", "url_pdf": null, "num_citations": 17, "cluster_id": "5588202582794678724", "year": "2013", "url_citations": "http://scholar.google.com/scholar?cites=5588202582794678724&as_sdt=2005&sciodt=1,5&hl=en"}, {"num_versions": 17, "url_citation": null, "title": "Machine learning of molecular electronic properties in chemical compound space", "url": "http://iopscience.iop.org/1367-2630/15/9/095003", "url_versions": "http://scholar.google.com/scholar?cluster=10630711614897084406&hl=en&as_sdt=1,5&sciodt=1,5&as_vis=1", "authors": "G Montavon, M Rupp, V Gobre\u2026 - New Journal of  \u2026", "excerpt": "Abstract The combination of modern scientific computing with electronic structure theory can lead to an unprecedented amount of data amenable to intelligent data analysis for the identification of meaningful, novel and predictive structure\u2013property relationships. Such  ...", "url_pdf": null, "num_citations": 35, "cluster_id": "10630711614897084406", "year": "2013", "url_citations": "http://scholar.google.com/scholar?cites=10630711614897084406&as_sdt=2005&sciodt=1,5&hl=en"}, {"num_versions": 6, "url_citation": null, "title": "Big data deep learning: Challenges and perspectives", "url": "http://ieeexplore.ieee.org/xpls/abs_all.jsp?arnumber=6817512", "url_versions": "http://scholar.google.com/scholar?cluster=3358700578142176214&hl=en&as_sdt=1,5&sciodt=1,5&as_vis=1", "authors": "XW Chen, X Lin - Access, IEEE", "excerpt": "Abstract\u2014Deep learning is currently an extremely active research area in machine learning and pattern recognition society. It has gained huge successes in a broad area of applications such as speech recognition, computer vision, and natural language  ...", "url_pdf": null, "num_citations": 18, "cluster_id": "3358700578142176214", "year": "2014", "url_citations": "http://scholar.google.com/scholar?cites=3358700578142176214&as_sdt=2005&sciodt=1,5&hl=en"}, {"num_versions": 10, "url_citation": null, "title": "A committee of neural networks for traffic sign classification", "url": "http://ieeexplore.ieee.org/xpls/abs_all.jsp?arnumber=6033458", "url_versions": "http://scholar.google.com/scholar?cluster=10359202915128941998&hl=en&as_sdt=1,5&sciodt=1,5&as_vis=1", "authors": "D Cire\u015fan, U Meier, J Masci\u2026 - \u2026  Networks (IJCNN), The \u2026", "excerpt": "Abstract\u2014We describe the approach that won the preliminary phase of the German traffic sign recognition benchmark with a better-than-human recognition rate of 98.98%. We obtain an even better recognition rate of 99.15% by further training the nets. Our fast, fully  ...", "url_pdf": null, "num_citations": 108, "cluster_id": "10359202915128941998", "year": "2011", "url_citations": "http://scholar.google.com/scholar?cites=10359202915128941998&as_sdt=2005&sciodt=1,5&hl=en"}, {"num_versions": 4, "url_citation": null, "title": "On computing: the fourth great scientific domain", "url": "http://scholar.google.com/https://books.google.com/books?hl=en&lr=&id=WGfxkn8OkwAC&oi=fnd&pg=PR7&ots=Eg9pyg4Fgy&sig=uPCHlvFQg1eGtyRhv-N1MdGeOFA", "url_versions": "http://scholar.google.com/scholar?cluster=4368545899291180659&hl=en&as_sdt=1,5&sciodt=1,5&as_vis=1", "authors": "PS Rosenbloom -", "excerpt": "Computing isn't simply about hardware or software, or calculation or applications. Computing, writes Paul Rosenbloom, is an exciting and diverse, yet remarkably coherent, scientific enterprise that is highly multidisciplinary yet maintains a unique core of its own.  ...", "url_pdf": null, "num_citations": 12, "cluster_id": "4368545899291180659", "year": "2012", "url_citations": "http://scholar.google.com/scholar?cites=4368545899291180659&as_sdt=2005&sciodt=1,5&hl=en"}, {"num_versions": 3, "url_citation": null, "title": "Knowledge matters: Importance of prior information for optimization", "url": "http://arxiv.org/abs/1301.4083", "url_versions": "http://scholar.google.com/scholar?cluster=16555444433184520296&hl=en&as_sdt=1,5&sciodt=1,5&as_vis=1", "authors": "\u00c7 G\u00fcl\u00e7ehre, Y Bengio - arXiv preprint arXiv:1301.4083", "excerpt": "Abstract: We explore the effect of introducing prior information into the intermediate level of neural networks for a learning task on which all the state-of-the-art machine learning algorithms tested failed to learn. We motivate our work from the hypothesis that humans  ...", "url_pdf": null, "num_citations": 19, "cluster_id": "16555444433184520296", "year": "2013", "url_citations": "http://scholar.google.com/scholar?cites=16555444433184520296&as_sdt=2005&sciodt=1,5&hl=en"}, {"num_versions": 8, "url_citation": null, "title": "Transfer learning for Latin and Chinese characters with deep neural networks", "url": "http://ieeexplore.ieee.org/xpls/abs_all.jsp?arnumber=6252544", "url_versions": "http://scholar.google.com/scholar?cluster=7452424507909578812&hl=en&as_sdt=1,5&sciodt=1,5&as_vis=1", "authors": "DC Cire\u015fan, U Meier\u2026 - Neural Networks (IJCNN),  \u2026", "excerpt": "Abstract\u2014We analyze transfer learning with Deep Neural Networks (DNN) on various character recognition tasks. DNN trained on digits are perfectly capable of recognizing uppercase letters with minimal retraining. They are on par with DNN fully trained on  ...", "url_pdf": null, "num_citations": 29, "cluster_id": "7452424507909578812", "year": "2012", "url_citations": "http://scholar.google.com/scholar?cites=7452424507909578812&as_sdt=2005&sciodt=1,5&hl=en"}, {"num_versions": 14, "url_citation": null, "title": "Deep learning in neural networks: An overview", "url": "http://www.sciencedirect.com/science/article/pii/S0893608014002135", "url_versions": "http://scholar.google.com/scholar?cluster=15932869302045479284&hl=en&as_sdt=1,5&sciodt=1,5&as_vis=1", "authors": "J Schmidhuber - Neural Networks", "excerpt": "Abstract In recent years, deep artificial neural networks (including recurrent ones) have won numerous contests in pattern recognition and machine learning. This historical survey compactly summarizes relevant work, much of it from the previous millennium. Shallow  ...", "url_pdf": null, "num_citations": 143, "cluster_id": "15932869302045479284", "year": "2015", "url_citations": "http://scholar.google.com/scholar?cites=15932869302045479284&as_sdt=2005&sciodt=1,5&hl=en"}, {"num_versions": 20, "url_citation": null, "title": "Multi-column deep neural network for traffic sign classification", "url": "http://www.sciencedirect.com/science/article/pii/S0893608012000524", "url_versions": "http://scholar.google.com/scholar?cluster=2134597064249329017&hl=en&as_sdt=1,5&sciodt=1,5&as_vis=1", "authors": "D Cire\u015fan, U Meier, J Masci, J Schmidhuber - Neural Networks", "excerpt": "We describe the approach that won the final phase of the German traffic sign recognition benchmark. Our method is the only one that achieved a better-than-human recognition rate of 99.46%. We use a fast, fully parameterizable GPU implementation of a Deep Neural  ...", "url_pdf": null, "num_citations": 110, "cluster_id": "2134597064249329017", "year": "2012", "url_citations": "http://scholar.google.com/scholar?cites=2134597064249329017&as_sdt=2005&sciodt=1,5&hl=en"}, {"num_versions": 3, "url_citation": null, "title": "Autonomous reinforcement learning on raw visual input data in a real world application", "url": "http://ieeexplore.ieee.org/xpls/abs_all.jsp?arnumber=6252823", "url_versions": "http://scholar.google.com/scholar?cluster=6020753373057975328&hl=en&as_sdt=1,5&sciodt=1,5&as_vis=1", "authors": "S Lange, M Riedmiller\u2026 - Neural Networks (IJCNN),  \u2026", "excerpt": "Abstract-We propose a learning architecture, that is able to do reinforcement learning based on raw visual input data. In contrast to previous approaches, not only the control policy is learned. In order to be successful, the system must also autonomously learn, how to  ...", "url_pdf": null, "num_citations": 22, "cluster_id": "6020753373057975328", "year": "2012", "url_citations": "http://scholar.google.com/scholar?cites=6020753373057975328&as_sdt=2005&sciodt=1,5&hl=en"}, {"num_versions": 15, "url_citation": null, "title": "Deep learning made easier by linear transformations in perceptrons", "url": "http://machinelearning.wustl.edu/mlpapers/paper_files/AISTATS2012_RaikoVL12.pdf", "url_versions": "http://scholar.google.com/scholar?cluster=623608584055994978&hl=en&as_sdt=1,5&sciodt=1,5&as_vis=1", "authors": "T Raiko, H Valpola, Y LeCun - International  \u2026", "excerpt": "Abstract We transform the outputs of each hidden neuron in a multi-layer perceptron network to have zero output and zero slope on average, and use separate shortcut connections to model the linear dependencies instead. This transformation aims at separating the  ...", "url_pdf": "http://machinelearning.wustl.edu/mlpapers/paper_files/AISTATS2012_RaikoVL12.pdf", "num_citations": 44, "cluster_id": "623608584055994978", "year": "2012", "url_citations": "http://scholar.google.com/scholar?cites=623608584055994978&as_sdt=2005&sciodt=1,5&hl=en"}, {"num_versions": 33, "url_citation": null, "title": "Representation learning: A review and new perspectives", "url": "http://ieeexplore.ieee.org/xpls/abs_all.jsp?arnumber=6472238", "url_versions": "http://scholar.google.com/scholar?cluster=559463397382443088&hl=en&as_sdt=1,5&sciodt=1,5&as_vis=1", "authors": "Y Bengio, A Courville, P Vincent - Pattern Analysis and  \u2026", "excerpt": "Abstract\u2014The success of machine learning algorithms generally depends on data representation, and we hypothesize that this is because different representations can entangle and hide more or less the different explanatory factors of variation behind the  ...", "url_pdf": null, "num_citations": 685, "cluster_id": "559463397382443088", "year": "2013", "url_citations": "http://scholar.google.com/scholar?cites=559463397382443088&as_sdt=2005&sciodt=1,5&hl=en"}, {"num_versions": 6, "url_citation": null, "title": "The leabra cognitive architecture: how to play 20 principles with nature and win!", "url": "http://psych.colorado.edu/%7Eoreilly/papers/oreillyhazyherdip.pdf", "url_versions": "http://scholar.google.com/scholar?cluster=17045350921319838731&hl=en&as_sdt=1,5&sciodt=1,5&as_vis=1", "authors": "RC O'Reilly, TE Hazy, SA Herd - The Oxford Handbook of  \u2026", "excerpt": "Abstract: This chapter provides a synthetic review of a long-term effort to produce an internally consistent theory of the neural basis of human cognition, the Leabra cognitive architecture, which explains a great deal of brain and behavioral data. In a highly  ...", "url_pdf": "http://psych.colorado.edu/%7Eoreilly/papers/oreillyhazyherdip.pdf", "num_citations": 12, "cluster_id": "17045350921319838731", "year": "2012", "url_citations": "http://scholar.google.com/scholar?cites=17045350921319838731&as_sdt=2005&sciodt=1,5&hl=en"}, {"num_versions": 5, "url_citation": null, "title": "First principles view on chemical compound space: Gaining rigorous atomistic control of molecular properties", "url": "http://onlinelibrary.wiley.com/doi/10.1002/qua.24375/full", "url_versions": "http://scholar.google.com/scholar?cluster=14096472164232329522&hl=en&as_sdt=1,5&sciodt=1,5&as_vis=1", "authors": "OA von Lilienfeld - International Journal of Quantum Chemistry", "excerpt": "Abstract A well-defined notion of chemical compound space (CCS) is essential for gaining rigorous control of properties through variation of elemental composition and atomic configurations. Here, we give an introduction to an atomistic first principles perspective on  ...", "url_pdf": null, "num_citations": 29, "cluster_id": "14096472164232329522", "year": "2013", "url_citations": "http://scholar.google.com/scholar?cites=14096472164232329522&as_sdt=2005&sciodt=1,5&hl=en"}, {"num_versions": 11, "url_citation": null, "title": "Combining pattern classifiers: methods and algorithms", "url": "http://scholar.google.com/https://books.google.com/books?hl=en&lr=&id=B4TZtp7X82oC&oi=fnd&pg=PR5&ots=If_4mm_-Ll&sig=RcvQHoAfBUXXGCoaVC7G2UDmMt4", "url_versions": "http://scholar.google.com/scholar?cluster=13308369447437580686&hl=en&as_sdt=1,5&sciodt=1,5&as_vis=1", "authors": "LI Kuncheva -", "excerpt": "No part of this publication may be reproduced, stored in a retrieval system, or transmitted in any form or by any means, electronic, mechanical, photocopying, recording, scanning, or otherwise, except as permitted under Section 107 or 108 of the 1976 United States  ...", "url_pdf": null, "num_citations": 3044, "cluster_id": "13308369447437580686", "year": "2004", "url_citations": "http://scholar.google.com/scholar?cites=13308369447437580686&as_sdt=2005&sciodt=1,5&hl=en"}, {"num_versions": 20, "url_citation": null, "title": "Bayesian computation emerges in generic cortical microcircuits through spike-timing-dependent plasticity", "url": "http://dx.plos.org/10.1371/journal.pcbi.1003037", "url_versions": "http://scholar.google.com/scholar?cluster=3083406410349944661&hl=en&as_sdt=1,5&sciodt=1,5&as_vis=1", "authors": "B Nessler, M Pfeiffer, L Buesing, W Maass -", "excerpt": "Abstract The principles by which networks of neurons compute, and how spike-timing dependent plasticity (STDP) of synaptic weights generates and maintains their computational function, are unknown. Preceding work has shown that soft winner-take-all  ...", "url_pdf": null, "num_citations": 53, "cluster_id": "3083406410349944661", "year": "2013", "url_citations": "http://scholar.google.com/scholar?cites=3083406410349944661&as_sdt=2005&sciodt=1,5&hl=en"}, {"num_versions": 6, "url_citation": null, "title": "A novel hybrid CNN\u2013SVM classifier for recognizing handwritten digits", "url": "http://www.sciencedirect.com/science/article/pii/S0031320311004006", "url_versions": "http://scholar.google.com/scholar?cluster=3287310061630280444&hl=en&as_sdt=1,5&sciodt=1,5&as_vis=1", "authors": "XX Niu, CY Suen - Pattern Recognition", "excerpt": "This paper presents a hybrid model of integrating the synergy of two superior classifiers: Convolutional Neural Network (CNN) and Support Vector Machine (SVM), which have proven results in recognizing different types of patterns. In this model, CNN works as a  ...", "url_pdf": null, "num_citations": 50, "cluster_id": "3287310061630280444", "year": "2012", "url_citations": "http://scholar.google.com/scholar?cites=3287310061630280444&as_sdt=2005&sciodt=1,5&hl=en"}, {"num_versions": 23, "url_citation": null, "title": "Multi-column deep neural networks for image classification", "url": "http://ieeexplore.ieee.org/xpls/abs_all.jsp?arnumber=6248110", "url_versions": "http://scholar.google.com/scholar?cluster=17557578126851891884&hl=en&as_sdt=1,5&sciodt=1,5&as_vis=1", "authors": "D Ciresan, U Meier\u2026 - Computer Vision and  \u2026", "excerpt": "Abstract Traditional methods of computer vision and machine learning cannot match human performance on tasks such as the recognition of handwritten digits or traffic signs. Our biologically plausible, wide and deep artificial neural network architectures can. Small ( ...", "url_pdf": null, "num_citations": 480, "cluster_id": "17557578126851891884", "year": "2012", "url_citations": "http://scholar.google.com/scholar?cites=17557578126851891884&as_sdt=2005&sciodt=1,5&hl=en"}, {"num_versions": 15, "url_citation": null, "title": "Large scale distributed deep networks", "url": "http://papers.nips.cc/paper/4687-large-scale-distributed-deep-networks", "url_versions": "http://scholar.google.com/scholar?cluster=9220704513857531974&hl=en&as_sdt=1,5&sciodt=1,5&as_vis=1", "authors": "J Dean, G Corrado, R Monga, K Chen\u2026 - Advances in Neural  \u2026", "excerpt": "Abstract Recent work in unsupervised feature learning and deep learning has shown that being able to train large models can dramatically improve performance. In this paper, we consider the problem of training a deep network with billions of parameters using tens of  ...", "url_pdf": null, "num_citations": 325, "cluster_id": "9220704513857531974", "year": "2012", "url_citations": "http://scholar.google.com/scholar?cites=9220704513857531974&as_sdt=2005&sciodt=1,5&hl=en"}, {"num_versions": 26, "url_citation": null, "title": "Improving neural networks by preventing co-adaptation of feature detectors", "url": "http://arxiv.org/abs/1207.0580", "url_versions": "http://scholar.google.com/scholar?cluster=250385030036514850&hl=en&as_sdt=1,5&sciodt=1,5&as_vis=1", "authors": "GE Hinton, N Srivastava, A Krizhevsky\u2026 - arXiv preprint arXiv: \u2026", "excerpt": "Abstract: When a large feedforward neural network is trained on a small training set, it typically performs poorly on held-out test data. This\" overfitting\" is greatly reduced by randomly omitting half of the feature detectors on each training case. This prevents  ...", "url_pdf": null, "num_citations": 767, "cluster_id": "250385030036514850", "year": "2012", "url_citations": "http://scholar.google.com/scholar?cites=250385030036514850&as_sdt=2005&sciodt=1,5&hl=en"}, {"num_versions": 27, "url_citation": null, "title": "Deep neural networks for acoustic modeling in speech recognition: The shared views of four research groups", "url": "http://ieeexplore.ieee.org/xpls/abs_all.jsp?arnumber=6296526", "url_versions": "http://scholar.google.com/scholar?cluster=3674494786452480182&hl=en&as_sdt=1,5&sciodt=1,5&as_vis=1", "authors": "G Hinton, L Deng, D Yu, GE Dahl\u2026 - Signal Processing  \u2026", "excerpt": "Gaussian mixture models (GMMs) to determine how well each state of each HMM fits a frame or a short window of frames of coefficients that represents the acoustic input. An alternative way to evaluate the fit is to use a feed-forward neural network that takes  ...", "url_pdf": null, "num_citations": 1010, "cluster_id": "3674494786452480182", "year": "2012", "url_citations": "http://scholar.google.com/scholar?cites=3674494786452480182&as_sdt=2005&sciodt=1,5&hl=en"}, {"num_versions": 14, "url_citation": null, "title": "Convolutional neural network committees for handwritten character classification", "url": "http://ieeexplore.ieee.org/xpls/abs_all.jsp?arnumber=6065487", "url_versions": "http://scholar.google.com/scholar?cluster=6872831616007158638&hl=en&as_sdt=1,5&sciodt=1,5&as_vis=1", "authors": "DC Cire\u015fan, U Meier, LM Gambardella\u2026 - Document Analysis  \u2026", "excerpt": "Abstract\u2014In 2010, after many years of stagnation, the MNIST handwriting recognition benchmark record dropped from 0.40% error rate to 0.35%. Here we report 0.27% for a committee of seven deep CNNs trained on graphics cards, narrowing the gap to human  ...", "url_pdf": null, "num_citations": 87, "cluster_id": "6872831616007158638", "year": "2011", "url_citations": "http://scholar.google.com/scholar?cites=6872831616007158638&as_sdt=2005&sciodt=1,5&hl=en"}, {"num_versions": 12, "url_citation": null, "title": "Reading digits in natural images with unsupervised feature learning", "url": "http://research.google.com/pubs/archive/37648.pdf", "url_versions": "http://scholar.google.com/scholar?cluster=7762358874624651999&hl=en&as_sdt=1,5&sciodt=1,5&as_vis=1", "authors": "Y Netzer, T Wang, A Coates\u2026 - NIPS workshop on  \u2026", "excerpt": "Abstract Detecting and reading text from natural images is a hard computer vision task that is central to a variety of emerging applications. Related problems like document character recognition have been widely studied by computer vision and machine learning  ...", "url_pdf": "http://research.google.com/pubs/archive/37648.pdf", "num_citations": 98, "cluster_id": "7762358874624651999", "year": "2011", "url_citations": "http://scholar.google.com/scholar?cites=7762358874624651999&as_sdt=2005&sciodt=1,5&hl=en"}, {"num_versions": 4, "url_citation": null, "title": "Improved learning algorithms for restricted Boltzmann machines", "url": "http://scholar.google.com/https://aaltodoc.aalto.fi/handle/123456789/3666", "url_versions": "http://scholar.google.com/scholar?cluster=4800062953939870407&hl=en&as_sdt=1,5&sciodt=1,5&as_vis=1", "authors": "KH Cho -", "excerpt": "A restricted Boltzmann machine (RBM) is often used as a building block for constructing deep neural networks and deep generative models which have gained popularity recently as one way to learn complex and large probabilistic models. In these deep models, it is  ...", "url_pdf": null, "num_citations": 14, "cluster_id": "4800062953939870407", "year": "2011", "url_citations": "http://scholar.google.com/scholar?cites=4800062953939870407&as_sdt=2005&sciodt=1,5&hl=en"}, {"num_versions": 6, "url_citation": null, "title": "Immunity to device variations in a spiking neural network with memristive nanodevices", "url": "http://ieeexplore.ieee.org/xpls/abs_all.jsp?arnumber=6508962", "url_versions": "http://scholar.google.com/scholar?cluster=16181081904722981917&hl=en&as_sdt=1,5&sciodt=1,5&as_vis=1", "authors": "D Querlioz, O Bichler, P Dollfus\u2026 - \u2026 , IEEE Transactions on", "excerpt": "Abstract\u2014Memristive nanodevices can feature a compact multi-level non-volatile memory function, but are prone to device variability. We propose a novel neural network-based computing paradigm, which exploits their specific physics, and which has virtual immunity  ...", "url_pdf": null, "num_citations": 31, "cluster_id": "16181081904722981917", "year": "2013", "url_citations": "http://scholar.google.com/scholar?cites=16181081904722981917&as_sdt=2005&sciodt=1,5&hl=en"}]