[{"num_versions": 6, "url_citation": null, "title": "Reading comprehension of scientific text: A domain-specific test of the direct and inferential mediation model of reading comprehension.", "url": "http://psycnet.apa.org/journals/edu/102/3/687/", "url_versions": "http://scholar.google.com/scholar?cluster=5905569868984782927&hl=en&as_sdt=1,5&sciodt=1,5&as_vis=1", "authors": "JG Cromley, LE Snyder-Hogan\u2026 - Journal of Educational  \u2026", "excerpt": "Abstract 1. Reading comprehension is strongly associated with academic achievement, including science achievement. A better understanding of reading comprehension processes in science text might hold promise for improving science achievement in the  ...", "url_pdf": null, "num_citations": 59, "cluster_id": "5905569868984782927", "year": "2010", "url_citations": "http://scholar.google.com/scholar?cites=5905569868984782927&as_sdt=2005&sciodt=1,5&hl=en"}, {"num_versions": 0, "url_citation": null, "title": "De impact van sociale media-integratie in het voortgezet onderwijs: van \u201cone size fits all\u201d naar studentgerichte integratie", "url": "http://archief.kennisnet.nl/fileadmin/contentelementen/kennisnet/Onderzoek/Documenten/201412_impact_van_sociale_media-integratie_in_het_VO/final-report-sociale-media-integratie.pdf", "url_versions": null, "authors": "U Matzat, CCP Snijders, P Den Brok, E Vrieling -", "excerpt": "Bijlage 1: De vragenlijst voor docenten in vakcommunities voor het voortgezet onderwijs Bijlage 2: De vragenlijst voor leerlingen in de klas (pre-test meting) Bijlage 3: De vragenlijst voor docenten in de klas Bijlage 4: De vragenlijst voor leerlingen in de klas (post-test  ...", "url_pdf": "http://archief.kennisnet.nl/fileadmin/contentelementen/kennisnet/Onderzoek/Documenten/201412_impact_van_sociale_media-integratie_in_het_VO/final-report-sociale-media-integratie.pdf", "num_citations": 0, "cluster_id": null, "year": "2014", "url_citations": null}, {"num_versions": 4, "url_citation": null, "title": "Effects of increased self-regulated learning opportunities on student teachers' motivation and use of metacognitive skills", "url": "http://ro.ecu.edu.au/ajte/vol37/iss8/7/", "url_versions": "http://scholar.google.com/scholar?cluster=1077839220444888259&hl=en&as_sdt=1,5&sciodt=1,5&as_vis=1", "authors": "E Vrieling, T Bastiaens, S Stijnen - Australian journal of teacher  \u2026", "excerpt": "Abstract This intervention study focused on the relationships between primary student teachers' self-regulated learning (SRL) opportunities, their motivation for learning and their use of metacognitive learning strategies. The participants were 3 teacher educators and  ...", "url_pdf": null, "num_citations": 6, "cluster_id": "1077839220444888259", "year": "2012", "url_citations": "http://scholar.google.com/scholar?cites=1077839220444888259&as_sdt=2005&sciodt=1,5&hl=en"}, {"num_versions": 10, "url_citation": null, "title": "Developing Web-based assessment strategies for facilitating junior high school students to perform self-regulated learning in an e-Learning environment", "url": "http://www.sciencedirect.com/science/article/pii/S036013151100011X", "url_versions": "http://scholar.google.com/scholar?cluster=3760243781995195616&hl=en&as_sdt=1,5&sciodt=1,5&as_vis=1", "authors": "TH Wang - Computers & Education", "excerpt": "This research refers to the self-regulated learning strategies proposed by Pintrich (1999) in developing a multiple-choice Web-based assessment system, the Peer-Driven Assessment Module of the Web-based Assessment and Test Analysis system (PDA-WATA). The major  ...", "url_pdf": null, "num_citations": 31, "cluster_id": "3760243781995195616", "year": "2011", "url_citations": "http://scholar.google.com/scholar?cites=3760243781995195616&as_sdt=2005&sciodt=1,5&hl=en"}, {"num_versions": 11, "url_citation": null, "title": "Applying learning strategy questionnaires: problems and possibilities", "url": "http://link.springer.com/article/10.1007/s11409-011-9069-5", "url_versions": "http://scholar.google.com/scholar?cluster=11460651264672256599&hl=en&as_sdt=1,5&sciodt=1,5&as_vis=1", "authors": "G Schellings - Metacognition and Learning", "excerpt": "Abstract This article discusses measuring learning strategies by means of questionnaires. In 'multi-method'research, in which think-aloud measures are compared with questionnaires, low or moderate correlations are found. A conclusion often drawn is that learners are not  ...", "url_pdf": null, "num_citations": 21, "cluster_id": "11460651264672256599", "year": "2011", "url_citations": "http://scholar.google.com/scholar?cites=11460651264672256599&as_sdt=2005&sciodt=1,5&hl=en"}, {"num_versions": 3, "url_citation": null, "title": "Relationships of parenting practices, independent learning, achievement, and family structure", "url": "http://scholar.google.com/https://vtechworks.lib.vt.edu/handle/10919/26599", "url_versions": "http://scholar.google.com/scholar?cluster=568958704120144064&hl=en&as_sdt=1,5&sciodt=1,5&as_vis=1", "authors": "PF Murphy -", "excerpt": "An independent learner is one who actively takes responsibility for his or her own acquisition of knowledge, skills, and expertise. The capacity to self-regulate one\u00e2 s own learning is a necessity for success in higher education. Researchers have found that  ...", "url_pdf": null, "num_citations": 1, "cluster_id": "568958704120144064", "year": "2009", "url_citations": "http://scholar.google.com/scholar?cites=568958704120144064&as_sdt=2005&sciodt=1,5&hl=en"}, {"num_versions": 2, "url_citation": null, "title": "A multidimensional investigation of deep and surface processing", "url": "http://drum.lib.umd.edu/handle/1903/11908", "url_versions": "http://scholar.google.com/scholar?cluster=6713964698919624978&hl=en&as_sdt=1,5&sciodt=1,5&as_vis=1", "authors": "DL Dinsmore -", "excerpt": "Within the psychological literature, there is the general assumption that deeper-level processing should be consistently associated with better academic performance (eg, Block, 2009). However, studies exploring the relation between depth of processing (eg, deep  ...", "url_pdf": null, "num_citations": 2, "cluster_id": "6713964698919624978", "year": "2011", "url_citations": "http://scholar.google.com/scholar?cites=6713964698919624978&as_sdt=2005&sciodt=1,5&hl=en"}, {"num_versions": 11, "url_citation": null, "title": "Motivation, learning strategies, participation and medical school performance", "url": "http://onlinelibrary.wiley.com/doi/10.1111/j.1365-2923.2012.04284.x/full", "url_versions": "http://scholar.google.com/scholar?cluster=14809848580172279857&hl=en&as_sdt=1,5&sciodt=1,5&as_vis=1", "authors": "KM Stegers\u2010Jager, J Cohen\u2010Schotanus\u2026 - Medical  \u2026", "excerpt": "Objectives This study aimed to test and cross-validate a hypothesised model of relationships among motivational beliefs (value and self-efficacy), learning strategies (deep learning and resource management), participation (lecture attendance, skills training attendance and  ...", "url_pdf": null, "num_citations": 38, "cluster_id": "14809848580172279857", "year": "2012", "url_citations": "http://scholar.google.com/scholar?cites=14809848580172279857&as_sdt=2005&sciodt=1,5&hl=en"}, {"num_versions": 8, "url_citation": null, "title": "A critical discussion of deep and surface processing: What it means, how it is measured, the role of context, and model specification", "url": "http://link.springer.com/article/10.1007/s10648-012-9198-7", "url_versions": "http://scholar.google.com/scholar?cluster=10707756886493239945&hl=en&as_sdt=1,5&sciodt=1,5&as_vis=1", "authors": "DL Dinsmore, PA Alexander - Educational Psychology Review", "excerpt": "Abstract The prevailing assumption by some that deep processing promotes stronger learning outcomes while surface processing promotes weaker learning outcomes has been called into question by the inconsistency and ambiguity of results in investigations of the  ...", "url_pdf": null, "num_citations": 25, "cluster_id": "10707756886493239945", "year": "2012", "url_citations": "http://scholar.google.com/scholar?cites=10707756886493239945&as_sdt=2005&sciodt=1,5&hl=en"}, {"num_versions": 10, "url_citation": null, "title": "Assessing metacognitive activities: the in-depth comparison of a task-specific questionnaire with think-aloud protocols", "url": "http://link.springer.com/article/10.1007/s10212-012-0149-y", "url_versions": "http://scholar.google.com/scholar?cluster=2652293107787093069&hl=en&as_sdt=1,5&sciodt=1,5&as_vis=1", "authors": "GLM Schellings, BHAM van Hout-Wolters\u2026 - European journal of  \u2026", "excerpt": "Abstract Teaching and assessing metacognitive activities are important educational objectives, and teachers are calling for efficient instruments. The advantages of questionnaires in measuring metacognitive activities are obvious, but serious validity  ...", "url_pdf": null, "num_citations": 5, "cluster_id": "2652293107787093069", "year": "2013", "url_citations": "http://scholar.google.com/scholar?cites=2652293107787093069&as_sdt=2005&sciodt=1,5&hl=en"}]