[{"num_versions": 6, "url_citation": null, "title": "GPUnet: Networking abstractions for GPU programs", "url": "http://scholar.google.com/https://www.usenix.org/system/files/conference/osdi14/osdi14-paper-kim.pdf", "url_versions": "http://scholar.google.com/scholar?cluster=10393726592807890508&hl=en&as_sdt=1,5&sciodt=1,5&as_vis=1", "authors": "S Kim, S Huh, Y Hu, X Zhang, A Wated\u2026 - Proceedings of the  \u2026", "excerpt": "Abstract Despite the popularity of GPUs in high-performance and scientific computing, and despite increasingly generalpurpose hardware capabilities, the use of GPUs in network servers or distributed systems poses significant challenges.", "url_pdf": "http://scholar.google.com/https://www.usenix.org/system/files/conference/osdi14/osdi14-paper-kim.pdf", "num_citations": 9, "cluster_id": "10393726592807890508", "year": "2014", "url_citations": "http://scholar.google.com/scholar?cites=10393726592807890508&as_sdt=2005&sciodt=1,5&hl=en"}, {"num_versions": 5, "url_citation": null, "title": "GPU asynchronous stochastic gradient descent to speed up neural network training", "url": "http://arxiv.org/abs/1312.6186", "url_versions": "http://scholar.google.com/scholar?cluster=7870443937049790129&hl=en&as_sdt=1,5&sciodt=1,5&as_vis=1", "authors": "T Paine, H Jin, J Yang, Z Lin, T Huang - arXiv preprint arXiv:1312.6186", "excerpt": "Abstract: The ability to train large-scale neural networks has resulted in state-of-the-art performance in many areas of computer vision. These results have largely come from computational break throughs of two forms: model parallelism, eg GPU accelerated  ...", "url_pdf": null, "num_citations": 11, "cluster_id": "7870443937049790129", "year": "2013", "url_citations": "http://scholar.google.com/scholar?cites=7870443937049790129&as_sdt=2005&sciodt=1,5&hl=en"}, {"num_versions": 0, "url_citation": null, "title": "Inter-core locality aware memory access scheduling", "url": "http://scholar.google.com/https://circle.ubc.ca/handle/2429/52650", "url_versions": null, "authors": "D Li -", "excerpt": "Graphics Processing Units (GPUs) run thousands of parallel threads and achieve high Memory Level Parallelism (MLP). To support high MLP, a structure called a Miss-Status Holding Register (MSHR) handles multiple in-flight miss requests. When multiple cores  ...", "url_pdf": null, "num_citations": 1, "cluster_id": "3380836376716072949", "year": "2015", "url_citations": "http://scholar.google.com/scholar?cites=3380836376716072949&as_sdt=2005&sciodt=1,5&hl=en"}, {"num_versions": 0, "url_citation": null, "title": "SINGA: Putting Deep Learning in the Hands of Multimedia Users", "url": "http://www.comp.nus.edu.sg/%7Eooibc/singa-mm15.pdf", "url_versions": null, "authors": "W Wang, G Chen, TTA Dinh, J Gao, BC Ooi\u2026 - ACM  \u2026", "excerpt": "ABSTRACT Recently, deep learning techniques have enjoyed success in various multimedia applications, such as image classification and multimodal data analysis. Two key factors behind deep learning's remarkable achievement are the immense computing  ...", "url_pdf": "http://www.comp.nus.edu.sg/%7Eooibc/singa-mm15.pdf", "num_citations": 2, "cluster_id": "3008341242999454083", "year": "2015", "url_citations": "http://scholar.google.com/scholar?cites=3008341242999454083&as_sdt=2005&sciodt=1,5&hl=en"}, {"num_versions": 2, "url_citation": null, "title": "Project adam: Building an efficient and scalable deep learning training system", "url": "http://scholar.google.com/https://www.usenix.org/system/files/conference/osdi14/osdi14-paper-chilimbi.pdf", "url_versions": "http://scholar.google.com/scholar?cluster=16676160613959800487&hl=en&as_sdt=1,5&sciodt=1,5&as_vis=1", "authors": "T Chilimbi, Y Suzue, J Apacible\u2026 - 11th USENIX Symposium \u2026", "excerpt": "ABSTRACT Large deep neural network models have recently demonstrated state-of-the-art accuracy on hard visual recognition tasks. Unfortunately such models are extremely time consuming to train and require large amount of compute cycles. We describe the design  ...", "url_pdf": "http://scholar.google.com/https://www.usenix.org/system/files/conference/osdi14/osdi14-paper-chilimbi.pdf", "num_citations": 20, "cluster_id": "16676160613959800487", "year": "2014", "url_citations": "http://scholar.google.com/scholar?cites=16676160613959800487&as_sdt=2005&sciodt=1,5&hl=en"}, {"num_versions": 4, "url_citation": null, "title": "Deep image: Scaling up image recognition", "url": "http://arxiv.org/abs/1501.02876", "url_versions": "http://scholar.google.com/scholar?cluster=2360854032207932234&hl=en&as_sdt=1,5&sciodt=1,5&as_vis=1", "authors": "R Wu, S Yan, Y Shan, Q Dang, G Sun - arXiv preprint arXiv:1501.02876", "excerpt": "Abstract: We present a state-of-the-art image recognition system, Deep Image, developed using end-to-end deep learning. The key components are a custom-built supercomputer dedicated to deep learning, a highly optimized parallel algorithm using new strategies for  ...", "url_pdf": null, "num_citations": 17, "cluster_id": "2360854032207932234", "year": "2015", "url_citations": "http://scholar.google.com/scholar?cites=2360854032207932234&as_sdt=2005&sciodt=1,5&hl=en"}, {"num_versions": 14, "url_citation": null, "title": "Deep learning in neural networks: An overview", "url": "http://www.sciencedirect.com/science/article/pii/S0893608014002135", "url_versions": "http://scholar.google.com/scholar?cluster=15932869302045479284&hl=en&as_sdt=1,5&sciodt=1,5&as_vis=1", "authors": "J Schmidhuber - Neural Networks", "excerpt": "Abstract In recent years, deep artificial neural networks (including recurrent ones) have won numerous contests in pattern recognition and machine learning. This historical survey compactly summarizes relevant work, much of it from the previous millennium. Shallow  ...", "url_pdf": null, "num_citations": 143, "cluster_id": "15932869302045479284", "year": "2015", "url_citations": "http://scholar.google.com/scholar?cites=15932869302045479284&as_sdt=2005&sciodt=1,5&hl=en"}, {"num_versions": 9, "url_citation": null, "title": "Minerva: A scalable and highly efficient training platform for deep learning", "url": "http://www.msr-waypoint.com/pubs/232557/minerva.pdf", "url_versions": "http://scholar.google.com/scholar?cluster=21998417613168327&hl=en&as_sdt=1,5&sciodt=1,5&as_vis=1", "authors": "M Wang, T Xiao, J Li, J Zhang, C Hong, Z Zhang -", "excerpt": "Abstract The tooling landscape of deep learning is fragmented by a growing gap between the generic and productivity-oriented tools that optimize for algorithm development and the task-specific ones that optimize for speed and scale. This creates an artificial barrier to  ...", "url_pdf": "http://www.msr-waypoint.com/pubs/232557/minerva.pdf", "num_citations": 2, "cluster_id": "21998417613168327", "year": "2014", "url_citations": "http://scholar.google.com/scholar?cites=21998417613168327&as_sdt=2005&sciodt=1,5&hl=en"}, {"num_versions": 8, "url_citation": null, "title": "On parallelizability of stochastic gradient descent for speech dnns", "url": "http://ieeexplore.ieee.org/xpls/abs_all.jsp?arnumber=6853593", "url_versions": "http://scholar.google.com/scholar?cluster=17136515451612642598&hl=en&as_sdt=1,5&sciodt=1,5&as_vis=1", "authors": "F Seide, H Fu, J Droppo, G Li\u2026 - Acoustics, Speech and  \u2026", "excerpt": "ABSTRACT This paper compares the theoretical efficiency of model-parallel and data-parallel distributed stochastic gradient descent training of DNNs. For a typical Switchboard DNN with 46M parameters, the results are not pretty: With modern GPUs and  ...", "url_pdf": null, "num_citations": 15, "cluster_id": "17136515451612642598", "year": "2014", "url_citations": "http://scholar.google.com/scholar?cites=17136515451612642598&as_sdt=2005&sciodt=1,5&hl=en"}, {"num_versions": 12, "url_citation": null, "title": "1-Bit Stochastic Gradient Descent and its Application to Data-Parallel Distributed Training of Speech DNNs", "url": "http://scholar.google.com/https://mazsola.iit.uni-miskolc.hu/%7Eczap/letoltes/IS14/IS2014/PDF/AUTHOR/IS140694.PDF", "url_versions": "http://scholar.google.com/scholar?cluster=2435955231703950544&hl=en&as_sdt=1,5&sciodt=1,5&as_vis=1", "authors": "F Seide, H Fu, J Droppo, G Li\u2026 - \u2026  Annual Conference of  \u2026", "excerpt": "Abstract We show empirically that in SGD training of deep neural networks, one can, at no or nearly no loss of accuracy, quantize the gradients aggressively\u2014to but one bit per value\u2014if the quantization error is carried forward across minibatches (error feedback). This size  ...", "url_pdf": null, "num_citations": 7, "cluster_id": "2435955231703950544", "year": "2014", "url_citations": "http://scholar.google.com/scholar?cites=2435955231703950544&as_sdt=2005&sciodt=1,5&hl=en"}, {"num_versions": 5, "url_citation": null, "title": "Deep learning applications and challenges in big data analytics", "url": "http://link.springer.com/article/10.1186/s40537-014-0007-7", "url_versions": "http://scholar.google.com/scholar?cluster=2595773179114749510&hl=en&as_sdt=1,5&sciodt=1,5&as_vis=1", "authors": "MM Najafabadi, F Villanustre, TM Khoshgoftaar\u2026 - Journal of Big Data", "excerpt": "Abstract Big Data Analytics and Deep Learning are two high-focus of data science. Big Data has become important as many organizations both public and private have been collecting massive amounts of domain-specific information, which can contain useful information  ...", "url_pdf": null, "num_citations": 5, "cluster_id": "2595773179114749510", "year": "2015", "url_citations": "http://scholar.google.com/scholar?cites=2595773179114749510&as_sdt=2005&sciodt=1,5&hl=en"}, {"num_versions": 4, "url_citation": null, "title": "Handwritten character recognition by alternately trained relaxation convolutional neural network", "url": "http://ieeexplore.ieee.org/xpls/abs_all.jsp?arnumber=6981035", "url_versions": "http://scholar.google.com/scholar?cluster=11307547337730422778&hl=en&as_sdt=1,5&sciodt=1,5&as_vis=1", "authors": "C Wu, W Fan, Y He, J Sun\u2026 - Frontiers in Handwriting  \u2026", "excerpt": "Abstract\u2014Deep learning methods have recently achieved impressive performance in the area of visual recognition and speech recognition. In this paper, we propose a handwriting recognition method based on relaxation convolutional neural network (R-CNN) and  ...", "url_pdf": null, "num_citations": 4, "cluster_id": "11307547337730422778", "year": "2014", "url_citations": "http://scholar.google.com/scholar?cites=11307547337730422778&as_sdt=2005&sciodt=1,5&hl=en"}, {"num_versions": 6, "url_citation": null, "title": "cudnn: Efficient primitives for deep learning", "url": "http://arxiv.org/abs/1410.0759", "url_versions": "http://scholar.google.com/scholar?cluster=5899211555470942760&hl=en&as_sdt=1,5&sciodt=1,5&as_vis=1", "authors": "S Chetlur, C Woolley, P Vandermersch\u2026 - arXiv preprint arXiv: \u2026", "excerpt": "Abstract: We present a library that provides optimized implementations for deep learning primitives. Deep learning workloads are computationally intensive, and optimizing the kernels of deep learning workloads is difficult and time-consuming. As parallel  ...", "url_pdf": null, "num_citations": 18, "cluster_id": "5899211555470942760", "year": "2014", "url_citations": "http://scholar.google.com/scholar?cites=5899211555470942760&as_sdt=2005&sciodt=1,5&hl=en"}, {"num_versions": 0, "url_citation": null, "title": "ShiDianNao: shifting vision processing closer to the sensor", "url": "http://dl.acm.org/citation.cfm?id=2750389", "url_versions": null, "authors": "Z Du, R Fasthuber, T Chen, P Ienne, L Li\u2026 - Proceedings of the  \u2026", "excerpt": "Abstract In recent years, neural network accelerators have been shown to achieve both high energy efficiency and high performance for a broad application scope within the important category of recognition and mining applications.", "url_pdf": null, "num_citations": 0, "cluster_id": null, "year": "2015", "url_citations": null}, {"num_versions": 5, "url_citation": null, "title": "Dadiannao: A machine-learning supercomputer", "url": "http://ieeexplore.ieee.org/xpls/abs_all.jsp?arnumber=7011421", "url_versions": "http://scholar.google.com/scholar?cluster=6197973223185259372&hl=en&as_sdt=1,5&sciodt=1,5&as_vis=1", "authors": "Y Chen, T Luo, S Liu, S Zhang, L He\u2026 - \u2026  (MICRO)", "excerpt": "Abstract\u2014Many companies are deploying services, either for consumers or industry, which are largely based on machine-learning algorithms for sophisticated processing of large amounts of data. The state-of-the-art and most popular such machine-learning algorithms  ...", "url_pdf": null, "num_citations": 13, "cluster_id": "6197973223185259372", "year": "2014", "url_citations": "http://scholar.google.com/scholar?cites=6197973223185259372&as_sdt=2005&sciodt=1,5&hl=en"}, {"num_versions": 3, "url_citation": null, "title": "A tutorial survey of architectures, algorithms, and applications for deep learning", "url": "http://journals.cambridge.org/abstract_S2048770313000097", "url_versions": "http://scholar.google.com/scholar?cluster=4381743472348703222&hl=en&as_sdt=1,5&sciodt=1,5&as_vis=1", "authors": "L Deng - APSIPA Transactions on Signal and Information  \u2026", "excerpt": "Abstract In this invited paper, my overview material on the same topic as presented in the plenary overview session of APSIPA-2011 and the tutorial material presented in the same conference [1] are expanded and updated to include more recent developments in deep  ...", "url_pdf": null, "num_citations": 18, "cluster_id": "4381743472348703222", "year": "2014", "url_citations": "http://scholar.google.com/scholar?cites=4381743472348703222&as_sdt=2005&sciodt=1,5&hl=en"}, {"num_versions": 3, "url_citation": null, "title": "Towards big topic modeling", "url": "http://arxiv.org/abs/1311.4150", "url_versions": "http://scholar.google.com/scholar?cluster=16850956063132012002&hl=en&as_sdt=1,5&sciodt=1,5&as_vis=1", "authors": "JF Yan, J Zeng, ZQ Liu, Y Gao - arXiv preprint arXiv:1311.4150", "excerpt": "Abstract: To solve the big topic modeling problem, we need to reduce both time and space complexities of batch latent Dirichlet allocation (LDA) algorithms. Although parallel LDA algorithms on the multi-processor architecture have low time and space complexities, their  ...", "url_pdf": null, "num_citations": 4, "cluster_id": "16850956063132012002", "year": "2013", "url_citations": "http://scholar.google.com/scholar?cites=16850956063132012002&as_sdt=2005&sciodt=1,5&hl=en"}, {"num_versions": 3, "url_citation": null, "title": "Dropout Rademacher complexity of deep neural networks", "url": "http://arxiv.org/abs/1402.3811", "url_versions": "http://scholar.google.com/scholar?cluster=3478384675458553396&hl=en&as_sdt=1,5&sciodt=1,5&as_vis=1", "authors": "W Gao, ZH Zhou - arXiv preprint arXiv:1402.3811", "excerpt": "Abstract: Great successes of deep neural networks have been witnessed in various real applications. Many algorithmic and implementation techniques have been developed, however, theoretical understanding of many aspects of deep neural networks is far from  ...", "url_pdf": null, "num_citations": 1, "cluster_id": "3478384675458553396", "year": "2014", "url_citations": "http://scholar.google.com/scholar?cites=3478384675458553396&as_sdt=2005&sciodt=1,5&hl=en"}, {"num_versions": 3, "url_citation": null, "title": "DeepSpeech: Scaling up end-to-end speech recognition", "url": "http://arxiv.org/abs/1412.5567", "url_versions": "http://scholar.google.com/scholar?cluster=13646243124343983110&hl=en&as_sdt=1,5&sciodt=1,5&as_vis=1", "authors": "A Hannun, C Case, J Casper, B Catanzaro\u2026 - arXiv preprint arXiv: \u2026", "excerpt": "Abstract: We present a state-of-the-art speech recognition system developed using end-to-end deep learning. Our architecture is significantly simpler than traditional speech systems, which rely on laboriously engineered processing pipelines; these traditional systems also  ...", "url_pdf": null, "num_citations": 34, "cluster_id": "13646243124343983110", "year": "2014", "url_citations": "http://scholar.google.com/scholar?cites=13646243124343983110&as_sdt=2005&sciodt=1,5&hl=en"}, {"num_versions": 0, "url_citation": null, "title": "Neural Networks for Runtime Verification", "url": "http://ieeexplore.ieee.org/xpls/abs_all.jsp?arnumber=6889961", "url_versions": null, "authors": "A Perotti, A d'Avila Garcez\u2026 - Neural Networks (IJCNN),  \u2026", "excerpt": "Abstract\u2014A recent trend in High-Performance Computation is parallel computing, and the field of Neural Networks is showing impressive improvements in performance, especially with the use of GPU accelerators. In this paper, we use neural networks to improve the  ...", "url_pdf": null, "num_citations": 2, "cluster_id": "9699344098127822672", "year": "2014", "url_citations": "http://scholar.google.com/scholar?cites=9699344098127822672&as_sdt=2005&sciodt=1,5&hl=en"}, {"num_versions": 4, "url_citation": null, "title": "Diannao: A small-footprint high-throughput accelerator for ubiquitous machine-learning", "url": "http://dl.acm.org/citation.cfm?id=2541967", "url_versions": "http://scholar.google.com/scholar?cluster=1688906332146711439&hl=en&as_sdt=1,5&sciodt=1,5&as_vis=1", "authors": "T Chen, Z Du, N Sun, J Wang, C Wu, Y Chen\u2026 - ACM SIGPLAN  \u2026", "excerpt": "Abstract Machine-Learning tasks are becoming pervasive in a broad range of domains, and in a broad range of systems (from embedded systems to data centers). At the same time, a small set of machine-learning algorithms (especially Convolutional and Deep Neural  ...", "url_pdf": null, "num_citations": 39, "cluster_id": "1688906332146711439", "year": "2014", "url_citations": "http://scholar.google.com/scholar?cites=1688906332146711439&as_sdt=2005&sciodt=1,5&hl=en"}, {"num_versions": 2, "url_citation": null, "title": "Large scale recurrent neural network on gpu", "url": "http://ieeexplore.ieee.org/xpls/abs_all.jsp?arnumber=6889433", "url_versions": "http://scholar.google.com/scholar?cluster=5837626727075190838&hl=en&as_sdt=1,5&sciodt=1,5&as_vis=1", "authors": "B Li, E Zhou, B Huang, J Duan, Y Wang\u2026 - \u2026  Joint Conference on", "excerpt": "Abstract\u2014Large scale artificial neural networks (ANNs) have been widely used in data processing applications. The recurrent neural network (RNN) is a special type of neural network equipped with additional recurrent connections. Such a unique architecture  ...", "url_pdf": null, "num_citations": 3, "cluster_id": "5837626727075190838", "year": "2014", "url_citations": "http://scholar.google.com/scholar?cites=5837626727075190838&as_sdt=2005&sciodt=1,5&hl=en"}, {"num_versions": 2, "url_citation": null, "title": "My first Deep Learning system of 1991+ Deep Learning timeline 1962-2013", "url": "http://arxiv.org/abs/1312.5548", "url_versions": "http://scholar.google.com/scholar?cluster=16468245772579964150&hl=en&as_sdt=1,5&sciodt=1,5&as_vis=1", "authors": "J Schmidhuber - arXiv preprint arXiv:1312.5548", "excerpt": "Abstract Deep Learning has attracted significant attention in recent years. Here I present a brief overview of my first Deep Learner of 1991, and its historic context, with a timeline of Deep Learning highlights. Note: As a machine learning researcher I am obsessed with proper credit  ... ", "url_pdf": null, "num_citations": 2, "cluster_id": "16468245772579964150", "year": "2013", "url_citations": "http://scholar.google.com/scholar?cites=16468245772579964150&as_sdt=2005&sciodt=1,5&hl=en"}, {"num_versions": 0, "url_citation": null, "title": "Deep Learning", "url": "http://www.iro.umontreal.ca/%7Ebengioy/dlbook/front_matter.pdf", "url_versions": null, "authors": "Y Bengio, IJ Goodfellow, A Courville -", "excerpt": "2.1 Scalars, Vectors, Matrices and Tensors . . . . . . . . . . . . . . . . . . . 20 2.2 Multiplying Matrices and Vectors . . . . . . . . . . . . . . . . . . . . . . 22 2.3 Identity and Inverse Matrices . . . . . . . . . . . . . . . . . . . . . . . . 24 2.4 Linear Dependence, Span, and Rank . . . . . . . . . . . . . . . . . . . . 25 2.5 Norms . . . . . .  ... ", "url_pdf": "http://www.iro.umontreal.ca/%7Ebengioy/dlbook/front_matter.pdf", "num_citations": 14, "cluster_id": "12148644736204109944", "year": "2015", "url_citations": "http://scholar.google.com/scholar?cites=12148644736204109944&as_sdt=2005&sciodt=1,5&hl=en"}, {"num_versions": 2, "url_citation": null, "title": "Audio-visual speech recognition using deep learning", "url": "http://link.springer.com/article/10.1007/s10489-014-0629-7", "url_versions": "http://scholar.google.com/scholar?cluster=16599230630067277645&hl=en&as_sdt=1,5&sciodt=1,5&as_vis=1", "authors": "K Noda, Y Yamaguchi, K Nakadai, HG Okuno\u2026 - Applied Intelligence", "excerpt": "Abstract Audio-visual speech recognition (AVSR) system is thought to be one of the most promising solutions for reliable speech recognition, particularly when the audio is corrupted by noise. However, cautious selection of sensory features is crucial for attaining high  ...", "url_pdf": null, "num_citations": 4, "cluster_id": "16599230630067277645", "year": "2015", "url_citations": "http://scholar.google.com/scholar?cites=16599230630067277645&as_sdt=2005&sciodt=1,5&hl=en"}, {"num_versions": 8, "url_citation": null, "title": "Towards an understanding of facets and exemplars of big data applications", "url": "http://cgl.soic.indiana.edu/publications/OgrePaperv11.pdf", "url_versions": "http://scholar.google.com/scholar?cluster=13615514042658653590&hl=en&as_sdt=1,5&sciodt=1,5&as_vis=1", "authors": "GC Fox, S Jha, J Qiu, A Luckow - In proceedings of Workshop:  \u2026", "excerpt": "Abstract We study many Big Data applications from a variety of research and commercial areas and suggest a set of characteristic features and possible kernel benchmarks that stress those features for data analytics. We draw conclusions for the hardware and  ...", "url_pdf": "http://cgl.soic.indiana.edu/publications/OgrePaperv11.pdf", "num_citations": 4, "cluster_id": "13615514042658653590", "year": "2014", "url_citations": "http://scholar.google.com/scholar?cites=13615514042658653590&as_sdt=2005&sciodt=1,5&hl=en"}, {"num_versions": 3, "url_citation": null, "title": "Towards the Quantum Machine: Using Scalable Machine Learning Methods to Predict Photovoltaic Efficacy of Organic Molecules", "url": "http://dash.harvard.edu/handle/1/12553271", "url_versions": "http://scholar.google.com/scholar?cluster=12521268872575792227&hl=en&as_sdt=1,5&sciodt=1,5&as_vis=1", "authors": "MA Tingley -", "excerpt": "Recent advances in machine learning have resulted in an upsurge of interest in developing a \u201cquantum machine\u201d, a technique of simulating and predicting quantum-chemical properties on the molecular level. This paper explores the development of a large-scale  ...", "url_pdf": null, "num_citations": 1, "cluster_id": "12521268872575792227", "year": "2014", "url_citations": "http://scholar.google.com/scholar?cites=12521268872575792227&as_sdt=2005&sciodt=1,5&hl=en"}, {"num_versions": 2, "url_citation": null, "title": "Deep learning for class-generic object detection", "url": "http://arxiv.org/abs/1312.6885", "url_versions": "http://scholar.google.com/scholar?cluster=15743905856890198879&hl=en&as_sdt=1,5&sciodt=1,5&as_vis=1", "authors": "B Huval, A Coates, A Ng - arXiv preprint arXiv:1312.6885", "excerpt": "Abstract: We investigate the use of deep neural networks for the novel task of class generic object detection. We show that neural networks originally designed for image recognition can be trained to detect objects within images, regardless of their class, including objects  ...", "url_pdf": null, "num_citations": 2, "cluster_id": "15743905856890198879", "year": "2013", "url_citations": "http://scholar.google.com/scholar?cites=15743905856890198879&as_sdt=2005&sciodt=1,5&hl=en"}, {"num_versions": 2, "url_citation": null, "title": "Mariana: Tencent deep learning platform and its applications", "url": "http://dl.acm.org/citation.cfm?id=2733082", "url_versions": "http://scholar.google.com/scholar?cluster=5379300301162552709&hl=en&as_sdt=1,5&sciodt=1,5&as_vis=1", "authors": "Y Zou, X Jin, Y Li, Z Guo, E Wang, B Xiao - Proceedings of the VLDB  \u2026", "excerpt": "Abstract Deep learning gains lots of attentions in recent years and is more and more important for mining values in big data. However, to make deep learning practical for a wide range of applications in Tencent Inc., three requirements must be considered: 1) Lots of  ...", "url_pdf": null, "num_citations": 2, "cluster_id": "5379300301162552709", "year": "2014", "url_citations": "http://scholar.google.com/scholar?cites=5379300301162552709&as_sdt=2005&sciodt=1,5&hl=en"}, {"num_versions": 5, "url_citation": null, "title": "Predicting parameters in deep learning", "url": "http://papers.nips.cc/paper/5025-predicting-parameters-in-deep-learning", "url_versions": "http://scholar.google.com/scholar?cluster=3093470738968962121&hl=en&as_sdt=1,5&sciodt=1,5&as_vis=1", "authors": "M Denil, B Shakibi, L Dinh, N de Freitas - Advances in Neural  \u2026", "excerpt": "Abstract We demonstrate that there is significant redundancy in the parameterization of several deep learning models. Given only a few weight values for each feature it is possible to accurately predict the remaining values. Moreover, we show that not only can the  ...", "url_pdf": null, "num_citations": 30, "cluster_id": "3093470738968962121", "year": "2013", "url_citations": "http://scholar.google.com/scholar?cites=3093470738968962121&as_sdt=2005&sciodt=1,5&hl=en"}, {"num_versions": 5, "url_citation": null, "title": "An unsupervised feature learning framework for basal cell carcinoma image analysis", "url": "http://www.sciencedirect.com/science/article/pii/S0933365715000445", "url_versions": "http://scholar.google.com/scholar?cluster=209518194104176915&hl=en&as_sdt=1,5&sciodt=1,5&as_vis=1", "authors": "J Arevalo, A Cruz-Roa, V Arias, E Romero\u2026 - Artificial intelligence in  \u2026", "excerpt": "Objective The paper addresses the problem of automatic detection of basal cell carcinoma (BCC) in histopathology images. In particular, it proposes a framework to both, learn the image representation in an unsupervised way and visualize discriminative features  ...", "url_pdf": null, "num_citations": 3, "cluster_id": "209518194104176915", "year": "2015", "url_citations": "http://scholar.google.com/scholar?cites=209518194104176915&as_sdt=2005&sciodt=1,5&hl=en"}, {"num_versions": 4, "url_citation": null, "title": "One weird trick for parallelizing convolutional neural networks", "url": "http://arxiv.org/abs/1404.5997", "url_versions": "http://scholar.google.com/scholar?cluster=9872353648897735919&hl=en&as_sdt=1,5&sciodt=1,5&as_vis=1", "authors": "A Krizhevsky - arXiv preprint arXiv:1404.5997", "excerpt": "Abstract: I present a new way to parallelize the training of convolutional neural networks across multiple GPUs. The method scales significantly better than all alternatives when applied to modern convolutional neural networks.", "url_pdf": null, "num_citations": 31, "cluster_id": "9872353648897735919", "year": "2014", "url_citations": "http://scholar.google.com/scholar?cites=9872353648897735919&as_sdt=2005&sciodt=1,5&hl=en"}, {"num_versions": 0, "url_citation": null, "title": "A Small-Footprint Accelerator for Large-Scale Neural Networks", "url": "http://dl.acm.org/citation.cfm?id=2701417", "url_versions": null, "authors": "T Chen, S Zhang, S Liu, Z Du, T Luo, Y Gao\u2026 - ACM Transactions on  \u2026", "excerpt": "Abstract Machine-learning tasks are becoming pervasive in a broad range of domains, and in a broad range of systems (from embedded systems to data centers). At the same time, a small set of machine-learning algorithms (especially Convolutional and Deep Neural  ...", "url_pdf": null, "num_citations": 1, "cluster_id": "1623845715977528368", "year": "2015", "url_citations": "http://scholar.google.com/scholar?cites=1623845715977528368&as_sdt=2005&sciodt=1,5&hl=en"}, {"num_versions": 2, "url_citation": null, "title": "Approximate computing on programmable socs via neural acceleration", "url": "http://scholar.google.com/ftp://ftp.cs.washington.edu/tr/2014/05/UW-CSE-14-05-01.PDF", "url_versions": "http://scholar.google.com/scholar?cluster=11995461835057958917&hl=en&as_sdt=1,5&sciodt=1,5&as_vis=1", "authors": "T Moreau, J Nelson, A Sampson, H Esmaeilzadeh\u2026 -", "excerpt": "Abstract Processor designs for portable, ubiquitous computing devices such as cell phones have widely incorporated hardware accelerators to support energy-efficient execution of common tasks. Porting applications to take advantage of these resources is often a difficult  ...", "url_pdf": null, "num_citations": 1, "cluster_id": "11995461835057958917", "year": "2014", "url_citations": "http://scholar.google.com/scholar?cites=11995461835057958917&as_sdt=2005&sciodt=1,5&hl=en"}, {"num_versions": 3, "url_citation": null, "title": "Increasing Deep Neural Network Acoustic Model Size for Large Vocabulary Continuous Speech Recognition", "url": "http://arxiv.org/abs/1406.7806", "url_versions": "http://scholar.google.com/scholar?cluster=7219869125963443632&hl=en&as_sdt=1,5&sciodt=1,5&as_vis=1", "authors": "AL Maas, AY Hannun, CT Lengerich, P Qi\u2026 - arXiv preprint arXiv: \u2026", "excerpt": "Abstract: Deep neural networks (DNNs) are now a central component of nearly all state-of-the-art speech recognition systems. Part of the promise of DNNs is their ability to represent increasingly complex functions as the number of DNN parameters increases. This paper  ...", "url_pdf": null, "num_citations": 2, "cluster_id": "7219869125963443632", "year": "2014", "url_citations": "http://scholar.google.com/scholar?cites=7219869125963443632&as_sdt=2005&sciodt=1,5&hl=en"}, {"num_versions": 3, "url_citation": null, "title": "Energy efficient neural networks for big data analytics", "url": "http://ieeexplore.ieee.org/xpls/abs_all.jsp?arnumber=6800559", "url_versions": "http://scholar.google.com/scholar?cluster=6619401596097921096&hl=en&as_sdt=1,5&sciodt=1,5&as_vis=1", "authors": "Y Wang, B Li, R Luo, Y Chen, N Xu\u2026 - \u2026 , Automation and Test  \u2026", "excerpt": "Abstract\u2014The world is experiencing a data revolution to discover knowledge in big data. Large scale neural networks are one of the mainstream tools of big data analytics. Processing big data with large scale neural networks includes two phases: the training  ...", "url_pdf": null, "num_citations": 7, "cluster_id": "6619401596097921096", "year": "2014", "url_citations": "http://scholar.google.com/scholar?cites=6619401596097921096&as_sdt=2005&sciodt=1,5&hl=en"}, {"num_versions": 3, "url_citation": null, "title": "A Data-Reuse Aware Accelerator for Large-Scale Convolutional Networks", "url": "http://purl.tue.nl/388154556519542.pdf", "url_versions": "http://scholar.google.com/scholar?cluster=6007434855014891859&hl=en&as_sdt=1,5&sciodt=1,5&as_vis=1", "authors": "M Peemen, B Mesman, H Corporaal -", "excerpt": "Abstract This paper presents a clustered SIMD accelerator template for Convolutional Networks. These networks significantly outperform other methods in detection and classification tasks in the vision domain. Due to the excessive compute and data transfer  ...", "url_pdf": "http://purl.tue.nl/388154556519542.pdf", "num_citations": 1, "cluster_id": "6007434855014891859", "year": "2014", "url_citations": "http://scholar.google.com/scholar?cites=6007434855014891859&as_sdt=2005&sciodt=1,5&hl=en"}, {"num_versions": 8, "url_citation": null, "title": "SNNAP: Approximate computing on programmable SoCs via neural acceleration", "url": "http://ieeexplore.ieee.org/xpls/abs_all.jsp?arnumber=7056066", "url_versions": "http://scholar.google.com/scholar?cluster=14493749972289302288&hl=en&as_sdt=1,5&sciodt=1,5&as_vis=1", "authors": "T Moreau, M Wyse, J Nelson\u2026 - \u2026  (HPCA)", "excerpt": "Abstract\u2014Many applications that can take advantage of accelerators are amenable to approximate execution. Past work has shown that neural acceleration is a viable way to accelerate approximate code. In light of the growing availability of on-chip field- ...", "url_pdf": null, "num_citations": 7, "cluster_id": "14493749972289302288", "year": "2015", "url_citations": "http://scholar.google.com/scholar?cites=14493749972289302288&as_sdt=2005&sciodt=1,5&hl=en"}, {"num_versions": 0, "url_citation": null, "title": "Learning both Weights and Connections for Efficient Neural Networks", "url": "http://arxiv.org/abs/1506.02626", "url_versions": null, "authors": "S Han, J Pool, J Tran, WJ Dally - arXiv preprint arXiv:1506.02626", "excerpt": "Abstract: Neural networks are both computationally intensive and memory intensive, making them difficult to deploy on embedded systems. Also, conventional networks fix the architecture before training starts; as a result, training cannot improve the architecture. To  ...", "url_pdf": null, "num_citations": 1, "cluster_id": "3024080172411649140", "year": "2015", "url_citations": "http://scholar.google.com/scholar?cites=3024080172411649140&as_sdt=2005&sciodt=1,5&hl=en"}, {"num_versions": 2, "url_citation": null, "title": "Deep representations for iris, face, and fingerprint spoofing attack detection", "url": "http://arxiv.org/abs/1410.1980", "url_versions": "http://scholar.google.com/scholar?cluster=17209007436560168741&hl=en&as_sdt=1,5&sciodt=1,5&as_vis=1", "authors": "D Menotti, G Chiachia, A Pinto, WR Schwartz\u2026 - arXiv preprint arXiv: \u2026", "excerpt": "Abstract: Biometrics systems have drastically improved person identification and/or authentication, playing an important role in personal, national, and global security. However, such systems might be deceived or\" spoofed\" and, despite the advances in spoofing  ...", "url_pdf": null, "num_citations": 1, "cluster_id": "17209007436560168741", "year": "2014", "url_citations": "http://scholar.google.com/scholar?cites=17209007436560168741&as_sdt=2005&sciodt=1,5&hl=en"}, {"num_versions": 12, "url_citation": null, "title": "Foundations and Trends\u00ae in Signal Processing", "url": "http://research.microsoft.com:8082/pubs/209355/DeepLearning-NowPublishing-Vol7-SIG-039.pdf", "url_versions": "http://scholar.google.com/scholar?cluster=15981304847159836793&hl=en&as_sdt=1,5&sciodt=1,5&as_vis=1", "authors": "L Deng, Y Dong - Signal Processing", "excerpt": "7.1. Acoustic modeling for speech recognition 263 industrial researchers; see reviews in [8 9, 161]. The collaborative work started in phone recognition tasks [89, 100, 135, 136, 257, 260, 258, 309, 311, 334], demonstrating the power of hybrid DNN architectures discussed  ...", "url_pdf": "http://research.microsoft.com:8082/pubs/209355/DeepLearning-NowPublishing-Vol7-SIG-039.pdf", "num_citations": 3, "cluster_id": "15981304847159836793", "year": "2014", "url_citations": "http://scholar.google.com/scholar?cites=15981304847159836793&as_sdt=2005&sciodt=1,5&hl=en"}]