[{"num_versions": 19, "url_citation": null, "title": "Grounded compositional semantics for finding and describing images with sentences", "url": "http://scholar.google.com/https://tacl2013.cs.columbia.edu/ojs/index.php/tacl/article/view/325", "url_versions": "http://scholar.google.com/scholar?cluster=8535617555901469791&hl=en&as_sdt=1,5&sciodt=1,5&as_vis=1", "authors": "R Socher, A Karpathy, QV Le\u2026 - Transactions of the  \u2026", "excerpt": "Abstract Previous work on Recursive Neural Networks (RNNs) shows that these models can produce compositional feature vectors for accurately representing and classifying sentences or images. However, the sentence vectors of previous models cannot accurately represent  ...", "url_pdf": null, "num_citations": 80, "cluster_id": "8535617555901469791", "year": "2014", "url_citations": "http://scholar.google.com/scholar?cites=8535617555901469791&as_sdt=2005&sciodt=1,5&hl=en"}, {"num_versions": 8, "url_citation": null, "title": "Multilingual acoustic models using distributed deep neural networks", "url": "http://ieeexplore.ieee.org/xpls/abs_all.jsp?arnumber=6639348", "url_versions": "http://scholar.google.com/scholar?cluster=3495783482923534766&hl=en&as_sdt=1,5&sciodt=1,5&as_vis=1", "authors": "G Heigold, V Vanhoucke, A Senior\u2026 - \u2026 , Speech and Signal  \u2026", "excerpt": "ABSTRACT Today's speech recognition technology is mature enough to be useful for many practical applications. In this context, it is of paramount importance to train accurate acoustic models for many languages within given resource constraints such as data, processing  ...", "url_pdf": null, "num_citations": 67, "cluster_id": "3495783482923534766", "year": "2013", "url_citations": "http://scholar.google.com/scholar?cites=3495783482923534766&as_sdt=2005&sciodt=1,5&hl=en"}, {"num_versions": 20, "url_citation": null, "title": "Learning and transferring mid-level image representations using convolutional neural networks", "url": "http://ieeexplore.ieee.org/xpls/abs_all.jsp?arnumber=6909618", "url_versions": "http://scholar.google.com/scholar?cluster=13115880976368523375&hl=en&as_sdt=1,5&sciodt=1,5&as_vis=1", "authors": "M Oquab, L Bottou, I Laptev\u2026 - Computer Vision and  \u2026", "excerpt": "Abstract Convolutional neural networks (CNN) have recently shown outstanding image classification performance in the largescale visual recognition challenge (ILSVRC2012). The success of CNNs is attributed to their ability to learn rich midlevel image  ...", "url_pdf": null, "num_citations": 143, "cluster_id": "13115880976368523375", "year": "2014", "url_citations": "http://scholar.google.com/scholar?cites=13115880976368523375&as_sdt=2005&sciodt=1,5&hl=en"}, {"num_versions": 14, "url_citation": null, "title": "Real-time classification and sensor fusion with a spiking deep belief network", "url": "http://www.ncbi.nlm.nih.gov/pmc/articles/PMC3792559/", "url_versions": "http://scholar.google.com/scholar?cluster=7776536154562292662&hl=en&as_sdt=1,5&sciodt=1,5&as_vis=1", "authors": "P O'Connor, D Neil, SC Liu, T Delbruck\u2026 - Frontiers in  \u2026", "excerpt": "Abstract Deep Belief Networks (DBNs) have recently shown impressive performance on a broad range of classification problems. Their generative properties allow better understanding of the performance, and provide a simpler solution for sensor fusion tasks.  ...", "url_pdf": null, "num_citations": 41, "cluster_id": "7776536154562292662", "year": "2013", "url_citations": "http://scholar.google.com/scholar?cites=7776536154562292662&as_sdt=2005&sciodt=1,5&hl=en"}, {"num_versions": 15, "url_citation": null, "title": "Large scale distributed deep networks", "url": "http://papers.nips.cc/paper/4687-large-scale-distributed-deep-networks", "url_versions": "http://scholar.google.com/scholar?cluster=9220704513857531974&hl=en&as_sdt=1,5&sciodt=1,5&as_vis=1", "authors": "J Dean, G Corrado, R Monga, K Chen\u2026 - Advances in Neural  \u2026", "excerpt": "Abstract Recent work in unsupervised feature learning and deep learning has shown that being able to train large models can dramatically improve performance. In this paper, we consider the problem of training a deep network with billions of parameters using tens of  ...", "url_pdf": null, "num_citations": 325, "cluster_id": "9220704513857531974", "year": "2012", "url_citations": "http://scholar.google.com/scholar?cites=9220704513857531974&as_sdt=2005&sciodt=1,5&hl=en"}, {"num_versions": 5, "url_citation": null, "title": "Deep neural networks for object detection", "url": "http://papers.nips.cc/paper/5207-deep", "url_versions": "http://scholar.google.com/scholar?cluster=5329041543478510378&hl=en&as_sdt=1,5&sciodt=1,5&as_vis=1", "authors": "C Szegedy, A Toshev, D Erhan - Advances in Neural Information  \u2026", "excerpt": "Abstract Deep Neural Networks (DNNs) have recently shown outstanding performance on the task of whole image classification. In this paper we go one step further and address the problem of object detection--not only classifying but also precisely localizing objects of  ...", "url_pdf": null, "num_citations": 73, "cluster_id": "5329041543478510378", "year": "2013", "url_citations": "http://scholar.google.com/scholar?cites=5329041543478510378&as_sdt=2005&sciodt=1,5&hl=en"}, {"num_versions": 7, "url_citation": null, "title": "Word spotting in the wild", "url": "http://link.springer.com/chapter/10.1007/978-3-642-15549-9_43", "url_versions": "http://scholar.google.com/scholar?cluster=9200622899145384389&hl=en&as_sdt=1,5&sciodt=1,5&as_vis=1", "authors": "K Wang, S Belongie -", "excerpt": "Abstract We present a method for spotting words in the wild, ie, in real images taken in unconstrained environments. Text found in the wild has a surprising range of difficulty. At one end of the spectrum, Optical Character Recognition (OCR) applied to scanned pages  ...", "url_pdf": null, "num_citations": 145, "cluster_id": "9200622899145384389", "year": "2010", "url_citations": "http://scholar.google.com/scholar?cites=9200622899145384389&as_sdt=2005&sciodt=1,5&hl=en"}, {"num_versions": 6, "url_citation": null, "title": "Deep fragment embeddings for bidirectional image sentence mapping", "url": "http://papers.nips.cc/paper/5281-deep-fragment-embeddings-for-bidirectional-image-sentence-mapping", "url_versions": "http://scholar.google.com/scholar?cluster=17268489282982414918&hl=en&as_sdt=1,5&sciodt=1,5&as_vis=1", "authors": "A Karpathy, A Joulin, FFF Li - Advances in neural information  \u2026", "excerpt": "Abstract We introduce a model for bidirectional retrieval of images and sentences through a deep, multi-modal embedding of visual and natural language data. Unlike previous models that directly map images or sentences into a common embedding space, our model works  ...", "url_pdf": null, "num_citations": 48, "cluster_id": "17268489282982414918", "year": "2014", "url_citations": "http://scholar.google.com/scholar?cites=17268489282982414918&as_sdt=2005&sciodt=1,5&hl=en"}, {"num_versions": 10, "url_citation": null, "title": "Deep learning of representations: Looking forward", "url": "http://link.springer.com/chapter/10.1007/978-3-642-39593-2_1", "url_versions": "http://scholar.google.com/scholar?cluster=16988628068303769209&hl=en&as_sdt=1,5&sciodt=1,5&as_vis=1", "authors": "Y Bengio - Statistical Language and Speech Processing", "excerpt": "Abstract Deep learning research aims at discovering learning algorithms that discover multiple levels of distributed representations, with higher levels representing more abstract concepts. Although the study of deep learning has already led to impressive theoretical  ...", "url_pdf": null, "num_citations": 86, "cluster_id": "16988628068303769209", "year": "2013", "url_citations": "http://scholar.google.com/scholar?cites=16988628068303769209&as_sdt=2005&sciodt=1,5&hl=en"}, {"num_versions": 20, "url_citation": null, "title": "Deep learning for detecting robotic grasps", "url": "http://ijr.sagepub.com/content/34/4-5/705.short", "url_versions": "http://scholar.google.com/scholar?cluster=2866321627490206847&hl=en&as_sdt=1,5&sciodt=1,5&as_vis=1", "authors": "I Lenz, H Lee, A Saxena - The International Journal of Robotics  \u2026", "excerpt": "Abstract We consider the problem of detecting robotic grasps in an RGB-D view of a scene containing objects. In this work, we apply a deep learning approach to solve this problem, which avoids time-consuming hand-design of features. This presents two main challenges ...", "url_pdf": null, "num_citations": 48, "cluster_id": "2866321627490206847", "year": "2015", "url_citations": "http://scholar.google.com/scholar?cites=2866321627490206847&as_sdt=2005&sciodt=1,5&hl=en"}, {"num_versions": 16, "url_citation": null, "title": "New types of deep neural network learning for speech recognition and related applications: An overview", "url": "http://ieeexplore.ieee.org/xpls/abs_all.jsp?arnumber=6639344", "url_versions": "http://scholar.google.com/scholar?cluster=10871829039953032247&hl=en&as_sdt=1,5&sciodt=1,5&as_vis=1", "authors": "L Deng, G Hinton, B Kingsbury - Acoustics, Speech and Signal  \u2026", "excerpt": "ABSTRACT In this paper, we provide an overview of the invited and contributed papers presented at the special session at ICASSP-2013, entitled \u201cNew Types of Deep Neural Network Learning for Speech Recognition and Related Applications,\u201d as organized by the  ...", "url_pdf": null, "num_citations": 82, "cluster_id": "10871829039953032247", "year": "2013", "url_citations": "http://scholar.google.com/scholar?cites=10871829039953032247&as_sdt=2005&sciodt=1,5&hl=en"}, {"num_versions": 8, "url_citation": null, "title": "Synaptic electronics: materials, devices and applications", "url": "http://iopscience.iop.org/0957-4484/24/38/382001", "url_versions": "http://scholar.google.com/scholar?cluster=9620751420114712639&hl=en&as_sdt=1,5&sciodt=1,5&as_vis=1", "authors": "D Kuzum, S Yu, HSP Wong - Nanotechnology", "excerpt": "Abstract In this paper, the recent progress of synaptic electronics is reviewed. The basics of biological synaptic plasticity and learning are described. The material properties and electrical switching characteristics of a variety of synaptic devices are discussed, with a  ...", "url_pdf": null, "num_citations": 67, "cluster_id": "9620751420114712639", "year": "2013", "url_citations": "http://scholar.google.com/scholar?cites=9620751420114712639&as_sdt=2005&sciodt=1,5&hl=en"}, {"num_versions": 14, "url_citation": null, "title": "Deep learning in neural networks: An overview", "url": "http://www.sciencedirect.com/science/article/pii/S0893608014002135", "url_versions": "http://scholar.google.com/scholar?cluster=15932869302045479284&hl=en&as_sdt=1,5&sciodt=1,5&as_vis=1", "authors": "J Schmidhuber - Neural Networks", "excerpt": "Abstract In recent years, deep artificial neural networks (including recurrent ones) have won numerous contests in pattern recognition and machine learning. This historical survey compactly summarizes relevant work, much of it from the previous millennium. Shallow  ...", "url_pdf": null, "num_citations": 143, "cluster_id": "15932869302045479284", "year": "2015", "url_citations": "http://scholar.google.com/scholar?cites=15932869302045479284&as_sdt=2005&sciodt=1,5&hl=en"}, {"num_versions": 2, "url_citation": null, "title": "The quantified self: Fundamental disruption in big data science and biological discovery", "url": "http://online.liebertpub.com/doi/abs/10.1089/big.2012.0002", "url_versions": "http://scholar.google.com/scholar?cluster=3436562428123343253&hl=en&as_sdt=1,5&sciodt=1,5&as_vis=1", "authors": "M Swan - Big Data", "excerpt": "Abstract A key contemporary trend emerging in big data science is the quantified self (QS)\u2013individuals engaged in the self-tracking of any kind of biological, physical, behavioral, or environmental information as n= 1 individuals or in groups. There are opportunities for big  ...", "url_pdf": null, "num_citations": 95, "cluster_id": "3436562428123343253", "year": "2013", "url_citations": "http://scholar.google.com/scholar?cites=3436562428123343253&as_sdt=2005&sciodt=1,5&hl=en"}, {"num_versions": 9, "url_citation": null, "title": "Deep fisher networks for large-scale image classification", "url": "http://papers.nips.cc/paper/4926-deep-fisher-networks-for-large-scale-image-classification", "url_versions": "http://scholar.google.com/scholar?cluster=10124887790250697130&hl=en&as_sdt=1,5&sciodt=1,5&as_vis=1", "authors": "K Simonyan, A Vedaldi, A Zisserman - Advances in neural  \u2026", "excerpt": "Abstract As massively parallel computations have become broadly available with modern GPUs, deep architectures trained on very large datasets have risen in popularity. Discriminatively trained convolutional neural networks, in particular, were recently shown  ...", "url_pdf": null, "num_citations": 51, "cluster_id": "10124887790250697130", "year": "2013", "url_citations": "http://scholar.google.com/scholar?cites=10124887790250697130&as_sdt=2005&sciodt=1,5&hl=en"}, {"num_versions": 17, "url_citation": null, "title": "Convolutional-recursive deep learning for 3d object classification", "url": "http://machinelearning.wustl.edu/mlpapers/paper_files/NIPS2012_0304.pdf", "url_versions": "http://scholar.google.com/scholar?cluster=6693756062088563335&hl=en&as_sdt=1,5&sciodt=1,5&as_vis=1", "authors": "R Socher, B Huval, B Bath\u2026 - Advances in Neural  \u2026", "excerpt": "Abstract Recent advances in 3D sensing technologies make it possible to easily record color and depth images which together can improve object recognition. Most current methods rely on very well-designed features for this new 3D modality. We introduce a model based on  ...", "url_pdf": "http://machinelearning.wustl.edu/mlpapers/paper_files/NIPS2012_0304.pdf", "num_citations": 77, "cluster_id": "6693756062088563335", "year": "2012", "url_citations": "http://scholar.google.com/scholar?cites=6693756062088563335&as_sdt=2005&sciodt=1,5&hl=en"}, {"num_versions": 6, "url_citation": null, "title": "Polanyi's paradox and the shape of employment growth", "url": "http://www.nber.org/papers/w20485", "url_versions": "http://scholar.google.com/scholar?cluster=8496891571559237463&hl=en&as_sdt=1,5&sciodt=1,5&as_vis=1", "authors": "D Autor -", "excerpt": "ABSTRACT In 1966, the philosopher Michael Polanyi observed,\u201cWe can know more than we can tell... The skill of a driver cannot be replaced by a thorough schooling in the theory of the motorcar; the knowledge I have of my own body differs altogether from the knowledge of  ...", "url_pdf": null, "num_citations": 42, "cluster_id": "8496891571559237463", "year": "2014", "url_citations": "http://scholar.google.com/scholar?cites=8496891571559237463&as_sdt=2005&sciodt=1,5&hl=en"}, {"num_versions": 5, "url_citation": null, "title": "Sequence to sequence learning with neural networks", "url": "http://papers.nips.cc/paper/5346-information-based-learning-by-agents-in-unbounded-state-spaces", "url_versions": "http://scholar.google.com/scholar?cluster=13133880703797056141&hl=en&as_sdt=1,5&sciodt=1,5&as_vis=1", "authors": "I Sutskever, O Vinyals, QVV Le - Advances in neural information  \u2026", "excerpt": "Abstract Deep Neural Networks (DNNs) are powerful models that have achieved excellent performance on difficult learning tasks. Although DNNs work well whenever large labeled training sets are available, they cannot be used to map sequences to sequences. In this  ...", "url_pdf": null, "num_citations": 187, "cluster_id": "13133880703797056141", "year": "2014", "url_citations": "http://scholar.google.com/scholar?cites=13133880703797056141&as_sdt=2005&sciodt=1,5&hl=en"}, {"num_versions": 6, "url_citation": null, "title": "Multi-stage contextual deep learning for pedestrian detection", "url": "http://ieeexplore.ieee.org/xpls/abs_all.jsp?arnumber=6751124", "url_versions": "http://scholar.google.com/scholar?cluster=14207808099969801710&hl=en&as_sdt=1,5&sciodt=1,5&as_vis=1", "authors": "X Zeng, W Ouyang, X Wang - Computer Vision (ICCV)", "excerpt": "Abstract Cascaded classifiers1 have been widely used in pedestrian detection and achieved great success. These classifiers are trained sequentially without joint optimization. In this paper, we propose a new deep model that can jointly train multi-stage classifiers through  ...", "url_pdf": null, "num_citations": 29, "cluster_id": "14207808099969801710", "year": "2013", "url_citations": "http://scholar.google.com/scholar?cites=14207808099969801710&as_sdt=2005&sciodt=1,5&hl=en"}, {"num_versions": 11, "url_citation": null, "title": "Deep learning of invariant features via simulated fixations in video", "url": "http://machinelearning.wustl.edu/mlpapers/paper_files/NIPS2012_1467.pdf", "url_versions": "http://scholar.google.com/scholar?cluster=14358293240518169689&hl=en&as_sdt=1,5&sciodt=1,5&as_vis=1", "authors": "W Zou, S Zhu, K Yu, AY Ng - Advances in neural  \u2026", "excerpt": "Abstract We apply salient feature detection and tracking in videos to simulate fixations and smooth pursuit in human vision. With tracked sequences as input, a hierarchical network of modules learns invariant features using a temporal slowness constraint. The network  ...", "url_pdf": "http://machinelearning.wustl.edu/mlpapers/paper_files/NIPS2012_1467.pdf", "num_citations": 48, "cluster_id": "14358293240518169689", "year": "2012", "url_citations": "http://scholar.google.com/scholar?cites=14358293240518169689&as_sdt=2005&sciodt=1,5&hl=en"}, {"num_versions": 17, "url_citation": null, "title": "Multipath sparse coding using hierarchical matching pursuit", "url": "http://ieeexplore.ieee.org/xpls/abs_all.jsp?arnumber=6618935", "url_versions": "http://scholar.google.com/scholar?cluster=6788247043172899243&hl=en&as_sdt=1,5&sciodt=1,5&as_vis=1", "authors": "L Bo, X Ren, D Fox - Computer Vision and Pattern Recognition  \u2026", "excerpt": "Abstract Complex real-world signals, such as images, contain discriminative structures that differ in many aspects including scale, invariance, and data channel. While progress in deep learning shows the importance of learning features through multiple layers, it is equally  ...", "url_pdf": null, "num_citations": 63, "cluster_id": "6788247043172899243", "year": "2013", "url_citations": "http://scholar.google.com/scholar?cites=6788247043172899243&as_sdt=2005&sciodt=1,5&hl=en"}, {"num_versions": 8, "url_citation": null, "title": "Intriguing properties of neural networks", "url": "http://arxiv.org/abs/1312.6199", "url_versions": "http://scholar.google.com/scholar?cluster=2835128024326609853&hl=en&as_sdt=1,5&sciodt=1,5&as_vis=1", "authors": "C Szegedy, W Zaremba, I Sutskever, J Bruna\u2026 - arXiv preprint arXiv: \u2026", "excerpt": "Abstract: Deep neural networks are highly expressive models that have recently achieved state of the art performance on speech and visual recognition tasks. While their expressiveness is the reason they succeed, it also causes them to learn uninterpretable  ...", "url_pdf": null, "num_citations": 81, "cluster_id": "2835128024326609853", "year": "2013", "url_citations": "http://scholar.google.com/scholar?cites=2835128024326609853&as_sdt=2005&sciodt=1,5&hl=en"}, {"num_versions": 3, "url_citation": null, "title": "Understanding Machine Learning: From Theory to Algorithms", "url": "http://scholar.google.com/https://books.google.com/books?hl=en&lr=&id=Hf6QAwAAQBAJ&oi=fnd&pg=PR15&ots=2GtiQjjKK4&sig=4-ieO5BkYiFFAQtyjHek0jnhkdI", "url_versions": "http://scholar.google.com/scholar?cluster=4523317814219906072&hl=en&as_sdt=1,5&sciodt=1,5&as_vis=1", "authors": "S Shalev-Shwartz, S Ben-David -", "excerpt": "Machine learning is one of the fastest growing areas of computer science, with far-reaching applications. The aim of this textbook is to introduce machine learning, and the algorithmic paradigms it offers, in a principled way. The book provides a theoretical account of the  ...", "url_pdf": null, "num_citations": 48, "cluster_id": "4523317814219906072", "year": "2014", "url_citations": "http://scholar.google.com/scholar?cites=4523317814219906072&as_sdt=2005&sciodt=1,5&hl=en"}, {"num_versions": 4, "url_citation": null, "title": "50 Years of object recognition: Directions forward", "url": "http://www.sciencedirect.com/science/article/pii/S107731421300091X", "url_versions": "http://scholar.google.com/scholar?cluster=5754993622730084690&hl=en&as_sdt=1,5&sciodt=1,5&as_vis=1", "authors": "A Andreopoulos, JK Tsotsos - Computer Vision and Image Understanding", "excerpt": "Object recognition systems constitute a deeply entrenched and omnipresent component of modern intelligent systems. Research on object recognition algorithms has led to advances in factory and office automation through the creation of optical character recognition  ...", "url_pdf": null, "num_citations": 53, "cluster_id": "5754993622730084690", "year": "2013", "url_citations": "http://scholar.google.com/scholar?cites=5754993622730084690&as_sdt=2005&sciodt=1,5&hl=en"}, {"num_versions": 6, "url_citation": null, "title": "Multi-scale orderless pooling of deep convolutional activation features", "url": "http://link.springer.com/chapter/10.1007/978-3-319-10584-0_26", "url_versions": "http://scholar.google.com/scholar?cluster=6185910779768241838&hl=en&as_sdt=1,5&sciodt=1,5&as_vis=1", "authors": "Y Gong, L Wang, R Guo, S Lazebnik - Computer Vision\u2013ECCV", "excerpt": "Abstract Deep convolutional neural networks (CNN) have shown their promise as a universal representation for recognition. However, global CNN activations lack geometric invariance, which limits their robustness for classification and matching of highly variable  ...", "url_pdf": null, "num_citations": 74, "cluster_id": "6185910779768241838", "year": "2014", "url_citations": "http://scholar.google.com/scholar?cites=6185910779768241838&as_sdt=2005&sciodt=1,5&hl=en"}, {"num_versions": 27, "url_citation": null, "title": "Good practice in large-scale learning for image classification", "url": "http://ieeexplore.ieee.org/xpls/abs_all.jsp?arnumber=6574852", "url_versions": "http://scholar.google.com/scholar?cluster=12567148656017010063&hl=en&as_sdt=1,5&sciodt=1,5&as_vis=1", "authors": "Z Akata, F Perronnin, Z Harchaoui\u2026 - Pattern Analysis and  \u2026", "excerpt": "Abstract\u2014We benchmark several SVM objective functions for large-scale image classification. We consider one-versus-rest, multiclass, ranking, and weighted approximate ranking SVMs. A comparison of online and batch methods for optimizing the objectives  ...", "url_pdf": null, "num_citations": 118, "cluster_id": "12567148656017010063", "year": "2014", "url_citations": "http://scholar.google.com/scholar?cites=12567148656017010063&as_sdt=2005&sciodt=1,5&hl=en"}, {"num_versions": 14, "url_citation": null, "title": "From the phenomenology to the mechanisms of consciousness: integrated information theory 3.0", "url": "http://dx.plos.org/10.1371/journal.pcbi.1003588", "url_versions": "http://scholar.google.com/scholar?cluster=17281247449997210920&hl=en&as_sdt=1,5&sciodt=1,5&as_vis=1", "authors": "M Oizumi, L Albantakis, G Tononi -", "excerpt": "Abstract This paper presents Integrated Information Theory (IIT) of consciousness 3.0, which incorporates several advances over previous formulations. IIT starts from phenomenological axioms: information says that each experience is specific\u2013it is what it is by how it differs  ...", "url_pdf": null, "num_citations": 33, "cluster_id": "17281247449997210920", "year": "2014", "url_citations": "http://scholar.google.com/scholar?cites=17281247449997210920&as_sdt=2005&sciodt=1,5&hl=en"}, {"num_versions": 4, "url_citation": null, "title": "Advances in optimizing recurrent networks", "url": "http://ieeexplore.ieee.org/xpls/abs_all.jsp?arnumber=6639349", "url_versions": "http://scholar.google.com/scholar?cluster=56668020054253477&hl=en&as_sdt=1,5&sciodt=1,5&as_vis=1", "authors": "Y Bengio, N Boulanger-Lewandowski\u2026 - \u2026 , Speech and Signal  \u2026", "excerpt": "ABSTRACT After a more than decade-long period of relatively little research activity in the area of recurrent neural networks, several new developments will be reviewed here that have allowed substantial progress both in understanding and in technical solutions  ...", "url_pdf": null, "num_citations": 54, "cluster_id": "56668020054253477", "year": "2013", "url_citations": "http://scholar.google.com/scholar?cites=56668020054253477&as_sdt=2005&sciodt=1,5&hl=en"}, {"num_versions": 9, "url_citation": null, "title": "Learning invariant feature hierarchies", "url": "http://link.springer.com/chapter/10.1007/978-3-642-33863-2_51", "url_versions": "http://scholar.google.com/scholar?cluster=11772628482504608570&hl=en&as_sdt=1,5&sciodt=1,5&as_vis=1", "authors": "Y LeCun - Computer vision\u2013ECCV", "excerpt": "Abstract Fast visual recognition in the mammalian cortex seems to be a hierarchical process by which the representation of the visual world is transformed in multiple stages from low-level retinotopic features to high-level, global and invariant features, and to object  ...", "url_pdf": null, "num_citations": 34, "cluster_id": "11772628482504608570", "year": "2012", "url_citations": "http://scholar.google.com/scholar?cites=11772628482504608570&as_sdt=2005&sciodt=1,5&hl=en"}, {"num_versions": 9, "url_citation": null, "title": "Deep inside convolutional networks: Visualising image classification models and saliency maps", "url": "http://arxiv.org/abs/1312.6034", "url_versions": "http://scholar.google.com/scholar?cluster=14301000514057894744&hl=en&as_sdt=1,5&sciodt=1,5&as_vis=1", "authors": "K Simonyan, A Vedaldi, A Zisserman - arXiv preprint arXiv:1312.6034", "excerpt": "Abstract: This paper addresses the visualisation of image classification models, learnt using deep Convolutional Networks (ConvNets). We consider two visualisation techniques, based on computing the gradient of the class score with respect to the input image. The first one  ...", "url_pdf": null, "num_citations": 56, "cluster_id": "14301000514057894744", "year": "2013", "url_citations": "http://scholar.google.com/scholar?cites=14301000514057894744&as_sdt=2005&sciodt=1,5&hl=en"}, {"num_versions": 4, "url_citation": null, "title": "Diannao: A small-footprint high-throughput accelerator for ubiquitous machine-learning", "url": "http://dl.acm.org/citation.cfm?id=2541967", "url_versions": "http://scholar.google.com/scholar?cluster=1688906332146711439&hl=en&as_sdt=1,5&sciodt=1,5&as_vis=1", "authors": "T Chen, Z Du, N Sun, J Wang, C Wu, Y Chen\u2026 - ACM SIGPLAN  \u2026", "excerpt": "Abstract Machine-Learning tasks are becoming pervasive in a broad range of domains, and in a broad range of systems (from embedded systems to data centers). At the same time, a small set of machine-learning algorithms (especially Convolutional and Deep Neural  ...", "url_pdf": null, "num_citations": 39, "cluster_id": "1688906332146711439", "year": "2014", "url_citations": "http://scholar.google.com/scholar?cites=1688906332146711439&as_sdt=2005&sciodt=1,5&hl=en"}, {"num_versions": 26, "url_citation": null, "title": "Image classification with the fisher vector: Theory and practice", "url": "http://link.springer.com/article/10.1007/s11263-013-0636-x", "url_versions": "http://scholar.google.com/scholar?cluster=11977792362213765680&hl=en&as_sdt=1,5&sciodt=1,5&as_vis=1", "authors": "J S\u00e1nchez, F Perronnin, T Mensink\u2026 - International journal of  \u2026", "excerpt": "Abstract A standard approach to describe an image for classification and retrieval purposes is to extract a set of local patch descriptors, encode them into a high dimensional vector and pool them into an image-level signature. The most common patch encoding strategy  ...", "url_pdf": null, "num_citations": 229, "cluster_id": "11977792362213765680", "year": "2013", "url_citations": "http://scholar.google.com/scholar?cites=11977792362213765680&as_sdt=2005&sciodt=1,5&hl=en"}, {"num_versions": 23, "url_citation": null, "title": "Distance-based image classification: Generalizing to new classes at near-zero cost", "url": "http://ieeexplore.ieee.org/xpls/abs_all.jsp?arnumber=6517188", "url_versions": "http://scholar.google.com/scholar?cluster=759491641204906046&hl=en&as_sdt=1,5&sciodt=1,5&as_vis=1", "authors": "T Mensink, J Verbeek, F Perronnin\u2026 - Pattern Analysis and  \u2026", "excerpt": "Abstract\u2014We study large-scale image classification methods that can incorporate new classes and training images continuously over time at negligible cost. To this end, we consider two distance-based classifiers, the k-nearest neighbor (k-NN) and nearest class  ...", "url_pdf": null, "num_citations": 26, "cluster_id": "759491641204906046", "year": "2013", "url_citations": "http://scholar.google.com/scholar?cites=759491641204906046&as_sdt=2005&sciodt=1,5&hl=en"}, {"num_versions": 6, "url_citation": null, "title": "Data-intensive applications, challenges, techniques and technologies: A survey on Big Data", "url": "http://www.sciencedirect.com/science/article/pii/S0020025514000346", "url_versions": "http://scholar.google.com/scholar?cluster=10132625884308394021&hl=en&as_sdt=1,5&sciodt=1,5&as_vis=1", "authors": "CLP Chen, CY Zhang - Information Sciences", "excerpt": "Abstract It is already true that Big Data has drawn huge attention from researchers in information sciences, policy and decision makers in governments and enterprises. As the speed of information growth exceeds Moore's Law at the beginning of this new century,  ...", "url_pdf": null, "num_citations": 126, "cluster_id": "10132625884308394021", "year": "2014", "url_citations": "http://scholar.google.com/scholar?cites=10132625884308394021&as_sdt=2005&sciodt=1,5&hl=en"}, {"num_versions": 17, "url_citation": null, "title": "Deep learning with COTS HPC systems", "url": "http://jmlr.org/proceedings/papers/v28/coates13.html", "url_versions": "http://scholar.google.com/scholar?cluster=13800828167861315786&hl=en&as_sdt=1,5&sciodt=1,5&as_vis=1", "authors": "A Coates, B Huval, T Wang, D Wu, B Catanzaro\u2026 - Proceedings of the 30th  \u2026", "excerpt": "Abstract Scaling up deep learning algorithms has been shown to lead to increased performance in benchmark tasks and to enable discovery of complex high-level features. Recent efforts to train extremely large networks (with over 1 billion parameters) have  ...", "url_pdf": null, "num_citations": 93, "cluster_id": "13800828167861315786", "year": "2013", "url_citations": "http://scholar.google.com/scholar?cites=13800828167861315786&as_sdt=2005&sciodt=1,5&hl=en"}, {"num_versions": 8, "url_citation": null, "title": "Emergence of object-selective features in unsupervised feature learning", "url": "http://papers.nips.cc/paper/4497-emergence-of-object-selective-features-in-unsupervised-feature-learning", "url_versions": "http://scholar.google.com/scholar?cluster=10794633353847907100&hl=en&as_sdt=1,5&sciodt=1,5&as_vis=1", "authors": "A Coates, A Karpathy, AY Ng - Advances in Neural Information  \u2026", "excerpt": "Abstract Recent work in unsupervised feature learning has focused on the goal of discovering high-level features from unlabeled images. Much progress has been made in this direction, but in most cases it is still standard to use a large amount of labeled data in  ...", "url_pdf": null, "num_citations": 37, "cluster_id": "10794633353847907100", "year": "2012", "url_citations": "http://scholar.google.com/scholar?cites=10794633353847907100&as_sdt=2005&sciodt=1,5&hl=en"}, {"num_versions": 6, "url_citation": null, "title": "Deep belief networks based voice activity detection", "url": "http://ieeexplore.ieee.org/xpls/abs_all.jsp?arnumber=6362186", "url_versions": "http://scholar.google.com/scholar?cluster=14664371952535429034&hl=en&as_sdt=1,5&sciodt=1,5&as_vis=1", "authors": "XL Zhang, J Wu - Audio, Speech, and Language Processing,  \u2026", "excerpt": "Abstract Fusing the advantages of multiple acoustic features is important for the robustness of voice activity detection (VAD). Recently, the machine-learning-based VADs have shown a superiority to traditional VADs on multiple feature fusion tasks. However, existing machine ...", "url_pdf": null, "num_citations": 51, "cluster_id": "14664371952535429034", "year": "2013", "url_citations": "http://scholar.google.com/scholar?cites=14664371952535429034&as_sdt=2005&sciodt=1,5&hl=en"}, {"num_versions": 11, "url_citation": null, "title": "Decaf: A deep convolutional activation feature for generic visual recognition", "url": "http://arxiv.org/abs/1310.1531", "url_versions": "http://scholar.google.com/scholar?cluster=317747044817730463&hl=en&as_sdt=1,5&sciodt=1,5&as_vis=1", "authors": "J Donahue, Y Jia, O Vinyals, J Hoffman\u2026 - arXiv preprint arXiv: \u2026", "excerpt": "Abstract: We evaluate whether features extracted from the activation of a deep convolutional network trained in a fully supervised fashion on a large, fixed set of object recognition tasks can be re-purposed to novel generic tasks. Our generic tasks may differ significantly from  ...", "url_pdf": null, "num_citations": 398, "cluster_id": "317747044817730463", "year": "2013", "url_citations": "http://scholar.google.com/scholar?cites=317747044817730463&as_sdt=2005&sciodt=1,5&hl=en"}, {"num_versions": 10, "url_citation": null, "title": "Panda: Pose aligned networks for deep attribute modeling", "url": "http://ieeexplore.ieee.org/xpls/abs_all.jsp?arnumber=6909608", "url_versions": "http://scholar.google.com/scholar?cluster=17581690878948931351&hl=en&as_sdt=1,5&sciodt=1,5&as_vis=1", "authors": "N Zhang, M Paluri, MA Ranzato\u2026 - Computer Vision and \u2026", "excerpt": "Abstract We propose a method for inferring human attributes (such as gender, hair style, clothes style, expression, action) from images of people under large variation of viewpoint, pose, appearance, articulation and occlusion. Convolutional Neural Nets (CNN) have  ...", "url_pdf": null, "num_citations": 56, "cluster_id": "17581690878948931351", "year": "2014", "url_citations": "http://scholar.google.com/scholar?cites=17581690878948931351&as_sdt=2005&sciodt=1,5&hl=en"}, {"num_versions": 19, "url_citation": null, "title": "Tensor deep stacking networks", "url": "http://ieeexplore.ieee.org/xpls/abs_all.jsp?arnumber=6389679", "url_versions": "http://scholar.google.com/scholar?cluster=15658651564109086508&hl=en&as_sdt=1,5&sciodt=1,5&as_vis=1", "authors": "B Hutchinson, L Deng, D Yu - Pattern Analysis and Machine  \u2026", "excerpt": "Abstract\u2014A novel deep architecture, the Tensor Deep Stacking Network (T-DSN), is presented. The T-DSN consists of multiple, stacked blocks, where each block contains a bilinear mapping from two hidden layers to the output layer, using a weight tensor to  ...", "url_pdf": null, "num_citations": 41, "cluster_id": "15658651564109086508", "year": "2013", "url_citations": "http://scholar.google.com/scholar?cites=15658651564109086508&as_sdt=2005&sciodt=1,5&hl=en"}, {"num_versions": 5, "url_citation": null, "title": "Predicting parameters in deep learning", "url": "http://papers.nips.cc/paper/5025-predicting-parameters-in-deep-learning", "url_versions": "http://scholar.google.com/scholar?cluster=3093470738968962121&hl=en&as_sdt=1,5&sciodt=1,5&as_vis=1", "authors": "M Denil, B Shakibi, L Dinh, N de Freitas - Advances in Neural  \u2026", "excerpt": "Abstract We demonstrate that there is significant redundancy in the parameterization of several deep learning models. Given only a few weight values for each feature it is possible to accurately predict the remaining values. Moreover, we show that not only can the  ...", "url_pdf": null, "num_citations": 30, "cluster_id": "3093470738968962121", "year": "2013", "url_citations": "http://scholar.google.com/scholar?cites=3093470738968962121&as_sdt=2005&sciodt=1,5&hl=en"}, {"num_versions": 6, "url_citation": null, "title": "Harvesting mid-level visual concepts from large-scale internet images", "url": "http://ieeexplore.ieee.org/xpls/abs_all.jsp?arnumber=6618959", "url_versions": "http://scholar.google.com/scholar?cluster=15551839354669047343&hl=en&as_sdt=1,5&sciodt=1,5&as_vis=1", "authors": "Q Li, J Wu, Z Tu - \u2026 Vision and Pattern Recognition (CVPR)", "excerpt": "Abstract Obtaining effective mid-level representations has become an increasingly important task in computer vision. In this paper, we propose a fully automatic algorithm which harvests visual concepts from a large number of Internet images (more than a quarter of a million)  ...", "url_pdf": null, "num_citations": 55, "cluster_id": "15551839354669047343", "year": "2013", "url_citations": "http://scholar.google.com/scholar?cites=15551839354669047343&as_sdt=2005&sciodt=1,5&hl=en"}, {"num_versions": 10, "url_citation": null, "title": "Feature learning and deep architectures: new directions for music informatics", "url": "http://link.springer.com/article/10.1007/s10844-013-0248-5", "url_versions": "http://scholar.google.com/scholar?cluster=12003076634266329621&hl=en&as_sdt=1,5&sciodt=1,5&as_vis=1", "authors": "EJ Humphrey, JP Bello, Y LeCun - Journal of Intelligent Information  \u2026", "excerpt": "Abstract As we look to advance the state of the art in content-based music informatics, there is a general sense that progress is decelerating throughout the field. On closer inspection, performance trajectories across several applications reveal that this is indeed the case,  ...", "url_pdf": null, "num_citations": 30, "cluster_id": "12003076634266329621", "year": "2013", "url_citations": "http://scholar.google.com/scholar?cites=12003076634266329621&as_sdt=2005&sciodt=1,5&hl=en"}, {"num_versions": 7, "url_citation": null, "title": "Joint deep learning for pedestrian detection", "url": "http://ieeexplore.ieee.org/xpls/abs_all.jsp?arnumber=6751366", "url_versions": "http://scholar.google.com/scholar?cluster=850587603398171997&hl=en&as_sdt=1,5&sciodt=1,5&as_vis=1", "authors": "W Ouyang, X Wang - Computer Vision (ICCV)", "excerpt": "Abstract Feature extraction, deformation handling, occlusion handling, and classification are four important components in pedestrian detection. Existing methods learn or design these components either individually or sequentially. The interaction among these components  ...", "url_pdf": null, "num_citations": 77, "cluster_id": "850587603398171997", "year": "2013", "url_citations": "http://scholar.google.com/scholar?cites=850587603398171997&as_sdt=2005&sciodt=1,5&hl=en"}, {"num_versions": 6, "url_citation": null, "title": "Fully convolutional networks for semantic segmentation", "url": "http://arxiv.org/abs/1411.4038", "url_versions": "http://scholar.google.com/scholar?cluster=4198330480927824223&hl=en&as_sdt=1,5&sciodt=1,5&as_vis=1", "authors": "J Long, E Shelhamer, T Darrell - arXiv preprint arXiv:1411.4038", "excerpt": "Abstract: Convolutional networks are powerful visual models that yield hierarchies of features. We show that convolutional networks by themselves, trained end-to-end, pixels-to-pixels, exceed the state-of-the-art in semantic segmentation. Our key insight is to build\"  ...", "url_pdf": null, "num_citations": 78, "cluster_id": "4198330480927824223", "year": "2014", "url_citations": "http://scholar.google.com/scholar?cites=4198330480927824223&as_sdt=2005&sciodt=1,5&hl=en"}, {"num_versions": 10, "url_citation": null, "title": "Sensor mania! the internet of things, wearable computing, objective metrics, and the quantified self 2.0", "url": "http://www.mdpi.com/2224-2708/1/3/217/htm", "url_versions": "http://scholar.google.com/scholar?cluster=9440944584306240701&hl=en&as_sdt=1,5&sciodt=1,5&as_vis=1", "authors": "M Swan - Journal of Sensor and Actuator Networks", "excerpt": "Abstract: The number of devices on the Internet exceeded the number of people on the Internet in 2008, and is estimated to reach 50 billion in 2020. A wide-ranging Internet of Things (IOT) ecosystem is emerging to support the process of connecting real-world  ...", "url_pdf": null, "num_citations": 155, "cluster_id": "9440944584306240701", "year": "2012", "url_citations": "http://scholar.google.com/scholar?cites=9440944584306240701&as_sdt=2005&sciodt=1,5&hl=en"}, {"num_versions": 7, "url_citation": null, "title": "Exact solutions to the nonlinear dynamics of learning in deep linear neural networks", "url": "http://arxiv.org/abs/1312.6120", "url_versions": "http://scholar.google.com/scholar?cluster=9090095758382098911&hl=en&as_sdt=1,5&sciodt=1,5&as_vis=1", "authors": "AM Saxe, JL McClelland, S Ganguli - arXiv preprint arXiv:1312.6120", "excerpt": "Abstract: Despite the widespread practical success of deep learning methods, our theoretical understanding of the dynamics of learning in deep neural networks remains quite sparse. We attempt to bridge the gap between the theory and practice of deep learning by  ...", "url_pdf": null, "num_citations": 31, "cluster_id": "9090095758382098911", "year": "2013", "url_citations": "http://scholar.google.com/scholar?cites=9090095758382098911&as_sdt=2005&sciodt=1,5&hl=en"}, {"num_versions": 9, "url_citation": null, "title": "Analyzing the performance of multilayer neural networks for object recognition", "url": "http://link.springer.com/chapter/10.1007/978-3-319-10584-0_22", "url_versions": "http://scholar.google.com/scholar?cluster=10085250181445926587&hl=en&as_sdt=1,5&sciodt=1,5&as_vis=1", "authors": "P Agrawal, R Girshick, J Malik - Computer Vision\u2013ECCV", "excerpt": "Abstract In the last two years, convolutional neural networks (CNNs) have achieved an impressive suite of results on standard recognition datasets and tasks. CNN-based features seem poised to quickly replace engineered representations, such as SIFT and HOG.  ...", "url_pdf": null, "num_citations": 39, "cluster_id": "10085250181445926587", "year": "2014", "url_citations": "http://scholar.google.com/scholar?cites=10085250181445926587&as_sdt=2005&sciodt=1,5&hl=en"}, {"num_versions": 10, "url_citation": null, "title": "Cross-language knowledge transfer using multilingual deep neural network with shared hidden layers", "url": "http://ieeexplore.ieee.org/xpls/abs_all.jsp?arnumber=6639081", "url_versions": "http://scholar.google.com/scholar?cluster=1013866225465799178&hl=en&as_sdt=1,5&sciodt=1,5&as_vis=1", "authors": "JT Huang, J Li, D Yu, L Deng\u2026 - Acoustics, Speech and  \u2026", "excerpt": "ABSTRACT In the deep neural network (DNN), the hidden layers can be considered as increasingly complex feature transformations and the final softmax layer as a log-linear classifier making use of the most abstract features computed in the hidden layers. While  ...", "url_pdf": null, "num_citations": 81, "cluster_id": "1013866225465799178", "year": "2013", "url_citations": "http://scholar.google.com/scholar?cites=1013866225465799178&as_sdt=2005&sciodt=1,5&hl=en"}]