[{"num_versions": 5, "url_citation": null, "title": "segDeepM: Exploiting segmentation and context in deep neural networks for object detection", "url": "http://arxiv.org/abs/1502.04275", "url_versions": "http://scholar.google.com/scholar?cluster=17270744967341823825&hl=en&as_sdt=1,5&sciodt=1,5&as_vis=1", "authors": "Y Zhu, R Urtasun, R Salakhutdinov, S Fidler - arXiv preprint arXiv: \u2026", "excerpt": "Abstract: In this paper, we propose an approach that exploits object segmentation in order to improve the accuracy of object detection. We frame the problem as inference in a Markov Random Field, in which each detection hypothesis scores object appearance as well as  ...", "url_pdf": null, "num_citations": 3, "cluster_id": "17270744967341823825", "year": "2015", "url_citations": "http://scholar.google.com/scholar?cites=17270744967341823825&as_sdt=2005&sciodt=1,5&hl=en"}, {"num_versions": 7, "url_citation": null, "title": "Depth map prediction from a single image using a multi-scale deep network", "url": "http://papers.nips.cc/paper/5539-tree-structured-gaussian-process-approximations", "url_versions": "http://scholar.google.com/scholar?cluster=2789414965913271365&hl=en&as_sdt=1,5&sciodt=1,5&as_vis=1", "authors": "D Eigen, C Puhrsch, R Fergus - Advances in Neural Information  \u2026", "excerpt": "Abstract Predicting depth is an essential component in understanding the 3D geometry of a scene. While for stereo images local correspondence suffices for estimation, finding depth relations from a single image is less straightforward, requiring integration of both global  ...", "url_pdf": null, "num_citations": 36, "cluster_id": "2789414965913271365", "year": "2014", "url_citations": "http://scholar.google.com/scholar?cites=2789414965913271365&as_sdt=2005&sciodt=1,5&hl=en"}, {"num_versions": 0, "url_citation": null, "title": "DeepStereo: Learning to Predict New Views from the World's Imagery", "url": "http://arxiv.org/abs/1506.06825", "url_versions": null, "authors": "J Flynn, I Neulander, J Philbin, N Snavely - arXiv preprint arXiv: \u2026", "excerpt": "Abstract: Deep networks have recently enjoyed enormous success when applied to recognition and classification problems in computer vision, but their use in graphics problems has been limited. In this work, we present a novel deep architecture that  ...", "url_pdf": null, "num_citations": 0, "cluster_id": null, "year": "2015", "url_citations": null}, {"num_versions": 2, "url_citation": null, "title": "Predicting depth, surface normals and semantic labels with a common multi-scale convolutional architecture", "url": "http://arxiv.org/abs/1411.4734", "url_versions": "http://scholar.google.com/scholar?cluster=6435148593830117852&hl=en&as_sdt=1,5&sciodt=1,5&as_vis=1", "authors": "D Eigen, R Fergus - arXiv preprint arXiv:1411.4734", "excerpt": "Abstract: In this paper we address three different computer vision tasks using a single basic architecture: depth prediction, surface normal estimation, and semantic labeling. We use a multiscale convolutional network that is able to adapt easily to each task using only small  ...", "url_pdf": null, "num_citations": 5, "cluster_id": "6435148593830117852", "year": "2014", "url_citations": "http://scholar.google.com/scholar?cites=6435148593830117852&as_sdt=2005&sciodt=1,5&hl=en"}, {"num_versions": 5, "url_citation": null, "title": "Deep Boltzmann machines as hierarchical generative models of perceptual inference in the cortex", "url": "http://scholar.google.com/https://www.era.lib.ed.ac.uk/handle/1842/8300", "url_versions": "http://scholar.google.com/scholar?cluster=686158087539479136&hl=en&as_sdt=1,5&sciodt=1,5&as_vis=1", "authors": "DP Reichert -", "excerpt": "The mammalian neocortex is integral to all aspects of cognition, in particular perception across all sensory modalities. Whether computational principles can be identified that would explain why the cortex is so versatile and capable of adapting to various inputs is not clear ...", "url_pdf": null, "num_citations": 3, "cluster_id": "686158087539479136", "year": "2012", "url_citations": "http://scholar.google.com/scholar?cites=686158087539479136&as_sdt=2005&sciodt=1,5&hl=en"}]