[{"num_versions": 9, "url_citation": null, "title": "Learning grounded meaning representations with autoencoders", "url": "http://acl2014.org/acl2014/P14-1/pdf/P14-1068.pdf", "url_versions": "http://scholar.google.com/scholar?cluster=4431588905577614565&hl=en&as_sdt=1,5&sciodt=1,5&as_vis=1", "authors": "C Silberer, M Lapata - Proceedings of ACL", "excerpt": "Abstract In this paper we address the problem of grounding distributional representations of lexical meaning. We introduce a new model which uses stacked autoencoders to learn higher-level embeddings from textual and visual input. The two modalities are encoded as  ...", "url_pdf": "http://acl2014.org/acl2014/P14-1/pdf/P14-1068.pdf", "num_citations": 10, "cluster_id": "4431588905577614565", "year": "2014", "url_citations": "http://scholar.google.com/scholar?cites=4431588905577614565&as_sdt=2005&sciodt=1,5&hl=en"}, {"num_versions": 5, "url_citation": null, "title": "Deep learning for content-based image retrieval: A comprehensive study", "url": "http://dl.acm.org/citation.cfm?id=2654948", "url_versions": "http://scholar.google.com/scholar?cluster=6185113731518800763&hl=en&as_sdt=1,5&sciodt=1,5&as_vis=1", "authors": "J Wan, D Wang, SCH Hoi, P Wu, J Zhu\u2026 - Proceedings of the ACM  \u2026", "excerpt": "Abstract Learning effective feature representations and similarity measures are crucial to the retrieval performance of a content-based image retrieval (CBIR) system. Despite extensive research efforts for decades, it remains one of the most challenging open problems that  ...", "url_pdf": null, "num_citations": 14, "cluster_id": "6185113731518800763", "year": "2014", "url_citations": "http://scholar.google.com/scholar?cites=6185113731518800763&as_sdt=2005&sciodt=1,5&hl=en"}, {"num_versions": 3, "url_citation": null, "title": "Dynamic non-parametric joint sentiment topic mixture model", "url": "http://www.sciencedirect.com/science/article/pii/S0950705115000751", "url_versions": "http://scholar.google.com/scholar?cluster=9274690494717846278&hl=en&as_sdt=1,5&sciodt=1,5&as_vis=1", "authors": "X Fu, K Yang, JZ Huang, L Cui - Knowledge-Based Systems", "excerpt": "Abstract The reviews in social media are produced continuously by a large and uncontrolled number of users. To capture the mixture of sentiment and topics simultaneously in reviews is still a challenging task. In this paper, we present a novel probabilistic model framework  ...", "url_pdf": null, "num_citations": 0, "cluster_id": null, "year": "2015", "url_citations": null}, {"num_versions": 8, "url_citation": null, "title": "Learning image embeddings using convolutional neural networks for improved multi-modal semantics", "url": "http://leon.bottou.org/publications/pdf/emnlp-2014.pdf", "url_versions": "http://scholar.google.com/scholar?cluster=3391729550860610262&hl=en&as_sdt=1,5&sciodt=1,5&as_vis=1", "authors": "D Kiela, L Bottou - Proceedings of EMNLP", "excerpt": "Abstract We construct multi-modal concept representations by concatenating a skip-gram linguistic representation vector with a visual concept representation vector computed using the feature extraction layers of a deep convolutional neural network (CNN) trained on a  ...", "url_pdf": "http://leon.bottou.org/publications/pdf/emnlp-2014.pdf", "num_citations": 12, "cluster_id": "3391729550860610262", "year": "2014", "url_citations": "http://scholar.google.com/scholar?cites=3391729550860610262&as_sdt=2005&sciodt=1,5&hl=en"}, {"num_versions": 4, "url_citation": null, "title": "Learning relative similarity by stochastic dual coordinate ascent", "url": "http://research.larc.smu.edu.sg/mlg/papers/AAAI14_SDCA.pdf", "url_versions": "http://scholar.google.com/scholar?cluster=2225957141669428586&hl=en&as_sdt=1,5&sciodt=1,5&as_vis=1", "authors": "P Wu, Y Ding, P Zhao, C Miao\u2026 - Proceedings of the  \u2026", "excerpt": "Abstract Learning relative similarity from pairwise instances is an important problem in machine learning and has a wide range of applications. Despite being studied for years, some existing methods solved by Stochastic Gradient Descent (SGD) techniques  ...", "url_pdf": "http://research.larc.smu.edu.sg/mlg/papers/AAAI14_SDCA.pdf", "num_citations": 2, "cluster_id": "2225957141669428586", "year": "2014", "url_citations": "http://scholar.google.com/scholar?cites=2225957141669428586&as_sdt=2005&sciodt=1,5&hl=en"}, {"num_versions": 3, "url_citation": null, "title": "SOML: Sparse online metric learning with application to image retrieval", "url": "http://research.larc.smu.edu.sg/mlg/papers/AAAI14_SOML.pdf", "url_versions": "http://scholar.google.com/scholar?cluster=855107712149117791&hl=en&as_sdt=1,5&sciodt=1,5&as_vis=1", "authors": "X Gao, SCH Hoi, Y Zhang\u2026 - Proceedings of the  \u2026", "excerpt": "Abstract Image similarity search plays a key role in many multimedia applications, where multimedia data (such as images and videos) are usually represented in highdimensional feature space. In this paper, we propose a novel Sparse Online Metric Learning (SOML)  ...", "url_pdf": "http://research.larc.smu.edu.sg/mlg/papers/AAAI14_SOML.pdf", "num_citations": 15, "cluster_id": "855107712149117791", "year": "2014", "url_citations": "http://scholar.google.com/scholar?cites=855107712149117791&as_sdt=2005&sciodt=1,5&hl=en"}, {"num_versions": 10, "url_citation": null, "title": "Learning fine-grained image similarity with deep ranking", "url": "http://ieeexplore.ieee.org/xpls/abs_all.jsp?arnumber=6909576", "url_versions": "http://scholar.google.com/scholar?cluster=15446095184956846920&hl=en&as_sdt=1,5&sciodt=1,5&as_vis=1", "authors": "J Wang, Y Song, T Leung, C Rosenberg\u2026 - Computer Vision and \u2026", "excerpt": "Abstract Learning fine-grained image similarity is a challenging task. It needs to capture between-class and within-class image differences. This paper proposes a deep ranking model that employs deep learning techniques to learn similarity metric directly from  ...", "url_pdf": null, "num_citations": 18, "cluster_id": "15446095184956846920", "year": "2014", "url_citations": "http://scholar.google.com/scholar?cites=15446095184956846920&as_sdt=2005&sciodt=1,5&hl=en"}, {"num_versions": 8, "url_citation": null, "title": "3D human activity recognition with reconfigurable convolutional neural networks", "url": "http://dl.acm.org/citation.cfm?id=2654912", "url_versions": "http://scholar.google.com/scholar?cluster=1995060176519096176&hl=en&as_sdt=1,5&sciodt=1,5&as_vis=1", "authors": "K Wang, X Wang, L Lin, M Wang, W Zuo - Proceedings of the ACM  \u2026", "excerpt": "Abstract Human activity understanding with 3D/depth sensors has received increasing attention in multimedia processing and interactions. This work targets on developing a novel deep model for automatic activity recognition from RGB-D videos. We represent each  ...", "url_pdf": null, "num_citations": 5, "cluster_id": "1995060176519096176", "year": "2014", "url_citations": "http://scholar.google.com/scholar?cites=1995060176519096176&as_sdt=2005&sciodt=1,5&hl=en"}, {"num_versions": 0, "url_citation": null, "title": "Unsupervised feature learning for content-based histopathology image retrieval", "url": "http://ieeexplore.ieee.org/xpls/abs_all.jsp?arnumber=6849815", "url_versions": null, "authors": "J Vanegas, J Arevalo, F Gonzalez - Content-Based Multimedia \u2026", "excerpt": "Abstract\u2014This paper proposes a strategy for content-based image retrieval, which combines unsupervised feature learning (UFL) with the classical bag-of-features (BOF) representation. In BOF, patches are usually represented using standard classical descriptors (ie, SIFT,  ...", "url_pdf": null, "num_citations": 1, "cluster_id": "5071812463878951713", "year": "2014", "url_citations": "http://scholar.google.com/scholar?cites=5071812463878951713&as_sdt=2005&sciodt=1,5&hl=en"}, {"num_versions": 0, "url_citation": null, "title": "Deep learning for healthcare decision making with EMRs", "url": "http://ieeexplore.ieee.org/xpls/abs_all.jsp?arnumber=6999219", "url_versions": null, "authors": "Z Liang, G Zhang, JX Huang\u2026 - \u2026  and Biomedicine (BIBM),  \u2026", "excerpt": "Abstract\u2014Computer aid technology is widely applied in decision-making and outcome assessment of healthcare delivery, in which modeling knowledge and expert experience is technically important. However, the conventional rule-based models are incapable of  ...", "url_pdf": null, "num_citations": 3, "cluster_id": "4652295658724323917", "year": "2014", "url_citations": "http://scholar.google.com/scholar?cites=4652295658724323917&as_sdt=2005&sciodt=1,5&hl=en"}]