[{"num_versions": 0, "url_citation": null, "title": "Global Mindset as Managerial Meta-competence and Organizational Capability: Boundary-crossing Leadership Cooperation in the MNC The Case of 'Group  \u2026", "url": "http://openarchive.cbs.dk/handle/10398/8974", "url_versions": null, "authors": "RK Nielsen -", "excerpt": "Resume: This dissertation deals with global mindset leadership understood as border-and boundary-crossing leadership within the multinational corporation by exploring the concept of global mindset as both an individual managerial meta-competence, as well as a  ...", "url_pdf": null, "num_citations": 10, "cluster_id": "9348074291246616404", "year": "2014", "url_citations": "http://scholar.google.com/scholar?cites=9348074291246616404&as_sdt=2005&sciodt=1,5&hl=en"}, {"num_versions": 6, "url_citation": null, "title": "A background paper to inform the development of a national professional development framework for teachers and school leaders", "url": "http://scholar.google.com/https://enable.eq.edu.au/Supportandresources/Formsanddocuments/Documents/background-paper.pdf", "url_versions": "http://scholar.google.com/scholar?cluster=14352167920215083646&hl=en&as_sdt=1,5&sciodt=1,5&as_vis=1", "authors": "H Timperley - Melbourne: AITSL", "excerpt": "The purpose of this paper is to inform the development of a high-level framework to guide the professional learning and development of school leaders and teachers throughout Australia1. The principles identified are based on theory and research about what it  ...", "url_pdf": "http://scholar.google.com/https://enable.eq.edu.au/Supportandresources/Formsanddocuments/Documents/background-paper.pdf", "num_citations": 22, "cluster_id": "14352167920215083646", "year": "2011", "url_citations": "http://scholar.google.com/scholar?cites=14352167920215083646&as_sdt=2005&sciodt=1,5&hl=en"}, {"num_versions": 2, "url_citation": null, "title": "Becoming an early years professional: developing a new professional identity", "url": "http://www.tandfonline.com/doi/abs/10.1080/1350293X.2013.845441", "url_versions": "http://scholar.google.com/scholar?cluster=1511639040129905845&hl=en&as_sdt=1,5&sciodt=1,5&as_vis=1", "authors": "J Murray - European Early Childhood Education Research  \u2026", "excerpt": "ABSTRACT Research on professional identity places various emphasis on the influence of internal or external components (Beijaard, Meijer and Verloop 2004; McGillivray 2008; Osgood 2010), which can create tension between the normative and subjective view of  ...", "url_pdf": null, "num_citations": 1, "cluster_id": "1511639040129905845", "year": "2013", "url_citations": "http://scholar.google.com/scholar?cites=1511639040129905845&as_sdt=2005&sciodt=1,5&hl=en"}, {"num_versions": 3, "url_citation": null, "title": "\u570b\u5c0f\u6821\u9577\u5275\u65b0\u9818\u5c0e, \u6559\u5e2b\u5275\u610f\u6559\u5b78\u8207\u5b78\u6821\u7e3e\u6548\u7ba1\u7406\u95dc\u4fc2\u4e4b\u7814\u7a76", "url": "http://140.127.82.166/retrieve/19307/01.pdf", "url_versions": "http://scholar.google.com/scholar?cluster=7517798871805525627&hl=en&as_sdt=1,5&sciodt=1,5&as_vis=1", "authors": "\u66fe\u5146\u8208 - Do Education: \u7576\u4ee3\u6559\u80b2\u5275\u65b0\u8207\u5be6\u8e10", "excerpt": "\u6458\u8981\u672c\u7814\u7a76\u65e8\u5728\u63a2\u8a0e\u81fa\u7063\u5730\u5340\u570b\u5c0f\u6821\u9577\u5275\u65b0\uf9b4\u5c0e, \u6559\u5e2b\u5275\u610f\u6559\u5b78\u5c0d\u5b78\u6821\u7e3e\u6548\u7ba1\u7406\u7684\u5f71\u97ff. \u672c\u7814\u7a76\u4ee5\u554f\u5377\u8abf\u67e5\u6cd5\u9032\ufa08\u7814\u7a76, \u554f\u5377\u8abf\u67e5\u5c0d\u8c61\u70ba\u81fa\u7063\u5317\u90e8\u8207\u4e2d\u90e8\u5730\u5340\u570b\u5c0f\u7684\u6821\u9577, \u4e3b\u4efb, \u7d44\u9577\u53ca\u6559\u5e2b, \u5c07\u554f\u5377\u8abf\u67e5\u6240\u56de\u6536\u7684166 \u6240\u5b78\u6821(1,111 \u4efd) \u6b63\u5f0f\u554f\u5377, \u4ee5\u96d9\u56e0\u5b50\u8b8a\uf962\uf969\u5206\u6790\u53ca ...", "url_pdf": "http://140.127.82.166/retrieve/19307/01.pdf", "num_citations": 2, "cluster_id": "7517798871805525627", "year": "2012", "url_citations": "http://scholar.google.com/scholar?cites=7517798871805525627&as_sdt=2005&sciodt=1,5&hl=en"}, {"num_versions": 0, "url_citation": null, "title": "Creating the organizational conditions that enable and support a shared approach to leading school change", "url": "http://gradworks.umi.com/34/74/3474967.html", "url_versions": null, "authors": "D Parsley -", "excerpt": "Abstract: This study examines the overarching challenge education practitioners face\u2014knowing how to lead significant change collectively in their schools. This qualitative research study explored the definition of shared leadership and examined a framework of  ...", "url_pdf": null, "num_citations": 1, "cluster_id": "7516229626152046014", "year": "2011", "url_citations": "http://scholar.google.com/scholar?cites=7516229626152046014&as_sdt=2005&sciodt=1,5&hl=en"}, {"num_versions": 9, "url_citation": null, "title": "Teacher commitment in sustainable learning communities: A new \u201cancient\u201d story of educational leadership", "url": "http://www.jstor.org/stable/canajeducrevucan.35.1.56", "url_versions": "http://scholar.google.com/scholar?cluster=138792769335975177&hl=en&as_sdt=1,5&sciodt=1,5&as_vis=1", "authors": "S Cherkowski - Canadian Journal of Education/Revue canadienne de l \u2026", "excerpt": "Abstract The findings from this qualitative case study reveal how a principal's demonstration of compassion and deep care towards his teachers was influential in the participants' renewed desire for a greater commitment to and improvement of their craft. Understanding  ...", "url_pdf": null, "num_citations": 14, "cluster_id": "138792769335975177", "year": "2012", "url_citations": "http://scholar.google.com/scholar?cites=138792769335975177&as_sdt=2005&sciodt=1,5&hl=en"}, {"num_versions": 4, "url_citation": null, "title": "Owning our learning: Scaffolding professional inquiry for educators", "url": "http://www.learninglandscapes.ca/images/documents/ll-no8-final-lr-links.pdf#page=61", "url_versions": "http://scholar.google.com/scholar?cluster=11723671390519516818&hl=en&as_sdt=1,5&sciodt=1,5&as_vis=1", "authors": "W Brown, S Cherkowski - Inquiry: Perspectives, Processes  \u2026", "excerpt": "ABSTRACT The authors advocate professional inquiry as purposeful, site-based learning for teacher leaders and school administrators. A key argument, social symmetry, proposes that creating engaged, inquiring learners requires teachers to own their learning through  ...", "url_pdf": null, "num_citations": 2, "cluster_id": "11723671390519516818", "year": "2011", "url_citations": "http://scholar.google.com/scholar?cites=11723671390519516818&as_sdt=2005&sciodt=1,5&hl=en"}, {"num_versions": 3, "url_citation": null, "title": "Ethical practice: a study of Chilean school leaders", "url": "http://www.emeraldinsight.com/doi/pdf/10.1108/09578231211238576", "url_versions": "http://scholar.google.com/scholar?cluster=1637425847908037316&hl=en&as_sdt=1,5&sciodt=1,5&as_vis=1", "authors": "C Cuellar, DL Giles - Journal of Educational Administration", "excerpt": "Purpose-This article seeks to report on a research inquiry that explored the educational praxis of ethical school leaders in Chile. Behaving ethically is an imperative for school leaders. Being an ethical educational leader is something different. It is not only about  ...", "url_pdf": null, "num_citations": 5, "cluster_id": "1637425847908037316", "year": "2012", "url_citations": "http://scholar.google.com/scholar?cites=1637425847908037316&as_sdt=2005&sciodt=1,5&hl=en"}, {"num_versions": 3, "url_citation": null, "title": "Learning leadership", "url": "http://search.informit.com.au/documentSummary;dn=118496880836759;res=IELAPA", "url_versions": "http://scholar.google.com/scholar?cluster=13156784817813025757&hl=en&as_sdt=1,5&sciodt=1,5&as_vis=1", "authors": "J Robertson - Leading and Managing", "excerpt": "Educational leadership and its development are recognised internationally as key to school improvement and innovation. Nations have invested large proportions of education budgets in the professional development of school leaders. This article posits that the majority of  ...", "url_pdf": null, "num_citations": 1, "cluster_id": "13156784817813025757", "year": "2013", "url_citations": "http://scholar.google.com/scholar?cites=13156784817813025757&as_sdt=2005&sciodt=1,5&hl=en"}, {"num_versions": 3, "url_citation": null, "title": "'Getting traction': enablers and barriers to implementing Assessment for Learning in secondary schools", "url": "http://www.tandfonline.com/doi/abs/10.1080/0969594X.2011.600247", "url_versions": "http://scholar.google.com/scholar?cluster=16082368764054170771&hl=en&as_sdt=1,5&sciodt=1,5&as_vis=1", "authors": "MF Hill - Assessment in Education: Principles, Policy & Practice", "excerpt": "While there is clear evidence that using classroom assessment for learning can improve learning significantly, research has demonstrated that it is particularly challenging for secondary teachers to change their practices in an assessment for learning direction.  ...", "url_pdf": null, "num_citations": 12, "cluster_id": "16082368764054170771", "year": "2011", "url_citations": "http://scholar.google.com/scholar?cites=16082368764054170771&as_sdt=2005&sciodt=1,5&hl=en"}, {"num_versions": 3, "url_citation": null, "title": "Learning for leadership: Developmental strategies for building capacity in our schools", "url": "http://scholar.google.com/https://books.google.com/books?hl=en&lr=&id=6i92AwAAQBAJ&oi=fnd&pg=PP1&ots=7_BViQ1YqS&sig=Daxm4jXTOq-v34d3I2iCxVs3CIY", "url_versions": "http://scholar.google.com/scholar?cluster=17361360873928903871&hl=en&as_sdt=1,5&sciodt=1,5&as_vis=1", "authors": "E Drago-Severson, J Blum-DeStefano, A Asghar -", "excerpt": "Prepare education leaders to support adult professional growth with this comprehensive guide! Help foster an understanding of adult development that enables education leaders to support professional learning\u2014or build capacity\u2014across schools and districts with this  ...", "url_pdf": null, "num_citations": 4, "cluster_id": "17361360873928903871", "year": "2013", "url_citations": "http://scholar.google.com/scholar?cites=17361360873928903871&as_sdt=2005&sciodt=1,5&hl=en"}, {"num_versions": 5, "url_citation": null, "title": "Curriculum construction", "url": "http://scholar.google.com/https://books.google.com/books?hl=en&lr=&id=IzHiBAAAQBAJ&oi=fnd&pg=PP1&ots=07X-gA46Ze&sig=rYOe4Rpjz5UrY3il2DgC45lX2fI", "url_versions": "http://scholar.google.com/scholar?cluster=14575798634426040450&hl=en&as_sdt=1,5&sciodt=1,5&as_vis=1", "authors": "L Brady, K Kennedy -", "excerpt": "Curriculum Construction, 5e introduces and analyses all aspects of curriculum development, interpretation and implementation. The text develops students' understanding of both the theoretical and practical components of curriculum construction. The theoretical  ...", "url_pdf": null, "num_citations": 177, "cluster_id": "14575798634426040450", "year": "2013", "url_citations": "http://scholar.google.com/scholar?cites=14575798634426040450&as_sdt=2005&sciodt=1,5&hl=en"}, {"num_versions": 2, "url_citation": null, "title": "Disrupting Colonial Mindsets: The Power of Learning Networks", "url": "http://ineducation.ca/ineducation/article/view/136/622", "url_versions": "http://scholar.google.com/scholar?cluster=1878551443273147973&hl=en&as_sdt=1,5&sciodt=1,5&as_vis=1", "authors": "C McGregor - in education", "excerpt": "There is a well-documented and significant problem in the public education system: its failure in meeting the needs of Aboriginal learners and their communities (St. Denis, 2010; Royal Commission on Aboriginal Peoples, 1996). Statistically, Aboriginal students do  ...", "url_pdf": null, "num_citations": 1, "cluster_id": "1878551443273147973", "year": "2014", "url_citations": "http://scholar.google.com/scholar?cites=1878551443273147973&as_sdt=2005&sciodt=1,5&hl=en"}, {"num_versions": 7, "url_citation": null, "title": "Using evidence in the classroom for professional learning", "url": "http://scholar.google.com/https://cdn.auckland.ac.nz/assets/education/about/schools/tchldv/docs/Using%20Evidence%20in%20the%20Classroom%20for%20Professional%20Learning.pdf", "url_versions": "http://scholar.google.com/scholar?cluster=3977650609879019716&hl=en&as_sdt=1,5&sciodt=1,5&as_vis=1", "authors": "H Timperley - \u00c9tude pr\u00e9sent\u00e9e lors du Colloque ontarien sur la  \u2026", "excerpt": "For teachers to use evidence to improve teaching and learning in their classrooms they need information about what their students know and can do, evidence about their own practice and its impact on students, and knowledge of the research evidence and that from  ...", "url_pdf": "http://scholar.google.com/https://cdn.auckland.ac.nz/assets/education/about/schools/tchldv/docs/Using%20Evidence%20in%20the%20Classroom%20for%20Professional%20Learning.pdf", "num_citations": 21, "cluster_id": "3977650609879019716", "year": "2010", "url_citations": "http://scholar.google.com/scholar?cites=3977650609879019716&as_sdt=2005&sciodt=1,5&hl=en"}, {"num_versions": 2, "url_citation": null, "title": "Leading curriculum change: developing inquiry based teaching and learning in a primary school", "url": "http://eprints.nottingham.ac.uk/14288/", "url_versions": "http://scholar.google.com/scholar?cluster=4822245471439829227&hl=en&as_sdt=1,5&sciodt=1,5&as_vis=1", "authors": "LA Cullen -", "excerpt": "Throughout my professional journey, I have encountered many thought provoking experiences which have, not only helped to shape my practice, but have also encouraged me to deeply question my purpose as a leader within education. Children growing up in  ...", "url_pdf": null, "num_citations": 0, "cluster_id": null, "year": "2014", "url_citations": null}, {"num_versions": 4, "url_citation": null, "title": "Changing minds\u2013mindset-driven strategic change and executional agility in Solar A/S", "url": "http://openarchive.cbs.dk/bitstream/handle/10398/8586/RikkeKristineNielsen_2011.pdf?sequence=1", "url_versions": "http://scholar.google.com/scholar?cluster=16908274958060516744&hl=en&as_sdt=1,5&sciodt=1,5&as_vis=1", "authors": "RK Nielsen - \u2026  Ledelsesakademi", "excerpt": "Abstract: This paper explores the practical and theoretical avenues for working with mindset as a strategic lever and method of securing business strategy executional agility. Taking the mindset development aspirations of Solar A/S as point of departure, the building up of a  ...", "url_pdf": null, "num_citations": 1, "cluster_id": "16908274958060516744", "year": "2011", "url_citations": "http://scholar.google.com/scholar?cites=16908274958060516744&as_sdt=2005&sciodt=1,5&hl=en"}, {"num_versions": 0, "url_citation": null, "title": "AR ACROSS CANADA", "url": "http://cjar.nipissingu.ca/index.php/cjar/article/view/41", "url_versions": null, "authors": "W Brown - The Canadian Journal of Action Research", "excerpt": "Abstract Welcome to the first edition of a new feature in CJAR, to highlight Action Research initiatives and experiences from all of our provinces and territories. These are exciting times for action research\u2013teachers (and administrators) everywhere are learning to \u201cown their  ...", "url_pdf": null, "num_citations": 1, "cluster_id": "1018658443544938064", "year": "2012", "url_citations": "http://scholar.google.com/scholar?cites=1018658443544938064&as_sdt=2005&sciodt=1,5&hl=en"}, {"num_versions": 0, "url_citation": null, "title": "Leadership for Diversity, Inclusion and Sustainability: teachers as leaders", "url": "http://cse.sagepub.com/content/9/1/23.short", "url_versions": null, "authors": "S Cherkowski - Citizenship, Social and Economics Education", "excerpt": "Abstract Schools do not always reflect the diverse cultural reality of our global societies. Educational leadership is an essential component of establishing school culture. Ensuring school leaders reflect deeply on the issues of diversity, multiculturalism and how  ...", "url_pdf": null, "num_citations": 4, "cluster_id": "1382636258622357129", "year": "2010", "url_citations": "http://scholar.google.com/scholar?cites=1382636258622357129&as_sdt=2005&sciodt=1,5&hl=en"}, {"num_versions": 4, "url_citation": null, "title": "Best practices from high-performing high schools: How successful schools help students stay in school and thrive", "url": "http://scholar.google.com/https://books.google.com/books?hl=en&lr=&id=GFEDNmSOb1QC&oi=fnd&pg=PR7&ots=Ep2LhYsqOh&sig=F3nsuccp6yL59A_Vb3ikn1PJ_FY", "url_versions": "http://scholar.google.com/scholar?cluster=2492539026015706743&hl=en&as_sdt=1,5&sciodt=1,5&as_vis=1", "authors": "KC Wilcox, JI Angelis -", "excerpt": "In their second collaboration, Wilcox and Angelis tell the stories of high school educators who embody best practices in their day-to-day activities\u2014practices that consistently lead to higher student academic achievement across the core subjects for all students. This book  ...", "url_pdf": null, "num_citations": 7, "cluster_id": "2492539026015706743", "year": "2011", "url_citations": "http://scholar.google.com/scholar?cites=2492539026015706743&as_sdt=2005&sciodt=1,5&hl=en"}, {"num_versions": 2, "url_citation": null, "title": "Learning to Lead and Leading for Learning: The Power of Coaching In Educational Leadership Preparation", "url": "http://search.proquest.com/openview/9d79d8e01f263dc6a04416d46de372e0/1?pq-origsite=gscholar", "url_versions": "http://scholar.google.com/scholar?cluster=2921220832896033724&hl=en&as_sdt=1,5&sciodt=1,5&as_vis=1", "authors": "C McGregor - EAF Journal", "excerpt": "Abstract The survey data focus on two important sources of information about the CSML program: coaches and CSML learners. Each is discussed briefly in turn. The data provided by the experienced school and district leaders who serve as coaches indicate particular  ...", "url_pdf": null, "num_citations": 1, "cluster_id": "2921220832896033724", "year": "2011", "url_citations": "http://scholar.google.com/scholar?cites=2921220832896033724&as_sdt=2005&sciodt=1,5&hl=en"}, {"num_versions": 2, "url_citation": null, "title": "Leadership for Transformational Learning A Developmental Approach to Supporting Leaders' Thinking and Practice", "url": "http://jrl.sagepub.com/content/9/2/113.short", "url_versions": "http://scholar.google.com/scholar?cluster=12671203610138017900&hl=en&as_sdt=1,5&sciodt=1,5&as_vis=1", "authors": "E Drago-Severson\u2026 - Journal of Research on  \u2026", "excerpt": "Abstract Given the complexity of contemporary leadership, scholars and practitioners seek to improve preparation programs so that school leaders can more effectively support adult development. This article describes longitudinal research investigating how a university  ...", "url_pdf": null, "num_citations": 2, "cluster_id": "12671203610138017900", "year": "2014", "url_citations": "http://scholar.google.com/scholar?cites=12671203610138017900&as_sdt=2005&sciodt=1,5&hl=en"}, {"num_versions": 9, "url_citation": null, "title": "High school best practices: Results from cross-case comparisons", "url": "http://muse.jhu.edu/journals/hsj/summary/v094/94.4.wilcox.html", "url_versions": "http://scholar.google.com/scholar?cluster=4528630374732056574&hl=en&as_sdt=1,5&sciodt=1,5&as_vis=1", "authors": "KC Wilcox, JI Angelis - The High School Journal", "excerpt": "Abstract: Identifying what commonalities exist in high schools where students consistently outperform other demographically similar students is of particular interest to administrators and practitioners looking to increase graduation rates among all students. Schools that  ...", "url_pdf": null, "num_citations": 8, "cluster_id": "4528630374732056574", "year": "2011", "url_citations": "http://scholar.google.com/scholar?cites=4528630374732056574&as_sdt=2005&sciodt=1,5&hl=en"}]