[{"num_versions": 4, "url_citation": null, "title": "Differences in students' school motivation: A latent class modelling approach", "url": "http://link.springer.com/article/10.1007/s11218-014-9274-6", "url_versions": "http://scholar.google.com/scholar?cluster=16320564536894188957&hl=en&as_sdt=1,5&sciodt=1,5&as_vis=1", "authors": "H Korpershoek, H Kuyper, G van der Werf - Social Psychology of  \u2026", "excerpt": "Abstract In this study, we investigated the school motivation of 7,257 9th grade students in 80 secondary schools across the Netherlands. Using a multiple goal perspective, four motivation dimensions were included: performance, mastery, extrinsic, and social  ...", "url_pdf": null, "num_citations": 0, "cluster_id": null, "year": "2014", "url_citations": null}]