[{"num_versions": 3, "url_citation": null, "title": "Deepid-net: Deformable deep convolutional neural networks for object detection", "url": "http://www.cv-foundation.org/openaccess/content_cvpr_2015/app/2A_020.pdf", "url_versions": "http://scholar.google.com/scholar?cluster=8741182892774090657&hl=en&as_sdt=1,5&sciodt=1,5&as_vis=1", "authors": "W Ouyang, X Wang, X Zeng, S Qiu, P Luo\u2026 - Proceedings of the  \u2026", "excerpt": "Abstract In this paper, we propose deformable deep convolutional neural networks for generic object detection. This new deep learning object detection framework has innovations in multiple aspects. In the proposed new deep architecture, a new  ...", "url_pdf": "http://www.cv-foundation.org/openaccess/content_cvpr_2015/app/2A_020.pdf", "num_citations": 3, "cluster_id": "8741182892774090657", "year": "2015", "url_citations": "http://scholar.google.com/scholar?cites=8741182892774090657&as_sdt=2005&sciodt=1,5&hl=en"}, {"num_versions": 3, "url_citation": null, "title": "Crowded scene analysis: A survey", "url": "http://ieeexplore.ieee.org/xpls/abs_all.jsp?arnumber=6898845", "url_versions": "http://scholar.google.com/scholar?cluster=482098932132941234&hl=en&as_sdt=1,5&sciodt=1,5&as_vis=1", "authors": "T Li, H Chang, M Wang, B Ni, R Hong\u2026 - Circuits and Systems  \u2026", "excerpt": "Abstract\u2014Automated scene analysis has been a topic of great interest in computer vision and cognitive science. Recently, with the growth of crowd phenomena in the real world, crowded scene analysis has attracted much attention. However, the visual occlusions and  ...", "url_pdf": null, "num_citations": 5, "cluster_id": "482098932132941234", "year": "2015", "url_citations": "http://scholar.google.com/scholar?cites=482098932132941234&as_sdt=2005&sciodt=1,5&hl=en"}, {"num_versions": 0, "url_citation": null, "title": "The SP theory of intelligence: distinctive features and advantages", "url": "http://www.cognitionresearch.org/papers/overview/spalt.pdf", "url_versions": null, "authors": "JG Wolff -", "excerpt": "Abstract The main aim of this paper is to highlight distinctive features of the SP theory of intelligence, outlined in an appendix with pointers to fuller information elsewhere, and its apparent advantages compared with some AI-related alternatives. In summary, distinctive  ...", "url_pdf": "http://www.cognitionresearch.org/papers/overview/spalt.pdf", "num_citations": 0, "cluster_id": null, "year": "2015", "url_citations": null}, {"num_versions": 6, "url_citation": null, "title": "Deepreid: Deep filter pairing neural network for person re-identification", "url": "http://ieeexplore.ieee.org/xpls/abs_all.jsp?arnumber=6909421", "url_versions": "http://scholar.google.com/scholar?cluster=7791919545042678592&hl=en&as_sdt=1,5&sciodt=1,5&as_vis=1", "authors": "W Li, R Zhao, T Xiao, X Wang - Computer Vision and Pattern  \u2026", "excerpt": "Abstract Person re-identification is to match pedestrian images from disjoint camera views detected by pedestrian detectors. Challenges are presented in the form of complex variations of lightings, poses, viewpoints, blurring effects, image resolutions, camera  ...", "url_pdf": null, "num_citations": 29, "cluster_id": "7791919545042678592", "year": "2014", "url_citations": "http://scholar.google.com/scholar?cites=7791919545042678592&as_sdt=2005&sciodt=1,5&hl=en"}, {"num_versions": 6, "url_citation": null, "title": "Deepid-net: multi-stage and deformable deep convolutional neural networks for object detection", "url": "http://arxiv.org/abs/1409.3505", "url_versions": "http://scholar.google.com/scholar?cluster=12952744685922355995&hl=en&as_sdt=1,5&sciodt=1,5&as_vis=1", "authors": "W Ouyang, P Luo, X Zeng, S Qiu, Y Tian, H Li\u2026 - arXiv preprint arXiv: \u2026", "excerpt": "Abstract: In this paper, we propose multi-stage and deformable deep convolutional neural networks for object detection. This new deep learning object detection diagram has innovations in multiple aspects. In the proposed new deep architecture, a new  ...", "url_pdf": null, "num_citations": 19, "cluster_id": "12952744685922355995", "year": "2014", "url_citations": "http://scholar.google.com/scholar?cites=12952744685922355995&as_sdt=2005&sciodt=1,5&hl=en"}, {"num_versions": 0, "url_citation": null, "title": "Pedestrian detection with a Large-Field-Of-View deep network", "url": "http://ieeexplore.ieee.org/xpls/abs_all.jsp?arnumber=7139256", "url_versions": null, "authors": "A Angelova, A Krizhevsky\u2026 - Robotics and Automation  \u2026", "excerpt": "Abstract\u2014Pedestrian detection is of crucial importance to autonomous driving applications. Methods based on deep learning have shown significant improvements in accuracy, which makes them particularly suitable for applications, such as pedestrian detection, where  ...", "url_pdf": null, "num_citations": 1, "cluster_id": "3144205193669245822", "year": "2015", "url_citations": "http://scholar.google.com/scholar?cites=3144205193669245822&as_sdt=2005&sciodt=1,5&hl=en"}, {"num_versions": 6, "url_citation": null, "title": "Taking a deeper look at pedestrians", "url": "http://arxiv.org/abs/1501.05790", "url_versions": "http://scholar.google.com/scholar?cluster=12213861898695501044&hl=en&as_sdt=1,5&sciodt=1,5&as_vis=1", "authors": "J Hosang, M Omran, R Benenson, B Schiele - arXiv preprint arXiv: \u2026", "excerpt": "Abstract: In this paper we study the use of convolutional neural networks (convnets) for the task of pedestrian detection. Despite their recent diverse successes, convnets historically underperform compared to other pedestrian detectors. We deliberately omit explicitly  ...", "url_pdf": null, "num_citations": 6, "cluster_id": "12213861898695501044", "year": "2015", "url_citations": "http://scholar.google.com/scholar?cites=12213861898695501044&as_sdt=2005&sciodt=1,5&hl=en"}, {"num_versions": 4, "url_citation": null, "title": "Single-Pedestrian Detection Aided by 2-Pedestrian Detection", "url": "http://ieeexplore.ieee.org/xpls/abs_all.jsp?arnumber=6994306", "url_versions": "http://scholar.google.com/scholar?cluster=16237706648825422415&hl=en&as_sdt=1,5&sciodt=1,5&as_vis=1", "authors": "W Ouyang, X Zeng, X Wang -", "excerpt": "Abstract\u2014In this paper, we address the challenging problem of detecting pedestrians who appear in groups. A new approach is proposed for single-pedestrian detection aided by 2-pedestrian detection. A mixture model of 2-pedestrian detectors is designed to capture the  ...", "url_pdf": null, "num_citations": 1, "cluster_id": "16237706648825422415", "year": "2015", "url_citations": "http://scholar.google.com/scholar?cites=16237706648825422415&as_sdt=2005&sciodt=1,5&hl=en"}, {"num_versions": 2, "url_citation": null, "title": "Local decorrelation for improved detection", "url": "http://arxiv.org/abs/1406.1134", "url_versions": "http://scholar.google.com/scholar?cluster=8082578001726045697&hl=en&as_sdt=1,5&sciodt=1,5&as_vis=1", "authors": "W Nam, P Doll\u00e1r, JH Han - arXiv preprint arXiv:1406.1134", "excerpt": "Abstract: Even with the advent of more sophisticated, data-hungry methods, boosted decision trees remain extraordinarily successful for fast rigid object detection, achieving top accuracy on numerous datasets. While effective, most boosted detectors use decision  ...", "url_pdf": null, "num_citations": 5, "cluster_id": "8082578001726045697", "year": "2014", "url_citations": "http://scholar.google.com/scholar?cites=8082578001726045697&as_sdt=2005&sciodt=1,5&hl=en"}, {"num_versions": 3, "url_citation": null, "title": "Cross-scene crowd counting via deep convolutional neural networks", "url": "http://www.cv-foundation.org/openaccess/content_cvpr_2015/app/1A_091.pdf", "url_versions": "http://scholar.google.com/scholar?cluster=3877978800110422721&hl=en&as_sdt=1,5&sciodt=1,5&as_vis=1", "authors": "C Zhang, H Li, X Wang, X Yang - Proc. CVPR", "excerpt": "Abstract Cross-scene crowd counting is a challenging task where no laborious data annotation is required for counting people in new target surveillance crowd scenes unseen in the training set. The performance of most existing crowd counting methods drops  ...", "url_pdf": "http://www.cv-foundation.org/openaccess/content_cvpr_2015/app/1A_091.pdf", "num_citations": 3, "cluster_id": "3877978800110422721", "year": "2015", "url_citations": "http://scholar.google.com/scholar?cites=3877978800110422721&as_sdt=2005&sciodt=1,5&hl=en"}, {"num_versions": 3, "url_citation": null, "title": "Local decorrelation for improved pedestrian detection", "url": "http://papers.nips.cc/paper/5419-clustered-factor-analysis-of-multineuronal-spike-data", "url_versions": "http://scholar.google.com/scholar?cluster=14007754465970510867&hl=en&as_sdt=1,5&sciodt=1,5&as_vis=1", "authors": "W Nam, P Doll\u00e1r, JH Han - Advances in Neural Information  \u2026", "excerpt": "Abstract Even with the advent of more sophisticated, data-hungry methods, boosted decision trees remain extraordinarily successful for fast rigid object detection, achieving top accuracy on numerous datasets. While effective, most boosted detectors use decision trees with  ...", "url_pdf": null, "num_citations": 12, "cluster_id": "14007754465970510867", "year": "2014", "url_citations": "http://scholar.google.com/scholar?cites=14007754465970510867&as_sdt=2005&sciodt=1,5&hl=en"}, {"num_versions": 2, "url_citation": null, "title": "Deep learning of scene-specific classifier for pedestrian detection", "url": "http://link.springer.com/chapter/10.1007/978-3-319-10578-9_31", "url_versions": "http://scholar.google.com/scholar?cluster=9235851118938078263&hl=en&as_sdt=1,5&sciodt=1,5&as_vis=1", "authors": "X Zeng, W Ouyang, M Wang, X Wang - Computer Vision\u2013ECCV", "excerpt": "Abstract The performance of a detector depends much on its training dataset and drops significantly when the detector is applied to a new scene due to the large variations between the source training dataset and the target scene. In order to bridge this appearance gap,  ...", "url_pdf": null, "num_citations": 9, "cluster_id": "9235851118938078263", "year": "2014", "url_citations": "http://scholar.google.com/scholar?cites=9235851118938078263&as_sdt=2005&sciodt=1,5&hl=en"}, {"num_versions": 6, "url_citation": null, "title": "Pedestrian detection aided by deep learning semantic tasks", "url": "http://arxiv.org/abs/1412.0069", "url_versions": "http://scholar.google.com/scholar?cluster=1116681636136851347&hl=en&as_sdt=1,5&sciodt=1,5&as_vis=1", "authors": "Y Tian, P Luo, X Wang, X Tang - arXiv preprint arXiv:1412.0069", "excerpt": "Abstract: Deep learning methods have achieved great success in pedestrian detection, owing to its ability to learn features from raw pixels. However, they mainly capture middle-level representations, such as pose of pedestrian, but confuse positive with hard negative  ...", "url_pdf": null, "num_citations": 4, "cluster_id": "1116681636136851347", "year": "2014", "url_citations": "http://scholar.google.com/scholar?cites=1116681636136851347&as_sdt=2005&sciodt=1,5&hl=en"}, {"num_versions": 2, "url_citation": null, "title": "Fully Convolutional Neural Networks for Crowd Segmentation", "url": "http://arxiv.org/abs/1411.4464", "url_versions": "http://scholar.google.com/scholar?cluster=11893861464870858846&hl=en&as_sdt=1,5&sciodt=1,5&as_vis=1", "authors": "K Kang, X Wang - arXiv preprint arXiv:1411.4464", "excerpt": "Abstract: In this paper, we propose a fast fully convolutional neural network (FCNN) for crowd segmentation. By replacing the fully connected layers in CNN with 1 by 1 convolution kernels, FCNN takes whole images as inputs and directly outputs segmentation maps by  ...", "url_pdf": null, "num_citations": 2, "cluster_id": "11893861464870858846", "year": "2014", "url_citations": "http://scholar.google.com/scholar?cites=11893861464870858846&as_sdt=2005&sciodt=1,5&hl=en"}, {"num_versions": 5, "url_citation": null, "title": "Multi-source deep learning for human pose estimation", "url": "http://ieeexplore.ieee.org/xpls/abs_all.jsp?arnumber=6909696", "url_versions": "http://scholar.google.com/scholar?cluster=10627391380307827290&hl=en&as_sdt=1,5&sciodt=1,5&as_vis=1", "authors": "W Ouyang, X Chu, X Wang - Computer Vision and Pattern  \u2026", "excerpt": "Abstract Visual appearance score, appearance mixture type and deformation are three important information sources for human pose estimation. This paper proposes to build a multi-source deep model in order to extract non-linear representation from these different  ...", "url_pdf": null, "num_citations": 16, "cluster_id": "10627391380307827290", "year": "2014", "url_citations": "http://scholar.google.com/scholar?cites=10627391380307827290&as_sdt=2005&sciodt=1,5&hl=en"}, {"num_versions": 7, "url_citation": null, "title": "Joint deep learning for pedestrian detection", "url": "http://ieeexplore.ieee.org/xpls/abs_all.jsp?arnumber=6751366", "url_versions": "http://scholar.google.com/scholar?cluster=850587603398171997&hl=en&as_sdt=1,5&sciodt=1,5&as_vis=1", "authors": "W Ouyang, X Wang - Computer Vision (ICCV)", "excerpt": "Abstract Feature extraction, deformation handling, occlusion handling, and classification are four important components in pedestrian detection. Existing methods learn or design these components either individually or sequentially. The interaction among these components  ...", "url_pdf": null, "num_citations": 77, "cluster_id": "850587603398171997", "year": "2013", "url_citations": "http://scholar.google.com/scholar?cites=850587603398171997&as_sdt=2005&sciodt=1,5&hl=en"}, {"num_versions": 10, "url_citation": null, "title": "Ten years of pedestrian detection, what have we learned?", "url": "http://link.springer.com/chapter/10.1007/978-3-319-16181-5_47", "url_versions": "http://scholar.google.com/scholar?cluster=6107085184906946464&hl=en&as_sdt=1,5&sciodt=1,5&as_vis=1", "authors": "R Benenson, M Omran, J Hosang, B Schiele - Computer Vision-ECCV  \u2026", "excerpt": "Abstract Paper-by-paper results make it easy to miss the forest for the trees. We analyse the remarkable progress of the last decade by discussing the main ideas explored in the 40+ detectors currently present in the Caltech pedestrian detection benchmark. We observe  ...", "url_pdf": null, "num_citations": 38, "cluster_id": "6107085184906946464", "year": "2014", "url_citations": "http://scholar.google.com/scholar?cites=6107085184906946464&as_sdt=2005&sciodt=1,5&hl=en"}]