[{"num_versions": 2, "url_citation": null, "title": "Perception processing for general intelligence, part ii: Bridging the symbolic/-subsymbolic gap", "url": "http://goertzel.org/DeSTIN_OpenCog_paper_v1.pdf", "url_versions": "http://scholar.google.com/scholar?cluster=5634055892049091821&hl=en&as_sdt=1,5&sciodt=1,5&as_vis=1", "authors": "B Goertzel -", "excerpt": "Abstract Bridging the gap between symbolic and subsymbolic representations is a\u2013perhaps the\u2013key obstacle along the path from the present state of AI achievement to human-level artificial general intelligence. One approach to bridging this gap is hybridization\u2013for  ...", "url_pdf": "http://goertzel.org/DeSTIN_OpenCog_paper_v1.pdf", "num_citations": 3, "cluster_id": "5634055892049091821", "year": "2012", "url_citations": "http://scholar.google.com/scholar?cites=5634055892049091821&as_sdt=2005&sciodt=1,5&hl=en"}, {"num_versions": 2, "url_citation": null, "title": "Deep Learning For Sequential Pattern Recognition", "url": "http://upcommons.upc.edu/handle/2099.1/20268", "url_versions": "http://scholar.google.com/scholar?cluster=7579635460474112892&hl=en&as_sdt=1,5&sciodt=1,5&as_vis=1", "authors": "P Safari -", "excerpt": "In recent years, deep learning has opened a new research line in pattern recognition tasks. It has been hypothesized that this kind of learning would capture more abstract patterns concealed in data. It is motivated by the new findings both in biological aspects of the  ...", "url_pdf": null, "num_citations": 1, "cluster_id": "7579635460474112892", "year": "2013", "url_citations": "http://scholar.google.com/scholar?cites=7579635460474112892&as_sdt=2005&sciodt=1,5&hl=en"}, {"num_versions": 9, "url_citation": null, "title": "A deep learning architecture comprising homogeneous cortical circuits for scalable spatiotemporal pattern inference", "url": "http://www.msr-waypoint.net/en-us/um/people/dongyu/NIPS2009/papers/Arel-DeSTIN_NIPS%20tpk2.pdf", "url_versions": "http://scholar.google.com/scholar?cluster=4989862760489161215&hl=en&as_sdt=1,5&sciodt=1,5&as_vis=1", "authors": "I Arel, D Rose, T Karnowski - \u2026", "excerpt": "Abstract A key challenge associated with the design of scalable deep learning architectures pertains to efficiently capturing spatiotemporal dependencies in a scalable framework that is modality independent. This paper presents a novel discriminative deep learning  ...", "url_pdf": "http://www.msr-waypoint.net/en-us/um/people/dongyu/NIPS2009/papers/Arel-DeSTIN_NIPS%20tpk2.pdf", "num_citations": 31, "cluster_id": "4989862760489161215", "year": "2009", "url_citations": "http://scholar.google.com/scholar?cites=4989862760489161215&as_sdt=2005&sciodt=1,5&hl=en"}, {"num_versions": 0, "url_citation": null, "title": "Hierarchical Inference Applied to Cyc", "url": "http://scholar.google.com/https://books.google.com/books?hl=en&lr=&id=Zop7AgAAQBAJ&oi=fnd&pg=PA25&ots=03O4WKrkkk&sig=Pihh5pzBH7EHH3PPWmH2b9Hqd24", "url_versions": null, "authors": "K Gibert - \u2026  Research and Development: Proceedings of the  \u2026", "excerpt": "Abstract. Hierarchical graphs are a frequent solution for capturing symbolic data due the importance of hierarchies for de\ufb01ning knowledge. In these graphs, relations among elements may contain large portions of the element's semantics. However, knowledge  ...", "url_pdf": null, "num_citations": 0, "cluster_id": null, "year": "2013", "url_citations": null}, {"num_versions": 6, "url_citation": null, "title": "Hierarchical spatiotemporal feature extraction using recurrent online clustering", "url": "http://www.sciencedirect.com/science/article/pii/S0167865513002869", "url_versions": "http://scholar.google.com/scholar?cluster=11129441879675000892&hl=en&as_sdt=1,5&sciodt=1,5&as_vis=1", "authors": "SR Young, A Davis, A Mishtal, I Arel - Pattern Recognition Letters", "excerpt": "Abstract Deep machine learning offers a comprehensive framework for extracting meaningful features from complex observations in an unsupervised manner. The majority of deep learning architectures described in the literature primarily focus on extracting spatial  ...", "url_pdf": null, "num_citations": 7, "cluster_id": "11129441879675000892", "year": "2014", "url_citations": "http://scholar.google.com/scholar?cites=11129441879675000892&as_sdt=2005&sciodt=1,5&hl=en"}, {"num_versions": 2, "url_citation": null, "title": "Modular composite representation", "url": "http://link.springer.com/article/10.1007/s12559-013-9243-y", "url_versions": "http://scholar.google.com/scholar?cluster=11372648598776257740&hl=en&as_sdt=1,5&sciodt=1,5&as_vis=1", "authors": "J Snaider, S Franklin - Cognitive Computation", "excerpt": "Abstract High-dimensional vector spaces have noteworthy properties that make them attractive for representation models. A reduced description model is a mechanism for encoding complex structures as single high-dimensional vectors. Moreover, these vectors  ...", "url_pdf": null, "num_citations": 5, "cluster_id": "11372648598776257740", "year": "2014", "url_citations": "http://scholar.google.com/scholar?cites=11372648598776257740&as_sdt=2005&sciodt=1,5&hl=en"}, {"num_versions": 3, "url_citation": null, "title": "Artificial General Intelligence: Concept, State of the Art, and Future Prospects", "url": "http://www.degruyter.com/view/j/jagi.2014.5.issue-1/jagi-2014-0001/jagi-2014-0001.xml", "url_versions": "http://scholar.google.com/scholar?cluster=3722015603111918136&hl=en&as_sdt=1,5&sciodt=1,5&as_vis=1", "authors": "B Goertzel - Journal of Artificial General Intelligence", "excerpt": "Abstract In recent years broad community of researchers has emerged, focusing on the original ambitious goals of the AI field-the creation and study of software or hardware systems with general intelligence comparable to, and ultimately perhaps greater than, that  ...", "url_pdf": null, "num_citations": 3, "cluster_id": "3722015603111918136", "year": "2014", "url_citations": "http://scholar.google.com/scholar?cites=3722015603111918136&as_sdt=2005&sciodt=1,5&hl=en"}, {"num_versions": 3, "url_citation": null, "title": "The threat of a reward-driven adversarial artificial general intelligence", "url": "http://link.springer.com/chapter/10.1007/978-3-642-32560-1_3", "url_versions": "http://scholar.google.com/scholar?cluster=4935833065108816272&hl=en&as_sdt=1,5&sciodt=1,5&as_vis=1", "authors": "I Arel - Singularity Hypotheses", "excerpt": "Abstract Once introduced, Artificial General Intelligence (AGI) will undoubtedly become humanity's most transformative technological force. However, the nature of such a force is unclear with many contemplating scenarios in which this novel form of intelligence will find  ...", "url_pdf": null, "num_citations": 8, "cluster_id": "4935833065108816272", "year": "2012", "url_citations": "http://scholar.google.com/scholar?cites=4935833065108816272&as_sdt=2005&sciodt=1,5&hl=en"}, {"num_versions": 14, "url_citation": null, "title": "Singularity hypotheses: An overview", "url": "http://link.springer.com/chapter/10.1007/978-3-642-32560-1_1", "url_versions": "http://scholar.google.com/scholar?cluster=17661183115661672068&hl=en&as_sdt=1,5&sciodt=1,5&as_vis=1", "authors": "AH Eden, E Steinhart, D Pearce, JH Moor - Singularity Hypotheses", "excerpt": "Abstract Bill Joy in a widely read but controversial article claimed that the most powerful 21st century technologies are threatening to make humans an endangered species. Indeed, a growing number of scientists, philosophers and forecasters insist that the accelerating  ...", "url_pdf": null, "num_citations": 3, "cluster_id": "17661183115661672068", "year": "2012", "url_citations": "http://scholar.google.com/scholar?cites=17661183115661672068&as_sdt=2005&sciodt=1,5&hl=en"}, {"num_versions": 2, "url_citation": null, "title": "Combining Newton interpolation and deep learning for image classification", "url": "http://digital-library.theiet.org/content/journals/10.1049/el.2014.3223", "url_versions": "http://scholar.google.com/scholar?cluster=16475861721636330137&hl=en&as_sdt=1,5&sciodt=1,5&as_vis=1", "authors": "Y Zhang, C Shang - Electronics Letters", "excerpt": "A novel approach for image classification, by integrating deep learning and feature interpolation, supported with advanced learning classification techniques, is presented. The recently introduced deep spatiotemporal inference network (DeSTIN) is employed to carry  ...", "url_pdf": null, "num_citations": 1, "cluster_id": "16475861721636330137", "year": "2014", "url_citations": "http://scholar.google.com/scholar?cites=16475861721636330137&as_sdt=2005&sciodt=1,5&hl=en"}, {"num_versions": 7, "url_citation": null, "title": "Integrating feature selection into program learning", "url": "http://link.springer.com/chapter/10.1007/978-3-642-39521-5_4", "url_versions": "http://scholar.google.com/scholar?cluster=380904002062987402&hl=en&as_sdt=1,5&sciodt=1,5&as_vis=1", "authors": "B Goertzel, N Geisweiller, C Pennachin\u2026 - Artificial General  \u2026", "excerpt": "Abstract In typical practical applications of automated program learning, the scope of potential inputs to the programs being learned are narrowed down during a preliminary \u201cfeature selection \u201cstep. However, this approach will not work if one wishes to apply  ...", "url_pdf": null, "num_citations": 3, "cluster_id": "380904002062987402", "year": "2013", "url_citations": "http://scholar.google.com/scholar?cites=380904002062987402&as_sdt=2005&sciodt=1,5&hl=en"}, {"num_versions": 3, "url_citation": null, "title": "Cortical Learning Algorithms with Predictive Coding for a Systems-Level Cognitive Architecture", "url": "http://www.cogsys.org/app/webroot/papers/2013poster7.pdf", "url_versions": "http://scholar.google.com/scholar?cluster=3289688795059129044&hl=en&as_sdt=1,5&sciodt=1,5&as_vis=1", "authors": "R McCall, S Franklin - Second Annual Conference on Advances in  \u2026", "excerpt": "Abstract Human-level intelligent agents must autonomously navigate complex, dynamic, uncertain environments with bounded time and memory. This requires that they continually update a hierarchical, dynamic, probabilistic (uncertain) internal model of their current  ...", "url_pdf": "http://www.cogsys.org/app/webroot/papers/2013poster7.pdf", "num_citations": 2, "cluster_id": "3289688795059129044", "year": "2013", "url_citations": "http://scholar.google.com/scholar?cites=3289688795059129044&as_sdt=2005&sciodt=1,5&hl=en"}, {"num_versions": 2, "url_citation": null, "title": "An analog VLSI deep machine learning implementation", "url": "http://trace.tennessee.edu/utk_graddiss/2709/", "url_versions": "http://scholar.google.com/scholar?cluster=14455717767335870705&hl=en&as_sdt=1,5&sciodt=1,5&as_vis=1", "authors": "J Lu -", "excerpt": "Abstract Machine learning systems provide automated data processing and see a wide range of applications. Direct processing of raw high-dimensional data such as images and video by machine learning systems is impractical both due to prohibitive power  ...", "url_pdf": null, "num_citations": 1, "cluster_id": "14455717767335870705", "year": "2014", "url_citations": "http://scholar.google.com/scholar?cites=14455717767335870705&as_sdt=2005&sciodt=1,5&hl=en"}, {"num_versions": 2, "url_citation": null, "title": "Perception Processing for General Intelligence, Part I: Representationally Transparent Deep Learning", "url": "http://goertzel.org/Uniform_DeSTIN_paper.pdf", "url_versions": "http://scholar.google.com/scholar?cluster=17705344159511218734&hl=en&as_sdt=1,5&sciodt=1,5&as_vis=1", "authors": "B Goertzel -", "excerpt": "Abstract Bridging the gap between symbolic and subsymbolic representations is a\u2013perhaps the\u2013key obstacle along the path from the present state of AI technology to human-level artificial general intelligence. The companion paper (Part II) describes a novel approach to  ...", "url_pdf": "http://goertzel.org/Uniform_DeSTIN_paper.pdf", "num_citations": 1, "cluster_id": "17705344159511218734", "year": "2012", "url_citations": "http://scholar.google.com/scholar?cites=17705344159511218734&as_sdt=2005&sciodt=1,5&hl=en"}, {"num_versions": 9, "url_citation": null, "title": "Imprecise probability as a linking mechanism between deep learning, symbolic cognition and local feature detection in vision processing", "url": "http://link.springer.com/chapter/10.1007/978-3-642-22887-2_41", "url_versions": "http://scholar.google.com/scholar?cluster=6104850356340935218&hl=en&as_sdt=1,5&sciodt=1,5&as_vis=1", "authors": "B Goertzel - Artificial General Intelligence", "excerpt": "Abstract A novel approach to computer vision is outlined, involving the use of imprecise probabilities to connect a deep learning based hierarchical vision system with both local feature detection based preprocessing and symbolic cognition based guidance. The core  ...", "url_pdf": null, "num_citations": 5, "cluster_id": "6104850356340935218", "year": "2011", "url_citations": "http://scholar.google.com/scholar?cites=6104850356340935218&as_sdt=2005&sciodt=1,5&hl=en"}, {"num_versions": 0, "url_citation": null, "title": "CogPrime: An Integrative Architecture for Embodied Artificial General Intelligence", "url": "http://goertzel.org/papers/CogPrime_Overview_Paper.pdf", "url_versions": null, "authors": "B Goertzel - Dynamical Psychology: An International,  \u2026", "excerpt": "Abstract The CogPrime architecture for embodied AGI is overviewed, covering the core architecture and algorithms, the underlying conceptual motivations, and the emergent structures, dynamics and functionalities expected to arise in a completely implemented  ...", "url_pdf": "http://goertzel.org/papers/CogPrime_Overview_Paper.pdf", "num_citations": 3, "cluster_id": "15006655640343136903", "year": "2012", "url_citations": "http://scholar.google.com/scholar?cites=15006655640343136903&as_sdt=2005&sciodt=1,5&hl=en"}, {"num_versions": 5, "url_citation": null, "title": "Engineering General Intelligence, Part 1", "url": "http://link.springer.com/content/pdf/10.2991/978-94-6239-030-0.pdf", "url_versions": "http://scholar.google.com/scholar?cluster=11715041753270380177&hl=en&as_sdt=1,5&sciodt=1,5&as_vis=1", "authors": "B Goertzel, C Pennachin, N Geisweiller -", "excerpt": "Welcome to the second volume of Engineering General Intelligence! This is the second half of a two-part technical treatise aimed at outlining a practical approach to engineering software systems with general intelligence at the human level and ultimately beyond.", "url_pdf": "http://link.springer.com/content/pdf/10.2991/978-94-6239-030-0.pdf", "num_citations": 12, "cluster_id": "11715041753270380177", "year": "2014", "url_citations": "http://scholar.google.com/scholar?cites=11715041753270380177&as_sdt=2005&sciodt=1,5&hl=en"}, {"num_versions": 2, "url_citation": null, "title": "The cogprime architecture for embodied artificial general intelligence", "url": "http://ieeexplore.ieee.org/xpls/abs_all.jsp?arnumber=6613266", "url_versions": "http://scholar.google.com/scholar?cluster=5064422071247510227&hl=en&as_sdt=1,5&sciodt=1,5&as_vis=1", "authors": "B Goertzel, S Ke, R Lian, J O'Neill\u2026 - \u2026  for Human-like  \u2026", "excerpt": "Abstract\u2014CogPrime, a comprehensive architecture for embodied Artificial General Intelligence, is reviewed, covering the core architecture and algorithms, the underlying conceptual motivations, and the emergent structures, dynamics and functionalities  ...", "url_pdf": null, "num_citations": 6, "cluster_id": "5064422071247510227", "year": "2013", "url_citations": "http://scholar.google.com/scholar?cites=5064422071247510227&as_sdt=2005&sciodt=1,5&hl=en"}, {"num_versions": 11, "url_citation": null, "title": "OpenPsi: Realizing D\u00f6rner's \u201cPsi\u201d Cognitive Model in the OpenCog Integrative AGI Architecture", "url": "http://link.springer.com/chapter/10.1007/978-3-642-22887-2_22", "url_versions": "http://scholar.google.com/scholar?cluster=1127007147058743511&hl=en&as_sdt=1,5&sciodt=1,5&as_vis=1", "authors": "Z Cai, B Goertzel, N Geisweiller - Artificial General Intelligence", "excerpt": "Abstract Dietrich Doerner's \u201cPsi\u201d cognitive model, which was used as the basis for Joscha Bach's MicroPsi AGI system, is expressed in a quite different terminology and conceptual framework from the one normally used to discuss the OpenCog AGI system. However, the  ...", "url_pdf": null, "num_citations": 2, "cluster_id": "1127007147058743511", "year": "2011", "url_citations": "http://scholar.google.com/scholar?cites=1127007147058743511&as_sdt=2005&sciodt=1,5&hl=en"}, {"num_versions": 9, "url_citation": null, "title": "Nonlinear-dynamical attention allocation via information geometry", "url": "http://link.springer.com/chapter/10.1007/978-3-642-22887-2_7", "url_versions": "http://scholar.google.com/scholar?cluster=15753188424074530743&hl=en&as_sdt=1,5&sciodt=1,5&as_vis=1", "authors": "M Ikle, B Goertzel - Artificial General Intelligence", "excerpt": "Abstract Inspired by a broader perspective viewing intelligent system dynamics in terms of the geometry of \u201ccognitive spaces,\u201d we conduct a preliminary investigation of the application of information-geometry based learning to ECAN (Economic Attention Networks), the  ...", "url_pdf": null, "num_citations": 4, "cluster_id": "15753188424074530743", "year": "2011", "url_citations": "http://scholar.google.com/scholar?cites=15753188424074530743&as_sdt=2005&sciodt=1,5&hl=en"}, {"num_versions": 11, "url_citation": null, "title": "Perception processing for general intelligence: Bridging the symbolic/subsymbolic gap", "url": "http://link.springer.com/chapter/10.1007/978-3-642-35506-6_9", "url_versions": "http://scholar.google.com/scholar?cluster=12717004952021054390&hl=en&as_sdt=1,5&sciodt=1,5&as_vis=1", "authors": "B Goertzel - Artificial General Intelligence", "excerpt": "Abstract Bridging the gap between symbolic and subsymbolic representations is a\u2013perhaps the\u2013key obstacle along the path from the present state of AI achievement to human-level artificial general intelligence. One approach to bridging this gap is hybridization\u2013for  ...", "url_pdf": null, "num_citations": 10, "cluster_id": "12717004952021054390", "year": "2012", "url_citations": "http://scholar.google.com/scholar?cites=12717004952021054390&as_sdt=2005&sciodt=1,5&hl=en"}, {"num_versions": 12, "url_citation": null, "title": "Deep spatiotemporal feature learning with application to image classification", "url": "http://ieeexplore.ieee.org/xpls/abs_all.jsp?arnumber=5708961", "url_versions": "http://scholar.google.com/scholar?cluster=5512040262025678265&hl=en&as_sdt=1,5&sciodt=1,5&as_vis=1", "authors": "TP Karnowski, I Arel, D Rose - Machine Learning and  \u2026", "excerpt": "Abstract\u2014Deep machine learning is an emerging framework for dealing with complex high-dimensionality data in a hierarchical fashion which draws some inspiration from biological sources. Despite the notable progress made in the field, there remains a need for an  ...", "url_pdf": null, "num_citations": 15, "cluster_id": "5512040262025678265", "year": "2010", "url_citations": "http://scholar.google.com/scholar?cites=5512040262025678265&as_sdt=2005&sciodt=1,5&hl=en"}, {"num_versions": 4, "url_citation": null, "title": "Hierarchical temporal memory cortical learning algorithm for pattern recognition on multi-core architectures", "url": "http://pdxscholar.library.pdx.edu/open_access_etds/202/", "url_versions": "http://scholar.google.com/scholar?cluster=15873726171069369554&hl=en&as_sdt=1,5&sciodt=1,5&as_vis=1", "authors": "RW Price -", "excerpt": "Abstract Strongly inspired by an understanding of mammalian cortical structure and function, the Hierarchical Temporal Memory Cortical Learning Algorithm (HTM CLA) is a promising new approach to problems of recognition and inference in space and time. Only a subset  ...", "url_pdf": null, "num_citations": 8, "cluster_id": "15873726171069369554", "year": "2011", "url_citations": "http://scholar.google.com/scholar?cites=15873726171069369554&as_sdt=2005&sciodt=1,5&hl=en"}, {"num_versions": 6, "url_citation": null, "title": "Cognitive Synergy between Procedural and Declarative Learning in the Control of Animated and Robotic Agents Using the OpenCogPrime AGI Architecture.", "url": "http://www.aaai.org/ocs/index.php/AAAI/AAAI11/paper/viewFile/3562%26lt%3B/4096", "url_versions": "http://scholar.google.com/scholar?cluster=5033922729127110168&hl=en&as_sdt=1,5&sciodt=1,5&as_vis=1", "authors": "B Goertzel, J Pitt, J Wigmore, N Geisweiller, Z Cai\u2026 - AAAI", "excerpt": "Abstract The hypothesis is presented that\u201d cognitive synergy\u201d\u2013proactive and mutually-assistive feedback between different cognitive processes associated with different types of memory\u2013may serve as a foundation for advanced artificial general intelligence. A specific  ...", "url_pdf": null, "num_citations": 7, "cluster_id": "5033922729127110168", "year": "2011", "url_citations": "http://scholar.google.com/scholar?cites=5033922729127110168&as_sdt=2005&sciodt=1,5&hl=en"}, {"num_versions": 2, "url_citation": null, "title": "Deep Machine Learning with Spatio-Temporal Inference", "url": "http://trace.tennessee.edu/utk_graddiss/1315/", "url_versions": "http://scholar.google.com/scholar?cluster=2428547352132662288&hl=en&as_sdt=1,5&sciodt=1,5&as_vis=1", "authors": "TP Karnowski -", "excerpt": "Abstract Deep Machine Learning (DML) refers to methods which utilize hierarchies of more than one or two layers of computational elements to achieve learning. DML may draw upon biomemetic models, or may be simply biologically-inspired. Regardless, these  ...", "url_pdf": null, "num_citations": 5, "cluster_id": "2428547352132662288", "year": "2012", "url_citations": "http://scholar.google.com/scholar?cites=2428547352132662288&as_sdt=2005&sciodt=1,5&hl=en"}, {"num_versions": 3, "url_citation": null, "title": "Modifying the destin perception architecture to enable representationally transparent deep learning", "url": "http://goertzel.org/papers/Uniform_DeSTIN_paper_v2.pdf", "url_versions": "http://scholar.google.com/scholar?cluster=4892731319275859039&hl=en&as_sdt=1,5&sciodt=1,5&as_vis=1", "authors": "B Goertzel -", "excerpt": "Abstract Bridging the gap between symbolic and subsymbolic representations is a\u2013perhaps the\u2013key obstacle along the path from the present state of AI technology to human-level artificial general intelligence. A companion paper to this one describes a novel approach  ...", "url_pdf": "http://goertzel.org/papers/Uniform_DeSTIN_paper_v2.pdf", "num_citations": 3, "cluster_id": "4892731319275859039", "year": "2012", "url_citations": "http://scholar.google.com/scholar?cites=4892731319275859039&as_sdt=2005&sciodt=1,5&hl=en"}, {"num_versions": 12, "url_citation": null, "title": "A world survey of artificial brain projects, Part II: Biologically inspired cognitive architectures", "url": "http://www.sciencedirect.com/science/article/pii/S0925231210003498", "url_versions": "http://scholar.google.com/scholar?cluster=11369393422186850944&hl=en&as_sdt=1,5&sciodt=1,5&as_vis=1", "authors": "B Goertzel, R Lian, I Arel, H De Garis, S Chen - Neurocomputing", "excerpt": "A number of leading cognitive architectures that are inspired by the human brain, at various levels of granularity, are reviewed and compared, with special attention paid to the way their internal structures and dynamics map onto neural processes. Four categories of  ...", "url_pdf": null, "num_citations": 64, "cluster_id": "11369393422186850944", "year": "2010", "url_citations": "http://scholar.google.com/scholar?cites=11369393422186850944&as_sdt=2005&sciodt=1,5&hl=en"}, {"num_versions": 4, "url_citation": null, "title": "Applying deep-layered clustering to mammography image analytics", "url": "http://ieeexplore.ieee.org/xpls/abs_all.jsp?arnumber=5510827", "url_versions": "http://scholar.google.com/scholar?cluster=866074404491742290&hl=en&as_sdt=1,5&sciodt=1,5&as_vis=1", "authors": "DC Rose, I Arel, TP Karnowski\u2026 - Biomedical Sciences  \u2026", "excerpt": "Abstract\u2014This paper details a methodology and preliminary results for applying a hierarchy of clustering units to mammographic image data. The identification of patients with breast cancer through the detection of microcalcifications and masses is a demanding  ...", "url_pdf": null, "num_citations": 2, "cluster_id": "866074404491742290", "year": "2010", "url_citations": "http://scholar.google.com/scholar?cites=866074404491742290&as_sdt=2005&sciodt=1,5&hl=en"}, {"num_versions": 7, "url_citation": null, "title": "The Architecture of Human-Like General Intelligence", "url": "http://link.springer.com/chapter/10.2991/978-94-91216-62-6_8", "url_versions": "http://scholar.google.com/scholar?cluster=11237583770626570361&hl=en&as_sdt=1,5&sciodt=1,5&as_vis=1", "authors": "B Goertzel, M Ikl\u00e9, J Wigmore - Theoretical Foundations of Artificial  \u2026", "excerpt": "Abstract By exploring the relationships between different AGI architectures, one can work toward a holistic cognitive model of human-level intelligence. In this vein, here an integrative architecture diagram for human-like general intelligence is proposed, via merging of  ...", "url_pdf": null, "num_citations": 4, "cluster_id": "11237583770626570361", "year": "2012", "url_citations": "http://scholar.google.com/scholar?cites=11237583770626570361&as_sdt=2005&sciodt=1,5&hl=en"}, {"num_versions": 3, "url_citation": null, "title": "Interpolating destin features for image classification", "url": "http://ieeexplore.ieee.org/xpls/abs_all.jsp?arnumber=6651319", "url_versions": "http://scholar.google.com/scholar?cluster=3575672599644099971&hl=en&as_sdt=1,5&sciodt=1,5&as_vis=1", "authors": "Y Zhang, C Shang, Q Shen - Computational Intelligence (UKCI \u2026", "excerpt": "Abstract\u2014This paper presents a novel approach for image classification, by integrating advanced machine learning techniques and the concept of feature interpolation. In particular, a recently introduced learning architecture, the Deep Spatio-Temporal  ...", "url_pdf": null, "num_citations": 1, "cluster_id": "3575672599644099971", "year": "2013", "url_citations": "http://scholar.google.com/scholar?cites=3575672599644099971&as_sdt=2005&sciodt=1,5&hl=en"}]