[{"num_versions": 27, "url_citation": null, "title": "Why does unsupervised pre-training help deep learning?", "url": "http://dl.acm.org/citation.cfm?id=1756025", "url_versions": "http://scholar.google.com/scholar?cluster=13018263321881826087&hl=en&as_sdt=1,5&sciodt=1,5&as_vis=1", "authors": "D Erhan, Y Bengio, A Courville, PA Manzagol\u2026 - The Journal of Machine \u2026", "excerpt": "Abstract Much recent research has been devoted to learning algorithms for deep architectures such as Deep Belief Networks and stacks of auto-encoder variants, with impressive results obtained in several areas, mostly on vision and language data sets.  ...", "url_pdf": null, "num_citations": 431, "cluster_id": "13018263321881826087", "year": "2010", "url_citations": "http://scholar.google.com/scholar?cites=13018263321881826087&as_sdt=2005&sciodt=1,5&hl=en"}, {"num_versions": 19, "url_citation": null, "title": "Task-driven dictionary learning", "url": "http://ieeexplore.ieee.org/xpls/abs_all.jsp?arnumber=5975166", "url_versions": "http://scholar.google.com/scholar?cluster=16296466500373889940&hl=en&as_sdt=1,5&sciodt=1,5&as_vis=1", "authors": "J Mairal, F Bach, J Ponce - Pattern Analysis and Machine  \u2026", "excerpt": "Abstract\u2014Modeling data with linear combinations of a few elements from a learned dictionary has been the focus of much recent research in machine learning, neuroscience and signal processing. For signals such as natural images that admit such sparse  ...", "url_pdf": null, "num_citations": 288, "cluster_id": "16296466500373889940", "year": "2012", "url_citations": "http://scholar.google.com/scholar?cites=16296466500373889940&as_sdt=2005&sciodt=1,5&hl=en"}, {"num_versions": 14, "url_citation": null, "title": "Deconvolutional networks", "url": "http://ieeexplore.ieee.org/xpls/abs_all.jsp?arnumber=5539957", "url_versions": "http://scholar.google.com/scholar?cluster=13460740791168698022&hl=en&as_sdt=1,5&sciodt=1,5&as_vis=1", "authors": "MD Zeiler, D Krishnan, GW Taylor\u2026 - Computer Vision and  \u2026", "excerpt": "Abstract Building robust low and mid-level image representations, beyond edge primitives, is a long-standing goal in vision. Many existing feature detectors spatially pool edge information which destroys cues such as edge intersections, parallelism and symmetry.  ...", "url_pdf": null, "num_citations": 145, "cluster_id": "13460740791168698022", "year": "2010", "url_citations": "http://scholar.google.com/scholar?cites=13460740791168698022&as_sdt=2005&sciodt=1,5&hl=en"}, {"num_versions": 11, "url_citation": null, "title": "Adaptive deconvolutional networks for mid and high level feature learning", "url": "http://ieeexplore.ieee.org/xpls/abs_all.jsp?arnumber=6126474", "url_versions": "http://scholar.google.com/scholar?cluster=9929778774539426711&hl=en&as_sdt=1,5&sciodt=1,5&as_vis=1", "authors": "MD Zeiler, GW Taylor, R Fergus - Computer Vision (ICCV),  \u2026", "excerpt": "Abstract We present a hierarchical model that learns image decompositions via alternating layers of convolutional sparse coding and max pooling. When trained on natural images, the layers of our model capture image information in a variety of forms: low-level edges, mid- ...", "url_pdf": null, "num_citations": 121, "cluster_id": "9929778774539426711", "year": "2011", "url_citations": "http://scholar.google.com/scholar?cites=9929778774539426711&as_sdt=2005&sciodt=1,5&hl=en"}, {"num_versions": 17, "url_citation": null, "title": "Large-scale deep unsupervised learning using graphics processors", "url": "http://dl.acm.org/citation.cfm?id=1553486", "url_versions": "http://scholar.google.com/scholar?cluster=13426042418912414400&hl=en&as_sdt=1,5&sciodt=1,5&as_vis=1", "authors": "R Raina, A Madhavan, AY Ng - Proceedings of the 26th annual  \u2026", "excerpt": "Abstract The promise of unsupervised learning methods lies in their potential to use vast amounts of unlabeled data to learn complex, highly nonlinear models with millions of free parameters. We consider two well-known unsupervised learning models, deep belief  ...", "url_pdf": null, "num_citations": 175, "cluster_id": "13426042418912414400", "year": "2009", "url_citations": "http://scholar.google.com/scholar?cites=13426042418912414400&as_sdt=2005&sciodt=1,5&hl=en"}, {"num_versions": 30, "url_citation": null, "title": "Sum-product networks: A new deep architecture", "url": "http://ieeexplore.ieee.org/xpls/abs_all.jsp?arnumber=6130310", "url_versions": "http://scholar.google.com/scholar?cluster=2194178267978463216&hl=en&as_sdt=1,5&sciodt=1,5&as_vis=1", "authors": "H Poon, P Domingos - Computer Vision Workshops (ICCV  \u2026", "excerpt": "The key limiting factor in graphical model inference and learning is the complexity of the partition function. We thus ask the question: what are the most general conditions under which the partition function is tractable? The answer leads to a new kind of deep  ...", "url_pdf": null, "num_citations": 132, "cluster_id": "2194178267978463216", "year": "2011", "url_citations": "http://scholar.google.com/scholar?cites=2194178267978463216&as_sdt=2005&sciodt=1,5&hl=en"}, {"num_versions": 42, "url_citation": null, "title": "Building high-level features using large scale unsupervised learning", "url": "http://ieeexplore.ieee.org/xpls/abs_all.jsp?arnumber=6639343", "url_versions": "http://scholar.google.com/scholar?cluster=13804624732817572151&hl=en&as_sdt=1,5&sciodt=1,5&as_vis=1", "authors": "QV Le - Acoustics, Speech and Signal Processing (ICASSP),  \u2026", "excerpt": "ABSTRACT We consider the problem of building high-level, class-specific feature detectors from only unlabeled data. For example, is it possible to learn a face detector using only unlabeled images? To answer this, we train a deep sparse autoencoder on a large  ...", "url_pdf": null, "num_citations": 605, "cluster_id": "13804624732817572151", "year": "2013", "url_citations": "http://scholar.google.com/scholar?cites=13804624732817572151&as_sdt=2005&sciodt=1,5&hl=en"}, {"num_versions": 14, "url_citation": null, "title": "Tiled convolutional neural networks", "url": "http://papers.nips.cc/paper/4136-tiled-convolutional-neural-networks", "url_versions": "http://scholar.google.com/scholar?cluster=14282515616261813077&hl=en&as_sdt=1,5&sciodt=1,5&as_vis=1", "authors": "J Ngiam, Z Chen, D Chia, PW Koh, QV Le\u2026 - Advances in Neural  \u2026", "excerpt": "Abstract Convolutional neural networks (CNNs) have been successfully applied to many tasks such as digit and object recognition. Using convolutional (tied) weights signi\ufb01cantly reduces the number of parameters that have to be learned, and also allows translational  ...", "url_pdf": null, "num_citations": 103, "cluster_id": "14282515616261813077", "year": "2010", "url_citations": "http://scholar.google.com/scholar?cites=14282515616261813077&as_sdt=2005&sciodt=1,5&hl=en"}, {"num_versions": 6, "url_citation": null, "title": "Learning Features from Music Audio with Deep Belief Networks.", "url": "http://musicweb.ucsd.edu/%7Esdubnov/Mu270d/DeepLearning/FeaturesAudioEck.pdf", "url_versions": "http://scholar.google.com/scholar?cluster=2467718151077102395&hl=en&as_sdt=1,5&sciodt=1,5&as_vis=1", "authors": "P Hamel, D Eck - ISMIR", "excerpt": "ABSTRACT Feature extraction is a crucial part of many MIR tasks. In this work, we present a system that can automatically extract relevant features from audio for a given task. The feature extraction system consists of a Deep Belief Network (DBN) on Discrete Fourier  ...", "url_pdf": "http://musicweb.ucsd.edu/%7Esdubnov/Mu270d/DeepLearning/FeaturesAudioEck.pdf", "num_citations": 102, "cluster_id": "2467718151077102395", "year": "2010", "url_citations": "http://scholar.google.com/scholar?cites=2467718151077102395&as_sdt=2005&sciodt=1,5&hl=en"}, {"num_versions": 4, "url_citation": null, "title": "What is the best multi-stage architecture for object recognition?", "url": "http://ieeexplore.ieee.org/xpls/abs_all.jsp?arnumber=5459469", "url_versions": "http://scholar.google.com/scholar?cluster=10883225715169887508&hl=en&as_sdt=1,5&sciodt=1,5&as_vis=1", "authors": "K Jarrett, K Kavukcuoglu, MA Ranzato\u2026 - Computer Vision", "excerpt": "Abstract In many recent object recognition systems, feature extraction stages are generally composed of a filter bank, a non-linear transformation, and some sort of feature pooling layer. Most systems use only one stage of feature extraction in which the filters are hard- ...", "url_pdf": null, "num_citations": 565, "cluster_id": "10883225715169887508", "year": "2009", "url_citations": "http://scholar.google.com/scholar?cites=10883225715169887508&as_sdt=2005&sciodt=1,5&hl=en"}, {"num_versions": 64, "url_citation": null, "title": "Learning deep architectures for AI", "url": "http://dl.acm.org/citation.cfm?id=1658424", "url_versions": "http://scholar.google.com/scholar?cluster=5331804836605365413&hl=en&as_sdt=1,5&sciodt=1,5&as_vis=1", "authors": "Y Bengio - Foundations and trends\u00ae in Machine Learning", "excerpt": "Abstract Theoretical results suggest that in order to learn the kind of complicated functions that can represent high-level abstractions (eg, in vision, language, and other AI-level tasks), one may need deep architectures. Deep architectures are composed of multiple levels of  ...", "url_pdf": null, "num_citations": 1847, "cluster_id": "5331804836605365413", "year": "2009", "url_citations": "http://scholar.google.com/scholar?cites=5331804836605365413&as_sdt=2005&sciodt=1,5&hl=en"}, {"num_versions": 13, "url_citation": null, "title": "Deep machine learning-a new frontier in artificial intelligence research [research frontier]", "url": "http://ieeexplore.ieee.org/xpls/abs_all.jsp?arnumber=5605630", "url_versions": "http://scholar.google.com/scholar?cluster=6343523996588039480&hl=en&as_sdt=1,5&sciodt=1,5&as_vis=1", "authors": "I Arel, DC Rose, TP Karnowski - \u2026  Intelligence Magazine, IEEE", "excerpt": "Mimicking the efficiency and robustness by which the human brain represents information has been a core challenge in artificial intelligence research for decades. Humans are exposed to myriad of sensory data received every second of the day and are somehow  ...", "url_pdf": null, "num_citations": 201, "cluster_id": "6343523996588039480", "year": "2010", "url_citations": "http://scholar.google.com/scholar?cites=6343523996588039480&as_sdt=2005&sciodt=1,5&hl=en"}, {"num_versions": 3, "url_citation": null, "title": "On optimization methods for deep learning", "url": "http://machinelearning.wustl.edu/mlpapers/paper_files/ICML2011Le_210.pdf", "url_versions": "http://scholar.google.com/scholar?cluster=14410383800974641198&hl=en&as_sdt=1,5&sciodt=1,5&as_vis=1", "authors": "J Ngiam, A Coates, A Lahiri\u2026 - \u2026  of the 28th  \u2026", "excerpt": "Abstract The predominant methodology in training deep learning advocates the use of stochastic gradient descent methods (SGDs). Despite its ease of implementation, SGDs are difficult to tune and parallelize. These problems make it challenging to develop, debug  ...", "url_pdf": "http://machinelearning.wustl.edu/mlpapers/paper_files/ICML2011Le_210.pdf", "num_citations": 152, "cluster_id": "14410383800974641198", "year": "2011", "url_citations": "http://scholar.google.com/scholar?cites=14410383800974641198&as_sdt=2005&sciodt=1,5&hl=en"}, {"num_versions": 33, "url_citation": null, "title": "Representation learning: A review and new perspectives", "url": "http://ieeexplore.ieee.org/xpls/abs_all.jsp?arnumber=6472238", "url_versions": "http://scholar.google.com/scholar?cluster=559463397382443088&hl=en&as_sdt=1,5&sciodt=1,5&as_vis=1", "authors": "Y Bengio, A Courville, P Vincent - Pattern Analysis and  \u2026", "excerpt": "Abstract\u2014The success of machine learning algorithms generally depends on data representation, and we hypothesize that this is because different representations can entangle and hide more or less the different explanatory factors of variation behind the  ...", "url_pdf": null, "num_citations": 685, "cluster_id": "559463397382443088", "year": "2013", "url_citations": "http://scholar.google.com/scholar?cites=559463397382443088&as_sdt=2005&sciodt=1,5&hl=en"}, {"num_versions": 21, "url_citation": null, "title": "Learning convolutional feature hierarchies for visual recognition", "url": "http://papers.nips.cc/paper/4133-learning-convolutional-feature-hierarchies-for-visual-recognition", "url_versions": "http://scholar.google.com/scholar?cluster=6313357809286128980&hl=en&as_sdt=1,5&sciodt=1,5&as_vis=1", "authors": "K Kavukcuoglu, P Sermanet, YL Boureau\u2026 - Advances in neural  \u2026", "excerpt": "Abstract We propose an unsupervised method for learning multi-stage hierarchies of sparse convolutional features. While sparse coding has become an increasingly popular method for learning visual features, it is most often trained at the patch level. Applying the resulting  ...", "url_pdf": null, "num_citations": 203, "cluster_id": "6313357809286128980", "year": "2010", "url_citations": "http://scholar.google.com/scholar?cites=6313357809286128980&as_sdt=2005&sciodt=1,5&hl=en"}, {"num_versions": 81, "url_citation": null, "title": "Imagenet classification with deep convolutional neural networks", "url": "http://papers.nips.cc/paper/4824-imagenet-classification-w", "url_versions": "http://scholar.google.com/scholar?cluster=2071317309766942398&hl=en&as_sdt=1,5&sciodt=1,5&as_vis=1", "authors": "A Krizhevsky, I Sutskever, GE Hinton - Advances in neural  \u2026", "excerpt": "Abstract We trained a large, deep convolutional neural network to classify the 1.3 million high-resolution images in the LSVRC-2010 ImageNet training set into the 1000 different classes. On the test data, we achieved top-1 and top-5 error rates of 39.7\\% and 18.9\\%  ...", "url_pdf": null, "num_citations": 2501, "cluster_id": "2071317309766942398", "year": "2012", "url_citations": "http://scholar.google.com/scholar?cites=2071317309766942398&as_sdt=2005&sciodt=1,5&hl=en"}, {"num_versions": 13, "url_citation": null, "title": "Object bank: A high-level image representation for scene classification & semantic feature sparsification", "url": "http://papers.nips.cc/paper/4008-object-bank-a-high-level-image-representation-for-scene-classification-semantic-feature-sparsification", "url_versions": "http://scholar.google.com/scholar?cluster=7023849659259118668&hl=en&as_sdt=1,5&sciodt=1,5&as_vis=1", "authors": "LJ Li, H Su, L Fei-Fei, EP Xing - Advances in neural information  \u2026", "excerpt": "Abstract Robust low-level image features have been proven to be effective representations for a variety of visual recognition tasks such as object recognition and scene classification; but pixels, or even local image patches, carry little semantic meanings. For high level  ...", "url_pdf": null, "num_citations": 469, "cluster_id": "7023849659259118668", "year": "2010", "url_citations": "http://scholar.google.com/scholar?cites=7023849659259118668&as_sdt=2005&sciodt=1,5&hl=en"}, {"num_versions": 22, "url_citation": null, "title": "Learning hierarchical invariant spatio-temporal features for action recognition with independent subspace analysis", "url": "http://ieeexplore.ieee.org/xpls/abs_all.jsp?arnumber=5995496", "url_versions": "http://scholar.google.com/scholar?cluster=17167765780025847163&hl=en&as_sdt=1,5&sciodt=1,5&as_vis=1", "authors": "QV Le, WY Zou, SY Yeung\u2026 - Computer Vision and  \u2026", "excerpt": "Abstract Previous work on action recognition has focused on adapting hand-designed local features, such as SIFT or HOG, from static images to the video domain. In this paper, we propose using unsupervised feature learning as a way to learn features directly from video  ...", "url_pdf": null, "num_citations": 443, "cluster_id": "17167765780025847163", "year": "2011", "url_citations": "http://scholar.google.com/scholar?cites=17167765780025847163&as_sdt=2005&sciodt=1,5&hl=en"}, {"num_versions": 16, "url_citation": null, "title": "Measuring invariances in deep networks", "url": "http://papers.nips.cc/paper/3790-measuring-invariances-in-deep-networks", "url_versions": "http://scholar.google.com/scholar?cluster=10810592820351129263&hl=en&as_sdt=1,5&sciodt=1,5&as_vis=1", "authors": "I Goodfellow, H Lee, QV Le, A Saxe\u2026 - Advances in neural  \u2026", "excerpt": "Abstract For many computer vision applications, the ideal image feature would be invariant to multiple confounding image properties, such as illumination and viewing angle. Recently, deep architectures trained in an unsupervised manner have been proposed as an  ...", "url_pdf": null, "num_citations": 136, "cluster_id": "10810592820351129263", "year": "2009", "url_citations": "http://scholar.google.com/scholar?cites=10810592820351129263&as_sdt=2005&sciodt=1,5&hl=en"}, {"num_versions": 11, "url_citation": null, "title": "Modeling pixel means and covariances using factorized third-order Boltzmann machines", "url": "http://ieeexplore.ieee.org/xpls/abs_all.jsp?arnumber=5539962", "url_versions": "http://scholar.google.com/scholar?cluster=18346790401264688727&hl=en&as_sdt=1,5&sciodt=1,5&as_vis=1", "authors": "MA Ranzato, GE Hinton - Computer Vision and Pattern  \u2026", "excerpt": "Abstract Learning a generative model of natural images is a useful way of extracting features that capture interesting regularities. Previous work on learning such models has focused on methods in which the latent features are used to determine the mean and variance of each  ...", "url_pdf": null, "num_citations": 140, "cluster_id": "18346790401264688727", "year": "2010", "url_citations": "http://scholar.google.com/scholar?cites=18346790401264688727&as_sdt=2005&sciodt=1,5&hl=en"}, {"num_versions": 15, "url_citation": null, "title": "Pedestrian detection with unsupervised multi-stage feature learning", "url": "http://ieeexplore.ieee.org/xpls/abs_all.jsp?arnumber=6619309", "url_versions": "http://scholar.google.com/scholar?cluster=10651901318385021596&hl=en&as_sdt=1,5&sciodt=1,5&as_vis=1", "authors": "P Sermanet, K Kavukcuoglu\u2026 - Computer Vision and  \u2026", "excerpt": "Abstract Pedestrian detection is a problem of considerable practical interest. Adding to the list of successful applications of deep learning methods to vision, we report state-of-theart and competitive results on all major pedestrian datasets with a convolutional network  ...", "url_pdf": null, "num_citations": 130, "cluster_id": "10651901318385021596", "year": "2013", "url_citations": "http://scholar.google.com/scholar?cites=10651901318385021596&as_sdt=2005&sciodt=1,5&hl=en"}, {"num_versions": 7, "url_citation": null, "title": "Learning feature representations with k-means", "url": "http://link.springer.com/chapter/10.1007/978-3-642-35289-8_30", "url_versions": "http://scholar.google.com/scholar?cluster=6374140678751240935&hl=en&as_sdt=1,5&sciodt=1,5&as_vis=1", "authors": "A Coates, AY Ng - Neural Networks: Tricks of the Trade", "excerpt": "Abstract Many algorithms are available to learn deep hierarchies of features from unlabeled data, especially images. In many cases, these algorithms involve multi-layered networks of features (eg, neural networks) that are sometimes tricky to train and tune and are difficult  ...", "url_pdf": null, "num_citations": 86, "cluster_id": "6374140678751240935", "year": "2012", "url_citations": "http://scholar.google.com/scholar?cites=6374140678751240935&as_sdt=2005&sciodt=1,5&hl=en"}, {"num_versions": 7, "url_citation": null, "title": "Factored 3-way restricted boltzmann machines for modeling natural images", "url": "http://machinelearning.wustl.edu/mlpapers/paper_files/AISTATS2010_RanzatoKH10.pdf", "url_versions": "http://scholar.google.com/scholar?cluster=14041038361688217485&hl=en&as_sdt=1,5&sciodt=1,5&as_vis=1", "authors": "A Krizhevsky, GE Hinton - International  \u2026", "excerpt": "Abstract Deep belief nets have been successful in modeling handwritten characters, but it has proved more difficult to apply them to real images. The problem lies in the restricted Boltzmann machine (RBM) which is used as a module for learning deep belief nets one  ...", "url_pdf": "http://machinelearning.wustl.edu/mlpapers/paper_files/AISTATS2010_RanzatoKH10.pdf", "num_citations": 116, "cluster_id": "14041038361688217485", "year": "2010", "url_citations": "http://scholar.google.com/scholar?cites=14041038361688217485&as_sdt=2005&sciodt=1,5&hl=en"}, {"num_versions": 14, "url_citation": null, "title": "On deep generative models with applications to recognition", "url": "http://ieeexplore.ieee.org/xpls/abs_all.jsp?arnumber=5995710", "url_versions": "http://scholar.google.com/scholar?cluster=16984902519986524465&hl=en&as_sdt=1,5&sciodt=1,5&as_vis=1", "authors": "MA Ranzato, J Susskind, V Mnih\u2026 - Computer Vision and  \u2026", "excerpt": "Abstract The most popular way to use probabilistic models in vision is first to extract some descriptors of small image patches or object parts using well-engineered features, and then to use statistical learning tools to model the dependencies among these features and  ...", "url_pdf": null, "num_citations": 94, "cluster_id": "16984902519986524465", "year": "2011", "url_citations": "http://scholar.google.com/scholar?cites=16984902519986524465&as_sdt=2005&sciodt=1,5&hl=en"}, {"num_versions": 37, "url_citation": null, "title": "Learning hierarchical features for scene labeling", "url": "http://ieeexplore.ieee.org/xpls/abs_all.jsp?arnumber=6338939", "url_versions": "http://scholar.google.com/scholar?cluster=8776092346473001032&hl=en&as_sdt=1,5&sciodt=1,5&as_vis=1", "authors": "C Farabet, C Couprie, L Najman\u2026 - Pattern Analysis and  \u2026", "excerpt": "Abstract\u2014Scene labeling consists in labeling each pixel in an image with the category of the object it belongs to. We propose a method that uses a multiscale convolutional network trained from raw pixels to extract dense feature vectors that encode regions of multiple  ...", "url_pdf": null, "num_citations": 314, "cluster_id": "8776092346473001032", "year": "2013", "url_citations": "http://scholar.google.com/scholar?cites=8776092346473001032&as_sdt=2005&sciodt=1,5&hl=en"}, {"num_versions": 21, "url_citation": null, "title": "Convolutional networks and applications in vision", "url": "http://ieeexplore.ieee.org/xpls/abs_all.jsp?arnumber=5537907", "url_versions": "http://scholar.google.com/scholar?cluster=10040131300470041001&hl=en&as_sdt=1,5&sciodt=1,5&as_vis=1", "authors": "Y LeCun, K Kavukcuoglu\u2026 - Circuits and Systems ( \u2026", "excerpt": "Abstract\u2014Intelligent tasks, such as visual perception, auditory perception, and language understanding require the construction of good internal representations of the world (or\u201d features\u201d), which must be invariant to irrelevant variations of the input while, preserving  ...", "url_pdf": null, "num_citations": 213, "cluster_id": "10040131300470041001", "year": "2010", "url_citations": "http://scholar.google.com/scholar?cites=10040131300470041001&as_sdt=2005&sciodt=1,5&hl=en"}, {"num_versions": 15, "url_citation": null, "title": "3D object recognition with deep belief nets", "url": "http://papers.nips.cc/paper/3872-3d-object-recognition-with-deep-belief-nets", "url_versions": "http://scholar.google.com/scholar?cluster=7195800964875020038&hl=en&as_sdt=1,5&sciodt=1,5&as_vis=1", "authors": "V Nair, GE Hinton - Advances in Neural Information Processing  \u2026", "excerpt": "Abstract We introduce a new type of Deep Belief Net and evaluate it on a 3D object recognition task. The top-level model is a third-order Boltzmann machine, trained using a hybrid algorithm that combines both generative and discriminative gradients. Performance  ...", "url_pdf": null, "num_citations": 156, "cluster_id": "7195800964875020038", "year": "2009", "url_citations": "http://scholar.google.com/scholar?cites=7195800964875020038&as_sdt=2005&sciodt=1,5&hl=en"}, {"num_versions": 12, "url_citation": null, "title": "Unsupervised feature learning for RGB-D based object recognition", "url": "http://link.springer.com/chapter/10.1007/978-3-319-00065-7_27", "url_versions": "http://scholar.google.com/scholar?cluster=7855066381230161719&hl=en&as_sdt=1,5&sciodt=1,5&as_vis=1", "authors": "L Bo, X Ren, D Fox - Experimental Robotics", "excerpt": "Abstract Recently introduced RGB-D cameras are capable of providing high quality synchronized videos of both color and depth. With its advanced sensing capabilities, this technology represents an opportunity to dramatically increase the capabilities of object  ...", "url_pdf": null, "num_citations": 119, "cluster_id": "7855066381230161719", "year": "2013", "url_citations": "http://scholar.google.com/scholar?cites=7855066381230161719&as_sdt=2005&sciodt=1,5&hl=en"}, {"num_versions": 14, "url_citation": null, "title": "Convolutional neural network committees for handwritten character classification", "url": "http://ieeexplore.ieee.org/xpls/abs_all.jsp?arnumber=6065487", "url_versions": "http://scholar.google.com/scholar?cluster=6872831616007158638&hl=en&as_sdt=1,5&sciodt=1,5&as_vis=1", "authors": "DC Cire\u015fan, U Meier, LM Gambardella\u2026 - Document Analysis  \u2026", "excerpt": "Abstract\u2014In 2010, after many years of stagnation, the MNIST handwriting recognition benchmark record dropped from 0.40% error rate to 0.35%. Here we report 0.27% for a committee of seven deep CNNs trained on graphics cards, narrowing the gap to human  ...", "url_pdf": null, "num_citations": 87, "cluster_id": "6872831616007158638", "year": "2011", "url_citations": "http://scholar.google.com/scholar?cites=6872831616007158638&as_sdt=2005&sciodt=1,5&hl=en"}, {"num_versions": 19, "url_citation": null, "title": "Multimodal learning with deep boltzmann machines", "url": "http://papers.nips.cc/paper/4683-multimodal-learning-with-deep-boltzmann-machines", "url_versions": "http://scholar.google.com/scholar?cluster=6558128843129001214&hl=en&as_sdt=1,5&sciodt=1,5&as_vis=1", "authors": "N Srivastava, RR Salakhutdinov - Advances in neural information  \u2026", "excerpt": "Abstract We propose a Deep Boltzmann Machine for learning a generative model of multimodal data. We show how to use the model to extract a meaningful representation of multimodal data. We find that the learned representation is useful for classification and  ...", "url_pdf": null, "num_citations": 224, "cluster_id": "6558128843129001214", "year": "2012", "url_citations": "http://scholar.google.com/scholar?cites=6558128843129001214&as_sdt=2005&sciodt=1,5&hl=en"}, {"num_versions": 17, "url_citation": null, "title": "Hierarchical matching pursuit for image classification: Architecture and fast algorithms", "url": "http://machinelearning.wustl.edu/mlpapers/paper_files/NIPS2011_1180.pdf", "url_versions": "http://scholar.google.com/scholar?cluster=1400571964076514521&hl=en&as_sdt=1,5&sciodt=1,5&as_vis=1", "authors": "L Bo, X Ren, D Fox - Advances in neural information  \u2026", "excerpt": "Abstract Extracting good representations from images is essential for many computer vision tasks. In this paper, we propose hierarchical matching pursuit (HMP), which builds a feature hierarchy layer-by-layer using an efficient matching pursuit encoder. It includes three  ...", "url_pdf": "http://machinelearning.wustl.edu/mlpapers/paper_files/NIPS2011_1180.pdf", "num_citations": 87, "cluster_id": "1400571964076514521", "year": "2011", "url_citations": "http://scholar.google.com/scholar?cites=1400571964076514521&as_sdt=2005&sciodt=1,5&hl=en"}, {"num_versions": 18, "url_citation": null, "title": "Learning mid-level features for recognition", "url": "http://ieeexplore.ieee.org/xpls/abs_all.jsp?arnumber=5539963", "url_versions": "http://scholar.google.com/scholar?cluster=16663608479896571205&hl=en&as_sdt=1,5&sciodt=1,5&as_vis=1", "authors": "YL Boureau, F Bach, Y LeCun\u2026 - Computer Vision and  \u2026", "excerpt": "Abstract Many successful models for scene or object recognition transform low-level descriptors (such as Gabor filter responses, or SIFT descriptors) into richer representations of intermediate complexity. This process can often be broken down into two steps:(1) a  ...", "url_pdf": null, "num_citations": 585, "cluster_id": "16663608479896571205", "year": "2010", "url_citations": "http://scholar.google.com/scholar?cites=16663608479896571205&as_sdt=2005&sciodt=1,5&hl=en"}, {"num_versions": 22, "url_citation": null, "title": "Unsupervised feature learning for audio classification using convolutional deep belief networks", "url": "http://papers.nips.cc/paper/3674-unsupervised-feature-learning-for", "url_versions": "http://scholar.google.com/scholar?cluster=2046036768079393393&hl=en&as_sdt=1,5&sciodt=1,5&as_vis=1", "authors": "H Lee, P Pham, Y Largman, AY Ng - Advances in neural information  \u2026", "excerpt": "Abstract In recent years, deep learning approaches have gained significant interest as a way of building hierarchical representations from unlabeled data. However, to our knowledge, these deep learning approaches have not been extensively studied for auditory data. In  ...", "url_pdf": null, "num_citations": 294, "cluster_id": "2046036768079393393", "year": "2009", "url_citations": "http://scholar.google.com/scholar?cites=2046036768079393393&as_sdt=2005&sciodt=1,5&hl=en"}, {"num_versions": 27, "url_citation": null, "title": "An analysis of single-layer networks in unsupervised feature learning", "url": "http://machinelearning.wustl.edu/mlpapers/paper_files/AISTATS2011_CoatesNL11.pdf", "url_versions": "http://scholar.google.com/scholar?cluster=16678777530215029568&hl=en&as_sdt=1,5&sciodt=1,5&as_vis=1", "authors": "A Coates, AY Ng, H Lee - International conference on  \u2026", "excerpt": "Abstract A great deal of research has focused on algorithms for learning features from unlabeled data. Indeed, much progress has been made on benchmark datasets like NORB and CIFAR by employing increasingly complex unsupervised learning algorithms and  ...", "url_pdf": "http://machinelearning.wustl.edu/mlpapers/paper_files/AISTATS2011_CoatesNL11.pdf", "num_citations": 507, "cluster_id": "16678777530215029568", "year": "2011", "url_citations": "http://scholar.google.com/scholar?cites=16678777530215029568&as_sdt=2005&sciodt=1,5&hl=en"}, {"num_versions": 17, "url_citation": null, "title": "Are sparse representations really relevant for image classification?", "url": "http://ieeexplore.ieee.org/xpls/abs_all.jsp?arnumber=5995313", "url_versions": "http://scholar.google.com/scholar?cluster=7429207450644773129&hl=en&as_sdt=1,5&sciodt=1,5&as_vis=1", "authors": "R Rigamonti, M Brown, V Lepetit - Computer Vision and  \u2026", "excerpt": "Abstract Recent years have seen an increasing interest in sparse representations for image classification and object recognition, probably motivated by evidence from the analysis of the primate visual cortex. It is still unclear, however, whether or not sparsity helps  ...", "url_pdf": null, "num_citations": 151, "cluster_id": "7429207450644773129", "year": "2011", "url_citations": "http://scholar.google.com/scholar?cites=7429207450644773129&as_sdt=2005&sciodt=1,5&hl=en"}, {"num_versions": 21, "url_citation": null, "title": "Text detection and character recognition in scene images with unsupervised feature learning", "url": "http://ieeexplore.ieee.org/xpls/abs_all.jsp?arnumber=6065350", "url_versions": "http://scholar.google.com/scholar?cluster=787469519410622221&hl=en&as_sdt=1,5&sciodt=1,5&as_vis=1", "authors": "A Coates, B Carpenter, C Case\u2026 - Document Analysis  \u2026", "excerpt": "Abstract\u2014Reading text from photographs is a challenging problem that has received a signi\ufb01cant amount of attention. Two key components of most systems are (i) text detection from images and (ii) character recognition, and many recent methods have been  ...", "url_pdf": null, "num_citations": 147, "cluster_id": "787469519410622221", "year": "2011", "url_citations": "http://scholar.google.com/scholar?cites=787469519410622221&as_sdt=2005&sciodt=1,5&hl=en"}, {"num_versions": 6, "url_citation": null, "title": "Practical recommendations for gradient-based training of deep architectures", "url": "http://link.springer.com/chapter/10.1007/978-3-642-35289-8_26", "url_versions": "http://scholar.google.com/scholar?cluster=13214514639523956782&hl=en&as_sdt=1,5&sciodt=1,5&as_vis=1", "authors": "Y Bengio - Neural Networks: Tricks of the Trade", "excerpt": "Abstract Learning algorithms related to artificial neural networks and in particular for Deep Learning may seem to involve many bells and whistles, called hyper-parameters. This chapter is meant as a practical guide with recommendations for some of the most  ...", "url_pdf": null, "num_citations": 91, "cluster_id": "13214514639523956782", "year": "2012", "url_citations": "http://scholar.google.com/scholar?cites=13214514639523956782&as_sdt=2005&sciodt=1,5&hl=en"}, {"num_versions": 25, "url_citation": null, "title": "Object recognition with hierarchical kernel descriptors", "url": "http://ieeexplore.ieee.org/xpls/abs_all.jsp?arnumber=5995719", "url_versions": "http://scholar.google.com/scholar?cluster=16891355057700000216&hl=en&as_sdt=1,5&sciodt=1,5&as_vis=1", "authors": "L Bo, K Lai, X Ren, D Fox - Computer Vision and Pattern  \u2026", "excerpt": "Abstract Kernel descriptors [1] provide a unified way to generate rich visual feature sets by turning pixel attributes into patch-level features, and yield impressive results on many object recognition tasks. However, best results with kernel descriptors are achieved using  ...", "url_pdf": null, "num_citations": 97, "cluster_id": "16891355057700000216", "year": "2011", "url_citations": "http://scholar.google.com/scholar?cites=16891355057700000216&as_sdt=2005&sciodt=1,5&hl=en"}, {"num_versions": 21, "url_citation": null, "title": "Kernel descriptors for visual recognition", "url": "http://papers.nips.cc/paper/4147-kernel-descriptors-for-visual-recognition", "url_versions": "http://scholar.google.com/scholar?cluster=17529357756697140548&hl=en&as_sdt=1,5&sciodt=1,5&as_vis=1", "authors": "L Bo, X Ren, D Fox - Advances in Neural Information Processing  \u2026", "excerpt": "Abstract The design of low-level image features is critical for computer vision algorithms. Orientation histograms, such as those in SIFT~\\ cite {Lowe2004Distinctive} and HOG~\\ cite {Dalal2005Histograms}, are the most successful and popular features for visual object and  ...", "url_pdf": null, "num_citations": 150, "cluster_id": "17529357756697140548", "year": "2010", "url_citations": "http://scholar.google.com/scholar?cites=17529357756697140548&as_sdt=2005&sciodt=1,5&hl=en"}, {"num_versions": 12, "url_citation": null, "title": "Convolutional learning of spatio-temporal features", "url": "http://link.springer.com/chapter/10.1007/978-3-642-15567-3_11", "url_versions": "http://scholar.google.com/scholar?cluster=5439425817617387270&hl=en&as_sdt=1,5&sciodt=1,5&as_vis=1", "authors": "GW Taylor, R Fergus, Y LeCun, C Bregler - Computer Vision\u2013ECCV", "excerpt": "Abstract We address the problem of learning good features for understanding video data. We introduce a model that learns latent representations of image sequences from pairs of successive images. The convolutional architecture of our model allows it to scale to  ...", "url_pdf": null, "num_citations": 171, "cluster_id": "5439425817617387270", "year": "2010", "url_citations": "http://scholar.google.com/scholar?cites=5439425817617387270&as_sdt=2005&sciodt=1,5&hl=en"}, {"num_versions": 24, "url_citation": null, "title": "3D convolutional neural networks for human action recognition", "url": "http://ieeexplore.ieee.org/xpls/abs_all.jsp?arnumber=6165309", "url_versions": "http://scholar.google.com/scholar?cluster=13950765072205054236&hl=en&as_sdt=1,5&sciodt=1,5&as_vis=1", "authors": "S Ji, W Xu, M Yang, K Yu - Pattern Analysis and Machine  \u2026", "excerpt": "Abstract\u2014We consider the automated recognition of human actions in surveillance videos. Most current methods build classifiers based on complex handcrafted features computed from the raw inputs. Convolutional neural networks (CNNs) are a type of deep model that  ...", "url_pdf": null, "num_citations": 218, "cluster_id": "13950765072205054236", "year": "2013", "url_citations": "http://scholar.google.com/scholar?cites=13950765072205054236&as_sdt=2005&sciodt=1,5&hl=en"}, {"num_versions": 16, "url_citation": null, "title": "Image classification using super-vector coding of local image descriptors", "url": "http://link.springer.com/chapter/10.1007/978-3-642-15555-0_11", "url_versions": "http://scholar.google.com/scholar?cluster=1025936899566614527&hl=en&as_sdt=1,5&sciodt=1,5&as_vis=1", "authors": "X Zhou, K Yu, T Zhang, TS Huang - Computer Vision\u2013ECCV", "excerpt": "Abstract This paper introduces a new framework for image classification using local visual descriptors. The pipeline first performs a nonlinear feature transformation on descriptors, then aggregates the results together to form image-level representations, and finally  ...", "url_pdf": null, "num_citations": 310, "cluster_id": "1025936899566614527", "year": "2010", "url_citations": "http://scholar.google.com/scholar?cites=1025936899566614527&as_sdt=2005&sciodt=1,5&hl=en"}, {"num_versions": 17, "url_citation": null, "title": "Supervised translation-invariant sparse coding", "url": "http://ieeexplore.ieee.org/xpls/abs_all.jsp?arnumber=5539958", "url_versions": "http://scholar.google.com/scholar?cluster=14557711357601940419&hl=en&as_sdt=1,5&sciodt=1,5&as_vis=1", "authors": "J Yang, K Yu, T Huang - Computer Vision and Pattern  \u2026", "excerpt": "Abstract In this paper, we propose a novel supervised hierarchical sparse coding model based on local image descriptors for classification tasks. The supervised dictionary training is performed via back-projection, by minimizing the training error of classifying the image  ...", "url_pdf": null, "num_citations": 171, "cluster_id": "14557711357601940419", "year": "2010", "url_citations": "http://scholar.google.com/scholar?cites=14557711357601940419&as_sdt=2005&sciodt=1,5&hl=en"}, {"num_versions": 20, "url_citation": null, "title": "Depth kernel descriptors for object recognition", "url": "http://ieeexplore.ieee.org/xpls/abs_all.jsp?arnumber=6095119", "url_versions": "http://scholar.google.com/scholar?cluster=2573897369310428917&hl=en&as_sdt=1,5&sciodt=1,5&as_vis=1", "authors": "L Bo, X Ren, D Fox - \u2026  Robots and Systems (IROS)", "excerpt": "Abstract\u2014Consumer depth cameras, such as the Microsoft Kinect, are capable of providing frames of dense depth values at real time. One fundamental question in utilizing depth cameras is how to best extract features from depth frames. Motivated by local descriptors  ...", "url_pdf": null, "num_citations": 117, "cluster_id": "2573897369310428917", "year": "2011", "url_citations": "http://scholar.google.com/scholar?cites=2573897369310428917&as_sdt=2005&sciodt=1,5&hl=en"}, {"num_versions": 13, "url_citation": null, "title": "Selecting receptive fields in deep networks", "url": "http://papers.nips.cc/paper/4293-selecting-receptive-fields-in-deep-networks", "url_versions": "http://scholar.google.com/scholar?cluster=5862329444572369795&hl=en&as_sdt=1,5&sciodt=1,5&as_vis=1", "authors": "A Coates, AY Ng - Advances in Neural Information Processing  \u2026", "excerpt": "Abstract Recent deep learning and unsupervised feature learning systems that learn from unlabeled data have achieved high performance in benchmarks by using extremely large architectures with many features (hidden units) at each layer. Unfortunately, for such large  ...", "url_pdf": null, "num_citations": 80, "cluster_id": "5862329444572369795", "year": "2011", "url_citations": "http://scholar.google.com/scholar?cites=5862329444572369795&as_sdt=2005&sciodt=1,5&hl=en"}, {"num_versions": 20, "url_citation": null, "title": "Learning to represent visual input", "url": "http://rstb.royalsocietypublishing.org/content/365/1537/177.short", "url_versions": "http://scholar.google.com/scholar?cluster=2171733367109901212&hl=en&as_sdt=1,5&sciodt=1,5&as_vis=1", "authors": "GE Hinton - \u2026  Transactions of the Royal Society B:  \u2026", "excerpt": "Abstract One of the central problems in computational neuroscience is to understand how the object-recognition pathway of the cortex learns a deep hierarchy of nonlinear feature detectors. Recent progress in machine learning shows that it is possible to learn deep  ...", "url_pdf": null, "num_citations": 90, "cluster_id": "2171733367109901212", "year": "2010", "url_citations": "http://scholar.google.com/scholar?cites=2171733367109901212&as_sdt=2005&sciodt=1,5&hl=en"}, {"num_versions": 12, "url_citation": null, "title": "Learning image representations from the pixel level via hierarchical sparse coding", "url": "http://ieeexplore.ieee.org/xpls/abs_all.jsp?arnumber=5995732", "url_versions": "http://scholar.google.com/scholar?cluster=3272566797597149594&hl=en&as_sdt=1,5&sciodt=1,5&as_vis=1", "authors": "K Yu, Y Lin, J Lafferty - Computer Vision and Pattern  \u2026", "excerpt": "Abstract We present a method for learning image representations using a two-layer sparse coding scheme at the pixel level. The first layer encodes local patches of an image. After pooling within local regions, the first layer codes are then passed to the second layer,  ...", "url_pdf": null, "num_citations": 110, "cluster_id": "3272566797597149594", "year": "2011", "url_citations": "http://scholar.google.com/scholar?cites=3272566797597149594&as_sdt=2005&sciodt=1,5&hl=en"}, {"num_versions": 14, "url_citation": null, "title": "Machines that learn to segment images: a crucial technology for connectomics", "url": "http://www.sciencedirect.com/science/article/pii/S0959438810001121", "url_versions": "http://scholar.google.com/scholar?cluster=274276165338433770&hl=en&as_sdt=1,5&sciodt=1,5&as_vis=1", "authors": "V Jain, HS Seung, SC Turaga - Current opinion in neurobiology", "excerpt": "Connections between neurons can be found by checking whether synapses exist at points of contact, which in turn are determined by neural shapes. Finding these shapes is a special case of image segmentation, which is laborious for humans and would ideally be  ...", "url_pdf": null, "num_citations": 87, "cluster_id": "274276165338433770", "year": "2010", "url_citations": "http://scholar.google.com/scholar?cites=274276165338433770&as_sdt=2005&sciodt=1,5&hl=en"}]