[{"num_versions": 7, "url_citation": null, "title": "Developing the scholarship of teaching: what is the role of e-teaching and learning?", "url": "http://www.tandfonline.com/doi/abs/10.1080/13562510802602590", "url_versions": "http://scholar.google.com/scholar?cluster=12756169683369196991&hl=en&as_sdt=1,5&sciodt=1,5&as_vis=1", "authors": "R Benson, C Brack - Teaching in Higher Education", "excerpt": "Discourse about the scholarship of teaching and learning appears to represent some views about higher education more than others. For example, disciplinary perspectives have been acknowledged, and ideas from critical theory and phenomenography have been  ...", "url_pdf": null, "num_citations": 28, "cluster_id": "12756169683369196991", "year": "2009", "url_citations": "http://scholar.google.com/scholar?cites=12756169683369196991&as_sdt=2005&sciodt=1,5&hl=en"}, {"num_versions": 3, "url_citation": null, "title": "Strengthening teaching and research links: The case of a pollution exposure inquiry project", "url": "http://www.tandfonline.com/doi/abs/10.1080/03098260802276813", "url_versions": "http://scholar.google.com/scholar?cluster=12970746690537889677&hl=en&as_sdt=1,5&sciodt=1,5&as_vis=1", "authors": "R Spronken-Smith, S Kingham - Journal of Geography in Higher  \u2026", "excerpt": "In recent years there has been a move towards the strengthening of teaching and research links in the undergraduate curriculum. Inquiry-based learning offers an opportunity for students to engage in research tasks and consequently students can develop valuable  ...", "url_pdf": null, "num_citations": 11, "cluster_id": "12970746690537889677", "year": "2009", "url_citations": "http://scholar.google.com/scholar?cites=12970746690537889677&as_sdt=2005&sciodt=1,5&hl=en"}, {"num_versions": 4, "url_citation": null, "title": "Tribes, territories and threshold concepts: Educational materialisms at work in higher education", "url": "http://onlinelibrary.wiley.com/doi/10.1111/j.1469-5812.2010.00743.x/full", "url_versions": "http://scholar.google.com/scholar?cluster=11213245212232336520&hl=en&as_sdt=1,5&sciodt=1,5&as_vis=1", "authors": "P Carmichael - Educational Philosophy and Theory", "excerpt": "Abstract The idea of transformative and troublesome 'threshold concepts' has been popular and influential in higher education. This article reports how teachers with different disciplinary affiliations responded to the 'concept of thresholds' in the course of a cross- ...", "url_pdf": null, "num_citations": 13, "cluster_id": "11213245212232336520", "year": "2012", "url_citations": "http://scholar.google.com/scholar?cites=11213245212232336520&as_sdt=2005&sciodt=1,5&hl=en"}, {"num_versions": 4, "url_citation": null, "title": "Developing research skills in medical students: AMEE Guide No. 69", "url": "http://www.tandfonline.com/doi/abs/10.3109/0142159X.2012.704438", "url_versions": "http://scholar.google.com/scholar?cluster=1507141298086499811&hl=en&as_sdt=1,5&sciodt=1,5&as_vis=1", "authors": "A Laidlaw, J Aiton, J Struthers, S Guild - Medical teacher", "excerpt": "This Guide has been written to provide guidance for individuals involved in curriculum design who wish to develop research skills and foster the attributes in medical undergraduates that help develop research. The Guide will provoke debate on an  ...", "url_pdf": null, "num_citations": 21, "cluster_id": "1507141298086499811", "year": "2012", "url_citations": "http://scholar.google.com/scholar?cites=1507141298086499811&as_sdt=2005&sciodt=1,5&hl=en"}, {"num_versions": 3, "url_citation": null, "title": "Authenticity in and through teaching in higher education: The transformative potential of the scholarship of teaching", "url": "http://scholar.google.com/https://books.google.com/books?hl=en&lr=&id=2bMqrjfaX3gC&oi=fnd&pg=PR3&ots=Yvhsv9gxR5&sig=xs6UqV89Ku0cP7kEB8tCTkq-x3k", "url_versions": "http://scholar.google.com/scholar?cluster=8930181256661730118&hl=en&as_sdt=1,5&sciodt=1,5&as_vis=1", "authors": "C Kreber -", "excerpt": "What does it mean to be authentic? Why should it matter whether or not we become more authentic? How might authenticity inform and enhance the social practice of the scholarship of university teaching and, by implication, the learning and development of students?  ...", "url_pdf": null, "num_citations": 25, "cluster_id": "8930181256661730118", "year": "2013", "url_citations": "http://scholar.google.com/scholar?cites=8930181256661730118&as_sdt=2005&sciodt=1,5&hl=en"}, {"num_versions": 5, "url_citation": null, "title": "Inquiry-based learning in higher education: principal forms, educational objectives, and disciplinary variations", "url": "http://www.tandfonline.com/doi/abs/10.1080/03075079.2011.616584", "url_versions": "http://scholar.google.com/scholar?cluster=12358030936862831718&hl=en&as_sdt=1,5&sciodt=1,5&as_vis=1", "authors": "A Aditomo, P Goodyear, AM Bliuc\u2026 - Studies in Higher  \u2026", "excerpt": "Learning through inquiry is a widely advocated pedagogical approach. However, there is currently little systematic knowledge about the practice of inquiry-based learning (IBL) in higher education. This study examined descriptions of learning tasks that were put forward  ...", "url_pdf": null, "num_citations": 15, "cluster_id": "12358030936862831718", "year": "2013", "url_citations": "http://scholar.google.com/scholar?cites=12358030936862831718&as_sdt=2005&sciodt=1,5&hl=en"}, {"num_versions": 7, "url_citation": null, "title": "Investigating the myth of the relationship between teaching and research in higher education: A review of empirical research", "url": "http://link.springer.com/article/10.1007/s11217-007-9055-1", "url_versions": "http://scholar.google.com/scholar?cluster=2555289161174110348&hl=en&as_sdt=1,5&sciodt=1,5&as_vis=1", "authors": "A Verburgh, J Elen, S Lindblom-Yl\u00e4nne - Studies in Philosophy and  \u2026", "excerpt": "Abstract Despite the widespread belief in a positive influence of research on education, the empirical evidence is lacking (Hattie and Marsh 1996). Several authors have questioned the appropriateness of the operationalisation of both aspects of the relation between teaching  ...", "url_pdf": null, "num_citations": 37, "cluster_id": "2555289161174110348", "year": "2007", "url_citations": "http://scholar.google.com/scholar?cites=2555289161174110348&as_sdt=2005&sciodt=1,5&hl=en"}, {"num_versions": 4, "url_citation": null, "title": "How do first-year university students experience inquiry and research, and what are the implications for the practice of inquiry-based learning?", "url": "http://www.tandfonline.com/doi/abs/10.1080/03075079.2010.499166", "url_versions": "http://scholar.google.com/scholar?cluster=15727461872639290538&hl=en&as_sdt=1,5&sciodt=1,5&as_vis=1", "authors": "P Levy, R Petrulis - Studies in Higher Education", "excerpt": "First-year undergraduates on degree programmes in the arts, humanities and social sciences were found by this qualitative study to experience inquiry and research in four distinct ways. Research as 'gathering information'and 'exploring others' ideas' was  ...", "url_pdf": null, "num_citations": 41, "cluster_id": "15727461872639290538", "year": "2012", "url_citations": "http://scholar.google.com/scholar?cites=15727461872639290538&as_sdt=2005&sciodt=1,5&hl=en"}, {"num_versions": 5, "url_citation": null, "title": "Pedagogy of excess: An alternative political economy of student life", "url": "http://scholar.google.com/https://books.google.com/books?hl=en&lr=&id=64laBwAAQBAJ&oi=fnd&pg=PA209&ots=tXFX3ltZmj&sig=TsRwmi57_cByb1TBVw8lEc33JdQ", "url_versions": "http://scholar.google.com/scholar?cluster=87838079263860009&hl=en&as_sdt=1,5&sciodt=1,5&as_vis=1", "authors": "M Neary, A Hagyard - \u2026  of higher education and the student as  \u2026", "excerpt": "The pedagogy of excess is based on the premise that re-engineering the forms in which teaching and research are configured in universities has the potential to transform the nature of higher education in ways that undermine the current consumerist and marketised model.", "url_pdf": null, "num_citations": 30, "cluster_id": "87838079263860009", "year": "2010", "url_citations": "http://scholar.google.com/scholar?cites=87838079263860009&as_sdt=2005&sciodt=1,5&hl=en"}, {"num_versions": 6, "url_citation": null, "title": "Co-learning: re-linking research and teaching in geography", "url": "http://www.tandfonline.com/doi/abs/10.1080/03098260500499659", "url_versions": "http://scholar.google.com/scholar?cluster=941311925916384375&hl=en&as_sdt=1,5&sciodt=1,5&as_vis=1", "authors": "RL Heron, R Baker, L Mcewen - Journal of Geography in Higher  \u2026", "excerpt": "What might geography in 'the universities' look like if geographers seriously confronted the growing dichotomy between research and teaching? This challenge goes to the heart of 'the university'as a site of learning. The authors argue that the globalizing character of higher  ...", "url_pdf": null, "num_citations": 60, "cluster_id": "941311925916384375", "year": "2006", "url_citations": "http://scholar.google.com/scholar?cites=941311925916384375&as_sdt=2005&sciodt=1,5&hl=en"}, {"num_versions": 5, "url_citation": null, "title": "The relevance of research for the improvement of education and professional practice", "url": "http://link.springer.com/chapter/10.1007/978-1-4020-9244-2_3", "url_versions": "http://scholar.google.com/scholar?cluster=18288788871044925639&hl=en&as_sdt=1,5&sciodt=1,5&as_vis=1", "authors": "K Heggen, B Karseth, S Kyvik - The Research Mission of Higher Education \u2026", "excerpt": "Abstract The purpose of this chapter is to discuss the relevance of research for the improvement of professional education in universities of applied sciences and professional practice in the relevant occupations. The chapter discusses four arguments that have  ...", "url_pdf": null, "num_citations": 15, "cluster_id": "18288788871044925639", "year": "2010", "url_citations": "http://scholar.google.com/scholar?cites=18288788871044925639&as_sdt=2005&sciodt=1,5&hl=en"}, {"num_versions": 5, "url_citation": null, "title": "Embedding research-based learning early in the undergraduate geography curriculum", "url": "http://www.tandfonline.com/doi/abs/10.1080/03098265.2011.563377", "url_versions": "http://scholar.google.com/scholar?cluster=13255979069274644783&hl=en&as_sdt=1,5&sciodt=1,5&as_vis=1", "authors": "H Walkington, AL Griffin, L Keys-Mathews\u2026 - Journal of Geography \u2026", "excerpt": "This article considers the rationale for embedding research and enquiry skills early in the undergraduate geography curriculum and for making these skills explicit to students. A survey of 52 international geography faculty identified critical thinking, framing research  ...", "url_pdf": null, "num_citations": 15, "cluster_id": "13255979069274644783", "year": "2011", "url_citations": "http://scholar.google.com/scholar?cites=13255979069274644783&as_sdt=2005&sciodt=1,5&hl=en"}, {"num_versions": 4, "url_citation": null, "title": "Teaching information literacy for inquiry-based learning", "url": "http://scholar.google.com/https://books.google.com/books?hl=en&lr=&id=p_-jAgAAQBAJ&oi=fnd&pg=PP1&ots=Y9JxVXR79l&sig=Qfx6xnd7qiux_OTzFkJehKqrjLE", "url_versions": "http://scholar.google.com/scholar?cluster=9489588953785066664&hl=en&as_sdt=1,5&sciodt=1,5&as_vis=1", "authors": "M Hepworth, G Walton -", "excerpt": "Teaching Information Literacy for Inquiry-Based Learning is highly beneficial to those who teach or train people and need to develop systematic ways of using information sources and tools to help them participate in inquiry based learning. Whether at school, college,  ...", "url_pdf": null, "num_citations": 69, "cluster_id": "9489588953785066664", "year": "2009", "url_citations": "http://scholar.google.com/scholar?cites=9489588953785066664&as_sdt=2005&sciodt=1,5&hl=en"}, {"num_versions": 5, "url_citation": null, "title": "Student perceptions of the undergraduate research experience: what do they think they really gain and how much influence does it have?", "url": "http://openjournals.library.usyd.edu.au/index.php/IISME/article/view/6208", "url_versions": "http://scholar.google.com/scholar?cluster=62159697527401069&hl=en&as_sdt=1,5&sciodt=1,5&as_vis=1", "authors": "P Myatt - \u2026 of The Australian Conference on Science \u2026", "excerpt": "Abstract This paper explores the benefits that undergraduate science students perceive as a result of participating in an undergraduate research experience (URE) and explores the possible influences that UREs have on the future career directions of students. Authentic  ...", "url_pdf": null, "num_citations": 12, "cluster_id": "62159697527401069", "year": "2012", "url_citations": "http://scholar.google.com/scholar?cites=62159697527401069&as_sdt=2005&sciodt=1,5&hl=en"}, {"num_versions": 9, "url_citation": null, "title": "Research\u2010led teaching: moving from a fractured engagement to a marriage of convenience", "url": "http://www.tandfonline.com/doi/abs/10.1080/07294360.2010.489236", "url_versions": "http://scholar.google.com/scholar?cluster=8222161583198258082&hl=en&as_sdt=1,5&sciodt=1,5&as_vis=1", "authors": "J Schapper, SE Mayson - Higher Education Research &  \u2026", "excerpt": "There are many reasons to develop closer links between research and teaching. To do this, we argue the need to move beyond university rhetoric that fractures the engagement of teaching with research and instead focus on the development of what is necessary to  ...", "url_pdf": null, "num_citations": 18, "cluster_id": "8222161583198258082", "year": "2010", "url_citations": "http://scholar.google.com/scholar?cites=8222161583198258082&as_sdt=2005&sciodt=1,5&hl=en"}, {"num_versions": 5, "url_citation": null, "title": "Communities of praxis? Scholarship and practice styles of the HE in FE professional", "url": "http://www.tandfonline.com/doi/abs/10.1080/13636820.2011.572175", "url_versions": "http://scholar.google.com/scholar?cluster=5664485384403850102&hl=en&as_sdt=1,5&sciodt=1,5&as_vis=1", "authors": "K Gale, R Turner, LM McKenzie - Journal of Vocational Education  \u2026", "excerpt": "The Dearing Report advocated that the traditionally separate post\u2010compulsory education sectors of English higher education (HE) and further education (FE) should bring together the academic and vocational in a working partnership. This has led to significant changes  ...", "url_pdf": null, "num_citations": 10, "cluster_id": "5664485384403850102", "year": "2011", "url_citations": "http://scholar.google.com/scholar?cites=5664485384403850102&as_sdt=2005&sciodt=1,5&hl=en"}, {"num_versions": 17, "url_citation": null, "title": "The balance between teaching and research in Dutch and English universities in the context of university governance reforms", "url": "http://link.springer.com/article/10.1007/s10734-009-9213-1", "url_versions": "http://scholar.google.com/scholar?cluster=7455285955999755683&hl=en&as_sdt=1,5&sciodt=1,5&as_vis=1", "authors": "L Leisyte, J Enders, H De Boer - Higher Education", "excerpt": "Abstract The expectations and demands with respect to teaching and research have been changing for universities due to changes in their institutional environments. Born out of changing national research policies and modern governance arrangements, efficiency,  ...", "url_pdf": null, "num_citations": 58, "cluster_id": "7455285955999755683", "year": "2009", "url_citations": "http://scholar.google.com/scholar?cites=7455285955999755683&as_sdt=2005&sciodt=1,5&hl=en"}, {"num_versions": 5, "url_citation": null, "title": "How to strengthen the connection between research and teaching in undergraduate university education", "url": "http://onlinelibrary.wiley.com/doi/10.1111/j.1468-2273.2008.00411.x/pdf", "url_versions": "http://scholar.google.com/scholar?cluster=17048217095396625626&hl=en&as_sdt=1,5&sciodt=1,5&as_vis=1", "authors": "MGMF Elsen, GJ Visser\u2010Wijnveen\u2026 - Higher Education  \u2026", "excerpt": "Abstract This paper explores how to strengthen the research-teaching nexus in university education, in particular, how to improve the relation between policy and practice. The focus is on courses and curricula for undergraduate students. From a review of policy  ...", "url_pdf": null, "num_citations": 66, "cluster_id": "17048217095396625626", "year": "2009", "url_citations": "http://scholar.google.com/scholar?cites=17048217095396625626&as_sdt=2005&sciodt=1,5&hl=en"}, {"num_versions": 4, "url_citation": null, "title": "Teaching and research nexuses across faculty career stage, ability and affiliated discipline in a South Korean research university", "url": "http://www.tandfonline.com/doi/abs/10.1080/03075071003759052", "url_versions": "http://scholar.google.com/scholar?cluster=9493342531463142985&hl=en&as_sdt=1,5&sciodt=1,5&as_vis=1", "authors": "JC Shin - Studies in Higher Education", "excerpt": "The relationship between teaching and research is a controversial issue in higher education research. Many empirical studies have reported a near zero relationship although academics believe that teaching and research are related in diverse ways. This study  ...", "url_pdf": null, "num_citations": 41, "cluster_id": "9493342531463142985", "year": "2011", "url_citations": "http://scholar.google.com/scholar?cites=9493342531463142985&as_sdt=2005&sciodt=1,5&hl=en"}, {"num_versions": 18, "url_citation": null, "title": "Initiating undergraduate medical students into communities of research practise: what do supervisors recommend?", "url": "http://www.biomedcentral.com/1472-6920/10/83", "url_versions": "http://scholar.google.com/scholar?cluster=12586042856929070233&hl=en&as_sdt=1,5&sciodt=1,5&as_vis=1", "authors": "M MacDougall, SC Riley - BMC medical education", "excerpt": "Background Much has been written in the educational literature on the value of communities of practise in enhancing student learning. Here, we take the experience of senior undergraduate medical students involved in short-term research as a member of a team  ...", "url_pdf": null, "num_citations": 17, "cluster_id": "12586042856929070233", "year": "2010", "url_citations": "http://scholar.google.com/scholar?cites=12586042856929070233&as_sdt=2005&sciodt=1,5&hl=en"}, {"num_versions": 2, "url_citation": null, "title": "European Teacher Education: a fractal perspective tackling complexity", "url": "http://eer.sagepub.com/content/9/3/317.short", "url_versions": "http://scholar.google.com/scholar?cluster=7037398326152448517&hl=en&as_sdt=1,5&sciodt=1,5&as_vis=1", "authors": "F Caena, U Margiotta - European Educational Research Journal", "excerpt": "Abstract This article takes stock of the complex scenario of the European education space in its past, present and future developments, which highlights the priorities of the modernisation, improvement and convergence of the goals for education and training  ...", "url_pdf": null, "num_citations": 11, "cluster_id": "7037398326152448517", "year": "2010", "url_citations": "http://scholar.google.com/scholar?cites=7037398326152448517&as_sdt=2005&sciodt=1,5&hl=en"}, {"num_versions": 0, "url_citation": null, "title": "The research-teaching nexus in the humanities: Variations among academics", "url": "http://scholar.google.com/https://openaccess.leidenuniv.nl/handle/1887/14018", "url_versions": null, "authors": "GJ Visser-Wijnveen -", "excerpt": "Central in this thesis are the various forms the research-teaching nexus can take in the university, especially in the Faculty of Humanities. The importance of a strong relation between research and teaching is advocated by many academics, but debate is going on  ...", "url_pdf": null, "num_citations": 12, "cluster_id": "3716384675671353975", "year": "2009", "url_citations": "http://scholar.google.com/scholar?cites=3716384675671353975&as_sdt=2005&sciodt=1,5&hl=en"}, {"num_versions": 3, "url_citation": null, "title": "Faculty development in research\u2010intensive universities: The role of academics' conceptions on the relationship between research and teaching", "url": "http://www.tandfonline.com/doi/abs/10.1080/13601440701604948", "url_versions": "http://scholar.google.com/scholar?cluster=1490401690490218146&hl=en&as_sdt=1,5&sciodt=1,5&as_vis=1", "authors": "J Elen, S Lindblom\u2010Yl\u00e4nne\u2026 - International Journal for  \u2026", "excerpt": "The study reported in this article explores conceptions of the research\u2013teaching relationship held by faculty members in two research\u2010intensive universities. To elaborate a model for research\u2010intensive teaching that can be considered in faculty development, a total of 16  ...", "url_pdf": null, "num_citations": 51, "cluster_id": "1490401690490218146", "year": "2007", "url_citations": "http://scholar.google.com/scholar?cites=1490401690490218146&as_sdt=2005&sciodt=1,5&hl=en"}, {"num_versions": 10, "url_citation": null, "title": "Learning together: designing effective e-classrooms", "url": "http://www.inderscienceonline.com/doi/abs/10.1504/IJIL.2011.039341", "url_versions": "http://scholar.google.com/scholar?cluster=17126290217076813465&hl=en&as_sdt=1,5&sciodt=1,5&as_vis=1", "authors": "L Frondigoun, H Jones - International Journal of Innovation  \u2026", "excerpt": "This paper reports on the innovative development of e-learning in criminology and criminal justice programmes that were designed in line with the current ethos of learning and teaching in the Higher Education Academy. The criteria for best practice, the advantages  ...", "url_pdf": null, "num_citations": 12, "cluster_id": "17126290217076813465", "year": "2011", "url_citations": "http://scholar.google.com/scholar?cites=17126290217076813465&as_sdt=2005&sciodt=1,5&hl=en"}, {"num_versions": 4, "url_citation": null, "title": "The ideal research\u2010teaching nexus in the eyes of academics: building profiles", "url": "http://www.tandfonline.com/doi/abs/10.1080/07294360903532016", "url_versions": "http://scholar.google.com/scholar?cluster=13222215092507355271&hl=en&as_sdt=1,5&sciodt=1,5&as_vis=1", "authors": "GJ Visser\u2010Wijnveen, JH Van Driel\u2026 - Higher Education  \u2026", "excerpt": "Research and teaching are supposed to be closely related in universities. Among academics the belief in a symbiotic relationship is strong. However, it is unclear what form this relationship can take. Several authors have presented categories and dimensions to  ...", "url_pdf": null, "num_citations": 23, "cluster_id": "13222215092507355271", "year": "2010", "url_citations": "http://scholar.google.com/scholar?cites=13222215092507355271&as_sdt=2005&sciodt=1,5&hl=en"}, {"num_versions": 0, "url_citation": null, "title": "The research-teaching nexus in the sciences: Scientific research dispositions and teaching practice", "url": "http://scholar.google.com/https://openaccess.leidenuniv.nl/handle/1887/14011", "url_versions": null, "authors": "RM Rijst -", "excerpt": "This dissertation describes several studies concerning the research-teaching nexus in the sciences. General, it is recognized that a strong nexus exist between research and teaching at university education, but it was not always clear in which ways this relation could be  ...", "url_pdf": null, "num_citations": 12, "cluster_id": "4809040317466458160", "year": "2009", "url_citations": "http://scholar.google.com/scholar?cites=4809040317466458160&as_sdt=2005&sciodt=1,5&hl=en"}, {"num_versions": 4, "url_citation": null, "title": "Introducing sustainability into business education contexts using active learning", "url": "http://www.emeraldinsight.com/doi/abs/10.1108/14676371211190326", "url_versions": "http://scholar.google.com/scholar?cluster=6240902629498404984&hl=en&as_sdt=1,5&sciodt=1,5&as_vis=1", "authors": "J MacVaugh, M Norton - International Journal of Sustainability  \u2026", "excerpt": "Purpose-The purpose of this paper is to explore how active learning may help address the legitimacy and practicability issues inherent in introducing education for sustainability into business-related degree programs. Design/methodology/approach-The focus of this study  ...", "url_pdf": null, "num_citations": 28, "cluster_id": "6240902629498404984", "year": "2012", "url_citations": "http://scholar.google.com/scholar?cites=6240902629498404984&as_sdt=2005&sciodt=1,5&hl=en"}, {"num_versions": 12, "url_citation": null, "title": "Emulation-based virtual laboratories: a low-cost alternative to physical experiments in control engineering education", "url": "http://www.researchgate.net/profile/Adrian_Medioli/publication/224124660_Emulation-Based_Virtual_Laboratories_A_Low-Cost_Alternative_to_Physical_Experiments_in_Control_Engineering_Education/links/53fc103c0cf2364ccc04652b.pdf", "url_versions": "http://scholar.google.com/scholar?cluster=13768327129550607907&hl=en&as_sdt=1,5&sciodt=1,5&as_vis=1", "authors": "GC Goodwin, AM Medioli, W Sher\u2026 - IEEE Transactions on  \u2026", "excerpt": "Abstract\u2014This paper argues the case for emulation-based vir-tual laboratories in control engineering education. It demonstrates that such emulation experiments can give students an industrially relevant educational experience at relatively low cost. The paper also  ...", "url_pdf": "http://www.researchgate.net/profile/Adrian_Medioli/publication/224124660_Emulation-Based_Virtual_Laboratories_A_Low-Cost_Alternative_to_Physical_Experiments_in_Control_Engineering_Education/links/53fc103c0cf2364ccc04652b.pdf", "num_citations": 34, "cluster_id": "13768327129550607907", "year": "2011", "url_citations": "http://scholar.google.com/scholar?cites=13768327129550607907&as_sdt=2005&sciodt=1,5&hl=en"}, {"num_versions": 9, "url_citation": null, "title": "Departmental climate and student experiences in graduate geography programs", "url": "http://link.springer.com/article/10.1007/s11162-008-9117-4", "url_versions": "http://scholar.google.com/scholar?cluster=12794167350073562437&hl=en&as_sdt=1,5&sciodt=1,5&as_vis=1", "authors": "M Solem, J Lee, B Schlemper - Research in Higher Education", "excerpt": "Abstract This study explores how graduate students enrolled in MA/MS and Ph. D. geography programs perceive the social and academic climate of their departments. A second objective is to understand how these students self-assess their own professional  ...", "url_pdf": null, "num_citations": 28, "cluster_id": "12794167350073562437", "year": "2009", "url_citations": "http://scholar.google.com/scholar?cites=12794167350073562437&as_sdt=2005&sciodt=1,5&hl=en"}, {"num_versions": 5, "url_citation": null, "title": "The 'research\u2013teaching nexus' and 'education through research': An exploration of ambivalences", "url": "http://www.tandfonline.com/doi/abs/10.1080/03075070701573781", "url_versions": "http://scholar.google.com/scholar?cluster=7505395919652137320&hl=en&as_sdt=1,5&sciodt=1,5&as_vis=1", "authors": "M Simons, J Elen - Studies in Higher Education", "excerpt": "This article presents and discusses the results of a literature review that was conducted in order to understand ambivalences observed in reflections on the research\u2013teaching nexus. As a result of this literature review, it is possible to attribute these ambivalences to the  ...", "url_pdf": null, "num_citations": 50, "cluster_id": "7505395919652137320", "year": "2007", "url_citations": "http://scholar.google.com/scholar?cites=7505395919652137320&as_sdt=2005&sciodt=1,5&hl=en"}, {"num_versions": 2, "url_citation": null, "title": "Will to learn: Being a Student in an Age of Uncertainty", "url": "http://scholar.google.com/https://books.google.com/books?hl=en&lr=&id=VstEBgAAQBAJ&oi=fnd&pg=PP1&ots=RX2o_lscoO&sig=jmM7d_wOPHGGYETqj6w6MvUKP3A", "url_versions": "http://scholar.google.com/scholar?cluster=11642602361004835056&hl=en&as_sdt=1,5&sciodt=1,5&as_vis=1", "authors": "R Barnett -", "excerpt": "SRHE and Open University Press Imprint General Editor: Heather Eggins Current titles include: Catherine Bargh et al.: University Leadership Ronald Barnett: Beyond all Reason Ronald Barnett: The Limits of Competence Ronald Barnett: Higher Education: A Critical Business  ... ", "url_pdf": null, "num_citations": 396, "cluster_id": "11642602361004835056", "year": "2007", "url_citations": "http://scholar.google.com/scholar?cites=11642602361004835056&as_sdt=2005&sciodt=1,5&hl=en"}, {"num_versions": 3, "url_citation": null, "title": "Embedding research in a field-based module through peer review and assessment for learning", "url": "http://www.tandfonline.com/doi/abs/10.1080/03098265.2011.552104", "url_versions": "http://scholar.google.com/scholar?cluster=3572005020425002427&hl=en&as_sdt=1,5&sciodt=1,5&as_vis=1", "authors": "DT Nicholson - Journal of Geography in Higher Education", "excerpt": "A case study is presented of embedding research in a final year undergraduate, field-based, physical geography module. The approach is holistic, whereby research-based learning activities simulate the full life cycle of research from inception through to peer review and  ...", "url_pdf": null, "num_citations": 11, "cluster_id": "3572005020425002427", "year": "2011", "url_citations": "http://scholar.google.com/scholar?cites=3572005020425002427&as_sdt=2005&sciodt=1,5&hl=en"}, {"num_versions": 7, "url_citation": null, "title": "Learning to think: Using coursework to develop higher-order academic and practitioner skills among final year accounting students", "url": "http://www.tandfonline.com/doi/abs/10.1080/09639280802436947", "url_versions": "http://scholar.google.com/scholar?cluster=13399726614307098166&hl=en&as_sdt=1,5&sciodt=1,5&as_vis=1", "authors": "R Tonge, C Willett - Accounting Education: an international journal", "excerpt": "This paper describes an assignment designed for a final year management accounting unit/module on a portfolio of accounting programmes, all of which are accredited by one or more of the UK-based professional accounting bodies. Its aim is to stimulate the  ...", "url_pdf": null, "num_citations": 14, "cluster_id": "13399726614307098166", "year": "2009", "url_citations": "http://scholar.google.com/scholar?cites=13399726614307098166&as_sdt=2005&sciodt=1,5&hl=en"}, {"num_versions": 4, "url_citation": null, "title": "Embedding undergraduate research experiences within the curriculum: a cross-disciplinary study of the key characteristics guiding implementation", "url": "http://www.tandfonline.com/doi/abs/10.1080/03075079.2011.651448", "url_versions": "http://scholar.google.com/scholar?cluster=12683314146414498471&hl=en&as_sdt=1,5&sciodt=1,5&as_vis=1", "authors": "K Zimbardi, P Myatt - Studies in Higher Education", "excerpt": "Undergraduate research experiences provide students with opportunities to engage in high-impact experiential learning. Although prevalent in the sciences, there are now extensive banks of case studies demonstrating the use of undergraduate research as an  ...", "url_pdf": null, "num_citations": 12, "cluster_id": "12683314146414498471", "year": "2014", "url_citations": "http://scholar.google.com/scholar?cites=12683314146414498471&as_sdt=2005&sciodt=1,5&hl=en"}, {"num_versions": 3, "url_citation": null, "title": "Dental therapists and dental hygienists educated for the New Zealand environment", "url": "http://www.jdentaled.org/content/73/8/1001.short", "url_versions": "http://scholar.google.com/scholar?cluster=4603757303809334807&hl=en&as_sdt=1,5&sciodt=1,5&as_vis=1", "authors": "DE Coates, TB Kardos, SM Moffat\u2026 - Journal of dental  \u2026", "excerpt": "Abstract New Zealand has a long history of dental care provided by school dental nurses, now known as dental therapists. The nature of their training courses, although delivered in different centers, had remained relatively constant until 1999 when educational  ...", "url_pdf": null, "num_citations": 23, "cluster_id": "4603757303809334807", "year": "2009", "url_citations": "http://scholar.google.com/scholar?cites=4603757303809334807&as_sdt=2005&sciodt=1,5&hl=en"}, {"num_versions": 2, "url_citation": null, "title": "Bologna in European research-intensive universities: Implications for bachelor and master programs", "url": "http://scholar.google.com/https://books.google.com/books?hl=en&lr=&id=zs2Zvp1MicMC&oi=fnd&pg=PA9&ots=Nb-4nmy08l&sig=Pscd4DSHgmWHpO_h4NmSpTcKldM", "url_versions": "http://scholar.google.com/scholar?cluster=8005119281395956260&hl=en&as_sdt=1,5&sciodt=1,5&as_vis=1", "authors": "J Elen, A Verburgh -", "excerpt": "The relationship between research activities and educational activities has been, and still is, an issue in higher education, especially for research-intensive universities. The Bologna-declaration brings forth a new perspective to the discussion. Consequently, this  ...", "url_pdf": null, "num_citations": 16, "cluster_id": "8005119281395956260", "year": "2008", "url_citations": "http://scholar.google.com/scholar?cites=8005119281395956260&as_sdt=2005&sciodt=1,5&hl=en"}, {"num_versions": 4, "url_citation": null, "title": "Comparing Different Traditions of Teaching and Learning: what can we learn about teaching and learning?", "url": "http://eer.sagepub.com/content/6/2/135.short", "url_versions": "http://scholar.google.com/scholar?cluster=1766285844309339682&hl=en&as_sdt=1,5&sciodt=1,5&as_vis=1", "authors": "B Hudson - European Educational Research Journal", "excerpt": "Abstract This article explores differences between traditions in relation to teaching and learning and aims to highlight the ways in which the study of the Central European and Northern European traditions of Didaktik has offered new dimensions to and fresh insights  ...", "url_pdf": null, "num_citations": 28, "cluster_id": "1766285844309339682", "year": "2007", "url_citations": "http://scholar.google.com/scholar?cites=1766285844309339682&as_sdt=2005&sciodt=1,5&hl=en"}, {"num_versions": 4, "url_citation": null, "title": "Teaching and learning in hard science research environments: views of academics and educational developers", "url": "http://www.tandfonline.com/doi/abs/10.1080/07294360701805275", "url_versions": "http://scholar.google.com/scholar?cluster=4221948275939187058&hl=en&as_sdt=1,5&sciodt=1,5&as_vis=1", "authors": "A Ahlberg - Higher Education Research & Development", "excerpt": "Obligatory educational training of Swedish university teachers rarely involves senior teaching staff from research\u2010dominated environments, despite the positive effects of junior staff training. Senior science academics were surveyed to gauge their views on the  ...", "url_pdf": null, "num_citations": 10, "cluster_id": "4221948275939187058", "year": "2008", "url_citations": "http://scholar.google.com/scholar?cites=4221948275939187058&as_sdt=2005&sciodt=1,5&hl=en"}, {"num_versions": 4, "url_citation": null, "title": "Undergraduate teaching and learning in physical geography", "url": "http://ppg.sagepub.com/content/early/2012/04/25/0309133312442521.abstract", "url_versions": "http://scholar.google.com/scholar?cluster=12913295940074889907&hl=en&as_sdt=1,5&sciodt=1,5&as_vis=1", "authors": "T Day - Progress in Physical Geography", "excerpt": "Abstract Like other disciplines, physical geography has seen substantial recent interest in research on ways to improve undergraduate teaching and learning. Most of this research has taken place in a constructivist framework in which students construct knowledge in  ...", "url_pdf": null, "num_citations": 16, "cluster_id": "12913295940074889907", "year": "2012", "url_citations": "http://scholar.google.com/scholar?cites=12913295940074889907&as_sdt=2005&sciodt=1,5&hl=en"}, {"num_versions": 4, "url_citation": null, "title": "Beyond the 'research/teaching nexus': exploring the complexity of academic experience", "url": "http://www.tandfonline.com/doi/abs/10.1080/03075070701476043", "url_versions": "http://scholar.google.com/scholar?cluster=11209299355489471107&hl=en&as_sdt=1,5&sciodt=1,5&as_vis=1", "authors": "J Robertson - Studies in Higher Education", "excerpt": "The relationship between research and teaching has been the focus of much scholarly debate. Recently, the very existence of such a relationship has been questioned. In addition, government policies are undermining this defining feature of the modern university,  ...", "url_pdf": null, "num_citations": 88, "cluster_id": "11209299355489471107", "year": "2007", "url_citations": "http://scholar.google.com/scholar?cites=11209299355489471107&as_sdt=2005&sciodt=1,5&hl=en"}, {"num_versions": 3, "url_citation": null, "title": "Introduction: More than Methods\u2014Reflections on Participatory Action Research in Geographic Teaching, Learning and Research: Participatory Action Research in  \u2026", "url": "http://www.tandfonline.com/doi/abs/10.1080/03098260802276474", "url_versions": "http://scholar.google.com/scholar?cluster=6582885623142915499&hl=en&as_sdt=1,5&sciodt=1,5&as_vis=1", "authors": "S Kindon, S Elwood - Journal of Geography in Higher Education", "excerpt": "This paper provides an introduction to this symposium issue on participatory action research in geographic teaching, learning and research. It introduces the themes of the symposium and contributions from the participating authors, and also offers additional discussion of  ...", "url_pdf": null, "num_citations": 38, "cluster_id": "6582885623142915499", "year": "2009", "url_citations": "http://scholar.google.com/scholar?cites=6582885623142915499&as_sdt=2005&sciodt=1,5&hl=en"}, {"num_versions": 3, "url_citation": null, "title": "Research and teaching work within university education departments: fragmentation or integration?", "url": "http://www.tandfonline.com/doi/abs/10.1080/03098770601167849", "url_versions": "http://scholar.google.com/scholar?cluster=16841865882061493051&hl=en&as_sdt=1,5&sciodt=1,5&as_vis=1", "authors": "L Lucas - Journal of Further and Higher Education", "excerpt": "This article raises some questions about the current policy context of debates on the link between research and teaching in academic work, specifically within university education departments. It draws selectively from a research project which investigated education  ...", "url_pdf": null, "num_citations": 50, "cluster_id": "16841865882061493051", "year": "2007", "url_citations": "http://scholar.google.com/scholar?cites=16841865882061493051&as_sdt=2005&sciodt=1,5&hl=en"}]