[{"num_versions": 3, "url_citation": null, "title": "The road to self-assessment: exemplar marking before peer review develops first-year students' capacity to judge the quality of a scientific report", "url": "http://www.tandfonline.com/doi/abs/10.1080/02602938.2014.880400", "url_versions": "http://scholar.google.com/scholar?cluster=11801644530029930246&hl=en&as_sdt=1,5&sciodt=1,5&as_vis=1", "authors": "R Yucel, FL Bird, J Young\u2026 - Assessment & Evaluation  \u2026", "excerpt": "Lack of clarity about assessment criteria and standards is a source of anxiety for many first-year university students. The Developing Understanding of Assessment for Learning (DUAL) programme was designed as a staged approach to gradually familiarise students with  ...", "url_pdf": null, "num_citations": 5, "cluster_id": "11801644530029930246", "year": "2014", "url_citations": "http://scholar.google.com/scholar?cites=11801644530029930246&as_sdt=2005&sciodt=1,5&hl=en"}, {"num_versions": 4, "url_citation": null, "title": "Peer assessment in large undergraduate classes: an evaluation of a procedure for marking laboratory reports and a review of related practices", "url": "http://advan.physiology.org/content/35/2/178.short", "url_versions": "http://scholar.google.com/scholar?cluster=1915508389472157521&hl=en&as_sdt=1,5&sciodt=1,5&as_vis=1", "authors": "JR Harris - Advances in physiology education", "excerpt": "Abstract This study provides evidence that peer marking can be a reliable tool for assessing laboratory reports in large cohorts. It was conducted over a 4-yr period with first-year undergraduates (\u223c 180 students/cohort) taking a mammalian physiology course, but the  ...", "url_pdf": null, "num_citations": 12, "cluster_id": "1915508389472157521", "year": "2011", "url_citations": "http://scholar.google.com/scholar?cites=1915508389472157521&as_sdt=2005&sciodt=1,5&hl=en"}, {"num_versions": 2, "url_citation": null, "title": "Student self-assessment: Results from a research study in a level IV elective course in an accredited bachelor of chemical engineering", "url": "http://www.sciencedirect.com/science/article/pii/S1749772814000104", "url_versions": "http://scholar.google.com/scholar?cluster=2795188517093650400&hl=en&as_sdt=1,5&sciodt=1,5&as_vis=1", "authors": "KR Davey - Education for Chemical Engineers", "excerpt": "Abstract A summative Mid-term Test in a level IV course of an accredited bachelor degree from a cohort of 32 (8 female, 24 male) students was both self-assessed and assessed by the experienced course tutor, using the idealized solutions and shell-form marking  ...", "url_pdf": null, "num_citations": 1, "cluster_id": "2795188517093650400", "year": "2015", "url_citations": "http://scholar.google.com/scholar?cites=2795188517093650400&as_sdt=2005&sciodt=1,5&hl=en"}, {"num_versions": 0, "url_citation": null, "title": "Federated eRubric service to facilitate self-regulated learning in the European University Model", "url": "http://eer.sagepub.com/content/13/5/575.short", "url_versions": null, "authors": "DC Robles, JS Angulo\u2026 - European Educational  \u2026", "excerpt": "Abstract The European Higher Education Area (EHEA) is a political programme for higher education in Europe that was developed in the context of the Bologna process. It highlights the importance of focusing education on students' learning. It also claims that students  ...", "url_pdf": null, "num_citations": 6, "cluster_id": "2804921282437640339", "year": "2014", "url_citations": "http://scholar.google.com/scholar?cites=2804921282437640339&as_sdt=2005&sciodt=1,5&hl=en"}, {"num_versions": 4, "url_citation": null, "title": "Student peer assessment: Research findings from a case study in a master of chemical engineering coursework-program", "url": "http://www.sciencedirect.com/science/article/pii/S1749772811000108", "url_versions": "http://scholar.google.com/scholar?cluster=13006248765081772462&hl=en&as_sdt=1,5&sciodt=1,5&as_vis=1", "authors": "KR Davey - Education for Chemical Engineers", "excerpt": "Results from a case study of student peer assessment, as an alternate learning activity to traditional lecturer-and tutor-assessments, in a two-year, Master of Chemical Engineering Coursework-program show that, overall, whilst students gave higher marks than the  ...", "url_pdf": null, "num_citations": 7, "cluster_id": "13006248765081772462", "year": "2011", "url_citations": "http://scholar.google.com/scholar?cites=13006248765081772462&as_sdt=2005&sciodt=1,5&hl=en"}, {"num_versions": 5, "url_citation": null, "title": "Increasing anonymity in peer assessment by using classroom response technology within face-to-face higher education", "url": "http://www.tandfonline.com/eprint/m3RpQGpHqsCNEv3RKYbJ/full", "url_versions": "http://scholar.google.com/scholar?cluster=7489750969079286339&hl=en&as_sdt=1,5&sciodt=1,5&as_vis=1", "authors": "A Raes, E Vanderhoven, T Schellens - Studies in Higher Education", "excerpt": "Abstract Peer assessment is becoming more popular in higher education, however it often goes together with undesirable social effects like peer pressure and favoritism, especially when students need to evaluate peers in a face-to-face setting. The present study was set  ...", "url_pdf": null, "num_citations": 4, "cluster_id": "7489750969079286339", "year": "2015", "url_citations": "http://scholar.google.com/scholar?cites=7489750969079286339&as_sdt=2005&sciodt=1,5&hl=en"}, {"num_versions": 4, "url_citation": null, "title": "Business graduate performance in oral communication skills and strategies for improvement", "url": "http://www.sciencedirect.com/science/article/pii/S1472811713000323", "url_versions": "http://scholar.google.com/scholar?cluster=9842775165513745553&hl=en&as_sdt=1,5&sciodt=1,5&as_vis=1", "authors": "D Jackson - The International Journal of Management Education", "excerpt": "Abstract Global competitiveness and increased knowledge sharing have accelerated the importance of oral communication skills in today's graduates. Accordingly, oral communication dominates assurance of learning standards and is frequently cited as one  ...", "url_pdf": null, "num_citations": 10, "cluster_id": "9842775165513745553", "year": "2014", "url_citations": "http://scholar.google.com/scholar?cites=9842775165513745553&as_sdt=2005&sciodt=1,5&hl=en"}, {"num_versions": 7, "url_citation": null, "title": "Improving feedback in large classes: application of task evaluation and reflection instrument for student self-assessment (TERISSA) in a unit on business  \u2026", "url": "http://emedia.rmit.edu.au/atnassessment09/sites/emedia.rmit.edu.au.atnassessment09/files/ATNA09_Conference_Proceedings.pdf#page=179", "url_versions": "http://scholar.google.com/scholar?cluster=11628391192740422181&hl=en&as_sdt=1,5&sciodt=1,5&as_vis=1", "authors": "J Harlim, A de Silva, I Belski - ATN Assessment Conference  \u2026", "excerpt": "This paper presents findings and lessons learnt from the implementation of Task Evaluation and Reflection Instrument for Student Self-Assessment (TERISSA) in a unit on Business Statistics with over 500 students enrolled, which was conducted in semester one of 2009.  ...", "url_pdf": null, "num_citations": 4, "cluster_id": "11628391192740422181", "year": "2009", "url_citations": "http://scholar.google.com/scholar?cites=11628391192740422181&as_sdt=2005&sciodt=1,5&hl=en"}, {"num_versions": 11, "url_citation": null, "title": "Intergroup peer assessment in problem-based learning tutorials for undergraduate pharmacy students", "url": "http://www.ncbi.nlm.nih.gov/pmc/articles/PMC3138352/", "url_versions": "http://scholar.google.com/scholar?cluster=14272582472812015235&hl=en&as_sdt=1,5&sciodt=1,5&as_vis=1", "authors": "VS Kritikos, J Woulfe, MB Sukkar\u2026 - American journal of  \u2026", "excerpt": "Objective To develop, implement, and evaluate a process of intergroup peer assessment and feedback using problem-based learning (PBL) tutorials. Methods A peer-assessment process was used in a PBL tutorial setting for an integrated pharmacy practice course in  ...", "url_pdf": null, "num_citations": 18, "cluster_id": "14272582472812015235", "year": "2011", "url_citations": "http://scholar.google.com/scholar?cites=14272582472812015235&as_sdt=2005&sciodt=1,5&hl=en"}, {"num_versions": 3, "url_citation": null, "title": "How does student peer review influence perceptions, engagement and academic outcomes? A case study", "url": "http://www.tandfonline.com/doi/abs/10.1080/02602938.2013.860421", "url_versions": "http://scholar.google.com/scholar?cluster=1303233678000648518&hl=en&as_sdt=1,5&sciodt=1,5&as_vis=1", "authors": "R Mulder, C Baik, R Naylor, J Pearce - Assessment & Evaluation in  \u2026", "excerpt": "Involving students in peer review has many pedagogical benefits, but few studies have explicitly investigated relationships between the content of peer reviews, student perceptions and assessment outcomes. We conducted a case study of peer review within  ...", "url_pdf": null, "num_citations": 4, "cluster_id": "1303233678000648518", "year": "2014", "url_citations": "http://scholar.google.com/scholar?cites=1303233678000648518&as_sdt=2005&sciodt=1,5&hl=en"}, {"num_versions": 5, "url_citation": null, "title": "Assessing Student Learning: Daily Self-Assessment at Republic Polytechnic", "url": "http://link.springer.com/chapter/10.1007/978-981-4021-75-3_10", "url_versions": "http://scholar.google.com/scholar?cluster=4028846022570589626&hl=en&as_sdt=1,5&sciodt=1,5&as_vis=1", "authors": "MDN Lew, HG Schmidt - One-Day, One-Problem", "excerpt": "Abstract In an approach that emphasizes the student's own responsibility, assessment is a problem. If students are, to some extent, free to choose their own learning resources, how can one then assess learning gains in a fair and relevant fashion? This chapter discusses  ...", "url_pdf": null, "num_citations": 1, "cluster_id": "4028846022570589626", "year": "2012", "url_citations": "http://scholar.google.com/scholar?cites=4028846022570589626&as_sdt=2005&sciodt=1,5&hl=en"}, {"num_versions": 3, "url_citation": null, "title": "Student preferences vis-\u00e0-vis teacher feedback in university EFL writing classes in Japan", "url": "http://www.sciencedirect.com/science/article/pii/S0346251X14000086", "url_versions": "http://scholar.google.com/scholar?cluster=4942282070679504958&hl=en&as_sdt=1,5&sciodt=1,5&as_vis=1", "authors": "JA Elwood, J Bode - System", "excerpt": "Abstract While learning outcomes associated with type and frequency of feedback have been extensively researched, student perceptions of teacher feedback have received less attention. This manuscript reports on an investigation of student perceptions and  ...", "url_pdf": null, "num_citations": 3, "cluster_id": "4942282070679504958", "year": "2014", "url_citations": "http://scholar.google.com/scholar?cites=4942282070679504958&as_sdt=2005&sciodt=1,5&hl=en"}, {"num_versions": 9, "url_citation": null, "title": "Measuring empathy in pharmacy students", "url": "http://www.ncbi.nlm.nih.gov/pmc/articles/PMC3175671/", "url_versions": "http://scholar.google.com/scholar?cluster=12942492140032269795&hl=en&as_sdt=1,5&sciodt=1,5&as_vis=1", "authors": "N Fjortoft, LJ Van Winkle, M Hojat - American journal of  \u2026", "excerpt": "Objective. To validate the Jefferson Scale of Empathy-Health Profession Students version (JSE-HPS) in pharmacy students. Methods. The JSE-HPS (20 items), adapted from the original Jefferson Scale of Empathy for use among students in the healthcare professions,  ...", "url_pdf": null, "num_citations": 31, "cluster_id": "12942492140032269795", "year": "2011", "url_citations": "http://scholar.google.com/scholar?cites=12942492140032269795&as_sdt=2005&sciodt=1,5&hl=en"}, {"num_versions": 5, "url_citation": null, "title": "Student Peer Assessment: A research study in a level III core course of the bachelor chemical engineering program", "url": "http://www.sciencedirect.com/science/article/pii/S1749772812000061", "url_versions": "http://scholar.google.com/scholar?cluster=13878407477683915411&hl=en&as_sdt=1,5&sciodt=1,5&as_vis=1", "authors": "KR Davey, E Palmer - Education for Chemical Engineers", "excerpt": "A study of anonymous student peer marking in a level III (third year) core course of the bachelor chemical engineering has shown that there was no significant difference (p> 0.05) in the average marks awarded by student assessors who had idealized solutions of the  ...", "url_pdf": null, "num_citations": 3, "cluster_id": "13878407477683915411", "year": "2012", "url_citations": "http://scholar.google.com/scholar?cites=13878407477683915411&as_sdt=2005&sciodt=1,5&hl=en"}, {"num_versions": 2, "url_citation": null, "title": "Peer review in higher education: Student perceptions before and after participation", "url": "http://alh.sagepub.com/content/early/2014/04/11/1469787414527391.abstract", "url_versions": "http://scholar.google.com/scholar?cluster=13603966828622619889&hl=en&as_sdt=1,5&sciodt=1,5&as_vis=1", "authors": "RA Mulder, JM Pearce, C Baik - Active Learning in Higher  \u2026", "excerpt": "Abstract Peer review is integral to academic endeavour, but opportunities for students to benefit from peer review in higher education remain limited, and relatively little is known about how student perceptions influence their appreciation of peer review. University  ...", "url_pdf": null, "num_citations": 7, "cluster_id": "13603966828622619889", "year": "2014", "url_citations": "http://scholar.google.com/scholar?cites=13603966828622619889&as_sdt=2005&sciodt=1,5&hl=en"}, {"num_versions": 3, "url_citation": null, "title": "Students' perceptions of fairness in peer assessment: evidence from a problem-based learning course", "url": "http://www.tandfonline.com/doi/abs/10.1080/13562517.2012.753051", "url_versions": "http://scholar.google.com/scholar?cluster=1085988026318186095&hl=en&as_sdt=1,5&sciodt=1,5&as_vis=1", "authors": "A Carvalho - Teaching in Higher Education", "excerpt": "This paper describes the experience of peer assessment in a problem-based learning course in a Portuguese university, and presents the results of a survey of 120 students who attended the course over seven semesters. Cluster analysis revealed that students group  ...", "url_pdf": null, "num_citations": 5, "cluster_id": "1085988026318186095", "year": "2013", "url_citations": "http://scholar.google.com/scholar?cites=1085988026318186095&as_sdt=2005&sciodt=1,5&hl=en"}, {"num_versions": 5, "url_citation": null, "title": "A 'continuous improvement'-based approach for the assessment of student learning", "url": "http://www.inderscienceonline.com/doi/abs/10.1504/IJIOME.2012.051626", "url_versions": "http://scholar.google.com/scholar?cluster=11846093279297448950&hl=en&as_sdt=1,5&sciodt=1,5&as_vis=1", "authors": "G Vanteddu, C Somarajan - International Journal of  \u2026", "excerpt": "Student learning is primarily a function of teacher centric and institution centric processes. For sustained gains in student learning, it is important to have a feedback mechanism between 'teaching'and 'assessment', which we have addressed through the adoption of  ...", "url_pdf": null, "num_citations": 1, "cluster_id": "11846093279297448950", "year": "2012", "url_citations": "http://scholar.google.com/scholar?cites=11846093279297448950&as_sdt=2005&sciodt=1,5&hl=en"}, {"num_versions": 3, "url_citation": null, "title": "Enhancing the quality of peer review by reducing student \u201cfree riding\u201d: Peer assessment with positive interdependence", "url": "http://onlinelibrary.wiley.com/doi/10.1111/j.1467-8535.2011.01278.x/full", "url_versions": "http://scholar.google.com/scholar?cluster=16430670974007030993&hl=en&as_sdt=1,5&sciodt=1,5&as_vis=1", "authors": "GYM Kao - British Journal of Educational Technology", "excerpt": "Abstract Collaborative learning tasks have been hampered by problems of unequal participation such as the presence of a free rider or dominance by a member of a group. Researchers in the collaborative learning domain respond to these problems with  ...", "url_pdf": null, "num_citations": 12, "cluster_id": "16430670974007030993", "year": "2013", "url_citations": "http://scholar.google.com/scholar?cites=16430670974007030993&as_sdt=2005&sciodt=1,5&hl=en"}, {"num_versions": 3, "url_citation": null, "title": "Assessment for learning: a case study in mathematics education", "url": "http://dspace.mah.se/dspace/handle/2043/14356", "url_versions": "http://scholar.google.com/scholar?cluster=8293475101622930662&hl=en&as_sdt=1,5&sciodt=1,5&as_vis=1", "authors": "A Balan -", "excerpt": "The aim of this study was to introduce a formative-assessment practice in a mathematics classroom, by implementing the five strategies of the formative-assessment framework proposed by Wiliam and Thompson (2007), in order to investigate:(a) if this change in  ...", "url_pdf": null, "num_citations": 17, "cluster_id": "8293475101622930662", "year": "2012", "url_citations": "http://scholar.google.com/scholar?cites=8293475101622930662&as_sdt=2005&sciodt=1,5&hl=en"}, {"num_versions": 24, "url_citation": null, "title": "The FuturICT education accelerator", "url": "http://link.springer.com/article/10.1140/epjst/e2012-01693-0", "url_versions": "http://scholar.google.com/scholar?cluster=4456133862386127512&hl=en&as_sdt=1,5&sciodt=1,5&as_vis=1", "authors": "J Johnson, SB Shum, A Willis, S Bishop\u2026 - The European Physical  \u2026", "excerpt": "Abstract Education is a major force for economic and social wellbeing. Despite high aspirations, education at all levels can be expensive and ineffective. Three Grand Challenges are identified:(1) enable people to learn orders of magnitude more effectively,( ...", "url_pdf": null, "num_citations": 7, "cluster_id": "4456133862386127512", "year": "2012", "url_citations": "http://scholar.google.com/scholar?cites=4456133862386127512&as_sdt=2005&sciodt=1,5&hl=en"}, {"num_versions": 2, "url_citation": null, "title": "Dancing with the devil: formative peer assessment and academic performance", "url": "http://www.tandfonline.com/doi/abs/10.1080/07294360.2012.705262", "url_versions": "http://scholar.google.com/scholar?cluster=11687064620921467003&hl=en&as_sdt=1,5&sciodt=1,5&as_vis=1", "authors": "JD Snowball, M Mostert - Higher Education Research &  \u2026", "excerpt": "Peer assessment can be important in developing active and independent learners, as well as providing more and faster feedback in large classes, compared to marking done by tutors. In addition, the evaluative, critical stance required by students in order to assess their  ...", "url_pdf": null, "num_citations": 4, "cluster_id": "11687064620921467003", "year": "2013", "url_citations": "http://scholar.google.com/scholar?cites=11687064620921467003&as_sdt=2005&sciodt=1,5&hl=en"}, {"num_versions": 3, "url_citation": null, "title": "First-year undergraduate students' perceptions of lecturer and peer feedback: a New Zealand action research project", "url": "http://www.tandfonline.com/doi/abs/10.1080/03075079.2014.881343", "url_versions": "http://scholar.google.com/scholar?cluster=18196474087814635777&hl=en&as_sdt=1,5&sciodt=1,5&as_vis=1", "authors": "R Barnard, R de Luca, J Li - Studies in Higher Education", "excerpt": "Providing feedback on students' written work is a key professional activity in tertiary education. Although there has been research into the effectiveness of lecturers' feedback, there is a need for more studies comparing students' perceptions with those of their  ...", "url_pdf": null, "num_citations": 0, "cluster_id": null, "year": "2015", "url_citations": null}, {"num_versions": 9, "url_citation": null, "title": "The Use of Peer Assessment in a Regional Australian University Tertiary Bridging Course.", "url": "http://eric.ed.gov/?id=EJ1031009", "url_versions": "http://scholar.google.com/scholar?cluster=9309891332257284545&hl=en&as_sdt=1,5&sciodt=1,5&as_vis=1", "authors": "K Chambers, R Whannell, P Whannell - Australian Journal of Adult Learning", "excerpt": "70 Kelly Chambers, Robert Whannell & Patricia Whannell enrolled in a tertiary bridging program at a regional university in Australia using a custom designed questionnaire. Four subscales, Task Experience, Feedback, Peer Relationships and Process Understanding,  ...", "url_pdf": null, "num_citations": 1, "cluster_id": "9309891332257284545", "year": "2014", "url_citations": "http://scholar.google.com/scholar?cites=9309891332257284545&as_sdt=2005&sciodt=1,5&hl=en"}, {"num_versions": 6, "url_citation": null, "title": "Is Peer Feedback an Effective Approach for Creating Dialogue in Politics&quest", "url": "http://www.palgrave-journals.com/eps/journal/v12/n1/abs/eps20122a.html", "url_versions": "http://scholar.google.com/scholar?cluster=6380627008217287605&hl=en&as_sdt=1,5&sciodt=1,5&as_vis=1", "authors": "A Blair, S Curtis, S McGinty - European Political Science", "excerpt": "Abstract Feedback practices have recently come under increasing scrutiny in British Universities, most notably because of the impact of the National Student Survey. This article draws on the work of a National Teaching Fellowship Scheme funded project ('It's Good to  ...", "url_pdf": null, "num_citations": 6, "cluster_id": "6380627008217287605", "year": "2013", "url_citations": "http://scholar.google.com/scholar?cites=6380627008217287605&as_sdt=2005&sciodt=1,5&hl=en"}, {"num_versions": 7, "url_citation": null, "title": "The Views of Prospective Class Teachers about Peer Assessment in Teaching Practice.", "url": "http://eric.ed.gov/?id=EJ962684", "url_versions": "http://scholar.google.com/scholar?cluster=13541078365099818978&hl=en&as_sdt=1,5&sciodt=1,5&as_vis=1", "authors": "C Ko\u00e7 - Educational Sciences: Theory and Practice", "excerpt": "Abstract The present study was conducted in order to determine the opinions of prospective teachers about peer assessment in teaching practice. Twenty two prospective teachers in the 4th year of the Primary School Class Teaching Program at Cumhuriyet University  ...", "url_pdf": null, "num_citations": 8, "cluster_id": "13541078365099818978", "year": "2011", "url_citations": "http://scholar.google.com/scholar?cites=13541078365099818978&as_sdt=2005&sciodt=1,5&hl=en"}, {"num_versions": 3, "url_citation": null, "title": "Use of peer assessment as a student engagement strategy in nurse education", "url": "http://onlinelibrary.wiley.com/doi/10.1111/j.1442-2018.2011.00637.x/full", "url_versions": "http://scholar.google.com/scholar?cluster=14866052116604298236&hl=en&as_sdt=1,5&sciodt=1,5&as_vis=1", "authors": "D Casey, E Burke, C Houghton, L Mee\u2026 - Nursing & health  \u2026", "excerpt": "Abstract This paper describes how peer assessment was implemented in an undergraduate nursing program in Ireland to enhance student engagement, and reports students'(n= 37) experiences of the process. The process involved second year Bachelor of Nursing  ...", "url_pdf": null, "num_citations": 14, "cluster_id": "14866052116604298236", "year": "2011", "url_citations": "http://scholar.google.com/scholar?cites=14866052116604298236&as_sdt=2005&sciodt=1,5&hl=en"}, {"num_versions": 4, "url_citation": null, "title": "Innovative group-facilitated peer and educator assessment of nursing students' group presentations", "url": "http://hypatia.teiath.gr/xmlui/handle/11400/1476", "url_versions": "http://scholar.google.com/scholar?cluster=3308487320977749749&hl=en&as_sdt=1,5&sciodt=1,5&as_vis=1", "authors": "JA Hunt, M Hutchings -", "excerpt": "Background: Recently changes in undergraduate assessment and of student nurses in particular have reflected changes within higher education more generally, including innovations such as group work and group presentations. However, assessing group  ...", "url_pdf": null, "num_citations": 3, "cluster_id": "3308487320977749749", "year": "2014", "url_citations": "http://scholar.google.com/scholar?cites=3308487320977749749&as_sdt=2005&sciodt=1,5&hl=en"}, {"num_versions": 9, "url_citation": null, "title": "Student perceptions of peer assessment: an interdisciplinary study", "url": "http://www.tandfonline.com/doi/abs/10.1080/02602938.2013.860077", "url_versions": "http://scholar.google.com/scholar?cluster=15812487815721213711&hl=en&as_sdt=1,5&sciodt=1,5&as_vis=1", "authors": "A Planas Llad\u00f3, LF Soley\u2026 - \u2026  & Evaluation in  \u2026", "excerpt": "Peer assessment provides students with multiple benefits during their learning process. The aim of our study is to examine students' perception of peer assessment. Questionnaires were administered before and after the peer-assessment process to 416 students studying  ...", "url_pdf": null, "num_citations": 9, "cluster_id": "15812487815721213711", "year": "2014", "url_citations": "http://scholar.google.com/scholar?cites=15812487815721213711&as_sdt=2005&sciodt=1,5&hl=en"}, {"num_versions": 3, "url_citation": null, "title": "Where angels fear to tread: Online peer-assessment in a large first-year class", "url": "http://www.tandfonline.com/doi/abs/10.1080/02602938.2012.683770", "url_versions": "http://scholar.google.com/scholar?cluster=17297191960663991165&hl=en&as_sdt=1,5&sciodt=1,5&as_vis=1", "authors": "M Mostert, JD Snowball - Assessment & Evaluation in Higher  \u2026", "excerpt": "In the context of widening participation, large classes and increased diversity, assessment of student learning is becoming increasingly problematic in that providing formative feedback aimed at developing student writing proves to be particularly laborious. Although the  ...", "url_pdf": null, "num_citations": 15, "cluster_id": "17297191960663991165", "year": "2013", "url_citations": "http://scholar.google.com/scholar?cites=17297191960663991165&as_sdt=2005&sciodt=1,5&hl=en"}, {"num_versions": 3, "url_citation": null, "title": "Assessment training effects on student assessment skills and task performance in a technology-facilitated peer assessment", "url": "http://www.tandfonline.com/doi/abs/10.1080/02602938.2013.823540", "url_versions": "http://scholar.google.com/scholar?cluster=2979529387293044554&hl=en&as_sdt=1,5&sciodt=1,5&as_vis=1", "authors": "X Liu, L Li - Assessment & Evaluation in Higher Education", "excerpt": "This study examines the impact of an assessment training module on student assessment skills and task performance in a technology-facilitated peer assessment. Seventy-eight undergraduate students participated in the study. The participants completed an  ...", "url_pdf": null, "num_citations": 5, "cluster_id": "2979529387293044554", "year": "2014", "url_citations": "http://scholar.google.com/scholar?cites=2979529387293044554&as_sdt=2005&sciodt=1,5&hl=en"}, {"num_versions": 3, "url_citation": null, "title": "A Motivation Model of Peer Assessment in Programming Language Learning", "url": "http://arxiv.org/abs/1401.6113", "url_versions": "http://scholar.google.com/scholar?cluster=11415814165015861558&hl=en&as_sdt=1,5&sciodt=1,5&as_vis=1", "authors": "Y Wang, Y Liang, L Liu, Y Liu - arXiv preprint arXiv:1401.6113", "excerpt": "Abstract: Peer assessment is an efficient and effective learning assessment method that has been used widely in diverse fields in higher education. Despite its many benefits, a fundamental problem in peer assessment is that participants lack the motivation to assess  ...", "url_pdf": null, "num_citations": 1, "cluster_id": "11415814165015861558", "year": "2014", "url_citations": "http://scholar.google.com/scholar?cites=11415814165015861558&as_sdt=2005&sciodt=1,5&hl=en"}, {"num_versions": 2, "url_citation": null, "title": "Peer assessing in Higher Education: perspectives of students and staff", "url": "http://researchonline.jcu.edu.au/31236", "url_versions": "http://scholar.google.com/scholar?cluster=17089030153543872353&hl=en&as_sdt=1,5&sciodt=1,5&as_vis=1", "authors": "RM Sealey - Education Research and Perspectives", "excerpt": "The aim of this paper was to provide a brief overview of contemporary peer assessment literature and to report the findings of a project investigating the subjective experiences and attitudes of students and staff who participate in a peer assessment task. Twenty-four  ...", "url_pdf": null, "num_citations": 1, "cluster_id": "17089030153543872353", "year": "2013", "url_citations": "http://scholar.google.com/scholar?cites=17089030153543872353&as_sdt=2005&sciodt=1,5&hl=en"}, {"num_versions": 3, "url_citation": null, "title": "Face-to-face peer assessment in secondary education: does anonymity matter?", "url": "http://www.sciencedirect.com/science/article/pii/S1877042812055310", "url_versions": "http://scholar.google.com/scholar?cluster=10013839782046529448&hl=en&as_sdt=1,5&sciodt=1,5&as_vis=1", "authors": "E Vanderhoven, A Raes, T Schellens\u2026 - Procedia-Social and  \u2026", "excerpt": "Pupils involved in peer assessment often state that they do not feel entirely comfortable with publicly evaluating their peers. It is found that peer-pressure might cause stress and a lack of accuracy of the assessment (Falchikov, 2003). Based on social impact theories (eg Latan\u00e9 ...", "url_pdf": null, "num_citations": 3, "cluster_id": "10013839782046529448", "year": "2012", "url_citations": "http://scholar.google.com/scholar?cites=10013839782046529448&as_sdt=2005&sciodt=1,5&hl=en"}, {"num_versions": 0, "url_citation": null, "title": "Avalia\u00e7\u00e3o da aprendizagem: confiamos no feedback dos alunos?", "url": "http://repositorium.sdum.uminho.pt/handle/1822/20528", "url_versions": null, "authors": "N Hattum-Janssen - Congresso Iberoamericano de  \u2026", "excerpt": "A avalia\u00e7\u00e3o da aprendizagem no Ensino Superior \u00e9 um processo complexo em que o papel do aluno pode ficar subestimado. A introdu\u00e7\u00e3o de m\u00e9todos de avalia\u00e7\u00e3o, com componentes de heteroavalia\u00e7\u00e3o ou autoavalia\u00e7\u00e3o, possibilitam um maior envolvimento e  ...", "url_pdf": null, "num_citations": 2, "cluster_id": "15659277574742308655", "year": "2012", "url_citations": "http://scholar.google.com/scholar?cites=15659277574742308655&as_sdt=2005&sciodt=1,5&hl=en"}, {"num_versions": 2, "url_citation": null, "title": "Combining peer instruction and audience response systems to enhance academic performance, facilitate active learning and promote peer-assisted learning  \u2026", "url": "http://www.tandfonline.com/doi/abs/10.1080/17543266.2011.564210", "url_versions": "http://scholar.google.com/scholar?cluster=9163419735667366775&hl=en&as_sdt=1,5&sciodt=1,5&as_vis=1", "authors": "G Yaoyuneyong, A Thornton - International Journal of Fashion  \u2026", "excerpt": "Current research shows that peer-assisted learning can enhance students' motivation, academic self-concept, academic performance and retention. Building on constructivist theory, this study investigates the use of audience response systems, or clickers, and peer  ...", "url_pdf": null, "num_citations": 3, "cluster_id": "9163419735667366775", "year": "2011", "url_citations": "http://scholar.google.com/scholar?cites=9163419735667366775&as_sdt=2005&sciodt=1,5&hl=en"}, {"num_versions": 4, "url_citation": null, "title": "Student acceptance and application of peer assessment in a final year genetics undergraduate oral presentation", "url": "http://ro.uow.edu.au/ajpl/vol6/iss1/2/?utm_source=ro.uow.edu.au%2Fajpl%2Fvol6%2Fiss1%2F2&utm_medium=PDF&utm_campaign=PDFCoverPages", "url_versions": "http://scholar.google.com/scholar?cluster=6330946104854633672&hl=en&as_sdt=1,5&sciodt=1,5&as_vis=1", "authors": "H Verkade, RJ Bryson-Richardson - Journal of Peer Learning", "excerpt": "Abstract Undergraduate students benefit from observation of each other's oral presentations through both exposure to content and observation of presentation style. In order to increase the engagement and reflection of final year students in an oral presentation task, a peer  ...", "url_pdf": null, "num_citations": 1, "cluster_id": "6330946104854633672", "year": "2013", "url_citations": "http://scholar.google.com/scholar?cites=6330946104854633672&as_sdt=2005&sciodt=1,5&hl=en"}, {"num_versions": 5, "url_citation": null, "title": "Using computer-based technology to improve feedback to staff and students on MCQ assessments", "url": "http://www.tandfonline.com/doi/abs/10.1080/14703297.2013.796711", "url_versions": "http://scholar.google.com/scholar?cluster=13168632622918354336&hl=en&as_sdt=1,5&sciodt=1,5&as_vis=1", "authors": "BS Malau-Aduli, D Assenheimer\u2026 - \u2026  in Education and  \u2026", "excerpt": "The massification of higher education (HE) has led to an unprecedented increase in the number of students in the classrooms, resulting in increased workload for teaching staff, sometimes leading to a great reliance on Multiple Choice Questions (MCQs) examinations  ...", "url_pdf": null, "num_citations": 1, "cluster_id": "13168632622918354336", "year": "2014", "url_citations": "http://scholar.google.com/scholar?cites=13168632622918354336&as_sdt=2005&sciodt=1,5&hl=en"}, {"num_versions": 4, "url_citation": null, "title": "Proposed vertical integration of prior learning to support students undertaking Chemical Engineering Design", "url": "http://www.sciencedirect.com/science/article/pii/S1749772813000031", "url_versions": "http://scholar.google.com/scholar?cluster=17422988716788805945&hl=en&as_sdt=1,5&sciodt=1,5&as_vis=1", "authors": "A Fletcher, S Boon - Education for Chemical Engineers", "excerpt": "During academic session 2008\u20132009, the Department of Chemical Engineering, University of Strathclyde, changed Year 4 Chemical Engineering Design project teaching to include mixed groups from Bachelors and Masters programmes; team delivery and two separate  ...", "url_pdf": null, "num_citations": 1, "cluster_id": "17422988716788805945", "year": "2013", "url_citations": "http://scholar.google.com/scholar?cites=17422988716788805945&as_sdt=2005&sciodt=1,5&hl=en"}, {"num_versions": 0, "url_citation": null, "title": "Peer Feedback\u2013what are students telling each other?", "url": "http://www.sefi.be/wp-content/papers2011/T9/123.pdf", "url_versions": null, "authors": "A Gardner, K Willey - Proceedings of the 39th SEFI Annual Conference", "excerpt": "ABSTRACT Accreditation bodies in various countries, universities and industry call for engineering students to develop professional skills associated with working in a group. We questioned whether students value the same skills and attributes in each other when  ...", "url_pdf": "http://www.sefi.be/wp-content/papers2011/T9/123.pdf", "num_citations": 1, "cluster_id": "10216288091375968418", "year": "2011", "url_citations": "http://scholar.google.com/scholar?cites=10216288091375968418&as_sdt=2005&sciodt=1,5&hl=en"}, {"num_versions": 5, "url_citation": null, "title": "The impact of supplemental instruction on learning competence and academic performance", "url": "http://www.tandfonline.com/doi/abs/10.1080/03075070903390786", "url_versions": "http://scholar.google.com/scholar?cluster=2105961947032279695&hl=en&as_sdt=1,5&sciodt=1,5&as_vis=1", "authors": "HK Ning, K Downing - Studies in higher education", "excerpt": "This study investigated the effects of supplemental instruction, a peer\u2010assisted learning approach, on students, learning competence and academic performance. The supplemental instruction intervention facilitated by senior students focused on developing students' use  ...", "url_pdf": null, "num_citations": 28, "cluster_id": "2105961947032279695", "year": "2010", "url_citations": "http://scholar.google.com/scholar?cites=2105961947032279695&as_sdt=2005&sciodt=1,5&hl=en"}, {"num_versions": 2, "url_citation": null, "title": "Inclusive team assessment of off-campus and on-campus first year law students using instantaneous communication technology", "url": "http://www.tandfonline.com/doi/abs/10.1080/03069400.2010.524032", "url_versions": "http://scholar.google.com/scholar?cluster=3501360666116501400&hl=en&as_sdt=1,5&sciodt=1,5&as_vis=1", "authors": "P Collins - The Law Teacher", "excerpt": "Motivation for academics teaching law in today's globalised technological world is provided from research on team assessment and the use of technology in higher-education learning, as supported by student evaluations from this first year law course. The experience of  ...", "url_pdf": null, "num_citations": 1, "cluster_id": "3501360666116501400", "year": "2010", "url_citations": "http://scholar.google.com/scholar?cites=3501360666116501400&as_sdt=2005&sciodt=1,5&hl=en"}, {"num_versions": 5, "url_citation": null, "title": "Students' views of assessment in project-led engineering education: findings from a case study in Portugal", "url": "http://www.tandfonline.com/doi/abs/10.1080/02602938.2010.515015", "url_versions": "http://scholar.google.com/scholar?cluster=15119140822939351187&hl=en&as_sdt=1,5&sciodt=1,5&as_vis=1", "authors": "S Fernandes, MA Flores, RM Lima - Assessment & Evaluation in  \u2026", "excerpt": "According to the demands of the Bologna process, new educational methods and strategies are needed in order to enhance student-centred learning. Project work is one of those approaches. This paper aims to evaluate the impact of project-led education (PLE) on  ...", "url_pdf": null, "num_citations": 23, "cluster_id": "15119140822939351187", "year": "2012", "url_citations": "http://scholar.google.com/scholar?cites=15119140822939351187&as_sdt=2005&sciodt=1,5&hl=en"}, {"num_versions": 2, "url_citation": null, "title": "The Effect of Co and Peer Assessment Training on Self-Assessment", "url": "http://search.proquest.com/openview/18aee68576a5812bfbaaa8c3f57ece43/1?pq-origsite=gscholar", "url_versions": "http://scholar.google.com/scholar?cluster=8322838444002652718&hl=en&as_sdt=1,5&sciodt=1,5&as_vis=1", "authors": "I Yurdabakan - Egitim ve Bilim", "excerpt": "Abstract Since the structural changes that were started in the curricula in Turkey, there has been an increase in the interest towards constructivist theory, active learning, and alternative assessment. Various ideas have been suggested to improve self-assessment by focusing  ...", "url_pdf": null, "num_citations": 5, "cluster_id": "8322838444002652718", "year": "2012", "url_citations": "http://scholar.google.com/scholar?cites=8322838444002652718&as_sdt=2005&sciodt=1,5&hl=en"}, {"num_versions": 0, "url_citation": null, "title": "The peer assessment process: A case study of university students receiving peer feedback", "url": "http://qspace.library.queensu.ca/handle/1974/7714", "url_versions": null, "authors": "E Katsoulas -", "excerpt": "Abstract: The ability to receive regular peer feedback on learning should, in theory, be valuable to learners. A formative view will be presented in this study in which information is collected and used as feedback for student learning. This differs from summative practices  ...", "url_pdf": null, "num_citations": 1, "cluster_id": "16125963655663454160", "year": "2013", "url_citations": "http://scholar.google.com/scholar?cites=16125963655663454160&as_sdt=2005&sciodt=1,5&hl=en"}, {"num_versions": 5, "url_citation": null, "title": "An evaluation of problem-based assessment in teaching operations management", "url": "http://www.emeraldinsight.com/doi/abs/10.1108/01443571211284214", "url_versions": "http://scholar.google.com/scholar?cluster=10822982055915104533&hl=en&as_sdt=1,5&sciodt=1,5&as_vis=1", "authors": "A Brandon-Jones, N Piercy, N Slack\u2026 - \u2026  of Operations &  \u2026", "excerpt": "Purpose-The aim of this paper is to respond to calls for in-depth studies of production and operations management (OM) teaching by providing an analysis of the relative effectiveness of a continuous problem-based assessment and a traditional final exam assessment in  ...", "url_pdf": null, "num_citations": 5, "cluster_id": "10822982055915104533", "year": "2012", "url_citations": "http://scholar.google.com/scholar?cites=10822982055915104533&as_sdt=2005&sciodt=1,5&hl=en"}]