[{"num_versions": 4, "url_citation": null, "title": "Optimization techniques to improve training speed of deep neural networks for large speech tasks", "url": "http://ieeexplore.ieee.org/xpls/abs_all.jsp?arnumber=6619439", "url_versions": "http://scholar.google.com/scholar?cluster=8342459325676772309&hl=en&as_sdt=1,5&sciodt=1,5&as_vis=1", "authors": "TN Sainath, B Kingsbury, H Soltau\u2026 - Audio, Speech, and  \u2026", "excerpt": "Abstract\u2014While Deep Neural Networks (DNNs) have achieved tremendous success for large vocabulary continuous speech recognition (LVCSR) tasks, training these networks is slow. Even to date, the most common approach to train DNNs is via stochastic gradient  ...", "url_pdf": null, "num_citations": 21, "cluster_id": "8342459325676772309", "year": "2013", "url_citations": "http://scholar.google.com/scholar?cites=8342459325676772309&as_sdt=2005&sciodt=1,5&hl=en"}, {"num_versions": 0, "url_citation": null, "title": "AxNN: energy-efficient neuromorphic systems using approximate computing", "url": "http://dl.acm.org/citation.cfm?id=2627613", "url_versions": null, "authors": "S Venkataramani, A Ranjan, K Roy\u2026 - Proceedings of the", "excerpt": "Abstract Neuromorphic algorithms, which are comprised of highly complex, large-scale networks of artificial neurons, are increasingly used for a variety of recognition, classification, search and vision tasks. However, their computational and energy requirements can be  ...", "url_pdf": null, "num_citations": 8, "cluster_id": "14217049543101701894", "year": "2014", "url_citations": "http://scholar.google.com/scholar?cites=14217049543101701894&as_sdt=2005&sciodt=1,5&hl=en"}, {"num_versions": 4, "url_citation": null, "title": "Stochastic bound majorization", "url": "http://arxiv.org/abs/1309.5605", "url_versions": "http://scholar.google.com/scholar?cluster=13102850808401911881&hl=en&as_sdt=1,5&sciodt=1,5&as_vis=1", "authors": "A Choromanska, T Jebara - arXiv preprint arXiv:1309.5605", "excerpt": "Abstract: Recently a majorization method for optimizing partition functions of log-linear models was proposed alongside a novel quadratic variational upper-bound. In the batch setting, it outperformed state-of-the-art first-and second-order optimization methods on  ...", "url_pdf": null, "num_citations": 2, "cluster_id": "13102850808401911881", "year": "2013", "url_citations": "http://scholar.google.com/scholar?cites=13102850808401911881&as_sdt=2005&sciodt=1,5&hl=en"}, {"num_versions": 2, "url_citation": null, "title": "Tracking with deep neural networks", "url": "http://ieeexplore.ieee.org/xpls/abs_all.jsp?arnumber=6552287", "url_versions": "http://scholar.google.com/scholar?cluster=16901739227531003421&hl=en&as_sdt=1,5&sciodt=1,5&as_vis=1", "authors": "J Jin, A Dundar, J Bates, C Farabet\u2026 - \u2026  and Systems (CISS),  \u2026", "excerpt": "Abstract\u2014We present deep neural network models applied to tracking objects of interest. Deep neural networks trained for general-purpose use are introduced to conduct long-term tracking, which requires scale-invariant feature extraction even when the object  ...", "url_pdf": null, "num_citations": 5, "cluster_id": "16901739227531003421", "year": "2013", "url_citations": "http://scholar.google.com/scholar?cites=16901739227531003421&as_sdt=2005&sciodt=1,5&hl=en"}, {"num_versions": 6, "url_citation": null, "title": "Word-level acoustic modeling with convolutional vector regression", "url": "http://web.stanford.edu/%7Esdmiller/octo/files/icml2012.pdf", "url_versions": "http://scholar.google.com/scholar?cluster=4861744743125263032&hl=en&as_sdt=1,5&sciodt=1,5&as_vis=1", "authors": "AL Maas, SD Miller, TM O'neil, AY Ng\u2026 - ICML Workshop on  \u2026", "excerpt": "Abstract We introduce a model that maps variablelength word utterances to a word vector space using convolutional neural networks. Convolutional networks are a rich class of architecture that, through many nonlinear layers, can model complex functions of their  ...", "url_pdf": "http://web.stanford.edu/%7Esdmiller/octo/files/icml2012.pdf", "num_citations": 2, "cluster_id": "4861744743125263032", "year": "2012", "url_citations": "http://scholar.google.com/scholar?cites=4861744743125263032&as_sdt=2005&sciodt=1,5&hl=en"}, {"num_versions": 15, "url_citation": null, "title": "Large scale distributed deep networks", "url": "http://papers.nips.cc/paper/4687-large-scale-distributed-deep-networks", "url_versions": "http://scholar.google.com/scholar?cluster=9220704513857531974&hl=en&as_sdt=1,5&sciodt=1,5&as_vis=1", "authors": "J Dean, G Corrado, R Monga, K Chen\u2026 - Advances in Neural  \u2026", "excerpt": "Abstract Recent work in unsupervised feature learning and deep learning has shown that being able to train large models can dramatically improve performance. In this paper, we consider the problem of training a deep network with billions of parameters using tens of  ...", "url_pdf": null, "num_citations": 325, "cluster_id": "9220704513857531974", "year": "2012", "url_citations": "http://scholar.google.com/scholar?cites=9220704513857531974&as_sdt=2005&sciodt=1,5&hl=en"}, {"num_versions": 2, "url_citation": null, "title": "Deep learning for image classification", "url": "http://proceedings.spiedigitallibrary.org/proceeding.aspx?articleid=1882005", "url_versions": "http://scholar.google.com/scholar?cluster=14724714850827192875&hl=en&as_sdt=1,5&sciodt=1,5&as_vis=1", "authors": "R McCoppin, M Rizki - SPIE Defense+ Security", "excerpt": "abstract This paper provides an overview of deep learning and introduces the several subfields of deep learning including a specific tutorial of convolutional neural networks. Traditional methods for learning image features are compared to deep learning  ...", "url_pdf": null, "num_citations": 1, "cluster_id": "14724714850827192875", "year": "2014", "url_citations": "http://scholar.google.com/scholar?cites=14724714850827192875&as_sdt=2005&sciodt=1,5&hl=en"}, {"num_versions": 42, "url_citation": null, "title": "Building high-level features using large scale unsupervised learning", "url": "http://ieeexplore.ieee.org/xpls/abs_all.jsp?arnumber=6639343", "url_versions": "http://scholar.google.com/scholar?cluster=13804624732817572151&hl=en&as_sdt=1,5&sciodt=1,5&as_vis=1", "authors": "QV Le - Acoustics, Speech and Signal Processing (ICASSP),  \u2026", "excerpt": "ABSTRACT We consider the problem of building high-level, class-specific feature detectors from only unlabeled data. For example, is it possible to learn a face detector using only unlabeled images? To answer this, we train a deep sparse autoencoder on a large  ...", "url_pdf": null, "num_citations": 605, "cluster_id": "13804624732817572151", "year": "2013", "url_citations": "http://scholar.google.com/scholar?cites=13804624732817572151&as_sdt=2005&sciodt=1,5&hl=en"}, {"num_versions": 19, "url_citation": null, "title": "Deep canonical correlation analysis", "url": "http://jmlr.org/proceedings/papers/v28/andrew13.html", "url_versions": "http://scholar.google.com/scholar?cluster=6902252272651036995&hl=en&as_sdt=1,5&sciodt=1,5&as_vis=1", "authors": "G Andrew, R Arora, J Bilmes, K Livescu - Proceedings of the 30th  \u2026", "excerpt": "Abstract We introduce Deep Canonical Correlation Analysis (DCCA), a method to learn complex nonlinear transformations of two views of data such that the resulting representations are highly linearly correlated. Parameters of both transformations are  ...", "url_pdf": null, "num_citations": 41, "cluster_id": "6902252272651036995", "year": "2013", "url_citations": "http://scholar.google.com/scholar?cites=6902252272651036995&as_sdt=2005&sciodt=1,5&hl=en"}, {"num_versions": 0, "url_citation": null, "title": "Action recognition using invariant features under unexampled viewing conditions", "url": "http://dl.acm.org/citation.cfm?id=2508126", "url_versions": null, "authors": "L Sun, K Aizawa - Proceedings of the 21st ACM international conference \u2026", "excerpt": "Abstract A great challenge in real-world applications of action recognition is the lack of sufficient label information because of variance in the recording viewpoint and differences between individuals. A system that can adapt itself according to these variances is  ...", "url_pdf": null, "num_citations": 3, "cluster_id": "7773776336477589433", "year": "2013", "url_citations": "http://scholar.google.com/scholar?cites=7773776336477589433&as_sdt=2005&sciodt=1,5&hl=en"}, {"num_versions": 4, "url_citation": null, "title": "Training itself: Mixed-signal training acceleration for memristor-based neural network", "url": "http://ieeexplore.ieee.org/xpls/abs_all.jsp?arnumber=6742916", "url_versions": "http://scholar.google.com/scholar?cluster=6301417303971906035&hl=en&as_sdt=1,5&sciodt=1,5&as_vis=1", "authors": "B Li, Y Wang, Y Wang, Y Chen\u2026 - \u2026  Conference (ASP-DAC),  \u2026", "excerpt": "Abstract\u2014The artificial neural network (ANN) is among the most widely used methods in data processing applications. The memristorbased neural network further demonstrates a power efficient hardware realization of ANN. Training phase is the critical operation of  ...", "url_pdf": null, "num_citations": 10, "cluster_id": "6301417303971906035", "year": "2014", "url_citations": "http://scholar.google.com/scholar?cites=6301417303971906035&as_sdt=2005&sciodt=1,5&hl=en"}, {"num_versions": 2, "url_citation": null, "title": "Recurrent neural network feature enhancement: The 2nd CHiME challenge", "url": "http://ai.stanford.edu/%7Eamaas/papers/drdae_chime2013_final.pdf", "url_versions": "http://scholar.google.com/scholar?cluster=5618412302044899633&hl=en&as_sdt=1,5&sciodt=1,5&as_vis=1", "authors": "AL Maas, TM O'Neil, AY Hannun\u2026 - Proceedings The 2nd  \u2026", "excerpt": "ABSTRACT We apply a machine learning approach to improve noisy acoustic features for robust speech recognition. Specifically, we train a deep, recurrent neural network to map noisecorrupted input features to their corresponding clean versions. We introduce several  ...", "url_pdf": "http://ai.stanford.edu/%7Eamaas/papers/drdae_chime2013_final.pdf", "num_citations": 11, "cluster_id": "5618412302044899633", "year": "2013", "url_citations": "http://scholar.google.com/scholar?cites=5618412302044899633&as_sdt=2005&sciodt=1,5&hl=en"}, {"num_versions": 11, "url_citation": null, "title": "Multimodal similarity-preserving hashing", "url": "http://ieeexplore.ieee.org/xpls/abs_all.jsp?arnumber=6654144", "url_versions": "http://scholar.google.com/scholar?cluster=15573073366251119148&hl=en&as_sdt=1,5&sciodt=1,5&as_vis=1", "authors": "J Masci, MM Bronstein, A Bronstein\u2026 - Pattern Analysis and  \u2026", "excerpt": "Abstract\u2014We introduce an efficient computational framework for hashing data belonging to multiple modalities into a single representation space where they become mutually comparable. The proposed approach is based on a novel coupled siamese neural  ...", "url_pdf": null, "num_citations": 20, "cluster_id": "15573073366251119148", "year": "2014", "url_citations": "http://scholar.google.com/scholar?cites=15573073366251119148&as_sdt=2005&sciodt=1,5&hl=en"}, {"num_versions": 10, "url_citation": null, "title": "Online incremental feature learning with denoising autoencoders", "url": "http://machinelearning.wustl.edu/mlpapers/paper_files/AISTATS2012_ZhouSL12.pdf", "url_versions": "http://scholar.google.com/scholar?cluster=17459170691275193546&hl=en&as_sdt=1,5&sciodt=1,5&as_vis=1", "authors": "G Zhou, K Sohn, H Lee - International Conference on  \u2026", "excerpt": "Abstract While determining model complexity is an important problem in machine learning, many feature learning algorithms rely on cross-validation to choose an optimal number of features, which is usually challenging for online learning from a massive stream of data. In  ...", "url_pdf": "http://machinelearning.wustl.edu/mlpapers/paper_files/AISTATS2012_ZhouSL12.pdf", "num_citations": 26, "cluster_id": "17459170691275193546", "year": "2012", "url_citations": "http://scholar.google.com/scholar?cites=17459170691275193546&as_sdt=2005&sciodt=1,5&hl=en"}, {"num_versions": 33, "url_citation": null, "title": "Representation learning: A review and new perspectives", "url": "http://ieeexplore.ieee.org/xpls/abs_all.jsp?arnumber=6472238", "url_versions": "http://scholar.google.com/scholar?cluster=559463397382443088&hl=en&as_sdt=1,5&sciodt=1,5&as_vis=1", "authors": "Y Bengio, A Courville, P Vincent - Pattern Analysis and  \u2026", "excerpt": "Abstract\u2014The success of machine learning algorithms generally depends on data representation, and we hypothesize that this is because different representations can entangle and hide more or less the different explanatory factors of variation behind the  ...", "url_pdf": null, "num_citations": 685, "cluster_id": "559463397382443088", "year": "2013", "url_citations": "http://scholar.google.com/scholar?cites=559463397382443088&as_sdt=2005&sciodt=1,5&hl=en"}, {"num_versions": 0, "url_citation": null, "title": "Global Optimality in Tensor Factorization, Deep Learning, and Beyond", "url": "http://arxiv.org/abs/1506.07540", "url_versions": null, "authors": "BD Haeffele, R Vidal - arXiv preprint arXiv:1506.07540", "excerpt": "Abstract: Techniques involving factorization are found in a wide range of applications and have enjoyed significant empirical success in many fields. However, common to a vast majority of these problems is the significant disadvantage that the associated optimization  ...", "url_pdf": null, "num_citations": 1, "cluster_id": "9123361541541265788", "year": "2015", "url_citations": "http://scholar.google.com/scholar?cites=9123361541541265788&as_sdt=2005&sciodt=1,5&hl=en"}, {"num_versions": 4, "url_citation": null, "title": "On just noticeable difference for bionic eye", "url": "http://ieeexplore.ieee.org/xpls/abs_all.jsp?arnumber=6346585", "url_versions": "http://scholar.google.com/scholar?cluster=8225481005965048758&hl=en&as_sdt=1,5&sciodt=1,5&as_vis=1", "authors": "Y Li, C McCarthy, N Barnes - Engineering in Medicine and  \u2026", "excerpt": "Abstract\u2014We propose to use Just Noticeable Difference (JND) as the principle in visualizing results for image processing modules for prosthetic vision. Current Bionic Eye hardware implants have limited levels of separately perceivable brightness (ie, low dynamic range  ...", "url_pdf": null, "num_citations": 2, "cluster_id": "8225481005965048758", "year": "2012", "url_citations": "http://scholar.google.com/scholar?cites=8225481005965048758&as_sdt=2005&sciodt=1,5&hl=en"}, {"num_versions": 4, "url_citation": null, "title": "Three classes of deep learning architectures and their applications: a tutorial survey", "url": "http://research.microsoft.com/pubs/192937/transactions-apsipa.pdf", "url_versions": "http://scholar.google.com/scholar?cluster=6223016292750369967&hl=en&as_sdt=1,5&sciodt=1,5&as_vis=1", "authors": "L Deng - APSIPA transactions on signal and information  \u2026", "excerpt": "Abstract\u2014In this invited paper, my overview material on the same topic as presented in the plenary overview session of APSIPA-2011 and the tutorial material presented in the same conference (Deng, 2011) are expanded and updated to include more recent  ...", "url_pdf": "http://research.microsoft.com/pubs/192937/transactions-apsipa.pdf", "num_citations": 3, "cluster_id": "6223016292750369967", "year": "2012", "url_citations": "http://scholar.google.com/scholar?cites=6223016292750369967&as_sdt=2005&sciodt=1,5&hl=en"}, {"num_versions": 10, "url_citation": null, "title": "Fast large-scale optimization by unifying stochastic gradient and quasi-Newton methods", "url": "http://arxiv.org/abs/1311.2115", "url_versions": "http://scholar.google.com/scholar?cluster=5987479414880920587&hl=en&as_sdt=1,5&sciodt=1,5&as_vis=1", "authors": "J Sohl-Dickstein, B Poole, S Ganguli - arXiv preprint arXiv:1311.2115", "excerpt": "Abstract: We present an algorithm for minimizing a sum of functions that combines the computational efficiency of stochastic gradient descent (SGD) with the second order curvature information leveraged by quasi-Newton methods. We unify these disparate  ...", "url_pdf": null, "num_citations": 12, "cluster_id": "5987479414880920587", "year": "2013", "url_citations": "http://scholar.google.com/scholar?cites=5987479414880920587&as_sdt=2005&sciodt=1,5&hl=en"}, {"num_versions": 19, "url_citation": null, "title": "Krylov subspace descent for deep learning", "url": "http://arxiv.org/abs/1111.4259", "url_versions": "http://scholar.google.com/scholar?cluster=9397394098242250506&hl=en&as_sdt=1,5&sciodt=1,5&as_vis=1", "authors": "O Vinyals, D Povey - arXiv preprint arXiv:1111.4259", "excerpt": "Abstract: In this paper, we propose a second order optimization method to learn models where both the dimensionality of the parameter space and the number of training samples is high. In our method, we construct on each iteration a Krylov subspace formed by the  ...", "url_pdf": null, "num_citations": 33, "cluster_id": "9397394098242250506", "year": "2011", "url_citations": "http://scholar.google.com/scholar?cites=9397394098242250506&as_sdt=2005&sciodt=1,5&hl=en"}, {"num_versions": 6, "url_citation": null, "title": "Data insufficiency in sketch versus photo face recognition", "url": "http://ieeexplore.ieee.org/xpls/abs_all.jsp?arnumber=6239208", "url_versions": "http://scholar.google.com/scholar?cluster=7699099321310969045&hl=en&as_sdt=1,5&sciodt=1,5&as_vis=1", "authors": "J Choi, A Sharma, DW Jacobs\u2026 - Computer Vision and  \u2026", "excerpt": "Abstract Computerized sketch-face recognition is a crucial element for law enforcement and has received considerable attention in the recent literature. Sketches of the suspect are hand-drawn or computer-rendered based on a verbal description of the suspect. However,  ...", "url_pdf": null, "num_citations": 6, "cluster_id": "7699099321310969045", "year": "2012", "url_citations": "http://scholar.google.com/scholar?cites=7699099321310969045&as_sdt=2005&sciodt=1,5&hl=en"}, {"num_versions": 10, "url_citation": null, "title": "Image denoising and inpainting with deep neural networks", "url": "http://papers.nips.cc/paper/4686-image-denoising-and-inpainting-with-deep-neural-networks", "url_versions": "http://scholar.google.com/scholar?cluster=6118112247085297920&hl=en&as_sdt=1,5&sciodt=1,5&as_vis=1", "authors": "J Xie, L Xu, E Chen - Advances in Neural Information Processing  \u2026", "excerpt": "Abstract We present a novel approach to low-level vision problems that combines sparse coding and deep networks pre-trained with denoising auto-encoder (DA). We propose an alternative training scheme that successfully adapts DA, originally designed for  ...", "url_pdf": null, "num_citations": 48, "cluster_id": "6118112247085297920", "year": "2012", "url_citations": "http://scholar.google.com/scholar?cites=6118112247085297920&as_sdt=2005&sciodt=1,5&hl=en"}, {"num_versions": 11, "url_citation": null, "title": "Computational phenotype discovery using unsupervised feature learning over noisy, sparse, and irregular clinical data", "url": "http://dx.plos.org/10.1371/journal.pone.0066341", "url_versions": "http://scholar.google.com/scholar?cluster=17779208888504029502&hl=en&as_sdt=1,5&sciodt=1,5&as_vis=1", "authors": "TA Lasko, JC Denny, MA Levy - PloS one", "excerpt": "Abstract Inferring precise phenotypic patterns from population-scale clinical data is a core computational task in the development of precision, personalized medicine. The traditional approach uses supervised learning, in which an expert designates which patterns to look  ...", "url_pdf": null, "num_citations": 23, "cluster_id": "17779208888504029502", "year": "2013", "url_citations": "http://scholar.google.com/scholar?cites=17779208888504029502&as_sdt=2005&sciodt=1,5&hl=en"}, {"num_versions": 7, "url_citation": null, "title": "An overview of deep-structured learning for information processing", "url": "http://131.107.65.14/pubs/155609/DENG-APSIPA.pdf", "url_versions": "http://scholar.google.com/scholar?cluster=1255369059227179273&hl=en&as_sdt=1,5&sciodt=1,5&as_vis=1", "authors": "L Deng - Proceedings of Asian-Pacific Signal & Information  \u2026", "excerpt": "Abstract\u2014In this paper, I will introduce to the APSIPA audience an emerging area of machine learning, deep-structured learning. It refers to a class of machine learning techniques, developed mostly since 2006, where many layers of information processing  ...", "url_pdf": "http://131.107.65.14/pubs/155609/DENG-APSIPA.pdf", "num_citations": 22, "cluster_id": "1255369059227179273", "year": "2011", "url_citations": "http://scholar.google.com/scholar?cites=1255369059227179273&as_sdt=2005&sciodt=1,5&hl=en"}, {"num_versions": 3, "url_citation": null, "title": "A tutorial survey of architectures, algorithms, and applications for deep learning", "url": "http://journals.cambridge.org/abstract_S2048770313000097", "url_versions": "http://scholar.google.com/scholar?cluster=4381743472348703222&hl=en&as_sdt=1,5&sciodt=1,5&as_vis=1", "authors": "L Deng - APSIPA Transactions on Signal and Information  \u2026", "excerpt": "Abstract In this invited paper, my overview material on the same topic as presented in the plenary overview session of APSIPA-2011 and the tutorial material presented in the same conference [1] are expanded and updated to include more recent developments in deep  ...", "url_pdf": null, "num_citations": 18, "cluster_id": "4381743472348703222", "year": "2014", "url_citations": "http://scholar.google.com/scholar?cites=4381743472348703222&as_sdt=2005&sciodt=1,5&hl=en"}, {"num_versions": 5, "url_citation": null, "title": "Deep learning for signal and information processing", "url": "http://cs.tju.edu.cn/web/docs/2013-Deep%20Learning%20for%20Signal%20and%20Information%20Processing.pdf", "url_versions": "http://scholar.google.com/scholar?cluster=7346768574939973182&hl=en&as_sdt=1,5&sciodt=1,5&as_vis=1", "authors": "L Deng, D Yu - Microsoft Research Monograph", "excerpt": "ABSTRACT This short monograph contains the material expanded from two tutorials that the authors gave, one at APSIPA in October 2011 and the other at ICASSP in March 2012. Substantial updates have been made based on the literature up to March, 2013, covering  ...", "url_pdf": "http://cs.tju.edu.cn/web/docs/2013-Deep%20Learning%20for%20Signal%20and%20Information%20Processing.pdf", "num_citations": 9, "cluster_id": "7346768574939973182", "year": "2013", "url_citations": "http://scholar.google.com/scholar?cites=7346768574939973182&as_sdt=2005&sciodt=1,5&hl=en"}, {"num_versions": 6, "url_citation": null, "title": "Recurrent Neural Networks for Noise Reduction in Robust ASR.", "url": "http://citeseerx.ist.psu.edu/viewdoc/download?doi=10.1.1.295.613&rep=rep1&type=pdf", "url_versions": "http://scholar.google.com/scholar?cluster=7449716288941002036&hl=en&as_sdt=1,5&sciodt=1,5&as_vis=1", "authors": "AL Maas, QV Le, TM O'Neil, O Vinyals, P Nguyen\u2026 - INTERSPEECH", "excerpt": "Abstract Recent work on deep neural networks as acoustic models for automatic speech recognition (ASR) have demonstrated substantial performance improvements. We introduce a model which uses a deep recurrent auto encoder neural network to denoise input  ...", "url_pdf": null, "num_citations": 83, "cluster_id": "7449716288941002036", "year": "2012", "url_citations": "http://scholar.google.com/scholar?cites=7449716288941002036&as_sdt=2005&sciodt=1,5&hl=en"}, {"num_versions": 3, "url_citation": null, "title": "Transliteration by sequence labeling with lattice encodings and reranking", "url": "http://dl.acm.org/citation.cfm?id=2392790", "url_versions": "http://scholar.google.com/scholar?cluster=7511358295442501567&hl=en&as_sdt=1,5&sciodt=1,5&as_vis=1", "authors": "W Ammar, C Dyer, NA Smith - Proceedings of the 4th Named Entity  \u2026", "excerpt": "Abstract We consider the task of generating transliterated word forms. To allow for a wide range of interacting features, we use a conditional random field (CRF) sequence labeling model. We then present two innovations: a training objective that optimizes toward any of  ...", "url_pdf": null, "num_citations": 7, "cluster_id": "7511358295442501567", "year": "2012", "url_citations": "http://scholar.google.com/scholar?cites=7511358295442501567&as_sdt=2005&sciodt=1,5&hl=en"}, {"num_versions": 3, "url_citation": null, "title": "Wavelets on graphs via deep learning", "url": "http://papers.nips.cc/paper/5046-wavelets-on-graphs-via-deep-learning", "url_versions": "http://scholar.google.com/scholar?cluster=11740581104995625913&hl=en&as_sdt=1,5&sciodt=1,5&as_vis=1", "authors": "R Rustamov, L Guibas - Advances in Neural Information Processing  \u2026", "excerpt": "Abstract An increasing number of applications require processing of signals defined on weighted graphs. While wavelets provide a flexible tool for signal processing in the classical setting of regular domains, the existing graph wavelet constructions are less flexible--they  ...", "url_pdf": null, "num_citations": 12, "cluster_id": "11740581104995625913", "year": "2013", "url_citations": "http://scholar.google.com/scholar?cites=11740581104995625913&as_sdt=2005&sciodt=1,5&hl=en"}, {"num_versions": 2, "url_citation": null, "title": "Large scale recurrent neural network on gpu", "url": "http://ieeexplore.ieee.org/xpls/abs_all.jsp?arnumber=6889433", "url_versions": "http://scholar.google.com/scholar?cluster=5837626727075190838&hl=en&as_sdt=1,5&sciodt=1,5&as_vis=1", "authors": "B Li, E Zhou, B Huang, J Duan, Y Wang\u2026 - \u2026  Joint Conference on", "excerpt": "Abstract\u2014Large scale artificial neural networks (ANNs) have been widely used in data processing applications. The recurrent neural network (RNN) is a special type of neural network equipped with additional recurrent connections. Such a unique architecture  ...", "url_pdf": null, "num_citations": 3, "cluster_id": "5837626727075190838", "year": "2014", "url_citations": "http://scholar.google.com/scholar?cites=5837626727075190838&as_sdt=2005&sciodt=1,5&hl=en"}, {"num_versions": 10, "url_citation": null, "title": "Learning Large-Scale Conditional Random Fields", "url": "http://citeseerx.ist.psu.edu/viewdoc/download?doi=10.1.1.303.5126&rep=rep1&type=pdf", "url_versions": "http://scholar.google.com/scholar?cluster=9204852773747168717&hl=en&as_sdt=1,5&sciodt=1,5&as_vis=1", "authors": "JK Bradley -", "excerpt": "Abstract Conditional Random Fields (CRFs)[La fferty et al., 2001] can offer computational and statistical advantages over generative models, yet traditional CRF parameter and structure learning methods are often too expensive to scale up to large problems. This  ...", "url_pdf": null, "num_citations": 2, "cluster_id": "9204852773747168717", "year": "2013", "url_citations": "http://scholar.google.com/scholar?cites=9204852773747168717&as_sdt=2005&sciodt=1,5&hl=en"}, {"num_versions": 17, "url_citation": null, "title": "Deep learning with COTS HPC systems", "url": "http://jmlr.org/proceedings/papers/v28/coates13.html", "url_versions": "http://scholar.google.com/scholar?cluster=13800828167861315786&hl=en&as_sdt=1,5&sciodt=1,5&as_vis=1", "authors": "A Coates, B Huval, T Wang, D Wu, B Catanzaro\u2026 - Proceedings of the 30th  \u2026", "excerpt": "Abstract Scaling up deep learning algorithms has been shown to lead to increased performance in benchmark tasks and to enable discovery of complex high-level features. Recent efforts to train extremely large networks (with over 1 billion parameters) have  ...", "url_pdf": null, "num_citations": 93, "cluster_id": "13800828167861315786", "year": "2013", "url_citations": "http://scholar.google.com/scholar?cites=13800828167861315786&as_sdt=2005&sciodt=1,5&hl=en"}, {"num_versions": 4, "url_citation": null, "title": "Parallel Deep Neural Network Training for LVCSR Tasks using Blue Gene/Q", "url": "http://mazsola.iit.uni-miskolc.hu/%7Eczap/letoltes/IS14/IS2014/PDF/AUTHOR/IS140422.PDF", "url_versions": "http://scholar.google.com/scholar?cluster=17570746903888233157&hl=en&as_sdt=1,5&sciodt=1,5&as_vis=1", "authors": "TN Sainath, I Chung\u2026 - \u2026  Conference of the  \u2026", "excerpt": "Abstract While Deep Neural Networks (DNNs) have achieved tremendous success for LVCSR tasks, training these networks is slow. To date, the most common approach to train DNNs is via stochastic gradient descent (SGD), serially on a single GPU machine. Serial  ...", "url_pdf": null, "num_citations": 3, "cluster_id": "17570746903888233157", "year": "2014", "url_citations": "http://scholar.google.com/scholar?cites=17570746903888233157&as_sdt=2005&sciodt=1,5&hl=en"}, {"num_versions": 5, "url_citation": null, "title": "Deep feature learning for knee cartilage segmentation using a triplanar convolutional neural network", "url": "http://link.springer.com/chapter/10.1007/978-3-642-40763-5_31", "url_versions": "http://scholar.google.com/scholar?cluster=246024487865737408&hl=en&as_sdt=1,5&sciodt=1,5&as_vis=1", "authors": "A Prasoon, K Petersen, C Igel, F Lauze, E Dam\u2026 - \u2026  Image Computing and  \u2026", "excerpt": "Abstract Segmentation of anatomical structures in medical images is often based on a voxel/pixel classification approach. Deep learning systems, such as convolutional neural networks (CNNs), can infer a hierarchical representation of images that fosters  ...", "url_pdf": null, "num_citations": 21, "cluster_id": "246024487865737408", "year": "2013", "url_citations": "http://scholar.google.com/scholar?cites=246024487865737408&as_sdt=2005&sciodt=1,5&hl=en"}, {"num_versions": 5, "url_citation": null, "title": "Early diagnosis of Alzheimer's disease with deep learning", "url": "http://ieeexplore.ieee.org/xpls/abs_all.jsp?arnumber=6868045", "url_versions": "http://scholar.google.com/scholar?cluster=3800389997573925057&hl=en&as_sdt=1,5&sciodt=1,5&as_vis=1", "authors": "S Liu, S Liu, W Cai, S Pujol, R Kikinis\u2026 - \u2026  Imaging (ISBI)", "excerpt": "ABSTRACT The accurate diagnosis of Alzheimer's disease (AD) plays a significant role in patient care, especially at the early stage, because the consciousness of the severity and the progression risks allows the patients to take prevention measures before irreversible brain  ...", "url_pdf": null, "num_citations": 7, "cluster_id": "3800389997573925057", "year": "2014", "url_citations": "http://scholar.google.com/scholar?cites=3800389997573925057&as_sdt=2005&sciodt=1,5&hl=en"}, {"num_versions": 2, "url_citation": null, "title": "A novel sparse auto-encoder for deep unsupervised learning", "url": "http://ieeexplore.ieee.org/xpls/abs_all.jsp?arnumber=6748512", "url_versions": "http://scholar.google.com/scholar?cluster=16256216930795253364&hl=en&as_sdt=1,5&sciodt=1,5&as_vis=1", "authors": "X Jiang, Y Zhang, W Zhang\u2026 - \u2026  Intelligence (ICACI)", "excerpt": "Abstract-This paper proposes a novel sparse variant of auto-encoders as a building block to pre-train deep neural networks. Compared with sparse auto-encoders through KL-divergence, our method requires fewer hyper-parameters and the sparsity level of the  ... ", "url_pdf": null, "num_citations": 3, "cluster_id": "16256216930795253364", "year": "2013", "url_citations": "http://scholar.google.com/scholar?cites=16256216930795253364&as_sdt=2005&sciodt=1,5&hl=en"}, {"num_versions": 3, "url_citation": null, "title": "Improvement of an Automatic Speech Recognition Toolkit", "url": "http://cs229.stanford.edu/proj2012/EdmondsHuMandle-ImprovementOfAnAutomaticSpeechRecognitionToolkit.pdf", "url_versions": "http://scholar.google.com/scholar?cluster=1414091521132286386&hl=en&as_sdt=1,5&sciodt=1,5&as_vis=1", "authors": "C Edmonds, S Hu, D Mandle -", "excerpt": "Abstract The Kaldi toolkit provides a library of modules designed to expedite the creation of automatic speech recognition systems for research purposes. For purposes of acoustic modelling, the toolkit provides a framework for training Neural networks by stochastic  ...", "url_pdf": "http://cs229.stanford.edu/proj2012/EdmondsHuMandle-ImprovementOfAnAutomaticSpeechRecognitionToolkit.pdf", "num_citations": 1, "cluster_id": "1414091521132286386", "year": "2012", "url_citations": "http://scholar.google.com/scholar?cites=1414091521132286386&as_sdt=2005&sciodt=1,5&hl=en"}, {"num_versions": 5, "url_citation": null, "title": "Improved preconditioner for hessian free optimization", "url": "http://www.chapelle.cc/olivier/pub/precond.pdf", "url_versions": "http://scholar.google.com/scholar?cluster=4369584637674824037&hl=en&as_sdt=1,5&sciodt=1,5&as_vis=1", "authors": "O Chapelle, D Erhan - NIPS Workshop on Deep Learning and  \u2026", "excerpt": "Abstract We investigate the use of Hessian Free optimization for learning deep autoencoders. One of the critical components in that algorithm is the choice of the preconditioner. We argue in this paper that the Jacobi preconditioner leads to faster  ...", "url_pdf": "http://www.chapelle.cc/olivier/pub/precond.pdf", "num_citations": 15, "cluster_id": "4369584637674824037", "year": "2011", "url_citations": "http://scholar.google.com/scholar?cites=4369584637674824037&as_sdt=2005&sciodt=1,5&hl=en"}, {"num_versions": 6, "url_citation": null, "title": "Practical recommendations for gradient-based training of deep architectures", "url": "http://link.springer.com/chapter/10.1007/978-3-642-35289-8_26", "url_versions": "http://scholar.google.com/scholar?cluster=13214514639523956782&hl=en&as_sdt=1,5&sciodt=1,5&as_vis=1", "authors": "Y Bengio - Neural Networks: Tricks of the Trade", "excerpt": "Abstract Learning algorithms related to artificial neural networks and in particular for Deep Learning may seem to involve many bells and whistles, called hyper-parameters. This chapter is meant as a practical guide with recommendations for some of the most  ...", "url_pdf": null, "num_citations": 91, "cluster_id": "13214514639523956782", "year": "2012", "url_citations": "http://scholar.google.com/scholar?cites=13214514639523956782&as_sdt=2005&sciodt=1,5&hl=en"}, {"num_versions": 2, "url_citation": null, "title": "Deep network cascade for image super-resolution", "url": "http://link.springer.com/chapter/10.1007/978-3-319-10602-1_4", "url_versions": "http://scholar.google.com/scholar?cluster=11730862925288612136&hl=en&as_sdt=1,5&sciodt=1,5&as_vis=1", "authors": "Z Cui, H Chang, S Shan, B Zhong, X Chen - Computer Vision\u2013ECCV", "excerpt": "Abstract In this paper, we propose a new model called deep network cascade (DNC) to gradually upscale low-resolution images layer by layer, each layer with a small scale factor. DNC is a cascade of multiple stacked collaborative local auto-encoders. In each layer of  ...", "url_pdf": null, "num_citations": 10, "cluster_id": "11730862925288612136", "year": "2014", "url_citations": "http://scholar.google.com/scholar?cites=11730862925288612136&as_sdt=2005&sciodt=1,5&hl=en"}, {"num_versions": 17, "url_citation": null, "title": "Screening nonrandomized studies for medical systematic reviews: A comparative study of classifiers", "url": "http://www.sciencedirect.com/science/article/pii/S0933365712000620", "url_versions": "http://scholar.google.com/scholar?cluster=3914401188347819125&hl=en&as_sdt=1,5&sciodt=1,5&as_vis=1", "authors": "T Bekhuis, D Demner-Fushman - Artificial intelligence in medicine", "excerpt": "OBJECTIVES: To investigate whether (1) machine learning classifiers can help identify nonrandomized studies eligible for full-text screening by systematic reviewers;(2) classifier performance varies with optimization; and (3) the number of citations to screen can be  ...", "url_pdf": null, "num_citations": 13, "cluster_id": "3914401188347819125", "year": "2012", "url_citations": "http://scholar.google.com/scholar?cites=3914401188347819125&as_sdt=2005&sciodt=1,5&hl=en"}, {"num_versions": 3, "url_citation": null, "title": "Mean Field Bayes Backpropagation: scalable training of multilayer neural networks with binary weights", "url": "http://arxiv.org/abs/1310.1867", "url_versions": "http://scholar.google.com/scholar?cluster=10234368877798788194&hl=en&as_sdt=1,5&sciodt=1,5&as_vis=1", "authors": "D Soudry, R Meir - arXiv preprint arXiv:1310.1867", "excerpt": "Abstract: Significant success has been reported recently using deep neural networks for classification. Such large networks can be computationally intensive, even after training is over. Implementing these trained networks in hardware chips with a limited precision of  ...", "url_pdf": null, "num_citations": 1, "cluster_id": "10234368877798788194", "year": "2013", "url_citations": "http://scholar.google.com/scholar?cites=10234368877798788194&as_sdt=2005&sciodt=1,5&hl=en"}, {"num_versions": 27, "url_citation": null, "title": "Deep neural networks for acoustic modeling in speech recognition: The shared views of four research groups", "url": "http://ieeexplore.ieee.org/xpls/abs_all.jsp?arnumber=6296526", "url_versions": "http://scholar.google.com/scholar?cluster=3674494786452480182&hl=en&as_sdt=1,5&sciodt=1,5&as_vis=1", "authors": "G Hinton, L Deng, D Yu, GE Dahl\u2026 - Signal Processing  \u2026", "excerpt": "Gaussian mixture models (GMMs) to determine how well each state of each HMM fits a frame or a short window of frames of coefficients that represents the acoustic input. An alternative way to evaluate the fit is to use a feed-forward neural network that takes  ...", "url_pdf": null, "num_citations": 1010, "cluster_id": "3674494786452480182", "year": "2012", "url_citations": "http://scholar.google.com/scholar?cites=3674494786452480182&as_sdt=2005&sciodt=1,5&hl=en"}, {"num_versions": 15, "url_citation": null, "title": "ICA with reconstruction cost for efficient overcomplete feature learning", "url": "http://papers.nips.cc/paper/4467-ica-with-reconstruction-cost-for-efficient-overcomplete-feature-learning", "url_versions": "http://scholar.google.com/scholar?cluster=10353415925673942557&hl=en&as_sdt=1,5&sciodt=1,5&as_vis=1", "authors": "QV Le, A Karpenko, J Ngiam, AY Ng - Advances in Neural  \u2026", "excerpt": "Abstract Independent Components Analysis (ICA) and its variants have been successfully used for unsupervised feature learning. However, standard ICA requires an orthonoramlity constraint to be enforced, which makes it dif\ufb01cult to learn overcomplete features. In  ...", "url_pdf": null, "num_citations": 100, "cluster_id": "10353415925673942557", "year": "2011", "url_citations": "http://scholar.google.com/scholar?cites=10353415925673942557&as_sdt=2005&sciodt=1,5&hl=en"}, {"num_versions": 13, "url_citation": null, "title": "Implementing neural networks efficiently", "url": "http://link.springer.com/chapter/10.1007/978-3-642-35289-8_28", "url_versions": "http://scholar.google.com/scholar?cluster=7301398305729577186&hl=en&as_sdt=1,5&sciodt=1,5&as_vis=1", "authors": "R Collobert, K Kavukcuoglu, C Farabet - Neural Networks: Tricks of the  \u2026", "excerpt": "Abstract Neural networks and machine learning algorithms in general require a flexible environment where new algorithm prototypes and experiments can be set up as quickly as possible with best possible computational performance. To that end, we provide a new  ...", "url_pdf": null, "num_citations": 5, "cluster_id": "7301398305729577186", "year": "2012", "url_citations": "http://scholar.google.com/scholar?cites=7301398305729577186&as_sdt=2005&sciodt=1,5&hl=en"}, {"num_versions": 5, "url_citation": null, "title": "Exploring deep and recurrent architectures for optimal control", "url": "http://arxiv.org/abs/1311.1761", "url_versions": "http://scholar.google.com/scholar?cluster=10164277966305204521&hl=en&as_sdt=1,5&sciodt=1,5&as_vis=1", "authors": "S Levine - arXiv preprint arXiv:1311.1761", "excerpt": "Abstract: Sophisticated multilayer neural networks have achieved state of the art results on multiple supervised tasks. However, successful applications of such multilayer networks to control have so far been limited largely to the perception portion of the control pipeline. In  ...", "url_pdf": null, "num_citations": 5, "cluster_id": "10164277966305204521", "year": "2013", "url_citations": "http://scholar.google.com/scholar?cites=10164277966305204521&as_sdt=2005&sciodt=1,5&hl=en"}, {"num_versions": 11, "url_citation": null, "title": "Phase synchrony facilitates binding and segmentation of natural images in a coupled neural oscillator network", "url": "http://www.ncbi.nlm.nih.gov/pmc/articles/PMC3902207/", "url_versions": "http://scholar.google.com/scholar?cluster=10644605745477843073&hl=en&as_sdt=1,5&sciodt=1,5&as_vis=1", "authors": "H Finger, P K\u00f6nig - Frontiers in computational neuroscience", "excerpt": "Abstract Synchronization has been suggested as a mechanism of binding distributed feature representations facilitating segmentation of visual stimuli. Here we investigate this concept based on unsupervised learning using natural visual stimuli. We simulate dual-variable  ...", "url_pdf": null, "num_citations": 3, "cluster_id": "10644605745477843073", "year": "2013", "url_citations": "http://scholar.google.com/scholar?cites=10644605745477843073&as_sdt=2005&sciodt=1,5&hl=en"}, {"num_versions": 6, "url_citation": null, "title": "Training neural networks with stochastic hessian-free optimization", "url": "http://arxiv.org/abs/1301.3641", "url_versions": "http://scholar.google.com/scholar?cluster=15998932101819720935&hl=en&as_sdt=1,5&sciodt=1,5&as_vis=1", "authors": "R Kiros - arXiv preprint arXiv:1301.3641", "excerpt": "Abstract: Hessian-free (HF) optimization has been successfully used for training deep autoencoders and recurrent networks. HF uses the conjugate gradient algorithm to construct update directions through curvature-vector products that can be computed on the same  ...", "url_pdf": null, "num_citations": 5, "cluster_id": "15998932101819720935", "year": "2013", "url_citations": "http://scholar.google.com/scholar?cites=15998932101819720935&as_sdt=2005&sciodt=1,5&hl=en"}, {"num_versions": 3, "url_citation": null, "title": "Energy efficient neural networks for big data analytics", "url": "http://ieeexplore.ieee.org/xpls/abs_all.jsp?arnumber=6800559", "url_versions": "http://scholar.google.com/scholar?cluster=6619401596097921096&hl=en&as_sdt=1,5&sciodt=1,5&as_vis=1", "authors": "Y Wang, B Li, R Luo, Y Chen, N Xu\u2026 - \u2026 , Automation and Test  \u2026", "excerpt": "Abstract\u2014The world is experiencing a data revolution to discover knowledge in big data. Large scale neural networks are one of the mainstream tools of big data analytics. Processing big data with large scale neural networks includes two phases: the training  ...", "url_pdf": null, "num_citations": 7, "cluster_id": "6619401596097921096", "year": "2014", "url_citations": "http://scholar.google.com/scholar?cites=6619401596097921096&as_sdt=2005&sciodt=1,5&hl=en"}]