[{"num_versions": 16, "url_citation": null, "title": "A systematical approach for learner group composition by utilizing U-learning portfolio", "url": "http://digital-library.theiet.org/content/conferences/10.1049/cp.2010.0563", "url_versions": "http://scholar.google.com/scholar?cluster=4024289742392263345&hl=en&as_sdt=1,5&sciodt=1,5&as_vis=1", "authors": "TT Wu, YM Huang -", "excerpt": "Context-aware ubiquitous learning environment, which embeds various ubiquitous computing technologies, allows applications to acquire diverse learning behaviors of each u-learner. Those behaviors that were collected and recorded by the u-learning system can  ...", "url_pdf": null, "num_citations": 37, "cluster_id": "4024289742392263345", "year": "2010", "url_citations": "http://scholar.google.com/scholar?cites=4024289742392263345&as_sdt=2005&sciodt=1,5&hl=en"}, {"num_versions": 0, "url_citation": null, "title": "A reflection of preservice teachers on e-portfolio assessment", "url": "http://www.sciencedirect.com/science/article/pii/S1877042810024614", "url_versions": null, "authors": "Z Genc, H Tinmaz - Procedia-Social and Behavioral Sciences", "excerpt": "E-portfolio assessment is getting more important as online teaching and learning activities are disseminating into instructional processes. Preservice teachers, as the current students and prospective teachers, must possess enough level of skills, abilities, and knowledge  ...", "url_pdf": null, "num_citations": 8, "cluster_id": "1629927703126996513", "year": "2010", "url_citations": "http://scholar.google.com/scholar?cites=1629927703126996513&as_sdt=2005&sciodt=1,5&hl=en"}, {"num_versions": 3, "url_citation": null, "title": "Fostering integrative knowledge through ePortfolios", "url": "http://www.theijep.com/pdf/IJEP39.pdf", "url_versions": "http://scholar.google.com/scholar?cluster=11751644390247838860&hl=en&as_sdt=1,5&sciodt=1,5&as_vis=1", "authors": "M Peet, S Lonn, P Gurin, KP Boyer, M Matney\u2026 - International Journal of  \u2026", "excerpt": "This paper presents results from a study which tested the validity of a conceptual model which proposes six dimensions of integrative knowledge and learning that result from students engaging in the core activities associated with the Integrative Knowledge  ...", "url_pdf": "http://www.theijep.com/pdf/IJEP39.pdf", "num_citations": 41, "cluster_id": "11751644390247838860", "year": "2011", "url_citations": "http://scholar.google.com/scholar?cites=11751644390247838860&as_sdt=2005&sciodt=1,5&hl=en"}, {"num_versions": 5, "url_citation": null, "title": "Remake/remodel: Using eportfolios and a system of gates to improve student assessment and program evaluation", "url": "http://www.theijep.com/pdf/ijep37.pdf", "url_versions": "http://scholar.google.com/scholar?cluster=7389485363794831809&hl=en&as_sdt=1,5&sciodt=1,5&as_vis=1", "authors": "P Lowenthal, JW White, K Cooley - International Journal of ePortfolio", "excerpt": "Electronic portfolios have become increasingly popular. The value of a portfolio, though, depends on how, when, and why students create, submit, and have their portfolios evaluated. In the following paper, we describe how we redesigned a program's  ...", "url_pdf": "http://www.theijep.com/pdf/ijep37.pdf", "num_citations": 9, "cluster_id": "7389485363794831809", "year": "2011", "url_citations": "http://scholar.google.com/scholar?cites=7389485363794831809&as_sdt=2005&sciodt=1,5&hl=en"}, {"num_versions": 3, "url_citation": null, "title": "E-portfolios and digital identity: some issues for discussion", "url": "http://ldm.sagepub.com/content/2/4/378.short", "url_versions": "http://scholar.google.com/scholar?cluster=16341836473568488901&hl=en&as_sdt=1,5&sciodt=1,5&as_vis=1", "authors": "M McAlpine - E-Learning and Digital Media", "excerpt": "Abstract As awarding bodies modernise their procedures and incorporate elements of e-assessment into their qualifications, e-portfolios are emerging as a popular method of allowing candidates to display their abilities. All major United Kingdom awarding bodies  ...", "url_pdf": null, "num_citations": 27, "cluster_id": "16341836473568488901", "year": "2005", "url_citations": "http://scholar.google.com/scholar?cites=16341836473568488901&as_sdt=2005&sciodt=1,5&hl=en"}, {"num_versions": 6, "url_citation": null, "title": "ePortfolios in Australian schools: Supporting learners' self-esteem, multiliteracies and reflection on learning", "url": "http://link.springer.com/chapter/10.1007/11915355_26", "url_versions": "http://scholar.google.com/scholar?cluster=16581696763857391972&hl=en&as_sdt=1,5&sciodt=1,5&as_vis=1", "authors": "E Hartnell-Young - Informatics education\u2013The bridge between using and  \u2026", "excerpt": "Abstract Electronic or ePortfolios are containers for selections of digital items\u2013whether audio, visual, text, or a combination of these\u2013generally used to show individual learning. Large-scale systems are being developed in Europe and the United States, based on  ...", "url_pdf": null, "num_citations": 10, "cluster_id": "16581696763857391972", "year": "2006", "url_citations": "http://scholar.google.com/scholar?cites=16581696763857391972&as_sdt=2005&sciodt=1,5&hl=en"}, {"num_versions": 3, "url_citation": null, "title": "A study of the effects of goal orientation on the reflective ability of electronic portfolio users", "url": "http://www.sciencedirect.com/science/article/pii/S1096751612000048", "url_versions": "http://scholar.google.com/scholar?cluster=14033992911646330071&hl=en&as_sdt=1,5&sciodt=1,5&as_vis=1", "authors": "G Cheng, J Chau - The Internet and Higher Education", "excerpt": "This paper explores and discusses the effects of different goal orientations on students' reflective ability as demonstrated in their electronic portfolios (ePortfolios). Primary data was collected from 54 showcases (digital containers) generated by 26 undergraduate students  ...", "url_pdf": null, "num_citations": 10, "cluster_id": "14033992911646330071", "year": "2013", "url_citations": "http://scholar.google.com/scholar?cites=14033992911646330071&as_sdt=2005&sciodt=1,5&hl=en"}, {"num_versions": 12, "url_citation": null, "title": "Electronic portfolios: Perspectives of students, teachers and parents", "url": "http://link.springer.com/article/10.1007/s10639-008-9077-5", "url_versions": "http://scholar.google.com/scholar?cluster=17438443189114485294&hl=en&as_sdt=1,5&sciodt=1,5&as_vis=1", "authors": "JK McLeod, S Vasinda - Education and Information Technologies", "excerpt": "Abstract This study explores the perspectives of students, teachers and parents to evaluate the use of digital portfolios as an additional way to capture and enhance the learning of elementary students in a public school setting and as an opportunity to communicate this  ...", "url_pdf": null, "num_citations": 8, "cluster_id": "17438443189114485294", "year": "2009", "url_citations": "http://scholar.google.com/scholar?cites=17438443189114485294&as_sdt=2005&sciodt=1,5&hl=en"}, {"num_versions": 8, "url_citation": null, "title": "The effect of procrastination on multi-drafting in a web-based learning content management environment", "url": "http://www.editlib.org/p/44792/", "url_versions": "http://scholar.google.com/scholar?cluster=9643485454558750798&hl=en&as_sdt=1,5&sciodt=1,5&as_vis=1", "authors": "M Sarid, Y Peled - Interdisciplinary Journal of E-Learning and Learning  \u2026", "excerpt": "Abstract During the 2003-2008 school years, a multi-drafting teaching method was tried and formalized in a rural college in Israel using the HighLearn MCL web-based environment. The aim of the current study was to determine the influence of procrastination and anxiety  ...", "url_pdf": null, "num_citations": 7, "cluster_id": "9643485454558750798", "year": "2010", "url_citations": "http://scholar.google.com/scholar?cites=9643485454558750798&as_sdt=2005&sciodt=1,5&hl=en"}, {"num_versions": 0, "url_citation": null, "title": "I Thought This Was Going To Be a Waste of Time: Using Portfolio Construction To Support Reflection on Project-based Experiences.", "url": "http://search.ebscohost.com/login.aspx?direct=true&profile=ehost&scope=site&authtype=crawler&jrnl=15415015&AN=60228952&h=7PL9eX4M5ef6LX2ashyXE64GlU1Ts3OCDm2sUyHYmYqAP2bLpiRTHm%2FfQQBDnYydYvXcjtACeAagHYiin0p3Fw%3D%3D&crl=c", "url_versions": null, "authors": "J Turns, E Cuddihy, Z Guan - Interdisciplinary Journal of  \u2026", "excerpt": "Abstract In this work, we sought to understand ways that students experienced a small-scale portfolio assignment provided to them as an opportunity to reflect on their experiences in a project-based class. This work was motivated by research in various instructional contexts  ...", "url_pdf": null, "num_citations": 10, "cluster_id": "4878784686851872575", "year": "2010", "url_citations": "http://scholar.google.com/scholar?cites=4878784686851872575&as_sdt=2005&sciodt=1,5&hl=en"}, {"num_versions": 7, "url_citation": null, "title": "Perceived values and prospective users' acceptance of prospective technology: The case of a career eportfolio system", "url": "http://www.sciencedirect.com/science/article/pii/S0360131510002319", "url_versions": "http://scholar.google.com/scholar?cluster=14163660346167952887&hl=en&as_sdt=1,5&sciodt=1,5&as_vis=1", "authors": "JY Tzeng - Computers & Education", "excerpt": "Technology-acceptance tests are traditionally conducted after users have obtained at least a certain amount of experience with a technology. Taking college students who had no real interaction with a prospective eportfolio system, this study investigated both their  ...", "url_pdf": null, "num_citations": 35, "cluster_id": "14163660346167952887", "year": "2011", "url_citations": "http://scholar.google.com/scholar?cites=14163660346167952887&as_sdt=2005&sciodt=1,5&hl=en"}, {"num_versions": 11, "url_citation": null, "title": "Investigating the feasibility of using digital representations of work for performance assessment in engineering", "url": "http://link.springer.com/article/10.1007/s10798-011-9192-2", "url_versions": "http://scholar.google.com/scholar?cluster=16097471229222389722&hl=en&as_sdt=1,5&sciodt=1,5&as_vis=1", "authors": "PJ Williams - International Journal of Technology and Design  \u2026", "excerpt": "Abstract This paper reports on the results of a 3-year study conducted at the Centre for Schooling and Learning Technologies (CSaLT) at Edith Cowan University in collaboration with the Curriculum Council of Western Australia which concerns the potential to use  ...", "url_pdf": null, "num_citations": 10, "cluster_id": "16097471229222389722", "year": "2012", "url_citations": "http://scholar.google.com/scholar?cites=16097471229222389722&as_sdt=2005&sciodt=1,5&hl=en"}, {"num_versions": 0, "url_citation": null, "title": "Introducing e-portfolios to pre-service teachers as tools for reflection and growth: lessons learnt", "url": "http://www.tandfonline.com/doi/abs/10.1080/1359866X.2013.854860", "url_versions": null, "authors": "G Oakley, M Pegrum, S Johnston - Asia-Pacific Journal of Teacher  \u2026", "excerpt": "E-portfolios are being introduced into initial teacher education programmes internationally to help pre-service teachers build records of their learning journeys and develop into reflective practitioners; to allow them to assemble collections of evidence of their achievements  ...", "url_pdf": null, "num_citations": 11, "cluster_id": "9558301356138845388", "year": "2014", "url_citations": "http://scholar.google.com/scholar?cites=9558301356138845388&as_sdt=2005&sciodt=1,5&hl=en"}, {"num_versions": 10, "url_citation": null, "title": "Improving literacy and metacognition with electronic portfolios: Teaching and learning with ePEARL", "url": "http://www.sciencedirect.com/science/article/pii/S0360131509003406", "url_versions": "http://scholar.google.com/scholar?cluster=10899569302553101347&hl=en&as_sdt=1,5&sciodt=1,5&as_vis=1", "authors": "E Meyer, PC Abrami, CA Wade, O Aslan\u2026 - Computers & Education", "excerpt": "Can an electronic portfolio that is both a multimedia container for student work and a tool to support key learning processes have a positive impact on the literacy practices and self-regulated learning skills of students? This article presents the findings of a yearlong study  ...", "url_pdf": null, "num_citations": 81, "cluster_id": "10899569302553101347", "year": "2010", "url_citations": "http://scholar.google.com/scholar?cites=10899569302553101347&as_sdt=2005&sciodt=1,5&hl=en"}, {"num_versions": 0, "url_citation": null, "title": "Fostering online search competence and domain-specific knowledge in inquiry classrooms: effects of continuous and fading collaboration scripts", "url": "http://dl.acm.org/citation.cfm?id=1854464", "url_versions": null, "authors": "C Wecker, I Kollar, F Fischer, H Prechtl - Proceedings of the 9th  \u2026", "excerpt": "Abstract Collaborative inquiry learning can be regarded as a fruitful approach to foster students' scientific literacy for participation in societal debates involving scientific issues. In a four-week field study in biology with 131 ninth-grade students from six classrooms  ...", "url_pdf": null, "num_citations": 17, "cluster_id": "4432810201602850172", "year": "2010", "url_citations": "http://scholar.google.com/scholar?cites=4432810201602850172&as_sdt=2005&sciodt=1,5&hl=en"}, {"num_versions": 13, "url_citation": null, "title": "An e-portfolio design supporting ownership, social learning, and ease of use", "url": "http://www.jstor.org/stable/jeductechsoci.14.1.187", "url_versions": "http://scholar.google.com/scholar?cluster=12118031179503218628&hl=en&as_sdt=1,5&sciodt=1,5&as_vis=1", "authors": "N Garrett - Journal of Educational Technology & Society", "excerpt": "ABSTRACT This project attempts to improve electronic portfolio software through the creation of a design model using ownership, ease of use, and social learning variables to predict user adoption. The pilot software attempts to encourage student learning by  ...", "url_pdf": null, "num_citations": 29, "cluster_id": "12118031179503218628", "year": "2011", "url_citations": "http://scholar.google.com/scholar?cites=12118031179503218628&as_sdt=2005&sciodt=1,5&hl=en"}, {"num_versions": 2, "url_citation": null, "title": "Task stream as a web 2.0 tool for interactive communication in teacher education", "url": "http://www.sicet.org/journals/ijttl/issue0802/4_2_2_Abramovich_Brouwer.pdf", "url_versions": "http://scholar.google.com/scholar?cluster=12745703473389180450&hl=en&as_sdt=1,5&sciodt=1,5&as_vis=1", "authors": "S Abramovich, P Brouwer - \u2026  Journal of Technology in Teaching and  \u2026", "excerpt": "This paper discusses the use of Task Stream software, referred to by its designers as 'Tools of Engagement,'for enhancing faculty-student and faculty-faculty communications within a school of education. The paper shows how the software can be used as a Web 2.0  ...", "url_pdf": "http://www.sicet.org/journals/ijttl/issue0802/4_2_2_Abramovich_Brouwer.pdf", "num_citations": 6, "cluster_id": "12745703473389180450", "year": "2008", "url_citations": "http://scholar.google.com/scholar?cites=12745703473389180450&as_sdt=2005&sciodt=1,5&hl=en"}, {"num_versions": 6, "url_citation": null, "title": "Fostering college and career readiness: How career development activities in schools impact on graduation rates and students' life success", "url": "http://www.derby.ac.uk/media/derbyacuk/contentassets/documents/ehs/icegs/Fostering-College-and-Career-Readiness.pdf", "url_versions": "http://scholar.google.com/scholar?cluster=16184125037604734125&hl=en&as_sdt=1,5&sciodt=1,5&as_vis=1", "authors": "T Hooley, J Marriott, JP Sampson - UK: University of Derby", "excerpt": "Executive summary This paper sets out the recent evidence around career development. This evidence is examined within the context of the college and career readiness agenda. The argument is made that in order for young people to be genuinely \u201cready\u201d for both  ...", "url_pdf": "http://www.derby.ac.uk/media/derbyacuk/contentassets/documents/ehs/icegs/Fostering-College-and-Career-Readiness.pdf", "num_citations": 19, "cluster_id": "16184125037604734125", "year": "2011", "url_citations": "http://scholar.google.com/scholar?cites=16184125037604734125&as_sdt=2005&sciodt=1,5&hl=en"}, {"num_versions": 0, "url_citation": null, "title": "Enhancing self-regulated learning skills through the implementation of an e-portfolio tool", "url": "http://www.sciencedirect.com/science/article/pii/S1877042810005033", "url_versions": null, "authors": "A Alexiou, F Paraskeva - Procedia-Social and Behavioral Sciences", "excerpt": "This paper outlines the process of integrating an e-portfolio tool in tertiary education for students' personal and professional development. During 2009 spring semester, we implemented an e-portfolio tool for students of a computer science university department.  ...", "url_pdf": null, "num_citations": 35, "cluster_id": "14841857530819226497", "year": "2010", "url_citations": "http://scholar.google.com/scholar?cites=14841857530819226497&as_sdt=2005&sciodt=1,5&hl=en"}, {"num_versions": 3, "url_citation": null, "title": "Windows on learning: Documenting young children's work", "url": "http://scholar.google.com/https://books.google.com/books?hl=en&lr=&id=OpXnDpD2O_EC&oi=fnd&pg=PP11&ots=3QvCB2SwfJ&sig=kLhfPtrubjF4aTUlv4bMWR_mf-U", "url_versions": "http://scholar.google.com/scholar?cluster=6005460939965889106&hl=en&as_sdt=1,5&sciodt=1,5&as_vis=1", "authors": "JH Helm, S Beneke, K Steinheimer -", "excerpt": "The authors developed an approach for thinking and communicating about documentation and then explored its use in early childhood programs, including the schools of Reggio Emilia. The result is a framework, collection system, and display method that works in US  ...", "url_pdf": null, "num_citations": 145, "cluster_id": "6005460939965889106", "year": "1998", "url_citations": "http://scholar.google.com/scholar?cites=6005460939965889106&as_sdt=2005&sciodt=1,5&hl=en"}, {"num_versions": 5, "url_citation": null, "title": "Didaktische, organisatorische und technologische Grundlagen von E-Portfolios und Analyse internationaler Beispiele und Erfahrungen mit E-Portfolio- \u2026", "url": "http://fnm.purespace.eu/fileadmin/user_upload/documents/Abgeschlossene_Projekte/fnm-austria_ePortfolio_Studie_SRFG.pdf", "url_versions": "http://scholar.google.com/scholar?cluster=3916167209012033006&hl=en&as_sdt=1,5&sciodt=1,5&as_vis=1", "authors": "V Hornung-Pr\u00e4hauser, G Geser\u2026 - \u2026  Verf\u00fcgbar unter: http \u2026", "excerpt": "E-Portfolios sind seit 2004 ein Forschungsinteresse im Anwendungsfeld \u201eEduMedia \u201cder landeseigenen Forschungseinrichtung Salzburg Research, das sich aus interdisziplin\u00e4rer Perspektive mit innovativen Bildungsprozessen und-technologien befasst. So wurde 2005  ...", "url_pdf": "http://fnm.purespace.eu/fileadmin/user_upload/documents/Abgeschlossene_Projekte/fnm-austria_ePortfolio_Studie_SRFG.pdf", "num_citations": 67, "cluster_id": "3916167209012033006", "year": "2007", "url_citations": "http://scholar.google.com/scholar?cites=3916167209012033006&as_sdt=2005&sciodt=1,5&hl=en"}, {"num_versions": 5, "url_citation": null, "title": "Views on using portfolio in teacher education", "url": "http://www.sciencedirect.com/science/article/pii/S0742051X0800139X", "url_versions": "http://scholar.google.com/scholar?cluster=2300232893323813464&hl=en&as_sdt=1,5&sciodt=1,5&as_vis=1", "authors": "M Imhof, C Picard - Teaching and Teacher Education", "excerpt": "The usage of portfolio methods to document professional development in teaching is increasing in Germany, but despite its proliferation, the issue of how the effects of portfolio methods can be determined has received little attention. This paper investigates the  ...", "url_pdf": null, "num_citations": 55, "cluster_id": "2300232893323813464", "year": "2009", "url_citations": "http://scholar.google.com/scholar?cites=2300232893323813464&as_sdt=2005&sciodt=1,5&hl=en"}, {"num_versions": 5, "url_citation": null, "title": "College students' intentions to use e\u2010portfolios: From the perspectives of career\u2010commitment status and weblog\u2010publication behaviours", "url": "http://onlinelibrary.wiley.com/doi/10.1111/j.1467-8535.2010.01165.x/full", "url_versions": "http://scholar.google.com/scholar?cluster=4303547995619899469&hl=en&as_sdt=1,5&sciodt=1,5&as_vis=1", "authors": "JY Tzeng, SH Chen - British Journal of Educational  \u2026", "excerpt": "Abstract The growing popularity of a school-wide e-portfolio system in colleges and universities has raised concerns regarding whether students will use it or consider it important to have an e-portfolio system, especially when its use is not required by their  ...", "url_pdf": null, "num_citations": 17, "cluster_id": "4303547995619899469", "year": "2012", "url_citations": "http://scholar.google.com/scholar?cites=4303547995619899469&as_sdt=2005&sciodt=1,5&hl=en"}, {"num_versions": 8, "url_citation": null, "title": "A comparative analysis of the consistency and difference among teacher-assessment, student self-assessment and peer-assessment in a Web-based portfolio  \u2026", "url": "http://www.sciencedirect.com/science/article/pii/S0360131511001837", "url_versions": "http://scholar.google.com/scholar?cluster=18108904309256528892&hl=en&as_sdt=1,5&sciodt=1,5&as_vis=1", "authors": "CC Chang, KH Tseng, SJ Lou - Computers & Education", "excerpt": "This study explored the consistency and difference of teacher-, student self-and peer-assessment in the context of Web-based portfolio assessment. Participants were 72 senior high school students enrolled in a computer application course. Through the assessment  ...", "url_pdf": null, "num_citations": 21, "cluster_id": "18108904309256528892", "year": "2012", "url_citations": "http://scholar.google.com/scholar?cites=18108904309256528892&as_sdt=2005&sciodt=1,5&hl=en"}, {"num_versions": 2, "url_citation": null, "title": "Social ePortfolios as the new course management system", "url": "http://www.emeraldinsight.com/doi/pdf/10.1108/10748120910993222", "url_versions": "http://scholar.google.com/scholar?cluster=8919463762276482150&hl=en&as_sdt=1,5&sciodt=1,5&as_vis=1", "authors": "M Feldstein, N Garrett, B Thoms, N Alrushiedat\u2026 - On the  \u2026", "excerpt": "Purpose-The purpose of this paper is to show the practicality of a new portfolio design that incorporates distributed content, emphasizes student ownership, encourages social learning, and acknowledges the central importance of ease of use. Design/methodology/ ...", "url_pdf": null, "num_citations": 12, "cluster_id": "8919463762276482150", "year": "2009", "url_citations": "http://scholar.google.com/scholar?cites=8919463762276482150&as_sdt=2005&sciodt=1,5&hl=en"}, {"num_versions": 4, "url_citation": null, "title": "Developing ecological habits of minds through the arts", "url": "http://www.ijea.org/v10n26/", "url_versions": "http://scholar.google.com/scholar?cluster=2819500207934079615&hl=en&as_sdt=1,5&sciodt=1,5&as_vis=1", "authors": "R Upitis - International Journal of Education & the Arts", "excerpt": "Abstract This study describes the experiences of nine school-based artists who took part in a six-day professional development course on ecology and the arts at an off-grid wilderness facility. The course was designed to increase artist-educators' awareness of issues  ...", "url_pdf": null, "num_citations": 6, "cluster_id": "2819500207934079615", "year": "2009", "url_citations": "http://scholar.google.com/scholar?cites=2819500207934079615&as_sdt=2005&sciodt=1,5&hl=en"}, {"num_versions": 13, "url_citation": null, "title": "Encouraging reflective practice in periods of professional workplace experience: The development of a conceptual model", "url": "http://www.tandfonline.com/doi/abs/10.1080/14623940903290703", "url_versions": "http://scholar.google.com/scholar?cluster=1197429952389627049&hl=en&as_sdt=1,5&sciodt=1,5&as_vis=1", "authors": "A Roberts - Reflective practice", "excerpt": "It is common in many professional subject areas for students to undertake periods of work\u2010based experience as part of their studies. Research suggests that by reflecting on their experience, student learning can be enhanced. As a result it is common for students to  ...", "url_pdf": null, "num_citations": 35, "cluster_id": "1197429952389627049", "year": "2009", "url_citations": "http://scholar.google.com/scholar?cites=1197429952389627049&as_sdt=2005&sciodt=1,5&hl=en"}, {"num_versions": 2, "url_citation": null, "title": "Building an e-portfolio learning model: Goal orientation and metacognitive strategies", "url": "http://kmel-journal.org/ojs/index.php/online-publication/article/viewArticle/163", "url_versions": "http://scholar.google.com/scholar?cluster=8477191864376113781&hl=en&as_sdt=1,5&sciodt=1,5&as_vis=1", "authors": "JJS Huang, SJH Yang, PYF Chiang\u2026 - \u2026  Management & E- \u2026", "excerpt": "Abstract Recent wide acceptance of e-Portfolios has occurred because researchers believe it helps promote students' learning in higher education. This study uses goal orientation theory to investigate the relationship between goal orientations, metacognitive strategies,  ...", "url_pdf": null, "num_citations": 10, "cluster_id": "8477191864376113781", "year": "2012", "url_citations": "http://scholar.google.com/scholar?cites=8477191864376113781&as_sdt=2005&sciodt=1,5&hl=en"}, {"num_versions": 6, "url_citation": null, "title": "Preservice teachers' learning experiences of constructing e-portfolios online", "url": "http://www.sciencedirect.com/science/article/pii/S1096751608000456", "url_versions": "http://scholar.google.com/scholar?cluster=17678380108119683420&hl=en&as_sdt=1,5&sciodt=1,5&as_vis=1", "authors": "Q Lin - The Internet and Higher Education", "excerpt": "This one-year case study reports on the effectiveness and value of electronic portfolios (e-portfolios) from the preservice teachers' perspectives. Using surveys and selected interviews, the study explored how 38 preservice teachers' understanding of the e- ...", "url_pdf": null, "num_citations": 57, "cluster_id": "17678380108119683420", "year": "2008", "url_citations": "http://scholar.google.com/scholar?cites=17678380108119683420&as_sdt=2005&sciodt=1,5&hl=en"}, {"num_versions": 5, "url_citation": null, "title": "Semantic social software: Semantically enabled social software or socially enabled semantic web?", "url": "http://www.researchgate.net/profile/Sebastian_Schaffert/publication/205976736_Semantic_social_software_Semantically_enabled_social_software_or_socially_enabled_semantic_web/links/0deec5230754d125a2000000.pdf", "url_versions": "http://scholar.google.com/scholar?cluster=8568694400641063388&hl=en&as_sdt=1,5&sciodt=1,5&as_vis=1", "authors": "S Schaffert -", "excerpt": "Abstract. Semantic Social Software\u2013the combination of social software and Semantic Web technology\u2013has recently been gaining significant attention in the Semantic Web community. This article first discusses the two different perspectives the research community takes on \u201c ...", "url_pdf": "http://www.researchgate.net/profile/Sebastian_Schaffert/publication/205976736_Semantic_social_software_Semantically_enabled_social_software_or_socially_enabled_semantic_web/links/0deec5230754d125a2000000.pdf", "num_citations": 29, "cluster_id": "8568694400641063388", "year": "2006", "url_citations": "http://scholar.google.com/scholar?cites=8568694400641063388&as_sdt=2005&sciodt=1,5&hl=en"}, {"num_versions": 4, "url_citation": null, "title": "ePortfolios for knowledge and learning", "url": "http://scholar.google.com/https://books.google.com/books?hl=en&lr=&id=P3tJSOXYiQ0C&oi=fnd&pg=PA125&ots=tu3zs6Adur&sig=2i0VicVnN3PzB3OCjH-WmjinkYM", "url_versions": "http://scholar.google.com/scholar?cluster=4574474574671207532&hl=en&as_sdt=1,5&sciodt=1,5&as_vis=1", "authors": "E Hartnell-Young - Handbook of Research on ePortfolios", "excerpt": "ABSTRACT In the 21st century, we talk of knowledge as the new currency, and knowledge building as the work to be done in learning organizations. While knowledge building is activity directed outward towards the creation of knowledge itself, learning is a personal  ...", "url_pdf": null, "num_citations": 17, "cluster_id": "4574474574671207532", "year": "2006", "url_citations": "http://scholar.google.com/scholar?cites=4574474574671207532&as_sdt=2005&sciodt=1,5&hl=en"}, {"num_versions": 9, "url_citation": null, "title": "Using IT to assess IT: Towards greater authenticity in summative performance assessment", "url": "http://www.sciencedirect.com/science/article/pii/S0360131510002514", "url_versions": "http://scholar.google.com/scholar?cluster=15791807665782988390&hl=en&as_sdt=1,5&sciodt=1,5&as_vis=1", "authors": "CP Newhouse - Computers & Education", "excerpt": "An applied Information Technology (IT) course that is assessed using pen and paper may sound incongruous but it is symptomatic of the state of high-stakes assessment in jurisdictions such as Western Australia. Whereas technology has permeated most aspects  ...", "url_pdf": null, "num_citations": 9, "cluster_id": "15791807665782988390", "year": "2011", "url_citations": "http://scholar.google.com/scholar?cites=15791807665782988390&as_sdt=2005&sciodt=1,5&hl=en"}, {"num_versions": 3, "url_citation": null, "title": "The influence of the Creative Learning Assessment (CLA) on children's learning and teachers' teaching", "url": "http://onlinelibrary.wiley.com/doi/10.1111/j.1741-4369.2009.00509.x/full", "url_versions": "http://scholar.google.com/scholar?cluster=17527455482928987332&hl=en&as_sdt=1,5&sciodt=1,5&as_vis=1", "authors": "S Ellis, B Lawrence - Literacy", "excerpt": "Abstract This paper describes the development and use of the Creative Learning Assessment (CLA) as a means of evidencing, supporting and promoting children's creative learning in arts-based contexts. The research team at the Centre for Literacy in Primary  ...", "url_pdf": null, "num_citations": 11, "cluster_id": "17527455482928987332", "year": "2009", "url_citations": "http://scholar.google.com/scholar?cites=17527455482928987332&as_sdt=2005&sciodt=1,5&hl=en"}, {"num_versions": 0, "url_citation": null, "title": "Seminar in physical education: From student teaching to teaching students", "url": "http://scholar.google.com/https://books.google.com/books?hl=en&lr=&id=-qjezuYsOX8C&oi=fnd&pg=PR9&ots=lfQLTZ_chv&sig=KY-hJGBWzU6ZWkyNRFEEc8ou7cY", "url_versions": null, "authors": "S Lynn -", "excerpt": "Seminar in Physical Education: From Student Teaching to Teaching Studentsis a concise and complete text that offers a fresh approach to preparing preservice teachers for today's teaching and employment challenges. Because it addresses all 10 of NASPE's National  ...", "url_pdf": null, "num_citations": 6, "cluster_id": "17613479365411262382", "year": "2007", "url_citations": "http://scholar.google.com/scholar?cites=17613479365411262382&as_sdt=2005&sciodt=1,5&hl=en"}, {"num_versions": 9, "url_citation": null, "title": "Learners in transition: the use of ePortfolios for women returners to science, engineering and technology", "url": "http://www.tandfonline.com/doi/abs/10.1080/14703290701757468", "url_versions": "http://scholar.google.com/scholar?cluster=15776962742752465170&hl=en&as_sdt=1,5&sciodt=1,5&as_vis=1", "authors": "C Herman, G Kirkup - Innovations in Education and Teaching  \u2026", "excerpt": "In 2002 the UK Government produced a report highlighting the problems faced by women returning to employment in science, engineering and technology (SET) after a career break. In response to this report, a national strategy was developed, with funding from the UK's  ...", "url_pdf": null, "num_citations": 34, "cluster_id": "15776962742752465170", "year": "2008", "url_citations": "http://scholar.google.com/scholar?cites=15776962742752465170&as_sdt=2005&sciodt=1,5&hl=en"}, {"num_versions": 6, "url_citation": null, "title": "Encouraging self-regulated learning through electronic portfolios", "url": "http://cjlt.csj.ualberta.ca/index.php/cjlt/article/viewArticle/507", "url_versions": "http://scholar.google.com/scholar?cluster=14598063437878964495&hl=en&as_sdt=1,5&sciodt=1,5&as_vis=1", "authors": "PC Abrami, A Wade, V Pillay, O Aslan\u2026 - Canadian Journal of  \u2026", "excerpt": "Abstract At the Centre for the Study of Learning and Performance (CSLP) at Concordia University in Montreal, Quebec, we have developed the Electronic Portfolio Encouraging Active Reflective Learning Software (ePEARL) to promote student self-regulation and  ...", "url_pdf": null, "num_citations": 57, "cluster_id": "14598063437878964495", "year": "2008", "url_citations": "http://scholar.google.com/scholar?cites=14598063437878964495&as_sdt=2005&sciodt=1,5&hl=en"}, {"num_versions": 10, "url_citation": null, "title": "Development of the electronic portfolio student perspective instrument: An ePortfolio integration initiative", "url": "http://link.springer.com/article/10.1007/BF03033426", "url_versions": "http://scholar.google.com/scholar?cluster=5138324446692467359&hl=en&as_sdt=1,5&sciodt=1,5&as_vis=1", "authors": "AD Ritzhaupt, O Singh, T Seyferth\u2026 - Journal of Computing in  \u2026", "excerpt": "Abstract WITH THE PROLIFERATION OF EPORTFOLIOS and their organizational uses in higher education, it is important for educators and other relevant stakeholders to understand the student perspective. The way students view and use ePortfolios are revealing  ...", "url_pdf": null, "num_citations": 30, "cluster_id": "5138324446692467359", "year": "2008", "url_citations": "http://scholar.google.com/scholar?cites=5138324446692467359&as_sdt=2005&sciodt=1,5&hl=en"}, {"num_versions": 5, "url_citation": null, "title": "Online learning communities in the New'U'", "url": "http://www.inderscienceonline.com/doi/abs/10.1504/IJNVO.2009.027393", "url_versions": "http://scholar.google.com/scholar?cluster=7092618434233763551&hl=en&as_sdt=1,5&sciodt=1,5&as_vis=1", "authors": "B Thoms, N Garrett, T Ryan - International Journal of  \u2026", "excerpt": "In an academic world largely dominated by instructor-facilitated learning environments (ie, lecture halls and course management software), our research implements and measures the impact of a student-owned and operated virtual learning environment. Adopting an Action  ...", "url_pdf": null, "num_citations": 12, "cluster_id": "7092618434233763551", "year": "2009", "url_citations": "http://scholar.google.com/scholar?cites=7092618434233763551&as_sdt=2005&sciodt=1,5&hl=en"}, {"num_versions": 5, "url_citation": null, "title": "The use of digital video in physical education", "url": "http://www.tandfonline.com/doi/abs/10.1080/14759390902992642", "url_versions": "http://scholar.google.com/scholar?cluster=3075813942788691735&hl=en&as_sdt=1,5&sciodt=1,5&as_vis=1", "authors": "T Weir, S Connor - Technology, Pedagogy and Education", "excerpt": "This paper details the technical and operational aspects of a project investigating the role of digital video in physical education in 12 Irish schools over a period of two academic years. The project design involved a qualitative investigation into the use of digital video in three  ...", "url_pdf": null, "num_citations": 19, "cluster_id": "3075813942788691735", "year": "2009", "url_citations": "http://scholar.google.com/scholar?cites=3075813942788691735&as_sdt=2005&sciodt=1,5&hl=en"}, {"num_versions": 10, "url_citation": null, "title": "Assessing learning", "url": "http://www.studentsatthecenter.org/sites/scl.dl-dev.com/files/Assessing%20Learning.pdf", "url_versions": "http://scholar.google.com/scholar?cluster=17608098770782373250&hl=en&as_sdt=1,5&sciodt=1,5&as_vis=1", "authors": "H Andrade, K Huff, G Brooke - Education Digest", "excerpt": "Student-centered assessment embodies sound assessment practices that can be incorporated into any educational setting but are especially critical in student-centered learning contexts, where active engagement in learning and responsibility for the  ...", "url_pdf": "http://www.studentsatthecenter.org/sites/scl.dl-dev.com/files/Assessing%20Learning.pdf", "num_citations": 9, "cluster_id": "17608098770782373250", "year": "2012", "url_citations": "http://scholar.google.com/scholar?cites=17608098770782373250&as_sdt=2005&sciodt=1,5&hl=en"}, {"num_versions": 5, "url_citation": null, "title": "Repertoires of practice: Re-framing teaching portfolios", "url": "http://www.sciencedirect.com/science/article/pii/S0742051X10000247", "url_versions": "http://scholar.google.com/scholar?cluster=10253849249092932325&hl=en&as_sdt=1,5&sciodt=1,5&as_vis=1", "authors": "DP Berrill, E Addison - Teaching and Teacher Education", "excerpt": "Teaching portfolios have been widely used in pre-service teacher education programs for approximately two decades and often constitute exit requirements and/or function as a requirement for entry to the teaching profession. Yet much has been written about teacher  ...", "url_pdf": null, "num_citations": 27, "cluster_id": "10253849249092932325", "year": "2010", "url_citations": "http://scholar.google.com/scholar?cites=10253849249092932325&as_sdt=2005&sciodt=1,5&hl=en"}, {"num_versions": 0, "url_citation": null, "title": "The content areas", "url": "http://www.nelsonbrain.com/content/roe09500_0495809500_01.01_toc.pdf", "url_versions": null, "authors": "BD Roe, BD Stoodt, PC Burns - MA: Houghton Mifflin Co", "excerpt": "Secondary school teachers use textbooks, trade books, and electronic reference sources extensively to convey content area information to their students. Content area teachers often discover, however, that their students are not maximizing their learning potential and do  ...", "url_pdf": "http://www.nelsonbrain.com/content/roe09500_0495809500_01.01_toc.pdf", "num_citations": 12, "cluster_id": "14518704680726910735", "year": "1998", "url_citations": "http://scholar.google.com/scholar?cites=14518704680726910735&as_sdt=2005&sciodt=1,5&hl=en"}, {"num_versions": 0, "url_citation": null, "title": "Classroom assessment: Principles and practice for effective standards-based instruction", "url": "http://education-textbooks.info/wp-content/uploads/pdfs/Classroom%20Assessment%20Principles%20and%20Practice%20for%20Effective%20Standards-Based%20Instruction%205th%20Edition%20by%20James%20H%20McMillan%20-%205%20Star%20Review.pdf", "url_versions": null, "authors": "JH McMillan, L Hellsten, D Klinger -", "excerpt": "This text provides prospective and current teachers with a concise, nontechnical, and practical guide to conducting a full range of high-quality classroom assessments. The text emphasizes assessment in the context of the realities of teaching and teacher decision- ...", "url_pdf": "http://education-textbooks.info/wp-content/uploads/pdfs/Classroom%20Assessment%20Principles%20and%20Practice%20for%20Effective%20Standards-Based%20Instruction%205th%20Edition%20by%20James%20H%20McMillan%20-%205%20Star%20Review.pdf", "num_citations": 127, "cluster_id": "13106818482403128176", "year": "2007", "url_citations": "http://scholar.google.com/scholar?cites=13106818482403128176&as_sdt=2005&sciodt=1,5&hl=en"}, {"num_versions": 2, "url_citation": null, "title": "Extending the Elgg social networking system to enhance the campus conversation", "url": "http://www.researchgate.net/profile/Mariana_Soffer/publication/238522403_Extending_the_Elgg_Social_Networking_System_to_Enhance_the_Campus_Conversation/links/0c960529d8b5294bf2000000.pdf", "url_versions": "http://scholar.google.com/scholar?cluster=2401206228069259896&hl=en&as_sdt=1,5&sciodt=1,5&as_vis=1", "authors": "N Garrett, B Thoms, M Soffer\u2026 - Second Annual Design  \u2026", "excerpt": "Abstract This paper presents a design research project adapting Elgg, an open source social networking package, for use in graduate education. The modified software represents an alternative model to the traditional course management system, using blogs & wikis to  ...", "url_pdf": "http://www.researchgate.net/profile/Mariana_Soffer/publication/238522403_Extending_the_Elgg_Social_Networking_System_to_Enhance_the_Campus_Conversation/links/0c960529d8b5294bf2000000.pdf", "num_citations": 27, "cluster_id": "2401206228069259896", "year": "2007", "url_citations": "http://scholar.google.com/scholar?cites=2401206228069259896&as_sdt=2005&sciodt=1,5&hl=en"}, {"num_versions": 6, "url_citation": null, "title": "Electronic portfolios in the classroom: Factors impacting teachers' integration of new technologies and new pedagogies", "url": "http://www.tandfonline.com/doi/abs/10.1080/1475939X.2011.588415", "url_versions": "http://scholar.google.com/scholar?cluster=16068499578663601794&hl=en&as_sdt=1,5&sciodt=1,5&as_vis=1", "authors": "EJ Meyer, PC Abrami, A Wade\u2026 - \u2026 Pedagogy and Education", "excerpt": "This article presents the findings of a study on the use of an electronic portfolio (EP) in 16 elementary classrooms across Canada. Using a mixed-methods approach, data were collected to understand how teachers used EPs in their classrooms, to what extent they  ...", "url_pdf": null, "num_citations": 26, "cluster_id": "16068499578663601794", "year": "2011", "url_citations": "http://scholar.google.com/scholar?cites=16068499578663601794&as_sdt=2005&sciodt=1,5&hl=en"}, {"num_versions": 8, "url_citation": null, "title": "E\u2010portfolios in teacher education 2002\u20132009: the social construction of discourse, design and dissemination", "url": "http://www.tandfonline.com/doi/abs/10.1080/02619761003767882", "url_versions": "http://scholar.google.com/scholar?cluster=11561258629959560563&hl=en&as_sdt=1,5&sciodt=1,5&as_vis=1", "authors": "C Granberg - European Journal of Teacher Education", "excerpt": "This paper reports on a study of the experiences of teacher educators in the introduction and development of e\u2010portfolios over an eight\u2010year period from 2002 to 2009 at a Swedish university. The study was conducted with 67 teacher educators in order to investigate how  ...", "url_pdf": null, "num_citations": 32, "cluster_id": "11561258629959560563", "year": "2010", "url_citations": "http://scholar.google.com/scholar?cites=11561258629959560563&as_sdt=2005&sciodt=1,5&hl=en"}, {"num_versions": 3, "url_citation": null, "title": "E-portfolios supporting primary students' writing performance and peer feedback", "url": "http://www.sciencedirect.com/science/article/pii/S0360131513001553", "url_versions": "http://scholar.google.com/scholar?cluster=3767704965480066200&hl=en&as_sdt=1,5&sciodt=1,5&as_vis=1", "authors": "I Nicolaidou - Computers & Education", "excerpt": "Abstract E-portfolios show great promise for supporting students' writing performance and facilitating peer feedback, but empirical research of their use in primary education is limited. To address this gap, a yearlong study was conducted in a 4th grade primary class in  ...", "url_pdf": null, "num_citations": 9, "cluster_id": "3767704965480066200", "year": "2013", "url_citations": "http://scholar.google.com/scholar?cites=3767704965480066200&as_sdt=2005&sciodt=1,5&hl=en"}, {"num_versions": 9, "url_citation": null, "title": "the assessment of creative learning", "url": "http://www.labforculture.org/pl/content/download/69421/568218/file/Creative_Learning_booklet.pdf#page=69", "url_versions": "http://scholar.google.com/scholar?cluster=1750797040274794364&hl=en&as_sdt=1,5&sciodt=1,5&as_vis=1", "authors": "S Ellis, M Barrs - Creative learning", "excerpt": "It is difficult to assess any complex learning; breaking down higher level abilities into discrete criteria is rarely an adequate solution. In creative learning these difficulties are compounded: if creativity involves originality and the use of the individual imagination,  ...", "url_pdf": null, "num_citations": 13, "cluster_id": "1750797040274794364", "year": "2008", "url_citations": "http://scholar.google.com/scholar?cites=1750797040274794364&as_sdt=2005&sciodt=1,5&hl=en"}, {"num_versions": 6, "url_citation": null, "title": "Assessing pre-service English language teachers' learning using e-portfolios: Benefits, challenges and competencies gained", "url": "http://www.sciencedirect.com/science/article/pii/S0360131511002922", "url_versions": "http://scholar.google.com/scholar?cluster=10859650148472887481&hl=en&as_sdt=1,5&sciodt=1,5&as_vis=1", "authors": "MK Kabilan, MA Khan - Computers & Education", "excerpt": "Assessment in learning is always of interest to practitioners, academics and researchers, and is always evolving with new implications. Alternative forms of assessment such as e-portfolios have gained recognition in documenting students' learning, as it is synchronous  ...", "url_pdf": null, "num_citations": 16, "cluster_id": "10859650148472887481", "year": "2012", "url_citations": "http://scholar.google.com/scholar?cites=10859650148472887481&as_sdt=2005&sciodt=1,5&hl=en"}]