[{"num_versions": 33, "url_citation": null, "title": "Representation learning: A review and new perspectives", "url": "http://ieeexplore.ieee.org/xpls/abs_all.jsp?arnumber=6472238", "url_versions": "http://scholar.google.com/scholar?cluster=559463397382443088&hl=en&as_sdt=1,5&sciodt=1,5&as_vis=1", "authors": "Y Bengio, A Courville, P Vincent - Pattern Analysis and  \u2026", "excerpt": "Abstract\u2014The success of machine learning algorithms generally depends on data representation, and we hypothesize that this is because different representations can entangle and hide more or less the different explanatory factors of variation behind the  ...", "url_pdf": null, "num_citations": 685, "cluster_id": "559463397382443088", "year": "2013", "url_citations": "http://scholar.google.com/scholar?cites=559463397382443088&as_sdt=2005&sciodt=1,5&hl=en"}, {"num_versions": 11, "url_citation": null, "title": "Dropout: A simple way to prevent neural networks from overfitting", "url": "http://dl.acm.org/citation.cfm?id=2670313", "url_versions": "http://scholar.google.com/scholar?cluster=17092600409158696067&hl=en&as_sdt=1,5&sciodt=1,5&as_vis=1", "authors": "N Srivastava, G Hinton, A Krizhevsky\u2026 - The Journal of Machine \u2026", "excerpt": "Abstract Deep neural nets with a large number of parameters are very powerful machine learning systems. However, overfitting is a serious problem in such networks. Large networks are also slow to use, making it difficult to deal with overfitting by combining the  ...", "url_pdf": null, "num_citations": 225, "cluster_id": "17092600409158696067", "year": "2014", "url_citations": "http://scholar.google.com/scholar?cites=17092600409158696067&as_sdt=2005&sciodt=1,5&hl=en"}, {"num_versions": 6, "url_citation": null, "title": "Understanding deep architectures using a recursive convolutional network", "url": "http://arxiv.org/abs/1312.1847", "url_versions": "http://scholar.google.com/scholar?cluster=4433086879535745785&hl=en&as_sdt=1,5&sciodt=1,5&as_vis=1", "authors": "D Eigen, J Rolfe, R Fergus, Y LeCun - arXiv preprint arXiv:1312.1847", "excerpt": "Abstract: A key challenge in designing convolutional network models is sizing them appropriately. Many factors are involved in these decisions, including number of layers, feature maps, kernel sizes, etc. Complicating this further is the fact that each of these  ...", "url_pdf": null, "num_citations": 14, "cluster_id": "4433086879535745785", "year": "2013", "url_citations": "http://scholar.google.com/scholar?cites=4433086879535745785&as_sdt=2005&sciodt=1,5&hl=en"}, {"num_versions": 8, "url_citation": null, "title": "Adaptive Hamiltonian and Riemann manifold Monte Carlo", "url": "http://machinelearning.wustl.edu/mlpapers/papers/icml2013_wang13e", "url_versions": "http://scholar.google.com/scholar?cluster=9907425465412323963&hl=en&as_sdt=1,5&sciodt=1,5&as_vis=1", "authors": "Z Wang, S Mohamed, D Nando - Proceedings of the  \u2026", "excerpt": "Abstract: In this paper we address the widely-experienced difficulty in tuning Hamiltonian-based Monte Carlo samplers. We develop an algorithm that allows for the adaptation of Hamiltonian and Riemann manifold Hamiltonian Monte Carlo samplers using Bayesian  ...", "url_pdf": null, "num_citations": 22, "cluster_id": "9907425465412323963", "year": "2013", "url_citations": "http://scholar.google.com/scholar?cites=9907425465412323963&as_sdt=2005&sciodt=1,5&hl=en"}, {"num_versions": 5, "url_citation": null, "title": "Bayesian optimisation for intelligent environmental monitoring", "url": "http://ieeexplore.ieee.org/xpls/abs_all.jsp?arnumber=6385653", "url_versions": "http://scholar.google.com/scholar?cluster=1744962355481861004&hl=en&as_sdt=1,5&sciodt=1,5&as_vis=1", "authors": "R Marchant, F Ramos - \u2026  and Systems (IROS)", "excerpt": "Abstract\u2014Environmental Monitoring (EM) is typically performed using sensor networks that collect measurements in predefined static locations. The possibility of having one or more autonomous robots to perform this task increases versatility and reduces the number of  ...", "url_pdf": null, "num_citations": 18, "cluster_id": "1744962355481861004", "year": "2012", "url_citations": "http://scholar.google.com/scholar?cites=1744962355481861004&as_sdt=2005&sciodt=1,5&hl=en"}, {"num_versions": 8, "url_citation": null, "title": "Multi-task bayesian optimization", "url": "http://papers.nips.cc/paper/5086-multi-task-bayesian-optimization", "url_versions": "http://scholar.google.com/scholar?cluster=17863043908674102030&hl=en&as_sdt=1,5&sciodt=1,5&as_vis=1", "authors": "K Swersky, J Snoek, RP Adams - Advances in Neural Information  \u2026", "excerpt": "Abstract Bayesian optimization has recently been proposed as a framework for automatically tuning the hyperparameters of machine learning models and has been shown to yield state-of-the-art performance with impressive ease and efficiency. In this paper, we explore  ...", "url_pdf": null, "num_citations": 36, "cluster_id": "17863043908674102030", "year": "2013", "url_citations": "http://scholar.google.com/scholar?cites=17863043908674102030&as_sdt=2005&sciodt=1,5&hl=en"}, {"num_versions": 7, "url_citation": null, "title": "High-dimensional gaussian process bandits", "url": "http://papers.nips.cc/paper/5152-high-dimensional-gaussian-process-bandits", "url_versions": "http://scholar.google.com/scholar?cluster=12963309087993001823&hl=en&as_sdt=1,5&sciodt=1,5&as_vis=1", "authors": "J Djolonga, A Krause, V Cevher - Advances in Neural Information  \u2026", "excerpt": "Abstract Many applications in machine learning require optimizing unknown functions defined over a high-dimensional space from noisy samples that are expensive to obtain. We address this notoriously hard challenge, under the assumptions that the function varies  ...", "url_pdf": null, "num_citations": 16, "cluster_id": "12963309087993001823", "year": "2013", "url_citations": "http://scholar.google.com/scholar?cites=12963309087993001823&as_sdt=2005&sciodt=1,5&hl=en"}, {"num_versions": 13, "url_citation": null, "title": "Normalized online learning", "url": "http://arxiv.org/abs/1305.6646", "url_versions": "http://scholar.google.com/scholar?cluster=13813279906486898213&hl=en&as_sdt=1,5&sciodt=1,5&as_vis=1", "authors": "S Ross, P Mineiro, J Langford - arXiv preprint arXiv:1305.6646", "excerpt": "Abstract: We introduce online learning algorithms which are independent of feature scales, proving regret bounds dependent on the ratio of scales existent in the data rather than the absolute scale. This has several useful effects: there is no need to pre-normalize data, the  ...", "url_pdf": null, "num_citations": 9, "cluster_id": "13813279906486898213", "year": "2013", "url_citations": "http://scholar.google.com/scholar?cites=13813279906486898213&as_sdt=2005&sciodt=1,5&hl=en"}, {"num_versions": 16, "url_citation": null, "title": "New types of deep neural network learning for speech recognition and related applications: An overview", "url": "http://ieeexplore.ieee.org/xpls/abs_all.jsp?arnumber=6639344", "url_versions": "http://scholar.google.com/scholar?cluster=10871829039953032247&hl=en&as_sdt=1,5&sciodt=1,5&as_vis=1", "authors": "L Deng, G Hinton, B Kingsbury - Acoustics, Speech and Signal  \u2026", "excerpt": "ABSTRACT In this paper, we provide an overview of the invited and contributed papers presented at the special session at ICASSP-2013, entitled \u201cNew Types of Deep Neural Network Learning for Speech Recognition and Related Applications,\u201d as organized by the  ...", "url_pdf": null, "num_citations": 82, "cluster_id": "10871829039953032247", "year": "2013", "url_citations": "http://scholar.google.com/scholar?cites=10871829039953032247&as_sdt=2005&sciodt=1,5&hl=en"}, {"num_versions": 5, "url_citation": null, "title": "Deep learning for signal and information processing", "url": "http://cs.tju.edu.cn/web/docs/2013-Deep%20Learning%20for%20Signal%20and%20Information%20Processing.pdf", "url_versions": "http://scholar.google.com/scholar?cluster=7346768574939973182&hl=en&as_sdt=1,5&sciodt=1,5&as_vis=1", "authors": "L Deng, D Yu - Microsoft Research Monograph", "excerpt": "ABSTRACT This short monograph contains the material expanded from two tutorials that the authors gave, one at APSIPA in October 2011 and the other at ICASSP in March 2012. Substantial updates have been made based on the literature up to March, 2013, covering  ...", "url_pdf": "http://cs.tju.edu.cn/web/docs/2013-Deep%20Learning%20for%20Signal%20and%20Information%20Processing.pdf", "num_citations": 9, "cluster_id": "7346768574939973182", "year": "2013", "url_citations": "http://scholar.google.com/scholar?cites=7346768574939973182&as_sdt=2005&sciodt=1,5&hl=en"}, {"num_versions": 13, "url_citation": null, "title": "An adaptive learning rate for stochastic variational inference", "url": "http://jmlr.org/proceedings/papers/v28/ranganath13.html", "url_versions": "http://scholar.google.com/scholar?cluster=15317927237685024513&hl=en&as_sdt=1,5&sciodt=1,5&as_vis=1", "authors": "R Ranganath, C Wang, B David, E Xing - Proceedings of The 30th  \u2026", "excerpt": "Abstract Stochastic variational inference finds good posterior approximations of probabilistic models with very large data sets. It optimizes the variational objective with stochastic optimization, following noisy estimates of the natural gradient. Operationally, stochastic  ...", "url_pdf": null, "num_citations": 31, "cluster_id": "15317927237685024513", "year": "2013", "url_citations": "http://scholar.google.com/scholar?cites=15317927237685024513&as_sdt=2005&sciodt=1,5&hl=en"}, {"num_versions": 11, "url_citation": null, "title": "Maxout networks", "url": "http://arxiv.org/abs/1302.4389", "url_versions": "http://scholar.google.com/scholar?cluster=9154719469920231460&hl=en&as_sdt=1,5&sciodt=1,5&as_vis=1", "authors": "IJ Goodfellow, D Warde-Farley, M Mirza\u2026 - arXiv preprint arXiv: \u2026", "excerpt": "Abstract: We consider the problem of designing models to leverage a recently introduced approximate model averaging technique called dropout. We define a simple new model called maxout (so named because its output is the max of a set of inputs, and because it is  ...", "url_pdf": null, "num_citations": 276, "cluster_id": "9154719469920231460", "year": "2013", "url_citations": "http://scholar.google.com/scholar?cites=9154719469920231460&as_sdt=2005&sciodt=1,5&hl=en"}, {"num_versions": 6, "url_citation": null, "title": "On correlation and budget constraints in model-based bandit optimization with application to automatic machine learning", "url": "http://mlg.eng.cam.ac.uk/hoffmanm/papers/Hoffman:2014.pdf", "url_versions": "http://scholar.google.com/scholar?cluster=881039522421173699&hl=en&as_sdt=1,5&sciodt=1,5&as_vis=1", "authors": "MD Hoffman, B Shahriari\u2026 - Proceedings of the 17th  \u2026", "excerpt": "Abstract We address the problem of finding the maximizer of a nonlinear function that can only be evaluated, subject to noise, at a finite number of query locations. Further, we will assume that there is a constraint on the total number of permitted function evaluations. We  ...", "url_pdf": "http://mlg.eng.cam.ac.uk/hoffmanm/papers/Hoffman:2014.pdf", "num_citations": 13, "cluster_id": "881039522421173699", "year": "2014", "url_citations": "http://scholar.google.com/scholar?cites=881039522421173699&as_sdt=2005&sciodt=1,5&hl=en"}, {"num_versions": 5, "url_citation": null, "title": "A Novel Centralized Scheduling for Time-Slotted Optical Burst Switching in Elastic Optical Network", "url": "http://www.osapublishing.org/abstract.cfm?uri=Networks-2013-NW1C.3", "url_versions": "http://scholar.google.com/scholar?cluster=14118776762761323623&hl=en&as_sdt=1,5&sciodt=1,5&as_vis=1", "authors": "X Chen, B Guo, S Ma, P Zhang, J Li\u2026 - \u2026  Networks and Devices", "excerpt": "Abstract We proposed a novel centralized scheduling for bandwidth variable time-slotted optical burst switching (CBVTS-OBS) in elastic optical network. Compared with previous schemes, CBVTS-OBS reduces bandwidth blocking ratio significantly.", "url_pdf": null, "num_citations": 125, "cluster_id": "14118776762761323623", "year": "2013", "url_citations": "http://scholar.google.com/scholar?cites=14118776762761323623&as_sdt=2005&sciodt=1,5&hl=en"}, {"num_versions": 10, "url_citation": null, "title": "Making a science of model search: Hyperparameter optimization in hundreds of dimensions for vision architectures", "url": "http://jmlr.org/proceedings/papers/v28/bergstra13.html", "url_versions": "http://scholar.google.com/scholar?cluster=10987276144712583456&hl=en&as_sdt=1,5&sciodt=1,5&as_vis=1", "authors": "J Bergstra, D Yamins, D Cox - \u2026  of The 30th International Conference on  \u2026", "excerpt": "Abstract Many computer vision algorithms depend on configuration settings that are typically hand-tuned in the course of evaluating the algorithm for a particular data set. While such parameter tuning is often presented as being incidental to the algorithm, correctly setting  ...", "url_pdf": null, "num_citations": 47, "cluster_id": "10987276144712583456", "year": "2013", "url_citations": "http://scholar.google.com/scholar?cites=10987276144712583456&as_sdt=2005&sciodt=1,5&hl=en"}, {"num_versions": 4, "url_citation": null, "title": "Data mining in bone marrow transplant records to identify patients with high odds of survival", "url": "http://ieeexplore.ieee.org/xpls/abs_all.jsp?arnumber=6567920", "url_versions": "http://scholar.google.com/scholar?cluster=4048199620495225489&hl=en&as_sdt=1,5&sciodt=1,5&as_vis=1", "authors": "B Taati, J Snoek, D Aleman\u2026 - Biomedical and Health  \u2026", "excerpt": "Abstract\u2014Introduction: Patients undergoing a bone marrow stem cell transplant (BMT) face various risk factors. Analysing data from past transplants could enhance the understanding of the factors influencing success. Method: Records of up to 120 measurements per  ...", "url_pdf": null, "num_citations": 8, "cluster_id": "4048199620495225489", "year": "2014", "url_citations": "http://scholar.google.com/scholar?cites=4048199620495225489&as_sdt=2005&sciodt=1,5&hl=en"}, {"num_versions": 10, "url_citation": null, "title": "KL-divergence regularized deep neural network adaptation for improved large vocabulary speech recognition", "url": "http://ieeexplore.ieee.org/xpls/abs_all.jsp?arnumber=6639201", "url_versions": "http://scholar.google.com/scholar?cluster=7732628750597171003&hl=en&as_sdt=1,5&sciodt=1,5&as_vis=1", "authors": "D Yu, K Yao, H Su, G Li, F Seide - Acoustics, Speech and  \u2026", "excerpt": "ABSTRACT We propose a novel regularized adaptation technique for context dependent deep neural network hidden Markov models (CD-DNN-HMMs). The CD-DNN-HMM has a large output layer and many large hidden layers, each with thousands of neurons. The  ...", "url_pdf": null, "num_citations": 67, "cluster_id": "7732628750597171003", "year": "2013", "url_citations": "http://scholar.google.com/scholar?cites=7732628750597171003&as_sdt=2005&sciodt=1,5&hl=en"}, {"num_versions": 4, "url_citation": null, "title": "HEp-2 cell classification using shape index histograms with donut-shaped spatial pooling", "url": "http://ieeexplore.ieee.org/xpls/abs_all.jsp?arnumber=6802403", "url_versions": "http://scholar.google.com/scholar?cluster=9540712074553364941&hl=en&as_sdt=1,5&sciodt=1,5&as_vis=1", "authors": "ABL Larsen, JS Vestergaard\u2026 - Medical Imaging, IEEE  \u2026", "excerpt": "Abstract\u2014We present a new method for automatic classification of indirect immunoflourescence images of HEp-2 cells into different staining pattern classes. Our method is based on a new texture measure called shape index histograms that captures  ...", "url_pdf": null, "num_citations": 12, "cluster_id": "9540712074553364941", "year": "2014", "url_citations": "http://scholar.google.com/scholar?cites=9540712074553364941&as_sdt=2005&sciodt=1,5&hl=en"}, {"num_versions": 7, "url_citation": null, "title": "Regularization of neural networks using dropconnect", "url": "http://machinelearning.wustl.edu/mlpapers/papers/icml2013_wan13", "url_versions": "http://scholar.google.com/scholar?cluster=10803576202345658680&hl=en&as_sdt=1,5&sciodt=1,5&as_vis=1", "authors": "L Wan, M Zeiler, S Zhang\u2026 - Proceedings of the  \u2026", "excerpt": "Abstract: We introduce DropConnect, a generalization of DropOut, for regularizing large fully-connected layers within neural networks. When training with Dropout, a randomly selected subset of activations are set to zero within each layer. DropConnect instead sets a  ...", "url_pdf": null, "num_citations": 156, "cluster_id": "10803576202345658680", "year": "2013", "url_citations": "http://scholar.google.com/scholar?cites=10803576202345658680&as_sdt=2005&sciodt=1,5&hl=en"}, {"num_versions": 7, "url_citation": null, "title": "GPS-ABC: Gaussian process surrogate approximate Bayesian computation", "url": "http://arxiv.org/abs/1401.2838", "url_versions": "http://scholar.google.com/scholar?cluster=10704734947636626454&hl=en&as_sdt=1,5&sciodt=1,5&as_vis=1", "authors": "E Meeds, M Welling - arXiv preprint arXiv:1401.2838", "excerpt": "Abstract: Scientists often express their understanding of the world through a computationally demanding simulation program. Analyzing the posterior distribution of the parameters given observations (the inverse problem) can be extremely challenging. The Approximate  ...", "url_pdf": null, "num_citations": 12, "cluster_id": "10704734947636626454", "year": "2014", "url_citations": "http://scholar.google.com/scholar?cites=10704734947636626454&as_sdt=2005&sciodt=1,5&hl=en"}, {"num_versions": 6, "url_citation": null, "title": "Black box optimization for automatic speech recognition", "url": "http://ieeexplore.ieee.org/xpls/abs_all.jsp?arnumber=6854202", "url_versions": "http://scholar.google.com/scholar?cluster=15714369445761750509&hl=en&as_sdt=1,5&sciodt=1,5&as_vis=1", "authors": "S Watanabe, J Le Roux - Acoustics, Speech and Signal  \u2026", "excerpt": "ABSTRACT State-of-the-art automatic speech recognition (ASR) systems are very complex, combining multiple techniques and involving many types of tuning parameters (eg, numbers of states and Gaussians in HMMs, numbers of neurons/layers and learning rates in neural  ...", "url_pdf": null, "num_citations": 7, "cluster_id": "15714369445761750509", "year": "2014", "url_citations": "http://scholar.google.com/scholar?cites=15714369445761750509&as_sdt=2005&sciodt=1,5&hl=en"}, {"num_versions": 3, "url_citation": null, "title": "A tutorial survey of architectures, algorithms, and applications for deep learning", "url": "http://journals.cambridge.org/abstract_S2048770313000097", "url_versions": "http://scholar.google.com/scholar?cluster=4381743472348703222&hl=en&as_sdt=1,5&sciodt=1,5&as_vis=1", "authors": "L Deng - APSIPA Transactions on Signal and Information  \u2026", "excerpt": "Abstract In this invited paper, my overview material on the same topic as presented in the plenary overview session of APSIPA-2011 and the tutorial material presented in the same conference [1] are expanded and updated to include more recent developments in deep  ...", "url_pdf": null, "num_citations": 18, "cluster_id": "4381743472348703222", "year": "2014", "url_citations": "http://scholar.google.com/scholar?cites=4381743472348703222&as_sdt=2005&sciodt=1,5&hl=en"}, {"num_versions": 4, "url_citation": null, "title": "Hyperopt: A Python library for optimizing the hyperparameters of machine learning algorithms", "url": "http://conference.scipy.org/proceedings/scipy2013/pdfs/bergstra_hyperopt.pdf", "url_versions": "http://scholar.google.com/scholar?cluster=4090146850565226752&hl=en&as_sdt=1,5&sciodt=1,5&as_vis=1", "authors": "J Bergstra, D Yamins, DD Cox - \u2026  of the 12th Python in Science  \u2026", "excerpt": "Abstract\u2014Sequential model-based optimization (also known as Bayesian optimization) is one of the most efficient methods (per function evaluation) of function minimization. This efficiency makes it appropriate for optimizing the hyperparameters of machine learning  ...", "url_pdf": "http://conference.scipy.org/proceedings/scipy2013/pdfs/bergstra_hyperopt.pdf", "num_citations": 11, "cluster_id": "4090146850565226752", "year": "2013", "url_citations": "http://scholar.google.com/scholar?cites=4090146850565226752&as_sdt=2005&sciodt=1,5&hl=en"}, {"num_versions": 4, "url_citation": null, "title": "Adaptive dropout for training deep neural networks", "url": "http://papers.nips.cc/paper/5032-ada", "url_versions": "http://scholar.google.com/scholar?cluster=6403270944757391450&hl=en&as_sdt=1,5&sciodt=1,5&as_vis=1", "authors": "J Ba, B Frey - Advances in Neural Information Processing Systems", "excerpt": "Abstract Recently, it was shown that by dropping out hidden activities with a probability of 0.5, deep neural networks can perform very well. We describe a model in which a binary belief network is overlaid on a neural network and is used to decrease the information  ...", "url_pdf": null, "num_citations": 24, "cluster_id": "6403270944757391450", "year": "2013", "url_citations": "http://scholar.google.com/scholar?cites=6403270944757391450&as_sdt=2005&sciodt=1,5&hl=en"}, {"num_versions": 8, "url_citation": null, "title": "Dynamic clustering via asymptotics of the Dependent dirichlet process mixture", "url": "http://papers.nips.cc/paper/5094-dynamic-clustering-via-asymptotics-of-the-dependent-dirichlet-process-mixture", "url_versions": "http://scholar.google.com/scholar?cluster=2724506747913801842&hl=en&as_sdt=1,5&sciodt=1,5&as_vis=1", "authors": "T Campbell, M Liu, B Kulis, JP How\u2026 - Advances in Neural  \u2026", "excerpt": "Abstract This paper presents a novel algorithm, based upon the dependent Dirichlet process mixture model (DDPMM), for clustering batch-sequential data containing an unknown number of evolving clusters. The algorithm is derived via a low-variance asymptotic  ...", "url_pdf": null, "num_citations": 9, "cluster_id": "2724506747913801842", "year": "2013", "url_citations": "http://scholar.google.com/scholar?cites=2724506747913801842&as_sdt=2005&sciodt=1,5&hl=en"}, {"num_versions": 11, "url_citation": null, "title": "Auto-WEKA: Combined selection and hyperparameter optimization of classification algorithms", "url": "http://dl.acm.org/citation.cfm?id=2487629", "url_versions": "http://scholar.google.com/scholar?cluster=7511069319315769785&hl=en&as_sdt=1,5&sciodt=1,5&as_vis=1", "authors": "C Thornton, F Hutter, HH Hoos\u2026 - Proceedings of the 19th  \u2026", "excerpt": "Abstract Many different machine learning algorithms exist; taking into account each algorithm's hyperparameters, there is a staggeringly large number of possible alternatives overall. We consider the problem of simultaneously selecting a learning algorithm and  ...", "url_pdf": null, "num_citations": 80, "cluster_id": "7511069319315769785", "year": "2013", "url_citations": "http://scholar.google.com/scholar?cites=7511069319315769785&as_sdt=2005&sciodt=1,5&hl=en"}, {"num_versions": 17, "url_citation": null, "title": "Learning parameterized skills", "url": "http://arxiv.org/abs/1206.6398", "url_versions": "http://scholar.google.com/scholar?cluster=7788009054119205163&hl=en&as_sdt=1,5&sciodt=1,5&as_vis=1", "authors": "B Da Silva, G Konidaris, A Barto - arXiv preprint arXiv:1206.6398", "excerpt": "Abstract: We introduce a method for constructing skills capable of solving tasks drawn from a distribution of parameterized reinforcement learning problems. The method draws example tasks from a distribution of interest and uses the corresponding learned policies to  ...", "url_pdf": null, "num_citations": 48, "cluster_id": "7788009054119205163", "year": "2012", "url_citations": "http://scholar.google.com/scholar?cites=7788009054119205163&as_sdt=2005&sciodt=1,5&hl=en"}, {"num_versions": 14, "url_citation": null, "title": "Input warping for Bayesian optimization of non-stationary functions", "url": "http://arxiv.org/abs/1402.0929", "url_versions": "http://scholar.google.com/scholar?cluster=1474318809555405205&hl=en&as_sdt=1,5&sciodt=1,5&as_vis=1", "authors": "J Snoek, K Swersky, RS Zemel, RP Adams - arXiv preprint arXiv: \u2026", "excerpt": "Abstract: Bayesian optimization has proven to be a highly effective methodology for the global optimization of unknown, expensive and multimodal functions. The ability to accurately model distributions over functions is critical to the effectiveness of Bayesian  ...", "url_pdf": null, "num_citations": 15, "cluster_id": "1474318809555405205", "year": "2014", "url_citations": "http://scholar.google.com/scholar?cites=1474318809555405205&as_sdt=2005&sciodt=1,5&hl=en"}, {"num_versions": 10, "url_citation": null, "title": "Programming by feedback", "url": "http://scholar.google.com/https://hal.inria.fr/hal-00980839/", "url_versions": "http://scholar.google.com/scholar?cluster=9871590290629715920&hl=en&as_sdt=1,5&sciodt=1,5&as_vis=1", "authors": "R Akrour, M Schoenauer, M Sebag\u2026 - \u2026  Conference on Machine  \u2026", "excerpt": "This paper advocates a new ML-based programming framework, called Programming by Feedback (PF), which involves a sequence of interactions between the active computer and the user. The latter only provides preference judgments on pairs of solutions supplied by  ...", "url_pdf": null, "num_citations": 5, "cluster_id": "9871590290629715920", "year": "2014", "url_citations": "http://scholar.google.com/scholar?cites=9871590290629715920&as_sdt=2005&sciodt=1,5&hl=en"}, {"num_versions": 7, "url_citation": null, "title": "Towards an empirical foundation for assessing bayesian optimization of hyperparameters", "url": "http://scholar.google.com/https://www.cs.ubc.ca/%7Ehoos/Publ/EggEtAl13.pdf", "url_versions": "http://scholar.google.com/scholar?cluster=514855481783344892&hl=en&as_sdt=1,5&sciodt=1,5&as_vis=1", "authors": "K Eggensperger, M Feurer, F Hutter, J Bergstra\u2026 - NIPS workshop on  \u2026", "excerpt": "Abstract Progress in practical Bayesian optimization is hampered by the fact that the only available standard benchmarks are artificial test functions that are not representative of practical applications. To alleviate this problem, we introduce a library of benchmarks from  ...", "url_pdf": "http://scholar.google.com/https://www.cs.ubc.ca/%7Ehoos/Publ/EggEtAl13.pdf", "num_citations": 28, "cluster_id": "514855481783344892", "year": "2013", "url_citations": "http://scholar.google.com/scholar?cites=514855481783344892&as_sdt=2005&sciodt=1,5&hl=en"}, {"num_versions": 14, "url_citation": null, "title": "Stacked autoencoders for unsupervised feature learning and multiple organ detection in a pilot study using 4D patient data", "url": "http://ieeexplore.ieee.org/xpls/abs_all.jsp?arnumber=6399478", "url_versions": "http://scholar.google.com/scholar?cluster=11055548843702499225&hl=en&as_sdt=1,5&sciodt=1,5&as_vis=1", "authors": "HC Shin, MR Orton, DJ Collins\u2026 - Pattern Analysis and  \u2026", "excerpt": "Abstract\u2014Medical image analysis remains a challenging application area for artificial intelligence. When applying machine learning, obtaining ground-truth labels for supervised learning is more difficult than in many more common applications of machine learning.  ...", "url_pdf": null, "num_citations": 24, "cluster_id": "11055548843702499225", "year": "2013", "url_citations": "http://scholar.google.com/scholar?cites=11055548843702499225&as_sdt=2005&sciodt=1,5&hl=en"}, {"num_versions": 9, "url_citation": null, "title": "RNADE: The real-valued neural autoregressive density-estimator", "url": "http://papers.nips.cc/paper/5060-rnade-the-real-valued-neural-autoregressive-density-estimator", "url_versions": "http://scholar.google.com/scholar?cluster=7711940165531441706&hl=en&as_sdt=1,5&sciodt=1,5&as_vis=1", "authors": "B Uria, I Murray, H Larochelle - Advances in Neural Information  \u2026", "excerpt": "Abstract We introduce RNADE, a new model for joint density estimation of real-valued vectors. Our model calculates the density of a datapoint as the product of one-dimensional conditionals modeled using mixture density networks with shared parameters. RNADE  ...", "url_pdf": null, "num_citations": 16, "cluster_id": "7711940165531441706", "year": "2013", "url_citations": "http://scholar.google.com/scholar?cites=7711940165531441706&as_sdt=2005&sciodt=1,5&hl=en"}, {"num_versions": 14, "url_citation": null, "title": "Nonparametric guidance of autoencoder representations using label information", "url": "http://dl.acm.org/citation.cfm?id=2503324", "url_versions": "http://scholar.google.com/scholar?cluster=8988823471522514231&hl=en&as_sdt=1,5&sciodt=1,5&as_vis=1", "authors": "J Snoek, RP Adams, H Larochelle - The Journal of Machine Learning  \u2026", "excerpt": "Abstract While unsupervised learning has long been useful for density modeling, exploratory data analysis and visualization, it has become increasingly important for discovering features that will later be used for discriminative tasks. Discriminative algorithms often  ...", "url_pdf": null, "num_citations": 10, "cluster_id": "8988823471522514231", "year": "2012", "url_citations": "http://scholar.google.com/scholar?cites=8988823471522514231&as_sdt=2005&sciodt=1,5&hl=en"}, {"num_versions": 11, "url_citation": null, "title": "Investigation of maxout networks for speech recognition", "url": "http://ieeexplore.ieee.org/xpls/abs_all.jsp?arnumber=6855088", "url_versions": "http://scholar.google.com/scholar?cluster=1540311442719363872&hl=en&as_sdt=1,5&sciodt=1,5&as_vis=1", "authors": "P Swietojanski, J Li, JT Huang - Acoustics, Speech and Signal  \u2026", "excerpt": "ABSTRACT We explore the use of maxout neuron in various aspects of acoustic modelling for large vocabulary speech recognition systems; including low-resource scenario and multilingual knowledge transfers. Through the experiments on voice search and short  ...", "url_pdf": null, "num_citations": 9, "cluster_id": "1540311442719363872", "year": "2014", "url_citations": "http://scholar.google.com/scholar?cites=1540311442719363872&as_sdt=2005&sciodt=1,5&hl=en"}, {"num_versions": 6, "url_citation": null, "title": "Machine learning for aerial image labeling", "url": "http://scholar.google.com/https://tspace.library.utoronto.ca/handle/1807/35911", "url_versions": "http://scholar.google.com/scholar?cluster=11823479928157505953&hl=en&as_sdt=1,5&sciodt=1,5&as_vis=1", "authors": "V Mnih -", "excerpt": "Information extracted from aerial photographs has found applications in a wide range of areas including urban planning, crop and forest management, disaster relief, and climate modeling. At present, much of the extraction is still performed by human experts, making  ...", "url_pdf": null, "num_citations": 7, "cluster_id": "11823479928157505953", "year": "2013", "url_citations": "http://scholar.google.com/scholar?cites=11823479928157505953&as_sdt=2005&sciodt=1,5&hl=en"}, {"num_versions": 3, "url_citation": null, "title": "Show, attend and tell: Neural image caption generation with visual attention", "url": "http://arxiv.org/abs/1502.03044", "url_versions": "http://scholar.google.com/scholar?cluster=9471583366007765258&hl=en&as_sdt=1,5&sciodt=1,5&as_vis=1", "authors": "K Xu, J Ba, R Kiros, A Courville\u2026 - arXiv preprint arXiv: \u2026", "excerpt": "Abstract: Inspired by recent work in machine translation and object detection, we introduce an attention based model that automatically learns to describe the content of images. We describe how we can train this model in a deterministic manner using standard  ...", "url_pdf": null, "num_citations": 42, "cluster_id": "9471583366007765258", "year": "2015", "url_citations": "http://scholar.google.com/scholar?cites=9471583366007765258&as_sdt=2005&sciodt=1,5&hl=en"}, {"num_versions": 9, "url_citation": null, "title": "Bayesian optimization in high dimensions via random embeddings", "url": "http://dl.acm.org/citation.cfm?id=2540383", "url_versions": "http://scholar.google.com/scholar?cluster=14974574912687575267&hl=en&as_sdt=1,5&sciodt=1,5&as_vis=1", "authors": "Z Wang, M Zoghi, F Hutter, D Matheson\u2026 - Proceedings of the  \u2026", "excerpt": "Abstract Bayesian optimization techniques have been successfully applied to robotics, planning, sensor placement, recommendation, advertising, intelligent user interfaces and automatic algorithm configuration. Despite these successes, the approach is restricted to  ...", "url_pdf": null, "num_citations": 36, "cluster_id": "14974574912687575267", "year": "2013", "url_citations": "http://scholar.google.com/scholar?cites=14974574912687575267&as_sdt=2005&sciodt=1,5&hl=en"}, {"num_versions": 13, "url_citation": null, "title": "Bayesian gait optimization for bipedal locomotion", "url": "http://link.springer.com/chapter/10.1007/978-3-319-09584-4_25", "url_versions": "http://scholar.google.com/scholar?cluster=15948877161553007362&hl=en&as_sdt=1,5&sciodt=1,5&as_vis=1", "authors": "R Calandra, N Gopalan, A Seyfarth, J Peters\u2026 - Learning and Intelligent  \u2026", "excerpt": "Abstract One of the key challenges in robotic bipedal locomotion is finding gait parameters that optimize a desired performance criterion, such as speed, robustness or energy efficiency. Typically, gait optimization requires extensive robot experiments and specific  ...", "url_pdf": null, "num_citations": 8, "cluster_id": "15948877161553007362", "year": "2014", "url_citations": "http://scholar.google.com/scholar?cites=15948877161553007362&as_sdt=2005&sciodt=1,5&hl=en"}, {"num_versions": 7, "url_citation": null, "title": "Efficient transfer learning method for automatic hyperparameter tuning", "url": "http://www.cs.cmu.edu/%7Edyogatam/papers/yogatama+mann.aistats2014.pdf", "url_versions": "http://scholar.google.com/scholar?cluster=7279473358096261249&hl=en&as_sdt=1,5&sciodt=1,5&as_vis=1", "authors": "D Yogatama, G Mann - Transfer", "excerpt": "Abstract We propose a fast and effective algorithm for automatic hyperparameter tuning that can generalize across datasets. Our method is an instance of sequential model-based optimization (SMBO) that transfers information by constructing a common response  ...", "url_pdf": "http://www.cs.cmu.edu/%7Edyogatam/papers/yogatama+mann.aistats2014.pdf", "num_citations": 12, "cluster_id": "7279473358096261249", "year": "2014", "url_citations": "http://scholar.google.com/scholar?cites=7279473358096261249&as_sdt=2005&sciodt=1,5&hl=en"}, {"num_versions": 10, "url_citation": null, "title": "An efficient approach for assessing hyperparameter importance", "url": "http://machinelearning.wustl.edu/mlpapers/papers/icml2014c1_hutter14", "url_versions": "http://scholar.google.com/scholar?cluster=2341371337005807501&hl=en&as_sdt=1,5&sciodt=1,5&as_vis=1", "authors": "F Hutter, H Hoos\u2026 - Proceedings of the  \u2026", "excerpt": "Abstract: The performance of many machine learning methods depends critically on hyperparameter settings. Sophisticated Bayesian optimization methods have recently achieved considerable successes in optimizing these hyperparameters, in several cases  ...", "url_pdf": null, "num_citations": 16, "cluster_id": "2341371337005807501", "year": "2014", "url_citations": "http://scholar.google.com/scholar?cites=2341371337005807501&as_sdt=2005&sciodt=1,5&hl=en"}, {"num_versions": 4, "url_citation": null, "title": "PCANet: A simple deep learning baseline for image classification?", "url": "http://arxiv.org/abs/1404.3606", "url_versions": "http://scholar.google.com/scholar?cluster=2674972264919333414&hl=en&as_sdt=1,5&sciodt=1,5&as_vis=1", "authors": "TH Chan, K Jia, S Gao, J Lu, Z Zeng, Y Ma - arXiv preprint arXiv: \u2026", "excerpt": "Abstract: In this work, we propose a very simple deep learning network for image classification which comprises only the very basic data processing components: cascaded principal component analysis (PCA), binary hashing, and block-wise histograms. In the  ...", "url_pdf": null, "num_citations": 34, "cluster_id": "2674972264919333414", "year": "2014", "url_citations": "http://scholar.google.com/scholar?cites=2674972264919333414&as_sdt=2005&sciodt=1,5&hl=en"}, {"num_versions": 5, "url_citation": null, "title": "Bayesian optimization in a billion dimensions via random embeddings", "url": "http://arxiv.org/abs/1301.1942", "url_versions": "http://scholar.google.com/scholar?cluster=10563110328035474410&hl=en&as_sdt=1,5&sciodt=1,5&as_vis=1", "authors": "Z Wang, M Zoghi, F Hutter, D Matheson\u2026 - arXiv preprint arXiv: \u2026", "excerpt": "Abstract: Bayesian optimization techniques have been successfully applied to robotics, planning, sensor placement, recommendation, advertising, intelligent user interfaces and automatic algorithm configuration. Despite these successes, the approach is restricted to  ...", "url_pdf": null, "num_citations": 6, "cluster_id": "10563110328035474410", "year": "2013", "url_citations": "http://scholar.google.com/scholar?cites=10563110328035474410&as_sdt=2005&sciodt=1,5&hl=en"}, {"num_versions": 9, "url_citation": null, "title": "Improving deep neural networks for LVCSR using rectified linear units and dropout", "url": "http://ieeexplore.ieee.org/xpls/abs_all.jsp?arnumber=6639346", "url_versions": "http://scholar.google.com/scholar?cluster=2302185054805022162&hl=en&as_sdt=1,5&sciodt=1,5&as_vis=1", "authors": "GE Dahl, TN Sainath, GE Hinton - Acoustics, Speech and  \u2026", "excerpt": "ABSTRACT Recently, pre-trained deep neural networks (DNNs) have outperformed traditional acoustic models based on Gaussian mixture models (GMMs) on a variety of large vocabulary speech recognition benchmarks. Deep neural nets have also achieved  ...", "url_pdf": null, "num_citations": 162, "cluster_id": "2302185054805022162", "year": "2013", "url_citations": "http://scholar.google.com/scholar?cites=2302185054805022162&as_sdt=2005&sciodt=1,5&hl=en"}, {"num_versions": 5, "url_citation": null, "title": "Training recurrent neural networks", "url": "http://www.cs.utoronto.ca/%7Eilya/pubs/ilya_sutskever_phd_thesis.pdf", "url_versions": "http://scholar.google.com/scholar?cluster=11547556497378421036&hl=en&as_sdt=1,5&sciodt=1,5&as_vis=1", "authors": "I Sutskever -", "excerpt": "Recurrent Neural Networks (RNNs) are artificial neural network models that are well-suited for pattern classification tasks whose inputs and outputs are sequences. The importance of developing methods for mapping sequences to sequences is exemplified by tasks such as  ...", "url_pdf": "http://www.cs.utoronto.ca/%7Eilya/pubs/ilya_sutskever_phd_thesis.pdf", "num_citations": 43, "cluster_id": "11547556497378421036", "year": "2013", "url_citations": "http://scholar.google.com/scholar?cites=11547556497378421036&as_sdt=2005&sciodt=1,5&hl=en"}, {"num_versions": 7, "url_citation": null, "title": "Bayesian optimization with unknown constraints", "url": "http://arxiv.org/abs/1403.5607", "url_versions": "http://scholar.google.com/scholar?cluster=4321959128997134895&hl=en&as_sdt=1,5&sciodt=1,5&as_vis=1", "authors": "MA Gelbart, J Snoek, RP Adams - arXiv preprint arXiv:1403.5607", "excerpt": "Abstract: Recent work on Bayesian optimization has shown its effectiveness in global optimization of difficult black-box objective functions. Many real-world optimization problems of interest also have constraints which are unknown a priori. In this paper, we study  ...", "url_pdf": null, "num_citations": 9, "cluster_id": "4321959128997134895", "year": "2014", "url_citations": "http://scholar.google.com/scholar?cites=4321959128997134895&as_sdt=2005&sciodt=1,5&hl=en"}, {"num_versions": 7, "url_citation": null, "title": "Predictive entropy search for efficient global optimization of black-box functions", "url": "http://papers.nips.cc/paper/5324-online-decision-making-in-general-combinatorial-spaces", "url_versions": "http://scholar.google.com/scholar?cluster=13320162437836414042&hl=en&as_sdt=1,5&sciodt=1,5&as_vis=1", "authors": "JM Hern\u00e1ndez-Lobato, MW Hoffman\u2026 - Advances in Neural  \u2026", "excerpt": "Abstract We propose a novel information-theoretic approach for Bayesian optimization called Predictive Entropy Search (PES). At each iteration, PES selects the next evaluation point that maximizes the expected information gained with respect to the global maximum.  ...", "url_pdf": null, "num_citations": 11, "cluster_id": "13320162437836414042", "year": "2014", "url_citations": "http://scholar.google.com/scholar?cites=13320162437836414042&as_sdt=2005&sciodt=1,5&hl=en"}, {"num_versions": 15, "url_citation": null, "title": "Collaborative hyperparameter tuning", "url": "http://machinelearning.wustl.edu/mlpapers/papers/bardenet13", "url_versions": "http://scholar.google.com/scholar?cluster=15520306672384029246&hl=en&as_sdt=1,5&sciodt=1,5&as_vis=1", "authors": "R \u00e9mi Bardenet, M ty \u00e1s Brendel\u2026 - Proceedings of the  \u2026", "excerpt": "Abstract: Hyperparameter learning has traditionally been a manual task because of the limited number of trials. Today's computing infrastructures allow bigger evaluation budgets, thus opening the way for algorithmic approaches. Recently, surrogate-based optimization  ...", "url_pdf": null, "num_citations": 33, "cluster_id": "15520306672384029246", "year": "2013", "url_citations": "http://scholar.google.com/scholar?cites=15520306672384029246&as_sdt=2005&sciodt=1,5&hl=en"}, {"num_versions": 14, "url_citation": null, "title": "MITIE: Simultaneous RNA-Seq-based transcript identification and quantification in multiple samples", "url": "http://bioinformatics.oxfordjournals.org/content/29/20/2529.short", "url_versions": "http://scholar.google.com/scholar?cluster=3125693913247267356&hl=en&as_sdt=1,5&sciodt=1,5&as_vis=1", "authors": "J Behr, A Kahles, Y Zhong, VT Sreedharan\u2026 -  \u2026", "excerpt": "Abstract Motivation: High-throughput sequencing of mRNA (RNA-Seq) has led to tremendous improvements in the detection of expressed genes and reconstruction of RNA transcripts. However, the extensive dynamic range of gene expression, technical  ...", "url_pdf": null, "num_citations": 20, "cluster_id": "3125693913247267356", "year": "2013", "url_citations": "http://scholar.google.com/scholar?cites=3125693913247267356&as_sdt=2005&sciodt=1,5&hl=en"}, {"num_versions": 10, "url_citation": null, "title": "GEFCom2012 hierarchical load forecasting: Gradient boosting machines and Gaussian processes", "url": "http://www.sciencedirect.com/science/article/pii/S0169207013000757", "url_versions": "http://scholar.google.com/scholar?cluster=3941089463856088480&hl=en&as_sdt=1,5&sciodt=1,5&as_vis=1", "authors": "JR Lloyd - International Journal of Forecasting", "excerpt": "Abstract This report discusses methods for forecasting hourly loads of a US utility as part of the load forecasting track of the Global Energy Forecasting Competition 2012 hosted on Kaggle. The methods described (gradient boosting machines and Gaussian processes)  ...", "url_pdf": null, "num_citations": 5, "cluster_id": "3941089463856088480", "year": "2014", "url_citations": "http://scholar.google.com/scholar?cites=3941089463856088480&as_sdt=2005&sciodt=1,5&hl=en"}]