[{"num_versions": 2, "url_citation": null, "title": "The Relationship of Study and Learning approaches with Students' Academic Achievement in Rafsanjan University of Medical Sciences", "url": "http://ijme.mui.ac.ir/browse.php?a_code=A-10-2227-1&slc_lang=en&sid=1&sw=Learning+and+study+strategies", "url_versions": "http://scholar.google.com/scholar?cluster=15225123492443062320&hl=en&as_sdt=1,5&sciodt=1,5&as_vis=1", "authors": "E Shahrabadi, M Rezaeian\u2026 - Iranian Journal of Medical  \u2026", "excerpt": "Introduction: Most experts consider learning approach as the fundamental basis of learning dividing it into two parts of deep learning approach and surface learning approach. This is an endeavor to investigate the relationship between learning and study approaches with  ...", "url_pdf": null, "num_citations": 1, "cluster_id": "15225123492443062320", "year": "2014", "url_citations": "http://scholar.google.com/scholar?cites=15225123492443062320&as_sdt=2005&sciodt=1,5&hl=en"}, {"num_versions": 3, "url_citation": null, "title": "Association of Learning Approaches With Academic Performance of Sri Lankan First-Year Dental Students", "url": "http://www.tandfonline.com/doi/abs/10.1080/10401334.2013.827978", "url_versions": "http://scholar.google.com/scholar?cluster=14558507687120119618&hl=en&as_sdt=1,5&sciodt=1,5&as_vis=1", "authors": "CK Jayawardena, TN Hewapathirana\u2026 - \u2026  and learning in  \u2026", "excerpt": "Background: Primarily deep approach (DA) and surface approach (SA) to learning have been distinguished among students. Purpose: We aimed to determine the learning approaches and their association with the academic performance of a batch of 1st-year Sri  ...", "url_pdf": null, "num_citations": 0, "cluster_id": null, "year": "2013", "url_citations": null}, {"num_versions": 16, "url_citation": null, "title": "Factors influencing the approaches to studying of preclinical and clinical students and postgraduate trainees", "url": "http://www.biomedcentral.com/1472-6920/11/22", "url_versions": "http://scholar.google.com/scholar?cluster=2638057682903159462&hl=en&as_sdt=1,5&sciodt=1,5&as_vis=1", "authors": "DP Wickramasinghe\u2026 - BMC medical education", "excerpt": "Background Students can be classified into three categories depending on their approaches to studying; namely, deep approach (DA), strategic approach (SA) and surface apathetic or superficial approach (SAA). The aim of this study was to identify factors affecting the  ...", "url_pdf": null, "num_citations": 12, "cluster_id": "2638057682903159462", "year": "2011", "url_citations": "http://scholar.google.com/scholar?cites=2638057682903159462&as_sdt=2005&sciodt=1,5&hl=en"}]