[{"num_versions": 0, "url_citation": null, "title": "Bedingungen innovativen Handelns in Schulen. Funktion und Interaktion von Innovationsbereitschaft, Innovationsklima und Akteursnetzwerken am Beispiel  \u2026", "url": "http://scholar.google.com/https://books.google.com/books?hl=en&lr=&id=8Gv6eaGVZOUC&oi=fnd&pg=PA5&ots=juym6L7E8v&sig=MlkZQLx4bnbDzlXchV0BvsqJymA", "url_versions": null, "authors": "D Prasse -", "excerpt": "Sowohl Lehrkr\u00e4fte als auch Schulen unterscheiden sich stark in Umfang und Qualit\u00e4t der Implementation neuer Informations-und Kommunikationstechnologien in ihrem Unterricht. Die bisherige Forschung hat versucht, auf verschiedenen Ebenen des Schulsystems  ...", "url_pdf": null, "num_citations": 3, "cluster_id": "14822114965884366861", "year": "2012", "url_citations": "http://scholar.google.com/scholar?cites=14822114965884366861&as_sdt=2005&sciodt=1,5&hl=en"}, {"num_versions": 5, "url_citation": null, "title": "La gesti\u00f3 del coneixement en les organitzacions educatives", "url": "http://revistes.iec.cat/index.php/RCP/article/viewArticle/58516", "url_versions": "http://scholar.google.com/scholar?cluster=6722873464265815859&hl=en&as_sdt=1,5&sciodt=1,5&as_vis=1", "authors": "D Rodr\u00edguez-G\u00f3mez - Revista Catalana de Pedagogia", "excerpt": "Resum L'aparici\u00f3 i el desenvolupament de nous entorns de treball i aprenentatge s\u00f3n cada vegada m\u00e9s habituals en la societat del coneixement. En aquest context, la gesti\u00f3 del coneixement ha esdevingut r\u00e0pidament una estrat\u00e8gia fonamental per millorar els  ...", "url_pdf": null, "num_citations": 0, "cluster_id": null, "year": "2012", "url_citations": null}, {"num_versions": 6, "url_citation": null, "title": "ICT-integrated education and national innovation systems in the Gulf Cooperation Council (GCC) countries", "url": "http://www.sciencedirect.com/science/article/pii/S0360131512000565", "url_versions": "http://scholar.google.com/scholar?cluster=14348607848256285451&hl=en&as_sdt=1,5&sciodt=1,5&as_vis=1", "authors": "AW Wiseman, E Anderson - Computers & Education", "excerpt": "The widespread use and availability of information and communication technologies (ICT) has greatly impacted how nations conceptualize innovation and the ways formal mass education can be used to advance socio-political and economic agendas. The Gulf  ...", "url_pdf": null, "num_citations": 21, "cluster_id": "14348607848256285451", "year": "2012", "url_citations": "http://scholar.google.com/scholar?cites=14348607848256285451&as_sdt=2005&sciodt=1,5&hl=en"}, {"num_versions": 10, "url_citation": null, "title": "Cambio y mejora en las organizaciones educativas", "url": "http://www.raco.cat/index.php/Educar/article/viewArticle/244621/0", "url_versions": "http://scholar.google.com/scholar?cluster=15694285586933293108&hl=en&as_sdt=1,5&sciodt=1,5&as_vis=1", "authors": "JG Sall\u00e1n, D Rodr\u00edguez-G\u00f3mez -", "excerpt": "Resumen La presente aportaci\u00f3n se sit\u00faa en el marco de las propuestas que consideran al centro educativa como contexto id\u00f3neo para promover el cambio y la mejora escolar. La innovaci\u00f3n o la institucionalizaci\u00f3n de los cambios es, al respecto, el referente que se  ...", "url_pdf": null, "num_citations": 8, "cluster_id": "15694285586933293108", "year": "2011", "url_citations": "http://scholar.google.com/scholar?cites=15694285586933293108&as_sdt=2005&sciodt=1,5&hl=en"}, {"num_versions": 2, "url_citation": null, "title": "Creativity and arts-based knowledge creation in diverse educational partnership practices: Lessons from two case studies in rethinking traditional spaces for  \u2026", "url": "http://education.unimelb.edu.au/__data/assets/pdf_file/0004/1105888/burnard-paper.pdf", "url_versions": "http://scholar.google.com/scholar?cluster=4565992064087760091&hl=en&as_sdt=1,5&sciodt=1,5&as_vis=1", "authors": "DRA TRIANTAFYLLAKI\u2026 - The University of  \u2026", "excerpt": "ABSTRACT This paper suggests that transforming current educational practices and learning cultures could very well depend on merging individual potential and competencies with collaborative arts practices in non-formal contexts as important sites for creativity. Arts  ...", "url_pdf": "http://education.unimelb.edu.au/__data/assets/pdf_file/0004/1105888/burnard-paper.pdf", "num_citations": 3, "cluster_id": "4565992064087760091", "year": "2010", "url_citations": "http://scholar.google.com/scholar?cites=4565992064087760091&as_sdt=2005&sciodt=1,5&hl=en"}, {"num_versions": 0, "url_citation": null, "title": "The project-based learning and collaborative learning model for innovative knowledge creation for undergraduate students in higher education institutions", "url": "http://www.editlib.org/p/37303/", "url_versions": null, "authors": "N Songkram - Global Learn", "excerpt": "Abstract This paper is a report on the findings of a study conducted on project-based learning and collaborative learning model for innovative knowledge creation for undergraduate students in higher education institutions. The methodology of this study  ...", "url_pdf": null, "num_citations": 3, "cluster_id": "2198561481981160483", "year": "2011", "url_citations": "http://scholar.google.com/scholar?cites=2198561481981160483&as_sdt=2005&sciodt=1,5&hl=en"}, {"num_versions": 4, "url_citation": null, "title": "\u5bf9\u534e\u4e3a\u77e5\u8bc6\u521b\u65b0\u8fc7\u7a0b\u7684\u7406\u6027\u5206\u6790", "url": "http://www.cqvip.com/qk/90284x/201017/35164919.html", "url_versions": "http://scholar.google.com/scholar?cluster=2857418146652205087&hl=en&as_sdt=1,5&sciodt=1,5&as_vis=1", "authors": "\u738b\u57f9\u6797 - \u79d1\u6280\u8fdb\u6b65\u4e0e\u5bf9\u7b56", "excerpt": "\u91c7\u7528\u6848\u4f8b\u7814\u7a76\u7684\u65b9\u6cd5, \u7814\u7a76\u548c\u5256\u6790\u4e86\u5177\u6709\u5178\u578b\u4ee3\u8868\u6027\u7684\u534e\u4e3a\u516c\u53f8\u8fdb\u884c\u77e5\u8bc6\u521b\u65b0\u7684\u72b6\u51b5. \u7814\u7a76\u53d1\u73b0, \u534e\u4e3a\u77e5\u8bc6\u521b\u65b0\u7684\u6574\u4e2a\u5386\u7a0b\u57fa\u672c\u4e0a\u53ef\u5212\u5206\u4e3a4 \u4e2a\u9636\u6bb5. \u534e\u4e3a\u5728\u8fd94 \u4e2a\u9636\u6bb5\u7684\u53d1\u5c55\u72b6\u51b5, \u63ed\u793a\u51fa\u4f01\u4e1a\u6210\u529f\u5b9e\u73b0\u77e5\u8bc6\u521b\u65b0\u7684\u4e00\u4e9b\u8981\u70b9. \u8fd9\u4e9b\u7ecf\u9a8c\u4e3a\u5176\u5b83\u4f01\u4e1a\u6210\u529f\u5f00\u5c55\u77e5\u8bc6\u521b\u65b0\u6d3b\u52a8\u63d0\u4f9b\u4e86 ...", "url_pdf": null, "num_citations": 6, "cluster_id": "2857418146652205087", "year": "2010", "url_citations": "http://scholar.google.com/scholar?cites=2857418146652205087&as_sdt=2005&sciodt=1,5&hl=en"}, {"num_versions": 4, "url_citation": null, "title": "School Innovation The Mutual Impacts of Organizational Learning and Creativity", "url": "http://ema.sagepub.com/content/39/6/676.short", "url_versions": "http://scholar.google.com/scholar?cluster=2727688011297809996&hl=en&as_sdt=1,5&sciodt=1,5&as_vis=1", "authors": "B McCharen, JH Song, J Martens - \u2026  Administration & Leadership", "excerpt": "Abstract The primary aim of this research is to identify cultural determinants of organizational learning and knowledge creation practices, which could be the driving factors for the innovation process in school settings (Mulford, 1998; Silins et al., 2002). A conceptual  ...", "url_pdf": null, "num_citations": 16, "cluster_id": "2727688011297809996", "year": "2011", "url_citations": "http://scholar.google.com/scholar?cites=2727688011297809996&as_sdt=2005&sciodt=1,5&hl=en"}]