[{"num_versions": 0, "url_citation": null, "title": "Applying the andragogical model of adult learning: a case study of the Texas comptroller's fiscal management division", "url": "http://scholar.google.com/https://digital.library.txstate.edu/handle/10877/3580", "url_versions": null, "authors": "MS Roberts -", "excerpt": "The training offered by the Fiscal Management Division constitutes a significant cost for the Texas Comptroller of Public Accounts. According to Malcolm Knowles's andragogical model of adult learning, adult learners should be taught differently than child learners. The  ...", "url_pdf": null, "num_citations": 15, "cluster_id": "10383701497788787529", "year": "2007", "url_citations": "http://scholar.google.com/scholar?cites=10383701497788787529&as_sdt=2005&sciodt=1,5&hl=en"}, {"num_versions": 2, "url_citation": null, "title": "Assessing Postsecondary Students 'Orientation toward Lifelong Learning", "url": "http://repository.asu.edu/attachments/93317/content/tmp/package-VP4AsU/Arcuria_asu_0010N_11144.pdf", "url_versions": "http://scholar.google.com/scholar?cluster=12499303699763427870&hl=en&as_sdt=1,5&sciodt=1,5&as_vis=1", "authors": "P Arcuria -", "excerpt": "ABSTRACT Institutions of higher education often tout that they are developing students to become lifelong learners. Evaluative efforts in this area have been presumably hindered by the lack of a uniform conceptualization of lifelong learning. Lifelong learning has been  ...", "url_pdf": "http://repository.asu.edu/attachments/93317/content/tmp/package-VP4AsU/Arcuria_asu_0010N_11144.pdf", "num_citations": 2, "cluster_id": "12499303699763427870", "year": "2011", "url_citations": "http://scholar.google.com/scholar?cites=12499303699763427870&as_sdt=2005&sciodt=1,5&hl=en"}, {"num_versions": 10, "url_citation": null, "title": "Reality-Based Learning: How to get Business Students down to Business.", "url": "http://eric.ed.gov/?id=EJ938563", "url_versions": "http://scholar.google.com/scholar?cluster=5681606279098106839&hl=en&as_sdt=1,5&sciodt=1,5&as_vis=1", "authors": "H Knutsson, A Thomasson, CH Nilsson - \u2026  Journal of Teaching and Learning in \u2026", "excerpt": "Reality-Based Learning, RBL, is a teacher-driven initiative introducing the core business administration subjects to first-year business students by means of making business plans. This paper empirically accounts for the development of RBL over three years. RBL is  ...", "url_pdf": null, "num_citations": 1, "cluster_id": "5681606279098106839", "year": "2010", "url_citations": "http://scholar.google.com/scholar?cites=5681606279098106839&as_sdt=2005&sciodt=1,5&hl=en"}, {"num_versions": 2, "url_citation": null, "title": "Harnessing the potential of constructive develop-mental pedagogy to achieve transformative learning in social work education", "url": "http://jtd.sagepub.com/content/11/1/3.short", "url_versions": "http://scholar.google.com/scholar?cluster=17365681033390540591&hl=en&as_sdt=1,5&sciodt=1,5&as_vis=1", "authors": "P McCusker - Journal of Transformative Education", "excerpt": "Abstract This project starts with the contention that social work education must challenge students to reframe their knowledge and assumptions to prepare them for working with oppressed groups and develop emancipatory practice. Using transformative learning  ...", "url_pdf": null, "num_citations": 4, "cluster_id": "17365681033390540591", "year": "2013", "url_citations": "http://scholar.google.com/scholar?cites=17365681033390540591&as_sdt=2005&sciodt=1,5&hl=en"}, {"num_versions": 3, "url_citation": null, "title": "Perceptions about time and learning", "url": "http://www.cairn.info/revue-distances-et-savoirs-2006-4-page-497.htm", "url_versions": "http://scholar.google.com/scholar?cluster=9465253441782941197&hl=en&as_sdt=1,5&sciodt=1,5&as_vis=1", "authors": "M Thorpe -", "excerpt": "Our conceptions of time and learning are inter-related historically. For example, achieving a degree used to require attendance at a campus for a set number of weeks a year for several years. However, many learners are no longer studying full-time or physically attending a  ...", "url_pdf": null, "num_citations": 7, "cluster_id": "9465253441782941197", "year": "2006", "url_citations": "http://scholar.google.com/scholar?cites=9465253441782941197&as_sdt=2005&sciodt=1,5&hl=en"}, {"num_versions": 3, "url_citation": null, "title": "A\u011f g\u00fcnl\u00fck uygulamas\u0131n\u0131n yans\u0131t\u0131c\u0131 d\u00fc\u015f\u00fcnme becerisi \u00fczerine etkisi", "url": "http://dergipark.ulakbim.gov.tr/hunefd/article/download/5000048275/5000045596", "url_versions": "http://scholar.google.com/scholar?cluster=7154633443403163603&hl=en&as_sdt=1,5&sciodt=1,5&as_vis=1", "authors": "F BAYRAK, YK USLUEL - Hacettepe \u00dcniversitesi E\u011fitim  \u2026", "excerpt": "\u00d6ZET: Bu ara\u015ft\u0131rmada, a\u011f g\u00fcnl\u00fck uygulamas\u0131n\u0131n \u00f6\u011frencilerin yans\u0131t\u0131c\u0131 d\u00fc\u015f\u00fcnme becerilerinde bir farkl\u0131l\u0131k yarat\u0131p yaratmad\u0131\u011f\u0131n\u0131n incelenmesi ve \u00f6\u011frencilerin bu uygulama ile ilgili g\u00f6r\u00fc\u015flerinin belirlenmesi ama\u00e7lanm\u0131\u015ft\u0131r. Ara\u015ft\u0131rmada ayn\u0131 zamanda yans\u0131t\u0131c\u0131  ...", "url_pdf": null, "num_citations": 8, "cluster_id": "7154633443403163603", "year": "2011", "url_citations": "http://scholar.google.com/scholar?cites=7154633443403163603&as_sdt=2005&sciodt=1,5&hl=en"}, {"num_versions": 2, "url_citation": null, "title": "The learning\u2013teaching nexus: modelling the learning\u2013teaching relationship in higher education", "url": "http://www.tandfonline.com/doi/abs/10.1080/03075079.2014.934802", "url_versions": "http://scholar.google.com/scholar?cluster=8187549516156915541&hl=en&as_sdt=1,5&sciodt=1,5&as_vis=1", "authors": "B Knewstubb - Studies in Higher Education", "excerpt": "The teaching\u2013learning relationship is often described as a conversation. However, many models of teaching and learning depict the worlds of teacher and learner as enclosed and inaccessible, linked by apparently transferred communicative meanings. A new  ...", "url_pdf": null, "num_citations": 2, "cluster_id": "8187549516156915541", "year": "2014", "url_citations": "http://scholar.google.com/scholar?cites=8187549516156915541&as_sdt=2005&sciodt=1,5&hl=en"}]