[{"num_versions": 6, "url_citation": null, "title": "Lessons learned from client projects in an undergraduate project management course", "url": "http://search.proquest.com/openview/c19f83f84457fd2822114e142a115647/1?pq-origsite=gscholar", "url_versions": "http://scholar.google.com/scholar?cluster=897983314773741374&hl=en&as_sdt=1,5&sciodt=1,5&as_vis=1", "authors": "CE Pollard - Journal of Information Systems Education", "excerpt": "Abstract This work proposes that a subtle combination of three learning methods offering'just in time'project management knowledge, coupled with hands-on project management experience can be particularly effective in producing project management students with  ...", "url_pdf": null, "num_citations": 7, "cluster_id": "897983314773741374", "year": "2012", "url_citations": "http://scholar.google.com/scholar?cites=897983314773741374&as_sdt=2005&sciodt=1,5&hl=en"}, {"num_versions": 8, "url_citation": null, "title": "Designing an academic project management program: A collaboration between a university and a PMI chapter", "url": "http://search.proquest.com/openview/a21b4d573b4cedb1febdf21bc1fb1f0d/1?pq-origsite=gscholar", "url_versions": "http://scholar.google.com/scholar?cluster=13844331281317756276&hl=en&as_sdt=1,5&sciodt=1,5&as_vis=1", "authors": "RS Poston, SM Richardson - Journal of Information Systems  \u2026", "excerpt": "Abstract The demand for project management skills in industry is increasing resulting in a higher demand for project management educational programs. Universities are addressing industry demand by developing project management courses, degree offerings and  ...", "url_pdf": null, "num_citations": 6, "cluster_id": "13844331281317756276", "year": "2011", "url_citations": "http://scholar.google.com/scholar?cites=13844331281317756276&as_sdt=2005&sciodt=1,5&hl=en"}, {"num_versions": 11, "url_citation": null, "title": "Assessing students approaches to learning using a matrix framework in a Malaysian public university", "url": "http://www.biomedcentral.com/content/pdf/2193-1801-3-54.pdf", "url_versions": "http://scholar.google.com/scholar?cluster=5403095860221545688&hl=en&as_sdt=1,5&sciodt=1,5&as_vis=1", "authors": "HC Teoh, MC Abdullah, S Roslan, SM Daud - SpringerPlus", "excerpt": "Abstract This study aims to evaluate the learning characteristics of students using a matrix framework of learning approaches (MFLA) in a Malaysian public university. A survey form based on Biggs's study process questionnaire (SPQ) was distributed to a total of 350  ...", "url_pdf": "http://www.biomedcentral.com/content/pdf/2193-1801-3-54.pdf", "num_citations": 0, "cluster_id": null, "year": "2014", "url_citations": null}, {"num_versions": 9, "url_citation": null, "title": "Using the ASSIST short form for evaluating an information technology application: Validity and reliability issues", "url": "http://www.inform.nu/Articles/Vol10/ISJv10p107-119Speth104.pdf", "url_versions": "http://scholar.google.com/scholar?cluster=3360818529173277230&hl=en&as_sdt=1,5&sciodt=1,5&as_vis=1", "authors": "CA Speth, DM Namuth, DJ Lee - Informing Science: International Journal  \u2026", "excerpt": "Abstract In this study, the Approaches and Study Skills Inventory for Students (ASSIST) short form was used to gain insight about learning style characteristics that might influence students' use of an online library of plant science learning objects. This study provides  ...", "url_pdf": "http://www.inform.nu/Articles/Vol10/ISJv10p107-119Speth104.pdf", "num_citations": 17, "cluster_id": "3360818529173277230", "year": "2007", "url_citations": "http://scholar.google.com/scholar?cites=3360818529173277230&as_sdt=2005&sciodt=1,5&hl=en"}, {"num_versions": 2, "url_citation": null, "title": "Teaching Project Management Skills: An Example of Collaboration between a University and the Local PMI Chapter.", "url": "http://aisel.aisnet.org/cgi/viewcontent.cgi?article=1166&context=amcis2010", "url_versions": "http://scholar.google.com/scholar?cluster=6507671229917620219&hl=en&as_sdt=1,5&sciodt=1,5&as_vis=1", "authors": "R Poston - AMCIS", "excerpt": "ABSTRACT The demand for project management skills in industry is increasing; however the number of individuals who can meet the demand is decreasing. Universities are addressing these changes by developing project management degree programs. In this  ...", "url_pdf": null, "num_citations": 3, "cluster_id": "6507671229917620219", "year": "2010", "url_citations": "http://scholar.google.com/scholar?cites=6507671229917620219&as_sdt=2005&sciodt=1,5&hl=en"}]