[{"num_versions": 19, "url_citation": null, "title": "Exploring factors affecting undergraduate medical students' study strategies in the clinical years: a qualitative study", "url": "http://link.springer.com/article/10.1007/s10459-010-9271-2", "url_versions": "http://scholar.google.com/scholar?cluster=5439867907092204848&hl=en&as_sdt=1,5&sciodt=1,5&as_vis=1", "authors": "HMF Al Kadri, MS Al-Moamary, M Elzubair\u2026 - Advances in health  \u2026", "excerpt": "Abstract The aim of this study is to explore the effects of clinical supervision, and assessment characteristics on the study strategies used by undergraduate medical students during their clinical rotations. We conducted a qualitative phenomenological study at King Saud Bin  ...", "url_pdf": null, "num_citations": 19, "cluster_id": "5439867907092204848", "year": "2011", "url_citations": "http://scholar.google.com/scholar?cites=5439867907092204848&as_sdt=2005&sciodt=1,5&hl=en"}, {"num_versions": 5, "url_citation": null, "title": "An exploratory study into the impact and acceptability of formatively used progress testing in postgraduate obstetrics and gynaecology", "url": "http://link.springer.com/article/10.1007/s40037-013-0063-2", "url_versions": "http://scholar.google.com/scholar?cluster=12573082624923495960&hl=en&as_sdt=1,5&sciodt=1,5&as_vis=1", "authors": "MGK Dijksterhuis, LWT Schuwirth, DDM Braat\u2026 - Perspectives on Medical \u2026", "excerpt": "Abstract Part of recent reforms of postgraduate medical training in the Netherlands is the introduction of formatively intended knowledge testing or progress testing. We previously evaluated the construct validity and reliability of postgraduate progress testing. However,  ...", "url_pdf": null, "num_citations": 3, "cluster_id": "12573082624923495960", "year": "2013", "url_citations": "http://scholar.google.com/scholar?cites=12573082624923495960&as_sdt=2005&sciodt=1,5&hl=en"}, {"num_versions": 8, "url_citation": null, "title": "Workplace-based assessment and students' approaches to learning: a qualitative inquiry", "url": "http://www.tandfonline.com/doi/abs/10.3109/0142159X.2013.765547", "url_versions": "http://scholar.google.com/scholar?cluster=7540085128350831718&hl=en&as_sdt=1,5&sciodt=1,5&as_vis=1", "authors": "HM Al-Kadri, MT Al-Kadi, CPM Van Der Vleuten - Medical teacher", "excerpt": "Background: We have performed this research to assess the effect of work-place based assessment (WBA) practice on medical students' learning approaches. Methods: The research was conducted at the King Saud bin Abdulaziz University for Health Sciences,  ...", "url_pdf": null, "num_citations": 9, "cluster_id": "7540085128350831718", "year": "2013", "url_citations": "http://scholar.google.com/scholar?cites=7540085128350831718&as_sdt=2005&sciodt=1,5&hl=en"}, {"num_versions": 2, "url_citation": null, "title": "PBL \u6559\u5b66\u6cd5\u5728\u5185\u79d1\u6559\u5b66\u4e2d\u7684\u5e94\u7528", "url": "http://www.cqvip.com/qk/87239a/201229/43632804.html", "url_versions": "http://scholar.google.com/scholar?cluster=6749690531720795825&hl=en&as_sdt=1,5&sciodt=1,5&as_vis=1", "authors": "\u5362\u9ad8\u5cf0\uff0c \u90d1\u9e4f\u8fdc\uff0c \u5510\u8299\u7231 - \u4e2d\u56fd\u533b\u5b66\u521b\u65b0", "excerpt": "\u4ee5\u95ee\u9898\u4e3a\u5bfc\u5411\u7684\u6559\u5b66\u65b9\u6cd5(problem-based learning, PBL) \u662f\u57fa\u4e8e\u4ee5\u5b66\u751f\u4e3a\u4e2d\u5fc3\u7684\u6559\u80b2\u65b9\u5f0f, \u8fd0\u7528\u5728\u4e34\u5e8a\u533b\u5b66\u4e2d\u662f\u4ee5\u75c5\u4f8b\u4e3a\u5148\u5bfc, \u4ee5\u95ee\u9898\u4e3a\u57fa\u7840, \u4ee5\u5b66\u751f\u4e3a\u4e3b\u4f53, \u4ee5\u6559\u5e08\u4e3a\u5bfc\u5411\u7684\u542f\u53d1\u5f0f\u6559\u80b2, \u4ee5\u57f9\u517b\u5b66\u751f\u7684\u4e34\u5e8a\u80fd\u529b\u4e3a\u76ee\u6807. \u5c06PBL \u5e94\u7528\u4e8e\u5185\u79d1\u4e34\u5e8a\u7406\u8bba\u6559\u5b66\u548c\u5b9e\u4e60\u6559\u5b66\u80fd\u591f\u53d1\u6325\u95ee\u9898\u5bf9 ...", "url_pdf": null, "num_citations": 4, "cluster_id": "6749690531720795825", "year": "2012", "url_citations": "http://scholar.google.com/scholar?cites=6749690531720795825&as_sdt=2005&sciodt=1,5&hl=en"}, {"num_versions": 10, "url_citation": null, "title": "Exploring assessment factors contributing to students' study strategies: Literature review", "url": "http://www.tandfonline.com/doi/abs/10.3109/0142159X.2012.656756", "url_versions": "http://scholar.google.com/scholar?cluster=10144279790467108920&hl=en&as_sdt=1,5&sciodt=1,5&as_vis=1", "authors": "HM Al-Kadri, MS Al-Moamary, C Roberts\u2026 - Medical  \u2026", "excerpt": "\u201cAssessment steers students' learning\u201d is a statement that has been used repeatedly without solid evidence in the literature. This manuscript aims to evaluate the published literatures on the effect of teaching learning environment in particular, the implemented assessment on  ...", "url_pdf": null, "num_citations": 18, "cluster_id": "10144279790467108920", "year": "2012", "url_citations": "http://scholar.google.com/scholar?cites=10144279790467108920&as_sdt=2005&sciodt=1,5&hl=en"}, {"num_versions": 7, "url_citation": null, "title": "Students' perceptions of the impact of assessment on approaches to learning: A comparison between two medical schools with similar curricula", "url": "http://www.ncbi.nlm.nih.gov/pmc/articles/PMC4205515/", "url_versions": "http://scholar.google.com/scholar?cluster=10543415899268901306&hl=en&as_sdt=1,5&sciodt=1,5&as_vis=1", "authors": "HM Al Kadri, MS Al-Moamary\u2026 - \u2026  journal of medical  \u2026", "excerpt": "Objectives: The aim of the study was to investigate students? perceptions of assessment and the resulting learning styles. Methods Qualitative semi-structured interviews were conducted with 14 students and 8 clinical supervisors from Sydney Medical School and 12 students  ...", "url_pdf": null, "num_citations": 13, "cluster_id": "10543415899268901306", "year": "2011", "url_citations": "http://scholar.google.com/scholar?cites=10543415899268901306&as_sdt=2005&sciodt=1,5&hl=en"}, {"num_versions": 2, "url_citation": null, "title": "\u68c0\u9a8c\u4e13\u4e1a\u533b\u5b66\u751f\u5b9e\u4e60\u6559\u5b66\u63a2\u7d22", "url": "http://www.cqvip.com/qk/98392x/201304/47026815.html", "url_versions": "http://scholar.google.com/scholar?cluster=16292665771546033346&hl=en&as_sdt=1,5&sciodt=1,5&as_vis=1", "authors": "\u4e54\u59dd\uff0c \u96f7\u7ea2\u534e\uff0c \u738b\u4e91\u534e - \u5305\u5934\u533b\u5b66\u9662\u5b66\u62a5", "excerpt": "\u4e34\u5e8a\u5b9e\u4e60\u662f\u533b\u5b66\u6559\u80b2\u7684\u91cd\u8981\u9636\u6bb5, \u6559\u5b66\u7406\u5ff5\u548c\u65b9\u6cd5\u7684\u9769\u65b0\u662f\u6559\u5b66\u63a2\u7d22\u7684\u91cd\u4e2d\u4e4b\u91cd. \u5c24\u5176\u662f\u68c0\u9a8c\u4e13\u4e1a\u7684\u533b\u5b66\u751f, \u5fc5\u987b\u5f3a\u5316\u5176\u5b9e\u9645\u64cd\u4f5c\u80fd\u529b, \u57f9\u517b\u5584\u4e8e\u4e0e\u4e34\u5e8a\u6c9f\u901a\u7684\u601d\u7ef4\u65b9\u5f0f, \u5168\u9762\u63d0\u5347\u7efc\u5408\u7d20\u8d28, \u6210\u4e3a\u65e2\u7cbe\u901a\u4e13\u4e1a\u53c8\u6709\u826f\u597d\u804c\u4e1a\u9053\u5fb7\u7684\u5408\u683c\u68c0\u9a8c\u6280\u672f\u4eba\u624d.", "url_pdf": null, "num_citations": 0, "cluster_id": null, "year": "2013", "url_citations": null}, {"num_versions": 15, "url_citation": null, "title": "A model for programmatic assessment fit for purpose", "url": "http://www.tandfonline.com/doi/abs/10.3109/0142159X.2012.652239", "url_versions": "http://scholar.google.com/scholar?cluster=12750058288479984077&hl=en&as_sdt=1,5&sciodt=1,5&as_vis=1", "authors": "CPM Van der Vleuten, LWT Schuwirth\u2026 - Medical  \u2026", "excerpt": "We propose a model for programmatic assessment in action, which simultaneously optimises assessment for learning and assessment for decision making about learner progress. This model is based on a set of assessment principles that are interpreted from  ...", "url_pdf": null, "num_citations": 104, "cluster_id": "12750058288479984077", "year": "2012", "url_citations": "http://scholar.google.com/scholar?cites=12750058288479984077&as_sdt=2005&sciodt=1,5&hl=en"}, {"num_versions": 2, "url_citation": null, "title": "The exam skills workshop as formative assessment for medical students", "url": "http://iomcworld.com/ijcrimph/files/v04-n05-16.pdf", "url_versions": "http://scholar.google.com/scholar?cluster=15993472118086750945&hl=en&as_sdt=1,5&sciodt=1,5&as_vis=1", "authors": "Z Hashim, A Miller, N Fahim - Int J Collaborative Res Internal Med  \u2026", "excerpt": "ABSTRACT Background: The assessment of medical students is a complicated process with medical schools making constant updates. This ensures that assessment is not only comprehensive and robust, but also standardised and fair. Nowadays, there is more stress  ...", "url_pdf": "http://iomcworld.com/ijcrimph/files/v04-n05-16.pdf", "num_citations": 1, "cluster_id": "15993472118086750945", "year": "2012", "url_citations": "http://scholar.google.com/scholar?cites=15993472118086750945&as_sdt=2005&sciodt=1,5&hl=en"}, {"num_versions": 3, "url_citation": null, "title": "\u5185\u79d1\u62a4\u7406\u5b66 PBL \u5b66\u4e60\u6548\u679c\u8bc4\u4ef7\u4f53\u7cfb\u7684\u6784\u5efa", "url": "http://www.cqvip.com/qk/95988x/201225/43187910.html", "url_versions": "http://scholar.google.com/scholar?cluster=9210533105347712146&hl=en&as_sdt=1,5&sciodt=1,5&as_vis=1", "authors": "\u674e\u4e39\uff0c \u8fde\u6d77\u5cf0\uff0c \u989c\u742c\u534e - \u5409\u6797\u533b\u5b66", "excerpt": "\u76ee\u7684: \u6784\u5efa\u7cfb\u7edf, \u79d1\u5b66\u7684\u62a4\u7406\u672c\u79d1\u751f\u5185\u79d1\u62a4\u7406\u5b66PBL \u5b66\u4e60\u6548\u679c\u8bc4\u4ef7\u4f53\u7cfb, \u4e3a\u8bc4\u4ef7\u5185\u79d1\u62a4\u7406\u5b66PBL \u5b66\u4e60\u6548\u679c\u63d0\u4f9b\u4f9d\u636e. \u65b9\u6cd5: \u62df\u5b9a\u5185\u79d1\u62a4\u7406\u5b66PBL \u5b66\u4e60\u6548\u679c\u8bc4\u4ef7\u65b9\u6cd5, \u8bc4\u4ef7\u6307\u6807\u53ca\u6307\u6807\u5185\u6db5, \u91c7\u7528Delphi \u6cd5, \u5bf927 \u540d\u4e13\u5bb6\u8fdb\u884c2 \u8f6e\u95ee\u5377\u8c03\u67e5, \u6839\u636e\u4e13\u5bb6\u610f\u89c1\u6700\u7ec8\u6784\u5efa\u8bc4\u4ef7\u4f53\u7cfb. \u7ed3\u679c: \u4e13\u5bb6 ...", "url_pdf": null, "num_citations": 1, "cluster_id": "9210533105347712146", "year": "2012", "url_citations": "http://scholar.google.com/scholar?cites=9210533105347712146&as_sdt=2005&sciodt=1,5&hl=en"}, {"num_versions": 5, "url_citation": null, "title": "Making a difference in curriculum reform and decision\u2010making processes", "url": "http://onlinelibrary.wiley.com/doi/10.1111/j.1365-2923.2010.03727.x/full", "url_versions": "http://scholar.google.com/scholar?cluster=10587742711588174478&hl=en&as_sdt=1,5&sciodt=1,5&as_vis=1", "authors": "G Bordage, I Harris - Medical education", "excerpt": "Discussion Practical advice is offered to help curriculum developers in designing or reforming the medical curriculum. The key points of this are:(i) while focusing reform and innovation on specific elements of the curriculum, consider how those elements affect  ...", "url_pdf": null, "num_citations": 23, "cluster_id": "10587742711588174478", "year": "2011", "url_citations": "http://scholar.google.com/scholar?cites=10587742711588174478&as_sdt=2005&sciodt=1,5&hl=en"}, {"num_versions": 5, "url_citation": null, "title": "The assessment of professional competence: building blocks for theory development", "url": "http://www.sciencedirect.com/science/article/pii/S1521693410000519", "url_versions": "http://scholar.google.com/scholar?cluster=3853939933877430580&hl=en&as_sdt=1,5&sciodt=1,5&as_vis=1", "authors": "CPM Van der Vleuten, LWT Schuwirth\u2026 - Best Practice &  \u2026", "excerpt": "This article presents lessons learnt from experiences with assessment of professional competence. Based on Miller's pyramid, a distinction is made between established assessment technology for assessing 'knows','knowing how'and 'showing how'and more  ...", "url_pdf": null, "num_citations": 108, "cluster_id": "3853939933877430580", "year": "2010", "url_citations": "http://scholar.google.com/scholar?cites=3853939933877430580&as_sdt=2005&sciodt=1,5&hl=en"}, {"num_versions": 3, "url_citation": null, "title": "Influences of OSCE design on students' diagnostic reasoning", "url": "http://onlinelibrary.wiley.com/doi/10.1111/medu.12635/full", "url_versions": "http://scholar.google.com/scholar?cluster=14772533874354778953&hl=en&as_sdt=1,5&sciodt=1,5&as_vis=1", "authors": "A Lafleur, L C\u00f4t\u00e9, J Leppink - Medical education", "excerpt": "Objectives The purpose of this study was to determine whether the knowledge that an objective structured clinical examination (OSCE) will contain whole tasks, as opposed to part tasks, increases the use of diagnostic reasoning by medical students when they study for  ...", "url_pdf": null, "num_citations": 1, "cluster_id": "14772533874354778953", "year": "2015", "url_citations": "http://scholar.google.com/scholar?cites=14772533874354778953&as_sdt=2005&sciodt=1,5&hl=en"}, {"num_versions": 3, "url_citation": null, "title": "\u80bf\u7624\u5185\u79d1\u4e34\u5e8a\u6559\u5b66\u4e2d PBL \u6559\u5b66\u6a21\u5f0f\u7684\u5e94\u7528\u53ca\u63a2\u8ba8", "url": "http://www.cqvip.com/qk/85530x/201010/33696997.html", "url_versions": "http://scholar.google.com/scholar?cluster=15849715220672267245&hl=en&as_sdt=1,5&sciodt=1,5&as_vis=1", "authors": "\u66f9\u90a6\u4f1f\uff0c \u8d75\u5fd7\u6d77\uff0c \u738b\u5a67\uff0c \u8f66\u5a1f\u5a1f - \u4e34\u5e8a\u548c\u5b9e\u9a8c\u533b\u5b66\u6742\u5fd7", "excerpt": "\u76ee\u7684\u63a2\u8ba8\u4ee5\u95ee\u9898\u4e3a\u57fa\u7840\u5b66\u4e60(PBL) \u6559\u5b66\u65b9\u6cd5\u5728\u80bf\u7624\u5185\u79d1\u5b66\u4e34\u5e8a\u6559\u5b66\u4e2d\u7684\u5e94\u7528. \u65b9\u6cd5\u5c06\u603b\u8ba1126 \u540d\u533b\u5b66\u751f, \u6309\u6388\u8bfe\u73ed\u6b21\u968f\u673a\u4e3a\u5bf9\u7167\u7ec465 \u540d(\u91c7\u7528\u4f20\u7edf\u6559\u5b66), \u5b9e\u9a8c\u7ec461 \u540d(\u91c7\u7528PBL \u6559\u5b66). \u4e24\u7ec4\u5b66\u751f\u6559\u80b2\u80cc\u666f, \u6388\u8bfe\u6559\u5e08\u5747\u76f8\u540c. \u6559\u5b66\u7ed3\u675f\u65f6\u5bf9\u4e24\u7ec4\u5b66\u751f\u8fdb\u884c\u95ee\u5377\u8c03\u67e5, \u4f7f\u7528SPSS \u8f6f\u4ef6 ...", "url_pdf": null, "num_citations": 2, "cluster_id": "15849715220672267245", "year": "2010", "url_citations": "http://scholar.google.com/scholar?cites=15849715220672267245&as_sdt=2005&sciodt=1,5&hl=en"}]