[{"num_versions": 3, "url_citation": null, "title": "Enabling Non-Speech Experts to Develop Usable Speech-User Interfaces", "url": "http://reports-archive.adm.cs.cmu.edu/anon/anon/usr0/ftp/home/ftp/hcii/CMU-HCII-14-105.pdf", "url_versions": "http://scholar.google.com/scholar?cluster=2490287398095894345&hl=en&as_sdt=1,5&sciodt=1,5&as_vis=1", "authors": "A Kumar -", "excerpt": "ABSTRACT Speech user interfaces (SUIs) such as Apple's Siri, Microsoft's Cortana, and Google Now are becoming increasingly popular. However, despite years of research, such interfaces really only work for specific users, such as adult native speakers of English,  ...", "url_pdf": "http://reports-archive.adm.cs.cmu.edu/anon/anon/usr0/ftp/home/ftp/hcii/CMU-HCII-14-105.pdf", "num_citations": 0, "cluster_id": null, "year": "2014", "url_citations": null}, {"num_versions": 3, "url_citation": null, "title": "Deep Maxout Networks Applied to Noise-Robust Speech Recognition", "url": "http://link.springer.com/chapter/10.1007/978-3-319-13623-3_12", "url_versions": "http://scholar.google.com/scholar?cluster=1383838560501542883&hl=en&as_sdt=1,5&sciodt=1,5&as_vis=1", "authors": "F de-la-Calle-Silos, A Gallardo-Antol\u00edn\u2026 - Advances in Speech  \u2026", "excerpt": "Abstract Deep Neural Networks (DNN) have become very popular for acoustic modeling due to the improvements found over traditional Gaussian Mixture Models (GMM). However, not many works have addressed the robustness of these systems under noisy conditions.  ...", "url_pdf": null, "num_citations": 1, "cluster_id": "1383838560501542883", "year": "2014", "url_citations": "http://scholar.google.com/scholar?cites=1383838560501542883&as_sdt=2005&sciodt=1,5&hl=en"}, {"num_versions": 4, "url_citation": null, "title": "Improvements to speaker adaptive training of deep neural networks", "url": "http://ieeexplore.ieee.org/xpls/abs_all.jsp?arnumber=7078568", "url_versions": "http://scholar.google.com/scholar?cluster=10726286020301137880&hl=en&as_sdt=1,5&sciodt=1,5&as_vis=1", "authors": "Y Miao, L Jiang, H Zhang\u2026 - \u2026  Workshop (SLT)", "excerpt": "ABSTRACT Speaker adaptive training (SAT) is a well studied technique for Gaussian mixture acoustic models (GMMs). Recently we proposed to perform SAT for deep neural networks (DNNs), with speaker i-vectors applied in feature learning. The resulting SAT- ...", "url_pdf": null, "num_citations": 9, "cluster_id": "10726286020301137880", "year": "2014", "url_citations": "http://scholar.google.com/scholar?cites=10726286020301137880&as_sdt=2005&sciodt=1,5&hl=en"}, {"num_versions": 8, "url_citation": null, "title": "Improving language-universal feature extraction with deep maxout and convolutional neural networks", "url": "http://repository.cmu.edu/lti/71/", "url_versions": "http://scholar.google.com/scholar?cluster=3875862629426352142&hl=en&as_sdt=1,5&sciodt=1,5&as_vis=1", "authors": "Y Miao, F Metze -", "excerpt": "Abstract When deployed in automated speech recognition (ASR), deep neural networks (DNNs) can be treated as a complex feature extractor plus a simple linear classifier. Previous work has investigated the utility of multilingual DNNs acting as language- ...", "url_pdf": null, "num_citations": 11, "cluster_id": "3875862629426352142", "year": "2014", "url_citations": "http://scholar.google.com/scholar?cites=3875862629426352142&as_sdt=2005&sciodt=1,5&hl=en"}, {"num_versions": 8, "url_citation": null, "title": "Towards speaker adaptive training of deep neural network acoustic models", "url": "http://repository.cmu.edu/lti/72/", "url_versions": "http://scholar.google.com/scholar?cluster=7205756846396536808&hl=en&as_sdt=1,5&sciodt=1,5&as_vis=1", "authors": "Y Miao, H Zhang, F Metze -", "excerpt": "Abstract We investigate the concept of speaker adaptive training (SAT) in the context of deep neural network (DNN) acoustic models. Previous studies have shown success of performing speaker adaptation for DNNs in speech recognition. In this paper, we apply SAT to DNNs  ...", "url_pdf": null, "num_citations": 22, "cluster_id": "7205756846396536808", "year": "2014", "url_citations": "http://scholar.google.com/scholar?cites=7205756846396536808&as_sdt=2005&sciodt=1,5&hl=en"}, {"num_versions": 7, "url_citation": null, "title": "Distributed learning of multilingual DNN feature extractors using GPUs", "url": "http://repository.cmu.edu/lti/70/", "url_versions": "http://scholar.google.com/scholar?cluster=3953332487000260229&hl=en&as_sdt=1,5&sciodt=1,5&as_vis=1", "authors": "Y Miao, H Zhang, F Metze -", "excerpt": "Abstract Multilingual deep neural networks (DNNs) can act as deep feature extractors and have been applied successfully to crosslanguage acoustic modeling. Learning these feature extractors becomes an expensive task, because of the enlarged multilingual training data  ...", "url_pdf": null, "num_citations": 10, "cluster_id": "3953332487000260229", "year": "2014", "url_citations": "http://scholar.google.com/scholar?cites=3953332487000260229&as_sdt=2005&sciodt=1,5&hl=en"}]