[{"num_versions": 10, "url_citation": null, "title": "Assessing declarative and procedural knowledge using multiple-choice questions", "url": "http://www.ncbi.nlm.nih.gov/pmc/articles/PMC3662862/", "url_versions": "http://scholar.google.com/scholar?cluster=154151751135503393&hl=en&as_sdt=1,5&sciodt=1,5&as_vis=1", "authors": "A Abu-Zaid, TA Khan - Medical education online", "excerpt": "Assessment is an indispensable aspect of academic life \u00c1 a natural partner to curriculum and a central component in medical education (1). Aside from its core objective of gauging student performance, assessment is also crucial for documenting the attainment of  ...", "url_pdf": null, "num_citations": 1, "cluster_id": "154151751135503393", "year": "2013", "url_citations": "http://scholar.google.com/scholar?cites=154151751135503393&as_sdt=2005&sciodt=1,5&hl=en"}, {"num_versions": 3, "url_citation": null, "title": "Preparing NPs for primary care: unraveling complexity with unfolding cases", "url": "http://search.proquest.com/openview/a66dc0a323361f3b749f8b56476d28f6/1?pq-origsite=gscholar", "url_versions": "http://scholar.google.com/scholar?cluster=1976550723940545712&hl=en&as_sdt=1,5&sciodt=1,5&as_vis=1", "authors": "AS Donato - Journal of Nursing Education", "excerpt": "Abstract Patients with comorbid mental and physical illnesses often present in the primary care setting. To explore the complexities of caring for these patients, a Behavioral Health Therapeutics course was developed and taught in the first semester of a Doctor of Nursing  ...", "url_pdf": null, "num_citations": 1, "cluster_id": "1976550723940545712", "year": "2011", "url_citations": "http://scholar.google.com/scholar?cites=1976550723940545712&as_sdt=2005&sciodt=1,5&hl=en"}, {"num_versions": 5, "url_citation": null, "title": "Association of kinesthetic and read-write learner with deep approach learning and academic achievement", "url": "http://cmej.synergiesprairies.ca/cmej/index.php/cmej/article/view/45", "url_versions": "http://scholar.google.com/scholar?cluster=3129210415709824788&hl=en&as_sdt=1,5&sciodt=1,5&as_vis=1", "authors": "LR Kumar, K Voralu, SP Pani\u2026 - Canadian Medical  \u2026", "excerpt": "Background: The main purpose of the present study was to further investigate study processes, learning styles, and academic achievement in medical students. Methods: A total of 214 (mean age 22.5 years) first and second year students-preclinical years-at the Asian  ...", "url_pdf": null, "num_citations": 4, "cluster_id": "3129210415709824788", "year": "2011", "url_citations": "http://scholar.google.com/scholar?cites=3129210415709824788&as_sdt=2005&sciodt=1,5&hl=en"}, {"num_versions": 0, "url_citation": null, "title": "Learning approaches of university students", "url": "http://search.proquest.com/openview/ddf32ff484e6bdd7a3f607866b0d795f/1?pq-origsite=gscholar", "url_versions": null, "authors": "N Ekinci - Egitim ve Bilim", "excerpt": "Abstract The purpose of the study is to identify the learning approach (deep, surface, strategic) preferences of undergraduate students and to reveal the relationships between their preferencesand the variables of teaching-learning processes (teaching-learning  ...", "url_pdf": null, "num_citations": 6, "cluster_id": "2367131293924120430", "year": "2009", "url_citations": "http://scholar.google.com/scholar?cites=2367131293924120430&as_sdt=2005&sciodt=1,5&hl=en"}, {"num_versions": 5, "url_citation": null, "title": "Conception of learning and clinical skill acquisition in undergraduate exercise science students: a pilot study", "url": "http://advan.physiology.org/content/37/1/108.short", "url_versions": "http://scholar.google.com/scholar?cluster=9763626071229223404&hl=en&as_sdt=1,5&sciodt=1,5&as_vis=1", "authors": "N Johnson, V Chuter, K Rooney - Advances in physiology  \u2026", "excerpt": "METHODS Experimental protocol. This research was conducted in a first-year undergraduate course (EXSS 1032 Fundamentals of Exercise Science). This unit of study is delivered in semester 2 of year 1 and is the first in which students enrolled in Exercise and  ...", "url_pdf": null, "num_citations": 2, "cluster_id": "9763626071229223404", "year": "2013", "url_citations": "http://scholar.google.com/scholar?cites=9763626071229223404&as_sdt=2005&sciodt=1,5&hl=en"}, {"num_versions": 3, "url_citation": null, "title": "The Effect of Two Assessment Methods on Exam Preparation and Study Strategies: Multiple Choice and Essay Questions", "url": "http://ijme.mui.ac.ir/browse.php?a_code=A-10-191-4&slc_lang=en&sid=1&sw=Essay+Questions", "url_versions": "http://scholar.google.com/scholar?cluster=13105931766429725974&hl=en&as_sdt=1,5&sciodt=1,5&as_vis=1", "authors": "A Shakurnia, H Alijani, S Najjar\u2026 - Iranian Journal of  \u2026", "excerpt": "Introduction: Utilizing appropriate approaches to study and learning can improve students' academic performance. Recent studies have shown that students' learning approaches are influenced by several factors including the type of assessment. The aim of this study is to  ...", "url_pdf": null, "num_citations": 2, "cluster_id": "13105931766429725974", "year": "2013", "url_citations": "http://scholar.google.com/scholar?cites=13105931766429725974&as_sdt=2005&sciodt=1,5&hl=en"}, {"num_versions": 2, "url_citation": null, "title": "Quality of Residents' Promotion Exams before & after Educational Intervention in 2010-2011", "url": "http://ijme.mui.ac.ir/browse.php?a_code=A-10-1637-2&slc_lang=en&sid=1&sw=Assessment", "url_versions": "http://scholar.google.com/scholar?cluster=2545433992996509068&hl=en&as_sdt=1,5&sciodt=1,5&as_vis=1", "authors": "M Taheri, A Hidarzadeh - Iranian Journal of Medical Education", "excerpt": "Introduction: Resident promotion exams are considered one of the most important summative exams in residency period that allow residents to proceed to a higher grade. Multiple choice questions are the most common and objective test in medical science  ...", "url_pdf": null, "num_citations": 1, "cluster_id": "2545433992996509068", "year": "2013", "url_citations": "http://scholar.google.com/scholar?cites=2545433992996509068&as_sdt=2005&sciodt=1,5&hl=en"}, {"num_versions": 9, "url_citation": null, "title": "The impact of curriculum change on health sciences first year students' approaches to learning", "url": "http://link.springer.com/article/10.1007/s11251-009-9092-y", "url_versions": "http://scholar.google.com/scholar?cluster=5909924075275390539&hl=en&as_sdt=1,5&sciodt=1,5&as_vis=1", "authors": "R Walker, R Spronken-Smith, C Bond, F McDonald\u2026 - Instructional  \u2026", "excerpt": "Abstract This study aimed to use a learning inventory (the Approaches and Study Skills Inventory for Students, ASSIST) to measure the impact of a curriculum change on students' approaches to learning in two large courses in a health sciences first year programme.  ...", "url_pdf": null, "num_citations": 14, "cluster_id": "5909924075275390539", "year": "2010", "url_citations": "http://scholar.google.com/scholar?cites=5909924075275390539&as_sdt=2005&sciodt=1,5&hl=en"}, {"num_versions": 9, "url_citation": null, "title": "Evaluation of Multiple Choice and Short Essay Question items in Basic Medical Sciences", "url": "http://www.ncbi.nlm.nih.gov/pmc/articles/PMC3955531/", "url_versions": "http://scholar.google.com/scholar?cluster=15194802562654860290&hl=en&as_sdt=1,5&sciodt=1,5&as_vis=1", "authors": "M Baig, SK Ali, S Ali, N Huda - Pakistan journal of medical sciences", "excerpt": "Objectives: To evaluate Multiple Choice and Short Essay Question items in Basic Medical Sciences by determining item writing flaws (IWFs) of MCQs along with cognitive level of each item in both methods. Methods: This analytical study evaluated the quality of the  ...", "url_pdf": null, "num_citations": 4, "cluster_id": "15194802562654860290", "year": "2014", "url_citations": "http://scholar.google.com/scholar?cites=15194802562654860290&as_sdt=2005&sciodt=1,5&hl=en"}, {"num_versions": 4, "url_citation": null, "title": "Matematik \u00d6\u011frenme Yakla\u015f\u0131mlar\u0131 \u00d6l\u00e7e\u011fi'nin (M\u00d6Y\u00d6) Geli\u015ftirilmesi: Ge\u00e7erlik ve G\u00fcvenirlik \u00c7al\u0131\u015fmas\u0131 (Development of Mathematics Learning Approaches Scale (MLAS \u2026", "url": "http://buefad.bartin.edu.tr/index.php/buefad/article/view/102", "url_versions": "http://scholar.google.com/scholar?cluster=1581872957507313174&hl=en&as_sdt=1,5&sciodt=1,5&as_vis=1", "authors": "M Ilhan, B \u00c7etin, MA Kili\u00e7 - Ar\u015fiv", "excerpt": "\u00d6zet Bu ara\u015ft\u0131rmadamatematik odakl\u0131 \u00f6\u011frenme yakla\u015f\u0131mlar\u0131n\u0131 ge\u00e7erli ve g\u00fcvenilir olarak \u00f6l\u00e7meyeolanak tan\u0131yacak bir \u00f6l\u00e7me arac\u0131n\u0131n geli\u015ftirilmesi ama\u00e7lanmaktad\u0131r. Ara\u015ft\u0131rma, 2012-2013 E\u011fitim \u00d6\u011fretim Y\u0131l\u0131 Bahar D\u00f6nemi'nde Batman il merkezinde toplam 416lise  ...", "url_pdf": null, "num_citations": 1, "cluster_id": "1581872957507313174", "year": "2013", "url_citations": "http://scholar.google.com/scholar?cites=1581872957507313174&as_sdt=2005&sciodt=1,5&hl=en"}, {"num_versions": 11, "url_citation": null, "title": "Motivation, learning strategies, participation and medical school performance", "url": "http://onlinelibrary.wiley.com/doi/10.1111/j.1365-2923.2012.04284.x/full", "url_versions": "http://scholar.google.com/scholar?cluster=14809848580172279857&hl=en&as_sdt=1,5&sciodt=1,5&as_vis=1", "authors": "KM Stegers\u2010Jager, J Cohen\u2010Schotanus\u2026 - Medical  \u2026", "excerpt": "Objectives This study aimed to test and cross-validate a hypothesised model of relationships among motivational beliefs (value and self-efficacy), learning strategies (deep learning and resource management), participation (lecture attendance, skills training attendance and  ...", "url_pdf": null, "num_citations": 38, "cluster_id": "14809848580172279857", "year": "2012", "url_citations": "http://scholar.google.com/scholar?cites=14809848580172279857&as_sdt=2005&sciodt=1,5&hl=en"}, {"num_versions": 2, "url_citation": null, "title": "Abordagens ao estudo e sucesso acad\u00e9mico no ensino superior", "url": "http://repositorium.sdum.uminho.pt/handle/1822/30120", "url_versions": "http://scholar.google.com/scholar?cluster=3399979812349164918&hl=en&as_sdt=1,5&sciodt=1,5&as_vis=1", "authors": "ST Valadas, AMDC Ara\u00fajo\u2026 - Revista e-psi:  \u2026", "excerpt": "O sucesso acad\u00e9mico no Ensino Superior tem sido associado \u00e0 qualidade do envolvimento dos estudantes nas tarefas de aprendizagem. Uma das formas de analisar este envolvimento recorre ao conceito de abordagens \u00e0 aprendizagem ou ao estudo, que t\u00eam  ...", "url_pdf": null, "num_citations": 1, "cluster_id": "3399979812349164918", "year": "2014", "url_citations": "http://scholar.google.com/scholar?cites=3399979812349164918&as_sdt=2005&sciodt=1,5&hl=en"}, {"num_versions": 7, "url_citation": null, "title": "Intervention in the learning process of second year medical students", "url": "http://www.ncbi.nlm.nih.gov/pmc/articles/PMC3214345/", "url_versions": "http://scholar.google.com/scholar?cluster=15393631353469639052&hl=en&as_sdt=1,5&sciodt=1,5&as_vis=1", "authors": "F Haghani, A Sadeghizadeh - \u2026  of research in medical sciences: the  \u2026", "excerpt": "BACKGROUND: It has been demonstrated that educational programs that focus on study skills could improve learning strategies and academic success of university students. Due to the important role of such supportive programs aimed at the fresh students, this survey  ...", "url_pdf": null, "num_citations": 2, "cluster_id": "15393631353469639052", "year": "2011", "url_citations": "http://scholar.google.com/scholar?cites=15393631353469639052&as_sdt=2005&sciodt=1,5&hl=en"}, {"num_versions": 2, "url_citation": null, "title": "Validation of Approaches to Studying Inventories in a Norwegian Context: In Search of \u201cQuick\u2010and\u2010Easy\u201d and Short Versions of the ASI", "url": "http://www.tandfonline.com/doi/abs/10.1080/00313831003764511", "url_versions": "http://scholar.google.com/scholar?cluster=16199389839087720076&hl=en&as_sdt=1,5&sciodt=1,5&as_vis=1", "authors": "RC Pettersen - Scandinavian Journal of Educational Research", "excerpt": "Four validation studies of different versions of the Approaches to Studying Inventory (ASI) were performed by means of exploratory and confirmatory factor analysis. Six samples of undergraduate students participated (N= 4,038), drawn from different bachelor programs  ...", "url_pdf": null, "num_citations": 3, "cluster_id": "16199389839087720076", "year": "2010", "url_citations": "http://scholar.google.com/scholar?cites=16199389839087720076&as_sdt=2005&sciodt=1,5&hl=en"}, {"num_versions": 10, "url_citation": null, "title": "Assessment of anatomical knowledge for clinical practice: Perceptions of clinicians and students", "url": "http://link.springer.com/article/10.1007/s00276-010-0748-8", "url_versions": "http://scholar.google.com/scholar?cluster=6571113185023833964&hl=en&as_sdt=1,5&sciodt=1,5&as_vis=1", "authors": "S Rowland, K Ahmed, DC Davies, H Ashrafian\u2026 - Surgical and radiologic  \u2026", "excerpt": "Abstract Purpose In anatomy education, assessment may be done by written, practical or oral methods. These are used to varying degrees in UK medical schools with no consensus on the preferred approach. The purpose of this article is to highlight changes to methods  ...", "url_pdf": null, "num_citations": 11, "cluster_id": "6571113185023833964", "year": "2011", "url_citations": "http://scholar.google.com/scholar?cites=6571113185023833964&as_sdt=2005&sciodt=1,5&hl=en"}, {"num_versions": 6, "url_citation": null, "title": "Developing inter-professional learning: Tactics, teamwork and talk", "url": "http://www.sciencedirect.com/science/article/pii/S0260691708001755", "url_versions": "http://scholar.google.com/scholar?cluster=18075207999054205472&hl=en&as_sdt=1,5&sciodt=1,5&as_vis=1", "authors": "CM Begley - Nurse education today", "excerpt": "Teamwork and collaboration between all health professionals results in high quality clinical care, and increased job satisfaction for staff. Encouraging inter-professional learning (IPL) may be advantageous in developing more effective teams. There is little rigorous research  ...", "url_pdf": null, "num_citations": 57, "cluster_id": "18075207999054205472", "year": "2009", "url_citations": "http://scholar.google.com/scholar?cites=18075207999054205472&as_sdt=2005&sciodt=1,5&hl=en"}, {"num_versions": 13, "url_citation": null, "title": "Students' and teachers' perceptions of clinical assessment program: A qualitative study in a PBL curriculum", "url": "http://www.biomedcentral.com/1756-0500/2/263/", "url_versions": "http://scholar.google.com/scholar?cluster=14561093253021787081&hl=en&as_sdt=1,5&sciodt=1,5&as_vis=1", "authors": "HMF Al Kadri, MS Al-Moamary\u2026 - BMC research  \u2026", "excerpt": "Background\" Examinations drive students' learning.\" This statement refers to what is assumed to be one of the strongest relationships in education. We explored in this research how and why students differ in their approaches to learning, how assessment affects deep  ...", "url_pdf": null, "num_citations": 23, "cluster_id": "14561093253021787081", "year": "2009", "url_citations": "http://scholar.google.com/scholar?cites=14561093253021787081&as_sdt=2005&sciodt=1,5&hl=en"}, {"num_versions": 2, "url_citation": null, "title": "Studieapproach, stress, studieresultat och f\u00f6rm\u00e5ga att bed\u00f6ma egen prestation", "url": "http://www.diva-portal.org/smash/record.jsf?pid=diva2:223522", "url_versions": "http://scholar.google.com/scholar?cluster=1624204268354932150&hl=en&as_sdt=1,5&sciodt=1,5&as_vis=1", "authors": "M \u00d6hrstedt -", "excerpt": "Med avsikt att bidra till \u00f6kad f\u00f6rst\u00e5else f\u00f6r stressrelaterad oh\u00e4lsa i utbildningsmilj\u00f6er unders\u00f6ks relationerna mellan studieapproach, sj\u00e4lvskattad stress, studieresultat (estimerat och reellt) och sj\u00e4lvbed\u00f6mningsf\u00f6rm\u00e5ga, med hj\u00e4lp av en enk\u00e4tstudie bland 128  ...", "url_pdf": null, "num_citations": 0, "cluster_id": null, "year": "2009", "url_citations": null}, {"num_versions": 16, "url_citation": null, "title": "Factors influencing the approaches to studying of preclinical and clinical students and postgraduate trainees", "url": "http://www.biomedcentral.com/1472-6920/11/22", "url_versions": "http://scholar.google.com/scholar?cluster=2638057682903159462&hl=en&as_sdt=1,5&sciodt=1,5&as_vis=1", "authors": "DP Wickramasinghe\u2026 - BMC medical education", "excerpt": "Background Students can be classified into three categories depending on their approaches to studying; namely, deep approach (DA), strategic approach (SA) and surface apathetic or superficial approach (SAA). The aim of this study was to identify factors affecting the  ...", "url_pdf": null, "num_citations": 12, "cluster_id": "2638057682903159462", "year": "2011", "url_citations": "http://scholar.google.com/scholar?cites=2638057682903159462&as_sdt=2005&sciodt=1,5&hl=en"}, {"num_versions": 6, "url_citation": null, "title": "The relationship between medical students' learning approaches and performance on a summative high-stakes clinical performance examination", "url": "http://www.tandfonline.com/doi/abs/10.3109/0142159X.2012.652995", "url_versions": "http://scholar.google.com/scholar?cluster=3801725623122639874&hl=en&as_sdt=1,5&sciodt=1,5&as_vis=1", "authors": "W May, EK Chung, D Elliott, D Fisher - Medical teacher", "excerpt": "Background: A learning approach embeds the intention of the student when starting a task and the learning processes and strategies used to carry out a task. Student approaches to learning have been categorized as deep, strategic, and surface. Aim: To explore the  ...", "url_pdf": null, "num_citations": 11, "cluster_id": "3801725623122639874", "year": "2012", "url_citations": "http://scholar.google.com/scholar?cites=3801725623122639874&as_sdt=2005&sciodt=1,5&hl=en"}, {"num_versions": 8, "url_citation": null, "title": "Factors affecting bioscience students' academic achievement", "url": "http://link.springer.com/article/10.1007/s11251-011-9176-3", "url_versions": "http://scholar.google.com/scholar?cluster=10456635101087394232&hl=en&as_sdt=1,5&sciodt=1,5&as_vis=1", "authors": "H Rytk\u00f6nen, A Parpala, S Lindblom-Yl\u00e4nne\u2026 - Instructional  \u2026", "excerpt": "Abstract The examination of academic progression has become an essential tool for measuring the effectiveness of educational systems. Research concerning the relationship between student learning and how they progress in their studies, however remains scarce ...", "url_pdf": null, "num_citations": 25, "cluster_id": "10456635101087394232", "year": "2012", "url_citations": "http://scholar.google.com/scholar?cites=10456635101087394232&as_sdt=2005&sciodt=1,5&hl=en"}, {"num_versions": 3, "url_citation": null, "title": "Correlation between the learning approaches of first year medical students and their performance in multiple choice questions in physiology.", "url": "http://imsear.li.mahidol.ac.th/handle/123456789/152415", "url_versions": "http://scholar.google.com/scholar?cluster=10959743435651675175&hl=en&as_sdt=1,5&sciodt=1,5&as_vis=1", "authors": "N Rajaratnam, SM D'cruz, M Chandrasekhar -", "excerpt": "Background: Students generally choose either a surface learning approach that focuses on rote learning or a deep approach that focuses on understanding. While selection for postgraduate medical courses is based on Multiple Choice Questions (MCQs), only some  ...", "url_pdf": null, "num_citations": 1, "cluster_id": "10959743435651675175", "year": "2013", "url_citations": "http://scholar.google.com/scholar?cites=10959743435651675175&as_sdt=2005&sciodt=1,5&hl=en"}, {"num_versions": 3, "url_citation": null, "title": "Metacognitive and motivational predictors of surface approach to studying and academic examination performance", "url": "http://www.tandfonline.com/doi/abs/10.1080/01443410.2013.814196", "url_versions": "http://scholar.google.com/scholar?cluster=11157478965405951880&hl=en&as_sdt=1,5&sciodt=1,5&as_vis=1", "authors": "MM Spada, GB Moneta - Educational Psychology", "excerpt": "The objective of this study was to verify the structure of a model of how surface approach to studying is influenced by the trait variables of motivation and metacognition and the state variables of avoidance coping and evaluation anxiety. We extended the model to include:( ...", "url_pdf": null, "num_citations": 1, "cluster_id": "11157478965405951880", "year": "2014", "url_citations": "http://scholar.google.com/scholar?cites=11157478965405951880&as_sdt=2005&sciodt=1,5&hl=en"}, {"num_versions": 12, "url_citation": null, "title": "Student perceptions of the progress test in two settings and the implications for test deployment", "url": "http://link.springer.com/article/10.1007/s10459-011-9334-z", "url_versions": "http://scholar.google.com/scholar?cluster=3049166124954684399&hl=en&as_sdt=1,5&sciodt=1,5&as_vis=1", "authors": "L Wade, C Harrison, J Hollands, K Mattick\u2026 - Advances in health  \u2026", "excerpt": "Abstract Background The Progress Test (PT) was developed to assess student learning within integrated curricula. Whilst it is effective in promoting and rewarding deep approaches to learning in some settings, we hypothesised that implementation of the curriculum ( ...", "url_pdf": null, "num_citations": 5, "cluster_id": "3049166124954684399", "year": "2012", "url_citations": "http://scholar.google.com/scholar?cites=3049166124954684399&as_sdt=2005&sciodt=1,5&hl=en"}, {"num_versions": 5, "url_citation": null, "title": "The structure of observed learning outcome (SOLO) taxonomy: a model to promote dental students' learning", "url": "http://onlinelibrary.wiley.com/doi/10.1111/j.1600-0579.2009.00607.x/full", "url_versions": "http://scholar.google.com/scholar?cluster=13274726453790950093&hl=en&as_sdt=1,5&sciodt=1,5&as_vis=1", "authors": "H Lucander, L Bondemark, G Brown\u2026 - European Journal of  \u2026", "excerpt": "Abstract Selective memorising of isolated facts or reproducing what is thought to be required\u2013the surface approach to learning\u2013is not the desired outcome for a dental student or a dentist in practice. The preferred outcome is a deep approach as defined by an intention to seek  ...", "url_pdf": null, "num_citations": 5, "cluster_id": "13274726453790950093", "year": "2010", "url_citations": "http://scholar.google.com/scholar?cites=13274726453790950093&as_sdt=2005&sciodt=1,5&hl=en"}, {"num_versions": 2, "url_citation": null, "title": "\u00dcniversite \u00f6\u011frencilerinin \u00f6\u011frenme yakla\u015f\u0131mlar\u0131", "url": "http://eb.ted.org.tr/index.php/EB/article/download/609/88", "url_versions": "http://scholar.google.com/scholar?cluster=12519003038084812557&hl=en&as_sdt=1,5&sciodt=1,5&as_vis=1", "authors": "N Ekinci - E\u011fitim ve Bilim", "excerpt": "Abstract The purpose of the study is to identify the learning approach (deep, surface, strategic) preferences of undergraduate students and to reveal the relationships between their preferences and the variables of teaching-learning processes (teaching-learning  ...", "url_pdf": null, "num_citations": 17, "cluster_id": "12519003038084812557", "year": "2009", "url_citations": "http://scholar.google.com/scholar?cites=12519003038084812557&as_sdt=2005&sciodt=1,5&hl=en"}]