[{"num_versions": 6, "url_citation": null, "title": "Managing knowledge in the healthcare sector. A review", "url": "http://onlinelibrary.wiley.com/doi/10.1111/j.1468-2370.2007.00219.x/full", "url_versions": "http://scholar.google.com/scholar?cluster=6430911789987253125&hl=en&as_sdt=1,5&sciodt=1,5&as_vis=1", "authors": "D Nicolini, J Powell, P Conville\u2026 - International Journal  \u2026", "excerpt": "Over the past decade, knowledge management (KM), as a concept and a set of practices, has penetrated into the fabric of organizational and managerial processes in the healthcare sector, which has been the site of numerous innovative KM practices. As a result scholars  ...", "url_pdf": null, "num_citations": 109, "cluster_id": "6430911789987253125", "year": "2008", "url_citations": "http://scholar.google.com/scholar?cites=6430911789987253125&as_sdt=2005&sciodt=1,5&hl=en"}, {"num_versions": 8, "url_citation": null, "title": "Shifting goals in medical communication. Determinants of goal detection and response formation", "url": "http://www.sciencedirect.com/science/article/pii/S0738399108006435", "url_versions": "http://scholar.google.com/scholar?cluster=17606578738087118344&hl=en&as_sdt=1,5&sciodt=1,5&as_vis=1", "authors": "RL Hulsman - Patient education and counseling", "excerpt": "OBJECTIVES: Research and education of medical communication different perspective, making the extraction of clear recommendations from research that can be applied in education not always possible. In education, medical communication is encountered from  ...", "url_pdf": null, "num_citations": 33, "cluster_id": "17606578738087118344", "year": "2009", "url_citations": "http://scholar.google.com/scholar?cites=17606578738087118344&as_sdt=2005&sciodt=1,5&hl=en"}, {"num_versions": 3, "url_citation": null, "title": "Reflection and the scholarship of teaching, learning, and assessment", "url": "http://scholar.google.com/https://www.questia.com/library/journal/1P3-985462271/reflection-and-the-scholarship-of-teaching-learning", "url_versions": "http://scholar.google.com/scholar?cluster=6602770576833816618&hl=en&as_sdt=1,5&sciodt=1,5&as_vis=1", "authors": "GM Musolino, E Mostrom - Journal of Physical Therapy Education", "excerpt": "Position and Rationale. In this article, we focus on the role of reflection in the scholarship of teaching and learning (SoTL) and briefly expand our discussion to consider the role of reflection in assessment as well. We start with a historical perspective casting back to  ...", "url_pdf": null, "num_citations": 17, "cluster_id": "6602770576833816618", "year": "2005", "url_citations": "http://scholar.google.com/scholar?cites=6602770576833816618&as_sdt=2005&sciodt=1,5&hl=en"}, {"num_versions": 24, "url_citation": null, "title": "What can management theories offer evidence-based practice? A comparative analysis of measurement tools for organisational context", "url": "http://www.biomedcentral.com/content/pdf/1748-5908-4-28.pdf", "url_versions": "http://scholar.google.com/scholar?cluster=9512973908780198811&hl=en&as_sdt=1,5&sciodt=1,5&as_vis=1", "authors": "B French, LH Thomas, P Baker, CR Burton\u2026 - Implement  \u2026", "excerpt": "Abstract Background: Given the current emphasis on networks as vehicles for innovation and change in health service delivery, the ability to conceptualise and measure organisational enablers for the social construction of knowledge merits attention. This  ...", "url_pdf": "http://www.biomedcentral.com/content/pdf/1748-5908-4-28.pdf", "num_citations": 52, "cluster_id": "9512973908780198811", "year": "2009", "url_citations": "http://scholar.google.com/scholar?cites=9512973908780198811&as_sdt=2005&sciodt=1,5&hl=en"}, {"num_versions": 10, "url_citation": null, "title": "Learning and caring in communities of practice: using relationships and collective learning to improve primary care for patients with multimorbidity", "url": "http://www.annfammed.org/content/8/2/170.short", "url_versions": "http://scholar.google.com/scholar?cluster=1955095014841172331&hl=en&as_sdt=1,5&sciodt=1,5&as_vis=1", "authors": "H Soubhi, EA Bayliss, M Fortin, C Hudon\u2026 - The Annals of Family \u2026", "excerpt": "Abstract We introduce a primary care practice model for caring for patients with multimorbidity. Primary care for these patients requires flexibility and ongoing coordination, and it often must be tailored to individual circumstances. Such complex and flexible care  ...", "url_pdf": null, "num_citations": 55, "cluster_id": "1955095014841172331", "year": "2010", "url_citations": "http://scholar.google.com/scholar?cites=1955095014841172331&as_sdt=2005&sciodt=1,5&hl=en"}, {"num_versions": 5, "url_citation": null, "title": "A mapper's reflection on Dementia Care Mapping with older residents living in a nursing home", "url": "http://onlinelibrary.wiley.com/doi/10.1111/j.1748-3743.2007.00108.x/full", "url_versions": "http://scholar.google.com/scholar?cluster=3601726255247737669&hl=en&as_sdt=1,5&sciodt=1,5&as_vis=1", "authors": "M Mansah, L Coulon, P Brown - International journal of older  \u2026", "excerpt": "Background. Dementia Care Mapping has been employed in few Australian residential care facilities to promote person-centred care and the well-being of residents. Reflection has also been used selectively in some practices to improve and evaluate the care process.  ...", "url_pdf": null, "num_citations": 4, "cluster_id": "3601726255247737669", "year": "2008", "url_citations": "http://scholar.google.com/scholar?cites=3601726255247737669&as_sdt=2005&sciodt=1,5&hl=en"}, {"num_versions": 4, "url_citation": null, "title": "Students' perceptions of the value of a self-study writing assignment", "url": "http://www.questia.com/library/journal/1G1-173375580/students-perceptions-of-the-value-of-a-self-study", "url_versions": "http://scholar.google.com/scholar?cluster=7523618933475785467&hl=en&as_sdt=1,5&sciodt=1,5&as_vis=1", "authors": "JA Meyer, BJ Fisher, PS Pearl - Journal of Instructional Psychology", "excerpt": "The purpose of this study was to examine students' perceptions of a self-study assignment, a requirement for a life-span human development course. A survey assessing attitudes regarding the value of the writing assignment was completed by 278 students. Results  ...", "url_pdf": null, "num_citations": 3, "cluster_id": "7523618933475785467", "year": "2007", "url_citations": "http://scholar.google.com/scholar?cites=7523618933475785467&as_sdt=2005&sciodt=1,5&hl=en"}, {"num_versions": 7, "url_citation": null, "title": "Identifying opportunities for quality improvement in surgical site infection prevention", "url": "http://www.sciencedirect.com/science/article/pii/S0196655308009012", "url_versions": "http://scholar.google.com/scholar?cluster=7415392024798361920&hl=en&as_sdt=1,5&sciodt=1,5&as_vis=1", "authors": "AR Gagliardi, C Eskicioglu, M McKenzie\u2026 - American journal of  \u2026", "excerpt": "BACKGROUND: This study evaluated surgical site infection (SSI) prevention strategies at a network of university hospitals to identify interventions that may be required to improve compliance with guidelines. METHODS: Qualitative methods were used for thematic  ...", "url_pdf": null, "num_citations": 15, "cluster_id": "7415392024798361920", "year": "2009", "url_citations": "http://scholar.google.com/scholar?cites=7415392024798361920&as_sdt=2005&sciodt=1,5&hl=en"}, {"num_versions": 6, "url_citation": null, "title": "Measuring faculty reflection on medical grand rounds at Mayo Clinic: associations with teaching experience, clinical exposure, and presenter effectiveness", "url": "http://www.sciencedirect.com/science/article/pii/S0025619612011263", "url_versions": "http://scholar.google.com/scholar?cluster=1022769396213058784&hl=en&as_sdt=1,5&sciodt=1,5&as_vis=1", "authors": "CM Wittich, JH Szostek, DA Reed, JL Kiefer\u2026 - Mayo Clinic  \u2026", "excerpt": "Objectives To develop and validate a new instrument for measuring participant reflection on continuing medical education (CME) and determine associations between the reflection instrument scores and CME presenter, participant, and presentation characteristics.", "url_pdf": null, "num_citations": 2, "cluster_id": "1022769396213058784", "year": "2013", "url_citations": "http://scholar.google.com/scholar?cites=1022769396213058784&as_sdt=2005&sciodt=1,5&hl=en"}, {"num_versions": 4, "url_citation": null, "title": "A different kind of holding environment: A case study of group work with pediatric staff", "url": "http://www.tandfonline.com/doi/abs/10.1300/J457v03n03_03", "url_versions": "http://scholar.google.com/scholar?cluster=18160459094595492848&hl=en&as_sdt=1,5&sciodt=1,5&as_vis=1", "authors": "JLM McCoyd, C Walter - Journal of social work in end-of-life &  \u2026", "excerpt": "ABSTRACT This paper reports a nearly two-year intervention with staff at a major urban pediatric facility. The authors worked as trainers and consultants for two groups\u2013the Emergency Department (ED) and Chronic Care units (CC). Following two days of training  ...", "url_pdf": null, "num_citations": 6, "cluster_id": "18160459094595492848", "year": "2007", "url_citations": "http://scholar.google.com/scholar?cites=18160459094595492848&as_sdt=2005&sciodt=1,5&hl=en"}, {"num_versions": 6, "url_citation": null, "title": "Houston Community College faculty experience with diverse students in the classrooms: a search for effective instructional approaches", "url": "http://www.library.utexas.edu/etd/d/2005/ugwup03937/ugwup03937.pdf", "url_versions": "http://scholar.google.com/scholar?cluster=9781500934849552498&hl=en&as_sdt=1,5&sciodt=1,5&as_vis=1", "authors": "LK Holleran -", "excerpt": "Community colleges serve about 50 percent of the minority undergraduate students in the United States. Study after study show that the gaps between ethnic and racial groups are continuing to widen. Yes, some minority groups are narrowing the gap in participation, but  ...", "url_pdf": "http://www.library.utexas.edu/etd/d/2005/ugwup03937/ugwup03937.pdf", "num_citations": 1, "cluster_id": "9781500934849552498", "year": "2005", "url_citations": "http://scholar.google.com/scholar?cites=9781500934849552498&as_sdt=2005&sciodt=1,5&hl=en"}, {"num_versions": 2, "url_citation": null, "title": "Development, Implementation, and Evaluation of a Continuing Professional Development Module on Physical Therapists Use of Standardized Balance  \u2026", "url": "http://scholar.google.com/https://books.google.com/books?hl=en&lr=&id=1t2NMdYQwfsC&oi=fnd&pg=PR1&ots=A6ggNoSmGG&sig=uYpFp8uIdhBYO4xrpJGA8SlU6mg", "url_versions": "http://scholar.google.com/scholar?cluster=7299574728845298609&hl=en&as_sdt=1,5&sciodt=1,5&as_vis=1", "authors": "JJ Mowder-Tinney -", "excerpt": "Purpose. This study had three objectives. The first objective was to develop the contents of a continuing professional development module (CPDM) for physical therapists geared toward increasing the use of standardized balance measures examine patients with balance  ...", "url_pdf": null, "num_citations": 2, "cluster_id": "7299574728845298609", "year": "2008", "url_citations": "http://scholar.google.com/scholar?cites=7299574728845298609&as_sdt=2005&sciodt=1,5&hl=en"}, {"num_versions": 4, "url_citation": null, "title": "Antibiotic prescribing for upper respiratory tract infections in the Asia-Pacific region: A brief review", "url": "http://www.ncbi.nlm.nih.gov/pmc/articles/PMC4399404/", "url_versions": "http://scholar.google.com/scholar?cluster=15919695728447108533&hl=en&as_sdt=1,5&sciodt=1,5&as_vis=1", "authors": "CL Teng - Malaysian family physician: the official journal of the  \u2026", "excerpt": "Abstract This review highlights the high prevalence of antibiotic use for upper respiratory tract infections (URTIs) in a larger part of the Asia-Pacific region. Since URTIs are one of the common reasons for primary care consultations in this region, inappropriate use of  ...", "url_pdf": null, "num_citations": 1, "cluster_id": "15919695728447108533", "year": "2014", "url_citations": "http://scholar.google.com/scholar?cites=15919695728447108533&as_sdt=2005&sciodt=1,5&hl=en"}, {"num_versions": 4, "url_citation": null, "title": "The role of reflection in implementing learning from continuing education into practice", "url": "http://onlinelibrary.wiley.com/doi/10.1002/chp.117/abstract", "url_versions": "http://scholar.google.com/scholar?cluster=9753948457587519777&hl=en&as_sdt=1,5&sciodt=1,5&as_vis=1", "authors": "M Lowe, S Rappolt, S Jaglal\u2026 - Journal of Continuing  \u2026", "excerpt": "Abstract Introduction: Although the use of reflection to facilitate learning and its application in practice has been widely advocated, there is little empirical research to establish whether or not health professionals use reflection to integrate learning into clinical practice.  ...", "url_pdf": null, "num_citations": 64, "cluster_id": "9753948457587519777", "year": "2007", "url_citations": "http://scholar.google.com/scholar?cites=9753948457587519777&as_sdt=2005&sciodt=1,5&hl=en"}, {"num_versions": 4, "url_citation": null, "title": "Interprofessional learning in the trenches: fostering collective capability", "url": "http://www.tandfonline.com/doi/abs/10.1080/13561820802565619", "url_versions": "http://scholar.google.com/scholar?cluster=11547383785180572620&hl=en&as_sdt=1,5&sciodt=1,5&as_vis=1", "authors": "H Soubhi, N Rege Colet, JHV Gilbert\u2026 - Journal of  \u2026", "excerpt": "The greatest resource for improving interprofessional learning and practice is the knowledge, wisdom, and energy of professionals who adapt to challenging situations in their everyday work. We call collective capability the ability of a group of professionals to  ...", "url_pdf": null, "num_citations": 27, "cluster_id": "11547383785180572620", "year": "2009", "url_citations": "http://scholar.google.com/scholar?cites=11547383785180572620&as_sdt=2005&sciodt=1,5&hl=en"}, {"num_versions": 15, "url_citation": null, "title": "Does reflection have an effect upon case-solving abilities of undergraduate medical students?", "url": "http://www.biomedcentral.com/1472-6920/12/75/", "url_versions": "http://scholar.google.com/scholar?cluster=10162495008726227389&hl=en&as_sdt=1,5&sciodt=1,5&as_vis=1", "authors": "S Koole, T Dornan, L Aper, A Scherpbier\u2026 - BMC medical  \u2026", "excerpt": "Background Reflection on professional experience is increasingly accepted as a critical attribute for health care practice; however, evidence that it has a positive impact on performance remains scarce. This study investigated whether, after allowing for the effects  ...", "url_pdf": null, "num_citations": 18, "cluster_id": "10162495008726227389", "year": "2012", "url_citations": "http://scholar.google.com/scholar?cites=10162495008726227389&as_sdt=2005&sciodt=1,5&hl=en"}, {"num_versions": 7, "url_citation": null, "title": "Using Critical Incidents to Create Learning Pathways Between the Real World and Places of Learning: Findings from a 2 Year Funded Project Aimed at Improving  \u2026", "url": "http://ijl.cgpublisher.com/product/pub.30/prod.2561", "url_versions": "http://scholar.google.com/scholar?cluster=13694503601335766934&hl=en&as_sdt=1,5&sciodt=1,5&as_vis=1", "authors": "A Hill, C Popovic, R Lawton, J Eland\u2026 - \u2026  Journal of Learning", "excerpt": "This paper starts with a short introduction to the project, before discussing and illustrating new teaching resources which will be available for use across a wide range of disciplines. We are offering these for participants to use with their own students. The paper concludes  ...", "url_pdf": null, "num_citations": 1, "cluster_id": "13694503601335766934", "year": "2009", "url_citations": "http://scholar.google.com/scholar?cites=13694503601335766934&as_sdt=2005&sciodt=1,5&hl=en"}, {"num_versions": 14, "url_citation": null, "title": "Learning to cross boundaries: the integration of a health network to deliver seamless care", "url": "http://www.sciencedirect.com/science/article/pii/S0168851006000054", "url_versions": "http://scholar.google.com/scholar?cluster=2389254639837520484&hl=en&as_sdt=1,5&sciodt=1,5&as_vis=1", "authors": "JDH van Wijngaarden, AA de Bont, R Huijsman - Health Policy", "excerpt": "We analysed the development of an integrated network from a learning perspective to see how care givers from different organisations were able to cross the professional and organisational boundaries that existed between them to make sure patients receive the  ...", "url_pdf": null, "num_citations": 45, "cluster_id": "2389254639837520484", "year": "2006", "url_citations": "http://scholar.google.com/scholar?cites=2389254639837520484&as_sdt=2005&sciodt=1,5&hl=en"}, {"num_versions": 28, "url_citation": null, "title": "Creating future proof graduates", "url": "http://eprints.leedsbeckett.ac.uk/1139/1/Creating%20future%20proof%20graduates.pdf", "url_versions": "http://scholar.google.com/scholar?cluster=3222618591412732807&hl=en&as_sdt=1,5&sciodt=1,5&as_vis=1", "authors": "C Popovic, C Tomas - Assessment, Teaching & Learning  \u2026", "excerpt": "Background Birmingham City University's NTFS project,'Creating future proof graduates', began in July 2007. The core team comprised two National Teaching Fellows (Professor Anne Hill and Dr Nick Morton) and three members of the Centre for the Enhancement of  ...", "url_pdf": "http://eprints.leedsbeckett.ac.uk/1139/1/Creating%20future%20proof%20graduates.pdf", "num_citations": 5, "cluster_id": "3222618591412732807", "year": "2009", "url_citations": "http://scholar.google.com/scholar?cites=3222618591412732807&as_sdt=2005&sciodt=1,5&hl=en"}, {"num_versions": 3, "url_citation": null, "title": "Planification syst\u00e9mique de l'apprentissage des internes pendant un semestre de radiop\u00e9diatrie", "url": "http://www.sciencedirect.com/science/article/pii/S022103630674032X", "url_versions": "http://scholar.google.com/scholar?cluster=1600611991056422467&hl=en&as_sdt=1,5&sciodt=1,5&as_vis=1", "authors": "G Gorincou, V Vidal, S Bommart, C Lapierre\u2026 - Journal de  \u2026", "excerpt": "Diagnostic Radiology and Medical Imaging residents of French University Hospitals benefit from a wide array of learning tools. However, the professors' clinical workload, lack of sufficient proper formal training, lack of practical applicability of existing standards, and  ...", "url_pdf": null, "num_citations": 2, "cluster_id": "1600611991056422467", "year": "2006", "url_citations": "http://scholar.google.com/scholar?cites=1600611991056422467&as_sdt=2005&sciodt=1,5&hl=en"}, {"num_versions": 7, "url_citation": null, "title": "Reflective journaling: creating learning pathways for experiential learning and the adult learner", "url": "http://ijb.cgpublisher.com/product/pub.30/prod.2756", "url_versions": "http://scholar.google.com/scholar?cluster=7215271023994415277&hl=en&as_sdt=1,5&sciodt=1,5&as_vis=1", "authors": "K Goldberg - The International Journal of Learning", "excerpt": "Blending theory into practitioner experience in adult learning can be challenging. As a result, a common question that challenges adult learning institutions is: How does seemingly unique organization-specific practitioner experiences apply to theories discussed in the  ...", "url_pdf": null, "num_citations": 2, "cluster_id": "7215271023994415277", "year": "2010", "url_citations": "http://scholar.google.com/scholar?cites=7215271023994415277&as_sdt=2005&sciodt=1,5&hl=en"}, {"num_versions": 9, "url_citation": null, "title": "Predicting intentions to use research evidence for carpal tunnel syndrome treatment decisions among certified hand therapists", "url": "http://link.springer.com/article/10.1007/s10926-011-9305-5", "url_versions": "http://scholar.google.com/scholar?cluster=2418428655334387454&hl=en&as_sdt=1,5&sciodt=1,5&as_vis=1", "authors": "GN Groth - Journal of occupational rehabilitation", "excerpt": "Abstract Introduction: Research evidence is not routinely used for clinical decisions among rehabilitation practitioners. The purpose of this study was to model the predictors of intention to use research evidence for carpal tunnel syndrome (CTS) clinical decisions among  ...", "url_pdf": null, "num_citations": 10, "cluster_id": "2418428655334387454", "year": "2011", "url_citations": "http://scholar.google.com/scholar?cites=2418428655334387454&as_sdt=2005&sciodt=1,5&hl=en"}, {"num_versions": 8, "url_citation": null, "title": "Use of personal digital assistants (PDAs) in reflection on learning and practice", "url": "http://onlinelibrary.wiley.com/doi/10.1002/chp.142/full", "url_versions": "http://scholar.google.com/scholar?cluster=11249048501724298189&hl=en&as_sdt=1,5&sciodt=1,5&as_vis=1", "authors": "SL Ranson, J Boothby, PE Mazmanian\u2026 - Journal of Continuing  \u2026", "excerpt": "Abstract Introduction: As the use of personal digital assistants (PDAs) grows, the value of reflection of learning and practice draws increased attention from policymakers and evaluators. To learn more about the use of PDAs in practice and learning, the present  ...", "url_pdf": null, "num_citations": 26, "cluster_id": "11249048501724298189", "year": "2007", "url_citations": "http://scholar.google.com/scholar?cites=11249048501724298189&as_sdt=2005&sciodt=1,5&hl=en"}, {"num_versions": 4, "url_citation": null, "title": "Can a clinical continuing education course change behavior in dental hygiene practice?", "url": "http://jdh.adha.org/content/82/4/33.short", "url_versions": "http://scholar.google.com/scholar?cluster=17241588226624012249&hl=en&as_sdt=1,5&sciodt=1,5&as_vis=1", "authors": "LJ Young, KJ Newell - American Dental Hygienists Association", "excerpt": "Abstract Can a clinical continuing education course impact practitioner provision of care in everyday practice? National recommendations call for continuing education that is closely linked to practitioner learning at the point of care and for outcome assessment that  ...", "url_pdf": null, "num_citations": 9, "cluster_id": "17241588226624012249", "year": "2008", "url_citations": "http://scholar.google.com/scholar?cites=17241588226624012249&as_sdt=2005&sciodt=1,5&hl=en"}, {"num_versions": 3, "url_citation": null, "title": "A Pragmatic Review of Knowledge Translation: Moving Forward in Cardiovascular", "url": "http://www.academia.edu/download/30835339/HSFO_Literature_Review_vNov_14pm_2007.pdf", "url_versions": "http://scholar.google.com/scholar?cluster=876054823937293375&hl=en&as_sdt=1,5&sciodt=1,5&as_vis=1", "authors": "MA Barwick, C Psych, KM Boydell - Toronto: Heart and Stroke  \u2026", "excerpt": "Knowledge translation has become an important concept in the last decade in particular. While there are a variety of terms that are used interchangeably to reflect this area of science and practice\u2013diffusion of innovation, dissemination, knowledge exchange, knowledge  ...", "url_pdf": "http://www.academia.edu/download/30835339/HSFO_Literature_Review_vNov_14pm_2007.pdf", "num_citations": 3, "cluster_id": "876054823937293375", "year": "2007", "url_citations": "http://scholar.google.com/scholar?cites=876054823937293375&as_sdt=2005&sciodt=1,5&hl=en"}, {"num_versions": 2, "url_citation": null, "title": "Trainee Counselling Psychologists Experiences And understanding of Reflective Practice and its Impact Upon Personal and Professional Development", "url": "http://roar.uel.ac.uk/3971/", "url_versions": "http://scholar.google.com/scholar?cluster=3354131929601874881&hl=en&as_sdt=1,5&sciodt=1,5&as_vis=1", "authors": "C Collins -", "excerpt": "Various definitions describe reflective practice (RP) as encapsulating thought in action, self-involvement and awareness, ethics and values, retrospective thinking and reconsideration of perspectives. These all indicate a purposeful intention, a conscious process. It has been  ...", "url_pdf": null, "num_citations": 0, "cluster_id": null, "year": "2013", "url_citations": null}, {"num_versions": 6, "url_citation": null, "title": "Facilitating students' reflective practice in a medical course: literature review", "url": "http://www.educationforhealth.net/article.asp?issn=1357-6283;year=2012;volume=25;issue=3;spage=198;epage=203;aulast=Chaffey", "url_versions": "http://scholar.google.com/scholar?cluster=8712095209262063699&hl=en&as_sdt=1,5&sciodt=1,5&as_vis=1", "authors": "LJ Chaffey, EJ de Leeuw, GA Finnigan - Education for  \u2026", "excerpt": "Abstract Introduction: Reflection and reflective practice is of increasing importance in medical education curricula. The aim of this review is to summarise the literature published around facilitating reflection in a medical course, and to answer the question: W0 hat is the  ...", "url_pdf": null, "num_citations": 11, "cluster_id": "8712095209262063699", "year": "2012", "url_citations": "http://scholar.google.com/scholar?cites=8712095209262063699&as_sdt=2005&sciodt=1,5&hl=en"}, {"num_versions": 6, "url_citation": null, "title": "Vers la cr\u00e9ation de milieux exemplaires dapprentissage et de d\u00e9veloppement des pratiques de collaboration interprofessionnelle centr\u00e9e sur les patients  \u2026", "url": "http://www.maisonneuve-rosemont.org/doc/hopital/enseignement/ecip/Rapport_final_ECIP_UdeM.pdf", "url_versions": "http://scholar.google.com/scholar?cluster=15522300028597641180&hl=en&as_sdt=1,5&sciodt=1,5&as_vis=1", "authors": "H Soubhi, P Lebel, H Lefebvre\u2026 - \u2026  Final soumie \u00e0  \u2026", "excerpt": "Nous tenons \u00e0 remercier, pour leur contribution financi\u00e8re, leur expertise et leurs efforts dans le d\u00e9veloppement de nouvelles connaissances dans la formation \u00e0 la collaboration interprofessionnelle centr\u00e9e sur le patient, les organisations suivantes :   ... - le Centre hospitalier de  ... ", "url_pdf": "http://www.maisonneuve-rosemont.org/doc/hopital/enseignement/ecip/Rapport_final_ECIP_UdeM.pdf", "num_citations": 3, "cluster_id": "15522300028597641180", "year": "2008", "url_citations": "http://scholar.google.com/scholar?cites=15522300028597641180&as_sdt=2005&sciodt=1,5&hl=en"}, {"num_versions": 9, "url_citation": null, "title": "Residents' use of case-based reflection exercises", "url": "http://www.cfp.ca/content/53/3/470.short", "url_versions": "http://scholar.google.com/scholar?cluster=5270127891795162272&hl=en&as_sdt=1,5&sciodt=1,5&as_vis=1", "authors": "C Bethune, JB Brown - Canadian Family Physician", "excerpt": null, "url_pdf": null, "num_citations": 12, "cluster_id": "5270127891795162272", "year": "2007", "url_citations": "http://scholar.google.com/scholar?cites=5270127891795162272&as_sdt=2005&sciodt=1,5&hl=en"}, {"num_versions": 5, "url_citation": null, "title": "Assessing outcomes through congruence of course objectives and reflective work", "url": "http://onlinelibrary.wiley.com/doi/10.1002/chp.12/abstract", "url_versions": "http://scholar.google.com/scholar?cluster=8407220753587833669&hl=en&as_sdt=1,5&sciodt=1,5&as_vis=1", "authors": "JM Lockyer, H Fidler, DB Hogan\u2026 - \u2026  Education in the  \u2026", "excerpt": "Abstract Introduction: Course outcomes have been assessed by examining the congruence between statements of commitment to change (CTCs) and course objectives. Other forms of postcourse reflective exercises (for example, impact and unmet-needs statements) have  ...", "url_pdf": null, "num_citations": 10, "cluster_id": "8407220753587833669", "year": "2005", "url_citations": "http://scholar.google.com/scholar?cites=8407220753587833669&as_sdt=2005&sciodt=1,5&hl=en"}, {"num_versions": 2, "url_citation": null, "title": "Acting, knowing, learning, simulating, gaming", "url": "http://dl.acm.org/citation.cfm?id=1499050", "url_versions": "http://scholar.google.com/scholar?cluster=18092024920526313725&hl=en&as_sdt=1,5&sciodt=1,5&as_vis=1", "authors": "D Crookall, W Thorngate - Simulation and Gaming", "excerpt": "Note: OCR errors may be found in this Reference List extracted from the full text article. ACM has opted to expose the complete List rather than only correct and linked references.   ... Cavaleri, S., & Seivert, S. (2005). Knowledge leadership: The art and science of the  ... ", "url_pdf": null, "num_citations": 81, "cluster_id": "18092024920526313725", "year": "2009", "url_citations": "http://scholar.google.com/scholar?cites=18092024920526313725&as_sdt=2005&sciodt=1,5&hl=en"}, {"num_versions": 4, "url_citation": null, "title": "An evidence-based model of effective self-assessment for directing professional learning", "url": "http://www.jdentaled.org/content/69/12/1315.short", "url_versions": "http://scholar.google.com/scholar?cluster=231531618504710146&hl=en&as_sdt=1,5&sciodt=1,5&as_vis=1", "authors": "J Asadoorian, HP Batty - Journal of dental education", "excerpt": "Abstract An innovative model for conducting meaningful self-assessments is presented to help oral health care professionals efficiently determine what to learn with the goal of remaining competent. A review and analysis of the literature drawing from several  ...", "url_pdf": null, "num_citations": 23, "cluster_id": "231531618504710146", "year": "2005", "url_citations": "http://scholar.google.com/scholar?cites=231531618504710146&as_sdt=2005&sciodt=1,5&hl=en"}, {"num_versions": 9, "url_citation": null, "title": "Reflective teaching of medical communication skills with DiViDU: Assessing the level of student reflection on recorded consultations with simulated patients", "url": "http://www.sciencedirect.com/science/article/pii/S073839910800548X", "url_versions": "http://scholar.google.com/scholar?cluster=18048823574075057474&hl=en&as_sdt=1,5&sciodt=1,5&as_vis=1", "authors": "RL Hulsman, AB Harmsen, M Fabriek - Patient education and counseling", "excerpt": "OBJECTIVE: Acquisition of effective, goal-oriented communication skills requires both practicing skills and reflective thinking. Reflection is a cyclic process of perceiving and analysing communication behaviour in terms of goals and effects and designing improved  ...", "url_pdf": null, "num_citations": 40, "cluster_id": "18048823574075057474", "year": "2009", "url_citations": "http://scholar.google.com/scholar?cites=18048823574075057474&as_sdt=2005&sciodt=1,5&hl=en"}, {"num_versions": 0, "url_citation": null, "title": "Structure-activity relationships of taxoids: a molecular descriptors family approach", "url": "http://www.termedia.pl/showpdf.php?article_id=10157&filename=structure.pdf&priority=1", "url_versions": null, "authors": "SD Bolboac\u0103, L J\u00e4ntschi - Archives of Medical Science", "excerpt": "Abstract Introduction: Taxoids, groups of diterpenoid cyclodecanes isolated from the genus Taxus, are known and used as anticancer agents. Starting from the successful results obtained by an original molecular descriptors family on structure-activity relationships ( ...", "url_pdf": null, "num_citations": 2, "cluster_id": "1382634021324663408", "year": "2008", "url_citations": "http://scholar.google.com/scholar?cites=1382634021324663408&as_sdt=2005&sciodt=1,5&hl=en"}, {"num_versions": 2, "url_citation": null, "title": "Impact of reflective learning on physicians' attitudes and care", "url": "http://www.ejmanager.com/mnstemps/63/63-1355325333.pdf", "url_versions": "http://scholar.google.com/scholar?cluster=11112857401425966790&hl=en&as_sdt=1,5&sciodt=1,5&as_vis=1", "authors": "PJ Carek, W Geiger, MW Oelklaus\u2026 - Journal of  \u2026", "excerpt": "ABSTRACT Reflection is thought to play a significant role in health professionals' implementation of learning from continuing medical education (CME) courses into practice. The use of reflective learning as an integral aspect of CME activities to enhance learning and practice  ... ", "url_pdf": "http://www.ejmanager.com/mnstemps/63/63-1355325333.pdf", "num_citations": 1, "cluster_id": "11112857401425966790", "year": "2013", "url_citations": "http://scholar.google.com/scholar?cites=11112857401425966790&as_sdt=2005&sciodt=1,5&hl=en"}, {"num_versions": 5, "url_citation": null, "title": "Fostering students' reflection about bias in healthcare: Cognitive dissonance and the role of personal and normative standards", "url": "http://www.tandfonline.com/doi/abs/10.3109/0142159X.2012.733453", "url_versions": "http://scholar.google.com/scholar?cluster=4945774852990721690&hl=en&as_sdt=1,5&sciodt=1,5&as_vis=1", "authors": "RA Hernandez, P Haidet, AC Gill, CR Teal - Medical teacher", "excerpt": "Background: To reduce cognitive dissonance about one's beliefs or behavior, individuals may compare their behavior to personal and/or normative standards. The details of this reflection process are unclear. Aims: We examined how medical students compare their  ...", "url_pdf": null, "num_citations": 4, "cluster_id": "4945774852990721690", "year": "2013", "url_citations": "http://scholar.google.com/scholar?cites=4945774852990721690&as_sdt=2005&sciodt=1,5&hl=en"}, {"num_versions": 5, "url_citation": null, "title": "A comparative analysis of case presentation modalities used in clinical reasoning coursework in occupational therapy", "url": "http://ajot.aota.org/Article.aspx?articleid=1871708", "url_versions": "http://scholar.google.com/scholar?cluster=4540075787396296552&hl=en&as_sdt=1,5&sciodt=1,5&as_vis=1", "authors": "R Lysaght, M Bent - American Journal of Occupational Therapy", "excerpt": "Abstract This study used mixed methods to compare four different styles of case presentation in a course designed to develop the clinical reasoning skills of master's level occupational therapy students. Modalities used to present cases were printed text, videotape, live  ...", "url_pdf": null, "num_citations": 20, "cluster_id": "4540075787396296552", "year": "2005", "url_citations": "http://scholar.google.com/scholar?cites=4540075787396296552&as_sdt=2005&sciodt=1,5&hl=en"}, {"num_versions": 4, "url_citation": null, "title": "Facilitating best practice in aged care: exploring influential factors through critical incident technique", "url": "http://onlinelibrary.wiley.com/doi/10.1111/j.1748-3743.2009.00169.x/pdf", "url_versions": "http://scholar.google.com/scholar?cluster=14546711888732862754&hl=en&as_sdt=1,5&sciodt=1,5&as_vis=1", "authors": "N Janes, M Fox, M Lowe, K McGilton\u2026 - \u2026  Journal of Older  \u2026", "excerpt": "Aim. The focus of this study is on the perspective of facilitators of evidence-based aged care in long-term care (LTC) homes about the factors that influence the outcome of their efforts to encourage nursing staff use of best practice knowledge.", "url_pdf": null, "num_citations": 13, "cluster_id": "14546711888732862754", "year": "2009", "url_citations": "http://scholar.google.com/scholar?cites=14546711888732862754&as_sdt=2005&sciodt=1,5&hl=en"}, {"num_versions": 6, "url_citation": null, "title": "Moving beyond the training room: Fostering workplace learning through online journaling", "url": "http://onlinelibrary.wiley.com/doi/10.1002/pfi.4140440709/abstract", "url_versions": "http://scholar.google.com/scholar?cluster=351608565848214903&hl=en&as_sdt=1,5&sciodt=1,5&as_vis=1", "authors": "VL Cyboran - Performance Improvement", "excerpt": "Performance Improvement\u2022 Volume 44\u2022 Number 7 35 reflection is focused on improving the systems themselves. Further, Sch\u00f6n recommends a reflective practicum,\u201ca practicum aimed at helping students acquire the kinds of artistry essential to competence in the  ...", "url_pdf": null, "num_citations": 15, "cluster_id": "351608565848214903", "year": "2005", "url_citations": "http://scholar.google.com/scholar?cites=351608565848214903&as_sdt=2005&sciodt=1,5&hl=en"}, {"num_versions": 2, "url_citation": null, "title": "Practice makes perfect: a case study for skill development", "url": "http://www.cob.niu.edu/jsmam/archive/Vol%206%20No%202.pdf#page=60", "url_versions": "http://scholar.google.com/scholar?cluster=7445972236305697302&hl=en&as_sdt=1,5&sciodt=1,5&as_vis=1", "authors": "MR Williams, JM Hawes, LM Foley - Journal of Selling & Major Account  \u2026", "excerpt": "Almost all sales educators, both academic and practitioner, appreciate the learning value provided by student participation in skill practice exercises, experiential exercises, mock sales calls, or whatever else one may chose to call such opportunities for the participants  ...", "url_pdf": null, "num_citations": 1, "cluster_id": "7445972236305697302", "year": "2006", "url_citations": "http://scholar.google.com/scholar?cites=7445972236305697302&as_sdt=2005&sciodt=1,5&hl=en"}, {"num_versions": 7, "url_citation": null, "title": "Facilitating interpersonal interaction and learning online: Linking theory and practice", "url": "http://onlinelibrary.wiley.com/doi/10.1002/chp.61/abstract", "url_versions": "http://scholar.google.com/scholar?cluster=18146869996929510586&hl=en&as_sdt=1,5&sciodt=1,5&as_vis=1", "authors": "J Sargeant, V Curran, M Allen\u2026 - \u2026  Education in the  \u2026", "excerpt": "Abstract Introduction: An earlier study of physicians' perceptions of interactive online learning showed that these were shaped both by program design and quality and the quality and quantity of interpersonal interaction. We explore instructor roles in enhancing online  ...", "url_pdf": null, "num_citations": 80, "cluster_id": "18146869996929510586", "year": "2006", "url_citations": "http://scholar.google.com/scholar?cites=18146869996929510586&as_sdt=2005&sciodt=1,5&hl=en"}, {"num_versions": 6, "url_citation": null, "title": "Engaged pedagogy: A study of the use of reflective journals in accounting education", "url": "http://www.tandfonline.com/doi/abs/10.1080/02602930903428676", "url_versions": "http://scholar.google.com/scholar?cluster=4718493724398829979&hl=en&as_sdt=1,5&sciodt=1,5&as_vis=1", "authors": "J Bisman - Assessment & Evaluation in Higher Education", "excerpt": "This paper provides a report on a study of innovation in postgraduate education in which a reflective learning journal was used for formal assessment purposes in a management accounting course. Prompted by the discourse on the shortcomings of accounting  ...", "url_pdf": null, "num_citations": 13, "cluster_id": "4718493724398829979", "year": "2011", "url_citations": "http://scholar.google.com/scholar?cites=4718493724398829979&as_sdt=2005&sciodt=1,5&hl=en"}, {"num_versions": 12, "url_citation": null, "title": "Developing and introducing evidence based clinical practice guidelines for serious illness in Kenya", "url": "http://adc.bmj.com/content/93/9/799.short", "url_versions": "http://scholar.google.com/scholar?cluster=139268327485764274&hl=en&as_sdt=1,5&sciodt=1,5&as_vis=1", "authors": "G Irimu, A Wamae, A Wasunna, F Were\u2026 - Archives of Disease in  \u2026", "excerpt": "Kenya, in common with many developing countries, has committed itself to Millennium Development Goal (MDG)-4, which calls for a two-third reduction in 1990 mortality levels in under 5-year-old children by 2015. 1 Improving the management of common severe  ...", "url_pdf": null, "num_citations": 48, "cluster_id": "139268327485764274", "year": "2008", "url_citations": "http://scholar.google.com/scholar?cites=139268327485764274&as_sdt=2005&sciodt=1,5&hl=en"}, {"num_versions": 5, "url_citation": null, "title": "Employer\u2010sponsored occupational therapy professional development in a multicampus facility: A quality project", "url": "http://onlinelibrary.wiley.com/doi/10.1111/j.1440-1630.2008.00745.x/pdf", "url_versions": "http://scholar.google.com/scholar?cluster=7063097132963046719&hl=en&as_sdt=1,5&sciodt=1,5&as_vis=1", "authors": "A Cusick, M Convey, I Novak\u2026 - Australian occupational  \u2026", "excerpt": "Aim: To critically assess and develop recommendations for professional development (PD) for occupational therapists in a multisite specialist cerebral palsy occupational therapy service. Method: Quality improvement project based on principles of participatory action  ...", "url_pdf": null, "num_citations": 6, "cluster_id": "7063097132963046719", "year": "2009", "url_citations": "http://scholar.google.com/scholar?cites=7063097132963046719&as_sdt=2005&sciodt=1,5&hl=en"}, {"num_versions": 6, "url_citation": null, "title": "The motivation of health professionals to explore research evidence in their practice: an intervention study", "url": "http://onlinelibrary.wiley.com/doi/10.1111/j.1365-2702.2006.01637.x/pdf", "url_versions": "http://scholar.google.com/scholar?cluster=11004413130424562269&hl=en&as_sdt=1,5&sciodt=1,5&as_vis=1", "authors": "A Henderson, S Winch, K Holzhauser\u2026 - Journal of Clinical  \u2026", "excerpt": "Aim. To assess the impact of multifaceted clinically focused educational strategies that concentrated on introducing dementia care research evidence on health professionals' awareness and inclination to use research findings in their future practice. Background.  ...", "url_pdf": null, "num_citations": 35, "cluster_id": "11004413130424562269", "year": "2006", "url_citations": "http://scholar.google.com/scholar?cites=11004413130424562269&as_sdt=2005&sciodt=1,5&hl=en"}, {"num_versions": 4, "url_citation": null, "title": "Discovering, applying and integrating self-knowledge: a grounded theory study of learning in life coaching", "url": "http://eprints.qut.edu.au/37245", "url_versions": "http://scholar.google.com/scholar?cluster=804594722784867467&hl=en&as_sdt=1,5&sciodt=1,5&as_vis=1", "authors": "KE Griffiths -", "excerpt": "Professional coaching is a rapidly expanding field with interdisciplinary roots and broad application. However, despite abundant prescriptive literature, research into the process of coaching, and especially life coaching, is minimal. Similarly, although learning is  ...", "url_pdf": null, "num_citations": 1, "cluster_id": "804594722784867467", "year": "2008", "url_citations": "http://scholar.google.com/scholar?cites=804594722784867467&as_sdt=2005&sciodt=1,5&hl=en"}, {"num_versions": 4, "url_citation": null, "title": "Using reflection in everyday orthopaedic nursing practice", "url": "http://www.sciencedirect.com/science/article/pii/S136131110500110X", "url_versions": "http://scholar.google.com/scholar?cluster=6455415485307875606&hl=en&as_sdt=1,5&sciodt=1,5&as_vis=1", "authors": "J Moloney, S Hahessy - Journal of Orthopaedic Nursing", "excerpt": "Saylor [Nurse Educator 15 (2)(1990) 8\u201311] considers the ability to reflect as an imperative component for the development of competency. This paper highlights the benefit of reflection as demonstrated by a student undertaking an orthopaedic nursing programme, at higher  ...", "url_pdf": null, "num_citations": 3, "cluster_id": "6455415485307875606", "year": "2006", "url_citations": "http://scholar.google.com/scholar?cites=6455415485307875606&as_sdt=2005&sciodt=1,5&hl=en"}]