[{"num_versions": 4, "url_citation": null, "title": "What do engineering students learn in sustainability courses? The effect of the pedagogical approach", "url": "http://www.sciencedirect.com/science/article/pii/S0959652609003011", "url_versions": "http://scholar.google.com/scholar?cluster=13528276172856699148&hl=en&as_sdt=1,5&sciodt=1,5&as_vis=1", "authors": "J Segalas, D Ferrer-Balas, KF Mulder - Journal of Cleaner Production", "excerpt": "The introduction of sustainable development (SD) courses into engineering education has been a key goal for many technological universities, accreditation agencies and national and international university networks. This paper presents the results of a 5-year research  ...", "url_pdf": null, "num_citations": 87, "cluster_id": "13528276172856699148", "year": "2010", "url_citations": "http://scholar.google.com/scholar?cites=13528276172856699148&as_sdt=2005&sciodt=1,5&hl=en"}, {"num_versions": 5, "url_citation": null, "title": "Sustainability in higher education in the context of the UN DESD: a review of learning and institutionalization processes", "url": "http://www.sciencedirect.com/science/article/pii/S0959652613003880", "url_versions": "http://scholar.google.com/scholar?cluster=2337098403671983403&hl=en&as_sdt=1,5&sciodt=1,5&as_vis=1", "authors": "AEJ Wals - Journal of Cleaner Production", "excerpt": "Abstract This contribution is grounded empirically in a review of UN's Decade of Education for Sustainable Development (UN DESD) which the author was commissioned to carry out by UNESCO. The review's section on the learning processes taking place in the higher  ...", "url_pdf": null, "num_citations": 31, "cluster_id": "2337098403671983403", "year": "2014", "url_citations": "http://scholar.google.com/scholar?cites=2337098403671983403&as_sdt=2005&sciodt=1,5&hl=en"}, {"num_versions": 3, "url_citation": null, "title": "Universities and sustainable development: The necessity for barriers to change", "url": "http://www.tandfonline.com/doi/full/10.1080/13603100701613947", "url_versions": "http://scholar.google.com/scholar?cluster=15337552725633729493&hl=en&as_sdt=1,5&sciodt=1,5&as_vis=1", "authors": "W Scott, S Gough - Perspectives", "excerpt": "Over the last thirty years, the idea of sustainable development has come to be seen in policy circles across the globe (eg UN agencies, national governments and international non-governmental organisations [NGOs]) as a necessary and urgent response to a range of  ...", "url_pdf": null, "num_citations": 18, "cluster_id": "15337552725633729493", "year": "2007", "url_citations": "http://scholar.google.com/scholar?cites=15337552725633729493&as_sdt=2005&sciodt=1,5&hl=en"}, {"num_versions": 5, "url_citation": null, "title": "Have the cake and eat it: Ecojustice versus development? Is it possible to reconcile social and economic equity, ecological sustainability, and human development?  \u2026", "url": "http://www.tandfonline.com/doi/abs/10.1207/s15326993es3601_3", "url_versions": "http://scholar.google.com/scholar?cluster=10481366953816006923&hl=en&as_sdt=1,5&sciodt=1,5&as_vis=1", "authors": "R Jucker - Educational Studies", "excerpt": "In this article I argue that it is impossible to look at educational issues before we develop a clear understanding of the dominant ideologies that currently perpetuate unsustainability. Only if we appreciate the pervasiveness and the fallacies of such concepts as\"  ...", "url_pdf": null, "num_citations": 25, "cluster_id": "10481366953816006923", "year": "2004", "url_citations": "http://scholar.google.com/scholar?cites=10481366953816006923&as_sdt=2005&sciodt=1,5&hl=en"}, {"num_versions": 7, "url_citation": null, "title": "We are the champions: Organizational learning and change for responsible management education", "url": "http://jme.sagepub.com/content/early/2011/12/13/1052562911431554.abstract", "url_versions": "http://scholar.google.com/scholar?cluster=3202962717447604652&hl=en&as_sdt=1,5&sciodt=1,5&as_vis=1", "authors": "N Solitander, M Foug\u00e8re, A Sobczak\u2026 - Journal of Management \u2026", "excerpt": "Abstract As the number of institutions adopting the United Nations' Principles for Responsible Management Education (PRME) initiative grows, there is an overhanging risk that many of them will merely add \u201cresponsibility\u201d as a topic to the existing curriculum. The  ...", "url_pdf": null, "num_citations": 13, "cluster_id": "3202962717447604652", "year": "2011", "url_citations": "http://scholar.google.com/scholar?cites=3202962717447604652&as_sdt=2005&sciodt=1,5&hl=en"}, {"num_versions": 5, "url_citation": null, "title": "Managing sustainability communication on campus: experiences from L\u00fcneburg", "url": "http://www.emeraldinsight.com/doi/abs/10.1108/14676370710823591", "url_versions": "http://scholar.google.com/scholar?cluster=15280417669679614122&hl=en&as_sdt=1,5&sciodt=1,5&as_vis=1", "authors": "M Adomssent, J Godemann\u2026 - \u2026  of Sustainability in  \u2026", "excerpt": "Purpose-Sustainability communication is evolving as a new interdisciplinary field of research and professional practice. The purpose of this paper is to point out the advantage of applying theoretical frameworks and related research instruments for an adequate  ...", "url_pdf": null, "num_citations": 28, "cluster_id": "15280417669679614122", "year": "2007", "url_citations": "http://scholar.google.com/scholar?cites=15280417669679614122&as_sdt=2005&sciodt=1,5&hl=en"}, {"num_versions": 2, "url_citation": null, "title": "Higher education curricula for human and social development", "url": "http://upcommons.upc.edu/handle/2099/8118", "url_versions": "http://scholar.google.com/scholar?cluster=5888363357369029874&hl=en&as_sdt=1,5&sciodt=1,5&as_vis=1", "authors": "P Taylor -", "excerpt": "This article examines issues relating to the development, delivery and evaluation of higher education curricula that aim to facilitate learning in the context of human development and social change. The paper begins by reviewing alternative conceptual and philosophical  ...", "url_pdf": null, "num_citations": 14, "cluster_id": "5888363357369029874", "year": "2008", "url_citations": "http://scholar.google.com/scholar?cites=5888363357369029874&as_sdt=2005&sciodt=1,5&hl=en"}, {"num_versions": 5, "url_citation": null, "title": "Higher education and sustainable development: Paradox and possibility", "url": "http://scholar.google.com/https://books.google.com/books?hl=en&lr=&id=EoTGxwhKXycC&oi=fnd&pg=PP1&ots=WPzlGf8xSj&sig=x4m0kh3CWLYQcP_wPF_f4Z-61Hk", "url_versions": "http://scholar.google.com/scholar?cluster=2291457993038725304&hl=en&as_sdt=1,5&sciodt=1,5&as_vis=1", "authors": "S Gough, W Scott -", "excerpt": "The 'Key Issues in Higher Education'series aims to raise both awareness and the standards of debate on the fundamental issues that lie at the very heart of higher education and intends to assist national and international debate. Higher Education and Sustainable  ...", "url_pdf": null, "num_citations": 113, "cluster_id": "2291457993038725304", "year": "2008", "url_citations": "http://scholar.google.com/scholar?cites=2291457993038725304&as_sdt=2005&sciodt=1,5&hl=en"}, {"num_versions": 3, "url_citation": null, "title": "Fostering collaboration between universities regarding regional sustainability initiatives\u2013the University of Maribor", "url": "http://www.sciencedirect.com/science/article/pii/S0959652609000596", "url_versions": "http://scholar.google.com/scholar?cluster=8778149631256302183&hl=en&as_sdt=1,5&sciodt=1,5&as_vis=1", "authors": "R Lukman, D Krajnc, P Glavi\u010d - Journal of Cleaner Production", "excerpt": "This paper presents the current position and role of the University of Maribor (UM) in linking stakeholders, in order to achieve sustainable regional development. A strategic approach is proposed for facilitating collaboration of the UM with regional development agencies, the  ...", "url_pdf": null, "num_citations": 31, "cluster_id": "8778149631256302183", "year": "2009", "url_citations": "http://scholar.google.com/scholar?cites=8778149631256302183&as_sdt=2005&sciodt=1,5&hl=en"}, {"num_versions": 4, "url_citation": null, "title": "Learning networks in higher education: universities in search of making effective regional impacts", "url": "http://www.sciencedirect.com/science/article/pii/S0959652613000395", "url_versions": "http://scholar.google.com/scholar?cluster=497611783103782500&hl=en&as_sdt=1,5&sciodt=1,5&as_vis=1", "authors": "J Dlouh\u00e1, D Huisingh, A Barton - Journal of Cleaner Production", "excerpt": "This introductory article provides the context for the genesis of this Special Volume. It is based upon a dialogue among the authors on the topic of university outreach and the sharing of practical experiences regarding regional cooperation, as well as theoretical  ...", "url_pdf": null, "num_citations": 15, "cluster_id": "497611783103782500", "year": "2013", "url_citations": "http://scholar.google.com/scholar?cites=497611783103782500&as_sdt=2005&sciodt=1,5&hl=en"}, {"num_versions": 5, "url_citation": null, "title": "Transferability of approaches to sustainable development at universities as a challenge", "url": "http://www.emeraldinsight.com/doi/abs/10.1108/14676370710823564", "url_versions": "http://scholar.google.com/scholar?cluster=9998373720554748214&hl=en&as_sdt=1,5&sciodt=1,5&as_vis=1", "authors": "M Adomssent, J Godemann\u2026 - \u2026  of Sustainability in  \u2026", "excerpt": "Purpose-The purpose of this paper is to outline the particular character of the research and development project \u201cSustainable University-Sustainable development in the Context of University Remits\u201d which lies both in its integrative perspective on universities and the  ...", "url_pdf": null, "num_citations": 54, "cluster_id": "9998373720554748214", "year": "2007", "url_citations": "http://scholar.google.com/scholar?cites=9998373720554748214&as_sdt=2005&sciodt=1,5&hl=en"}, {"num_versions": 4, "url_citation": null, "title": "A centre for excellence in education for sustainable development", "url": "http://www.tandfonline.com/doi/abs/10.1080/03098260600717406", "url_versions": "http://scholar.google.com/scholar?cluster=5966636796457249393&hl=en&as_sdt=1,5&sciodt=1,5&as_vis=1", "authors": "A Dyer, D Selby, B Chalkley - Journal of Geography in Higher  \u2026", "excerpt": "The English higher education landscape has recently experienced a significant change with the addition of 74 Centres for Excellence in Teaching & Learning (CETLs), each one devoted to a particular educational issue or theme. This paper highlights a CETL which is  ...", "url_pdf": null, "num_citations": 20, "cluster_id": "5966636796457249393", "year": "2006", "url_citations": "http://scholar.google.com/scholar?cites=5966636796457249393&as_sdt=2005&sciodt=1,5&hl=en"}, {"num_versions": 11, "url_citation": null, "title": "An international comparative analysis of sustainability transformation across seven universities", "url": "http://www.emeraldinsight.com/doi/abs/10.1108/14676370810885907", "url_versions": "http://scholar.google.com/scholar?cluster=17889357933261502611&hl=en&as_sdt=1,5&sciodt=1,5&as_vis=1", "authors": "D Ferrer-Balas, J Adachi, S Banas\u2026 - \u2026  of Sustainability in  \u2026", "excerpt": "Purpose-The purpose of this paper is to identify the key aspects of transformation of universities towards sustainability, such as the ideal characteristics of the \u201csustainable university\u201d, and the drivers and barriers in the transformation, by comparing the strategies  ...", "url_pdf": null, "num_citations": 124, "cluster_id": "17889357933261502611", "year": "2008", "url_citations": "http://scholar.google.com/scholar?cites=17889357933261502611&as_sdt=2005&sciodt=1,5&hl=en"}, {"num_versions": 8, "url_citation": null, "title": "Fostering organizational sustainability through dialogic interaction", "url": "http://www.emeraldinsight.com/doi/abs/10.1108/09696471211190338", "url_versions": "http://scholar.google.com/scholar?cluster=6641671336898853088&hl=en&as_sdt=1,5&sciodt=1,5&as_vis=1", "authors": "PAC Smith, AEJ Wals\u2026 - The Learning  \u2026", "excerpt": "Purpose-This paper aims to introduce and investigate dialogic interaction as a key element of achieving a transition towards sustainability in people, organizations and society as a whole. Furthermore \u201csustainability competence\u201d as a potential outcome of such interaction  ...", "url_pdf": null, "num_citations": 33, "cluster_id": "6641671336898853088", "year": "2012", "url_citations": "http://scholar.google.com/scholar?cites=6641671336898853088&as_sdt=2005&sciodt=1,5&hl=en"}, {"num_versions": 4, "url_citation": null, "title": "The integration of competences for sustainable development in higher education: an analysis of bachelor programs in management", "url": "http://www.sciencedirect.com/science/article/pii/S0959652611005750", "url_versions": "http://scholar.google.com/scholar?cluster=2136249106511969475&hl=en&as_sdt=1,5&sciodt=1,5&as_vis=1", "authors": "W Lambrechts, I Mul\u00e0, K Ceulemans, I Molderez\u2026 - Journal of Cleaner  \u2026", "excerpt": "Over the past years, many universities have integrated sustainability into their education, research, outreach, and operations. Within education, competences regarding sustainable development (SD) have been defined, courses on sustainability have been developed,  ...", "url_pdf": null, "num_citations": 52, "cluster_id": "2136249106511969475", "year": "2013", "url_citations": "http://scholar.google.com/scholar?cites=2136249106511969475&as_sdt=2005&sciodt=1,5&hl=en"}, {"num_versions": 8, "url_citation": null, "title": "Integration of sustainability in higher education: a study with international perspectives", "url": "http://link.springer.com/article/10.1007/s10755-007-9052-x", "url_versions": "http://scholar.google.com/scholar?cluster=18350849751963850271&hl=en&as_sdt=1,5&sciodt=1,5&as_vis=1", "authors": "K Sammalisto, T Lindhqvist - Innovative Higher Education", "excerpt": "Abstract This study examined the impact of a procedure implemented and used at one Swedish university to promote integration of the concept of sustainability into courses. The study is based on a literature study and a case study at the University of G\u00e4vle in Sweden,  ...", "url_pdf": null, "num_citations": 66, "cluster_id": "18350849751963850271", "year": "2008", "url_citations": "http://scholar.google.com/scholar?cites=18350849751963850271&as_sdt=2005&sciodt=1,5&hl=en"}, {"num_versions": 6, "url_citation": null, "title": "The issues and methodologies in sustainability assessment tools for higher education institutions a review of recent trends and future challenges", "url": "http://jsd.sagepub.com/content/6/1/63.short", "url_versions": "http://scholar.google.com/scholar?cluster=7489601015230224029&hl=en&as_sdt=1,5&sciodt=1,5&as_vis=1", "authors": "M Yarime, Y Tanaka - Journal of Education for Sustainable  \u2026", "excerpt": "Abstract Assessment tools influence incentives to higher education institutions by encouraging them to move towards sustainability. A review of 16 sustainability assessment tools was conducted to examine the recent trends in the issues and methodologies  ...", "url_pdf": null, "num_citations": 25, "cluster_id": "7489601015230224029", "year": "2012", "url_citations": "http://scholar.google.com/scholar?cites=7489601015230224029&as_sdt=2005&sciodt=1,5&hl=en"}, {"num_versions": 7, "url_citation": null, "title": "Higher education for sustainable development: students' perspectives on an innovative approach to educational change", "url": "http://papers.ssrn.com/sol3/papers.cfm?abstract_id=1978184", "url_versions": "http://scholar.google.com/scholar?cluster=6106625736157553958&hl=en&as_sdt=1,5&sciodt=1,5&as_vis=1", "authors": "M Barth, J Timm - Journal of Social Science", "excerpt": "Abstract: Problem statement: With Higher Education for Sustainable Development (HESD) being an innovative approach to educational change, its principal objective is students' development of transformation competencies. However, HESD evaluations hardly  ...", "url_pdf": null, "num_citations": 26, "cluster_id": "6106625736157553958", "year": "2011", "url_citations": "http://scholar.google.com/scholar?cites=6106625736157553958&as_sdt=2005&sciodt=1,5&hl=en"}, {"num_versions": 3, "url_citation": null, "title": "Explorations on the University's role in society for sustainable development through a systems transition approach. Case-study of the Technical University of Catalonia \u2026", "url": "http://www.sciencedirect.com/science/article/pii/S0959652608002849", "url_versions": "http://scholar.google.com/scholar?cluster=5765629962124095565&hl=en&as_sdt=1,5&sciodt=1,5&as_vis=1", "authors": "D Ferrer-Balas, H Buckland, M de Mingo - Journal of Cleaner Production", "excerpt": "Focusing on the sustainability challenge, a growing number of Universities are redefining their core strategies in order to adapt to the real social needs and expectations of their stakeholders. Beyond integrating sustainability into the University's internal activities ( ...", "url_pdf": null, "num_citations": 51, "cluster_id": "5765629962124095565", "year": "2009", "url_citations": "http://scholar.google.com/scholar?cites=5765629962124095565&as_sdt=2005&sciodt=1,5&hl=en"}, {"num_versions": 3, "url_citation": null, "title": "Sustainable university research and development: inspecting sustainability in higher education research", "url": "http://www.tandfonline.com/doi/abs/10.1080/13504620802464866", "url_versions": "http://scholar.google.com/scholar?cluster=3946394908166136637&hl=en&as_sdt=1,5&sciodt=1,5&as_vis=1", "authors": "A Beringer, M Adom\u00dfent - Environmental Education Research", "excerpt": "Sustainability in higher education is dominated by practical 'greening the campus' programs and initiatives. This paper examines sustainable university research and development projects as part of the 'greening the campus' spectrum, yet distinct in their specific holistic  ...", "url_pdf": null, "num_citations": 38, "cluster_id": "3946394908166136637", "year": "2008", "url_citations": "http://scholar.google.com/scholar?cites=3946394908166136637&as_sdt=2005&sciodt=1,5&hl=en"}, {"num_versions": 4, "url_citation": null, "title": "Enabling sustainable thinking in undergraduate engineering education", "url": "http://www.researchgate.net/profile/John_Gierke/publication/238493475_Enabling_Sustainable_Thinking_in_Undergraduate_Engineering_Education/links/00b4952f00a79b9874000000.pdf", "url_versions": "http://scholar.google.com/scholar?cluster=17669813712728858733&hl=en&as_sdt=1,5&sciodt=1,5&as_vis=1", "authors": "DN Huntzinger, MJ Hutchins, JS Gierke\u2026 - International Journal  \u2026", "excerpt": "In this paper we address the need for curricular changes that foster sustainable thinking and review a number of engineering curricular changes at selected universities, drawing comparisons to medical and other fields. For each engineering program, we examined the  ...", "url_pdf": "http://www.researchgate.net/profile/John_Gierke/publication/238493475_Enabling_Sustainable_Thinking_in_Undergraduate_Engineering_Education/links/00b4952f00a79b9874000000.pdf", "num_citations": 68, "cluster_id": "17669813712728858733", "year": "2007", "url_citations": "http://scholar.google.com/scholar?cites=17669813712728858733&as_sdt=2005&sciodt=1,5&hl=en"}, {"num_versions": 6, "url_citation": null, "title": "Critical thinking, transformative learning, sustainable education, and problem-based learning in universities", "url": "http://jtd.sagepub.com/content/7/3/245.short", "url_versions": "http://scholar.google.com/scholar?cluster=1499980933068674105&hl=en&as_sdt=1,5&sciodt=1,5&as_vis=1", "authors": "I Thomas - Journal of Transformative Education", "excerpt": "Abstract In universities, the need for education associated with sustainability is widely accepted and it is increasingly being introduced. However, the associated concepts and terms are contested\u2014education for sustainable development and education for  ...", "url_pdf": null, "num_citations": 62, "cluster_id": "1499980933068674105", "year": "2009", "url_citations": "http://scholar.google.com/scholar?cites=1499980933068674105&as_sdt=2005&sciodt=1,5&hl=en"}, {"num_versions": 5, "url_citation": null, "title": "Communicating the sustainability message in higher education institutions", "url": "http://www.emeraldinsight.com/doi/abs/10.1108/14676371111168296", "url_versions": "http://scholar.google.com/scholar?cluster=419387386358650992&hl=en&as_sdt=1,5&sciodt=1,5&as_vis=1", "authors": "A Djordjevic, DRE Cotton - International Journal of  \u2026", "excerpt": "Purpose-This paper aims to explore the possibilities and problems with engaging in effective communication about sustainability in higher education (SHE) institutions. Design/methodology/approach-Using a case study of a new (post-1992) university in the  ...", "url_pdf": null, "num_citations": 35, "cluster_id": "419387386358650992", "year": "2011", "url_citations": "http://scholar.google.com/scholar?cites=419387386358650992&as_sdt=2005&sciodt=1,5&hl=en"}, {"num_versions": 4, "url_citation": null, "title": "Education for Sustainability in Australian Universities: Where Is the Action?.", "url": "http://eric.ed.gov/?id=EJ843360", "url_versions": "http://scholar.google.com/scholar?cluster=16183154700635241523&hl=en&as_sdt=1,5&sciodt=1,5&as_vis=1", "authors": "J Lang, I Thomas, A Wilson - Australian Journal of Environmental Education", "excerpt": "As institutions of education and learning, the higher education sector has a significant role to play in implementing the United Nations Decade of Education for Sustainable Development (2005-2014). Some institutions have already acknowledged, and are shaping, their roles  ...", "url_pdf": null, "num_citations": 19, "cluster_id": "16183154700635241523", "year": "2006", "url_citations": "http://scholar.google.com/scholar?cites=16183154700635241523&as_sdt=2005&sciodt=1,5&hl=en"}, {"num_versions": 4, "url_citation": null, "title": "Exploring universities' transformative potential for sustainability-bound learning in changing landscapes of knowledge communication", "url": "http://www.sciencedirect.com/science/article/pii/S095965261200443X", "url_versions": "http://scholar.google.com/scholar?cluster=18030628843897613952&hl=en&as_sdt=1,5&sciodt=1,5&as_vis=1", "authors": "M Adom\u00dfent - Journal of Cleaner Production", "excerpt": "In processes of sustainability communication, the communicative interplay between the individual citizen and society, inseparably linked to intermediary levels of mutual mediation and reconciliation, is essential. Since attaining a sustainable society without societal  ...", "url_pdf": null, "num_citations": 16, "cluster_id": "18030628843897613952", "year": "2013", "url_citations": "http://scholar.google.com/scholar?cites=18030628843897613952&as_sdt=2005&sciodt=1,5&hl=en"}, {"num_versions": 0, "url_citation": null, "title": "Sustainability education: Perspectives and practice across higher education", "url": "http://scholar.google.com/https://books.google.com/books?hl=en&lr=&id=xfCsb2RKzikC&oi=fnd&pg=PR5&ots=tFXzwKPMbi&sig=nAlwPpsGI91yZKCGcPu8RgQ8PUY", "url_versions": null, "authors": "P Jones, D Selby, SR Sterling -", "excerpt": "How do we equip learners with the values, knowledge, skills, and motivation to help achieve economic, social and ecological well-being? How can universities make a major contribution towards a more sustainable future? Amid rising expectations on HE from  ...", "url_pdf": null, "num_citations": 128, "cluster_id": "12720270573294705892", "year": "2010", "url_citations": "http://scholar.google.com/scholar?cites=12720270573294705892&as_sdt=2005&sciodt=1,5&hl=en"}, {"num_versions": 9, "url_citation": null, "title": "Revolutions and second\u2010best solutions: education for sustainable development in higher education", "url": "http://www.tandfonline.com/doi/abs/10.1080/03075070802641552", "url_versions": "http://scholar.google.com/scholar?cluster=749124116198205297&hl=en&as_sdt=1,5&sciodt=1,5&as_vis=1", "authors": "D Cotton, I Bailey, M Warren\u2026 - Studies in Higher  \u2026", "excerpt": "Despite widespread policy support for education for sustainable development in higher education, and a strong academic literature arguing for a radical rethink of curriculum, pedagogy and institutional culture, progress towards the educational reforms advocated  ...", "url_pdf": null, "num_citations": 63, "cluster_id": "749124116198205297", "year": "2009", "url_citations": "http://scholar.google.com/scholar?cites=749124116198205297&as_sdt=2005&sciodt=1,5&hl=en"}, {"num_versions": 4, "url_citation": null, "title": "Towards sustainable development in higher education\u2013reflections", "url": "http://www.minedu.fi/OPM/Julkaisut/2007/liitteet/opm06.pdf", "url_versions": "http://scholar.google.com/scholar?cluster=3119364853104485460&hl=en&as_sdt=1,5&sciodt=1,5&as_vis=1", "authors": "T Kaivola, L Rohweder - Publications of the Ministry of Education", "excerpt": "The starting point of Towards Sustainable Development in Higher Education\u2013Reflections is a book published (in Finnish) for the higher education sector in Finland (Kaivola & Rohweder 2006). Moreover, it is a followup to several processes initiated by the Finnish  ...", "url_pdf": "http://www.minedu.fi/OPM/Julkaisut/2007/liitteet/opm06.pdf", "num_citations": 19, "cluster_id": "3119364853104485460", "year": "2007", "url_citations": "http://scholar.google.com/scholar?cites=3119364853104485460&as_sdt=2005&sciodt=1,5&hl=en"}, {"num_versions": 8, "url_citation": null, "title": "Education for sustainable development in the UK: Making the connections between the environment and development agendas", "url": "http://tre.sagepub.com/content/6/2/193.short", "url_versions": "http://scholar.google.com/scholar?cluster=15201763435558168036&hl=en&as_sdt=1,5&sciodt=1,5&as_vis=1", "authors": "D Bourn - Theory and research in education", "excerpt": "Abstract Education for Sustainable Development (ESD) is an initiative that dates back to the early 1990s. Whilst policy statements at this time referred to ESD as a bringing together of environmental and development education, in the UK, as in most other industrialized  ...", "url_pdf": null, "num_citations": 21, "cluster_id": "15201763435558168036", "year": "2008", "url_citations": "http://scholar.google.com/scholar?cites=15201763435558168036&as_sdt=2005&sciodt=1,5&hl=en"}, {"num_versions": 5, "url_citation": null, "title": "Going beyond the rhetoric: system-wide changes in universities for sustainable societies", "url": "http://www.sciencedirect.com/science/article/pii/S095965260900403X", "url_versions": "http://scholar.google.com/scholar?cluster=3577569276297018184&hl=en&as_sdt=1,5&sciodt=1,5&as_vis=1", "authors": "D Ferrer-Balas, R Lozano, D Huisingh\u2026 - Journal of Cleaner  \u2026", "excerpt": "In October 2008, the 5th Environmental Management for Sustainable Universities (EMSU) international conference was held in Barcelona, Spain. It dealt with the need to rethink how our higher educational institutions are facing sustainability. This special issue has been  ...", "url_pdf": null, "num_citations": 71, "cluster_id": "3577569276297018184", "year": "2010", "url_citations": "http://scholar.google.com/scholar?cites=3577569276297018184&as_sdt=2005&sciodt=1,5&hl=en"}, {"num_versions": 3, "url_citation": null, "title": "Introducing sustainability into university curricula: an indicator and baseline survey of the views of university teachers at the University of Valencia", "url": "http://www.tandfonline.com/doi/abs/10.1080/13504622.2010.502590", "url_versions": "http://scholar.google.com/scholar?cluster=18095900760322398054&hl=en&as_sdt=1,5&sciodt=1,5&as_vis=1", "authors": "P Aznar Minguet, MP Martinez\u2010Agut\u2026 - Environmental  \u2026", "excerpt": "Many higher education institutions have assumed the role of diffusing knowledge, values, attitudes and behaviours that favour sustainability. A key objective in such work is training university teachers to apply sustainability criteria to their respective disciplines. While  ...", "url_pdf": null, "num_citations": 45, "cluster_id": "18095900760322398054", "year": "2011", "url_citations": "http://scholar.google.com/scholar?cites=18095900760322398054&as_sdt=2005&sciodt=1,5&hl=en"}, {"num_versions": 5, "url_citation": null, "title": "Developing a whole-of-university approach to educating for sustainability linking curriculum, research and sustainable campus operations", "url": "http://jsd.sagepub.com/content/3/1/55.short", "url_versions": "http://scholar.google.com/scholar?cluster=4587578814341923255&hl=en&as_sdt=1,5&sciodt=1,5&as_vis=1", "authors": "J McMillin, R Dyball - Journal of Education for Sustainable  \u2026", "excerpt": "Abstract Institutions of higher education are poised to play a significant role in the search for a more sustainable future. Most universities are tackling sustainability issues in a compartmentalised manner, sustainability education is confined to specific courses,  ...", "url_pdf": null, "num_citations": 66, "cluster_id": "4587578814341923255", "year": "2009", "url_citations": "http://scholar.google.com/scholar?cites=4587578814341923255&as_sdt=2005&sciodt=1,5&hl=en"}, {"num_versions": 5, "url_citation": null, "title": "Global perspectives: aligning agendas?", "url": "http://www.tandfonline.com/doi/abs/10.1080/13504620903244167", "url_versions": "http://scholar.google.com/scholar?cluster=9011931213248289236&hl=en&as_sdt=1,5&sciodt=1,5&as_vis=1", "authors": "D Bourn, C Shiel - Environmental Education Research", "excerpt": "In recent years there has been a growth in interest amongst a number of universities in the UK and elsewhere in the world on reflecting upon the contribution of higher education to a global society and exploring ways to broaden the curriculum to enable students to make a  ...", "url_pdf": null, "num_citations": 23, "cluster_id": "9011931213248289236", "year": "2009", "url_citations": "http://scholar.google.com/scholar?cites=9011931213248289236&as_sdt=2005&sciodt=1,5&hl=en"}, {"num_versions": 7, "url_citation": null, "title": "Learning to make change: Developing innovation competence for recreating the African university of the 21st century", "url": "http://scholar.google.com/https://books.google.com/books?hl=en&lr=&id=vfjFWj86aTkC&oi=fnd&pg=PA7&ots=upZYkITZxW&sig=g1kxQAAJR13vNwu_cOtkqzaX5YI", "url_versions": "http://scholar.google.com/scholar?cluster=10732295206591433619&hl=en&as_sdt=1,5&sciodt=1,5&as_vis=1", "authors": "P Kibwika -", "excerpt": "This book focuses on an African university's efforts to become more innovative and responsive to community needs and the challenges posed by sustainability. A central concept is innovation competence as a pre-requisite for transforming learning, research  ...", "url_pdf": null, "num_citations": 33, "cluster_id": "10732295206591433619", "year": "2006", "url_citations": "http://scholar.google.com/scholar?cites=10732295206591433619&as_sdt=2005&sciodt=1,5&hl=en"}, {"num_versions": 7, "url_citation": null, "title": "You say you want a revolution? Transforming education and capacity building in response to global change", "url": "http://www.sciencedirect.com/science/article/pii/S1462901112002146", "url_versions": "http://scholar.google.com/scholar?cluster=9392618265374664989&hl=en&as_sdt=1,5&sciodt=1,5&as_vis=1", "authors": "K O'Brien, J Reams, A Caspari, A Dugmore\u2026 - \u2026  Science & Policy", "excerpt": "This paper considers the changes in education and capacity building that are needed in response to environmental and social challenges of the 21st Century. We argue that such changes will require more than adjustments in current educational systems, research  ...", "url_pdf": null, "num_citations": 20, "cluster_id": "9392618265374664989", "year": "2013", "url_citations": "http://scholar.google.com/scholar?cites=9392618265374664989&as_sdt=2005&sciodt=1,5&hl=en"}, {"num_versions": 3, "url_citation": null, "title": "Developing sustainability-literate citizens through outdoor learning: Possibilities for outdoor education in higher education", "url": "http://www.tandfonline.com/doi/abs/10.1080/14729670701609456", "url_versions": "http://scholar.google.com/scholar?cluster=2254588293481395135&hl=en&as_sdt=1,5&sciodt=1,5&as_vis=1", "authors": "A Lugg - Journal of adventure education & outdoor learning", "excerpt": "UNESCO's challenge to Higher Education institutions to provide educational leadership in sustainable development, provides an impetus to develop innovative, interdisciplinary curricula and pedagogy. Whereas Higher Education curricula in sustainability and  ...", "url_pdf": null, "num_citations": 51, "cluster_id": "2254588293481395135", "year": "2007", "url_citations": "http://scholar.google.com/scholar?cites=2254588293481395135&as_sdt=2005&sciodt=1,5&hl=en"}, {"num_versions": 3, "url_citation": null, "title": "Sustaining academic life: A case for applying principles of social sustainability to the academic profession", "url": "http://www.emeraldinsight.com/doi/pdf/10.1108/14676370810885862", "url_versions": "http://scholar.google.com/scholar?cluster=3953417216341196002&hl=en&as_sdt=1,5&sciodt=1,5&as_vis=1", "authors": "C Hammond, D Churchman - International Journal of  \u2026", "excerpt": "Purpose-This paper aims to examine the social sustainability of academic work in Australian tertiary institutions, in addition to offering a summary of recent research on social sustainability with a particular emphasis on Barron and Gauntlett's work. Design/ ...", "url_pdf": null, "num_citations": 31, "cluster_id": "3953417216341196002", "year": "2008", "url_citations": "http://scholar.google.com/scholar?cites=3953417216341196002&as_sdt=2005&sciodt=1,5&hl=en"}, {"num_versions": 0, "url_citation": null, "title": "Sustainability accounting and education", "url": "http://scholar.google.com/https://books.google.com/books?hl=en&lr=&id=m7XAAwAAQBAJ&oi=fnd&pg=PA30&ots=7LvPIKm4-a&sig=uvNrxQ2jKD6mSDaJ3m7Z0dwMkyg", "url_versions": null, "authors": "D Collison, J Ferguson, L Stevenson\u2026 - Sustainability  \u2026", "excerpt": "[E] ducation is the most vital of all resources\u2026 education, which fails to clarify our central convictions is mere training or indulgence. For it is our central convictions that are in disorder, and, as long as the present anti-metaphysical temper persists, the disorder will  ...", "url_pdf": null, "num_citations": 19, "cluster_id": "7284452234084271741", "year": "2007", "url_citations": "http://scholar.google.com/scholar?cites=7284452234084271741&as_sdt=2005&sciodt=1,5&hl=en"}, {"num_versions": 3, "url_citation": null, "title": "Development Education: Towards a re-conceptualisation", "url": "http://www.ingentaconnect.com/content/ioep/ijdegl/2008/00000001/00000001/art00002", "url_versions": "http://scholar.google.com/scholar?cluster=15226146573446424659&hl=en&as_sdt=1,5&sciodt=1,5&as_vis=1", "authors": "D Bourn - International Journal of Development Education and  \u2026", "excerpt": "Development education emerged from the desire by governments with aid budgets and development non-governmental organisations (NGOs) to secure greater public understanding and support for international development. As a field of learning,  ...", "url_pdf": null, "num_citations": 35, "cluster_id": "15226146573446424659", "year": "2008", "url_citations": "http://scholar.google.com/scholar?cites=15226146573446424659&as_sdt=2005&sciodt=1,5&hl=en"}, {"num_versions": 10, "url_citation": null, "title": "Academic staff development as a catalyst for curriculum change towards education for sustainable development: an output perspective", "url": "http://www.sciencedirect.com/science/article/pii/S0959652611005361", "url_versions": "http://scholar.google.com/scholar?cluster=16236920034693122690&hl=en&as_sdt=1,5&sciodt=1,5&as_vis=1", "authors": "M Barth, M Rieckmann - Journal of Cleaner Production", "excerpt": "Implementing education for sustainable development (ESD) in university curricula poses a new challenge to the academic system. In recent years many universities have undertaken activities towards its implementation and numerous case studies of such processes have  ...", "url_pdf": null, "num_citations": 50, "cluster_id": "16236920034693122690", "year": "2012", "url_citations": "http://scholar.google.com/scholar?cites=16236920034693122690&as_sdt=2005&sciodt=1,5&hl=en"}, {"num_versions": 9, "url_citation": null, "title": "Learning based change for sustainability: perspectives and pathways", "url": "http://www.wageningenacademic.com/doi/pdf/10.3920/978-90-8686-594-9#page=118", "url_versions": "http://scholar.google.com/scholar?cluster=4502651057888177830&hl=en&as_sdt=1,5&sciodt=1,5&as_vis=1", "authors": "D Tilbury - Social learning", "excerpt": "No country is sustainable or has come close to becoming sustainable and after years of experience in implementing sustainability initiatives there is still no generic recipe for success. As Robert Prescott-Allen reminds us \u201cmaking progress towards (sustainability) is  ...", "url_pdf": null, "num_citations": 45, "cluster_id": "4502651057888177830", "year": "2007", "url_citations": "http://scholar.google.com/scholar?cites=4502651057888177830&as_sdt=2005&sciodt=1,5&hl=en"}, {"num_versions": 10, "url_citation": null, "title": "Integrating sustainability in higher education: a generic matrix", "url": "http://www.emeraldinsight.com/doi/pdf/10.1108/14676371011058541", "url_versions": "http://scholar.google.com/scholar?cluster=15849903341775059948&hl=en&as_sdt=1,5&sciodt=1,5&as_vis=1", "authors": "CA Rusinko - International Journal of Sustainability in Higher  \u2026", "excerpt": "Purpose-The purpose of this paper is to develop a framework in the form of a generic matrix of options for integrating sustainability in higher education (SHE) so that university faculty and administrators can make more appropriate and strategic choices with respect to SHE.  ...", "url_pdf": null, "num_citations": 64, "cluster_id": "15849903341775059948", "year": "2010", "url_citations": "http://scholar.google.com/scholar?cites=15849903341775059948&as_sdt=2005&sciodt=1,5&hl=en"}, {"num_versions": 10, "url_citation": null, "title": "Learning for sustainability", "url": "http://www.wageningenacademic.com/doi/pdf/10.3920/978-90-8686-757-8", "url_versions": "http://scholar.google.com/scholar?cluster=5565972859123697428&hl=en&as_sdt=1,5&sciodt=1,5&as_vis=1", "authors": "PB Corcoran -", "excerpt": "This book is the second volume we have worked on together as editors. Our first joint publication was Higher education and the challenge of sustainability: problematics, promise, and practice (Corcoran and Wals 2004). There are quite a few differences between this  ...", "url_pdf": null, "num_citations": 35, "cluster_id": "5565972859123697428", "year": "2012", "url_citations": "http://scholar.google.com/scholar?cites=5565972859123697428&as_sdt=2005&sciodt=1,5&hl=en"}, {"num_versions": 10, "url_citation": null, "title": "Enabling effective problem-oriented research for sustainable development", "url": "http://www.tdlab.usys.ethz.ch/content/dam/ethz/special-interest/usys/tdlab/docs/ES-2012-5045.pdf", "url_versions": "http://scholar.google.com/scholar?cluster=17362365964469513175&hl=en&as_sdt=1,5&sciodt=1,5&as_vis=1", "authors": "C Kueffer, E Underwood, GH Hadorn\u2026 - Ecology and  \u2026", "excerpt": "ABSTRACT. Environmental problems caused by human activities are increasing; biodiversity is disappearing at an unprecedented rate, soils are being irreversibly damaged, freshwater is increasingly in short supply, and the climate is changing. To reverse or even  ...", "url_pdf": "http://www.tdlab.usys.ethz.ch/content/dam/ethz/special-interest/usys/tdlab/docs/ES-2012-5045.pdf", "num_citations": 25, "cluster_id": "17362365964469513175", "year": "2012", "url_citations": "http://scholar.google.com/scholar?cites=17362365964469513175&as_sdt=2005&sciodt=1,5&hl=en"}, {"num_versions": 6, "url_citation": null, "title": "Campus sustainability: emerging curricula models in higher education", "url": "http://www.emeraldinsight.com/doi/pdf/10.1108/14676371111098302", "url_versions": "http://scholar.google.com/scholar?cluster=311207606742133043&hl=en&as_sdt=1,5&sciodt=1,5&as_vis=1", "authors": "T Savelyeva, JR McKenna - International Journal of  \u2026", "excerpt": "Purpose-The purpose of this paper is to build a detailed description of the Global Seminar (GS) curricula model by exploring its on-the-ground participatory practices in America, Europe, Africa, Asia, and Australia. Design/methodology/approach-Within a qualitative  ...", "url_pdf": null, "num_citations": 29, "cluster_id": "311207606742133043", "year": "2011", "url_citations": "http://scholar.google.com/scholar?cites=311207606742133043&as_sdt=2005&sciodt=1,5&hl=en"}]