[{"num_versions": 0, "url_citation": null, "title": "Speeding up deep neural networks for speech recognition on ARM Cortex-A series processors", "url": "http://ieeexplore.ieee.org/xpls/abs_all.jsp?arnumber=6975821", "url_versions": null, "authors": "A Xing, X Jin, T Li, X Wang, J Pan\u2026 - \u2026  (ICNC)", "excerpt": "Abstract\u2014A new acoustic model based on deep neural network (DNN) has been introduced recently and outperforms the conventional Gaussian mixture model (GMM) in speech recognition on several tasks. However, the number of parameters required by a DNN  ...", "url_pdf": null, "num_citations": 1, "cluster_id": "15376687541726672598", "year": "2014", "url_citations": "http://scholar.google.com/scholar?cites=15376687541726672598&as_sdt=2005&sciodt=1,5&hl=en"}, {"num_versions": 8, "url_citation": null, "title": "Improving wideband speech recognition using mixed-bandwidth training data in CD-DNN-HMM", "url": "http://ieeexplore.ieee.org/xpls/abs_all.jsp?arnumber=6424210", "url_versions": "http://scholar.google.com/scholar?cluster=684582575836750467&hl=en&as_sdt=1,5&sciodt=1,5&as_vis=1", "authors": "J Li, D Yu, JT Huang, Y Gong - Spoken Language Technology  \u2026", "excerpt": "ABSTRACT Context-dependent deep neural network hidden Markov model (CD-DNN-HMM) is a recently proposed acoustic model that significantly outperformed Gaussian mixture model (GMM)-HMM systems in many large vocabulary speech recognition (LVSR)  ...", "url_pdf": null, "num_citations": 37, "cluster_id": "684582575836750467", "year": "2012", "url_citations": "http://scholar.google.com/scholar?cites=684582575836750467&as_sdt=2005&sciodt=1,5&hl=en"}, {"num_versions": 10, "url_citation": null, "title": "Speeding up convolutional neural networks with low rank expansions", "url": "http://arxiv.org/abs/1405.3866", "url_versions": "http://scholar.google.com/scholar?cluster=15310264930290197418&hl=en&as_sdt=1,5&sciodt=1,5&as_vis=1", "authors": "M Jaderberg, A Vedaldi, A Zisserman - arXiv preprint arXiv:1405.3866", "excerpt": "Abstract: The focus of this paper is speeding up the evaluation of convolutional neural networks. While delivering impressive results across a range of computer vision and machine learning tasks, these networks are computationally demanding, limiting their  ...", "url_pdf": null, "num_citations": 27, "cluster_id": "15310264930290197418", "year": "2014", "url_citations": "http://scholar.google.com/scholar?cites=15310264930290197418&as_sdt=2005&sciodt=1,5&hl=en"}, {"num_versions": 5, "url_citation": null, "title": "Exploiting linear structure within convolutional networks for efficient evaluation", "url": "http://papers.nips.cc/paper/5544-bayesian-inference-for-structured-spike-and-slab-priors", "url_versions": "http://scholar.google.com/scholar?cluster=11064922358338176957&hl=en&as_sdt=1,5&sciodt=1,5&as_vis=1", "authors": "EL Denton, W Zaremba, J Bruna, Y LeCun\u2026 - Advances in Neural  \u2026", "excerpt": "Abstract We present techniques for speeding up the test-time evaluation of large convolutional networks, designed for object recognition tasks. These models deliver impressive accuracy, but each image evaluation requires millions of floating point  ...", "url_pdf": null, "num_citations": 32, "cluster_id": "11064922358338176957", "year": "2014", "url_citations": "http://scholar.google.com/scholar?cites=11064922358338176957&as_sdt=2005&sciodt=1,5&hl=en"}, {"num_versions": 9, "url_citation": null, "title": "Learning small-size DNN with output-distribution-based criteria", "url": "http://193.6.4.39/%7Eczap/letoltes/IS14/IS2014/PDF/AUTHOR/IS140487.PDF", "url_versions": "http://scholar.google.com/scholar?cluster=9474047679224127643&hl=en&as_sdt=1,5&sciodt=1,5&as_vis=1", "authors": "J Li, R Zhao, JT Huang, Y Gong - Proc. Interspeech", "excerpt": "Abstract Deep neural network (DNN) obtains significant accuracy improvements on many speech recognition tasks and its power comes from the deep and wide network structure with a very large number of parameters. It becomes challenging when we deploy DNN on  ...", "url_pdf": null, "num_citations": 10, "cluster_id": "9474047679224127643", "year": "2014", "url_citations": "http://scholar.google.com/scholar?cites=9474047679224127643&as_sdt=2005&sciodt=1,5&hl=en"}, {"num_versions": 2, "url_citation": null, "title": "X1000 real-time phoneme recognition VLSI using feed-forward deep neural networks", "url": "http://ieeexplore.ieee.org/xpls/abs_all.jsp?arnumber=6855060", "url_versions": "http://scholar.google.com/scholar?cluster=7863751410856808952&hl=en&as_sdt=1,5&sciodt=1,5&as_vis=1", "authors": "J Kim, K Hwang, W Sung - Acoustics, Speech and Signal  \u2026", "excerpt": "ABSTRACT Deep neural networks show very good performance in phoneme and speech recognition applications when compared to previously used GMM (Gaussian Mixture Model)-based ones. However, efficient implementation of deep neural networks is difficult  ...", "url_pdf": null, "num_citations": 4, "cluster_id": "7863751410856808952", "year": "2014", "url_citations": "http://scholar.google.com/scholar?cites=7863751410856808952&as_sdt=2005&sciodt=1,5&hl=en"}, {"num_versions": 4, "url_citation": null, "title": "Efficient and accurate approximations of nonlinear convolutional networks", "url": "http://arxiv.org/abs/1411.4229", "url_versions": "http://scholar.google.com/scholar?cluster=4113532492863780222&hl=en&as_sdt=1,5&sciodt=1,5&as_vis=1", "authors": "X Zhang, J Zou, X Ming, K He, J Sun - arXiv preprint arXiv:1411.4229", "excerpt": "Abstract: This paper aims to accelerate the test-time computation of deep convolutional neural networks (CNNs). Unlike existing methods that are designed for approximating linear filters or linear responses, our method takes the nonlinear units into account. We minimize  ...", "url_pdf": null, "num_citations": 5, "cluster_id": "4113532492863780222", "year": "2014", "url_citations": "http://scholar.google.com/scholar?cites=4113532492863780222&as_sdt=2005&sciodt=1,5&hl=en"}, {"num_versions": 9, "url_citation": null, "title": "Restructuring of deep neural network acoustic models with singular value decomposition.", "url": "http://scholar.google.com/https://wiki.inf.ed.ac.uk/twiki/pub/CSTR/ListenSemester1201314/Xue2013_svd.pdf", "url_versions": "http://scholar.google.com/scholar?cluster=13070683737246069946&hl=en&as_sdt=1,5&sciodt=1,5&as_vis=1", "authors": "J Xue, J Li, Y Gong - INTERSPEECH", "excerpt": "Abstract Recently proposed deep neural network (DNN) obtains significant accuracy improvements in many large vocabulary continuous speech recognition (LVCSR) tasks. However, DNN requires much more parameters than traditional systems, which brings  ...", "url_pdf": "http://scholar.google.com/https://wiki.inf.ed.ac.uk/twiki/pub/CSTR/ListenSemester1201314/Xue2013_svd.pdf", "num_citations": 43, "cluster_id": "13070683737246069946", "year": "2013", "url_citations": "http://scholar.google.com/scholar?cites=13070683737246069946&as_sdt=2005&sciodt=1,5&hl=en"}, {"num_versions": 4, "url_citation": null, "title": "Diannao: A small-footprint high-throughput accelerator for ubiquitous machine-learning", "url": "http://dl.acm.org/citation.cfm?id=2541967", "url_versions": "http://scholar.google.com/scholar?cluster=1688906332146711439&hl=en&as_sdt=1,5&sciodt=1,5&as_vis=1", "authors": "T Chen, Z Du, N Sun, J Wang, C Wu, Y Chen\u2026 - ACM SIGPLAN  \u2026", "excerpt": "Abstract Machine-Learning tasks are becoming pervasive in a broad range of domains, and in a broad range of systems (from embedded systems to data centers). At the same time, a small set of machine-learning algorithms (especially Convolutional and Deep Neural  ...", "url_pdf": null, "num_citations": 39, "cluster_id": "1688906332146711439", "year": "2014", "url_citations": "http://scholar.google.com/scholar?cites=1688906332146711439&as_sdt=2005&sciodt=1,5&hl=en"}, {"num_versions": 12, "url_citation": null, "title": "The case for onloading continuous high-datarate perception to the phone", "url": "http://research.microsoft.com:8082/pubs/196173/paper44_hotos13_han_philipose.pdf", "url_versions": "http://scholar.google.com/scholar?cluster=13740782951007655700&hl=en&as_sdt=1,5&sciodt=1,5&as_vis=1", "authors": "S Han, M Philipose - Proc. of HotOS", "excerpt": "Abstract Much has been said recently on off-loading computations from the phone. In particular, workloads such as speech and visual recognition that involve models based on \u201cbig data\u201d are thought to be prime candidates for cloud processing. We posit that the next  ...", "url_pdf": "http://research.microsoft.com:8082/pubs/196173/paper44_hotos13_han_philipose.pdf", "num_citations": 9, "cluster_id": "13740782951007655700", "year": "2013", "url_citations": "http://scholar.google.com/scholar?cites=13740782951007655700&as_sdt=2005&sciodt=1,5&hl=en"}, {"num_versions": 2, "url_citation": null, "title": "Flattened Convolutional Neural Networks for Feedforward Acceleration", "url": "http://arxiv.org/abs/1412.5474", "url_versions": "http://scholar.google.com/scholar?cluster=7847245353859028508&hl=en&as_sdt=1,5&sciodt=1,5&as_vis=1", "authors": "J Jin, A Dundar, E Culurciello - arXiv preprint arXiv:1412.5474", "excerpt": "Abstract: We present flattened convolutional neural networks that are designed for fast feedforward execution. The redundancy of the parameters, especially weights of the convolutional filters in convolutional neural networks has been extensively studied and  ...", "url_pdf": null, "num_citations": 2, "cluster_id": "7847245353859028508", "year": "2014", "url_citations": "http://scholar.google.com/scholar?cites=7847245353859028508&as_sdt=2005&sciodt=1,5&hl=en"}, {"num_versions": 7, "url_citation": null, "title": "Automatic Speech Recognition", "url": "http://link.springer.com/content/pdf/10.1007/978-1-4471-5779-3.pdf", "url_versions": "http://scholar.google.com/scholar?cluster=15129453519639737983&hl=en&as_sdt=1,5&sciodt=1,5&as_vis=1", "authors": "D Yu, L Deng -", "excerpt": "Automatic Speech Recognition (ASR), which is aimed to enable natural human\u2013machine interaction, has been an intensive research area for decades. Many core technologies, such as Gaussian mixture models (GMMs), hidden Markov models (HMMs), mel-frequency  ...", "url_pdf": "http://link.springer.com/content/pdf/10.1007/978-1-4471-5779-3.pdf", "num_citations": 20, "cluster_id": "15129453519639737983", "year": "2012", "url_citations": "http://scholar.google.com/scholar?cites=15129453519639737983&as_sdt=2005&sciodt=1,5&hl=en"}, {"num_versions": 0, "url_citation": null, "title": "More Data+ Deeper Model= Better Accuracy", "url": "http://www.ism.ac.jp/IWSML2012/MoreDataDeeperModel.pdf", "url_versions": null, "authors": "D Yu, AA Deng, G Dahl, F Seide, G Li - keynote at International Workshop  \u2026", "excerpt": "Page 1. More Data + Deeper Model = Better Accuracy Dong Yu Microsoft Research This talkcovers contributions from Li Deng, Alex Acero, George Dahl, Frank Seide, Gang Li, and morePage 2. Outline \uf097 Learning from Data \uf097 Deep Neural Network (DNN) \uf097 CD-DNN-HMM ...", "url_pdf": "http://www.ism.ac.jp/IWSML2012/MoreDataDeeperModel.pdf", "num_citations": 2, "cluster_id": "9745280298539785723", "year": "2012", "url_citations": "http://scholar.google.com/scholar?cites=9745280298539785723&as_sdt=2005&sciodt=1,5&hl=en"}, {"num_versions": 4, "url_citation": null, "title": "An empirical study of learning rates in deep neural networks for speech recognition", "url": "http://ieeexplore.ieee.org/xpls/abs_all.jsp?arnumber=6638963", "url_versions": "http://scholar.google.com/scholar?cluster=13453388075529867697&hl=en&as_sdt=1,5&sciodt=1,5&as_vis=1", "authors": "A Senior, G Heigold, MA Ranzato\u2026 - Acoustics, Speech and  \u2026", "excerpt": "ABSTRACT Recent deep neural network systems for large vocabulary speech recognition are trained with minibatch stochastic gradient descent but use a variety of learning rate scheduling schemes. We investigate several of these schemes, particularly AdaGrad.  ...", "url_pdf": null, "num_citations": 34, "cluster_id": "13453388075529867697", "year": "2013", "url_citations": "http://scholar.google.com/scholar?cites=13453388075529867697&as_sdt=2005&sciodt=1,5&hl=en"}, {"num_versions": 8, "url_citation": null, "title": "Distributed Asynchronous Optimization of Convolutional Neural Networks", "url": "http://williamchan.ca/papers/wchan-interspeech-2014.pdf", "url_versions": "http://scholar.google.com/scholar?cluster=8396212719381861169&hl=en&as_sdt=1,5&sciodt=1,5&as_vis=1", "authors": "W Chan, I Lane - Fifteenth Annual Conference of the International  \u2026", "excerpt": "Abstract Recently, deep Convolutional Neural Networks have been shown to outperform Deep Neural Networks for acoustic modelling, producing state-of-the-art accuracy in speech recognition tasks. Convolutional models provide increased model robustness through the  ...", "url_pdf": "http://williamchan.ca/papers/wchan-interspeech-2014.pdf", "num_citations": 1, "cluster_id": "8396212719381861169", "year": "2014", "url_citations": "http://scholar.google.com/scholar?cites=8396212719381861169&as_sdt=2005&sciodt=1,5&hl=en"}, {"num_versions": 6, "url_citation": null, "title": "Big data deep learning: Challenges and perspectives", "url": "http://ieeexplore.ieee.org/xpls/abs_all.jsp?arnumber=6817512", "url_versions": "http://scholar.google.com/scholar?cluster=3358700578142176214&hl=en&as_sdt=1,5&sciodt=1,5&as_vis=1", "authors": "XW Chen, X Lin - Access, IEEE", "excerpt": "Abstract\u2014Deep learning is currently an extremely active research area in machine learning and pattern recognition society. It has gained huge successes in a broad area of applications such as speech recognition, computer vision, and natural language  ...", "url_pdf": null, "num_citations": 18, "cluster_id": "3358700578142176214", "year": "2014", "url_citations": "http://scholar.google.com/scholar?cites=3358700578142176214&as_sdt=2005&sciodt=1,5&hl=en"}, {"num_versions": 3, "url_citation": null, "title": "Reshaping deep neural network for fast decoding by node-pruning", "url": "http://ieeexplore.ieee.org/xpls/abs_all.jsp?arnumber=6853595", "url_versions": "http://scholar.google.com/scholar?cluster=7051799505749741596&hl=en&as_sdt=1,5&sciodt=1,5&as_vis=1", "authors": "T He, Y Fan, Y Qian, T Tan, K Yu - Acoustics, Speech and  \u2026", "excerpt": "ABSTRACT Although deep neural networks (DNN) has achieved significant accuracy improvements in speech recognition, it is computationally expensive to deploy large-scale DNN in decoding due to huge number of parameters. Weights truncation and  ...", "url_pdf": null, "num_citations": 5, "cluster_id": "7051799505749741596", "year": "2014", "url_citations": "http://scholar.google.com/scholar?cites=7051799505749741596&as_sdt=2005&sciodt=1,5&hl=en"}, {"num_versions": 2, "url_citation": null, "title": "Compressing Deep Convolutional Networks using Vector Quantization", "url": "http://arxiv.org/abs/1412.6115", "url_versions": "http://scholar.google.com/scholar?cluster=17979567864307915708&hl=en&as_sdt=1,5&sciodt=1,5&as_vis=1", "authors": "Y Gong, L Liu, M Yang, L Bourdev - arXiv preprint arXiv:1412.6115", "excerpt": "Abstract: Deep convolutional neural networks (CNN) has become the most promising method for object recognition, repeatedly demonstrating record breaking results for image classification and object detection in recent years. However, a very deep CNN generally  ...", "url_pdf": null, "num_citations": 8, "cluster_id": "17979567864307915708", "year": "2014", "url_citations": "http://scholar.google.com/scholar?cites=17979567864307915708&as_sdt=2005&sciodt=1,5&hl=en"}, {"num_versions": 3, "url_citation": null, "title": "Summary and Future Directions", "url": "http://link.springer.com/chapter/10.1007/978-1-4471-5779-3_15", "url_versions": "http://scholar.google.com/scholar?cluster=1211073006737092644&hl=en&as_sdt=1,5&sciodt=1,5&as_vis=1", "authors": "D Yu, L Deng - Automatic Speech Recognition", "excerpt": "Abstract In this chapter, we summarize the book by first listing and analyzing what we view as major milestone studies in the recent history of developing the deep learning-based ASR techniques and systems. We describe the motivations of these studies, the innovations  ...", "url_pdf": null, "num_citations": 0, "cluster_id": null, "year": "2015", "url_citations": null}, {"num_versions": 5, "url_citation": null, "title": "Dadiannao: A machine-learning supercomputer", "url": "http://ieeexplore.ieee.org/xpls/abs_all.jsp?arnumber=7011421", "url_versions": "http://scholar.google.com/scholar?cluster=6197973223185259372&hl=en&as_sdt=1,5&sciodt=1,5&as_vis=1", "authors": "Y Chen, T Luo, S Liu, S Zhang, L He\u2026 - \u2026  (MICRO)", "excerpt": "Abstract\u2014Many companies are deploying services, either for consumers or industry, which are largely based on machine-learning algorithms for sophisticated processing of large amounts of data. The state-of-the-art and most popular such machine-learning algorithms  ...", "url_pdf": null, "num_citations": 13, "cluster_id": "6197973223185259372", "year": "2014", "url_citations": "http://scholar.google.com/scholar?cites=6197973223185259372&as_sdt=2005&sciodt=1,5&hl=en"}, {"num_versions": 3, "url_citation": null, "title": "Supervised Speech Separation Using Deep Neural Networks", "url": "http://scholar.google.com/https://etd.ohiolink.edu/%21etd.send_file?accession=osu1426366690&disposition=inline", "url_versions": "http://scholar.google.com/scholar?cluster=7741244194449769025&hl=en&as_sdt=1,5&sciodt=1,5&as_vis=1", "authors": "Y Wang -", "excerpt": "ABSTRACT Speech is crucial for human communication. However, speech communication for both humans and automatic devices can be negatively impacted by background noise, which is common in real environments. Due to numerous applications, such as hearing  ...", "url_pdf": null, "num_citations": 1, "cluster_id": "7741244194449769025", "year": "2015", "url_citations": "http://scholar.google.com/scholar?cites=7741244194449769025&as_sdt=2005&sciodt=1,5&hl=en"}, {"num_versions": 4, "url_citation": null, "title": "Improving semi-supervised deep neural network for keyword search in low resource languages", "url": "http://scholar.google.com/https://mazsola.iit.uni-miskolc.hu/%7Eczap/letoltes/IS14/IS2014/PDF/AUTHOR/IS141224.PDF", "url_versions": "http://scholar.google.com/scholar?cluster=11948367220649706675&hl=en&as_sdt=1,5&sciodt=1,5&as_vis=1", "authors": "R Hsiao, T Ng, L Zhang, S Ranjan\u2026 - Proceedings of  \u2026", "excerpt": "Abstract In this work, we investigate how to improve semi-supervised DNN for low resource languages where the initial systems may have high error rate. We propose using semi-supervised MLP features for DNN training, and we also explore using confidence to  ...", "url_pdf": null, "num_citations": 2, "cluster_id": "11948367220649706675", "year": "2014", "url_citations": "http://scholar.google.com/scholar?cites=11948367220649706675&as_sdt=2005&sciodt=1,5&hl=en"}, {"num_versions": 0, "url_citation": null, "title": "A Real-Time End-to-End Multilingual Speech Recognition Architecture", "url": "http://ieeexplore.ieee.org/xpls/abs_all.jsp?arnumber=6935076", "url_versions": null, "authors": "J Gonzalez-Dominguez, D Eustis, I Lopez Moreno\u2026 -", "excerpt": "Abstract\u2014Automatic speech recognition (ASR) systems are used daily by millions of people worldwide to dictate messages, control devices, initiate searches or to facilitate data input in small devices. The user experience in these scenarios depends on the quality of the  ...", "url_pdf": null, "num_citations": 2, "cluster_id": "6324190656082484382", "year": "2015", "url_citations": "http://scholar.google.com/scholar?cites=6324190656082484382&as_sdt=2005&sciodt=1,5&hl=en"}, {"num_versions": 4, "url_citation": null, "title": "Fine context, low-rank, softplus deep neural networks for mobile speech recognition", "url": "http://ieeexplore.ieee.org/xpls/abs_all.jsp?arnumber=6855087", "url_versions": "http://scholar.google.com/scholar?cluster=15373363517775771975&hl=en&as_sdt=1,5&sciodt=1,5&as_vis=1", "authors": "A Senior, X Lei - \u2026  and Signal Processing (ICASSP)", "excerpt": "ABSTRACT We investigate the use of large state inventories and the softplus nonlinearity for on-device neural network based mobile speech recognition. Large state inventories are achieved by less aggressive context-dependent state tying, and made possible by using a  ...", "url_pdf": null, "num_citations": 3, "cluster_id": "15373363517775771975", "year": "2014", "url_citations": "http://scholar.google.com/scholar?cites=15373363517775771975&as_sdt=2005&sciodt=1,5&hl=en"}, {"num_versions": 0, "url_citation": null, "title": "Recurrent neural networks and related models", "url": "http://link.springer.com/chapter/10.1007/978-1-4471-5779-3_13", "url_versions": null, "authors": "D Yu, L Deng - Automatic Speech Recognition", "excerpt": "Abstract A recurrent neural network (RNN) is a class of neural network models where many connections among its neurons form a directed cycle. This gives rise to the structure of internal states or memory in the RNN, endowing it with the dynamic temporal behavior not  ...", "url_pdf": null, "num_citations": 2, "cluster_id": "2000137079705205072", "year": "2015", "url_citations": "http://scholar.google.com/scholar?cites=2000137079705205072&as_sdt=2005&sciodt=1,5&hl=en"}, {"num_versions": 0, "url_citation": null, "title": "On context-dependent neural networks and speaker adaptation", "url": "http://ieeexplore.ieee.org/xpls/abs_all.jsp?arnumber=6491538", "url_versions": null, "authors": "J Zelinka, J Trmal, L Muller - Signal Processing (ICSP)", "excerpt": "Abstract\u2014This paper describes evaluation of a neural network based hybrid LVCSR system. The novelty of the evaluated hybrid system lies in speaker adaptation techniques that are employed to increase performance of neural networks for context-dependent phonetic  ...", "url_pdf": null, "num_citations": 3, "cluster_id": "6802624456095491694", "year": "2012", "url_citations": "http://scholar.google.com/scholar?cites=6802624456095491694&as_sdt=2005&sciodt=1,5&hl=en"}, {"num_versions": 2, "url_citation": null, "title": "Low precision arithmetic for deep learning", "url": "http://arxiv.org/abs/1412.7024", "url_versions": "http://scholar.google.com/scholar?cluster=8133488785133791315&hl=en&as_sdt=1,5&sciodt=1,5&as_vis=1", "authors": "M Courbariaux, Y Bengio, JP David - arXiv preprint arXiv:1412.7024", "excerpt": "Abstract: We simulate the training of a set of state of the art neural networks, the Maxout networks (Goodfellow et al., 2013a), on three benchmark datasets: the MNIST, CIFAR10 and SVHN, with three distinct arithmetics: floating point, fixed point and dynamic fixed point.  ...", "url_pdf": null, "num_citations": 3, "cluster_id": "8133488785133791315", "year": "2014", "url_citations": "http://scholar.google.com/scholar?cites=8133488785133791315&as_sdt=2005&sciodt=1,5&hl=en"}, {"num_versions": 7, "url_citation": null, "title": "Robust speech recognition using temporal masking and thresholding algorithm", "url": "http://193.6.4.39/%7Eczap/letoltes/IS14/IS2014/PDF/AUTHOR/IS141395.PDF", "url_versions": "http://scholar.google.com/scholar?cluster=17341657172777257869&hl=en&as_sdt=1,5&sciodt=1,5&as_vis=1", "authors": "C Kim, KK Chin, M Bacchiani, RM Stern - Fifteenth Annual Conference of \u2026", "excerpt": "Abstract In this paper, we present a new dereverberation algorithm called Temporal Masking and Thresholding (TMT) to enhance the temporal spectra of spectral features for robust speech recognition in reverberant environments. This algorithm is motivated by the  ...", "url_pdf": null, "num_citations": 2, "cluster_id": "17341657172777257869", "year": "2014", "url_citations": "http://scholar.google.com/scholar?cites=17341657172777257869&as_sdt=2005&sciodt=1,5&hl=en"}, {"num_versions": 0, "url_citation": null, "title": "Learning both Weights and Connections for Efficient Neural Networks", "url": "http://arxiv.org/abs/1506.02626", "url_versions": null, "authors": "S Han, J Pool, J Tran, WJ Dally - arXiv preprint arXiv:1506.02626", "excerpt": "Abstract: Neural networks are both computationally intensive and memory intensive, making them difficult to deploy on embedded systems. Also, conventional networks fix the architecture before training starts; as a result, training cannot improve the architecture. To  ...", "url_pdf": null, "num_citations": 1, "cluster_id": "3024080172411649140", "year": "2015", "url_citations": "http://scholar.google.com/scholar?cites=3024080172411649140&as_sdt=2005&sciodt=1,5&hl=en"}, {"num_versions": 4, "url_citation": null, "title": "Boundary contraction training for acoustic models based on discrete deep neural networks", "url": "http://scholar.google.com/https://mazsola.iit.uni-miskolc.hu/%7Eczap/letoltes/IS14/IS2014/PDF/AUTHOR/IS140082.PDF", "url_versions": "http://scholar.google.com/scholar?cluster=3227301291940365578&hl=en&as_sdt=1,5&sciodt=1,5&as_vis=1", "authors": "R Takeda, N Kanda, N Nukaga - Proceedings of  \u2026", "excerpt": "Abstract The boundary contraction training for acoustic models based on deep neural networks in a discrete system (discrete DNNs) is presented in this paper. Representing the parameters of DNNs with small bits (such as 4 bits) can reduce not only memory usage  ...", "url_pdf": null, "num_citations": 1, "cluster_id": "3227301291940365578", "year": "2014", "url_citations": "http://scholar.google.com/scholar?cites=3227301291940365578&as_sdt=2005&sciodt=1,5&hl=en"}, {"num_versions": 8, "url_citation": null, "title": "Multiframe deep neural networks for acoustic modeling", "url": "http://ieeexplore.ieee.org/xpls/abs_all.jsp?arnumber=6639137", "url_versions": "http://scholar.google.com/scholar?cluster=13474279180108334000&hl=en&as_sdt=1,5&sciodt=1,5&as_vis=1", "authors": "V Vanhoucke, M Devin\u2026 - Acoustics, Speech and  \u2026", "excerpt": "ABSTRACT Deep neural networks have been shown to perform very well as acoustic models for automatic speech recognition. Compared to Gaussian mixtures however, they tend to be very expensive computationally, making them challenging to use in real-time  ...", "url_pdf": null, "num_citations": 14, "cluster_id": "13474279180108334000", "year": "2013", "url_citations": "http://scholar.google.com/scholar?cites=13474279180108334000&as_sdt=2005&sciodt=1,5&hl=en"}, {"num_versions": 2, "url_citation": null, "title": "Deep neural networks with auxiliary Gaussian mixture models for real-time speech recognition", "url": "http://ieeexplore.ieee.org/xpls/abs_all.jsp?arnumber=6639148", "url_versions": "http://scholar.google.com/scholar?cluster=3180488090527790501&hl=en&as_sdt=1,5&sciodt=1,5&as_vis=1", "authors": "X Lei, H Lin, G Heigold - Acoustics, Speech and Signal  \u2026", "excerpt": "ABSTRACT We present a framework that improves real-time speech recognition performance using deep neural networks (DNNs) with auxiliary Gaussian mixture models (GMMs). The DNNs and the auxiliary GMMs share the same hidden Markov model (HMM)  ...", "url_pdf": null, "num_citations": 4, "cluster_id": "3180488090527790501", "year": "2013", "url_citations": "http://scholar.google.com/scholar?cites=3180488090527790501&as_sdt=2005&sciodt=1,5&hl=en"}, {"num_versions": 15, "url_citation": null, "title": "Large scale distributed deep networks", "url": "http://papers.nips.cc/paper/4687-large-scale-distributed-deep-networks", "url_versions": "http://scholar.google.com/scholar?cluster=9220704513857531974&hl=en&as_sdt=1,5&sciodt=1,5&as_vis=1", "authors": "J Dean, G Corrado, R Monga, K Chen\u2026 - Advances in Neural  \u2026", "excerpt": "Abstract Recent work in unsupervised feature learning and deep learning has shown that being able to train large models can dramatically improve performance. In this paper, we consider the problem of training a deep network with billions of parameters using tens of  ...", "url_pdf": null, "num_citations": 325, "cluster_id": "9220704513857531974", "year": "2012", "url_citations": "http://scholar.google.com/scholar?cites=9220704513857531974&as_sdt=2005&sciodt=1,5&hl=en"}, {"num_versions": 27, "url_citation": null, "title": "Deep neural networks for acoustic modeling in speech recognition: The shared views of four research groups", "url": "http://ieeexplore.ieee.org/xpls/abs_all.jsp?arnumber=6296526", "url_versions": "http://scholar.google.com/scholar?cluster=3674494786452480182&hl=en&as_sdt=1,5&sciodt=1,5&as_vis=1", "authors": "G Hinton, L Deng, D Yu, GE Dahl\u2026 - Signal Processing  \u2026", "excerpt": "Gaussian mixture models (GMMs) to determine how well each state of each HMM fits a frame or a short window of frames of coefficients that represents the acoustic input. An alternative way to evaluate the fit is to use a feed-forward neural network that takes  ...", "url_pdf": null, "num_citations": 1010, "cluster_id": "3674494786452480182", "year": "2012", "url_citations": "http://scholar.google.com/scholar?cites=3674494786452480182&as_sdt=2005&sciodt=1,5&hl=en"}, {"num_versions": 0, "url_citation": null, "title": "A Small-Footprint Accelerator for Large-Scale Neural Networks", "url": "http://dl.acm.org/citation.cfm?id=2701417", "url_versions": null, "authors": "T Chen, S Zhang, S Liu, Z Du, T Luo, Y Gao\u2026 - ACM Transactions on  \u2026", "excerpt": "Abstract Machine-learning tasks are becoming pervasive in a broad range of domains, and in a broad range of systems (from embedded systems to data centers). At the same time, a small set of machine-learning algorithms (especially Convolutional and Deep Neural  ...", "url_pdf": null, "num_citations": 1, "cluster_id": "1623845715977528368", "year": "2015", "url_citations": "http://scholar.google.com/scholar?cites=1623845715977528368&as_sdt=2005&sciodt=1,5&hl=en"}, {"num_versions": 3, "url_citation": null, "title": "Deep Learning with Limited Numerical Precision", "url": "http://arxiv.org/abs/1502.02551", "url_versions": "http://scholar.google.com/scholar?cluster=14109789955727767115&hl=en&as_sdt=1,5&sciodt=1,5&as_vis=1", "authors": "S Gupta, A Agrawal, K Gopalakrishnan\u2026 - arXiv preprint arXiv: \u2026", "excerpt": "Abstract: Training of large-scale deep neural networks is often constrained by the available computational resources. We study the effect of limited precision data representation and computation on neural network training. Within the context of low-precision fixed-point  ...", "url_pdf": null, "num_citations": 7, "cluster_id": "14109789955727767115", "year": "2015", "url_citations": "http://scholar.google.com/scholar?cites=14109789955727767115&as_sdt=2005&sciodt=1,5&hl=en"}, {"num_versions": 0, "url_citation": null, "title": "Improved mandarin spoken term detection by using deep neural network for keyword verification", "url": "http://ieeexplore.ieee.org/xpls/abs_all.jsp?arnumber=6975825", "url_versions": null, "authors": "X Wang, T Li, Y Xiao, J Pan\u2026 - Natural Computation (ICNC \u2026", "excerpt": "Abstract\u2014In this paper, we propose to use Deep Neural Network (DNN), which has been proved to be the state-of-theart technique in speech recognition, to re-estimate the confidence of keyword hypotheses in the verification stage of spoken term detection. The  ...", "url_pdf": null, "num_citations": 1, "cluster_id": "8030962958502944312", "year": "2014", "url_citations": "http://scholar.google.com/scholar?cites=8030962958502944312&as_sdt=2005&sciodt=1,5&hl=en"}, {"num_versions": 11, "url_citation": null, "title": "Application of Pretrained Deep Neural Networks to Large Vocabulary Speech Recognition.", "url": "http://scholar.google.com/https://i.jyg8.eu.org/files/5094ed6686ff718e-u-AHR0cHM6Ly9yZXNlYXJjAC5nb29nbGuUY29tL3B1YnMvYXJjAGl2Zs8zODezMC5wZGY.pdf", "url_versions": "http://scholar.google.com/scholar?cluster=7186663852152848363&hl=en&as_sdt=1,5&sciodt=1,5&as_vis=1", "authors": "N Jaitly, P Nguyen, AW Senior, V Vanhoucke - INTERSPEECH", "excerpt": "Abstract The use of Deep Belief Networks (DBN) to pretrain Neural Networks has recently led to a resurgence in the use of Artificial Neural Network-Hidden Markov Model (ANN/HMM) hybrid systems for Automatic Speech Recognition (ASR). In this paper we  ...", "url_pdf": "http://scholar.google.com/https://i.jyg8.eu.org/files/5094ed6686ff718e-u-AHR0cHM6Ly9yZXNlYXJjAC5nb29nbGuUY29tL3B1YnMvYXJjAGl2Zs8zODezMC5wZGY.pdf", "num_citations": 119, "cluster_id": "7186663852152848363", "year": "2012", "url_citations": "http://scholar.google.com/scholar?cites=7186663852152848363&as_sdt=2005&sciodt=1,5&hl=en"}]