[{"num_versions": 3, "url_citation": null, "title": "Exploring self-direction in an online learning community", "url": "http://www.fp.ucalgary.ca/maclachlan/Doug_MacLachlan_Dissertation.pdf", "url_versions": "http://scholar.google.com/scholar?cluster=1856485727264052926&hl=en&as_sdt=1,5&sciodt=1,5&as_vis=1", "authors": "DT MacLachlan -", "excerpt": "Abstract The purpose of this study was to explore the effectiveness of Web-based instruction in fostering lifelong learning skills within online learning communities. Of specific interest were the management and critical thinking skills required of self-directed learners, as well  ...", "url_pdf": "http://www.fp.ucalgary.ca/maclachlan/Doug_MacLachlan_Dissertation.pdf", "num_citations": 0, "cluster_id": null, "year": "2004", "url_citations": null}, {"num_versions": 2, "url_citation": null, "title": "ICT literacy education: college students' retrospective perceptions", "url": "http://dl.acm.org/citation.cfm?id=1963552", "url_versions": "http://scholar.google.com/scholar?cluster=5674654600269228833&hl=en&as_sdt=1,5&sciodt=1,5&as_vis=1", "authors": "I Lavy, R Or-Bach - ACM Inroads", "excerpt": "Abstract As higher education opens up to a wider population, we witness more incoming students that lack necessary skills for using information and communication tools effectively. We suggest various ways to define, assess, and develop such skills. In this study, we  ...", "url_pdf": null, "num_citations": 5, "cluster_id": "5674654600269228833", "year": "2011", "url_citations": "http://scholar.google.com/scholar?cites=5674654600269228833&as_sdt=2005&sciodt=1,5&hl=en"}, {"num_versions": 10, "url_citation": null, "title": "Online computer science education in Australasia", "url": "http://www.tandfonline.com/doi/abs/10.1080/08993400701538146", "url_versions": "http://scholar.google.com/scholar?cluster=17463521063923288904&hl=en&as_sdt=1,5&sciodt=1,5&as_vis=1", "authors": "M Bower - Computer Science Education", "excerpt": "This paper reviews contemporary research literature in the area of online computer science education that has emanated from Australasia. First the literature is summarized, initially categorized by content as relating to course design, assessment, collaboration, teaching,  ...", "url_pdf": null, "num_citations": 2, "cluster_id": "17463521063923288904", "year": "2007", "url_citations": "http://scholar.google.com/scholar?cites=17463521063923288904&as_sdt=2005&sciodt=1,5&hl=en"}, {"num_versions": 10, "url_citation": null, "title": "Introducing learning design and LAMS to pre-service education students", "url": "http://yadda.icm.edu.pl/yadda/element/bwmeta1.element.desklight-f4f906ef-4f90-4464-93d9-9a51f1227026", "url_versions": "http://scholar.google.com/scholar?cluster=9144336971667011971&hl=en&as_sdt=1,5&sciodt=1,5&as_vis=1", "authors": "C Campbell, L Cameron - Teaching English with Technology", "excerpt": "Abstract Information and Communication Technologies (ICTs) for teaching and learning are continually changing and being replaced by the newest \u201cmust have\u201d technologies, so how valuable are skillsbased technology courses in the long-term to pre-service teachers?  ...", "url_pdf": null, "num_citations": 1, "cluster_id": "9144336971667011971", "year": "2011", "url_citations": "http://scholar.google.com/scholar?cites=9144336971667011971&as_sdt=2005&sciodt=1,5&hl=en"}]