[{"num_versions": 0, "url_citation": null, "title": "Segmental conditional random fields with deep neural networks as acoustic models for first-pass word recognition", "url": "http://web.cse.ohio-state.edu/%7Ehey/He_Fosler-Lussier_SCRF-DNN_Word_Recog_INTERSPEECH15.pdf", "url_versions": null, "authors": "Y He, E Fosler-Lussier - \u2026  of the Annual Conference of the  \u2026", "excerpt": "Abstract Discriminative segmental models, such as segmental conditional random fields (SCRFs), have been successfully applied to speech recognition recently in lattice rescoring to integrate detectors across different levels of units, such as phones and words. However,  ...", "url_pdf": "http://web.cse.ohio-state.edu/%7Ehey/He_Fosler-Lussier_SCRF-DNN_Word_Recog_INTERSPEECH15.pdf", "num_citations": 1, "cluster_id": "778882651129706784", "year": "2015", "url_citations": "http://scholar.google.com/scholar?cites=778882651129706784&as_sdt=2005&sciodt=1,5&hl=en"}, {"num_versions": 2, "url_citation": null, "title": "Large scale recurrent neural network on gpu", "url": "http://ieeexplore.ieee.org/xpls/abs_all.jsp?arnumber=6889433", "url_versions": "http://scholar.google.com/scholar?cluster=5837626727075190838&hl=en&as_sdt=1,5&sciodt=1,5&as_vis=1", "authors": "B Li, E Zhou, B Huang, J Duan, Y Wang\u2026 - \u2026  Joint Conference on", "excerpt": "Abstract\u2014Large scale artificial neural networks (ANNs) have been widely used in data processing applications. The recurrent neural network (RNN) is a special type of neural network equipped with additional recurrent connections. Such a unique architecture  ...", "url_pdf": null, "num_citations": 3, "cluster_id": "5837626727075190838", "year": "2014", "url_citations": "http://scholar.google.com/scholar?cites=5837626727075190838&as_sdt=2005&sciodt=1,5&hl=en"}, {"num_versions": 5, "url_citation": null, "title": "Investigation of unsupervised adaptation of DNN acoustic models with filter bank input", "url": "http://ieeexplore.ieee.org/xpls/abs_all.jsp?arnumber=6854825", "url_versions": "http://scholar.google.com/scholar?cluster=4454198206766013698&hl=en&as_sdt=1,5&sciodt=1,5&as_vis=1", "authors": "T Yoshioka, A Ragni, MJF Gales - Acoustics, Speech and  \u2026", "excerpt": "ABSTRACT Adaptation to speaker variations is an essential component of speech recognition systems. One common approach to adapting deep neural network (DNN) acoustic models is to perform global constrained maximum likelihood linear regression ( ...", "url_pdf": null, "num_citations": 6, "cluster_id": "4454198206766013698", "year": "2014", "url_citations": "http://scholar.google.com/scholar?cites=4454198206766013698&as_sdt=2005&sciodt=1,5&hl=en"}, {"num_versions": 10, "url_citation": null, "title": "Do deep nets really need to be deep?", "url": "http://papers.nips.cc/paper/5484-do-deep-nets-really-need-to-be-deep", "url_versions": "http://scholar.google.com/scholar?cluster=207936000892324125&hl=en&as_sdt=1,5&sciodt=1,5&as_vis=1", "authors": "J Ba, R Caruana - Advances in Neural Information Processing  \u2026", "excerpt": "Abstract Currently, deep neural networks are the state of the art on problems such as speech recognition and computer vision. In this paper we empirically demonstrate that shallow feed-forward nets can learn the complex functions previously learned by deep nets and  ...", "url_pdf": null, "num_citations": 33, "cluster_id": "207936000892324125", "year": "2014", "url_citations": "http://scholar.google.com/scholar?cites=207936000892324125&as_sdt=2005&sciodt=1,5&hl=en"}, {"num_versions": 7, "url_citation": null, "title": "A deep neural network speaker verification system targeting microphone speech", "url": "http://mc-10136-1356568960.us-west-2.elb.amazonaws.com/sites/default/files/publications/a_deep_neural_network_speaker_verification_system_targeting_microphone.pdf", "url_versions": "http://scholar.google.com/scholar?cluster=14931856511656025014&hl=en&as_sdt=1,5&sciodt=1,5&as_vis=1", "authors": "Y Lei, L Ferrer, M McLaren\u2026 - Proc.  \u2026", "excerpt": "Abstract We recently proposed the use of deep neural networks (DNN) in place of Gaussian Mixture models (GMM) in the i-vector extraction process for speaker recognition. We have shown significant accuracy improvements on the 2012 NIST speaker recognition  ...", "url_pdf": "http://mc-10136-1356568960.us-west-2.elb.amazonaws.com/sites/default/files/publications/a_deep_neural_network_speaker_verification_system_targeting_microphone.pdf", "num_citations": 3, "cluster_id": "14931856511656025014", "year": "2014", "url_citations": "http://scholar.google.com/scholar?cites=14931856511656025014&as_sdt=2005&sciodt=1,5&hl=en"}, {"num_versions": 7, "url_citation": null, "title": "A Comparison of Sequence-Trained Deep Neural Networks and Recurrent Neural Networks Optical Modeling for Handwriting Recognition", "url": "http://link.springer.com/chapter/10.1007/978-3-319-11397-5_15", "url_versions": "http://scholar.google.com/scholar?cluster=15137852906980989540&hl=en&as_sdt=1,5&sciodt=1,5&as_vis=1", "authors": "T Bluche, H Ney, C Kermorvant - Statistical Language and Speech  \u2026", "excerpt": "Abstract Long Short-Term Memory Recurrent Neural Networks are the current state-of-the-art in handwriting recognition. In speech recognition, Deep Multi-Layer Perceptrons (DeepMLPs) have become the standard acoustic model for Hidden Markov Models ( ...", "url_pdf": null, "num_citations": 1, "cluster_id": "15137852906980989540", "year": "2014", "url_citations": "http://scholar.google.com/scholar?cites=15137852906980989540&as_sdt=2005&sciodt=1,5&hl=en"}, {"num_versions": 0, "url_citation": null, "title": "Recognizing Dysarthric Speech due to Amyotrophic Lateral Sclerosis with Across-Speaker Articulatory Normalization", "url": "http://www.slpat.org/slpat2015/papers/hahm-heitzman-wang.pdf", "url_versions": null, "authors": "S Hahm, D Heitzman, J Wang - ACL/ISCA Workshop on Speech and  \u2026", "excerpt": "Abstract Recent dysarthric speech recognition studies using mixed data from a collection of neurological diseases suggested articulatory data can help to improve the speech recognition performance. This project was specifically designed for the  ...", "url_pdf": "http://www.slpat.org/slpat2015/papers/hahm-heitzman-wang.pdf", "num_citations": 1, "cluster_id": "8302245595907802170", "year": "2015", "url_citations": "http://scholar.google.com/scholar?cites=8302245595907802170&as_sdt=2005&sciodt=1,5&hl=en"}, {"num_versions": 9, "url_citation": null, "title": "Learning small-size DNN with output-distribution-based criteria", "url": "http://193.6.4.39/%7Eczap/letoltes/IS14/IS2014/PDF/AUTHOR/IS140487.PDF", "url_versions": "http://scholar.google.com/scholar?cluster=9474047679224127643&hl=en&as_sdt=1,5&sciodt=1,5&as_vis=1", "authors": "J Li, R Zhao, JT Huang, Y Gong - Proc. Interspeech", "excerpt": "Abstract Deep neural network (DNN) obtains significant accuracy improvements on many speech recognition tasks and its power comes from the deep and wide network structure with a very large number of parameters. It becomes challenging when we deploy DNN on  ...", "url_pdf": null, "num_citations": 10, "cluster_id": "9474047679224127643", "year": "2014", "url_citations": "http://scholar.google.com/scholar?cites=9474047679224127643&as_sdt=2005&sciodt=1,5&hl=en"}, {"num_versions": 3, "url_citation": null, "title": "Spatial diffuseness features for DNN-based speech recognition in noisy and reverberant environments", "url": "http://arxiv.org/abs/1410.2479", "url_versions": "http://scholar.google.com/scholar?cluster=16394042672728946132&hl=en&as_sdt=1,5&sciodt=1,5&as_vis=1", "authors": "A Schwarz, C Huemmer, R Maas\u2026 - arXiv preprint arXiv: \u2026", "excerpt": "Abstract: We propose a spatial diffuseness feature for deep neural network (DNN)-based automatic speech recognition to improve recognition accuracy in reverberant and noisy environments. The feature is computed in real-time from multiple microphone signals  ...", "url_pdf": null, "num_citations": 4, "cluster_id": "16394042672728946132", "year": "2014", "url_citations": "http://scholar.google.com/scholar?cites=16394042672728946132&as_sdt=2005&sciodt=1,5&hl=en"}, {"num_versions": 4, "url_citation": null, "title": "A ultra-low-energy convolution engine for fast brain-inspired vision in multicore clusters", "url": "http://dl.acm.org/citation.cfm?id=2755910", "url_versions": "http://scholar.google.com/scholar?cluster=7980998759273401389&hl=en&as_sdt=1,5&sciodt=1,5&as_vis=1", "authors": "F Conti, L Benini - Proceedings of the", "excerpt": "Abstract State-of-art brain-inspired computer vision algorithms such as Convolutional Neural Networks (CNNs) are reaching accuracy and performance rivaling that of humans; however, the gap in terms of energy consumption is still many degrees of magnitude wide. Many- ...", "url_pdf": null, "num_citations": 2, "cluster_id": "7980998759273401389", "year": "2015", "url_citations": "http://scholar.google.com/scholar?cites=7980998759273401389&as_sdt=2005&sciodt=1,5&hl=en"}, {"num_versions": 4, "url_citation": null, "title": "Using Deep Neural Networks to Improve Proficiency Assessment for Children English Language Learners", "url": "http://193.6.4.39/%7Eczap/letoltes/IS14/IS2014/PDF/AUTHOR/IS140115.PDF", "url_versions": "http://scholar.google.com/scholar?cluster=17088870472675815345&hl=en&as_sdt=1,5&sciodt=1,5&as_vis=1", "authors": "A Metallinou, J Cheng - Proc. of INTERSPEECH", "excerpt": "Abstract We investigated the use of context-dependent deep neural network hidden Markov models, or CD-DNN-HMMs, to improve speech recognition performance for a better assessment of children English language learners (ELLs). The ELL data used in the  ...", "url_pdf": null, "num_citations": 4, "cluster_id": "17088870472675815345", "year": "2014", "url_citations": "http://scholar.google.com/scholar?cites=17088870472675815345&as_sdt=2005&sciodt=1,5&hl=en"}, {"num_versions": 2, "url_citation": null, "title": "A generalized rule based tracker for dialogue state tracking", "url": "http://ieeexplore.ieee.org/xpls/abs_all.jsp?arnumber=7078596", "url_versions": "http://scholar.google.com/scholar?cluster=13389410755299367011&hl=en&as_sdt=1,5&sciodt=1,5&as_vis=1", "authors": "K Sun, L Chen, S Zhu, K Yu - Spoken Language Technology  \u2026", "excerpt": "ABSTRACT Dialogue state tracking plays an important role in statistical dialogue management. Domain-independent rule-based approaches are attractive due to their efficiency, portability and interpretability. However, recent rule-based models are still not  ...", "url_pdf": null, "num_citations": 6, "cluster_id": "13389410755299367011", "year": "2014", "url_citations": "http://scholar.google.com/scholar?cites=13389410755299367011&as_sdt=2005&sciodt=1,5&hl=en"}, {"num_versions": 10, "url_citation": null, "title": "Deep learning of representations: Looking forward", "url": "http://link.springer.com/chapter/10.1007/978-3-642-39593-2_1", "url_versions": "http://scholar.google.com/scholar?cluster=16988628068303769209&hl=en&as_sdt=1,5&sciodt=1,5&as_vis=1", "authors": "Y Bengio - Statistical Language and Speech Processing", "excerpt": "Abstract Deep learning research aims at discovering learning algorithms that discover multiple levels of distributed representations, with higher levels representing more abstract concepts. Although the study of deep learning has already led to impressive theoretical  ...", "url_pdf": null, "num_citations": 86, "cluster_id": "16988628068303769209", "year": "2013", "url_citations": "http://scholar.google.com/scholar?cites=16988628068303769209&as_sdt=2005&sciodt=1,5&hl=en"}, {"num_versions": 16, "url_citation": null, "title": "New types of deep neural network learning for speech recognition and related applications: An overview", "url": "http://ieeexplore.ieee.org/xpls/abs_all.jsp?arnumber=6639344", "url_versions": "http://scholar.google.com/scholar?cluster=10871829039953032247&hl=en&as_sdt=1,5&sciodt=1,5&as_vis=1", "authors": "L Deng, G Hinton, B Kingsbury - Acoustics, Speech and Signal  \u2026", "excerpt": "ABSTRACT In this paper, we provide an overview of the invited and contributed papers presented at the special session at ICASSP-2013, entitled \u201cNew Types of Deep Neural Network Learning for Speech Recognition and Related Applications,\u201d as organized by the  ...", "url_pdf": null, "num_citations": 82, "cluster_id": "10871829039953032247", "year": "2013", "url_citations": "http://scholar.google.com/scholar?cites=10871829039953032247&as_sdt=2005&sciodt=1,5&hl=en"}, {"num_versions": 4, "url_citation": null, "title": "Pruning deep neural networks by optimal brain damage", "url": "http://mazsola.iit.uni-miskolc.hu/%7Eczap/letoltes/IS14/IS2014/PDF/AUTHOR/IS140276.PDF", "url_versions": "http://scholar.google.com/scholar?cluster=5919914125801517763&hl=en&as_sdt=1,5&sciodt=1,5&as_vis=1", "authors": "C Liu, Z Zhang, D Wang - Proceedings of Interspeech", "excerpt": "Abstract A main advantage of the deep neural network (DNN) model lies on the fact that no artificial assumptions are placed on the data distribution and model structure, which offers the possibility to learn very flexible models. This flexibility, however, may lead to highly  ...", "url_pdf": null, "num_citations": 1, "cluster_id": "5919914125801517763", "year": "2014", "url_citations": "http://scholar.google.com/scholar?cites=5919914125801517763&as_sdt=2005&sciodt=1,5&hl=en"}, {"num_versions": 6, "url_citation": null, "title": "Factorized adaptation for deep neural network", "url": "http://ieeexplore.ieee.org/xpls/abs_all.jsp?arnumber=6854662", "url_versions": "http://scholar.google.com/scholar?cluster=6382402224236718787&hl=en&as_sdt=1,5&sciodt=1,5&as_vis=1", "authors": "J Li, JT Huang, Y Gong - Acoustics, Speech and Signal  \u2026", "excerpt": "ABSTRACT In this paper, we propose a novel method to adapt contextdependent deep neural network hidden Markov model (CD-DNNHMM) with only limited number of parameters by taking into account the underlying factors that contribute to the distorted  ...", "url_pdf": null, "num_citations": 10, "cluster_id": "6382402224236718787", "year": "2014", "url_citations": "http://scholar.google.com/scholar?cites=6382402224236718787&as_sdt=2005&sciodt=1,5&hl=en"}, {"num_versions": 9, "url_citation": null, "title": "Gaze-enhanced speech recognition", "url": "http://ieeexplore.ieee.org/xpls/abs_all.jsp?arnumber=6854198", "url_versions": "http://scholar.google.com/scholar?cluster=580133869630453390&hl=en&as_sdt=1,5&sciodt=1,5&as_vis=1", "authors": "M Slaney, R Rajan, A Stolcke\u2026 - Acoustics, Speech and \u2026", "excerpt": "ABSTRACT This work demonstrates through simulations and experimental work the potential of eye-gaze data to improve speech-recognition results. Multimodal interfaces, where users see information on a display and use their voice to control an interaction, are  ...", "url_pdf": null, "num_citations": 5, "cluster_id": "580133869630453390", "year": "2014", "url_citations": "http://scholar.google.com/scholar?cites=580133869630453390&as_sdt=2005&sciodt=1,5&hl=en"}, {"num_versions": 7, "url_citation": null, "title": "Automatic Speech Recognition", "url": "http://link.springer.com/content/pdf/10.1007/978-1-4471-5779-3.pdf", "url_versions": "http://scholar.google.com/scholar?cluster=15129453519639737983&hl=en&as_sdt=1,5&sciodt=1,5&as_vis=1", "authors": "D Yu, L Deng -", "excerpt": "Automatic Speech Recognition (ASR), which is aimed to enable natural human\u2013machine interaction, has been an intensive research area for decades. Many core technologies, such as Gaussian mixture models (GMMs), hidden Markov models (HMMs), mel-frequency  ...", "url_pdf": "http://link.springer.com/content/pdf/10.1007/978-1-4471-5779-3.pdf", "num_citations": 20, "cluster_id": "15129453519639737983", "year": "2012", "url_citations": "http://scholar.google.com/scholar?cites=15129453519639737983&as_sdt=2005&sciodt=1,5&hl=en"}, {"num_versions": 7, "url_citation": null, "title": "A deep neural network approach for sentence boundary detection in broadcast news", "url": "http://www.lxie.nwpu-aslp.org/papers/2014Interspeech-XuCL.pdf", "url_versions": "http://scholar.google.com/scholar?cluster=7642949973660810327&hl=en&as_sdt=1,5&sciodt=1,5&as_vis=1", "authors": "C Xu, L Xie, G Huang, X Xiao, ES Chng, H Li - Proc. Interspeech", "excerpt": "Abstract This paper presents a deep neural network (DNN) approach to sentence boundary detection in broadcast news. We extract prosodic and lexical features at each inter-word position in the transcripts and learn a sequential classifier to label these positions as  ...", "url_pdf": "http://www.lxie.nwpu-aslp.org/papers/2014Interspeech-XuCL.pdf", "num_citations": 1, "cluster_id": "7642949973660810327", "year": "2014", "url_citations": "http://scholar.google.com/scholar?cites=7642949973660810327&as_sdt=2005&sciodt=1,5&hl=en"}, {"num_versions": 0, "url_citation": null, "title": "Feature-space speaker adaptation for probabilistic linear discriminant analysis acoustic models", "url": "http://www.research.ed.ac.uk/portal/files/19909873/Lu_Renals_Feature_space_Speaker_Adaptation_for_Probabilistic_Linear_Discriminant_Analysis_Acoustic_Models.pdf", "url_versions": null, "authors": "L Lu, S Renals - Proc. of Interspeech", "excerpt": "Abstract Probabilistic linear discriminant analysis (PLDA) acoustic models extend Gaussian mixture models by factorizing the acoustic variability using state-dependent and observationdependent variables. This enables the use of higher dimensional acoustic  ...", "url_pdf": "http://www.research.ed.ac.uk/portal/files/19909873/Lu_Renals_Feature_space_Speaker_Adaptation_for_Probabilistic_Linear_Discriminant_Analysis_Acoustic_Models.pdf", "num_citations": 1, "cluster_id": "10933623368713835768", "year": "2015", "url_citations": "http://scholar.google.com/scholar?cites=10933623368713835768&as_sdt=2005&sciodt=1,5&hl=en"}, {"num_versions": 7, "url_citation": null, "title": "Brain-inspired classroom occupancy monitoring on a low-power mobile platform", "url": "http://ieeexplore.ieee.org/xpls/abs_all.jsp?arnumber=6910045", "url_versions": "http://scholar.google.com/scholar?cluster=450143114708435161&hl=en&as_sdt=1,5&sciodt=1,5&as_vis=1", "authors": "F Conti, A Pullini, L Benini - Computer Vision and Pattern  \u2026", "excerpt": "Abstract\u2014Brain-inspired computer vision (BICV) has evolved rapidly in recent years and it is now competitive with traditional CV approaches. However, most of BICV algorithms have been developed on high power-and-performance platforms (eg workstations) or special  ...", "url_pdf": null, "num_citations": 4, "cluster_id": "450143114708435161", "year": "2014", "url_citations": "http://scholar.google.com/scholar?cites=450143114708435161&as_sdt=2005&sciodt=1,5&hl=en"}, {"num_versions": 2, "url_citation": null, "title": "Head motion synthesis from speech using deep neural networks", "url": "http://link.springer.com/article/10.1007/s11042-014-2156-2", "url_versions": "http://scholar.google.com/scholar?cluster=9254979449404373556&hl=en&as_sdt=1,5&sciodt=1,5&as_vis=1", "authors": "C Ding, L Xie, P Zhu - Multimedia Tools and Applications", "excerpt": "Abstract This paper presents a deep neural network (DNN) approach for head motion synthesis, which can automatically predict head movement of a speaker from his/her speech. Specifically, we realize speech-to-head-motion mapping by learning a DNN from  ...", "url_pdf": null, "num_citations": 2, "cluster_id": "9254979449404373556", "year": "2014", "url_citations": "http://scholar.google.com/scholar?cites=9254979449404373556&as_sdt=2005&sciodt=1,5&hl=en"}, {"num_versions": 0, "url_citation": null, "title": "Silent speech recognition from articulatory movements using deep neural network", "url": "http://scholar.google.com/https://www.internationalphoneticassociation.org/icphs-proceedings/ICPhS2015/Papers/ICPHS0524.pdf", "url_versions": null, "authors": "S Hahm, J Wang - Proc. of the International  \u2026", "excerpt": "ABSTRACT Laryngectomee patients lose their ability to produce speech sounds and suffer in their daily communication. There are currently limited communication options for these patients. Silent speech interfaces (SSIs), which recognize speech from articulatory  ...", "url_pdf": "http://scholar.google.com/https://www.internationalphoneticassociation.org/icphs-proceedings/ICPhS2015/Papers/ICPHS0524.pdf", "num_citations": 3, "cluster_id": "9057505336141124060", "year": "2015", "url_citations": "http://scholar.google.com/scholar?cites=9057505336141124060&as_sdt=2005&sciodt=1,5&hl=en"}, {"num_versions": 11, "url_citation": null, "title": "Exploring convolutional neural network structures and optimization techniques for speech recognition.", "url": "http://research-srv.microsoft.com/pubs/200804/CNN-Interspeech2013_pub.pdf", "url_versions": "http://scholar.google.com/scholar?cluster=2969487650303083097&hl=en&as_sdt=1,5&sciodt=1,5&as_vis=1", "authors": "O Abdel-Hamid, L Deng, D Yu - INTERSPEECH", "excerpt": "Abstract Recently, convolutional neural networks (CNNs) have been shown to outperform the standard fully connected deep neural networks within the hybrid deep neural network/hidden Markov model (DNN/HMM) framework on the phone recognition task. In  ...", "url_pdf": "http://research-srv.microsoft.com/pubs/200804/CNN-Interspeech2013_pub.pdf", "num_citations": 49, "cluster_id": "2969487650303083097", "year": "2013", "url_citations": "http://scholar.google.com/scholar?cites=2969487650303083097&as_sdt=2005&sciodt=1,5&hl=en"}, {"num_versions": 0, "url_citation": null, "title": "Determining an Optimal Set of Flesh Points on Tongue, Lips, and Jaw for Continuous Silent Speech Recognition", "url": "http://www.slpat.org/slpat2015/papers/wang-hahm-mau.pdf", "url_versions": null, "authors": "J Wang, S Hahm, T Mau - ACL/ISCA Workshop on Speech and Language  \u2026", "excerpt": "Abstract Articulatory data have gained increasing interest in speech recognition with or without acoustic data. Electromagnetic articulograph (EMA) is one of the affordable, currently used techniques for tracking the movement of flesh points on articulators (eg, tongue)  ...", "url_pdf": "http://www.slpat.org/slpat2015/papers/wang-hahm-mau.pdf", "num_citations": 1, "cluster_id": "13299220389391533035", "year": "2015", "url_citations": "http://scholar.google.com/scholar?cites=13299220389391533035&as_sdt=2005&sciodt=1,5&hl=en"}, {"num_versions": 11, "url_citation": null, "title": "A deep convolutional neural network using heterogeneous pooling for trading acoustic invariance with phonetic confusion", "url": "http://ieeexplore.ieee.org/xpls/abs_all.jsp?arnumber=6638952", "url_versions": "http://scholar.google.com/scholar?cluster=6202733932875270331&hl=en&as_sdt=1,5&sciodt=1,5&as_vis=1", "authors": "L Deng, O Abdel-Hamid, D Yu - Acoustics, Speech and Signal  \u2026", "excerpt": "ABSTRACT We develop and present a novel deep convolutional neural network architecture, where heterogeneous pooling is used to provide constrained frequency-shift invariance in the speech spectrogram while minimizing speech-class confusion induced  ...", "url_pdf": null, "num_citations": 42, "cluster_id": "6202733932875270331", "year": "2013", "url_citations": "http://scholar.google.com/scholar?cites=6202733932875270331&as_sdt=2005&sciodt=1,5&hl=en"}, {"num_versions": 4, "url_citation": null, "title": "Energy-efficient vision on the PULP platform for ultra-low power parallel computing", "url": "http://ieeexplore.ieee.org/xpls/abs_all.jsp?arnumber=6986099", "url_versions": "http://scholar.google.com/scholar?cluster=9582033487691369151&hl=en&as_sdt=1,5&sciodt=1,5&as_vis=1", "authors": "F Conti, D Rossi, A Pullini, I Loi\u2026 - \u2026  Systems (SiPS)", "excerpt": "Abstract\u2014Many-core architectures structured as fabrics of tightly-coupled clusters have shown promising results on embedded computer vision benchmarks, providing state-of-art performance with a reduced power budget. We propose PULP (Parallel processing Ultra- ...", "url_pdf": null, "num_citations": 5, "cluster_id": "9582033487691369151", "year": "2014", "url_citations": "http://scholar.google.com/scholar?cites=9582033487691369151&as_sdt=2005&sciodt=1,5&hl=en"}, {"num_versions": 3, "url_citation": null, "title": "A tutorial survey of architectures, algorithms, and applications for deep learning", "url": "http://journals.cambridge.org/abstract_S2048770313000097", "url_versions": "http://scholar.google.com/scholar?cluster=4381743472348703222&hl=en&as_sdt=1,5&sciodt=1,5&as_vis=1", "authors": "L Deng - APSIPA Transactions on Signal and Information  \u2026", "excerpt": "Abstract In this invited paper, my overview material on the same topic as presented in the plenary overview session of APSIPA-2011 and the tutorial material presented in the same conference [1] are expanded and updated to include more recent developments in deep  ...", "url_pdf": null, "num_citations": 18, "cluster_id": "4381743472348703222", "year": "2014", "url_citations": "http://scholar.google.com/scholar?cites=4381743472348703222&as_sdt=2005&sciodt=1,5&hl=en"}, {"num_versions": 5, "url_citation": null, "title": "Eye gaze for spoken language understanding in multi-modal conversational interactions", "url": "http://dl.acm.org/citation.cfm?id=2663277", "url_versions": "http://scholar.google.com/scholar?cluster=9248264198720886085&hl=en&as_sdt=1,5&sciodt=1,5&as_vis=1", "authors": "D Hakkani-T\u00fcr, M Slaney, A Celikyilmaz\u2026 - Proceedings of the 16th  \u2026", "excerpt": "Abstract When humans converse with each other, they naturally amalgamate information from multiple modalities (ie, speech, gestures, speech prosody, facial expressions, and eye gaze). This paper focuses on eye gaze and its combination with speech. We develop a  ...", "url_pdf": null, "num_citations": 5, "cluster_id": "9248264198720886085", "year": "2014", "url_citations": "http://scholar.google.com/scholar?cites=9248264198720886085&as_sdt=2005&sciodt=1,5&hl=en"}, {"num_versions": 0, "url_citation": null, "title": "Constrained markov bayesian polynomial for efficient dialogue state tracking", "url": "http://ieeexplore.ieee.org/xpls/abs_all.jsp?arnumber=7214235", "url_versions": null, "authors": "K Yu, K Sun, L Chen, S Zhu -", "excerpt": "Abstract\u2014Dialogue state tracking (DST) is a process to estimate the distribution of the dialogue states at each dialogue turn given the interaction history. Although data-driven statistical approaches are of most interest, there have been attempts of using rule-based  ...", "url_pdf": null, "num_citations": 2, "cluster_id": "10575869958432693823", "year": "2015", "url_citations": "http://scholar.google.com/scholar?cites=10575869958432693823&as_sdt=2005&sciodt=1,5&hl=en"}, {"num_versions": 0, "url_citation": null, "title": "Recurrent neural networks and related models", "url": "http://link.springer.com/chapter/10.1007/978-1-4471-5779-3_13", "url_versions": null, "authors": "D Yu, L Deng - Automatic Speech Recognition", "excerpt": "Abstract A recurrent neural network (RNN) is a class of neural network models where many connections among its neurons form a directed cycle. This gives rise to the structure of internal states or memory in the RNN, endowing it with the dynamic temporal behavior not  ...", "url_pdf": null, "num_citations": 2, "cluster_id": "2000137079705205072", "year": "2015", "url_citations": "http://scholar.google.com/scholar?cites=2000137079705205072&as_sdt=2005&sciodt=1,5&hl=en"}, {"num_versions": 3, "url_citation": null, "title": "Ensemble learning approaches in speech recognition", "url": "http://link.springer.com/chapter/10.1007/978-1-4939-1456-2_5", "url_versions": "http://scholar.google.com/scholar?cluster=11571503955201540298&hl=en&as_sdt=1,5&sciodt=1,5&as_vis=1", "authors": "Y Zhao, J Xue, X Chen - Speech and Audio Processing for Coding,  \u2026", "excerpt": "Abstract An overview is made on the ensemble learning efforts that have emerged in automatic speech recognition in recent years. The approaches that are based on different machine learning techniques and target various levels and components of speech  ...", "url_pdf": null, "num_citations": 1, "cluster_id": "11571503955201540298", "year": "2015", "url_citations": "http://scholar.google.com/scholar?cites=11571503955201540298&as_sdt=2005&sciodt=1,5&hl=en"}, {"num_versions": 12, "url_citation": null, "title": "Deep segmental neural networks for speech recognition.", "url": "http://www.msr-waypoint.com/pubs/194275/SegmentalNN.pdf", "url_versions": "http://scholar.google.com/scholar?cluster=13937263443448198895&hl=en&as_sdt=1,5&sciodt=1,5&as_vis=1", "authors": "O Abdel-Hamid, L Deng, D Yu, H Jiang - INTERSPEECH", "excerpt": "Abstract Hybrid systems which integrate the deep neural network (DNN) and hidden Markov model (HMM) have recently achieved remarkable performance in many large vocabulary speech recognition tasks. These systems, however, remain to rely on the HMM and  ...", "url_pdf": "http://www.msr-waypoint.com/pubs/194275/SegmentalNN.pdf", "num_citations": 8, "cluster_id": "13937263443448198895", "year": "2013", "url_citations": "http://scholar.google.com/scholar?cites=13937263443448198895&as_sdt=2005&sciodt=1,5&hl=en"}, {"num_versions": 0, "url_citation": null, "title": "How Can Deep Rectifier Networks Achieve Linear Separability and Preserve Distances?", "url": "http://machinelearning.wustl.edu/mlpapers/paper_files/icml2015_an15.pdf", "url_versions": null, "authors": "S An, F Boussaid\u2026 - Proceedings of the  \u2026", "excerpt": "Abstract This paper investigates how hidden layers of deep rectifier networks are capable of transforming two or more pattern sets to be linearly separable while preserving the distances with a guaranteed degree, and proves the universal classification power of such distance  ...", "url_pdf": "http://machinelearning.wustl.edu/mlpapers/paper_files/icml2015_an15.pdf", "num_citations": 1, "cluster_id": "6742148970318459037", "year": "2015", "url_citations": "http://scholar.google.com/scholar?cites=6742148970318459037&as_sdt=2005&sciodt=1,5&hl=en"}, {"num_versions": 3, "url_citation": null, "title": "Neural network based pitch tracking in very noisy speech", "url": "http://ieeexplore.ieee.org/xpls/abs_all.jsp?arnumber=6923432", "url_versions": "http://scholar.google.com/scholar?cluster=14238954344902120033&hl=en&as_sdt=1,5&sciodt=1,5&as_vis=1", "authors": "K Han, DL Wang - Audio, Speech, and Language Processing,  \u2026", "excerpt": "Abstract\u2014Pitch determination is a fundamental problem in speech processing, which has been studied for decades. However, it is challenging to determinate pitch in strong noise because the harmonic structure is corrupted. In this paper, we estimate pitch using  ...", "url_pdf": null, "num_citations": 2, "cluster_id": "14238954344902120033", "year": "2014", "url_citations": "http://scholar.google.com/scholar?cites=14238954344902120033&as_sdt=2005&sciodt=1,5&hl=en"}, {"num_versions": 9, "url_citation": null, "title": "The relation of eye gaze and face pose: Potential impact on speech recognition", "url": "http://dl.acm.org/citation.cfm?id=2663251", "url_versions": "http://scholar.google.com/scholar?cluster=15377925055469539906&hl=en&as_sdt=1,5&sciodt=1,5&as_vis=1", "authors": "M Slaney, A Stolcke, D Hakkani-T\u00fcr - Proceedings of the 16th  \u2026", "excerpt": "Abstract We are interested in using context to improve speech recognition and speech understanding. Knowing what the user is attending to visually helps us predict their utterances and thus makes speech recognition easier. Eye gaze is one way to access this  ...", "url_pdf": null, "num_citations": 4, "cluster_id": "15377925055469539906", "year": "2014", "url_citations": "http://scholar.google.com/scholar?cites=15377925055469539906&as_sdt=2005&sciodt=1,5&hl=en"}, {"num_versions": 2, "url_citation": null, "title": "Improving deep neural network acoustic models using unlabeled data", "url": "http://ieeexplore.ieee.org/xpls/abs_all.jsp?arnumber=6625314", "url_versions": "http://scholar.google.com/scholar?cluster=9802520293660712196&hl=en&as_sdt=1,5&sciodt=1,5&as_vis=1", "authors": "M Cai, WQ Zhang, J Liu - Signal and Information Processing ( \u2026", "excerpt": "ABSTRACT The Context-Dependent Deep-Neural-Network HMM, or CD-DNN-HMM, is a powerful acoustic modeling technique. Its training process typically involves unsupervised pre-training and supervised fine-tuning. In the paper, we demonstrate that the  ...", "url_pdf": null, "num_citations": 2, "cluster_id": "9802520293660712196", "year": "2013", "url_citations": "http://scholar.google.com/scholar?cites=9802520293660712196&as_sdt=2005&sciodt=1,5&hl=en"}, {"num_versions": 9, "url_citation": null, "title": "Singular value decomposition based low-footprint speaker adaptation and personalization for deep neural network", "url": "http://ieeexplore.ieee.org/xpls/abs_all.jsp?arnumber=6854828", "url_versions": "http://scholar.google.com/scholar?cluster=12937110777763250460&hl=en&as_sdt=1,5&sciodt=1,5&as_vis=1", "authors": "J Xue, J Li, D Yu, M Seltzer\u2026 - Acoustics, Speech and  \u2026", "excerpt": "ABSTRACT The large number of parameters in deep neural networks (DNN) for automatic speech recognition (ASR) makes speaker adaptation very challenging. It also limits the use of speaker personalization due to the huge storage cost in large-scale deployments. In  ...", "url_pdf": null, "num_citations": 19, "cluster_id": "12937110777763250460", "year": "2014", "url_citations": "http://scholar.google.com/scholar?cites=12937110777763250460&as_sdt=2005&sciodt=1,5&hl=en"}, {"num_versions": 11, "url_citation": null, "title": "Towards Better Performance with Heterogeneous Training Data in Acoustic Modeling using Deep Neural Networks", "url": "http://193.6.4.39/%7Eczap/letoltes/IS14/IS2014/PDF/AUTHOR/IS141025.PDF", "url_versions": "http://scholar.google.com/scholar?cluster=567496224202774475&hl=en&as_sdt=1,5&sciodt=1,5&as_vis=1", "authors": "Y Huang, M Slaney, ML Seltzer, Y Gong - Fifteenth Annual Conference of \u2026", "excerpt": "Abstract Modeling heterogeneous data sources remains a fundamental challenge of acoustic modeling in speech recognition. We call this the multi-condition problem because the speech data come from many different conditions. In this paper, we introduce the  ...", "url_pdf": null, "num_citations": 3, "cluster_id": "567496224202774475", "year": "2014", "url_citations": "http://scholar.google.com/scholar?cites=567496224202774475&as_sdt=2005&sciodt=1,5&hl=en"}, {"num_versions": 4, "url_citation": null, "title": "Feature mapping of multiple beamformed sources for robust overlapping speech recognition using a microphone array", "url": "http://ieeexplore.ieee.org/xpls/abs_all.jsp?arnumber=6930804", "url_versions": "http://scholar.google.com/scholar?cluster=944687503557238262&hl=en&as_sdt=1,5&sciodt=1,5&as_vis=1", "authors": "W Li, L Wang, Y Zhou, J Dines\u2026 - Audio, Speech, and  \u2026", "excerpt": "Abstract\u2014This paper introduces a non-linear vector-based feature mapping approach to extract robust features for automatic speech recognition (ASR) of overlapping speech using a microphone array. We explore different configurations and additional sources of  ...", "url_pdf": null, "num_citations": 1, "cluster_id": "944687503557238262", "year": "2014", "url_citations": "http://scholar.google.com/scholar?cites=944687503557238262&as_sdt=2005&sciodt=1,5&hl=en"}, {"num_versions": 9, "url_citation": null, "title": "A comparative analytic study on the gaussian mixture and context dependent deep neural network hidden markov models", "url": "http://research.microsoft.com:8082/pubs/230138/IS140143.PDF", "url_versions": "http://scholar.google.com/scholar?cluster=13278093378881442868&hl=en&as_sdt=1,5&sciodt=1,5&as_vis=1", "authors": "Y Huang, D Yu, C Liu, Y Gong - submitted to the  \u2026", "excerpt": "Abstract We conducted a comparative analytic study on the contextdependent Gaussian mixture hidden Markov model (CD-GMMHMM) and deep neural network hidden Markov model (CDDNN-HMM) with respect to the phone discrimination and the robustness  ...", "url_pdf": null, "num_citations": 12, "cluster_id": "13278093378881442868", "year": "2014", "url_citations": "http://scholar.google.com/scholar?cites=13278093378881442868&as_sdt=2005&sciodt=1,5&hl=en"}, {"num_versions": 8, "url_citation": null, "title": "A primal-dual method for training recurrent neural networks constrained by the echo-state property", "url": "http://arxiv.org/abs/1311.6091", "url_versions": "http://scholar.google.com/scholar?cluster=6487030979241587260&hl=en&as_sdt=1,5&sciodt=1,5&as_vis=1", "authors": "J Chen, L Deng - arXiv preprint arXiv:1311.6091", "excerpt": "Abstract: We present an architecture of a recurrent neural network (RNN) with a fully-connected deep neural network (DNN) as its feature extractor. The RNN is equipped with both causal temporal prediction and non-causal look-ahead, via auto-regression (AR) and  ...", "url_pdf": null, "num_citations": 14, "cluster_id": "6487030979241587260", "year": "2013", "url_citations": "http://scholar.google.com/scholar?cites=6487030979241587260&as_sdt=2005&sciodt=1,5&hl=en"}, {"num_versions": 2, "url_citation": null, "title": "Deep learning of split temporal context for automatic speech recognition", "url": "http://ieeexplore.ieee.org/xpls/abs_all.jsp?arnumber=6854639", "url_versions": "http://scholar.google.com/scholar?cluster=10796847983420024136&hl=en&as_sdt=1,5&sciodt=1,5&as_vis=1", "authors": "M Baccouche, B Besset, P Collen\u2026 - Acoustics, Speech and \u2026", "excerpt": "ABSTRACT This paper follows the recent advances in speech recognition which recommend replacing the standard hybrid GMM/HMM approach by deep neural architectures. These models were shown to drastically improve recognition performances,  ...", "url_pdf": null, "num_citations": 1, "cluster_id": "10796847983420024136", "year": "2014", "url_citations": "http://scholar.google.com/scholar?cites=10796847983420024136&as_sdt=2005&sciodt=1,5&hl=en"}, {"num_versions": 2, "url_citation": null, "title": "Transferring Knowledge from a RNN to a DNN", "url": "http://arxiv.org/abs/1504.01483", "url_versions": "http://scholar.google.com/scholar?cluster=5050349452867843358&hl=en&as_sdt=1,5&sciodt=1,5&as_vis=1", "authors": "W Chan, NR Ke, I Lane - arXiv preprint arXiv:1504.01483", "excerpt": "Abstract: Deep Neural Network (DNN) acoustic models have yielded many state-of-the-art results in Automatic Speech Recognition (ASR) tasks. More recently, Recurrent Neural Network (RNN) models have been shown to outperform DNNs counterparts. However,  ...", "url_pdf": null, "num_citations": 3, "cluster_id": "5050349452867843358", "year": "2015", "url_citations": "http://scholar.google.com/scholar?cites=5050349452867843358&as_sdt=2005&sciodt=1,5&hl=en"}, {"num_versions": 2, "url_citation": null, "title": "Adam: A method for stochastic optimization", "url": "http://arxiv.org/abs/1412.6980", "url_versions": "http://scholar.google.com/scholar?cluster=16194105527543080940&hl=en&as_sdt=1,5&sciodt=1,5&as_vis=1", "authors": "D Kingma, J Ba - arXiv preprint arXiv:1412.6980", "excerpt": "Abstract: We introduce Adam, an algorithm for first-order gradient-based optimization of stochastic objective functions. The method is straightforward to implement and is based an adaptive estimates of lower-order moments of the gradients. The method is  ...", "url_pdf": null, "num_citations": 21, "cluster_id": "16194105527543080940", "year": "2014", "url_citations": "http://scholar.google.com/scholar?cites=16194105527543080940&as_sdt=2005&sciodt=1,5&hl=en"}, {"num_versions": 10, "url_citation": null, "title": "Variable-component deep neural network for robust speech recognition", "url": "http://mazsola.iit.uni-miskolc.hu/%7Eczap/letoltes/IS14/IS2014/PDF/AUTHOR/IS140489.PDF", "url_versions": "http://scholar.google.com/scholar?cluster=9431243805258508511&hl=en&as_sdt=1,5&sciodt=1,5&as_vis=1", "authors": "R Zhao, J Li, Y Gong - Interspeech, September", "excerpt": "Abstract In this paper, we propose variable-component DNN (VCDNN) to improve the robustness of context-dependent deep neural network hidden Markov model (CD-DNN-HMM). This method is inspired by the idea from variable-parameter HMM (VPHMM) in  ...", "url_pdf": null, "num_citations": 3, "cluster_id": "9431243805258508511", "year": "2014", "url_citations": "http://scholar.google.com/scholar?cites=9431243805258508511&as_sdt=2005&sciodt=1,5&hl=en"}, {"num_versions": 5, "url_citation": null, "title": "Artificial Conversations for Chatter Bots Using Knowledge Representation, Learning, and Pragmatics", "url": "http://scholar.google.com/https://repository.unm.edu/handle/1928/24299", "url_versions": "http://scholar.google.com/scholar?cluster=6967307051261981548&hl=en&as_sdt=1,5&sciodt=1,5&as_vis=1", "authors": "C Chakrabarti -", "excerpt": "Chatter bots are software programs that engage in artificial conversations through a text-based input medium. Many businesses have automated their online customer service support by deploying chatter bots. These customer service chatter bots interact with  ...", "url_pdf": null, "num_citations": 1, "cluster_id": "6967307051261981548", "year": "2014", "url_citations": "http://scholar.google.com/scholar?cites=6967307051261981548&as_sdt=2005&sciodt=1,5&hl=en"}, {"num_versions": 11, "url_citation": null, "title": "Speech emotion recognition using deep neural network and extreme learning machine", "url": "http://www.researchgate.net/profile/Ivan_Tashev/publication/267213794_Speech_Emotion_Recognition_Using_Deep_Neural_Network_and_Extreme_Learning_Machine/links/5452d1370cf2bccc49094c8a.pdf", "url_versions": "http://scholar.google.com/scholar?cluster=15388672374912362033&hl=en&as_sdt=1,5&sciodt=1,5&as_vis=1", "authors": "K Han, D Yu, I Tashev - Proceedings of INTERSPEECH, ISCA,  \u2026", "excerpt": "Abstract Speech emotion recognition is a challenging problem partly because it is unclear what features are effective for the task. In this paper we propose to utilize deep neural networks (DNNs) to extract high level features from raw data and show that they are  ...", "url_pdf": "http://www.researchgate.net/profile/Ivan_Tashev/publication/267213794_Speech_Emotion_Recognition_Using_Deep_Neural_Network_and_Extreme_Learning_Machine/links/5452d1370cf2bccc49094c8a.pdf", "num_citations": 9, "cluster_id": "15388672374912362033", "year": "2014", "url_citations": "http://scholar.google.com/scholar?cites=15388672374912362033&as_sdt=2005&sciodt=1,5&hl=en"}, {"num_versions": 4, "url_citation": null, "title": "Deep learning as an opportunity in virtual screening", "url": "http://www.datascienceassn.org/sites/default/files/Deep%20Learning%20as%20an%20Opportunity%20in%20Virtual%20Screening.pdf", "url_versions": "http://scholar.google.com/scholar?cluster=15436735814886956305&hl=en&as_sdt=1,5&sciodt=1,5&as_vis=1", "authors": "T Unterthiner, A Mayr\u2026 - Deep Learning and  \u2026", "excerpt": "Abstract Deep learning excels in vision and speech applications where it pushed the stateof-the-art to a new level. However its impact on other fields remains to be shown. The Merck Kaggle challenge on chemical compound activity was won by Hinton's group with deep  ...", "url_pdf": "http://www.datascienceassn.org/sites/default/files/Deep%20Learning%20as%20an%20Opportunity%20in%20Virtual%20Screening.pdf", "num_citations": 2, "cluster_id": "15436735814886956305", "year": "2014", "url_citations": "http://scholar.google.com/scholar?cites=15436735814886956305&as_sdt=2005&sciodt=1,5&hl=en"}]