[{"num_versions": 6, "url_citation": null, "title": "Epistemolojik inan\u00e7 \u00f6l\u00e7e\u011finin fakt\u00f6r yap\u0131s\u0131n\u0131n yeniden incelenmesi: cinsiyet ve \u00f6\u011frenim g\u00f6r\u00fclen program t\u00fcr\u00fcne g\u00f6re epistemolojik inan\u00e7lar\u0131n kar\u015f\u0131la\u015ft\u0131r\u0131lmas\u0131", "url": "http://www.ejer.com.tr/0DOWNLOAD/pdfler/tr/883260968.pdf", "url_versions": "http://scholar.google.com/scholar?cluster=16771651641677952141&hl=en&as_sdt=1,5&sciodt=1,5&as_vis=1", "authors": "D Deryakulu, \u015e B\u00fcy\u00fck\u00f6zt\u00fcrk - E\u011fitim Ara\u015ft\u0131rmalar\u0131", "excerpt": "\u00d6Z Bu ara\u015ft\u0131rman\u0131n amac\u0131; Epistemolojik \u0130nan\u00e7 \u00d6l\u00e7e\u011finin (E\u0130\u00d6) fakt\u00f6r yap\u0131s\u0131n\u0131 yeniden incelemek ve \u00fcniversite \u00f6\u011frencilerinin epistemolojik inan\u00e7lar\u0131n\u0131n cinsiyet ve \u00f6\u011frenim g\u00f6r\u00fclen program t\u00fcr\u00fc de\u011fi\u015fkenleri a\u00e7\u0131s\u0131ndan farkl\u0131la\u015f\u0131p farkl\u0131la\u015fmad\u0131\u011f\u0131n\u0131 belirlemektir.  ...", "url_pdf": "http://www.ejer.com.tr/0DOWNLOAD/pdfler/tr/883260968.pdf", "num_citations": 55, "cluster_id": "16771651641677952141", "year": "2005", "url_citations": "http://scholar.google.com/scholar?cites=16771651641677952141&as_sdt=2005&sciodt=1,5&hl=en"}, {"num_versions": 3, "url_citation": null, "title": "Structural relationship between TQM practices and learning organisation in Malaysia's manufacturing industry", "url": "http://www.tandfonline.com/doi/abs/10.1080/09537287.2011.642209", "url_versions": "http://scholar.google.com/scholar?cluster=10439658976792217132&hl=en&as_sdt=1,5&sciodt=1,5&as_vis=1", "authors": "VH Lee, KB Ooi, AS Sohal\u2026 - Production planning &  \u2026", "excerpt": "This article investigates the linkage between the total quality management (TQM) practices and the learning organisation (LO) in the manufacturing sector from the context of a developing nation. The empirical data were gathered from 206 Malaysian manufacturing  ...", "url_pdf": null, "num_citations": 12, "cluster_id": "10439658976792217132", "year": "2012", "url_citations": "http://scholar.google.com/scholar?cites=10439658976792217132&as_sdt=2005&sciodt=1,5&hl=en"}, {"num_versions": 7, "url_citation": null, "title": "Relationships between separate and connected knowing and approaches to learning", "url": "http://link.springer.com/article/10.1007/s11199-008-9510-7", "url_versions": "http://scholar.google.com/scholar?cluster=17077646421908896103&hl=en&as_sdt=1,5&sciodt=1,5&as_vis=1", "authors": "H Marrs, SL Benton - Sex roles", "excerpt": "Abstract This study explored whether connected and separate ways of knowing were related to deep and achieving approaches to learning in a sample of White/Caucasian and Mexican-American community college students in the Southwestern and Midwestern United States.  ...", "url_pdf": null, "num_citations": 14, "cluster_id": "17077646421908896103", "year": "2009", "url_citations": "http://scholar.google.com/scholar?cites=17077646421908896103&as_sdt=2005&sciodt=1,5&hl=en"}, {"num_versions": 6, "url_citation": null, "title": "The Adaptation of the Teaching-Learning Conceptions Questionnaire and Its Relationships with Epistemological Beliefs.", "url": "http://eric.ed.gov/?id=EJ919887", "url_versions": "http://scholar.google.com/scholar?cluster=7842984528120478051&hl=en&as_sdt=1,5&sciodt=1,5&as_vis=1", "authors": "A Aypay - Educational Sciences: Theory and Practice", "excerpt": "Abstract The primary purpose of this study was to adapt the Teaching-learning Approaches Questionnaire. The working group of the study consisted of 341 student-teachers. The results indicated that the factor structure is partially consistent with the model. Cronbach  ...", "url_pdf": null, "num_citations": 16, "cluster_id": "7842984528120478051", "year": "2011", "url_citations": "http://scholar.google.com/scholar?cites=7842984528120478051&as_sdt=2005&sciodt=1,5&hl=en"}, {"num_versions": 3, "url_citation": null, "title": "International hospitality management students' epistemological beliefs and conceptions of teaching and learning", "url": "http://www.tandfonline.com/doi/abs/10.1080/10963758.2009.10696951", "url_versions": "http://scholar.google.com/scholar?cluster=9827647372615807923&hl=en&as_sdt=1,5&sciodt=1,5&as_vis=1", "authors": "H Otting, W Zwaal, W Gijselaers - Journal of Hospitality & Tourism  \u2026", "excerpt": "Abstract The aim of this study is to investigate international hospitality management students' beliefs about knowledge and their conceptions of teaching and learning in a problem-based learning environment. Structural Equation Modeling (SEM) was used to investigate the  ...", "url_pdf": null, "num_citations": 5, "cluster_id": "9827647372615807923", "year": "2009", "url_citations": "http://scholar.google.com/scholar?cites=9827647372615807923&as_sdt=2005&sciodt=1,5&hl=en"}, {"num_versions": 8, "url_citation": null, "title": "The relationship between classroom climate variables and student achievement", "url": "http://perweb.firat.edu.tr/personel/yayinlar/fua_35/35_65769.pdf", "url_versions": "http://scholar.google.com/scholar?cluster=8647772574706990748&hl=en&as_sdt=1,5&sciodt=1,5&as_vis=1", "authors": "S Leone -", "excerpt": "The purpose of this mixed methods study was to first analyze quantitative data to identify if a relationship existed between classroom climate variables and student achievement. The quantitative data were taken from Progress Book software in a Northwest Ohio school  ...", "url_pdf": "http://perweb.firat.edu.tr/personel/yayinlar/fua_35/35_65769.pdf", "num_citations": 2, "cluster_id": "8647772574706990748", "year": "2009", "url_citations": "http://scholar.google.com/scholar?cites=8647772574706990748&as_sdt=2005&sciodt=1,5&hl=en"}, {"num_versions": 5, "url_citation": null, "title": "Revisiting the relationships of epistemological beliefs and conceptions about teaching and learning of pre-service teachers in Hong Kong", "url": "http://libir1.ied.edu.hk/dspace/handle/2260.2/9301", "url_versions": "http://scholar.google.com/scholar?cluster=4562313117068994288&hl=en&as_sdt=1,5&sciodt=1,5&as_vis=1", "authors": "KYA WONG\uff0c \u9ec3\u6f54\u5100, KW CHAN, PYM LAI\uff0c \u9ece\u5bf6\u71d5 -", "excerpt": "Epistemological beliefs and conceptions about teaching and learning have been assumed to be associated as both are concerned with knowledge. To ascertain whether and how the two constructs are related, a survey study was conducted with 604 pre-service teacher  ...", "url_pdf": null, "num_citations": 25, "cluster_id": "4562313117068994288", "year": "2009", "url_citations": "http://scholar.google.com/scholar?cites=4562313117068994288&as_sdt=2005&sciodt=1,5&hl=en"}, {"num_versions": 2, "url_citation": null, "title": "Exploring participation in knowledge building: An analysis of online discussions in mainstream and honours social studies courses", "url": "http://summit.sfu.ca/item/2306", "url_versions": "http://scholar.google.com/scholar?cluster=6992963434288365843&hl=en&as_sdt=1,5&sciodt=1,5&as_vis=1", "authors": "H Niu -", "excerpt": "Abstract: Some new instructional approaches that emphasize inquiry involve asynchronous online discussions, but many teachers question to what extent most students in a class participate in such discussions. This thesis e. xamines this issue in the context of  ...", "url_pdf": null, "num_citations": 6, "cluster_id": "6992963434288365843", "year": "2006", "url_citations": "http://scholar.google.com/scholar?cites=6992963434288365843&as_sdt=2005&sciodt=1,5&hl=en"}, {"num_versions": 4, "url_citation": null, "title": "The relationship between learning approaches of prospective teachers and their academic achievement", "url": "http://www.nuraysenemoglu.com/FileUpload/bs678778/File/the_relationship_between_learning_approaches_of_prospective_teachers_and_their_academic_achievement.pdf", "url_versions": "http://scholar.google.com/scholar?cluster=14981818705561876603&hl=en&as_sdt=1,5&sciodt=1,5&as_vis=1", "authors": "E G\u00fcrlen, S Turan\u2026 - Educational Research and  \u2026", "excerpt": "To prepare for future professional challenges, prospective teachers should acquire the capabilities for independent learning. Prospective teachers should know how to learn effectively. In this article, prospective teachers' learning approaches, learning preference  ...", "url_pdf": "http://www.nuraysenemoglu.com/FileUpload/bs678778/File/the_relationship_between_learning_approaches_of_prospective_teachers_and_their_academic_achievement.pdf", "num_citations": 5, "cluster_id": "14981818705561876603", "year": "2013", "url_citations": "http://scholar.google.com/scholar?cites=14981818705561876603&as_sdt=2005&sciodt=1,5&hl=en"}, {"num_versions": 2, "url_citation": null, "title": "Epistemology beliefs about mathematical problem solving among Malaysian students", "url": "http://papers.ssrn.com/sol3/papers.cfm?abstract_id=2159431", "url_versions": "http://scholar.google.com/scholar?cluster=9931761234689349318&hl=en&as_sdt=1,5&sciodt=1,5&as_vis=1", "authors": "N Abedalaziz, SN Akmar - OIDA International Journal of  \u2026", "excerpt": "Abstract: The aim of this study is to investigate student's epistemological beliefs about mathematical problem solving. Specifically, the present study sought answers to the following questions: What is the overall profile of student's epistemological beliefs about  ...", "url_pdf": null, "num_citations": 5, "cluster_id": "9931761234689349318", "year": "2012", "url_citations": "http://scholar.google.com/scholar?cites=9931761234689349318&as_sdt=2005&sciodt=1,5&hl=en"}, {"num_versions": 0, "url_citation": null, "title": "The relationship between learning approaches and academic achievement among intec students, uitm shah alam", "url": "http://www.sciencedirect.com/science/article/pii/S1877042813019526", "url_versions": null, "authors": "HN Hasnor, Z Ahmad, N Nordin - Procedia-Social and Behavioral Sciences", "excerpt": "Abstract Malaysian universities nowadays aspire to produce graduates who are knowledgeable, equipped with problem-solving and critical thinking skills. Hence, educators are constantly striving to find teaching strategies that inculcate meaningful learning among  ...", "url_pdf": null, "num_citations": 5, "cluster_id": "10622608219980656183", "year": "2013", "url_citations": "http://scholar.google.com/scholar?cites=10622608219980656183&as_sdt=2005&sciodt=1,5&hl=en"}, {"num_versions": 3, "url_citation": null, "title": "\u00d6\u011fretmen adaylar\u0131n\u0131n derin ve y\u00fczeysel \u00f6\u011frenme yakla\u015f\u0131mlar\u0131n\u0131n \u00e7e\u015fitli de\u011fi\u015fkenler a\u00e7\u0131s\u0131ndan incelenmesi", "url": "http://scholar.google.com/https://edergi.mehmetakif.edu.tr/index.php/efd/article/viewArticle/515", "url_versions": "http://scholar.google.com/scholar?cluster=1774589036311923858&hl=en&as_sdt=1,5&sciodt=1,5&as_vis=1", "authors": "H \u00d6zg\u00fcr, N Tosun - Mehmet Akif Ersoy \u00dcniversitesi E\u011fitim  \u2026", "excerpt": "\u00d6zet Bu ara\u015ft\u0131rman\u0131n amac\u0131, Bilgisayar ve \u00d6\u011fretim Teknolojileri E\u011fitimi B\u00f6l\u00fcm\u00fc \u00f6\u011fretmen adaylar\u0131n\u0131n, \u00f6\u011frenme yakla\u015f\u0131mlar\u0131 ve bu yakla\u015f\u0131mlar\u0131n cinsiyet, ya\u015f, mezun olunan lise t\u00fcr\u00fc ve s\u0131n\u0131f d\u00fczeyi de\u011fi\u015fkenleri ile olan ili\u015fkisini belirlemektir. Ara\u015ft\u0131rman\u0131n \u00f6rneklemini 2010- ...", "url_pdf": null, "num_citations": 6, "cluster_id": "1774589036311923858", "year": "2012", "url_citations": "http://scholar.google.com/scholar?cites=1774589036311923858&as_sdt=2005&sciodt=1,5&hl=en"}, {"num_versions": 0, "url_citation": null, "title": "T\u00fcrkiye'deki 4, 6 ve 8. S\u0131n\u0131f \u0130lk\u00f6\u011fretim \u00d6\u011frencilerinin Epistemolojik \u0130nan\u00e7lar\u0131", "url": "http://dergipark.ulakbim.gov.tr/ilkonline/article/viewFile/5000037939/5000036797", "url_versions": null, "authors": "Y Boz, M Aydemir, N Aydemir - \u0130lk\u00f6\u011fretim Online", "excerpt": "\u00d6ZET Ama\u00e7 ve \u00d6nem: Bu \u00e7al\u0131\u015fman\u0131n amac\u0131 4, 6 ve 8. s\u0131n\u0131f ilk\u00f6\u011fretim \u00f6\u011frencilerinin epistemolojik inan\u00e7lar\u0131n\u0131 belirleme ve bu inan\u00e7lar\u0131n s\u0131n\u0131f d\u00fczeyine ve cinsiyete g\u00f6re nas\u0131l de\u011fi\u015fti\u011finin ara\u015ft\u0131r\u0131lmas\u0131d\u0131r. \u00d6\u011frencilerin epistemolojik inan\u00e7lar\u0131 ile \u00f6\u011frenmeleri ve  ...", "url_pdf": null, "num_citations": 3, "cluster_id": "18241235675782939056", "year": "2011", "url_citations": "http://scholar.google.com/scholar?cites=18241235675782939056&as_sdt=2005&sciodt=1,5&hl=en"}, {"num_versions": 3, "url_citation": null, "title": "4th, 6th, and 8th Grade Turkish Elementary Students\\'Epistemological Beliefs", "url": "http://dergipark.ulakbim.gov.tr/ilkonline/article/download/5000037939/5000036797", "url_versions": "http://scholar.google.com/scholar?cluster=588765342739550324&hl=en&as_sdt=1,5&sciodt=1,5&as_vis=1", "authors": "Y Boz, M Aydemir, N Aydemir - \u0130lk\u00f6\u011fretim Online", "excerpt": "\u00d6ZET Ama\u00e7 ve \u00d6nem: Bu \u00e7al\u0131\u015fman\u0131n amac\u0131 4, 6 ve 8. s\u0131n\u0131f ilk\u00f6\u011fretim \u00f6\u011frencilerinin epistemolojik inan\u00e7lar\u0131n\u0131 belirleme ve bu inan\u00e7lar\u0131n s\u0131n\u0131f d\u00fczeyine ve cinsiyete g\u00f6re nas\u0131l de\u011fi\u015fti\u011finin ara\u015ft\u0131r\u0131lmas\u0131d\u0131r. \u00d6\u011frencilerin epistemolojik inan\u00e7lar\u0131 ile \u00f6\u011frenmeleri ve  ...", "url_pdf": null, "num_citations": 3, "cluster_id": "588765342739550324", "year": "2011", "url_citations": "http://scholar.google.com/scholar?cites=588765342739550324&as_sdt=2005&sciodt=1,5&hl=en"}, {"num_versions": 2, "url_citation": null, "title": "The meaning of learning and knowing", "url": "http://dspace.library.uu.nl/handle/1874/43866", "url_versions": "http://scholar.google.com/scholar?cluster=12207412002113385501&hl=en&as_sdt=1,5&sciodt=1,5&as_vis=1", "authors": "EJ Van Rossum, RN Hamer -", "excerpt": "The Meaning of Learning and Knowing contains three parts. In part 1 the authors describe their own six-stage developmental model of linked learning and teaching conceptions. This model is based on the written essays of over 600 students of higher education. The  ...", "url_pdf": null, "num_citations": 45, "cluster_id": "12207412002113385501", "year": "2010", "url_citations": "http://scholar.google.com/scholar?cites=12207412002113385501&as_sdt=2005&sciodt=1,5&hl=en"}, {"num_versions": 10, "url_citation": null, "title": "Preservice teacher education students' epistemological beliefs and conceptions about learning", "url": "http://link.springer.com/article/10.1007/s11251-009-9101-1", "url_versions": "http://scholar.google.com/scholar?cluster=8392481275394665003&hl=en&as_sdt=1,5&sciodt=1,5&as_vis=1", "authors": "KW Chan - Instructional Science", "excerpt": "Abstract A questionnaire was administered to 231 Hong Kong preservice teacher education students to examine their epistemological beliefs and conceptions of learning. Pearson correlation analysis showed significant pairs of epistemological beliefs and conceptions of  ...", "url_pdf": null, "num_citations": 21, "cluster_id": "8392481275394665003", "year": "2011", "url_citations": "http://scholar.google.com/scholar?cites=8392481275394665003&as_sdt=2005&sciodt=1,5&hl=en"}, {"num_versions": 2, "url_citation": null, "title": "\u0130lk\u00f6\u011fretim matematik \u00f6\u011fretmen adaylar\u0131n\u0131n epistemolojik kavramlamalar\u0131: \u00fcniversite ve s\u0131n\u0131f d\u00fczeyinin etkisi", "url": "http://dergipark.ulakbim.gov.tr/ilkonline/article/download/5000038313/5000037169", "url_versions": "http://scholar.google.com/scholar?cluster=18077237610064968459&hl=en&as_sdt=1,5&sciodt=1,5&as_vis=1", "authors": "M I\u015f\u0131ksal, GKO Do\u011fan, E \u00c7ak\u0131ro\u011flu - \u0130lk\u00f6\u011fretim Online", "excerpt": "ABSTRACT: The purpose of this study was to identify pre-service elementary mathematics teachers' epistemological conceptions of mathematics and the effect of university and university grade level on these conceptions. Data was collected during the fall semester of  ...", "url_pdf": null, "num_citations": 6, "cluster_id": "18077237610064968459", "year": "2007", "url_citations": "http://scholar.google.com/scholar?cites=18077237610064968459&as_sdt=2005&sciodt=1,5&hl=en"}, {"num_versions": 4, "url_citation": null, "title": "The structural relationship between students' epistemological beliefs and conceptions of teaching and learning", "url": "http://www.tandfonline.com/doi/abs/10.1080/03075070903383203", "url_versions": "http://scholar.google.com/scholar?cluster=2562375469046964477&hl=en&as_sdt=1,5&sciodt=1,5&as_vis=1", "authors": "H Otting, W Zwaal, D Tempelaar\u2026 - Studies in Higher  \u2026", "excerpt": "The aim of the present study was to explore the relationship between students' epistemological beliefs and conceptions of teaching and learning. The results showed that the epistemological beliefs dimension 'learning effort/process' was positively related to the  ...", "url_pdf": null, "num_citations": 34, "cluster_id": "2562375469046964477", "year": "2010", "url_citations": "http://scholar.google.com/scholar?cites=2562375469046964477&as_sdt=2005&sciodt=1,5&hl=en"}, {"num_versions": 8, "url_citation": null, "title": "Looking at Filipino pre-service teachers' value for education through epistemological beliefs about learning and Asian values", "url": "http://papers.ssrn.com/sol3/papers.cfm?abstract_id=1579407", "url_versions": "http://scholar.google.com/scholar?cluster=4294954230705593650&hl=en&as_sdt=1,5&sciodt=1,5&as_vis=1", "authors": "C Magno - The Asia-Pacific Education Researcher", "excerpt": "Abstract: The present study investigated the contribution of epistemological beliefs about learning and Asian values on pre-service teachers' value for education. The relationship of epistemological beliefs and valuing education is based on Schwartz and Bilsky's (1987;  ...", "url_pdf": null, "num_citations": 7, "cluster_id": "4294954230705593650", "year": "2010", "url_citations": "http://scholar.google.com/scholar?cites=4294954230705593650&as_sdt=2005&sciodt=1,5&hl=en"}, {"num_versions": 7, "url_citation": null, "title": "The Development and Construct Validation of the Epistemological Beliefs Survey for Mathematics", "url": "http://scholar.google.com/https://books.google.com/books?hl=en&lr=&id=Gu4faabq-JEC&oi=fnd&pg=PA1&ots=7QWgBUt7mC&sig=JX1nkPvMNetKPY4fYW1aSO5g_Bc", "url_versions": "http://scholar.google.com/scholar?cluster=12450850213444346637&hl=en&as_sdt=1,5&sciodt=1,5&as_vis=1", "authors": "DLW Wheeler -", "excerpt": "Findings and conclusions. The EBSM scores were regressed onto math related variables including mathematics experience, attitudes toward mathematics, and responses to math-based learning scenarios. Statistically significant relationships were documented.  ...", "url_pdf": null, "num_citations": 7, "cluster_id": "12450850213444346637", "year": "2007", "url_citations": "http://scholar.google.com/scholar?cites=12450850213444346637&as_sdt=2005&sciodt=1,5&hl=en"}, {"num_versions": 7, "url_citation": null, "title": "Epistemolojik inan\u00e7lar \u00f6l\u00e7e\u011finin T\u00fcrkiye uyarlamas\u0131 ve \u00f6\u011fretmen adaylar\u0131n\u0131n epistemolojik inan\u00e7lar\u0131n\u0131n incelenmesi", "url": "http://dergipark.ulakbim.gov.tr/ogusbd/article/download/5000080966/5000075233", "url_versions": "http://scholar.google.com/scholar?cluster=8279786128426810550&hl=en&as_sdt=1,5&sciodt=1,5&as_vis=1", "authors": "A Aypay - Eski\u015fehir Osmangazi \u00dcniversitesi Sosyal  \u2026", "excerpt": "\u00d6zet Bu ara\u015ft\u0131rman\u0131n temel amac\u0131, \u00f6\u011fretmen adaylar\u0131n\u0131n epistemolojik inan\u00e7lar\u0131n\u0131 belirlemeye olanak tan\u0131yacak bir \u00f6l\u00e7me arac\u0131n\u0131n T\u00fcrkiye uyarlamas\u0131n\u0131 yapmakt\u0131r. Ara\u015ft\u0131rmada \u00f6\u011fretmen adaylar\u0131n\u0131n epistemolojik inan\u00e7lar\u0131n\u0131n, bu inan\u00e7lar aras\u0131ndaki  ...", "url_pdf": null, "num_citations": 10, "cluster_id": "8279786128426810550", "year": "2011", "url_citations": "http://scholar.google.com/scholar?cites=8279786128426810550&as_sdt=2005&sciodt=1,5&hl=en"}, {"num_versions": 2, "url_citation": null, "title": "Critical thinking, metacognition, and epistemological beliefs", "url": "http://www.researchgate.net/profile/Steve_Wyre2/publication/36710993_Critical_thinking_metacognition_and_epistemological_beliefs/links/54abcb570cf2bce6aa1db90f.pdf", "url_versions": "http://scholar.google.com/scholar?cluster=8432364930057575685&hl=en&as_sdt=1,5&sciodt=1,5&as_vis=1", "authors": "SH Wyre -", "excerpt": "ABSTRACT The purpose of this quantitative, quasi-experimental research was to explore the effect, should any exist, of adding metacognitive enrichment exercises to classes in which critical thinking is an implicit learning objective. Completed Schommer  ...", "url_pdf": "http://www.researchgate.net/profile/Steve_Wyre2/publication/36710993_Critical_thinking_metacognition_and_epistemological_beliefs/links/54abcb570cf2bce6aa1db90f.pdf", "num_citations": 7, "cluster_id": "8432364930057575685", "year": "2007", "url_citations": "http://scholar.google.com/scholar?cites=8432364930057575685&as_sdt=2005&sciodt=1,5&hl=en"}, {"num_versions": 2, "url_citation": null, "title": "Scientific epistemological beliefs, perceptions of constructivist learning environment and attitude towards science as determinants of students approaches to  \u2026", "url": "http://etd.lib.metu.edu.tr/upload/12609091/index.pdf", "url_versions": "http://scholar.google.com/scholar?cluster=9971995307519268320&hl=en&as_sdt=1,5&sciodt=1,5&as_vis=1", "authors": "K \u00d6ZKAL -", "excerpt": "Results of the paired samples t-test showed that the actual learning environments of the students did not adapt their preferences. In fact, students preferred more constructivist learning environments where they have more opportunity to relate science with the real  ...", "url_pdf": "http://etd.lib.metu.edu.tr/upload/12609091/index.pdf", "num_citations": 13, "cluster_id": "9971995307519268320", "year": "2007", "url_citations": "http://scholar.google.com/scholar?cites=9971995307519268320&as_sdt=2005&sciodt=1,5&hl=en"}, {"num_versions": 5, "url_citation": null, "title": "The value of dangerous sport", "url": "http://www.tandfonline.com/doi/pdf/10.1080/00948705.2005.9714667", "url_versions": "http://scholar.google.com/scholar?cluster=1793540243758176809&hl=en&as_sdt=1,5&sciodt=1,5&as_vis=1", "authors": "JS Russell - Journal of the Philosophy of Sport", "excerpt": "If sport requires the development and exercise of physical skills for overcoming unnecessary obstacles, it is hardly surprising that physical danger is found in sporting activity. A moment's reflection, however, reveals that danger is not a necessary element of sport, although it is  ...", "url_pdf": null, "num_citations": 52, "cluster_id": "1793540243758176809", "year": "2005", "url_citations": "http://scholar.google.com/scholar?cites=1793540243758176809&as_sdt=2005&sciodt=1,5&hl=en"}, {"num_versions": 2, "url_citation": null, "title": "Confucian heritage culture learners' and instructors' expectations and preferences in collaborative learning: Convergence or divergence", "url": "http://www.herdsa.org.au/wp-content/uploads/conference/2004/PDF/A055-jt.pdf", "url_versions": "http://scholar.google.com/scholar?cluster=10350327724475420405&hl=en&as_sdt=1,5&sciodt=1,5&as_vis=1", "authors": "KM Tiong, ST Yong - HERDSA Conference", "excerpt": "Abstract: Biggs (1996) notes that Confucian Heritage Culture (CHC) learning environments emphasize on student activity and there exist much cooperative and group work. This is supported by Chan and Watkins (1994) who reported that CHC learners prefer a  ...", "url_pdf": "http://www.herdsa.org.au/wp-content/uploads/conference/2004/PDF/A055-jt.pdf", "num_citations": 9, "cluster_id": "10350327724475420405", "year": "2004", "url_citations": "http://scholar.google.com/scholar?cites=10350327724475420405&as_sdt=2005&sciodt=1,5&hl=en"}, {"num_versions": 0, "url_citation": null, "title": "THE EFFECT OF CLASS PROSPECTIVE TEACHERS'METACOGNITIVE AWARENESS ON CREATING BELIEF OF SELF-EFFICACY AND REALIZING IT.", "url": "http://search.ebscohost.com/login.aspx?direct=true&profile=ehost&scope=site&authtype=crawler&jrnl=20754124&AN=97579296&h=M8OBL986P4Ui61LNiLWZzO8TXYnAq8PvSUDbUvTUqYjdq2W4ZSdeL24pFGza5zlkd05rZ%2FoNnBft4u%2BrkewXkQ%3D%3D&crl=c", "url_versions": null, "authors": "M Gunduz - International Journal of Academic Research", "excerpt": "Abstract The aim of this qualitative study is to reveal whether the class prospective teachers are aware of their metacognitions and to define the prospective pre-school teacher's, who is aware of his metacognition, belief of self-efficacy towards the KPSS (Public Personnel  ...", "url_pdf": null, "num_citations": 2, "cluster_id": "3260670938641228013", "year": "2014", "url_citations": "http://scholar.google.com/scholar?cites=3260670938641228013&as_sdt=2005&sciodt=1,5&hl=en"}, {"num_versions": 6, "url_citation": null, "title": "Hong Kong teacher education students: Epistemological beliefs and their relations with conceptions of learning and learning strategies", "url": "http://repository.ied.edu.hk/dspace/handle/2260.2/9315", "url_versions": "http://scholar.google.com/scholar?cluster=17764392439365533178&hl=en&as_sdt=1,5&sciodt=1,5&as_vis=1", "authors": "KW CHAN -", "excerpt": "A questionnaire was administered to 231 teacher education students of a university in Hong Kong to examine their epistemological beliefs, conceptions of learning, and learning strategies. The three variables were measured respectively using the Epistemological  ...", "url_pdf": null, "num_citations": 44, "cluster_id": "17764392439365533178", "year": "2007", "url_citations": "http://scholar.google.com/scholar?cites=17764392439365533178&as_sdt=2005&sciodt=1,5&hl=en"}, {"num_versions": 4, "url_citation": null, "title": "The Role of Epistemological Beliefs in Hong Kong Pre-service Teachers' Learning", "url": "http://www.ejournals.ph/index.php?journal=TAPER&page=article&op=viewArticle&path%5B%5D=85", "url_versions": "http://scholar.google.com/scholar?cluster=15882398841445811221&hl=en&as_sdt=1,5&sciodt=1,5&as_vis=1", "authors": "KW Chan - The Asia-Pacific Education Researcher", "excerpt": "Abstract Research has shown that epistemological beliefs have significant relations with cognitive and metacognitive variables such as reading comprehension, learning and teaching approaches, learning conceptions and motivation. However, there are few  ...", "url_pdf": null, "num_citations": 14, "cluster_id": "15882398841445811221", "year": "2010", "url_citations": "http://scholar.google.com/scholar?cites=15882398841445811221&as_sdt=2005&sciodt=1,5&hl=en"}, {"num_versions": 8, "url_citation": null, "title": "Pre-service teacher education students' epistemological beliefs and their conceptions of teaching", "url": "http://www.sciencedirect.com/science/article/pii/S0742051X08001728", "url_versions": "http://scholar.google.com/scholar?cluster=15143571254133886766&hl=en&as_sdt=1,5&sciodt=1,5&as_vis=1", "authors": "MMH Cheng, KW Chan, SYF Tang\u2026 - Teaching and Teacher  \u2026", "excerpt": "A study using both quantitative and qualitative methods was conducted in the final year of a Bachelor of Education programme to examine the student-teachers' epistemological beliefs and conceptions of teaching. The results show that most of the student-teachers (i)  ...", "url_pdf": null, "num_citations": 131, "cluster_id": "15143571254133886766", "year": "2009", "url_citations": "http://scholar.google.com/scholar?cites=15143571254133886766&as_sdt=2005&sciodt=1,5&hl=en"}, {"num_versions": 3, "url_citation": null, "title": "The relationship between students' preferred approaches to learning and behaviors during learning: An examination of the process stage of the 3P model", "url": "http://link.springer.com/article/10.1007/s11251-013-9308-z", "url_versions": "http://scholar.google.com/scholar?cluster=12291755096040771897&hl=en&as_sdt=1,5&sciodt=1,5&as_vis=1", "authors": "V Clinton - Instructional Science", "excerpt": "Abstract Student approaches to learning have been a popular area of research in educational psychology. One useful framework for understanding student approaches to learning is through Biggs' presage\u2013process\u2013product model. The purpose of this study is to  ...", "url_pdf": null, "num_citations": 3, "cluster_id": "12291755096040771897", "year": "2014", "url_citations": "http://scholar.google.com/scholar?cites=12291755096040771897&as_sdt=2005&sciodt=1,5&hl=en"}, {"num_versions": 3, "url_citation": null, "title": "Conceptions of learning held by upper primary children in government schools in Brunei Darussalam", "url": "http://eprints.qut.edu.au/30349", "url_versions": "http://scholar.google.com/scholar?cluster=7181601072389631112&hl=en&as_sdt=1,5&sciodt=1,5&as_vis=1", "authors": "JH Jaidin -", "excerpt": "The current study examined the conceptions of learning held by upper primary children in government schools in Brunei. Previous studies have shown that the conceptions of learning held by students influence the ways in which they approach learning tasks and, in turn,  ...", "url_pdf": null, "num_citations": 13, "cluster_id": "7181601072389631112", "year": "2009", "url_citations": "http://scholar.google.com/scholar?cites=7181601072389631112&as_sdt=2005&sciodt=1,5&hl=en"}, {"num_versions": 3, "url_citation": null, "title": "Epistemological beliefs and cultural diversity matters in management education and learning: A critical review and future directions", "url": "http://amle.aom.org/content/13/2/265.short", "url_versions": "http://scholar.google.com/scholar?cluster=7816445379333890541&hl=en&as_sdt=1,5&sciodt=1,5&as_vis=1", "authors": "C Hardy, D Tolhurst - Academy of Management Learning & Education", "excerpt": "Abstract Global business environments and the internationalization of education have positioned management education as a global phenomenon. However, the cultural mixing effects of globalization are complex, with the increasing mobility of academics and  ...", "url_pdf": null, "num_citations": 2, "cluster_id": "7816445379333890541", "year": "2014", "url_citations": "http://scholar.google.com/scholar?cites=7816445379333890541&as_sdt=2005&sciodt=1,5&hl=en"}, {"num_versions": 9, "url_citation": null, "title": "Cross\u2010cultural epistemological orientations to socioscientific issues", "url": "http://onlinelibrary.wiley.com/doi/10.1002/tea.21077/full", "url_versions": "http://scholar.google.com/scholar?cluster=10317872413758855894&hl=en&as_sdt=1,5&sciodt=1,5&as_vis=1", "authors": "DL Zeidler, BC Herman, M Ruzek\u2026 - Journal of Research  \u2026", "excerpt": "Abstract The purpose of this investigation was to examine, from a cross-cultural perspective, students' epistemological patterns of reasoning about socioscientific issues (SSI), and to identify potential interactions of cultural and scientific identity. Mediating factors associated  ...", "url_pdf": null, "num_citations": 16, "cluster_id": "10317872413758855894", "year": "2013", "url_citations": "http://scholar.google.com/scholar?cites=10317872413758855894&as_sdt=2005&sciodt=1,5&hl=en"}, {"num_versions": 4, "url_citation": null, "title": "Singaporean pre-service teachers' beliefs about epistemology, teaching and learning, and technology", "url": "http://www.tandfonline.com/doi/abs/10.1080/13664530.2011.635266", "url_versions": "http://scholar.google.com/scholar?cluster=6196009875803496097&hl=en&as_sdt=1,5&sciodt=1,5&as_vis=1", "authors": "CS Chai, B Wong, T Teo - Teacher Development", "excerpt": "This paper reports a qualitative study on the epistemological beliefs of seven pre-service teachers, their beliefs about learning and teaching, and their perceptions about the use of information and communication technologies (ICT). Findings suggest that the teachers'  ...", "url_pdf": null, "num_citations": 3, "cluster_id": "6196009875803496097", "year": "2011", "url_citations": "http://scholar.google.com/scholar?cites=6196009875803496097&as_sdt=2005&sciodt=1,5&hl=en"}, {"num_versions": 2, "url_citation": null, "title": "The relationship between implicit theories of intelligence, epistemological Beliefs, and the Teaching Practices of In-service Teachers: A Mixed Methods Study", "url": "http://scholar.lib.vt.edu/theses/available/etd-04082011-154026/", "url_versions": "http://scholar.google.com/scholar?cluster=17203889369295292397&hl=en&as_sdt=1,5&sciodt=1,5&as_vis=1", "authors": "CM Epler -", "excerpt": "Abstract The intent of this two-phase, sequential explanatory mixed methods study was to examine the role teachers' beliefs play when making instructional decisions. The population included in-service teachers representing four Career and Technical Education  ...", "url_pdf": null, "num_citations": 9, "cluster_id": "17203889369295292397", "year": "2011", "url_citations": "http://scholar.google.com/scholar?cites=17203889369295292397&as_sdt=2005&sciodt=1,5&hl=en"}, {"num_versions": 3, "url_citation": null, "title": "Creencias epistemol\u00f3gicas de los estudiantes de Pedagog\u00eda y Ciencias de la Educaci\u00f3n", "url": "http://www.uned.es/intervencion_socioeducativa/Juanas/1226-7654-1-PB%281%29[1].pdf", "url_versions": "http://scholar.google.com/scholar?cluster=9883012898677163169&hl=en&as_sdt=1,5&sciodt=1,5&as_vis=1", "authors": "A De Juanas, JA Beltr\u00e1n - Revista de Psicodid\u00e1ctica", "excerpt": "Resumen El art\u00edculo, enmarcado en el momento previo a la entrada del Espacio Europeo de Educaci\u00f3n Superior, presenta un estudio dirigido a conocer en qu\u00e9 medida las creencias epistemol\u00f3gicas de los estudiantes de titulaciones del \u00e1rea de conocimiento de  ...", "url_pdf": "http://www.uned.es/intervencion_socioeducativa/Juanas/1226-7654-1-PB%281%29[1].pdf", "num_citations": 4, "cluster_id": "9883012898677163169", "year": "2012", "url_citations": "http://scholar.google.com/scholar?cites=9883012898677163169&as_sdt=2005&sciodt=1,5&hl=en"}, {"num_versions": 4, "url_citation": null, "title": "A confirmatory factor analysis of the teaching and learning conceptions questionnaire (TLCQ)", "url": "http://www.questia.com/library/journal/1G1-289619981/a-confirmatory-factor-analysis-of-the-teaching-and", "url_versions": "http://scholar.google.com/scholar?cluster=7908343485903583451&hl=en&as_sdt=1,5&sciodt=1,5&as_vis=1", "authors": "S Sahin, H Yilmaz - Journal of Instructional Psychology", "excerpt": "This study examines pre-service teachers' conception about teaching and learning using the perspectives of Traditional Teaching (TT) and Constructivist Teaching (CT). Using the Teaching and Learning Conceptions Questionnaire (TLCQ) by Chan and Elliot (2004),  ...", "url_pdf": null, "num_citations": 4, "cluster_id": "7908343485903583451", "year": "2011", "url_citations": "http://scholar.google.com/scholar?cites=7908343485903583451&as_sdt=2005&sciodt=1,5&hl=en"}, {"num_versions": 7, "url_citation": null, "title": "The Investigation of the Epistemological Beliefs of University Students According to Gender, Grade, Fields of Study, Academic Success and Their Learning Styles.", "url": "http://eric.ed.gov/?id=EJ978434", "url_versions": "http://scholar.google.com/scholar?cluster=6870613508966227123&hl=en&as_sdt=1,5&sciodt=1,5&as_vis=1", "authors": "S Tumkaya - Educational Sciences: Theory and Practice", "excerpt": "Abstract The aim of this study is to investigate the epistemological beliefs of university students according to their genders, classes, fields of Study, academic success and learning styles. This study was carried out with 246 females and 242 males, in total 488 university  ...", "url_pdf": null, "num_citations": 13, "cluster_id": "6870613508966227123", "year": "2012", "url_citations": "http://scholar.google.com/scholar?cites=6870613508966227123&as_sdt=2005&sciodt=1,5&hl=en"}]