[{"num_versions": 3, "url_citation": null, "title": "Writing in high school/writing in college: Research trends and future directions", "url": "http://www.jstor.org/stable/27917889", "url_versions": "http://scholar.google.com/scholar?cluster=14796784421819211966&hl=en&as_sdt=1,5&sciodt=1,5&as_vis=1", "authors": "J Addison, SJ McGee - College Composition and Communication", "excerpt": "This article synthesizes and extends data from some of the most prominent and promising large-scale research projects in writing studies while also presenting results from the authors' own research. By juxtaposing these studies, the authors offer a complex  ...", "url_pdf": null, "num_citations": 37, "cluster_id": "14796784421819211966", "year": "2010", "url_citations": "http://scholar.google.com/scholar?cites=14796784421819211966&as_sdt=2005&sciodt=1,5&hl=en"}, {"num_versions": 2, "url_citation": null, "title": "A Study of Asian Students' Perceptions of Learning Strategies and Related Issues in UK Based Higher Education Institutions", "url": "http://eprints.worc.ac.uk/3584/", "url_versions": "http://scholar.google.com/scholar?cluster=1426593550823455839&hl=en&as_sdt=1,5&sciodt=1,5&as_vis=1", "authors": "A Bakar -", "excerpt": "Research on the experiences of East Asian students 'learning in the UK is growing because a large number of Chinese origin students come to Britain for higher education (HE). In recent years the number of South Asian students from India and Pakistan has also  ...", "url_pdf": null, "num_citations": 0, "cluster_id": null, "year": "2013", "url_citations": null}, {"num_versions": 0, "url_citation": null, "title": "A grounded theory of attributes of the college classroom that contribute to social and cultural identity development", "url": "http://scholar.google.com/https://books.google.com/books?hl=en&lr=&id=mWQTI9K70IYC&oi=fnd&pg=PR3&ots=J5mUOmgJhR&sig=4zdnEoROZx6mq6ylnp6oOOHmqBw", "url_versions": null, "authors": "GMT Stubrud -", "excerpt": "In broad strokes, the theory I developed is anchored in the proposition that college classrooms that contribute positively to the social and cultural identity development of students are those in which students, faculty, and administrators are committed not only to  ...", "url_pdf": null, "num_citations": 1, "cluster_id": "13212110691215865984", "year": "2007", "url_citations": "http://scholar.google.com/scholar?cites=13212110691215865984&as_sdt=2005&sciodt=1,5&hl=en"}]