[{"num_versions": 3, "url_citation": null, "title": "Customizing online information: How learning style, content delivery and pre-instructional strategy affect recall and satisfaction", "url": "http://scholar.google.com/https://etd.ohiolink.edu/%21etd.send_file?accession=osu1118837903&disposition=inline", "url_versions": "http://scholar.google.com/scholar?cluster=4536601552005240273&hl=en&as_sdt=1,5&sciodt=1,5&as_vis=1", "authors": "LJ Cooper -", "excerpt": "ABSTRACT How people understand and learn information is changing due to an increased reliance on technology. The Internet is creating a complex environment where the lines between media and information are blurring. This switch can be seen in mass media,  ...", "url_pdf": null, "num_citations": 2, "cluster_id": "4536601552005240273", "year": "2005", "url_citations": "http://scholar.google.com/scholar?cites=4536601552005240273&as_sdt=2005&sciodt=1,5&hl=en"}, {"num_versions": 3, "url_citation": null, "title": "Preferred learning styles among prospective research methodology course students at Taibah University, Saudi Arabia", "url": "http://journals.lww.com/ephaj/Abstract/2013/04000/Preferred_learning_styles_among_prospective.2.aspx", "url_versions": "http://scholar.google.com/scholar?cluster=13652734049884254179&hl=en&as_sdt=1,5&sciodt=1,5&as_vis=1", "authors": "AR Abdallah, A Al-zalabani\u2026 - The Journal Of The  \u2026", "excerpt": "Background: Knowledge of students' preferred learning styles is important while developing teaching strategies that influence student commitment during the course. The VARK questionnaire is one of the commonly used learning style inventories. Objectives: The aim  ...", "url_pdf": null, "num_citations": 2, "cluster_id": "13652734049884254179", "year": "2013", "url_citations": "http://scholar.google.com/scholar?cites=13652734049884254179&as_sdt=2005&sciodt=1,5&hl=en"}, {"num_versions": 3, "url_citation": null, "title": "Style over substance? A review of the evidence base for the use of learning styles in probation", "url": "http://crj.sagepub.com/content/6/2/239.short", "url_versions": "http://scholar.google.com/scholar?cluster=17973131083204256346&hl=en&as_sdt=1,5&sciodt=1,5&as_vis=1", "authors": "J Annison - Criminology and Criminal Justice", "excerpt": "Abstract The implementation of the What Works agenda within probation has brought about the development and delivery of a suite of accredited programmes in relation to work with offenders. The accreditation criteria emphasize the evidence-based nature of these  ...", "url_pdf": null, "num_citations": 11, "cluster_id": "17973131083204256346", "year": "2006", "url_citations": "http://scholar.google.com/scholar?cites=17973131083204256346&as_sdt=2005&sciodt=1,5&hl=en"}, {"num_versions": 4, "url_citation": null, "title": "An exploratory study of undergraduate students' learning styles", "url": "http://holocron.lib.auburn.edu/handle/10415/1180", "url_versions": "http://scholar.google.com/scholar?cluster=4578278092670598411&hl=en&as_sdt=1,5&sciodt=1,5&as_vis=1", "authors": "P Pallapu -", "excerpt": "Learning and learning styles have become two major fields that draw the attention of several researchers (Dunn & Dunn, 1986; Keefe, 1987; Kolb & Kolb, 2003; Koch, 1998; Lemire, 2000; Riding & Cheema, 1991). Learning is an ongoing process and occurs in different  ...", "url_pdf": null, "num_citations": 10, "cluster_id": "4578278092670598411", "year": "2008", "url_citations": "http://scholar.google.com/scholar?cites=4578278092670598411&as_sdt=2005&sciodt=1,5&hl=en"}, {"num_versions": 2, "url_citation": null, "title": "Towards inclusion", "url": "http://www.includ-ed.eu/sites/default/files/documents/towards_inclusion_teacher_learning_in_co-teaching_anna_rytivaara.pdf", "url_versions": "http://scholar.google.com/scholar?cluster=15519643041286008488&hl=en&as_sdt=1,5&sciodt=1,5&as_vis=1", "authors": "A Rytivaara - Teacher learning in co-teaching. Jyv\u00e4skyl\u00e4 Studies on  \u2026", "excerpt": "Academic dissertation to be publicly discussed, by permission of the Faculty of Education of the University of Jyv\u00e4skyl\u00e4, in the university main building, hall C5, on November 16, 2012 at 12 o'clock noon.   ... JYV\u00c4SKYL\u00c4 STUDIES IN EDUCATION, PSYCHOLOGY AND SOCIAL  ... ", "url_pdf": "http://www.includ-ed.eu/sites/default/files/documents/towards_inclusion_teacher_learning_in_co-teaching_anna_rytivaara.pdf", "num_citations": 16, "cluster_id": "15519643041286008488", "year": "2012", "url_citations": "http://scholar.google.com/scholar?cites=15519643041286008488&as_sdt=2005&sciodt=1,5&hl=en"}, {"num_versions": 0, "url_citation": null, "title": "Learning styles research: Understanding how teaching should be impacted by the way learners learn part III: Understanding how learners' personality styles impact  \u2026", "url": "http://search.proquest.com/openview/4caa00c6a0769cfec7e8d13eb6ea5765/1?pq-origsite=gscholar", "url_versions": null, "authors": "MF Williamson, RL Watson - Christian Education Journal", "excerpt": "Abstract Over the years, educators have asked questions about how people learn. In this series of articles, the importance of learning styles has been explored from both the instructors' and students' perspectives. In this third and final article, the correlation  ...", "url_pdf": null, "num_citations": 21, "cluster_id": "18423688639097961863", "year": "2007", "url_citations": "http://scholar.google.com/scholar?cites=18423688639097961863&as_sdt=2005&sciodt=1,5&hl=en"}, {"num_versions": 9, "url_citation": null, "title": "Do We Practice What We Preach? The Teaching Practices of Inclusive Educators in Tertiary Settings.", "url": "http://eric.ed.gov/?id=EJ930141", "url_versions": "http://scholar.google.com/scholar?cluster=16084546045917314284&hl=en&as_sdt=1,5&sciodt=1,5&as_vis=1", "authors": "A Reupert, B Hemmings, J Connors - \u2026  Journal of Teaching and Learning in  \u2026", "excerpt": "In this study, the practices and views of lecturers who teach inclusive education to trainee primary school teachers are examined in relation to their own inclusive teaching practices as they pertain to working with students with a disability. This examination draws on interview  ...", "url_pdf": null, "num_citations": 3, "cluster_id": "16084546045917314284", "year": "2010", "url_citations": "http://scholar.google.com/scholar?cites=16084546045917314284&as_sdt=2005&sciodt=1,5&hl=en"}, {"num_versions": 5, "url_citation": null, "title": "Mastering precepting: a nurse's handbook for success", "url": "http://scholar.google.com/https://books.google.com/books?hl=en&lr=&id=Y8QFh1qle-cC&oi=fnd&pg=PA1948&ots=MWmNFRv7kk&sig=ysGo9Lo_Q-jqri4_5v-7ONKH4I4", "url_versions": "http://scholar.google.com/scholar?cluster=13272560215532420794&hl=en&as_sdt=1,5&sciodt=1,5&as_vis=1", "authors": "B Ulrich, ME Mancini -", "excerpt": "Nurse Preceptors have the power to make or break a career, and good ones can inspire a nurse to achieve greatness. But effective precepting programs depend on two critical groups-the nurses who support, teach and coach and the nurses who organize and manage the  ...", "url_pdf": null, "num_citations": 6, "cluster_id": "13272560215532420794", "year": "2012", "url_citations": "http://scholar.google.com/scholar?cites=13272560215532420794&as_sdt=2005&sciodt=1,5&hl=en"}, {"num_versions": 0, "url_citation": null, "title": "Student perceptions on self-development variables in selected community college study abroad programs: A quantitative study using Chickering's theory of  \u2026", "url": "http://etd.fcla.edu/UF/UFE0015629/drexler_d.pdf", "url_versions": null, "authors": "DS Drexler -", "excerpt": "There was an 8.5% increase in US students receiving credit for study abroad in academic year 2002/03, which represents significantly stronger growth than the previous year's 4.4% increase. This increase remains a strong indicator of the tremendous interest in study  ...", "url_pdf": "http://etd.fcla.edu/UF/UFE0015629/drexler_d.pdf", "num_citations": 4, "cluster_id": "6484642114971045336", "year": "2006", "url_citations": "http://scholar.google.com/scholar?cites=6484642114971045336&as_sdt=2005&sciodt=1,5&hl=en"}, {"num_versions": 6, "url_citation": null, "title": "Learning and e\u2010learning in HE: the relationship between student learning style and VLE use", "url": "http://www.tandfonline.com/doi/abs/10.1080/02671520701651797", "url_versions": "http://scholar.google.com/scholar?cluster=15123001118775560492&hl=en&as_sdt=1,5&sciodt=1,5&as_vis=1", "authors": "C Heaton\u2010Shrestha, C Gipps\u2026 - Research Papers in  \u2026", "excerpt": "The article addresses the issue of whether student learning style has an impact on use of a learning technology such as a virtual learning environment (VLE). It is based on material from a broader research project at a UK university (Kingston University) on the use of  ...", "url_pdf": null, "num_citations": 42, "cluster_id": "15123001118775560492", "year": "2007", "url_citations": "http://scholar.google.com/scholar?cites=15123001118775560492&as_sdt=2005&sciodt=1,5&hl=en"}, {"num_versions": 3, "url_citation": null, "title": "Mapping the complexity of forensic science: implications for forensic science education", "url": "http://vuir.vu.edu.au/17880/", "url_versions": "http://scholar.google.com/scholar?cluster=18002903944711202617&hl=en&as_sdt=1,5&sciodt=1,5&as_vis=1", "authors": "AN Samarji -", "excerpt": "Over the past two decades the field of forensic science has experienced a remarkable development and a substantially enhanced public profile. The prominence of forensic science has resulted from scientific and technological advances, increased reliance of law  ...", "url_pdf": null, "num_citations": 3, "cluster_id": "18002903944711202617", "year": "2010", "url_citations": "http://scholar.google.com/scholar?cites=18002903944711202617&as_sdt=2005&sciodt=1,5&hl=en"}, {"num_versions": 4, "url_citation": null, "title": "Rationales of Providing Adaptive Educational Systems in Enhancing Different Learning Style Students\u201f Reading Comprehension Abilities", "url": "http://210.60.31.132/ajhis/no4/02-his07009.pdf", "url_versions": "http://scholar.google.com/scholar?cluster=11935534097759932053&hl=en&as_sdt=1,5&sciodt=1,5&as_vis=1", "authors": "P HSIEH, RC Shouse, W Chen - Asian Journal of Health and  \u2026", "excerpt": "ABSTRACT This paper relates individual learning differences to possible ways of developing adaptive systems for educational uses. We first conducted a literature review to discuss how past researchers applied information processing theory in their studies to  ...", "url_pdf": "http://210.60.31.132/ajhis/no4/02-his07009.pdf", "num_citations": 3, "cluster_id": "11935534097759932053", "year": "2007", "url_citations": "http://scholar.google.com/scholar?cites=11935534097759932053&as_sdt=2005&sciodt=1,5&hl=en"}, {"num_versions": 4, "url_citation": null, "title": "The impact of sensory learning modalities on children's sensitivity to sensory cues in the perception of their school environment", "url": "http://www.sciencedirect.com/science/article/pii/S0272494412000114", "url_versions": "http://scholar.google.com/scholar?cluster=3384476590332902496&hl=en&as_sdt=1,5&sciodt=1,5&as_vis=1", "authors": "L Mahdjoubi, R Akplotsyi - Journal of Environmental Psychology", "excerpt": "Learning style models recognised that individuals differ in the sense learning modality of stimuli from which they best absorb, retain and process new information. The effect of sensory learning modalities on individual children's sensitivity to sensory cues has so far  ...", "url_pdf": null, "num_citations": 7, "cluster_id": "3384476590332902496", "year": "2012", "url_citations": "http://scholar.google.com/scholar?cites=3384476590332902496&as_sdt=2005&sciodt=1,5&hl=en"}, {"num_versions": 3, "url_citation": null, "title": "Learning styles of teacher candidates: A sample of Firat University", "url": "http://www.academicjournals.org/article/article1380697833_Kazu.pdf", "url_versions": "http://scholar.google.com/scholar?cluster=17480652894525527650&hl=en&as_sdt=1,5&sciodt=1,5&as_vis=1", "authors": "IY Kazu - African Journal of Business Management", "excerpt": "The aim of the present study is to detect the learning styles of teacher candidates who receive training in the Faculty of Education at Firat University in Turkey. The study is conducted on 446 teacher candidates who are in the first and fourth years in the  ...", "url_pdf": "http://www.academicjournals.org/article/article1380697833_Kazu.pdf", "num_citations": 5, "cluster_id": "17480652894525527650", "year": "2010", "url_citations": "http://scholar.google.com/scholar?cites=17480652894525527650&as_sdt=2005&sciodt=1,5&hl=en"}, {"num_versions": 6, "url_citation": null, "title": "Our flexible friend: The implications of individual differences for information technology teaching", "url": "http://www.sciencedirect.com/science/article/pii/S0360131505000035", "url_versions": "http://scholar.google.com/scholar?cluster=10400941960827688725&hl=en&as_sdt=1,5&sciodt=1,5&as_vis=1", "authors": "SJ Waite, S Wheeler, C Bromfield - Computers & Education", "excerpt": "In this article, we report the observed differential uptake and use of computer programs and activities of seven boys and girls of high, medium and low attainment in a classroom in the UK where over 40 children aged 10 and 11 have a networked PC on their desk all day  ...", "url_pdf": null, "num_citations": 29, "cluster_id": "10400941960827688725", "year": "2007", "url_citations": "http://scholar.google.com/scholar?cites=10400941960827688725&as_sdt=2005&sciodt=1,5&hl=en"}, {"num_versions": 4, "url_citation": null, "title": "A Manifesto on Mobile Computing in Geographic Education*", "url": "http://www.tandfonline.com/doi/abs/10.1111/j.1467-9272.2005.00495.x", "url_versions": "http://scholar.google.com/scholar?cluster=5858755715384484684&hl=en&as_sdt=1,5&sciodt=1,5&as_vis=1", "authors": "MP Armstrong, DA Bennett - The Professional Geographer", "excerpt": "Abstract Mobile, location-aware computing technology is widely available. In this article we sketch out a manifesto on mobile computing in geographic education (MoGeo) for consideration and debate within the geographic community. At the core of our argument is  ...", "url_pdf": null, "num_citations": 38, "cluster_id": "5858755715384484684", "year": "2005", "url_citations": "http://scholar.google.com/scholar?cites=5858755715384484684&as_sdt=2005&sciodt=1,5&hl=en"}, {"num_versions": 4, "url_citation": null, "title": "The effect of following learning style pathways on learning and satisfaction in online biology laboratories for non-science-major undergraduates", "url": "http://www.trtrifilo.com/SoftChalk%20Lessons/Ritschel-Trifilo_dissertation.pdf", "url_versions": "http://scholar.google.com/scholar?cluster=5078756098093588747&hl=en&as_sdt=1,5&sciodt=1,5&as_vis=1", "authors": "PM Ritschel-Trifilo -", "excerpt": "Abstract Learning is a biological process involving horizontal and vertical synapse formations in the brain resulting in established neuronal pathways. Each learner has a unique biological makeup resulting in individual approaches to acquire, understand, and  ...", "url_pdf": "http://www.trtrifilo.com/SoftChalk%20Lessons/Ritschel-Trifilo_dissertation.pdf", "num_citations": 3, "cluster_id": "5078756098093588747", "year": "2009", "url_citations": "http://scholar.google.com/scholar?cites=5078756098093588747&as_sdt=2005&sciodt=1,5&hl=en"}, {"num_versions": 3, "url_citation": null, "title": "Unfulfilled promises: How inventories, instruments and institutions subvert discourses of diversity and promote commonality", "url": "http://www.tandfonline.com/doi/abs/10.1080/13562510701595119", "url_versions": "http://scholar.google.com/scholar?cluster=8274905475891541681&hl=en&as_sdt=1,5&sciodt=1,5&as_vis=1", "authors": "L Ritter - Teaching in Higher Education", "excerpt": "This paper looks at the paradox of how recognition of diversity through research into individual differences, in such areas as learning style, cognitive style and personality, has had the reductionist effect of promoting commonality. This has been the outcome of the  ...", "url_pdf": null, "num_citations": 7, "cluster_id": "8274905475891541681", "year": "2007", "url_citations": "http://scholar.google.com/scholar?cites=8274905475891541681&as_sdt=2005&sciodt=1,5&hl=en"}, {"num_versions": 6, "url_citation": null, "title": "Choosing communication portfolios to accomplish tasks: The effects of individual differences", "url": "http://www.sciencedirect.com/science/article/pii/S0360131509001456", "url_versions": "http://scholar.google.com/scholar?cluster=459136062831448345&hl=en&as_sdt=1,5&sciodt=1,5&as_vis=1", "authors": "CS Lee, DHL Goh, AYK Chua, B Luyt - Computers & Education", "excerpt": "The myriad of information communication technologies (ICTs) available today has changed the way students choose and use them. Specifically, individuals are increasingly relying on a mix of ICTs for communication to accomplish tasks. Yet, past studies on ICT use has  ...", "url_pdf": null, "num_citations": 11, "cluster_id": "459136062831448345", "year": "2009", "url_citations": "http://scholar.google.com/scholar?cites=459136062831448345&as_sdt=2005&sciodt=1,5&hl=en"}, {"num_versions": 5, "url_citation": null, "title": "De la diversit\u00e9 ethnoculturelle au vivre ensemble: repr\u00e9sentations de futurs enseignants de l'approche multiculturelle en \u00e9ducation", "url": "http://www.erudit.org/revue/mje/2010/v45/n1/1000028ar.html", "url_versions": "http://scholar.google.com/scholar?cluster=13092970571571561355&hl=en&as_sdt=1,5&sciodt=1,5&as_vis=1", "authors": "M Moldoveanu - McGill Journal of Education/Revue des sciences de l' \u2026", "excerpt": "Ce texte explore les sens que de futurs enseignants attribuent \u00e0 l'\u00e9ducation multiculturelle, afin d'en d\u00e9celer l'importance et les objectifs dans une perspective de vivre ensemble. Une recherche exploratoire utilisant des donn\u00e9es qualitatives a \u00e9t\u00e9 men\u00e9e aupr\u00e8s de neuf  ...", "url_pdf": null, "num_citations": 3, "cluster_id": "13092970571571561355", "year": "2010", "url_citations": "http://scholar.google.com/scholar?cites=13092970571571561355&as_sdt=2005&sciodt=1,5&hl=en"}, {"num_versions": 3, "url_citation": null, "title": "Impact of culture on dissatisfied customers: An empirical study", "url": "http://www.sciencedirect.com/science/article/pii/S1877916610000056", "url_versions": "http://scholar.google.com/scholar?cluster=12776900793912408073&hl=en&as_sdt=1,5&sciodt=1,5&as_vis=1", "authors": "JC Chebat, L Kerzazi, H Zourrig - City, Culture and Society", "excerpt": "In multicultural societies, service firms have to pay more attention to the impact of culture on the ways how dissatisfaction is felt and expressed by customers. Based on a theoretical framework derived from the Cognition\u2013Affect\u2013Behavior (C\u2013A\u2013B) model (Lazarus, 1991),  ...", "url_pdf": null, "num_citations": 9, "cluster_id": "12776900793912408073", "year": "2010", "url_citations": "http://scholar.google.com/scholar?cites=12776900793912408073&as_sdt=2005&sciodt=1,5&hl=en"}, {"num_versions": 3, "url_citation": null, "title": "Effects of learning styles on engaging children in school projects", "url": "http://eprints.uwe.ac.uk/16112/", "url_versions": "http://scholar.google.com/scholar?cluster=15794488986239394574&hl=en&as_sdt=1,5&sciodt=1,5&as_vis=1", "authors": "R Akplotsyi, L Mahdjoubi -", "excerpt": "The importance of children's engagement in school projects has been widely acknowledged. Despite various initiatives and efforts promote it, the effectiveness of children's engagement has remained limited. Available evidence suggests that most  ...", "url_pdf": null, "num_citations": 4, "cluster_id": "15794488986239394574", "year": "2011", "url_citations": "http://scholar.google.com/scholar?cites=15794488986239394574&as_sdt=2005&sciodt=1,5&hl=en"}, {"num_versions": 2, "url_citation": null, "title": "Automatic detection of learner-style for adaptive eLearning", "url": "http://cora.ucc.ie/handle/10468/1334", "url_versions": "http://scholar.google.com/scholar?cluster=8983050514126042033&hl=en&as_sdt=1,5&sciodt=1,5&as_vis=1", "authors": "TJ Mehigan -", "excerpt": "The advent of modern wireless technologies has seen a shift in focus towards the design and development of educational systems for deployment through mobile devices. The use of mobile phones, tablets and Personal Digital Assistants (PDAs) is steadily growing across  ...", "url_pdf": null, "num_citations": 0, "cluster_id": null, "year": "2013", "url_citations": null}, {"num_versions": 2, "url_citation": null, "title": "Learners, learning styles and learning media", "url": "http://repub.eur.nl/pub/1226/", "url_versions": "http://scholar.google.com/scholar?cluster=69412061471219100&hl=en&as_sdt=1,5&sciodt=1,5&as_vis=1", "authors": "C Smith, HE Whiteley -", "excerpt": "Abstract The paper is an account of an ongoing research project studying the links between learning style and learning media. The particular focus of the paper is on online learning. For centuries the lecture was the standard method of teaching in higher education, but the  ...", "url_pdf": null, "num_citations": 4, "cluster_id": "69412061471219100", "year": "2004", "url_citations": "http://scholar.google.com/scholar?cites=69412061471219100&as_sdt=2005&sciodt=1,5&hl=en"}, {"num_versions": 6, "url_citation": null, "title": "Integrating research and teaching in higher education: Conceptual issues", "url": "http://usir.salford.ac.uk/9891/1/221_Senaratne_S_INTEGRATING_RESEARCH_AND_TEACHING_IN_HIGHER_EDUCATION_CONCEPTUAL_ISSUES_BEAR_2006.pdf", "url_versions": "http://scholar.google.com/scholar?cluster=7674010221282530484&hl=en&as_sdt=1,5&sciodt=1,5&as_vis=1", "authors": "S Senaratne, RDG Amaratunga, D Baldry, RP Haigh\u2026 -", "excerpt": "Integrating new knowledge created through research with teaching has become an important area that needs prompt attention with the growing emphasis on student learning activities, quality assurance procedures and research funding mechanisms within the UK  ...", "url_pdf": "http://usir.salford.ac.uk/9891/1/221_Senaratne_S_INTEGRATING_RESEARCH_AND_TEACHING_IN_HIGHER_EDUCATION_CONCEPTUAL_ISSUES_BEAR_2006.pdf", "num_citations": 1, "cluster_id": "7674010221282530484", "year": "2006", "url_citations": "http://scholar.google.com/scholar?cites=7674010221282530484&as_sdt=2005&sciodt=1,5&hl=en"}, {"num_versions": 2, "url_citation": null, "title": "Las nuevas tecnolog\u00edas y la formaci\u00f3n de los profesores universitarios", "url": "http://www.ugr.es/%7Esevimeco/revistaeticanet/Numero3/Articulos/Formateados/Formacion_del_profesorado.pdf", "url_versions": "http://scholar.google.com/scholar?cluster=12735440781676759969&hl=en&as_sdt=1,5&sciodt=1,5&as_vis=1", "authors": "V D\u00edaz - Revista en L\u00ednea. Etic@ net", "excerpt": "RESUMEN: La incursi\u00f3n de la era digital en las universidades espa\u00f1olas est\u00e1 poniendo de manifiesto la laguna de conocimiento que los docentes universitarios presentan. Desde aqu\u00ed queremos hacer una llamada de atenci\u00f3n sobre la necesidad de tener en cuenta  ...", "url_pdf": "http://www.ugr.es/%7Esevimeco/revistaeticanet/Numero3/Articulos/Formateados/Formacion_del_profesorado.pdf", "num_citations": 2, "cluster_id": "12735440781676759969", "year": "2004", "url_citations": "http://scholar.google.com/scholar?cites=12735440781676759969&as_sdt=2005&sciodt=1,5&hl=en"}, {"num_versions": 5, "url_citation": null, "title": "Research knowledge transfer into teaching in the built environment", "url": "http://www.emeraldinsight.com/doi/abs/10.1108/09699980510634146", "url_versions": "http://scholar.google.com/scholar?cluster=2819855100204219317&hl=en&as_sdt=1,5&sciodt=1,5&as_vis=1", "authors": "S Senaratne, M Kagioglou\u2026 - Engineering,  \u2026", "excerpt": "Purpose-There is no automatic link between research and teaching in higher education institutions. Hence, in order to achieve a productive relationship, these two activities need to be linked through effective mechanisms. The research reported in this paper aims at  ...", "url_pdf": null, "num_citations": 13, "cluster_id": "2819855100204219317", "year": "2005", "url_citations": "http://scholar.google.com/scholar?cites=2819855100204219317&as_sdt=2005&sciodt=1,5&hl=en"}, {"num_versions": 4, "url_citation": null, "title": "Self-efficacy, self-regulation, and cognitive style as predictors of achievement with podcast instruction", "url": "http://jec.sagepub.com/content/38/2/139.short", "url_versions": "http://scholar.google.com/scholar?cluster=17214270032580800239&hl=en&as_sdt=1,5&sciodt=1,5&as_vis=1", "authors": "CB Hodges, CL Stackpole-Hodges\u2026 - Journal of Educational  \u2026", "excerpt": "Abstract The purpose of this study was to investigate possible factors that may affect academic achievement when instruction is delivered via podcast. Seventeen female Communication Sciences and Disorders students participated in this exploratory study  ...", "url_pdf": null, "num_citations": 22, "cluster_id": "17214270032580800239", "year": "2008", "url_citations": "http://scholar.google.com/scholar?cites=17214270032580800239&as_sdt=2005&sciodt=1,5&hl=en"}, {"num_versions": 2, "url_citation": null, "title": "Flexible grouping as a means for classroom management in a heterogeneous classroom", "url": "http://eer.sagepub.com/content/10/1/118.short", "url_versions": "http://scholar.google.com/scholar?cluster=1236322998227556807&hl=en&as_sdt=1,5&sciodt=1,5&as_vis=1", "authors": "A Rytivaara - European Educational Research Journal", "excerpt": "Abstract This article concerns issues of classroom management in heterogeneous classrooms. Although research in the field of learning styles has yielded mixed results, there is a call for information about how they could be used to individualize instruction,  ...", "url_pdf": null, "num_citations": 14, "cluster_id": "1236322998227556807", "year": "2011", "url_citations": "http://scholar.google.com/scholar?cites=1236322998227556807&as_sdt=2005&sciodt=1,5&hl=en"}, {"num_versions": 16, "url_citation": null, "title": "Creating active learning in the classroom: A systematic approach", "url": "http://jme.sagepub.com/content/30/2/333.short", "url_versions": "http://scholar.google.com/scholar?cluster=3614053707789654307&hl=en&as_sdt=1,5&sciodt=1,5&as_vis=1", "authors": "ER Auster, KK Wylie - Journal of Management Education", "excerpt": "Abstract Excellence in teaching is now a competitive imperative atmost business schools. Management educators face the challenge of creating learning environments that engage, inspire, and motivate students to learn both the content and the skills they need. Focusing  ...", "url_pdf": null, "num_citations": 111, "cluster_id": "3614053707789654307", "year": "2006", "url_citations": "http://scholar.google.com/scholar?cites=3614053707789654307&as_sdt=2005&sciodt=1,5&hl=en"}, {"num_versions": 9, "url_citation": null, "title": "Transfer of research knowledge into teaching in the UK higher education institutions", "url": "http://usir.salford.ac.uk/2024/", "url_versions": "http://scholar.google.com/scholar?cluster=17454406964301058842&hl=en&as_sdt=1,5&sciodt=1,5&as_vis=1", "authors": "S Senaratne, RDG Amaratunga, M Kagioglou, D Baldry\u2026 -", "excerpt": "The higher education system in the UK has significantly changed over the last decade due to a growing emphasis on student learning activities, quality assurance procedures and research funding mechanisms. According to previous studies, there is no automatic link  ...", "url_pdf": null, "num_citations": 1, "cluster_id": "17454406964301058842", "year": "2004", "url_citations": "http://scholar.google.com/scholar?cites=17454406964301058842&as_sdt=2005&sciodt=1,5&hl=en"}, {"num_versions": 0, "url_citation": null, "title": "An assessment of technology learning styles, skills, and perceptions among teachers of grades pre-kindergarten through four", "url": "http://digital.library.unt.edu/ark:/67531/metadc4715/m2/1/high_res_d/dissertation.pdf", "url_versions": null, "authors": "M Mortensen -", "excerpt": "Brubaker, Douglas D., An assessment of technology learning styles, skills, and perceptions among teachers of grades pre-kindergarten through four. Doctor of Philosophy (Educational Computing), December 2004, 110 pp., 15 tables, 6 illustrations, references, 77 titles. This  ...", "url_pdf": "http://digital.library.unt.edu/ark:/67531/metadc4715/m2/1/high_res_d/dissertation.pdf", "num_citations": 3, "cluster_id": "10395995610194527735", "year": "2004", "url_citations": "http://scholar.google.com/scholar?cites=10395995610194527735&as_sdt=2005&sciodt=1,5&hl=en"}, {"num_versions": 8, "url_citation": null, "title": "Identificaci\u00f3n de los estilos de aprendizaje en los estudiantes de fisiolog\u00eda del ejercicio de la Facultad de Rehabilitaci\u00f3n y Desarrollo Humano", "url": "http://www.scielo.org.co/scielo.php?pid=S1692-72732006000200006&script=sci_abstract", "url_versions": "http://scholar.google.com/scholar?cluster=995098703275604637&hl=en&as_sdt=1,5&sciodt=1,5&as_vis=1", "authors": "JE Correa Bautista - Revista ciencias de la salud", "excerpt": "Abstract CORREA BAUTISTA, Jorge Enrique. Identification of the Learning Styles in the Students of Exercise Physiology in the Rehabilitation and Human Development Faculty. Rev. Cienc. Salud [online]. 2006, vol. 4, n. 2, pp. 41-53. ISSN 1692-7273.", "url_pdf": null, "num_citations": 44, "cluster_id": "995098703275604637", "year": "2006", "url_citations": "http://scholar.google.com/scholar?cites=995098703275604637&as_sdt=2005&sciodt=1,5&hl=en"}, {"num_versions": 3, "url_citation": null, "title": "Learning Styles in the Classroom: Educational Benefit or Planning Exercise?.", "url": "http://eric.ed.gov/?id=EJ920100", "url_versions": "http://scholar.google.com/scholar?cluster=17480883344032408971&hl=en&as_sdt=1,5&sciodt=1,5&as_vis=1", "authors": "SJ Allcock, JA Hulme - Psychology Teaching Review", "excerpt": "Both classes significantly improved from baseline to final test, but there was no significant difference in improvement between the two groups, and indeed a slight trend for more improvement following differentiation by ability. Further research into personalised  ...", "url_pdf": null, "num_citations": 8, "cluster_id": "17480883344032408971", "year": "2010", "url_citations": "http://scholar.google.com/scholar?cites=17480883344032408971&as_sdt=2005&sciodt=1,5&hl=en"}, {"num_versions": 4, "url_citation": null, "title": "Determinaci\u00f3n de los\" estilos de aprendizaje\" de los estudiantes de bioqu\u00edmica como paso inicial en la b\u00fasqueda de un aprendizaje significativo", "url": "http://files.procesos.webnode.com/200001317-25783276c2/ea10.pdf", "url_versions": "http://scholar.google.com/scholar?cluster=3201328496057375946&hl=en&as_sdt=1,5&sciodt=1,5&as_vis=1", "authors": "GJ Di Bernardo, M Del - Comunicaciones Cient\u00edficas y  \u2026", "excerpt": "ANTECEDENTES El aprendizaje significativo es un proceso cognitivo, mediado, activo, intencional, estrat\u00e9gico, significativo y complejo. Es cognitivo porque requiere conocimiento, que para ser \u00fatil debe ser comprendido, para lo cual el estudiante debe manipularlo y  ...", "url_pdf": "http://files.procesos.webnode.com/200001317-25783276c2/ea10.pdf", "num_citations": 11, "cluster_id": "3201328496057375946", "year": "2005", "url_citations": "http://scholar.google.com/scholar?cites=3201328496057375946&as_sdt=2005&sciodt=1,5&hl=en"}, {"num_versions": 0, "url_citation": null, "title": "A critical analysis of the use of electronic voting systems: ask the audience", "url": "http://www.eng.uaeu.ac.ae/en/research/journal/issues/v12/pdf_iss1_12/2.pdf", "url_versions": null, "authors": "A Felce - Emirates Journal for Engineering Research", "excerpt": "Pedagogic theory has identified that a student learns best by being interactive and that timely and effective feedback is essential for deep learning. Widening Participation agendas within UK higher education have resulted in large cohorts of students from diverse  ...", "url_pdf": "http://www.eng.uaeu.ac.ae/en/research/journal/issues/v12/pdf_iss1_12/2.pdf", "num_citations": 8, "cluster_id": "906331463275465822", "year": "2007", "url_citations": "http://scholar.google.com/scholar?cites=906331463275465822&as_sdt=2005&sciodt=1,5&hl=en"}, {"num_versions": 3, "url_citation": null, "title": "Student experience in the globalized higher education market: Challenges and research imperatives", "url": "http://scholar.google.com/https://books.google.com/books?hl=en&lr=&id=04SmnFtIZ00C&oi=fnd&pg=PA155&ots=fgjbkuCljE&sig=HFJsANScNUF36HfYdc9O6MPnyA4", "url_versions": "http://scholar.google.com/scholar?cluster=9678090225136714096&hl=en&as_sdt=1,5&sciodt=1,5&as_vis=1", "authors": "R Arambewela - \u2026  in higher education: Theoretical, strategic and  \u2026", "excerpt": "Student experience is highly topical in the current globalized higher educa-tion (HE) market, and has attracted considerable attention in the recent past among researchers, administrators and other stakeholders in HE systems around the world (Ryan et al., 2005).  ...", "url_pdf": null, "num_citations": 7, "cluster_id": "9678090225136714096", "year": "2010", "url_citations": "http://scholar.google.com/scholar?cites=9678090225136714096&as_sdt=2005&sciodt=1,5&hl=en"}, {"num_versions": 0, "url_citation": null, "title": "\u00d6\u011frencilerin bireysel \u00f6zelliklerinin yapay zeka ile belirlenmesi (Bulan\u0131k mant\u0131k \u00f6rne\u011fi)", "url": "http://perweb.firat.edu.tr/personel/yayinlar/fua_35/35_49529.pdf", "url_versions": null, "authors": "\u0130Y Kazu, O \u00d6zdemir - Akademik Bili\u015fim", "excerpt": "\u00d6zet: Bu \u00e7al\u0131\u015fman\u0131n amac\u0131 \u00f6\u011frencilerin bireysel farkl\u0131l\u0131klar\u0131n\u0131n dikkate al\u0131nmas\u0131nda yapay zeka teknolojilerinin kullan\u0131labilirli\u011fini ara\u015ft\u0131rmakt\u0131r. G\u00fcn\u00fcm\u00fczde h\u0131zla geli\u015fen bilim ve teknoloji, s\u00fcrekli de\u011fi\u015fkenlik g\u00f6steren ekonomik durumlar ve bunlar\u0131n sonucu ortaya \u00e7\u0131kan  ...", "url_pdf": "http://perweb.firat.edu.tr/personel/yayinlar/fua_35/35_49529.pdf", "num_citations": 4, "cluster_id": "14201763485795920572", "year": "2009", "url_citations": "http://scholar.google.com/scholar?cites=14201763485795920572&as_sdt=2005&sciodt=1,5&hl=en"}, {"num_versions": 10, "url_citation": null, "title": "First year university students' self-perception of ICT skills: Do learning styles matter?", "url": "http://link.springer.com/article/10.1007/s10639-010-9149-1", "url_versions": "http://scholar.google.com/scholar?cluster=3599870150215088005&hl=en&as_sdt=1,5&sciodt=1,5&as_vis=1", "authors": "JC Verhoeven, D Heerwegh, K De Wit - Education and Information  \u2026", "excerpt": "Abstract Do ICT skills of freshmen change in 6 months at the university? What is the contribution of learning styles (or patterns) to the explanation of the variance in self-perceived ICT skills and the possible change in these skills? And what is the contribution  ...", "url_pdf": null, "num_citations": 5, "cluster_id": "3599870150215088005", "year": "2012", "url_citations": "http://scholar.google.com/scholar?cites=3599870150215088005&as_sdt=2005&sciodt=1,5&hl=en"}, {"num_versions": 5, "url_citation": null, "title": "The Relationship Between Instructional Delivery Methods and Student Learning Preferences: What Contributes to Student Satisfaction in an Online Learning  \u2026", "url": "http://scholar.google.com/https://books.google.com/books?hl=en&lr=&id=21MJMON5X-oC&oi=fnd&pg=PR4&ots=8V98zWVM4q&sig=ZBTYig0v7WTSPhIiWj8gaF10_-Y", "url_versions": "http://scholar.google.com/scholar?cluster=6594407219196477181&hl=en&as_sdt=1,5&sciodt=1,5&as_vis=1", "authors": "LL Witowski -", "excerpt": "Prior distance education research has focused primarily on student achievement scores as an indicator of the success of an online program. Few studies have researched student satisfaction as an indicator for evaluating the success of an online program. This study  ...", "url_pdf": null, "num_citations": 10, "cluster_id": "6594407219196477181", "year": "2008", "url_citations": "http://scholar.google.com/scholar?cites=6594407219196477181&as_sdt=2005&sciodt=1,5&hl=en"}, {"num_versions": 4, "url_citation": null, "title": "PowerPoint and pedagogy", "url": "http://wlv.openrepository.com/wlv/handle/2436/3698", "url_versions": "http://scholar.google.com/scholar?cluster=17918179697528562222&hl=en&as_sdt=1,5&sciodt=1,5&as_vis=1", "authors": "D Burke, A Apperley -", "excerpt": "PowerPoint began as a business package which allowed for the seductive presentation of information to achieve particular objectives, usually to sell a product. Many of the features were thus designed to impress prospective customers and persuade them to purchase a  ...", "url_pdf": null, "num_citations": 1, "cluster_id": "17918179697528562222", "year": "2004", "url_citations": "http://scholar.google.com/scholar?cites=17918179697528562222&as_sdt=2005&sciodt=1,5&hl=en"}, {"num_versions": 3, "url_citation": null, "title": "Superar las barreras de aprendizaje en necesidades educativas especiales mediante la utilizaci\u00f3n de las TICs", "url": "http://www.uhu.es/publicaciones/ojs/index.php/xxi/article/viewArticle/530", "url_versions": "http://scholar.google.com/scholar?cluster=14407471824898723691&hl=en&as_sdt=1,5&sciodt=1,5&as_vis=1", "authors": "VM D\u00edaz - En-clave pedag\u00f3gica", "excerpt": "Resumen La posibilidad de inclusi\u00f3n de las tecnolog\u00edas de la informaci\u00f3n y la comunicaci\u00f3n en el mundo educativo es hoy una realidad que pone de manifiesto las lagunas formativas que tanto los docentes como los alumnos presentan sobre su uso y  ...", "url_pdf": null, "num_citations": 3, "cluster_id": "14407471824898723691", "year": "2007", "url_citations": "http://scholar.google.com/scholar?cites=14407471824898723691&as_sdt=2005&sciodt=1,5&hl=en"}, {"num_versions": 5, "url_citation": null, "title": "Student readiness for technology-enhanced history education in Turkish high schools", "url": "http://d-scholarship.pitt.edu/8736/", "url_versions": "http://scholar.google.com/scholar?cluster=12849538629824448487&hl=en&as_sdt=1,5&sciodt=1,5&as_vis=1", "authors": "\u0130 Turan -", "excerpt": "This study examined whether the Turkish high school social sciences major students would feel adequate and fit in a technology-enhanced educational environment, particularly in history classrooms. To this extent, this study investigated high school students' level of  ...", "url_pdf": null, "num_citations": 8, "cluster_id": "12849538629824448487", "year": "2007", "url_citations": "http://scholar.google.com/scholar?cites=12849538629824448487&as_sdt=2005&sciodt=1,5&hl=en"}, {"num_versions": 6, "url_citation": null, "title": "Digital Game-based Learning and dyslexia in higher education", "url": "http://www.editlib.org/p/24720/", "url_versions": "http://scholar.google.com/scholar?cluster=9142707878052682855&hl=en&as_sdt=1,5&sciodt=1,5&as_vis=1", "authors": "M Dziorny - Society for Information Technology & Teacher  \u2026", "excerpt": "Abstract Digital Game-based Learning (DGL) has become a hot topic in educational technology in recent years. Additionally, effective instruction for students with dyslexia and other learning disabilities is a growing concern in higher education. This paper begins  ...", "url_pdf": null, "num_citations": 4, "cluster_id": "9142707878052682855", "year": "2007", "url_citations": "http://scholar.google.com/scholar?cites=9142707878052682855&as_sdt=2005&sciodt=1,5&hl=en"}]