[{"num_versions": 0, "url_citation": null, "title": "Learning Semantic Image Representations at a Large Scale", "url": "http://digitalassets.lib.berkeley.edu/techreports/ucb/text/EECS-2014-93.pdf", "url_versions": null, "authors": "Y Jia -", "excerpt": "A fundamental problem in computer vision is object recognition: given an image composed of a grid of raw pixel values, one needs to design a computer system that identifies the objects present in this image. It is known that humans are particularly good at such  ...", "url_pdf": "http://digitalassets.lib.berkeley.edu/techreports/ucb/text/EECS-2014-93.pdf", "num_citations": 0, "cluster_id": null, "year": "2014", "url_citations": null}, {"num_versions": 3, "url_citation": null, "title": "Deep domain confusion: Maximizing for domain invariance", "url": "http://arxiv.org/abs/1412.3474", "url_versions": "http://scholar.google.com/scholar?cluster=12604916758840857978&hl=en&as_sdt=1,5&sciodt=1,5&as_vis=1", "authors": "E Tzeng, J Hoffman, N Zhang, K Saenko\u2026 - arXiv preprint arXiv: \u2026", "excerpt": "Abstract: Recent reports suggest that a generic supervised deep CNN model trained on a large-scale dataset reduces, but does not remove, dataset bias on a standard benchmark. Fine-tuning deep models in a new domain can require a significant amount of data, which  ...", "url_pdf": null, "num_citations": 5, "cluster_id": "12604916758840857978", "year": "2014", "url_citations": "http://scholar.google.com/scholar?cites=12604916758840857978&as_sdt=2005&sciodt=1,5&hl=en"}, {"num_versions": 11, "url_citation": null, "title": "Decaf: A deep convolutional activation feature for generic visual recognition", "url": "http://arxiv.org/abs/1310.1531", "url_versions": "http://scholar.google.com/scholar?cluster=317747044817730463&hl=en&as_sdt=1,5&sciodt=1,5&as_vis=1", "authors": "J Donahue, Y Jia, O Vinyals, J Hoffman\u2026 - arXiv preprint arXiv: \u2026", "excerpt": "Abstract: We evaluate whether features extracted from the activation of a deep convolutional network trained in a fully supervised fashion on a large, fixed set of object recognition tasks can be re-purposed to novel generic tasks. Our generic tasks may differ significantly from  ...", "url_pdf": null, "num_citations": 398, "cluster_id": "317747044817730463", "year": "2013", "url_citations": "http://scholar.google.com/scholar?cites=317747044817730463&as_sdt=2005&sciodt=1,5&hl=en"}, {"num_versions": 3, "url_citation": null, "title": "Transfer learning using computational intelligence: A survey", "url": "http://www.sciencedirect.com/science/article/pii/S0950705115000179", "url_versions": "http://scholar.google.com/scholar?cluster=239763398630944872&hl=en&as_sdt=1,5&sciodt=1,5&as_vis=1", "authors": "J Lu, V Behbood, P Hao, H Zuo, S Xue\u2026 - Knowledge-Based  \u2026", "excerpt": "Abstract Transfer learning aims to provide a framework to utilize previously-acquired knowledge to solve new but similar problems much more quickly and effectively. In contrast to classical machine learning methods, transfer learning methods exploit the knowledge  ...", "url_pdf": null, "num_citations": 7, "cluster_id": "239763398630944872", "year": "2015", "url_citations": "http://scholar.google.com/scholar?cites=239763398630944872&as_sdt=2005&sciodt=1,5&hl=en"}, {"num_versions": 3, "url_citation": null, "title": "One-shot adaptation of supervised deep convolutional models", "url": "http://arxiv.org/abs/1312.6204", "url_versions": "http://scholar.google.com/scholar?cluster=15775089411477959178&hl=en&as_sdt=1,5&sciodt=1,5&as_vis=1", "authors": "J Hoffman, E Tzeng, J Donahue, Y Jia\u2026 - arXiv preprint arXiv: \u2026", "excerpt": "Abstract: Dataset bias remains a significant barrier towards solving real world computer vision tasks. Though deep convolutional networks have proven to be a competitive approach for image classification, a question remains: have these models have solved the  ...", "url_pdf": null, "num_citations": 11, "cluster_id": "15775089411477959178", "year": "2013", "url_citations": "http://scholar.google.com/scholar?cites=15775089411477959178&as_sdt=2005&sciodt=1,5&hl=en"}, {"num_versions": 3, "url_citation": null, "title": "Deep Domain Adaptation for Describing People Based on Fine-Grained Clothing Attributes", "url": "http://www.cv-foundation.org/openaccess/content_cvpr_2015/app/3B_095.pdf", "url_versions": "http://scholar.google.com/scholar?cluster=15119993148313317568&hl=en&as_sdt=1,5&sciodt=1,5&as_vis=1", "authors": "Q Chen, J Huang, R Feris, LM Brown\u2026 - Proceedings of the  \u2026", "excerpt": "Abstract We address the problem of describing people based on fine-grained clothing attributes. This is an important problem for many practical applications, such as identifying target suspects or finding missing people based on detailed clothing descriptions in  ...", "url_pdf": "http://www.cv-foundation.org/openaccess/content_cvpr_2015/app/3B_095.pdf", "num_citations": 2, "cluster_id": "15119993148313317568", "year": "2015", "url_citations": "http://scholar.google.com/scholar?cites=15119993148313317568&as_sdt=2005&sciodt=1,5&hl=en"}, {"num_versions": 2, "url_citation": null, "title": "Visual Domain Adaptation: A survey of recent advances", "url": "http://ieeexplore.ieee.org/xpls/abs_all.jsp?arnumber=7078994", "url_versions": "http://scholar.google.com/scholar?cluster=1673759608844942860&hl=en&as_sdt=1,5&sciodt=1,5&as_vis=1", "authors": "VM Patel, R Gopalan, R Li\u2026 - Signal Processing  \u2026", "excerpt": "[FIg1](a) Unconstrained face images.(b) Images with expression variations.(c) Images with pose variations.(d) Sketch images. Realworld object recognition algorithms, such as face recognition, must learn to adapt to distributions specific to each domain shown in (a)\u2013(d)[ ...", "url_pdf": null, "num_citations": 7, "cluster_id": "1673759608844942860", "year": "2015", "url_citations": "http://scholar.google.com/scholar?cites=1673759608844942860&as_sdt=2005&sciodt=1,5&hl=en"}, {"num_versions": 12, "url_citation": null, "title": "Domain adaptation for visual recognition", "url": "http://pdj.nowpublishers.com/article/Download/CGV-057", "url_versions": "http://scholar.google.com/scholar?cluster=12647215138600242085&hl=en&as_sdt=1,5&sciodt=1,5&as_vis=1", "authors": "R Gopalan, R Li, VM Patel\u2026 - \u2026  and Trends on  \u2026", "excerpt": "Abstract Domain adaptation is an active, emerging research area that attempts to address the changes in data distribution across training and testing datasets. With the availability of a multitude of image acquisition sensors, variations due to illumination, and viewpoint  ...", "url_pdf": null, "num_citations": 2, "cluster_id": "12647215138600242085", "year": "2015", "url_citations": "http://scholar.google.com/scholar?cites=12647215138600242085&as_sdt=2005&sciodt=1,5&hl=en"}, {"num_versions": 8, "url_citation": null, "title": "Asymmetric and Category Invariant Feature Transformations for Domain Adaptation", "url": "http://link.springer.com/article/10.1007/s11263-014-0719-3", "url_versions": "http://scholar.google.com/scholar?cluster=77856238015307422&hl=en&as_sdt=1,5&sciodt=1,5&as_vis=1", "authors": "J Hoffman, E Rodner, J Donahue, B Kulis\u2026 - International Journal of  \u2026", "excerpt": "Abstract-1We address the problem of visual domain adaptation for transferring object models from one dataset or visual domain to another. We introduce a unified flexible model for both supervised and semi-supervised learning that allows us to learn transformations  ...", "url_pdf": null, "num_citations": 8, "cluster_id": "77856238015307422", "year": "2014", "url_citations": "http://scholar.google.com/scholar?cites=77856238015307422&as_sdt=2005&sciodt=1,5&hl=en"}, {"num_versions": 5, "url_citation": null, "title": "Deep learning applications and challenges in big data analytics", "url": "http://link.springer.com/article/10.1186/s40537-014-0007-7", "url_versions": "http://scholar.google.com/scholar?cluster=2595773179114749510&hl=en&as_sdt=1,5&sciodt=1,5&as_vis=1", "authors": "MM Najafabadi, F Villanustre, TM Khoshgoftaar\u2026 - Journal of Big Data", "excerpt": "Abstract Big Data Analytics and Deep Learning are two high-focus of data science. Big Data has become important as many organizations both public and private have been collecting massive amounts of domain-specific information, which can contain useful information  ...", "url_pdf": null, "num_citations": 5, "cluster_id": "2595773179114749510", "year": "2015", "url_citations": "http://scholar.google.com/scholar?cites=2595773179114749510&as_sdt=2005&sciodt=1,5&hl=en"}, {"num_versions": 3, "url_citation": null, "title": "Unsupervised Domain Adaptation by Backpropagation", "url": "http://arxiv.org/abs/1409.7495", "url_versions": "http://scholar.google.com/scholar?cluster=1240308825085771392&hl=en&as_sdt=1,5&sciodt=1,5&as_vis=1", "authors": "Y Ganin, V Lempitsky - arXiv preprint arXiv:1409.7495", "excerpt": "Abstract: Top-performing deep architectures are trained on massive amounts of labeled data. In the absence of labeled data for a certain task, domain adaptation often provides an attractive option given that labeled data of similar nature but from a different domain (eg  ...", "url_pdf": null, "num_citations": 7, "cluster_id": "1240308825085771392", "year": "2014", "url_citations": "http://scholar.google.com/scholar?cites=1240308825085771392&as_sdt=2005&sciodt=1,5&hl=en"}, {"num_versions": 2, "url_citation": null, "title": "A Deeper Look at Dataset Bias", "url": "http://arxiv.org/abs/1505.01257", "url_versions": "http://scholar.google.com/scholar?cluster=2496638205125590640&hl=en&as_sdt=1,5&sciodt=1,5&as_vis=1", "authors": "T Tommasi, N Patricia, B Caputo\u2026 - arXiv preprint arXiv: \u2026", "excerpt": "Abstract: The presence of a bias in each image data collection has recently attracted a lot of attention in the computer vision community showing the limits in generalization of any learning method trained on a specific dataset. At the same time, with the rapid  ...", "url_pdf": null, "num_citations": 1, "cluster_id": "2496638205125590640", "year": "2015", "url_citations": "http://scholar.google.com/scholar?cites=2496638205125590640&as_sdt=2005&sciodt=1,5&hl=en"}, {"num_versions": 5, "url_citation": null, "title": "Coupled projections for adaptation of dictionaries", "url": "http://ieeexplore.ieee.org/xpls/abs_all.jsp?arnumber=7104143", "url_versions": "http://scholar.google.com/scholar?cluster=12208243921689411576&hl=en&as_sdt=1,5&sciodt=1,5&as_vis=1", "authors": "S Shekhar, V Patel, H Nguyen, R Chellappa -", "excerpt": "Abstract\u2014Data-driven dictionaries have produced state-of-theart results in various classification tasks. However, when the target data has a different distribution than the source data, the learned sparse representation may not be optimal. In this paper, we  ...", "url_pdf": null, "num_citations": 1, "cluster_id": "12208243921689411576", "year": "2014", "url_citations": "http://scholar.google.com/scholar?cites=12208243921689411576&as_sdt=2005&sciodt=1,5&hl=en"}]