[{"num_versions": 0, "url_citation": null, "title": "La flessibilit\u00e0 come categoria pedagogica. Ambienti euristici per generare nuovi pensatori", "url": "http://scholar.google.com/https://books.google.com/books?hl=en&lr=&id=N2j9CQAAQBAJ&oi=fnd&pg=PT3&ots=5S3DM8wAvC&sig=0OdwJU3KWFomWhUhooKMalA_9eM", "url_versions": null, "authors": "I Giunta -", "excerpt": "Sfida imprescindibile della disciplina pedagogica oggi \u00e8 insegnare la complessit\u00e0 e preparare gli studenti a essere flexible adaptive thinkers, anche grazie al supporto di strumenti che facilitino il pensiero critico e il raggiungimento di mete di apprendimento  ...", "url_pdf": null, "num_citations": 0, "cluster_id": null, "year": "2013", "url_citations": null}, {"num_versions": 0, "url_citation": null, "title": "Developing Online Reading Comprehension: Changes, Challenges, and Consequences", "url": "http://onlinelibrary.wiley.com/doi/10.1002/9781118323342.ch25/summary", "url_versions": null, "authors": "B Dwyer - International Handbook of Research on Children's  \u2026", "excerpt": "Summary This chapter explores how the changing nature of literacy in an online environment impacts on the development of students' online reading comprehension and information-seeking skills and strategies. It seeks to address the challenges presented for  ...", "url_pdf": null, "num_citations": 6, "cluster_id": "3303107666923621456", "year": "2012", "url_citations": "http://scholar.google.com/scholar?cites=3303107666923621456&as_sdt=2005&sciodt=1,5&hl=en"}, {"num_versions": 11, "url_citation": null, "title": "Predicting reading comprehension on the internet contributions of offline reading skills, online reading skills, and prior knowledge", "url": "http://jlr.sagepub.com/content/43/4/352.short", "url_versions": "http://scholar.google.com/scholar?cluster=7406591312089256122&hl=en&as_sdt=1,5&sciodt=1,5&as_vis=1", "authors": "J Coiro - Journal of Literacy Research", "excerpt": "Abstract This study investigated the extent to which new reading comprehension proficiencies may be required when adolescents read for information on the Internet. Seventh graders (N= 109) selected from a stratified random sample of diverse middle  ...", "url_pdf": null, "num_citations": 74, "cluster_id": "7406591312089256122", "year": "2011", "url_citations": "http://scholar.google.com/scholar?cites=7406591312089256122&as_sdt=2005&sciodt=1,5&hl=en"}, {"num_versions": 3, "url_citation": null, "title": "Style matching or ability building? An empirical study on FD learners' learning in well-structured and ill-structured asynchronous online learning environments", "url": "http://jec.sagepub.com/content/41/2/195.short", "url_versions": "http://scholar.google.com/scholar?cluster=9916272940410516638&hl=en&as_sdt=1,5&sciodt=1,5&as_vis=1", "authors": "RZ Zheng, JA Flygare, LB Dahl - Journal of Educational  \u2026", "excerpt": "Abstract The present study investigated (1) the impact of cognitive styles on learner performance in well-structured and ill-structured learning, and (2) scaffolding as a cognitive tool to improve learners' cognitive abilities, especially field dependent (FD) learners' ability  ...", "url_pdf": null, "num_citations": 15, "cluster_id": "9916272940410516638", "year": "2009", "url_citations": "http://scholar.google.com/scholar?cites=9916272940410516638&as_sdt=2005&sciodt=1,5&hl=en"}, {"num_versions": 5, "url_citation": null, "title": "The digital natives as learners: Technology use patterns and approaches to learning", "url": "http://www.sciencedirect.com/science/article/pii/S0360131513000225", "url_versions": "http://scholar.google.com/scholar?cluster=11022480126207048626&hl=en&as_sdt=1,5&sciodt=1,5&as_vis=1", "authors": "P Thompson - Computers & Education", "excerpt": "This study investigated the claims made in the popular press about the \u201cdigital native\u201d generation as learners. Because students' lives today are saturated with digital media at a time when their brains are still developing, many popular press authors claim that this  ...", "url_pdf": null, "num_citations": 77, "cluster_id": "11022480126207048626", "year": "2013", "url_citations": "http://scholar.google.com/scholar?cites=11022480126207048626&as_sdt=2005&sciodt=1,5&hl=en"}, {"num_versions": 6, "url_citation": null, "title": "Reading researchers in search of common ground: The expert study revisited", "url": "http://scholar.google.com/https://books.google.com/books?hl=en&lr=&id=cH2rAgAAQBAJ&oi=fnd&pg=PR3&ots=QevWAVZIfJ&sig=8l060U8TputfLlAcDobh_XjaBj0", "url_versions": "http://scholar.google.com/scholar?cluster=15511331019965538124&hl=en&as_sdt=1,5&sciodt=1,5&as_vis=1", "authors": "RF Flippo -", "excerpt": "In Reading Researchers in Search of Common Ground, Second Edition, Rona F. Flippo revisits her groundbreaking Expert Study, in which she set out to find common ground among experts in the much-fragmented field of reading research. The original edition,  ...", "url_pdf": null, "num_citations": 59, "cluster_id": "15511331019965538124", "year": "2012", "url_citations": "http://scholar.google.com/scholar?cites=15511331019965538124&as_sdt=2005&sciodt=1,5&hl=en"}, {"num_versions": 2, "url_citation": null, "title": "Student-centered, open learning environments: Research, theory, and practice", "url": "http://link.springer.com/chapter/10.1007/978-1-4614-3185-5_51", "url_versions": "http://scholar.google.com/scholar?cluster=14057722392139599356&hl=en&as_sdt=1,5&sciodt=1,5&as_vis=1", "authors": "MJ Hannafin, JR Hill, SM Land, E Lee - Handbook of research on  \u2026", "excerpt": "Abstract New learning environment designs and frameworks have emerged that are consistent with constructivist-inspired views of learning. Collectively, student-centered, open learning environments provide contexts wherein the individual determines learning goals,  ...", "url_pdf": null, "num_citations": 15, "cluster_id": "14057722392139599356", "year": "2014", "url_citations": "http://scholar.google.com/scholar?cites=14057722392139599356&as_sdt=2005&sciodt=1,5&hl=en"}, {"num_versions": 9, "url_citation": null, "title": "Trends and issues in instructional design and technology", "url": "http://www.utb.edu/vpaa/coe/2012-2013AcademicYearProgramSyllabi/Documents/Summer%20I%20Undergrad/EDTC%203310.pdf", "url_versions": "http://scholar.google.com/scholar?cluster=9829068393054293242&hl=en&as_sdt=1,5&sciodt=1,5&as_vis=1", "authors": "RA Reiser, JV Dempsey -", "excerpt": "The vision of the College of Education is to be consistently recognized as fully-accredited and as a nationally and internationally respected college in the areas of science, mathematics, educational technology and intercultural dimension (language, literacy,  ...", "url_pdf": "http://www.utb.edu/vpaa/coe/2012-2013AcademicYearProgramSyllabi/Documents/Summer%20I%20Undergrad/EDTC%203310.pdf", "num_citations": 738, "cluster_id": "9829068393054293242", "year": "2011", "url_citations": "http://scholar.google.com/scholar?cites=9829068393054293242&as_sdt=2005&sciodt=1,5&hl=en"}, {"num_versions": 0, "url_citation": null, "title": "POINT OF VIEW: PrINcIPlEd PluralIsm, cOgNITIVE FlExIbIlITy, aNd NEW cONTExTs FOr rEadINg", "url": "http://scholar.google.com/https://books.google.com/books?hl=en&lr=&id=cH2rAgAAQBAJ&oi=fnd&pg=PA118&ots=QevWAVZIfJ&sig=-SYzs2Jkp40C_Dpifz-jIDLvlMA", "url_versions": null, "authors": "RJ Spiro, P Morsink, B Forsyth - Reading Researchers in Search  \u2026", "excerpt": "What follows is the text from the earlier edition of this chapter (Spiro, 2001) in Reading Researchers in Search of Common Ground (Flippo, 2001). Its pertinence seems to have increased with developments of the past 10 years. The remarks are written from the  ...", "url_pdf": null, "num_citations": 1, "cluster_id": "3965651371093021516", "year": "2012", "url_citations": "http://scholar.google.com/scholar?cites=3965651371093021516&as_sdt=2005&sciodt=1,5&hl=en"}, {"num_versions": 13, "url_citation": null, "title": "Re-examining cognition during student-centered, Web-based learning", "url": "http://link.springer.com/article/10.1007/s11423-009-9117-x", "url_versions": "http://scholar.google.com/scholar?cluster=11038137793904229428&hl=en&as_sdt=1,5&sciodt=1,5&as_vis=1", "authors": "M Hannafin, K Hannafin, B Gabbitas - Educational Technology Research  \u2026", "excerpt": "Abstract During student-centered learning, the individual assumes responsibility for determining learning goals, monitoring progress toward meeting goals, adjusting or adapting approaches as warranted, and determining when individual goals have been  ...", "url_pdf": null, "num_citations": 46, "cluster_id": "11038137793904229428", "year": "2009", "url_citations": "http://scholar.google.com/scholar?cites=11038137793904229428&as_sdt=2005&sciodt=1,5&hl=en"}]