[{"num_versions": 2, "url_citation": null, "title": "Sustaining primary control striving for achievement goals during challenging developmental transitions: The role of secondary control strategies", "url": "http://www.tandfonline.com/doi/abs/10.1080/01973533.2013.785404", "url_versions": "http://scholar.google.com/scholar?cluster=5388524450437993706&hl=en&as_sdt=1,5&sciodt=1,5&as_vis=1", "authors": "JM Hamm, TL Stewart, RP Perry\u2026 - Basic and Applied  \u2026", "excerpt": "Developmental transitions are imbued with ubiquitous uncertainties that undermine goal striving in many otherwise committed individuals. Our seven-month study examined whether cognitive selective secondary control strategies (motivation-focused thinking) facilitate the  ...", "url_pdf": null, "num_citations": 8, "cluster_id": "5388524450437993706", "year": "2013", "url_citations": "http://scholar.google.com/scholar?cites=5388524450437993706&as_sdt=2005&sciodt=1,5&hl=en"}, {"num_versions": 5, "url_citation": null, "title": "Patterns of motivation beliefs: Combining achievement goal and expectancy-value perspectives.", "url": "http://psycnet.apa.org/journals/edu/104/1/32/", "url_versions": "http://scholar.google.com/scholar?cluster=17745750326414377501&hl=en&as_sdt=1,5&sciodt=1,5&as_vis=1", "authors": "AMM Conley - Journal of Educational Psychology", "excerpt": "Abstract 1. A person-centered approach integrated achievement goal and expectancy-value perspectives and identified patterns of mastery and performance-achievement goals (developing vs. demonstrating competence), task values (beliefs about interest, utility,  ...", "url_pdf": null, "num_citations": 47, "cluster_id": "17745750326414377501", "year": "2012", "url_citations": "http://scholar.google.com/scholar?cites=17745750326414377501&as_sdt=2005&sciodt=1,5&hl=en"}, {"num_versions": 7, "url_citation": null, "title": "The interplay between motivation, self\u2010efficacy, and approaches to studying", "url": "http://onlinelibrary.wiley.com/doi/10.1348/000709909X480563/full", "url_versions": "http://scholar.google.com/scholar?cluster=14939383501258913042&hl=en&as_sdt=1,5&sciodt=1,5&as_vis=1", "authors": "M Prat\u2010Sala, P Redford - British Journal of Educational  \u2026", "excerpt": "Background The strategies students adopt in their study are influenced by a number of social-cognitive factors and impact upon their academic performance. Aims The present study examined the interrelationships between motivation orientation (intrinsic and  ...", "url_pdf": null, "num_citations": 96, "cluster_id": "14939383501258913042", "year": "2010", "url_citations": "http://scholar.google.com/scholar?cites=14939383501258913042&as_sdt=2005&sciodt=1,5&hl=en"}, {"num_versions": 3, "url_citation": null, "title": "Predicting Singapore students' achievement goals in their English study: Self-construal and classroom goal structure", "url": "http://www.sciencedirect.com/science/article/pii/S1041608011000793", "url_versions": "http://scholar.google.com/scholar?cluster=7337366495109957420&hl=en&as_sdt=1,5&sciodt=1,5&as_vis=1", "authors": "W Luo, D Hogan, SG Paris - Learning and Individual Differences", "excerpt": "This study examined the role of self-construal and classroom goal structure in predicting Singapore secondary students' achievement goals in their English study. Students from 104 classes were administered surveys of achievement goals, classroom goal structure,  ...", "url_pdf": null, "num_citations": 23, "cluster_id": "7337366495109957420", "year": "2011", "url_citations": "http://scholar.google.com/scholar?cites=7337366495109957420&as_sdt=2005&sciodt=1,5&hl=en"}, {"num_versions": 10, "url_citation": null, "title": "Task value profiles across subjects and aspirations to physical and IT-related sciences in the United States and Finland.", "url": "http://psycnet.apa.org/journals/dev/48/6/1612/", "url_versions": "http://scholar.google.com/scholar?cluster=6848240103263989609&hl=en&as_sdt=1,5&sciodt=1,5&as_vis=1", "authors": "A Chow, JS Eccles, K Salmela-Aro - Developmental psychology", "excerpt": "Abstract 1. Two independent studies were conducted to extend previous research by examining the associations between task value priority patterns across school subjects and aspirations toward the physical and information technology-(IT-) related sciences. Study 1  ...", "url_pdf": null, "num_citations": 15, "cluster_id": "6848240103263989609", "year": "2012", "url_citations": "http://scholar.google.com/scholar?cites=6848240103263989609&as_sdt=2005&sciodt=1,5&hl=en"}, {"num_versions": 5, "url_citation": null, "title": "Motivational beliefs and cognitive processes in mathematics achievement, analyzed in the context of cultural differences: A Korean elementary school example", "url": "http://link.springer.com/article/10.1007/s12564-009-9017-0", "url_versions": "http://scholar.google.com/scholar?cluster=12877396127292414383&hl=en&as_sdt=1,5&sciodt=1,5&as_vis=1", "authors": "D Seo, H Taherbhai - Asia Pacific Education Review", "excerpt": "Abstract The relations among students' motivational beliefs, cognitive processes, and academic achievement were investigated. A 51-item questionnaire together with a mathematics achievement test was administered to 459 fifth graders in Korean elementary  ...", "url_pdf": null, "num_citations": 12, "cluster_id": "12877396127292414383", "year": "2009", "url_citations": "http://scholar.google.com/scholar?cites=12877396127292414383&as_sdt=2005&sciodt=1,5&hl=en"}, {"num_versions": 6, "url_citation": null, "title": "The motivations to study and expectations of studying of undergraduate students in business and management", "url": "http://www.tandfonline.com/doi/abs/10.1080/0309877X.2011.590581", "url_versions": "http://scholar.google.com/scholar?cluster=10697264912771969265&hl=en&as_sdt=1,5&sciodt=1,5&as_vis=1", "authors": "A Adcroft - Journal of Further and Higher Education", "excerpt": "The purpose of this article is to examine the relationship between motivations to learn and expectations of learning and to see if there are any differences across student groups based on their choice of degree programme and level of study. Six scales were used from  ...", "url_pdf": null, "num_citations": 8, "cluster_id": "10697264912771969265", "year": "2011", "url_citations": "http://scholar.google.com/scholar?cites=10697264912771969265&as_sdt=2005&sciodt=1,5&hl=en"}, {"num_versions": 3, "url_citation": null, "title": "Do examinees have similar test-taking effort? A high-stakes question for low-stakes testing", "url": "http://www.tandfonline.com/doi/abs/10.1080/15305058.2010.508569", "url_versions": "http://scholar.google.com/scholar?cluster=9619150981934609141&hl=en&as_sdt=1,5&sciodt=1,5&as_vis=1", "authors": "CL Barry, SJ Horst, SJ Finney, AR Brown\u2026 - International Journal of \u2026", "excerpt": "Given the prevalence of low-stakes testing internationally (eg, NAEP, TIMSS, PIRLS), it is crucial to try to better understand examinee motivation in these contexts. In the current study, mixture modeling results supported three different profiles of test-taking effort over the  ...", "url_pdf": null, "num_citations": 25, "cluster_id": "9619150981934609141", "year": "2010", "url_citations": "http://scholar.google.com/scholar?cites=9619150981934609141&as_sdt=2005&sciodt=1,5&hl=en"}, {"num_versions": 2, "url_citation": null, "title": "Sources of self-efficacy influencing academic performance of engineering students", "url": "http://pubs.sciepub.com/education/1/3/4/", "url_versions": "http://scholar.google.com/scholar?cluster=5642435257432012609&hl=en&as_sdt=1,5&sciodt=1,5&as_vis=1", "authors": "CW Loo, JLF Choy - American Journal of Educational Research", "excerpt": "This study examined (a) the correlation of the four hypothesized sources of self-efficacy (mastery experience, vicarious experience, social persuasion, emotional arousal) with academic performance, and (b) the prediction of the main source of self-efficacy that  ...", "url_pdf": null, "num_citations": 20, "cluster_id": "5642435257432012609", "year": "2013", "url_citations": "http://scholar.google.com/scholar?cites=5642435257432012609&as_sdt=2005&sciodt=1,5&hl=en"}, {"num_versions": 7, "url_citation": null, "title": "To master or perform? Exploring relations between achievement goals and conceptual change learning", "url": "http://onlinelibrary.wiley.com/doi/10.1111/j.2044-8279.2012.02072.x/full", "url_versions": "http://scholar.google.com/scholar?cluster=6066245805920594310&hl=en&as_sdt=1,5&sciodt=1,5&as_vis=1", "authors": "J Ranellucci, KR Muis, M Duffy, X Wang\u2026 - British Journal of  \u2026", "excerpt": "Background. Research is needed to explore conceptual change in relation to achievement goal orientations and depth of processing. Aims. To address this need, we examined relations between achievement goals, use of deep versus shallow processing strategies,  ...", "url_pdf": null, "num_citations": 9, "cluster_id": "6066245805920594310", "year": "2013", "url_citations": "http://scholar.google.com/scholar?cites=6066245805920594310&as_sdt=2005&sciodt=1,5&hl=en"}, {"num_versions": 2, "url_citation": null, "title": "Undergraduate engineering students' beliefs, coping strategies, and academic performance: An evaluation of theoretical models", "url": "http://www.tandfonline.com/doi/abs/10.1080/00220973.2011.596853", "url_versions": "http://scholar.google.com/scholar?cluster=11071365065521373113&hl=en&as_sdt=1,5&sciodt=1,5&as_vis=1", "authors": "PH Hsieh, JR Sullivan, DA Sass\u2026 - The Journal of  \u2026", "excerpt": "Research has identified factors associated with academic success by evaluating relations among psychological and academic variables, although few studies have examined theoretical models to understand the complex links. This study used structural equation  ...", "url_pdf": null, "num_citations": 11, "cluster_id": "11071365065521373113", "year": "2012", "url_citations": "http://scholar.google.com/scholar?cites=11071365065521373113&as_sdt=2005&sciodt=1,5&hl=en"}, {"num_versions": 0, "url_citation": null, "title": "The role of self-efficacy, task value, and achievement goals in predicting learning approaches and mathematics achievement", "url": "http://www.sciencedirect.com/science/article/pii/S1877042810015880", "url_versions": null, "authors": "MG Lavasani, E Malahmadi, J Amani - Procedia-Social and Behavioral  \u2026", "excerpt": "Relations among self-efficacy, task value, achievement goals, learning approaches, and mathematics achievement were examined in a path analysis model. Results revealed self-efficacy exerted a direct, positive influence on task value, mastery goals, performance\u2013 ...", "url_pdf": null, "num_citations": 9, "cluster_id": "15841981898025162735", "year": "2010", "url_citations": "http://scholar.google.com/scholar?cites=15841981898025162735&as_sdt=2005&sciodt=1,5&hl=en"}, {"num_versions": 10, "url_citation": null, "title": "The interface between EFL learners' self-efficacy concerning listening comprehension and listening proficiency", "url": "http://pegem.net/dosyalar/dokuman/124476-20110815121542-2.pdf", "url_versions": "http://scholar.google.com/scholar?cluster=6837027190623147056&hl=en&as_sdt=1,5&sciodt=1,5&as_vis=1", "authors": "A Rahimi, A Abedini - Novitas-Royal", "excerpt": "Abstract: Since the focus of education has shifted from teacher-directed to learner-oriented instruction in recent decades, a growing body of research in the field of EFL/ESL learning involves issues relevant to learners and their individual differences. It should be pointed  ...", "url_pdf": "http://pegem.net/dosyalar/dokuman/124476-20110815121542-2.pdf", "num_citations": 46, "cluster_id": "6837027190623147056", "year": "2009", "url_citations": "http://scholar.google.com/scholar?cites=6837027190623147056&as_sdt=2005&sciodt=1,5&hl=en"}, {"num_versions": 3, "url_citation": null, "title": "Predicting teachers' achievement goals for teaching: The role of perceived school goal structure and teachers' sense of efficacy", "url": "http://www.sciencedirect.com/science/article/pii/S0742051X12001813", "url_versions": "http://scholar.google.com/scholar?cluster=8917590497148724927&hl=en&as_sdt=1,5&sciodt=1,5&as_vis=1", "authors": "YJ Cho, SS Shim - Teaching and Teacher Education", "excerpt": "The present study investigated contextual and personal factors associated with teachers' achievement goals for teaching. A total of 211 teachers completed an online survey. Hierarchical multiple regression analyses revealed that perceived school mastery goal  ...", "url_pdf": null, "num_citations": 21, "cluster_id": "8917590497148724927", "year": "2013", "url_citations": "http://scholar.google.com/scholar?cites=8917590497148724927&as_sdt=2005&sciodt=1,5&hl=en"}, {"num_versions": 4, "url_citation": null, "title": "Personal and contextual determinants of ethnically diverse female high school students' patterns of academic help seeking and help avoidance in English and  \u2026", "url": "http://www.sciencedirect.com/science/article/pii/S0361476X11000051", "url_versions": "http://scholar.google.com/scholar?cluster=9888638086383924182&hl=en&as_sdt=1,5&sciodt=1,5&as_vis=1", "authors": "A Zusho, PA Barnett - Contemporary Educational Psychology", "excerpt": "This study investigated female high school students'(N= 293) patterns of help seeking in the domains of English and mathematics. Help seeking was operationalized using both self-report measures of need-contingent help seeking and help avoidance, as well as a  ...", "url_pdf": null, "num_citations": 15, "cluster_id": "9888638086383924182", "year": "2011", "url_citations": "http://scholar.google.com/scholar?cites=9888638086383924182&as_sdt=2005&sciodt=1,5&hl=en"}, {"num_versions": 6, "url_citation": null, "title": "Predicting college enrollment from student interaction with an intelligent tutoring system in middle school", "url": "http://www.educationaldatamining.org/conferences/index.php/EDM/2013/paper/download/1035/1001", "url_versions": "http://scholar.google.com/scholar?cluster=15556803479199684128&hl=en&as_sdt=1,5&sciodt=1,5&as_vis=1", "authors": "MO Pedro, R Baker, A Bowers\u2026 - \u2026  Data Mining", "excerpt": "ABSTRACT Research shows that middle school is an important juncture for a student where he or she starts to be conscious about academic achievement and thinks about college attendance. It is already known that access to financial resources, family background,  ...", "url_pdf": null, "num_citations": 29, "cluster_id": "15556803479199684128", "year": "2013", "url_citations": "http://scholar.google.com/scholar?cites=15556803479199684128&as_sdt=2005&sciodt=1,5&hl=en"}, {"num_versions": 2, "url_citation": null, "title": "Motivation, cognitive engagement, and academic achievement", "url": "http://www.sciencedirect.com/science/article/pii/S187704281100663X", "url_versions": "http://scholar.google.com/scholar?cluster=2271419332465186082&hl=en&as_sdt=1,5&sciodt=1,5&as_vis=1", "authors": "M Sedaghat, A Abedin, E Hejazi\u2026 - Procedia-Social and  \u2026", "excerpt": "The purpose of this study was to test predictions of a model explaining the impact of motivational factors include perceived ability, perceived instrumentality, achievement goals on cognitive engagement and academic achievement. Participants were 1371 junior year  ...", "url_pdf": null, "num_citations": 9, "cluster_id": "2271419332465186082", "year": "2011", "url_citations": "http://scholar.google.com/scholar?cites=2271419332465186082&as_sdt=2005&sciodt=1,5&hl=en"}, {"num_versions": 8, "url_citation": null, "title": "A critical discussion of deep and surface processing: What it means, how it is measured, the role of context, and model specification", "url": "http://link.springer.com/article/10.1007/s10648-012-9198-7", "url_versions": "http://scholar.google.com/scholar?cluster=10707756886493239945&hl=en&as_sdt=1,5&sciodt=1,5&as_vis=1", "authors": "DL Dinsmore, PA Alexander - Educational Psychology Review", "excerpt": "Abstract The prevailing assumption by some that deep processing promotes stronger learning outcomes while surface processing promotes weaker learning outcomes has been called into question by the inconsistency and ambiguity of results in investigations of the  ...", "url_pdf": null, "num_citations": 25, "cluster_id": "10707756886493239945", "year": "2012", "url_citations": "http://scholar.google.com/scholar?cites=10707756886493239945&as_sdt=2005&sciodt=1,5&hl=en"}, {"num_versions": 10, "url_citation": null, "title": "Two Rural Worlds: Differences of Rural High School", "url": "http://jrre.vmhost.psu.edu/wp-content/uploads/2014/02/25-8.pdf", "url_versions": "http://scholar.google.com/scholar?cluster=416667195162886718&hl=en&as_sdt=1,5&sciodt=1,5&as_vis=1", "authors": "P Hardr\u00e9, M Hennessey -", "excerpt": "This research examined how rural high school students' self-perceptions and environmental perceptions influence their engagement, expectations, and achievement, and how those relationships differ by geographic rural location. Participants were 224 students in four  ...", "url_pdf": "http://jrre.vmhost.psu.edu/wp-content/uploads/2014/02/25-8.pdf", "num_citations": 8, "cluster_id": "416667195162886718", "year": "2010", "url_citations": "http://scholar.google.com/scholar?cites=416667195162886718&as_sdt=2005&sciodt=1,5&hl=en"}, {"num_versions": 5, "url_citation": null, "title": "Cognitive functioning and work success in adults with dyslexia", "url": "http://onlinelibrary.wiley.com/doi/10.1002/dys.441/full", "url_versions": "http://scholar.google.com/scholar?cluster=453009774109306109&hl=en&as_sdt=1,5&sciodt=1,5&as_vis=1", "authors": "C Leather, H Hogh, E Seiss, J Everatt - Dyslexia", "excerpt": "Dyslexic adults completed questionnaires designed to investigate relationships between cognitive functioning, especially executive aspects, and work success. The study was designed to determine whether quantitative support could be provided for the model of  ...", "url_pdf": null, "num_citations": 10, "cluster_id": "453009774109306109", "year": "2011", "url_citations": "http://scholar.google.com/scholar?cites=453009774109306109&as_sdt=2005&sciodt=1,5&hl=en"}, {"num_versions": 6, "url_citation": null, "title": "A longitudinal assessment of the effectiveness of a school-based mentoring program in middle school", "url": "http://www.sciencedirect.com/science/article/pii/S0361476X12000513", "url_versions": "http://scholar.google.com/scholar?cluster=16372890409966332497&hl=en&as_sdt=1,5&sciodt=1,5&as_vis=1", "authors": "JC N\u00fa\u00f1ez, P Ros\u00e1rio, G Vallejo\u2026 - Contemporary  \u2026", "excerpt": "This work assessed the efficacy of a middle-school-based mentoring program designed to increase student use of self-regulated learning (SRL) strategies, self-efficacy for and the perceived usefulness of SRL as well as mathematics and language achievement. A  ...", "url_pdf": null, "num_citations": 22, "cluster_id": "16372890409966332497", "year": "2013", "url_citations": "http://scholar.google.com/scholar?cites=16372890409966332497&as_sdt=2005&sciodt=1,5&hl=en"}, {"num_versions": 9, "url_citation": null, "title": "Social perceptions of achieving students and achievement goals of students in Malaysia and the Philippines", "url": "http://link.springer.com/article/10.1007/s11218-010-9118-y", "url_versions": "http://scholar.google.com/scholar?cluster=12059743672688061800&hl=en&as_sdt=1,5&sciodt=1,5&as_vis=1", "authors": "ABI Bernardo, R Ismail - Social Psychology of Education", "excerpt": "Abstract The study investigates the hypothesis that country differences in achievement goals of students are associated with differences in how students with different achievement goals are perceived by students in different cultures. University students from Malaysia and the  ...", "url_pdf": null, "num_citations": 18, "cluster_id": "12059743672688061800", "year": "2010", "url_citations": "http://scholar.google.com/scholar?cites=12059743672688061800&as_sdt=2005&sciodt=1,5&hl=en"}, {"num_versions": 4, "url_citation": null, "title": "Goals, efficacy and metacognitive self-regulation a path analysis", "url": "http://www.macrothink.org/journal/index.php/ije/article/view/357", "url_versions": "http://scholar.google.com/scholar?cluster=17728347388464297469&hl=en&as_sdt=1,5&sciodt=1,5&as_vis=1", "authors": "IS Al-Harthy, CA Was, RM Isaacson - International Journal of  \u2026", "excerpt": "Abstract The purpose of this study was to illustrate the relationship between self-efficacy, task value, goal orientations, metacognitive self-regulation, self-regulation and learning strategies and to investigate the unique contribution of each on the variability in students'  ...", "url_pdf": null, "num_citations": 23, "cluster_id": "17728347388464297469", "year": "2010", "url_citations": "http://scholar.google.com/scholar?cites=17728347388464297469&as_sdt=2005&sciodt=1,5&hl=en"}, {"num_versions": 2, "url_citation": null, "title": "Intimidation in small learning groups: The roles of social-comparison concern, comfort, and individual characteristics in student academic outcomes", "url": "http://alh.sagepub.com/content/12/3/175.short", "url_versions": "http://scholar.google.com/scholar?cluster=7823728962905189205&hl=en&as_sdt=1,5&sciodt=1,5&as_vis=1", "authors": "M Micari, D Drane - Active Learning in Higher Education", "excerpt": "Abstract This study examines the relationship of social-comparison concern, comfort, and self-efficacy to course performance and program persistence in a small-group learning environment. As part of the study, 205 undergraduates in a peer-led, small-group science  ...", "url_pdf": null, "num_citations": 19, "cluster_id": "7823728962905189205", "year": "2011", "url_citations": "http://scholar.google.com/scholar?cites=7823728962905189205&as_sdt=2005&sciodt=1,5&hl=en"}]