[{"num_versions": 4, "url_citation": null, "title": "Deep learning for objective quality assessment of 3D images", "url": "http://ieeexplore.ieee.org/xpls/abs_all.jsp?arnumber=7025152", "url_versions": "http://scholar.google.com/scholar?cluster=2596928671083756888&hl=en&as_sdt=1,5&sciodt=1,5&as_vis=1", "authors": "DC Mocanu, G Exarchakos\u2026 - Image Processing (ICIP),  \u2026", "excerpt": "ABSTRACT Improving the users' Quality of Experience (QoE) in modern 3D Multimedia Systems is a challenging proposition, mainly due to our limited knowledge of 3D image Quality Assessment algorithms. While subjective QoE methods would better reflect the  ...", "url_pdf": null, "num_citations": 3, "cluster_id": "2596928671083756888", "year": "2014", "url_citations": "http://scholar.google.com/scholar?cites=2596928671083756888&as_sdt=2005&sciodt=1,5&hl=en"}, {"num_versions": 2, "url_citation": null, "title": "Neuronale Wissensrepr\u00e4sentation und antizipierende hierarchische Speicher", "url": "http://elib.uni-stuttgart.de/opus/volltexte/2014/9328/", "url_versions": "http://scholar.google.com/scholar?cluster=17241896013743170398&hl=en&as_sdt=1,5&sciodt=1,5&as_vis=1", "authors": "R Wittmann -", "excerpt": "Abstract Neurowissenschaftliche Erkenntnisse \u00fcber Struktur und Funktion des Neokortex lassen eine Neuorientierung auf dem Gebiet der k\u00fcnstlichen neuronalen Netze ratsam erscheinen. Es gilt, seine tiefe und hierarchische Architektur, seine universelle F\u00e4higkeit,  ...", "url_pdf": null, "num_citations": 0, "cluster_id": null, "year": "2013", "url_citations": null}, {"num_versions": 2, "url_citation": null, "title": "Deep Learning For Sequential Pattern Recognition", "url": "http://upcommons.upc.edu/handle/2099.1/20268", "url_versions": "http://scholar.google.com/scholar?cluster=7579635460474112892&hl=en&as_sdt=1,5&sciodt=1,5&as_vis=1", "authors": "P Safari -", "excerpt": "In recent years, deep learning has opened a new research line in pattern recognition tasks. It has been hypothesized that this kind of learning would capture more abstract patterns concealed in data. It is motivated by the new findings both in biological aspects of the  ...", "url_pdf": null, "num_citations": 1, "cluster_id": "7579635460474112892", "year": "2013", "url_citations": "http://scholar.google.com/scholar?cites=7579635460474112892&as_sdt=2005&sciodt=1,5&hl=en"}, {"num_versions": 2, "url_citation": null, "title": "Tuning parameters of deep neural network algorithms for identifying best cost function", "url": "http://www.deepnets.ineb.up.pt/files/publications/report_technical_2_2013.pdf", "url_versions": "http://scholar.google.com/scholar?cluster=17258351741795720372&hl=en&as_sdt=1,5&sciodt=1,5&as_vis=1", "authors": "C Kandaswamy, T Amaral -", "excerpt": "We present the test results of the Deep Neural Network algorithm on various datasets. The test were conducted on tunned parameters of the deep neural network. The following sections contain performance measurements of the sum of squared errors (SSE) or Mean  ...", "url_pdf": "http://www.deepnets.ineb.up.pt/files/publications/report_technical_2_2013.pdf", "num_citations": 2, "cluster_id": "17258351741795720372", "year": "2013", "url_citations": "http://scholar.google.com/scholar?cites=17258351741795720372&as_sdt=2005&sciodt=1,5&hl=en"}, {"num_versions": 0, "url_citation": null, "title": "Research on deep neural network's hidden layers in phoneme recognition", "url": "http://ieeexplore.ieee.org/xpls/abs_all.jsp?arnumber=6936718", "url_versions": null, "authors": "Y Ma, J Dang, W Li - Chinese Spoken Language Processing ( \u2026", "excerpt": "Abstract In spite of the great success of the deep neural network (DNN) in speech processing, it is still unclear what kind of underlying mechanisms are involved in this achievement. This preliminary study attempts to find an answer by investigating the  ...", "url_pdf": null, "num_citations": 1, "cluster_id": "10105253501020236926", "year": "2014", "url_citations": "http://scholar.google.com/scholar?cites=10105253501020236926&as_sdt=2005&sciodt=1,5&hl=en"}, {"num_versions": 3, "url_citation": null, "title": "Factored four way conditional restricted Boltzmann machines for activity recognition", "url": "http://www.sciencedirect.com/science/article/pii/S0167865515000379", "url_versions": "http://scholar.google.com/scholar?cluster=14494407929617776833&hl=en&as_sdt=1,5&sciodt=1,5&as_vis=1", "authors": "DC Mocanu, HB Ammar, D Lowet, K Driessens\u2026 - Pattern Recognition  \u2026", "excerpt": "Abstract This paper introduces a new learning algorithm for human activity recognition capable of simultaneous regression and classification. Building upon conditional restricted Boltzmann machines (CRBMs), Factored four way conditional restricted Boltzmann  ...", "url_pdf": null, "num_citations": 1, "cluster_id": "14494407929617776833", "year": "2015", "url_citations": "http://scholar.google.com/scholar?cites=14494407929617776833&as_sdt=2005&sciodt=1,5&hl=en"}, {"num_versions": 3, "url_citation": null, "title": "\u6df1\u5ea6\u5b66\u4e60\u7ed3\u6784\u548c\u7b97\u6cd5\u6bd4\u8f83\u5206\u6790", "url": "http://www.cqvip.com/qk/91080x/201205/43620953.html", "url_versions": "http://scholar.google.com/scholar?cluster=6240589423955170562&hl=en&as_sdt=1,5&sciodt=1,5&as_vis=1", "authors": "\u674e\u6d77\u5cf0\uff0c \u674e\u7eaf\u679c - \u6cb3\u5317\u5927\u5b66\u5b66\u62a5: \u81ea\u7136\u79d1\u5b66\u7248", "excerpt": "Hinton \u7b49\u4eba\u63d0\u51fa\u7684\u6df1\u5ea6\u673a\u5668\u5b66\u4e60, \u6380\u8d77\u4e86\u795e\u7ecf\u7f51\u7edc\u7814\u7a76\u7684\u53c8\u4e00\u4e2a\u6d6a\u6f6e. \u4ecb\u7ecd\u4e86\u6df1\u5ea6\u673a\u5668\u5b66\u4e60\u7684\u57fa\u672c\u6982\u5ff5\u548c\u57fa\u672c\u601d\u60f3. \u5bf9\u4e8e\u76ee\u524d\u6bd4\u8f83\u6210\u719f\u7684\u6df1\u5ea6\u673a\u5668\u5b66\u4e60\u7ed3\u6784\u6df1\u5ea6\u7f6e\u4fe1\u7f51DBNs \u548c\u7ea6\u675fBoltzmann \u673a(RBM) \u7684\u7ed3\u6784\u548c\u65e0\u76d1\u7763\u8d2a\u5a6a\u5b66\u4e60\u7b97\u6cd5\u4f5c\u4e86\u6bd4\u8f83\u8be6\u7ec6\u7684\u4ecb\u7ecd\u548c\u6bd4\u8f83, \u5e76\u5bf9 ...", "url_pdf": null, "num_citations": 6, "cluster_id": "6240589423955170562", "year": "2012", "url_citations": "http://scholar.google.com/scholar?cites=6240589423955170562&as_sdt=2005&sciodt=1,5&hl=en"}]