[{"num_versions": 2, "url_citation": null, "title": "Using a learning log to support students' learning in biology lessons", "url": "http://www.tandfonline.com/doi/abs/10.1080/00219266.2010.9656197", "url_versions": "http://scholar.google.com/scholar?cluster=7947121997427664332&hl=en&as_sdt=1,5&sciodt=1,5&as_vis=1", "authors": "K Stephens, M Winterbottom - Journal of Biological Education", "excerpt": "Learning logs or reflective journals are frequently used in further and higher education to encourage students' reflection on their learning. Such approaches are rare in school. This study employed a learning log over a five-week period, with a class of 14\u201315 year old  ...", "url_pdf": null, "num_citations": 9, "cluster_id": "7947121997427664332", "year": "2010", "url_citations": "http://scholar.google.com/scholar?cites=7947121997427664332&as_sdt=2005&sciodt=1,5&hl=en"}, {"num_versions": 6, "url_citation": null, "title": "In-depth learning: one school's initiatives to foster integration of ethics, values, and the human dimensions of medicine", "url": "http://journals.lww.com/academicmedicine/Fulltext/2007/04000/The_Scholarly_Project_Initiative__Introducing.17.aspx", "url_versions": "http://scholar.google.com/scholar?cluster=17040081126831239836&hl=en&as_sdt=1,5&sciodt=1,5&as_vis=1", "authors": "SL Kanter, PF Wimmers, AS Levine - Academic Medicine", "excerpt": "Abstract Today's medical student curriculum is a lock-step experience that provides a broad survey of medicine with little opportunity to pursue fully integrated, in-depth learning. To teach students about the human dimensions of health care, many schools simply have  ...", "url_pdf": null, "num_citations": 25, "cluster_id": "17040081126831239836", "year": "2007", "url_citations": "http://scholar.google.com/scholar?cites=17040081126831239836&as_sdt=2005&sciodt=1,5&hl=en"}, {"num_versions": 4, "url_citation": null, "title": "Self-regulation and approaches to learning in English composition writing", "url": "http://papers.ssrn.com/sol3/papers.cfm?abstract_id=1579404", "url_versions": "http://scholar.google.com/scholar?cluster=17791439664888810651&hl=en&as_sdt=1,5&sciodt=1,5&as_vis=1", "authors": "C Magno - TESOL Journal", "excerpt": "Abstract: It is hypothesized in the present study that when learners are tasked to write a composition in a second language (such as English language for Filipinos), they use specific approaches to learning and eventually undergo self-regulatory processes. The  ...", "url_pdf": null, "num_citations": 12, "cluster_id": "17791439664888810651", "year": "2009", "url_citations": "http://scholar.google.com/scholar?cites=17791439664888810651&as_sdt=2005&sciodt=1,5&hl=en"}, {"num_versions": 8, "url_citation": null, "title": "Strategic Questions: A Means of Building Metacognitive Language.", "url": "http://eric.ed.gov/?id=EJ869332", "url_versions": "http://scholar.google.com/scholar?cluster=12476547167049998773&hl=en&as_sdt=1,5&sciodt=1,5&as_vis=1", "authors": "C Deed - International Journal of teaching and learning in higher \u2026", "excerpt": "Conversations between educators and students about choices and strategies are an important pedagogical mechanism to examine the abstract concept of learning. Although students have tacit knowledge about their approach to learning, they are often unable to  ...", "url_pdf": null, "num_citations": 16, "cluster_id": "12476547167049998773", "year": "2009", "url_citations": "http://scholar.google.com/scholar?cites=12476547167049998773&as_sdt=2005&sciodt=1,5&hl=en"}, {"num_versions": 5, "url_citation": null, "title": "Need for cognition as an antecedent of individual innovation behavior", "url": "http://jom.sagepub.com/content/40/6/1511.short", "url_versions": "http://scholar.google.com/scholar?cluster=1164198002877085892&hl=en&as_sdt=1,5&sciodt=1,5&as_vis=1", "authors": "CH Wu, SK Parker, JPJ De Jong - Journal of Management", "excerpt": "Abstract The authors propose that need for cognition, an individual's tendency to engage in and enjoy thinking, is associated with individual innovation behavior. Moreover, drawing on an interactionist perspective, the authors suggest that need for cognition becomes more  ...", "url_pdf": null, "num_citations": 24, "cluster_id": "1164198002877085892", "year": "2014", "url_citations": "http://scholar.google.com/scholar?cites=1164198002877085892&as_sdt=2005&sciodt=1,5&hl=en"}, {"num_versions": 4, "url_citation": null, "title": "An empirical study of presage variables in the teaching\u2013learning of statistics in the light of research on competencies", "url": "http://www.investigacion-psicopedagogica.org/revista/articulos/20/english/Art_20_399.pdf", "url_versions": "http://scholar.google.com/scholar?cluster=14048179638486910239&hl=en&as_sdt=1,5&sciodt=1,5&as_vis=1", "authors": "C Rodr\u00edguez, J Guti\u00e9rrez\u2026 - \u2026 of Research in \u2026", "excerpt": "Abstract Introduction. This research seeks to determine the influence exercised by a set of presage and process variables (students' pre-existing opinion towards statistics, their dedication to mastery of statistics content, assessment of the teaching materials, and the  ...", "url_pdf": "http://www.investigacion-psicopedagogica.org/revista/articulos/20/english/Art_20_399.pdf", "num_citations": 7, "cluster_id": "14048179638486910239", "year": "2010", "url_citations": "http://scholar.google.com/scholar?cites=14048179638486910239&as_sdt=2005&sciodt=1,5&hl=en"}, {"num_versions": 5, "url_citation": null, "title": "The student learning process: Learning styles or learning approaches?", "url": "http://www.tandfonline.com/doi/abs/10.1080/1356251042000337972", "url_versions": "http://scholar.google.com/scholar?cluster=9561067062434126612&hl=en&as_sdt=1,5&sciodt=1,5&as_vis=1", "authors": "PF Cuthbert - Teaching in higher education", "excerpt": "The Learning Styles school and the Approaches to Learning school represent two rather different perspectives on the interaction of students with a learning situation. This paper outlines the basic positions of the two schools, and then considers the extent to which it is  ...", "url_pdf": null, "num_citations": 106, "cluster_id": "9561067062434126612", "year": "2005", "url_citations": "http://scholar.google.com/scholar?cites=9561067062434126612&as_sdt=2005&sciodt=1,5&hl=en"}, {"num_versions": 9, "url_citation": null, "title": "The influence of need for closure on learning and teaching", "url": "http://link.springer.com/article/10.1007/s10648-009-9111-1", "url_versions": "http://scholar.google.com/scholar?cluster=18092062383021636905&hl=en&as_sdt=1,5&sciodt=1,5&as_vis=1", "authors": "TK DeBacker, HM Crowson - Educational Psychology Review", "excerpt": "Abstract A primary goal of educational systems is to provide learners with the information, skills, and dispositions needed to be an effective member of a complex and information-rich society. To effectively address this goal, educators and educational psychologists need to  ...", "url_pdf": null, "num_citations": 15, "cluster_id": "18092062383021636905", "year": "2009", "url_citations": "http://scholar.google.com/scholar?cites=18092062383021636905&as_sdt=2005&sciodt=1,5&hl=en"}, {"num_versions": 3, "url_citation": null, "title": "An ethical approach to practitioner research: Dealing with issues and dilemmas in action research", "url": "http://scholar.google.com/https://books.google.com/books?hl=en&lr=&id=4Ax9AgAAQBAJ&oi=fnd&pg=PP1&ots=5l9RSZoa33&sig=CEsxSIKM9JK9BFQx06S9lNzQTuk", "url_versions": "http://scholar.google.com/scholar?cluster=1630065641270135833&hl=en&as_sdt=1,5&sciodt=1,5&as_vis=1", "authors": "A Campbell, S Groundwater-Smith -", "excerpt": "Practice based research is burgeoning in a number of professional areas. An Ethical Approach to Practitioner Research covers a comprehensive range of issues and dilemmas encountered in practitioner and action research contexts. While principally focused upon  ...", "url_pdf": null, "num_citations": 64, "cluster_id": "1630065641270135833", "year": "2007", "url_citations": "http://scholar.google.com/scholar?cites=1630065641270135833&as_sdt=2005&sciodt=1,5&hl=en"}, {"num_versions": 0, "url_citation": null, "title": "Pedagogical research in higher education", "url": "http://scholar.google.com/https://books.google.com/books?hl=en&lr=&id=4Ax9AgAAQBAJ&oi=fnd&pg=PA162&ots=5l9RSZoa44&sig=_QiHD8-iAknkLzh68nd2odtO3Ao", "url_versions": null, "authors": "L Norton - An ethical approach to Practitioner Research: Dealing  \u2026", "excerpt": "Researching into the practice of one's own institution raises a number of ethical dilemmas. Having worked in higher education for 18 years as a practitioner\u2013researcher, I convince myself that the research I do on students' learning and on teachers' teaching at university  ...", "url_pdf": null, "num_citations": 5, "cluster_id": "10245173841883895389", "year": "2007", "url_citations": "http://scholar.google.com/scholar?cites=10245173841883895389&as_sdt=2005&sciodt=1,5&hl=en"}, {"num_versions": 7, "url_citation": null, "title": "Factors affecting high school students' academic motivation in Taiwan", "url": "http://www.tandfonline.com/doi/abs/10.1080/02188790600937326", "url_versions": "http://scholar.google.com/scholar?cluster=10273974223903880805&hl=en&as_sdt=1,5&sciodt=1,5&as_vis=1", "authors": "PL Hardr\u00e9, CH Chen, SH Huang\u2026 - Asia Pacific Journal of \u2026", "excerpt": "The purpose of this research is to investigate predictive relationships among student characteristics that influence motivation for learning and achievement. A non-Western sample was chosen to test the generalisability of findings outside the Western cultural and  ...", "url_pdf": null, "num_citations": 35, "cluster_id": "10273974223903880805", "year": "2006", "url_citations": "http://scholar.google.com/scholar?cites=10273974223903880805&as_sdt=2005&sciodt=1,5&hl=en"}, {"num_versions": 3, "url_citation": null, "title": "Reliance to Independence: Approaches to learning in peer\u2010led undergraduate science, technology, engineering, and mathematics workshops", "url": "http://www.tandfonline.com/doi/abs/10.1080/09500690802162911", "url_versions": "http://scholar.google.com/scholar?cluster=5640190538265324860&hl=en&as_sdt=1,5&sciodt=1,5&as_vis=1", "authors": "M Micari, G Light - International Journal of Science Education", "excerpt": "The phenomenographic 'approach to learning'literature holds that students' approaches to learning can change depending on the learning context. This implies that, by modifying the learning context, teachers can change the way students approach learning, and this can  ...", "url_pdf": null, "num_citations": 17, "cluster_id": "5640190538265324860", "year": "2009", "url_citations": "http://scholar.google.com/scholar?cites=5640190538265324860&as_sdt=2005&sciodt=1,5&hl=en"}, {"num_versions": 12, "url_citation": null, "title": "Perceptions of the learning context and learning approaches: Implications for quality learning outcomes in accounting", "url": "http://www.tandfonline.com/doi/abs/10.1080/06939280500036364", "url_versions": "http://scholar.google.com/scholar?cluster=604528891486755793&hl=en&as_sdt=1,5&sciodt=1,5&as_vis=1", "authors": "B Jackling - Accounting education", "excerpt": "Abstract This study analyses learning approaches, course perceptions and learning outcomes of a group of second year accounting students at an Australian university using qualitative data analysis techniques. The research method involves the development of a  ...", "url_pdf": null, "num_citations": 61, "cluster_id": "604528891486755793", "year": "2005", "url_citations": "http://scholar.google.com/scholar?cites=604528891486755793&as_sdt=2005&sciodt=1,5&hl=en"}, {"num_versions": 6, "url_citation": null, "title": "Analysing metalearning in first\u2010year undergraduates through their reflective discussions and writing", "url": "http://www.tandfonline.com/doi/abs/10.1080/1470329042000277011", "url_versions": "http://scholar.google.com/scholar?cluster=8474437453243022674&hl=en&as_sdt=1,5&sciodt=1,5&as_vis=1", "authors": "LS Norton*, T Owens, L Clark - Innovations in Education and  \u2026", "excerpt": "This study reports on an initiative using Meyer's (2000a) Reflections on Learning Inventory (RoLI) to bring first\u2010year students' understandings of themselves as learners together with the expectations of their academic subjects. Students on a generic skills\u2010based  ...", "url_pdf": null, "num_citations": 19, "cluster_id": "8474437453243022674", "year": "2004", "url_citations": "http://scholar.google.com/scholar?cites=8474437453243022674&as_sdt=2005&sciodt=1,5&hl=en"}, {"num_versions": 10, "url_citation": null, "title": "A model of metacognition, achievement goal orientation, learning style and self-efficacy", "url": "http://link.springer.com/article/10.1007/s10984-008-9042-7", "url_versions": "http://scholar.google.com/scholar?cluster=10714171980226255889&hl=en&as_sdt=1,5&sciodt=1,5&as_vis=1", "authors": "SA Coutinho, G Neuman - Learning Environments Research", "excerpt": "Abstract Structural equation modelling was used to test a model integrating achievement goal orientation, learning style, self-efficacy and metacognition into a single framework that explained and predicted variation in performance. Self-efficacy was the strongest predictor  ...", "url_pdf": null, "num_citations": 97, "cluster_id": "10714171980226255889", "year": "2008", "url_citations": "http://scholar.google.com/scholar?cites=10714171980226255889&as_sdt=2005&sciodt=1,5&hl=en"}, {"num_versions": 6, "url_citation": null, "title": "The importance of cultivating a preference for complexity in veterinarians for effective lifelong learning", "url": "http://jvme.utpjournals.press/doi/abs/10.3138/jvme.37.2.165", "url_versions": "http://scholar.google.com/scholar?cluster=14493361850050726976&hl=en&as_sdt=1,5&sciodt=1,5&as_vis=1", "authors": "VHM Dale, SE Pierce, SA May - Journal of veterinary  \u2026", "excerpt": "ABSTRACT Much attention has been paid to the link between students' approaches to study and the quality of their learning. Less attention has been paid to the lifelong learner. We conceptualized a tripartite relationship between three measures of learning preference:  ...", "url_pdf": null, "num_citations": 12, "cluster_id": "14493361850050726976", "year": "2010", "url_citations": "http://scholar.google.com/scholar?cites=14493361850050726976&as_sdt=2005&sciodt=1,5&hl=en"}, {"num_versions": 6, "url_citation": null, "title": "Investigating the Effect of School Ability on Self-Efficacy, Learning Approaches, and Metacognition.", "url": "http://eric.ed.gov/?id=ED509128", "url_versions": "http://scholar.google.com/scholar?cluster=14943722755101011739&hl=en&as_sdt=1,5&sciodt=1,5&as_vis=1", "authors": "C Magno - Online Submission", "excerpt": "The relations among school ability, self-efficacy, learning approach, and metacognition were examined in a path model. Questionnaires measuring these constructs were administered to 194 Filipino college students. Path analysis was used to determine the effects of school  ...", "url_pdf": null, "num_citations": 15, "cluster_id": "14943722755101011739", "year": "2009", "url_citations": "http://scholar.google.com/scholar?cites=14943722755101011739&as_sdt=2005&sciodt=1,5&hl=en"}, {"num_versions": 22, "url_citation": null, "title": "Recipient design in tacit communication", "url": "http://www.sciencedirect.com/science/article/pii/S0010027708002916", "url_versions": "http://scholar.google.com/scholar?cluster=17855567352837655255&hl=en&as_sdt=1,5&sciodt=1,5&as_vis=1", "authors": "SE Newman-Norlund, ML Noordzij\u2026 - Cognition", "excerpt": "The ability to design tailored messages for specific listeners is an important aspect of human communication. The present study investigates whether a mere belief about an addressee's identity influences the generation and production of a communicative message in a novel,  ...", "url_pdf": null, "num_citations": 38, "cluster_id": "17855567352837655255", "year": "2009", "url_citations": "http://scholar.google.com/scholar?cites=17855567352837655255&as_sdt=2005&sciodt=1,5&hl=en"}, {"num_versions": 2, "url_citation": null, "title": "Factors influencing self-directed learning readiness amongst Taiwanese nursing students", "url": "http://eprints.qut.edu.au/20709/", "url_versions": "http://scholar.google.com/scholar?cluster=10797696920459587800&hl=en&as_sdt=1,5&sciodt=1,5&as_vis=1", "authors": "M Huang -", "excerpt": "Rapid scientific and technological advances in health care mean that nurses need to keep learning and engage in professional education so that they can continue to provide safe and quality care. Education programs which prepare nurses for practice as a registered nurse  ...", "url_pdf": null, "num_citations": 8, "cluster_id": "10797696920459587800", "year": "2008", "url_citations": "http://scholar.google.com/scholar?cites=10797696920459587800&as_sdt=2005&sciodt=1,5&hl=en"}, {"num_versions": 3, "url_citation": null, "title": "An implicit test of UX: individuals differ in what they associate with computers", "url": "http://dl.acm.org/citation.cfm?id=2468722", "url_versions": "http://scholar.google.com/scholar?cluster=18268224974362091303&hl=en&as_sdt=1,5&sciodt=1,5&as_vis=1", "authors": "M Schmettow, ML Noordzij, M Mundt - CHI'13 Extended Abstracts on  \u2026", "excerpt": "Abstract User experience research has made considerable progress in understanding subjective experience with interactive technology. Nevertheless, we argue, some blind spots have remained: individual differences are frequently ignored, the prevalent measures of  ...", "url_pdf": null, "num_citations": 8, "cluster_id": "18268224974362091303", "year": "2013", "url_citations": "http://scholar.google.com/scholar?cites=18268224974362091303&as_sdt=2005&sciodt=1,5&hl=en"}, {"num_versions": 5, "url_citation": null, "title": "Maxims, tacit knowledge and learning: Developing expertise in dry stone walling", "url": "http://www.tandfonline.com/doi/abs/10.1080/13636820701828812", "url_versions": "http://scholar.google.com/scholar?cluster=8157750129546255009&hl=en&as_sdt=1,5&sciodt=1,5&as_vis=1", "authors": "N Farrar, G Trorey - Journal of Vocational Education and Training", "excerpt": "This study attempts to further our understanding of how expertise is acquired in a specific vocational context. Using unstructured interviews with both individuals and groups, carried out whilst engaged in practice, it examines what happens when dry stone wallers are  ...", "url_pdf": null, "num_citations": 19, "cluster_id": "8157750129546255009", "year": "2008", "url_citations": "http://scholar.google.com/scholar?cites=8157750129546255009&as_sdt=2005&sciodt=1,5&hl=en"}, {"num_versions": 9, "url_citation": null, "title": "Task-contingent conscientiousness as a unit of personality at work.", "url": "http://psycnet.apa.org/journals/apl/95/5/793/", "url_versions": "http://scholar.google.com/scholar?cluster=3553940813078858045&hl=en&as_sdt=1,5&sciodt=1,5&as_vis=1", "authors": "A Minbashian, RE Wood\u2026 - Journal of Applied  \u2026", "excerpt": "Abstract 1. The present study examined the viability of incorporating task-contingent units into the study of personality at work, using conscientiousness as an illustrative example. We used experience-sampling data from 123 managers to show that (a) momentary  ...", "url_pdf": null, "num_citations": 32, "cluster_id": "3553940813078858045", "year": "2010", "url_citations": "http://scholar.google.com/scholar?cites=3553940813078858045&as_sdt=2005&sciodt=1,5&hl=en"}, {"num_versions": 3, "url_citation": null, "title": "Diversifying the US engineering workforce: A new model", "url": "http://onlinelibrary.wiley.com/doi/10.1002/j.2168-9830.2007.tb00912.x/abstract", "url_versions": "http://scholar.google.com/scholar?cluster=15354771122799906826&hl=en&as_sdt=1,5&sciodt=1,5&as_vis=1", "authors": "K Watson, J Froyd - Journal of Engineering Education", "excerpt": "Abstract Existing approaches to increasing diversity conceptually pose the problem as a leaky pipeline. Although the pipeline model has supported several types of interventions, the mental model oversimplifies complexities of the underlying processes, focuses  ...", "url_pdf": null, "num_citations": 54, "cluster_id": "15354771122799906826", "year": "2007", "url_citations": "http://scholar.google.com/scholar?cites=15354771122799906826&as_sdt=2005&sciodt=1,5&hl=en"}, {"num_versions": 4, "url_citation": null, "title": "\u5927\u5b66\u751f\u8ba4\u77e5\u9700\u6c42\u91cf\u8868\u7684\u4fee\u8ba2", "url": "http://www.cqvip.com/qk/93584x/200501/12085842.html", "url_versions": "http://scholar.google.com/scholar?cluster=11279836750148134958&hl=en&as_sdt=1,5&sciodt=1,5&as_vis=1", "authors": "\u909d\u6021\uff0c \u65bd\u4fca\u7426\uff0c \u8521\u96c5\u7426\uff0c \u738b\u5792 - \u4e2d\u56fd\u5fc3\u7406\u536b\u751f\u6742\u5fd7", "excerpt": "\u76ee\u7684: \u8003\u5bdf\u5927\u5b66\u751f\u8ba4\u77e5\u9700\u6c42\u91cf\u8868\u7684\u4fe1\u5ea6, \u6548\u5ea6. \u65b9\u6cd5: 412 \u540d\u5927\u5b66\u751f, 57 \u540d\u5de5\u4eba\u5b8c\u6210\u4e2d\u6587\u7248\u8ba4\u77e5\u9700\u6c42\u91cf\u8868, \u5176\u4e2d30 \u540d\u5927\u5b66\u751f\u540c\u65f6\u5b8c\u6210\u81ea\u6211\u6548\u80fd\u6d4b\u9a8c, 56 \u540d\u5927\u5b66\u751f\u57284 \u5468\u540e\u91cd\u6d4b. \u7ed3\u679c: \u9879\u76ee\u5206\u6790\u663e\u793a, \u670917 \u4e2a\u9898\u76ee\u7b26\u5408\u6d4b\u91cf\u5b66\u8981\u6c42, \u9ad8, \u4f4e\u5206\u7ec4\u88ab\u8bd5\u5728\u6240\u6709\u9898\u76ee\u4e0a\u7684\u5f97\u5206\u5dee\u5f02\u90fd\u8fbe\u5230 ...", "url_pdf": null, "num_citations": 21, "cluster_id": "11279836750148134958", "year": "2005", "url_citations": "http://scholar.google.com/scholar?cites=11279836750148134958&as_sdt=2005&sciodt=1,5&hl=en"}, {"num_versions": 4, "url_citation": null, "title": "Integrating personality and intelligence: Typical intellectual engagement and need for cognition", "url": "http://www.sciencedirect.com/science/article/pii/S0191886907001535", "url_versions": "http://scholar.google.com/scholar?cluster=14453848799768975740&hl=en&as_sdt=1,5&sciodt=1,5&as_vis=1", "authors": "SE Woo, PD Harms, NR Kuncel - Personality and Individual differences", "excerpt": "Goff and Ackerman's (1992) Typical Intellectual Engagement scale and the Need for Cognition scale (Cacioppo, Petty, & Kao, 1984) correlated with each other near the limits of their reliabilities, and were quite interchangeable in convergent\u2013discriminant relations  ...", "url_pdf": null, "num_citations": 28, "cluster_id": "14453848799768975740", "year": "2007", "url_citations": "http://scholar.google.com/scholar?cites=14453848799768975740&as_sdt=2005&sciodt=1,5&hl=en"}, {"num_versions": 10, "url_citation": null, "title": "The interplay between cognitive and motivational variables in a supportive online learning system for secondary physical education", "url": "http://www.sciencedirect.com/science/article/pii/S0360131511002296", "url_versions": "http://scholar.google.com/scholar?cluster=3235094648930596117&hl=en&as_sdt=1,5&sciodt=1,5&as_vis=1", "authors": "CH Chen, IC Wu - Computers & Education", "excerpt": "A path model was used to test the unique and interactive effects of cognitive and motivational variables when learning in a supportive online learning system, Collaborative Inquiry System (CIS). In this student-centered learning environment, students interact with  ...", "url_pdf": null, "num_citations": 10, "cluster_id": "3235094648930596117", "year": "2012", "url_citations": "http://scholar.google.com/scholar?cites=3235094648930596117&as_sdt=2005&sciodt=1,5&hl=en"}, {"num_versions": 8, "url_citation": null, "title": "Adapting Instruction to Individuals: Based on the Evidence, What Should It Mean?.", "url": "http://eric.ed.gov/?id=EJ869330", "url_versions": "http://scholar.google.com/scholar?cluster=6126768201584346577&hl=en&as_sdt=1,5&sciodt=1,5&as_vis=1", "authors": "JP Lalley, JR Gentile - International Journal of Teaching and Learning in  \u2026", "excerpt": "We examine the argument that teaching will be more effective if adapted to individuals-what we call the interaction/adaptation hypothesis. What is likely correct about this hypothesis (but needs more research) is that modality of instruction may need to be adapted to certain  ...", "url_pdf": null, "num_citations": 8, "cluster_id": "6126768201584346577", "year": "2009", "url_citations": "http://scholar.google.com/scholar?cites=6126768201584346577&as_sdt=2005&sciodt=1,5&hl=en"}, {"num_versions": 4, "url_citation": null, "title": "A Commentary on \u201cUndergraduate Education: The Implications of Cross-Functional Relationships in Business Marketing\u2013The Skills of High-Performing Managers\u201d", "url": "http://www.tandfonline.com/doi/abs/10.1300/J033v14n01_09", "url_versions": "http://scholar.google.com/scholar?cluster=12944429304639976117&hl=en&as_sdt=1,5&sciodt=1,5&as_vis=1", "authors": "CM Rodriguez - Journal of Business-to-Business Marketing", "excerpt": "ABSTRACT Collaborative skills that promote cross-functional dynamics, boundary spanning, and inter-firm cooperation are essential to every marketing manager. Most courses in the business curricula do not address the development of relational skills and competencies  ...", "url_pdf": null, "num_citations": 11, "cluster_id": "12944429304639976117", "year": "2007", "url_citations": "http://scholar.google.com/scholar?cites=12944429304639976117&as_sdt=2005&sciodt=1,5&hl=en"}, {"num_versions": 2, "url_citation": null, "title": "Approaches to learning and learning values: An investigation of adult learners in Malaysia", "url": "http://eprints.qut.edu.au/16295/", "url_versions": "http://scholar.google.com/scholar?cluster=11298047547517746196&hl=en&as_sdt=1,5&sciodt=1,5&as_vis=1", "authors": "PL Tan -", "excerpt": "This research was inspired by a pressing question which formed the main aim of the current study--What factors contribute to the differential academic performance of adult learners in the formal setting in Malaysia? It is hoped that by addressing this question, insights  ...", "url_pdf": null, "num_citations": 17, "cluster_id": "11298047547517746196", "year": "2006", "url_citations": "http://scholar.google.com/scholar?cites=11298047547517746196&as_sdt=2005&sciodt=1,5&hl=en"}, {"num_versions": 4, "url_citation": null, "title": "The relationship of deep and surface study approaches on factual and applied test\u2010bank multiple\u2010choice question performance", "url": "http://www.tandfonline.com/doi/abs/10.1080/02602938.2010.481041", "url_versions": "http://scholar.google.com/scholar?cluster=18364605032860139036&hl=en&as_sdt=1,5&sciodt=1,5&as_vis=1", "authors": "JE Yonker - Assessment & Evaluation in Higher Education", "excerpt": "With the advent of online test banks and large introductory classes, instructors have often turned to textbook publisher\u2010generated multiple\u2010choice question (MCQ) exams in their courses. Multiple\u2010choice questions are often divided into categories of factual or applied,  ...", "url_pdf": null, "num_citations": 14, "cluster_id": "18364605032860139036", "year": "2011", "url_citations": "http://scholar.google.com/scholar?cites=18364605032860139036&as_sdt=2005&sciodt=1,5&hl=en"}, {"num_versions": 13, "url_citation": null, "title": "Cognitive elements in clinical decision-making", "url": "http://link.springer.com/article/10.1007/s10459-009-9194-y", "url_versions": "http://scholar.google.com/scholar?cluster=4920447314849609888&hl=en&as_sdt=1,5&sciodt=1,5&as_vis=1", "authors": "BC Dunphy, R Cantwell, S Bourke, M Fleming\u2026 - Advances in health  \u2026", "excerpt": "Abstract Physician cognition, metacognition and affect may have an impact upon the quality of clinical reasoning. The purpose of this study was to examine the relationship between measures of physician metacognition and affect and patient outcomes in obstetric practice ...", "url_pdf": null, "num_citations": 20, "cluster_id": "4920447314849609888", "year": "2010", "url_citations": "http://scholar.google.com/scholar?cites=4920447314849609888&as_sdt=2005&sciodt=1,5&hl=en"}, {"num_versions": 11, "url_citation": null, "title": "A model of approaches to learning and academic achievement of students from an inquiry based bachelor of health sciences program", "url": "http://ojs.library.ubc.ca/index.php/cjhe/article/view/514", "url_versions": "http://scholar.google.com/scholar?cluster=955278431972922377&hl=en&as_sdt=1,5&sciodt=1,5&as_vis=1", "authors": "T Donnon, K Hecker - Canadian Journal of Higher Education", "excerpt": "Abstract The Biggs' Study Process Questionnaire (SPQ) was used to test competing models of students' approaches to learning in a sample of undergraduate students (n= 125) from an inquiry based Bachelor of Health Sciences program. In addition to an internal consistency  ...", "url_pdf": null, "num_citations": 10, "cluster_id": "955278431972922377", "year": "2008", "url_citations": "http://scholar.google.com/scholar?cites=955278431972922377&as_sdt=2005&sciodt=1,5&hl=en"}, {"num_versions": 3, "url_citation": null, "title": "The impact of academic self\u2010concept, expectations and the choice of learning strategy on academic achievement: the case of business students", "url": "http://www.tandfonline.com/doi/abs/10.1080/07294360903146841", "url_versions": "http://scholar.google.com/scholar?cluster=5254969280397228834&hl=en&as_sdt=1,5&sciodt=1,5&as_vis=1", "authors": "CM Rodriguez - Higher Education Research & Development", "excerpt": "This study provides evidence of the impact of two critical self\u2010regulation components\u2013academic self\u2010concept and outcome expectations\u2013on the selection of learning strategies conducive to academic achievement in undergraduate business education. Self\u2010concept  ...", "url_pdf": null, "num_citations": 51, "cluster_id": "5254969280397228834", "year": "2009", "url_citations": "http://scholar.google.com/scholar?cites=5254969280397228834&as_sdt=2005&sciodt=1,5&hl=en"}, {"num_versions": 15, "url_citation": null, "title": "Sources of variability in human communicative skills", "url": "http://www.ncbi.nlm.nih.gov/pmc/articles/PMC3504324/", "url_versions": "http://scholar.google.com/scholar?cluster=3375331730036340024&hl=en&as_sdt=1,5&sciodt=1,5&as_vis=1", "authors": "I Volman, ML Noordzij, I Toni - Frontiers in human neuroscience", "excerpt": "Abstract When established communication systems cannot be used, people rapidly create novel systems to modify the mental state of another agent according to their intentions. However, there are dramatic inter-individual differences in the implementation of this  ...", "url_pdf": null, "num_citations": 8, "cluster_id": "3375331730036340024", "year": "2012", "url_citations": "http://scholar.google.com/scholar?cites=3375331730036340024&as_sdt=2005&sciodt=1,5&hl=en"}]