[{"num_versions": 11, "url_citation": null, "title": "Sequence-discriminative training of deep neural networks.", "url": "http://www.fit.vutbr.cz/research/groups/speech/publi/2013/vesely_interspeech2013_IS131333.pdf", "url_versions": "http://scholar.google.com/scholar?cluster=15759101002795732334&hl=en&as_sdt=1,5&sciodt=1,5&as_vis=1", "authors": "K Vesel\u00fd, A Ghoshal, L Burget, D Povey - INTERSPEECH", "excerpt": "Abstract Sequence-discriminative training of deep neural networks (DNNs) is investigated on a 300 hour American English conversational telephone speech task. Different sequencediscriminative criteria\u2014maximum mutual information (MMI), minimum phone  ...", "url_pdf": "http://www.fit.vutbr.cz/research/groups/speech/publi/2013/vesely_interspeech2013_IS131333.pdf", "num_citations": 161, "cluster_id": "15759101002795732334", "year": "2013", "url_citations": "http://scholar.google.com/scholar?cites=15759101002795732334&as_sdt=2005&sciodt=1,5&hl=en"}, {"num_versions": 17, "url_citation": null, "title": "Towards deeper understanding: deep convex networks for semantic utterance classification", "url": "http://ieeexplore.ieee.org/xpls/abs_all.jsp?arnumber=6289054", "url_versions": "http://scholar.google.com/scholar?cluster=11968366004235009340&hl=en&as_sdt=1,5&sciodt=1,5&as_vis=1", "authors": "G Tur, L Deng, D Hakkani-T\u00fcr\u2026 - Acoustics, Speech and  \u2026", "excerpt": "ABSTRACT Following the recent advances in deep learning techniques, in this paper, we present the application of special type of deep architecture\u2014deep convex networks (DCNs)\u2014for semantic utterance classification (SUC). DCNs are shown to have several advantages  ...", "url_pdf": null, "num_citations": 41, "cluster_id": "11968366004235009340", "year": "2012", "url_citations": "http://scholar.google.com/scholar?cites=11968366004235009340&as_sdt=2005&sciodt=1,5&hl=en"}, {"num_versions": 10, "url_citation": null, "title": "Understanding how deep belief networks perform acoustic modelling", "url": "http://ieeexplore.ieee.org/xpls/abs_all.jsp?arnumber=6288863", "url_versions": "http://scholar.google.com/scholar?cluster=2947995609102644825&hl=en&as_sdt=1,5&sciodt=1,5&as_vis=1", "authors": "A Mohamed, G Hinton, G Penn - Acoustics, Speech and Signal  \u2026", "excerpt": "ABSTRACT Deep Belief Networks (DBNs) are a very competitive alternative to Gaussian mixture models for relating states of a hidden Markov model to frames of coefficients derived from the acoustic input. They are competitive for three reasons: DBNs can be fine-tuned as  ...", "url_pdf": null, "num_citations": 86, "cluster_id": "2947995609102644825", "year": "2012", "url_citations": "http://scholar.google.com/scholar?cites=2947995609102644825&as_sdt=2005&sciodt=1,5&hl=en"}, {"num_versions": 9, "url_citation": null, "title": "Modeling spectral envelopes using restricted Boltzmann machines and deep belief networks for statistical parametric speech synthesis", "url": "http://ieeexplore.ieee.org/xpls/abs_all.jsp?arnumber=6542729", "url_versions": "http://scholar.google.com/scholar?cluster=2521898126060522955&hl=en&as_sdt=1,5&sciodt=1,5&as_vis=1", "authors": "ZH Ling, L Deng, D Yu - Audio, Speech, and Language  \u2026", "excerpt": "Abstract This paper presents a new spectral modeling method for statistical parametric speech synthesis. In the conventional methods, high-level spectral parameters, such as mel-cepstra or line spectral pairs, are adopted as the features for hidden Markov model (HMM)  ...", "url_pdf": null, "num_citations": 45, "cluster_id": "2521898126060522955", "year": "2013", "url_citations": "http://scholar.google.com/scholar?cites=2521898126060522955&as_sdt=2005&sciodt=1,5&hl=en"}, {"num_versions": 8, "url_citation": null, "title": "Multilingual acoustic models using distributed deep neural networks", "url": "http://ieeexplore.ieee.org/xpls/abs_all.jsp?arnumber=6639348", "url_versions": "http://scholar.google.com/scholar?cluster=3495783482923534766&hl=en&as_sdt=1,5&sciodt=1,5&as_vis=1", "authors": "G Heigold, V Vanhoucke, A Senior\u2026 - \u2026 , Speech and Signal  \u2026", "excerpt": "ABSTRACT Today's speech recognition technology is mature enough to be useful for many practical applications. In this context, it is of paramount importance to train accurate acoustic models for many languages within given resource constraints such as data, processing  ...", "url_pdf": null, "num_citations": 67, "cluster_id": "3495783482923534766", "year": "2013", "url_citations": "http://scholar.google.com/scholar?cites=3495783482923534766&as_sdt=2005&sciodt=1,5&hl=en"}, {"num_versions": 16, "url_citation": null, "title": "On the importance of initialization and momentum in deep learning", "url": "http://machinelearning.wustl.edu/mlpapers/papers/icml2013_sutskever13", "url_versions": "http://scholar.google.com/scholar?cluster=7449004388220998591&hl=en&as_sdt=1,5&sciodt=1,5&as_vis=1", "authors": "I Sutskever, J Martens, G Dahl\u2026 - Proceedings of the  \u2026", "excerpt": "Abstract: Deep and recurrent neural networks (DNNs and RNNs respectively) are powerful models that were considered to be almost impossible to train using stochastic gradient descent with momentum. In this paper, we show that when stochastic gradient descent  ...", "url_pdf": null, "num_citations": 154, "cluster_id": "7449004388220998591", "year": "2013", "url_citations": "http://scholar.google.com/scholar?cites=7449004388220998591&as_sdt=2005&sciodt=1,5&hl=en"}, {"num_versions": 5, "url_citation": null, "title": "Fast speaker adaptation of hybrid NN/HMM model for speech recognition based on discriminative learning of speaker code", "url": "http://ieeexplore.ieee.org/xpls/abs_all.jsp?arnumber=6639211", "url_versions": "http://scholar.google.com/scholar?cluster=592434749424056765&hl=en&as_sdt=1,5&sciodt=1,5&as_vis=1", "authors": "O Abdel-Hamid, H Jiang - Acoustics, Speech and Signal  \u2026", "excerpt": "ABSTRACT In this paper, we propose a new fast speaker adaptation method for the hybrid NN-HMM speech recognition model. The adaptation method depends on a joint learning of a large generic adaptation neural network for all speakers as well as multiple small  ...", "url_pdf": null, "num_citations": 52, "cluster_id": "592434749424056765", "year": "2013", "url_citations": "http://scholar.google.com/scholar?cites=592434749424056765&as_sdt=2005&sciodt=1,5&hl=en"}, {"num_versions": 12, "url_citation": null, "title": "Reading digits in natural images with unsupervised feature learning", "url": "http://research.google.com/pubs/archive/37648.pdf", "url_versions": "http://scholar.google.com/scholar?cluster=7762358874624651999&hl=en&as_sdt=1,5&sciodt=1,5&as_vis=1", "authors": "Y Netzer, T Wang, A Coates\u2026 - NIPS workshop on  \u2026", "excerpt": "Abstract Detecting and reading text from natural images is a hard computer vision task that is central to a variety of emerging applications. Related problems like document character recognition have been widely studied by computer vision and machine learning  ...", "url_pdf": "http://research.google.com/pubs/archive/37648.pdf", "num_citations": 98, "cluster_id": "7762358874624651999", "year": "2011", "url_citations": "http://scholar.google.com/scholar?cites=7762358874624651999&as_sdt=2005&sciodt=1,5&hl=en"}, {"num_versions": 14, "url_citation": null, "title": "Feature engineering in context-dependent deep neural networks for conversational speech transcription", "url": "http://ieeexplore.ieee.org/xpls/abs_all.jsp?arnumber=6163899", "url_versions": "http://scholar.google.com/scholar?cluster=3304895706525742312&hl=en&as_sdt=1,5&sciodt=1,5&as_vis=1", "authors": "F Seide, G Li, X Chen, D Yu - Automatic Speech Recognition  \u2026", "excerpt": "Deep-Neural-Network HMMs, or CD-DNN-HMMs, from a feature-engineering perspective. Recently, we had shown that for speaker-independent transcription of phone calls (NIST RT03S Fisher data), CD-DNN-HMMs reduced the word error rate by as much as one third ...", "url_pdf": null, "num_citations": 256, "cluster_id": "3304895706525742312", "year": "2011", "url_citations": "http://scholar.google.com/scholar?cites=3304895706525742312&as_sdt=2005&sciodt=1,5&hl=en"}, {"num_versions": 9, "url_citation": null, "title": "Improving deep neural networks for LVCSR using rectified linear units and dropout", "url": "http://ieeexplore.ieee.org/xpls/abs_all.jsp?arnumber=6639346", "url_versions": "http://scholar.google.com/scholar?cluster=2302185054805022162&hl=en&as_sdt=1,5&sciodt=1,5&as_vis=1", "authors": "GE Dahl, TN Sainath, GE Hinton - Acoustics, Speech and  \u2026", "excerpt": "ABSTRACT Recently, pre-trained deep neural networks (DNNs) have outperformed traditional acoustic models based on Gaussian mixture models (GMMs) on a variety of large vocabulary speech recognition benchmarks. Deep neural nets have also achieved  ...", "url_pdf": null, "num_citations": 162, "cluster_id": "2302185054805022162", "year": "2013", "url_citations": "http://scholar.google.com/scholar?cites=2302185054805022162&as_sdt=2005&sciodt=1,5&hl=en"}, {"num_versions": 13, "url_citation": null, "title": "Adaptation of context-dependent deep neural networks for automatic speech recognition", "url": "http://ieeexplore.ieee.org/xpls/abs_all.jsp?arnumber=6424251", "url_versions": "http://scholar.google.com/scholar?cluster=16596529097208514106&hl=en&as_sdt=1,5&sciodt=1,5&as_vis=1", "authors": "K Yao, D Yu, F Seide, H Su, L Deng\u2026 - \u2026  Workshop (SLT)", "excerpt": "ABSTRACT In this paper, we evaluate the effectiveness of adaptation methods for context-dependent deep-neural-network hidden Markov models (CD-DNN-HMMs) for automatic speech recognition. We investigate the affine transformation and several of its variants for  ...", "url_pdf": null, "num_citations": 58, "cluster_id": "16596529097208514106", "year": "2012", "url_citations": "http://scholar.google.com/scholar?cites=16596529097208514106&as_sdt=2005&sciodt=1,5&hl=en"}, {"num_versions": 10, "url_citation": null, "title": "KL-divergence regularized deep neural network adaptation for improved large vocabulary speech recognition", "url": "http://ieeexplore.ieee.org/xpls/abs_all.jsp?arnumber=6639201", "url_versions": "http://scholar.google.com/scholar?cluster=7732628750597171003&hl=en&as_sdt=1,5&sciodt=1,5&as_vis=1", "authors": "D Yu, K Yao, H Su, G Li, F Seide - Acoustics, Speech and  \u2026", "excerpt": "ABSTRACT We propose a novel regularized adaptation technique for context dependent deep neural network hidden Markov models (CD-DNN-HMMs). The CD-DNN-HMM has a large output layer and many large hidden layers, each with thousands of neurons. The  ...", "url_pdf": null, "num_citations": 67, "cluster_id": "7732628750597171003", "year": "2013", "url_citations": "http://scholar.google.com/scholar?cites=7732628750597171003&as_sdt=2005&sciodt=1,5&hl=en"}, {"num_versions": 12, "url_citation": null, "title": "Error back propagation for sequence training of context-dependent deep networks for conversational speech transcription", "url": "http://ieeexplore.ieee.org/xpls/abs_all.jsp?arnumber=6638951", "url_versions": "http://scholar.google.com/scholar?cluster=4487452001304092526&hl=en&as_sdt=1,5&sciodt=1,5&as_vis=1", "authors": "H Su, G Li, D Yu, F Seide - Acoustics, Speech and Signal  \u2026", "excerpt": "ABSTRACT We investigate back-propagation based sequence training of Context-Dependent Deep-Neural-Network HMMs, or CDDNN-HMMs, for conversational speech transcription. Theoretically, sequence training integrates with backpropagation in a  ...", "url_pdf": null, "num_citations": 60, "cluster_id": "4487452001304092526", "year": "2013", "url_citations": "http://scholar.google.com/scholar?cites=4487452001304092526&as_sdt=2005&sciodt=1,5&hl=en"}, {"num_versions": 14, "url_citation": null, "title": "Deep learning in neural networks: An overview", "url": "http://www.sciencedirect.com/science/article/pii/S0893608014002135", "url_versions": "http://scholar.google.com/scholar?cluster=15932869302045479284&hl=en&as_sdt=1,5&sciodt=1,5&as_vis=1", "authors": "J Schmidhuber - Neural Networks", "excerpt": "Abstract In recent years, deep artificial neural networks (including recurrent ones) have won numerous contests in pattern recognition and machine learning. This historical survey compactly summarizes relevant work, much of it from the previous millennium. Shallow  ...", "url_pdf": null, "num_citations": 143, "cluster_id": "15932869302045479284", "year": "2015", "url_citations": "http://scholar.google.com/scholar?cites=15932869302045479284&as_sdt=2005&sciodt=1,5&hl=en"}, {"num_versions": 9, "url_citation": null, "title": "Improved Bottleneck Features Using Pretrained Deep Neural Networks.", "url": "http://research.microsoft.com/pubs/153642/bottleneck-interspeech2011-pub.pdf", "url_versions": "http://scholar.google.com/scholar?cluster=10630012346925912866&hl=en&as_sdt=1,5&sciodt=1,5&as_vis=1", "authors": "D Yu, ML Seltzer - INTERSPEECH", "excerpt": "Abstract Bottleneck features have been shown to be effective in improving the accuracy of automatic speech recognition (ASR) systems. Conventionally, bottleneck features are extracted from a multi-layer perceptron (MLP) trained to predict context-independent  ...", "url_pdf": "http://research.microsoft.com/pubs/153642/bottleneck-interspeech2011-pub.pdf", "num_citations": 96, "cluster_id": "10630012346925912866", "year": "2011", "url_citations": "http://scholar.google.com/scholar?cites=10630012346925912866&as_sdt=2005&sciodt=1,5&hl=en"}, {"num_versions": 16, "url_citation": null, "title": "Learning deep structured semantic models for web search using clickthrough data", "url": "http://dl.acm.org/citation.cfm?id=2505665", "url_versions": "http://scholar.google.com/scholar?cluster=1866111180462751281&hl=en&as_sdt=1,5&sciodt=1,5&as_vis=1", "authors": "PS Huang, X He, J Gao, L Deng, A Acero\u2026 - Proceedings of the 22nd  \u2026", "excerpt": "Abstract Latent semantic models, such as LSA, intend to map a query to its relevant documents at the semantic level where keyword-based matching often fails. In this study we strive to develop a series of new latent semantic models with a deep structure that project  ...", "url_pdf": null, "num_citations": 74, "cluster_id": "1866111180462751281", "year": "2013", "url_citations": "http://scholar.google.com/scholar?cites=1866111180462751281&as_sdt=2005&sciodt=1,5&hl=en"}, {"num_versions": 16, "url_citation": null, "title": "New types of deep neural network learning for speech recognition and related applications: An overview", "url": "http://ieeexplore.ieee.org/xpls/abs_all.jsp?arnumber=6639344", "url_versions": "http://scholar.google.com/scholar?cluster=10871829039953032247&hl=en&as_sdt=1,5&sciodt=1,5&as_vis=1", "authors": "L Deng, G Hinton, B Kingsbury - Acoustics, Speech and Signal  \u2026", "excerpt": "ABSTRACT In this paper, we provide an overview of the invited and contributed papers presented at the special session at ICASSP-2013, entitled \u201cNew Types of Deep Neural Network Learning for Speech Recognition and Related Applications,\u201d as organized by the  ...", "url_pdf": null, "num_citations": 82, "cluster_id": "10871829039953032247", "year": "2013", "url_citations": "http://scholar.google.com/scholar?cites=10871829039953032247&as_sdt=2005&sciodt=1,5&hl=en"}, {"num_versions": 4, "url_citation": null, "title": "Deep convolutional neural networks for LVCSR", "url": "http://ieeexplore.ieee.org/xpls/abs_all.jsp?arnumber=6639347", "url_versions": "http://scholar.google.com/scholar?cluster=9791548834694330237&hl=en&as_sdt=1,5&sciodt=1,5&as_vis=1", "authors": "TN Sainath, A Mohamed, B Kingsbury\u2026 - \u2026 , Speech and Signal  \u2026", "excerpt": "ABSTRACT Convolutional Neural Networks (CNNs) are an alternative type of neural network that can be used to reduce spectral variations and model spectral correlations which exist in signals. Since speech signals exhibit both of these properties, CNNs are a  ...", "url_pdf": null, "num_citations": 115, "cluster_id": "9791548834694330237", "year": "2013", "url_citations": "http://scholar.google.com/scholar?cites=9791548834694330237&as_sdt=2005&sciodt=1,5&hl=en"}, {"num_versions": 14, "url_citation": null, "title": "Acoustic modeling using deep belief networks", "url": "http://ieeexplore.ieee.org/xpls/abs_all.jsp?arnumber=5704567", "url_versions": "http://scholar.google.com/scholar?cluster=13208844738423407502&hl=en&as_sdt=1,5&sciodt=1,5&as_vis=1", "authors": "A Mohamed, GE Dahl, G Hinton - Audio, Speech, and  \u2026", "excerpt": "Abstract\u2014Gaussian mixture models are currently the dominant technique for modeling the emission distribution of hidden Markov models for speech recognition. We show that better phone recognition on the TIMIT dataset can be achieved by replacing Gaussian mixture  ...", "url_pdf": null, "num_citations": 509, "cluster_id": "13208844738423407502", "year": "2012", "url_citations": "http://scholar.google.com/scholar?cites=13208844738423407502&as_sdt=2005&sciodt=1,5&hl=en"}, {"num_versions": 5, "url_citation": null, "title": "Sequence to sequence learning with neural networks", "url": "http://papers.nips.cc/paper/5346-information-based-learning-by-agents-in-unbounded-state-spaces", "url_versions": "http://scholar.google.com/scholar?cluster=13133880703797056141&hl=en&as_sdt=1,5&sciodt=1,5&as_vis=1", "authors": "I Sutskever, O Vinyals, QVV Le - Advances in neural information  \u2026", "excerpt": "Abstract Deep Neural Networks (DNNs) are powerful models that have achieved excellent performance on difficult learning tasks. Although DNNs work well whenever large labeled training sets are available, they cannot be used to map sequences to sequences. In this  ...", "url_pdf": null, "num_citations": 187, "cluster_id": "13133880703797056141", "year": "2014", "url_citations": "http://scholar.google.com/scholar?cites=13133880703797056141&as_sdt=2005&sciodt=1,5&hl=en"}, {"num_versions": 8, "url_citation": null, "title": "Towards scaling up classification-based speech separation", "url": "http://ieeexplore.ieee.org/xpls/abs_all.jsp?arnumber=6473841", "url_versions": "http://scholar.google.com/scholar?cluster=220901135250906487&hl=en&as_sdt=1,5&sciodt=1,5&as_vis=1", "authors": "Y Wang, DL Wang - Audio, Speech, and Language Processing, \u2026", "excerpt": "Abstract\u2014Formulating speech separation as a binary clas-sification problem has been shown to be effective. While good separation performance is achieved in matched test conditions using kernel support vector machines (SVMs), separation in unmatched  ...", "url_pdf": null, "num_citations": 73, "cluster_id": "220901135250906487", "year": "2013", "url_citations": "http://scholar.google.com/scholar?cites=220901135250906487&as_sdt=2005&sciodt=1,5&hl=en"}, {"num_versions": 12, "url_citation": null, "title": "Exploiting sparseness in deep neural networks for large vocabulary speech recognition", "url": "http://ieeexplore.ieee.org/xpls/abs_all.jsp?arnumber=6288897", "url_versions": "http://scholar.google.com/scholar?cluster=14620749814962750802&hl=en&as_sdt=1,5&sciodt=1,5&as_vis=1", "authors": "D Yu, F Seide, G Li, L Deng - Acoustics, Speech and Signal  \u2026", "excerpt": "ABSTRACT Recently, we developed context-dependent deep neural network (DNN) hidden Markov models for large vocabulary speech recognition. While reducing errors by 33% compared to its discriminatively trained Gaussian-mixture counterpart on the switchboard  ...", "url_pdf": null, "num_citations": 50, "cluster_id": "14620749814962750802", "year": "2012", "url_citations": "http://scholar.google.com/scholar?cites=14620749814962750802&as_sdt=2005&sciodt=1,5&hl=en"}, {"num_versions": 13, "url_citation": null, "title": "Machine learning paradigms for speech recognition: An overview", "url": "http://ieeexplore.ieee.org/xpls/abs_all.jsp?arnumber=6423821", "url_versions": "http://scholar.google.com/scholar?cluster=74307944265552935&hl=en&as_sdt=1,5&sciodt=1,5&as_vis=1", "authors": "L Deng, X Li - Audio, Speech, and Language Processing, IEEE \u2026", "excerpt": "Abstract\u2014Automatic Speech Recognition (ASR) has historically been a driving force behind many machine learning (ML) techniques, including the ubiquitously used hidden Markov model, discriminative learning, structured sequence learning, Bayesian learning, and  ...", "url_pdf": null, "num_citations": 47, "cluster_id": "74307944265552935", "year": "2013", "url_citations": "http://scholar.google.com/scholar?cites=74307944265552935&as_sdt=2005&sciodt=1,5&hl=en"}, {"num_versions": 12, "url_citation": null, "title": "Scalable stacking and learning for building deep architectures", "url": "http://ieeexplore.ieee.org/xpls/abs_all.jsp?arnumber=6288333", "url_versions": "http://scholar.google.com/scholar?cluster=4895953161324126612&hl=en&as_sdt=1,5&sciodt=1,5&as_vis=1", "authors": "L Deng, D Yu, J Platt - Acoustics, Speech and Signal  \u2026", "excerpt": "ABSTRACT Deep Neural Networks (DNNs) have shown remarkable success in pattern recognition tasks. However, parallelizing DNN training across computers has been difficult. We present the Deep Stacking Network (DSN), which overcomes the problem of  ...", "url_pdf": null, "num_citations": 83, "cluster_id": "4895953161324126612", "year": "2012", "url_citations": "http://scholar.google.com/scholar?cites=4895953161324126612&as_sdt=2005&sciodt=1,5&hl=en"}, {"num_versions": 7, "url_citation": null, "title": "Making deep belief networks effective for large vocabulary continuous speech recognition", "url": "http://ieeexplore.ieee.org/xpls/abs_all.jsp?arnumber=6163900", "url_versions": "http://scholar.google.com/scholar?cluster=8610319564804485666&hl=en&as_sdt=1,5&sciodt=1,5&as_vis=1", "authors": "TN Sainath, B Kingsbury\u2026 - \u2026  (ASRU)", "excerpt": "Abstract\u2014To date, there has been limited work in applying Deep Belief Networks (DBNs) for acoustic modeling in LVCSR tasks, with past work using standard speech features. However, a typical LVCSR system makes use of both feature and modelspace speaker  ...", "url_pdf": null, "num_citations": 112, "cluster_id": "8610319564804485666", "year": "2011", "url_citations": "http://scholar.google.com/scholar?cites=8610319564804485666&as_sdt=2005&sciodt=1,5&hl=en"}, {"num_versions": 5, "url_citation": null, "title": "Improving deep neural network acoustic models using generalized maxout networks", "url": "http://ieeexplore.ieee.org/xpls/abs_all.jsp?arnumber=6853589", "url_versions": "http://scholar.google.com/scholar?cluster=13511096379589715357&hl=en&as_sdt=1,5&sciodt=1,5&as_vis=1", "authors": "X Zhang, J Trmal, D Povey\u2026 - Acoustics, Speech and  \u2026", "excerpt": "ABSTRACT Recently, maxout networks have brought significant improvements to various speech recognition and computer vision tasks. In this paper we introduce two new types of generalized maxout units, which we call p-norm and soft-maxout. We investigate their  ...", "url_pdf": null, "num_citations": 55, "cluster_id": "13511096379589715357", "year": "2014", "url_citations": "http://scholar.google.com/scholar?cites=13511096379589715357&as_sdt=2005&sciodt=1,5&hl=en"}, {"num_versions": 24, "url_citation": null, "title": "Playing atari with deep reinforcement learning", "url": "http://arxiv.org/abs/1312.5602", "url_versions": "http://scholar.google.com/scholar?cluster=10603651548644623407&hl=en&as_sdt=1,5&sciodt=1,5&as_vis=1", "authors": "V Mnih, K Kavukcuoglu, D Silver, A Graves\u2026 - arXiv preprint arXiv: \u2026", "excerpt": "Abstract: We present the first deep learning model to successfully learn control policies directly from high-dimensional sensory input using reinforcement learning. The model is a convolutional neural network, trained with a variant of Q-learning, whose input is raw  ...", "url_pdf": null, "num_citations": 98, "cluster_id": "10603651548644623407", "year": "2013", "url_citations": "http://scholar.google.com/scholar?cites=10603651548644623407&as_sdt=2005&sciodt=1,5&hl=en"}, {"num_versions": 3, "url_citation": null, "title": "Auto-encoder bottleneck features using deep belief networks", "url": "http://ieeexplore.ieee.org/xpls/abs_all.jsp?arnumber=6288833", "url_versions": "http://scholar.google.com/scholar?cluster=4015781211975446147&hl=en&as_sdt=1,5&sciodt=1,5&as_vis=1", "authors": "TN Sainath, B Kingsbury\u2026 - Acoustics, Speech and  \u2026", "excerpt": "ABSTRACT Neural network (NN) bottleneck (BN) features are typically created by training a NN with a middle bottleneck layer. Recently, an alternative structure was proposed which trains a NN with a constant number of hidden units to predict output targets, and then  ...", "url_pdf": null, "num_citations": 68, "cluster_id": "4015781211975446147", "year": "2012", "url_citations": "http://scholar.google.com/scholar?cites=4015781211975446147&as_sdt=2005&sciodt=1,5&hl=en"}, {"num_versions": 13, "url_citation": null, "title": "The deep tensor neural network with applications to large vocabulary speech recognition", "url": "http://ieeexplore.ieee.org/xpls/abs_all.jsp?arnumber=6353550", "url_versions": "http://scholar.google.com/scholar?cluster=15829694698867504113&hl=en&as_sdt=1,5&sciodt=1,5&as_vis=1", "authors": "D Yu, L Deng, F Seide - Audio, Speech, and Language  \u2026", "excerpt": "Abstract\u2014The recently proposed context-dependent deep neural network hidden Markov models (CD-DNN-HMMs) have been proved highly promising for large vocabulary speech recognition. In this paper, we develop a more advanced type of DNN, which we call the  ...", "url_pdf": null, "num_citations": 44, "cluster_id": "15829694698867504113", "year": "2013", "url_citations": "http://scholar.google.com/scholar?cites=15829694698867504113&as_sdt=2005&sciodt=1,5&hl=en"}, {"num_versions": 33, "url_citation": null, "title": "Representation learning: A review and new perspectives", "url": "http://ieeexplore.ieee.org/xpls/abs_all.jsp?arnumber=6472238", "url_versions": "http://scholar.google.com/scholar?cluster=559463397382443088&hl=en&as_sdt=1,5&sciodt=1,5&as_vis=1", "authors": "Y Bengio, A Courville, P Vincent - Pattern Analysis and  \u2026", "excerpt": "Abstract\u2014The success of machine learning algorithms generally depends on data representation, and we hypothesize that this is because different representations can entangle and hide more or less the different explanatory factors of variation behind the  ...", "url_pdf": null, "num_citations": 685, "cluster_id": "559463397382443088", "year": "2013", "url_citations": "http://scholar.google.com/scholar?cites=559463397382443088&as_sdt=2005&sciodt=1,5&hl=en"}, {"num_versions": 11, "url_citation": null, "title": "Exploring convolutional neural network structures and optimization techniques for speech recognition.", "url": "http://research-srv.microsoft.com/pubs/200804/CNN-Interspeech2013_pub.pdf", "url_versions": "http://scholar.google.com/scholar?cluster=2969487650303083097&hl=en&as_sdt=1,5&sciodt=1,5&as_vis=1", "authors": "O Abdel-Hamid, L Deng, D Yu - INTERSPEECH", "excerpt": "Abstract Recently, convolutional neural networks (CNNs) have been shown to outperform the standard fully connected deep neural networks within the hybrid deep neural network/hidden Markov model (DNN/HMM) framework on the phone recognition task. In  ...", "url_pdf": "http://research-srv.microsoft.com/pubs/200804/CNN-Interspeech2013_pub.pdf", "num_citations": 49, "cluster_id": "2969487650303083097", "year": "2013", "url_citations": "http://scholar.google.com/scholar?cites=2969487650303083097&as_sdt=2005&sciodt=1,5&hl=en"}, {"num_versions": 11, "url_citation": null, "title": "A deep convolutional neural network using heterogeneous pooling for trading acoustic invariance with phonetic confusion", "url": "http://ieeexplore.ieee.org/xpls/abs_all.jsp?arnumber=6638952", "url_versions": "http://scholar.google.com/scholar?cluster=6202733932875270331&hl=en&as_sdt=1,5&sciodt=1,5&as_vis=1", "authors": "L Deng, O Abdel-Hamid, D Yu - Acoustics, Speech and Signal  \u2026", "excerpt": "ABSTRACT We develop and present a novel deep convolutional neural network architecture, where heterogeneous pooling is used to provide constrained frequency-shift invariance in the speech spectrogram while minimizing speech-class confusion induced  ...", "url_pdf": null, "num_citations": 42, "cluster_id": "6202733932875270331", "year": "2013", "url_citations": "http://scholar.google.com/scholar?cites=6202733932875270331&as_sdt=2005&sciodt=1,5&hl=en"}, {"num_versions": 17, "url_citation": null, "title": "Revisiting recurrent neural networks for robust ASR", "url": "http://ieeexplore.ieee.org/xpls/abs_all.jsp?arnumber=6288816", "url_versions": "http://scholar.google.com/scholar?cluster=9222172846140017196&hl=en&as_sdt=1,5&sciodt=1,5&as_vis=1", "authors": "O Vinyals, SV Ravuri, D Povey - Acoustics, Speech and Signal  \u2026", "excerpt": "ABSTRACT In this paper, we show how new training principles and optimization techniques for neural networks can be used for different network structures. In particular, we revisit the Recurrent Neural Network (RNN), which explicitly models the Markovian dynamics of a set  ...", "url_pdf": null, "num_citations": 49, "cluster_id": "9222172846140017196", "year": "2012", "url_citations": "http://scholar.google.com/scholar?cites=9222172846140017196&as_sdt=2005&sciodt=1,5&hl=en"}, {"num_versions": 10, "url_citation": null, "title": "Conversational Speech Transcription Using Context-Dependent Deep Neural Networks.", "url": "http://msr-waypoint.com/pubs/153169/CD-DNN-HMM-SWB-Interspeech2011-Pub.pdf", "url_versions": "http://scholar.google.com/scholar?cluster=1258381348179019463&hl=en&as_sdt=1,5&sciodt=1,5&as_vis=1", "authors": "F Seide, G Li, D Yu - Interspeech", "excerpt": "Abstract We apply the recently proposed Context-Dependent Deep-Neural-Network HMMs, or CD-DNN-HMMs, to speech-to-text transcription. For single-pass speaker-independent recognition on the RT03S Fisher portion of phone-call transcription benchmark ( ...", "url_pdf": "http://msr-waypoint.com/pubs/153169/CD-DNN-HMM-SWB-Interspeech2011-Pub.pdf", "num_citations": 353, "cluster_id": "1258381348179019463", "year": "2011", "url_citations": "http://scholar.google.com/scholar?cites=1258381348179019463&as_sdt=2005&sciodt=1,5&hl=en"}, {"num_versions": 9, "url_citation": null, "title": "Unsupervised cross-lingual knowledge transfer in DNN-based LVCSR", "url": "http://ieeexplore.ieee.org/xpls/abs_all.jsp?arnumber=6424230", "url_versions": "http://scholar.google.com/scholar?cluster=6677741692555220574&hl=en&as_sdt=1,5&sciodt=1,5&as_vis=1", "authors": "P Swietojanski, A Ghoshal\u2026 - \u2026  Workshop (SLT)", "excerpt": "ABSTRACT We investigate the use of cross-lingual acoustic data to initialise deep neural network (DNN) acoustic models by means of unsupervised restricted Boltzmann machine (RBM) pretraining. DNNs for German are pretrained using one or all of German,  ...", "url_pdf": null, "num_citations": 46, "cluster_id": "6677741692555220574", "year": "2012", "url_citations": "http://scholar.google.com/scholar?cites=6677741692555220574&as_sdt=2005&sciodt=1,5&hl=en"}, {"num_versions": 10, "url_citation": null, "title": "Cross-language knowledge transfer using multilingual deep neural network with shared hidden layers", "url": "http://ieeexplore.ieee.org/xpls/abs_all.jsp?arnumber=6639081", "url_versions": "http://scholar.google.com/scholar?cluster=1013866225465799178&hl=en&as_sdt=1,5&sciodt=1,5&as_vis=1", "authors": "JT Huang, J Li, D Yu, L Deng\u2026 - Acoustics, Speech and  \u2026", "excerpt": "ABSTRACT In the deep neural network (DNN), the hidden layers can be considered as increasingly complex feature transformations and the final softmax layer as a log-linear classifier making use of the most abstract features computed in the hidden layers. While  ...", "url_pdf": null, "num_citations": 81, "cluster_id": "1013866225465799178", "year": "2013", "url_citations": "http://scholar.google.com/scholar?cites=1013866225465799178&as_sdt=2005&sciodt=1,5&hl=en"}, {"num_versions": 15, "url_citation": null, "title": "Large scale distributed deep networks", "url": "http://papers.nips.cc/paper/4687-large-scale-distributed-deep-networks", "url_versions": "http://scholar.google.com/scholar?cluster=9220704513857531974&hl=en&as_sdt=1,5&sciodt=1,5&as_vis=1", "authors": "J Dean, G Corrado, R Monga, K Chen\u2026 - Advances in Neural  \u2026", "excerpt": "Abstract Recent work in unsupervised feature learning and deep learning has shown that being able to train large models can dramatically improve performance. In this paper, we consider the problem of training a deep network with billions of parameters using tens of  ...", "url_pdf": null, "num_citations": 325, "cluster_id": "9220704513857531974", "year": "2012", "url_citations": "http://scholar.google.com/scholar?cites=9220704513857531974&as_sdt=2005&sciodt=1,5&hl=en"}, {"num_versions": 26, "url_citation": null, "title": "Improving neural networks by preventing co-adaptation of feature detectors", "url": "http://arxiv.org/abs/1207.0580", "url_versions": "http://scholar.google.com/scholar?cluster=250385030036514850&hl=en&as_sdt=1,5&sciodt=1,5&as_vis=1", "authors": "GE Hinton, N Srivastava, A Krizhevsky\u2026 - arXiv preprint arXiv: \u2026", "excerpt": "Abstract: When a large feedforward neural network is trained on a small training set, it typically performs poorly on held-out test data. This\" overfitting\" is greatly reduced by randomly omitting half of the feature detectors on each training case. This prevents  ...", "url_pdf": null, "num_citations": 767, "cluster_id": "250385030036514850", "year": "2012", "url_citations": "http://scholar.google.com/scholar?cites=250385030036514850&as_sdt=2005&sciodt=1,5&hl=en"}, {"num_versions": 27, "url_citation": null, "title": "Deep neural networks for acoustic modeling in speech recognition: The shared views of four research groups", "url": "http://ieeexplore.ieee.org/xpls/abs_all.jsp?arnumber=6296526", "url_versions": "http://scholar.google.com/scholar?cluster=3674494786452480182&hl=en&as_sdt=1,5&sciodt=1,5&as_vis=1", "authors": "G Hinton, L Deng, D Yu, GE Dahl\u2026 - Signal Processing  \u2026", "excerpt": "Gaussian mixture models (GMMs) to determine how well each state of each HMM fits a frame or a short window of frames of coefficients that represents the acoustic input. An alternative way to evaluate the fit is to use a feed-forward neural network that takes  ...", "url_pdf": null, "num_citations": 1010, "cluster_id": "3674494786452480182", "year": "2012", "url_citations": "http://scholar.google.com/scholar?cites=3674494786452480182&as_sdt=2005&sciodt=1,5&hl=en"}, {"num_versions": 5, "url_citation": null, "title": "Training recurrent neural networks", "url": "http://www.cs.utoronto.ca/%7Eilya/pubs/ilya_sutskever_phd_thesis.pdf", "url_versions": "http://scholar.google.com/scholar?cluster=11547556497378421036&hl=en&as_sdt=1,5&sciodt=1,5&as_vis=1", "authors": "I Sutskever -", "excerpt": "Recurrent Neural Networks (RNNs) are artificial neural network models that are well-suited for pattern classification tasks whose inputs and outputs are sequences. The importance of developing methods for mapping sequences to sequences is exemplified by tasks such as  ...", "url_pdf": "http://www.cs.utoronto.ca/%7Eilya/pubs/ilya_sutskever_phd_thesis.pdf", "num_citations": 43, "cluster_id": "11547556497378421036", "year": "2013", "url_citations": "http://scholar.google.com/scholar?cites=11547556497378421036&as_sdt=2005&sciodt=1,5&hl=en"}, {"num_versions": 6, "url_citation": null, "title": "Deep belief networks based voice activity detection", "url": "http://ieeexplore.ieee.org/xpls/abs_all.jsp?arnumber=6362186", "url_versions": "http://scholar.google.com/scholar?cluster=14664371952535429034&hl=en&as_sdt=1,5&sciodt=1,5&as_vis=1", "authors": "XL Zhang, J Wu - Audio, Speech, and Language Processing,  \u2026", "excerpt": "Abstract Fusing the advantages of multiple acoustic features is important for the robustness of voice activity detection (VAD). Recently, the machine-learning-based VADs have shown a superiority to traditional VADs on multiple feature fusion tasks. However, existing machine ...", "url_pdf": null, "num_citations": 51, "cluster_id": "14664371952535429034", "year": "2013", "url_citations": "http://scholar.google.com/scholar?cites=14664371952535429034&as_sdt=2005&sciodt=1,5&hl=en"}, {"num_versions": 2, "url_citation": null, "title": "Rectifier nonlinearities improve neural network acoustic models", "url": "http://ai.stanford.edu/%7Eamaas/papers/relu_hybrid_icml2013_final.pdf", "url_versions": "http://scholar.google.com/scholar?cluster=13874212620286738798&hl=en&as_sdt=1,5&sciodt=1,5&as_vis=1", "authors": "AL Maas, AY Hannun, AY Ng - Proc. ICML", "excerpt": "Abstract Deep neural network acoustic models produce substantial gains in large vocabulary continuous speech recognition systems. Emerging work with rectified linear (ReL) hidden units demonstrates additional gains in final system performance relative to  ...", "url_pdf": "http://ai.stanford.edu/%7Eamaas/papers/relu_hybrid_icml2013_final.pdf", "num_citations": 70, "cluster_id": "13874212620286738798", "year": "2013", "url_citations": "http://scholar.google.com/scholar?cites=13874212620286738798&as_sdt=2005&sciodt=1,5&hl=en"}, {"num_versions": 10, "url_citation": null, "title": "Investigation of recurrent-neural-network architectures and learning methods for spoken language understanding.", "url": "http://131.107.65.14/pubs/193771/IS13_RNNSLU_cameraready.pdf", "url_versions": "http://scholar.google.com/scholar?cluster=12435837432017532516&hl=en&as_sdt=1,5&sciodt=1,5&as_vis=1", "authors": "G Mesnil, X He, L Deng, Y Bengio - INTERSPEECH", "excerpt": "Abstract One of the key problems in spoken language understanding (SLU) is the task of slot filling. In light of the recent success of applying deep neural network technologies in domain detection and intent identification, we carried out an in-depth investigation on the use of  ...", "url_pdf": "http://131.107.65.14/pubs/193771/IS13_RNNSLU_cameraready.pdf", "num_citations": 59, "cluster_id": "12435837432017532516", "year": "2013", "url_citations": "http://scholar.google.com/scholar?cites=12435837432017532516&as_sdt=2005&sciodt=1,5&hl=en"}, {"num_versions": 10, "url_citation": null, "title": "Large-vocabulary continuous speech recognition systems: A look at some recent advances", "url": "http://ieeexplore.ieee.org/xpls/abs_all.jsp?arnumber=6296522", "url_versions": "http://scholar.google.com/scholar?cluster=3800472172465842600&hl=en&as_sdt=1,5&sciodt=1,5&as_vis=1", "authors": "G Saon, JT Chien - Signal Processing Magazine, IEEE", "excerpt": "There is a vast body of literature on LVCSR research and some limitation is necessary in the scope of this article. We will focus primarily on the techniques that have been successful in various US government-led speech recognition evaluations that aim to measure yearly  ...", "url_pdf": null, "num_citations": 61, "cluster_id": "3800472172465842600", "year": "2012", "url_citations": "http://scholar.google.com/scholar?cites=3800472172465842600&as_sdt=2005&sciodt=1,5&hl=en"}, {"num_versions": 11, "url_citation": null, "title": "Recent advances in deep learning for speech research at Microsoft", "url": "http://ieeexplore.ieee.org/xpls/abs_all.jsp?arnumber=6639345", "url_versions": "http://scholar.google.com/scholar?cluster=14774739962596400760&hl=en&as_sdt=1,5&sciodt=1,5&as_vis=1", "authors": "L Deng, J Li, JT Huang, K Yao, D Yu\u2026 - \u2026 , Speech and Signal  \u2026", "excerpt": "ABSTRACT Deep learning is becoming a mainstream technology for speech recognition at industrial scale. In this paper, we provide an overview of the work by Microsoft speech researchers since 2009 in this area, focusing on more recent advances which shed light to  ...", "url_pdf": null, "num_citations": 99, "cluster_id": "14774739962596400760", "year": "2013", "url_citations": "http://scholar.google.com/scholar?cites=14774739962596400760&as_sdt=2005&sciodt=1,5&hl=en"}, {"num_versions": 11, "url_citation": null, "title": "Learning phrase representations using rnn encoder-decoder for statistical machine translation", "url": "http://arxiv.org/abs/1406.1078", "url_versions": "http://scholar.google.com/scholar?cluster=9119975171114587835&hl=en&as_sdt=1,5&sciodt=1,5&as_vis=1", "authors": "K Cho, B Van Merri\u00ebnboer, C Gulcehre\u2026 - arXiv preprint arXiv: \u2026", "excerpt": "Abstract: In this paper, we propose a novel neural network model called RNN Encoder-Decoder that consists of two recurrent neural networks (RNN). One RNN encodes a sequence of symbols into a fixed-length vector representation, and the other decodes the  ...", "url_pdf": null, "num_citations": 113, "cluster_id": "9119975171114587835", "year": "2014", "url_citations": "http://scholar.google.com/scholar?cites=9119975171114587835&as_sdt=2005&sciodt=1,5&hl=en"}, {"num_versions": 9, "url_citation": null, "title": "Deep convex net: A scalable architecture for speech pattern classification", "url": "http://www.msr-waypoint.com/pubs/152133/DeepConvexNetwork-Interspeech2011-pub.pdf", "url_versions": "http://scholar.google.com/scholar?cluster=16678799834570093422&hl=en&as_sdt=1,5&sciodt=1,5&as_vis=1", "authors": "L Deng, D Yu - Proceedings of the Interspeech", "excerpt": "Abstract We recently developed context-dependent DNN-HMM (Deep-Neural-Net/Hidden-Markov-Model) for large-vocabulary speech recognition. While achieving impressive recognition error rate reduction, we face the insurmountable problem of scalability in  ...", "url_pdf": "http://www.msr-waypoint.com/pubs/152133/DeepConvexNetwork-Interspeech2011-pub.pdf", "num_citations": 72, "cluster_id": "16678799834570093422", "year": "2011", "url_citations": "http://scholar.google.com/scholar?cites=16678799834570093422&as_sdt=2005&sciodt=1,5&hl=en"}, {"num_versions": 11, "url_citation": null, "title": "Application of Pretrained Deep Neural Networks to Large Vocabulary Speech Recognition.", "url": "http://scholar.google.com/https://i.jyg8.eu.org/files/5094ed6686ff718e-u-AHR0cHM6Ly9yZXNlYXJjAC5nb29nbGuUY29tL3B1YnMvYXJjAGl2Zs8zODezMC5wZGY.pdf", "url_versions": "http://scholar.google.com/scholar?cluster=7186663852152848363&hl=en&as_sdt=1,5&sciodt=1,5&as_vis=1", "authors": "N Jaitly, P Nguyen, AW Senior, V Vanhoucke - INTERSPEECH", "excerpt": "Abstract The use of Deep Belief Networks (DBN) to pretrain Neural Networks has recently led to a resurgence in the use of Artificial Neural Network-Hidden Markov Model (ANN/HMM) hybrid systems for Automatic Speech Recognition (ASR). In this paper we  ...", "url_pdf": "http://scholar.google.com/https://i.jyg8.eu.org/files/5094ed6686ff718e-u-AHR0cHM6Ly9yZXNlYXJjAC5nb29nbGuUY29tL3B1YnMvYXJjAGl2Zs8zODezMC5wZGY.pdf", "num_citations": 119, "cluster_id": "7186663852152848363", "year": "2012", "url_citations": "http://scholar.google.com/scholar?cites=7186663852152848363&as_sdt=2005&sciodt=1,5&hl=en"}, {"num_versions": 11, "url_citation": null, "title": "Extracting deep bottleneck features using stacked auto-encoders", "url": "http://ieeexplore.ieee.org/xpls/abs_all.jsp?arnumber=6638284", "url_versions": "http://scholar.google.com/scholar?cluster=2782191155049202762&hl=en&as_sdt=1,5&sciodt=1,5&as_vis=1", "authors": "J Gehring, Y Miao, F Metze\u2026 - Acoustics, Speech and  \u2026", "excerpt": "ABSTRACT In this work, a novel training scheme for generating bottleneck features from deep neural networks is proposed. A stack of denoising auto-encoders is first trained in a layer-wise, unsupervised manner. Afterwards, the bottleneck layer and an additional layer  ...", "url_pdf": null, "num_citations": 48, "cluster_id": "2782191155049202762", "year": "2013", "url_citations": "http://scholar.google.com/scholar?cites=2782191155049202762&as_sdt=2005&sciodt=1,5&hl=en"}, {"num_versions": 14, "url_citation": null, "title": "Feature learning in deep neural networks-studies on speech recognition tasks", "url": "http://arxiv.org/abs/1301.3605", "url_versions": "http://scholar.google.com/scholar?cluster=12231492426576904846&hl=en&as_sdt=1,5&sciodt=1,5&as_vis=1", "authors": "D Yu, ML Seltzer, J Li, JT Huang, F Seide - arXiv preprint arXiv:1301.3605", "excerpt": "Abstract: Recent studies have shown that deep neural networks (DNNs) perform significantly better than shallow networks and Gaussian mixture models (GMMs) on large vocabulary speech recognition tasks. In this paper, we argue that the improved accuracy achieved by  ...", "url_pdf": null, "num_citations": 67, "cluster_id": "12231492426576904846", "year": "2013", "url_citations": "http://scholar.google.com/scholar?cites=12231492426576904846&as_sdt=2005&sciodt=1,5&hl=en"}]