[{"num_versions": 5, "url_citation": null, "title": "Standards for the award of qualified teacher status: reflections on assessment implications", "url": "http://www.tandfonline.com/doi/abs/10.1080/713611425", "url_versions": "http://scholar.google.com/scholar?cluster=15423506062601076778&hl=en&as_sdt=1,5&sciodt=1,5&as_vis=1", "authors": "S Martin, C Cloke - Assessment & Evaluation in Higher Education", "excerpt": "The paper raises some concerns about the assessment procedures implicit in the new Standards for the award of Qualified Teacher Status (QTS) issued by the Teacher Training Agency (TTA) and, as a consequence, a question mark is raised over the process and  ...", "url_pdf": null, "num_citations": 13, "cluster_id": "15423506062601076778", "year": "2000", "url_citations": "http://scholar.google.com/scholar?cites=15423506062601076778&as_sdt=2005&sciodt=1,5&hl=en"}, {"num_versions": 8, "url_citation": null, "title": "Development of an intelligent assessment system for solo taxonomies using fuzzy logic", "url": "http://link.springer.com/chapter/10.1007/978-3-540-75256-1_78", "url_versions": "http://scholar.google.com/scholar?cluster=9179705456107903964&hl=en&as_sdt=1,5&sciodt=1,5&as_vis=1", "authors": "J Vrettaros, G Vouros, A Drigas - Symbolic and Quantitative Approaches to \u2026", "excerpt": "Abstract In this paper is presented a modeling of assessment systems of taxonomies using fuzzy logic. Specifically the taxonomies system solo is studied, which can be applied in a wide range of fields of diagnostic science. In what concerns education, the test correction  ...", "url_pdf": null, "num_citations": 3, "cluster_id": "9179705456107903964", "year": "2007", "url_citations": "http://scholar.google.com/scholar?cites=9179705456107903964&as_sdt=2005&sciodt=1,5&hl=en"}, {"num_versions": 8, "url_citation": null, "title": "The use of computer-based assessments in a field biology module", "url": "http://eprints.bbk.ac.uk/archive/00000538", "url_versions": "http://scholar.google.com/scholar?cluster=10433304224294925364&hl=en&as_sdt=1,5&sciodt=1,5&as_vis=1", "authors": "GK Baggott, RC Rayne - Bioscience Education", "excerpt": "Formative computer-based assessments (CBAs) for self-instruction were introduced into a Year-2 field biology module. These CBAs were provided in 'tutorial'mode where each question had context-related diagnostic feedback and tutorial pages, and a self-test mode  ...", "url_pdf": null, "num_citations": 10, "cluster_id": "10433304224294925364", "year": "2007", "url_citations": "http://scholar.google.com/scholar?cites=10433304224294925364&as_sdt=2005&sciodt=1,5&hl=en"}, {"num_versions": 19, "url_citation": null, "title": "Diferencias cualitativas entre experiencias tutoriales para opciones de aprendizaje universitario", "url": "http://dialnet.unirioja.es/servlet/articulo?codigo=2541042", "url_versions": "http://scholar.google.com/scholar?cluster=9833638820451417656&hl=en&as_sdt=1,5&sciodt=1,5&as_vis=1", "authors": "\u00c1JL Mart\u00ednez - Revista interuniversitaria de formaci\u00f3n del  \u2026", "excerpt": "RESUMEN Se analiza la tutor\u00eda como elemento b\u00e1sico de la excelencia educativa, resaltando su car\u00e1cter nuclear en todo proceso formativo institucionalizado. Se constata la relaci\u00f3n entre los procesos educativos, la orientaci\u00f3n y la tutor\u00eda, desde el nuevo enfoque  ...", "url_pdf": null, "num_citations": 12, "cluster_id": "9833638820451417656", "year": "2008", "url_citations": "http://scholar.google.com/scholar?cites=9833638820451417656&as_sdt=2005&sciodt=1,5&hl=en"}, {"num_versions": 0, "url_citation": null, "title": "A Classification Matrix of Examination Items to Promote Transformative Assessment", "url": "http://www.editlib.org/p/150861/", "url_versions": null, "authors": "M McMahon, M Garrett - Global Learn", "excerpt": "Abstract The ability to assess learning hinges on the quality of the instruments that are used. This paper reports on the first stage of the design of software to assist educators in ensuring assessment questions meet educational outcomes. A literature review was undertaken to  ...", "url_pdf": null, "num_citations": 0, "cluster_id": null, "year": "2015", "url_citations": null}, {"num_versions": 5, "url_citation": null, "title": "A theoretical framework for measuring the quality of student learning in outcomes-based education: perspectives on higher education", "url": "http://reference.sabinet.co.za/sa_epublication_article/high_v18_n1_a5", "url_versions": "http://scholar.google.com/scholar?cluster=4905059256167626961&hl=en&as_sdt=1,5&sciodt=1,5&as_vis=1", "authors": "R Killen, SA Hattingh - South African Journal of Higher  \u2026", "excerpt": "The most important principles of outcomes-based education (OBE) is that planning, teaching and assessment should focus on helping learners to achieve significant outcomes to high standards. This cannot be achieved without having suitable ways to describe desired  ...", "url_pdf": null, "num_citations": 18, "cluster_id": "4905059256167626961", "year": "2004", "url_citations": "http://scholar.google.com/scholar?cites=4905059256167626961&as_sdt=2005&sciodt=1,5&hl=en"}, {"num_versions": 10, "url_citation": null, "title": "Business-to-business marketing textbooks: a comparative review", "url": "http://www.tandfonline.com/doi/abs/10.1300/J033v14n04_03", "url_versions": "http://scholar.google.com/scholar?cluster=4844173534664393212&hl=en&as_sdt=1,5&sciodt=1,5&as_vis=1", "authors": "K Backhaus, B Mell, T Sabel - Journal of Business-to-Business  \u2026", "excerpt": "ABSTRACT Even in times of e-learning and multimedia, textbooks play a great part in business marketing education. For this reason and in order to help instructors select the appropriate textbook for their course setting, a comprehensive overview of textbooks  ...", "url_pdf": null, "num_citations": 23, "cluster_id": "4844173534664393212", "year": "2007", "url_citations": "http://scholar.google.com/scholar?cites=4844173534664393212&as_sdt=2005&sciodt=1,5&hl=en"}, {"num_versions": 4, "url_citation": null, "title": "Adult education program in palliative care for nursing facility physicians: Design and pilot test", "url": "http://online.liebertpub.com/doi/abs/10.1089/jpm.2000.3.4.457", "url_versions": "http://scholar.google.com/scholar?cluster=6514226676268436562&hl=en&as_sdt=1,5&sciodt=1,5&as_vis=1", "authors": "TJ Keay, C Alexander, K McNally\u2026 - Journal of palliative  \u2026", "excerpt": "Nursing facilities (NF) are important sites for the care of dying patients. Curricula likely to improve end-of-life care are needed for NF physicians. To this end, a model medical school palliative care curriculum was modified for experienced NF physicians. Adult learning  ...", "url_pdf": null, "num_citations": 11, "cluster_id": "6514226676268436562", "year": "2000", "url_citations": "http://scholar.google.com/scholar?cites=6514226676268436562&as_sdt=2005&sciodt=1,5&hl=en"}, {"num_versions": 4, "url_citation": null, "title": "Fitness for purpose in the assessment of learning: Students as stakeholders", "url": "http://www.tandfonline.com/doi/abs/10.1080/1353832990050202", "url_versions": "http://scholar.google.com/scholar?cluster=7228724111711075586&hl=en&as_sdt=1,5&sciodt=1,5&as_vis=1", "authors": "L Mcdowell, K Sambell - Quality in Higher Education", "excerpt": "Abstract A fitness\u2010for\u2010purpose approach to determining the quality of assessment practices in higher education requires the consideration of the perspectives of a range of stakeholders including students. Empirical data from case studies of assessment in practice are used to  ...", "url_pdf": null, "num_citations": 33, "cluster_id": "7228724111711075586", "year": "1999", "url_citations": "http://scholar.google.com/scholar?cites=7228724111711075586&as_sdt=2005&sciodt=1,5&hl=en"}, {"num_versions": 5, "url_citation": null, "title": "Technology skill for business students: The next level", "url": "http://www.beijournal.com/images/V5N2_BEI_Jnl.pdf#page=6", "url_versions": "http://scholar.google.com/scholar?cluster=6151113351657071173&hl=en&as_sdt=1,5&sciodt=1,5&as_vis=1", "authors": "AO Adebayo, LC McGrath - \u2026 VOLUME 5 NUMBER 2 December", "excerpt": "ABSTRACT Most institutions of higher learning have recognized and adjusted their business curriculum to address the need for business technology skill in today's dynamic business environment. This study looks at the metamorphosis of the need for technology skill in  ...", "url_pdf": null, "num_citations": 1, "cluster_id": "6151113351657071173", "year": "2013", "url_citations": "http://scholar.google.com/scholar?cites=6151113351657071173&as_sdt=2005&sciodt=1,5&hl=en"}, {"num_versions": 2, "url_citation": null, "title": "Formatives E-Assessment in der Hochschullehre: computerunterstu\u0308tzte Lernfortschrittskontrollen im Informatikstudium", "url": "http://d-nb.info/100310536X/34", "url_versions": "http://scholar.google.com/scholar?cluster=8961907271302689859&hl=en&as_sdt=1,5&sciodt=1,5&as_vis=1", "authors": "S Gruttmann -", "excerpt": "Zusammenfassung Die Verbreitung digitaler Medien in der Hochschullehre und die damit einhergehenden Ver\u00e4nderungen von Lehr-und Lernprozessen haben dazu gef\u00fchrt, dass zunehmend auch die M\u00f6glichkeiten einer Computerunterst\u00fctzung in Pr\u00fcfungsprozessen  ...", "url_pdf": null, "num_citations": 12, "cluster_id": "8961907271302689859", "year": "2009", "url_citations": "http://scholar.google.com/scholar?cites=8961907271302689859&as_sdt=2005&sciodt=1,5&hl=en"}, {"num_versions": 11, "url_citation": null, "title": "A review of computer-assisted assessment", "url": "http://researchinlearningtechnology.net/index.php/rlt/article/download/10970/12674", "url_versions": "http://scholar.google.com/scholar?cluster=9009187948507752283&hl=en&as_sdt=1,5&sciodt=1,5&as_vis=1", "authors": "G Conole, B Warburton - Research in  \u2026", "excerpt": "Pressure for better measurement of stated learning outcomes has resulted in a demand for more frequent assessment. The resources available are seen to be static or dwindling, but Information and Communications Technology is seen to increase productivity by  ...", "url_pdf": null, "num_citations": 149, "cluster_id": "9009187948507752283", "year": "2005", "url_citations": "http://scholar.google.com/scholar?cites=9009187948507752283&as_sdt=2005&sciodt=1,5&hl=en"}, {"num_versions": 3, "url_citation": null, "title": "Two models of educational assessment: a response from initial teacher education: if the cap fits\u2026", "url": "http://www.tandfonline.com/doi/abs/10.1080/0260293970220307", "url_versions": "http://scholar.google.com/scholar?cluster=13781873039288518097&hl=en&as_sdt=1,5&sciodt=1,5&as_vis=1", "authors": "S Martin - Assessment & Evaluation in Higher Education", "excerpt": "ABSTRACT This paper is supportive of the judgemental model of assessment posited by Hager & Butler (1996) and is a twofold response. First, it examines the underpinning principles of assessment and testing theory on which their paper is based. Whilst the  ...", "url_pdf": null, "num_citations": 19, "cluster_id": "13781873039288518097", "year": "1997", "url_citations": "http://scholar.google.com/scholar?cites=13781873039288518097&as_sdt=2005&sciodt=1,5&hl=en"}, {"num_versions": 6, "url_citation": null, "title": "Developing formative assessments for postgraduate students in engineering", "url": "http://www.tandfonline.com/doi/abs/10.1080/03043790500087563", "url_versions": "http://scholar.google.com/scholar?cluster=4288147759882531951&hl=en&as_sdt=1,5&sciodt=1,5&as_vis=1", "authors": "M Burrow, H Evdorides, B Hallam\u2026 - European journal of  \u2026", "excerpt": "This paper outlines an approach taken to produce computer-based formative assessments for two modules in a one-year taught MSc programme in Road Management and Engineering. It presents the aims of the assessments, the taxonomy adopted to ensure  ...", "url_pdf": null, "num_citations": 15, "cluster_id": "4288147759882531951", "year": "2005", "url_citations": "http://scholar.google.com/scholar?cites=4288147759882531951&as_sdt=2005&sciodt=1,5&hl=en"}, {"num_versions": 2, "url_citation": null, "title": "Cognitive Abilities & Learning Styles in Design Processes and Judgements of Architecture Students", "url": "http://prijipati.library.usyd.edu.au/handle/2123/1694", "url_versions": "http://scholar.google.com/scholar?cluster=4994961941853735675&hl=en&as_sdt=1,5&sciodt=1,5&as_vis=1", "authors": "E Yukhina -", "excerpt": "The main aim of this research is the exploration of relationships and correlations between thinking styles of student designers, their personal aptitudes, and design education. It involves discovering the role/s several groups of learning styles and cognitive abilities  ...", "url_pdf": null, "num_citations": 9, "cluster_id": "4994961941853735675", "year": "2007", "url_citations": "http://scholar.google.com/scholar?cites=4994961941853735675&as_sdt=2005&sciodt=1,5&hl=en"}, {"num_versions": 10, "url_citation": null, "title": "Web-based learning: effects on learning process and outcome", "url": "http://ieeexplore.ieee.org/xpls/abs_all.jsp?arnumber=1049596", "url_versions": "http://scholar.google.com/scholar?cluster=13643722310861071386&hl=en&as_sdt=1,5&sciodt=1,5&as_vis=1", "authors": "M Khalifa, R Lam - Education, IEEE Transactions on", "excerpt": "Web-based learning applications. These Web-learning environments have made learning much more convenient by stretching the spatial and temporal barriers. Their effectiveness, however, remains to be examined. In this research, the authors study the relative  ...", "url_pdf": null, "num_citations": 244, "cluster_id": "13643722310861071386", "year": "2002", "url_citations": "http://scholar.google.com/scholar?cites=13643722310861071386&as_sdt=2005&sciodt=1,5&hl=en"}, {"num_versions": 3, "url_citation": null, "title": "Give better feedback on engineering drawings", "url": "http://search.proquest.com/openview/d79fe8fe1a19f841634e8c9cd389014a/1?pq-origsite=gscholar", "url_versions": "http://scholar.google.com/scholar?cluster=14783471053302372220&hl=en&as_sdt=1,5&sciodt=1,5&as_vis=1", "authors": "R Cobb Jr, T Graham, A Kapur, C Rhodes\u2026 - Tech  \u2026", "excerpt": "Abstract Each student creates a Feedback folder on his or her assigned computer system to store evaluated drawings. To review the instructor's feedback, the student activates the Annotate toolbox (Fig. 2); selects the Show/Edit Flag command (Fig. 5); left-mouse double- ...", "url_pdf": null, "num_citations": 3, "cluster_id": "14783471053302372220", "year": "2005", "url_citations": "http://scholar.google.com/scholar?cites=14783471053302372220&as_sdt=2005&sciodt=1,5&hl=en"}, {"num_versions": 4, "url_citation": null, "title": "Quality evaluation of educational multimedia systems", "url": "http://ascilite.org.au/ajet/submission/index.php/AJET/article/view/1904", "url_versions": "http://scholar.google.com/scholar?cluster=4156356591729541084&hl=en&as_sdt=1,5&sciodt=1,5&as_vis=1", "authors": "B Pham - Australasian Journal of Educational Technology", "excerpt": "Abstract Much effort has been spent on developing and producing multimedia systems, with insufficient attention to ensure their quality This paper discusses different aspects of quality evaluation of multimedia systems, covering both cognitive and technical issues. The  ...", "url_pdf": null, "num_citations": 22, "cluster_id": "4156356591729541084", "year": "1998", "url_citations": "http://scholar.google.com/scholar?cites=4156356591729541084&as_sdt=2005&sciodt=1,5&hl=en"}, {"num_versions": 2, "url_citation": null, "title": "Economics students' perceptions of their learning context", "url": "http://ses.library.usyd.edu.au/handle/2123/207", "url_versions": "http://scholar.google.com/scholar?cluster=8351127358059103244&hl=en&as_sdt=1,5&sciodt=1,5&as_vis=1", "authors": "T Tang, T Robinson -", "excerpt": "Since the late 1960s, economics educators have carried out many research studies designed to explain variations in learning outcomes in economics. Most of these have utilised the input-output approach. Underpinning this approach is the assumption that  ...", "url_pdf": null, "num_citations": 1, "cluster_id": "8351127358059103244", "year": "2005", "url_citations": "http://scholar.google.com/scholar?cites=8351127358059103244&as_sdt=2005&sciodt=1,5&hl=en"}, {"num_versions": 8, "url_citation": null, "title": "QUEST-Um Sistema de Avalia\u00e7\u00e3o Educacional para a Web", "url": "http://www.secondlab.inf.puc-rio.br/public/papers/teseChoren.pdf", "url_versions": "http://scholar.google.com/scholar?cluster=7310928807297549079&hl=en&as_sdt=1,5&sciodt=1,5&as_vis=1", "authors": "RC Noya - Rio de Janeiro: Disserta\u00e7\u00e3o de Mestrado-PUC- \u2026", "excerpt": "Abstract The Internet has a great potential for educational purposes. In 1997, the Software Engineering Laboratory at PUC-Rio implemented a first version of AulaNet\u2122, a web-based educational environment. This year, some of the teaching staff will be using this  ...", "url_pdf": "http://www.secondlab.inf.puc-rio.br/public/papers/teseChoren.pdf", "num_citations": 7, "cluster_id": "7310928807297549079", "year": "1998", "url_citations": "http://scholar.google.com/scholar?cites=7310928807297549079&as_sdt=2005&sciodt=1,5&hl=en"}, {"num_versions": 7, "url_citation": null, "title": "Formative computer based assessment in diagram based domains", "url": "http://eprints.nottingham.ac.uk/13569/", "url_versions": "http://scholar.google.com/scholar?cluster=17147979681777994516&hl=en&as_sdt=1,5&sciodt=1,5&as_vis=1", "authors": "B Bligh -", "excerpt": "This research argues that the formative assessment of student coursework in free-form, diagram-based domains can be automated using CBA techniques in a way which is both feasible and useful. Formative assessment is that form of assessment in which the  ...", "url_pdf": null, "num_citations": 6, "cluster_id": "17147979681777994516", "year": "2007", "url_citations": "http://scholar.google.com/scholar?cites=17147979681777994516&as_sdt=2005&sciodt=1,5&hl=en"}, {"num_versions": 6, "url_citation": null, "title": "Information and interaction: influencing drug prescribing in Swedish primary care", "url": "http://scholar.google.com/https://publications.ki.se/xmlui/handle/10616/39275", "url_versions": "http://scholar.google.com/scholar?cluster=10650711024520384162&hl=en&as_sdt=1,5&sciodt=1,5&as_vis=1", "authors": "C St\u00e5lsby Lundborg -", "excerpt": "Aim The studies concern drug information and continuing education on drug treatment, focusing on doctors' prescribing in primary care in Sweden. The long-term aim has been to develop educational models accepted by the doctors, and to develop and apply means of  ...", "url_pdf": null, "num_citations": 7, "cluster_id": "10650711024520384162", "year": "1999", "url_citations": "http://scholar.google.com/scholar?cites=10650711024520384162&as_sdt=2005&sciodt=1,5&hl=en"}, {"num_versions": 3, "url_citation": null, "title": "In Support of Constructivism: Utilizing Rational, Moral and Communicative Frameworks To Address Frequently Posited Criticisms.", "url": "http://eric.ed.gov/?id=ED455777", "url_versions": "http://scholar.google.com/scholar?cluster=13808617621228059598&hl=en&as_sdt=1,5&sciodt=1,5&as_vis=1", "authors": "R Luppicini, H Schnackenberg -", "excerpt": "ABSTRACT The goal of this paper is to demonstrate how Constructivism in education has failed to address criticisms by re-directing or misdirecting the focus of the debate over whether or not Constructivism is able to give support to a viable theory of instruction. In  ...", "url_pdf": null, "num_citations": 1, "cluster_id": "13808617621228059598", "year": "2000", "url_citations": "http://scholar.google.com/scholar?cites=13808617621228059598&as_sdt=2005&sciodt=1,5&hl=en"}, {"num_versions": 2, "url_citation": null, "title": "Assessing Learning in the MPhil (Higher Education Studies): paving new ways with cornerstones", "url": "http://scholar.google.com/https://www.herdsa.org.au/wp-content/uploads/conference/1999/pdf/Bitzer.PDF", "url_versions": "http://scholar.google.com/scholar?cluster=4204978553642334206&hl=en&as_sdt=1,5&sciodt=1,5&as_vis=1", "authors": "E Bitzer - Higher Education Research and Development Society  \u2026", "excerpt": "The twentieth century saw the development of a number of cornerstones in the assessment of learning. Some of these assessment beacons or cornerstones, as reported in literature, are highlighted in the introductory part of this paper. In the assessment of postgraduate  ...", "url_pdf": null, "num_citations": 2, "cluster_id": "4204978553642334206", "year": "1999", "url_citations": "http://scholar.google.com/scholar?cites=4204978553642334206&as_sdt=2005&sciodt=1,5&hl=en"}, {"num_versions": 4, "url_citation": null, "title": "Does changing the method of assessment of a module improve the performance of a student?", "url": "http://www.tandfonline.com/doi/abs/10.1080/02602930020018962", "url_versions": "http://scholar.google.com/scholar?cluster=8996041060966230578&hl=en&as_sdt=1,5&sciodt=1,5&as_vis=1", "authors": "L Greer - Assessment & Evaluation in Higher Education", "excerpt": "This paper assesses the impact of changing the mode of in-course assessment on the performance of a student in the end of semester examination. A comparison was made between the performance of students of a level 1 accounting module in the 1997 and  ...", "url_pdf": null, "num_citations": 61, "cluster_id": "8996041060966230578", "year": "2001", "url_citations": "http://scholar.google.com/scholar?cites=8996041060966230578&as_sdt=2005&sciodt=1,5&hl=en"}, {"num_versions": 3, "url_citation": null, "title": "ERP-End-User Training Through E-Learning: What Should the User Focus On?", "url": "http://link.springer.com/chapter/10.1007/978-3-319-07055-1_13", "url_versions": "http://scholar.google.com/scholar?cluster=6066606543195410104&hl=en&as_sdt=1,5&sciodt=1,5&as_vis=1", "authors": "L Paa, F Piazolo - Novel Methods and Technologies for Enterprise  \u2026", "excerpt": "Abstract End-user training (EUT) plays an important role in enterprise resource planning (ERP) implementations and successful operations. Nowadays, most EUT is conducted with the support of digital media. In this study we investigated the impact of the amount of time  ...", "url_pdf": null, "num_citations": 1, "cluster_id": "6066606543195410104", "year": "2014", "url_citations": "http://scholar.google.com/scholar?cites=6066606543195410104&as_sdt=2005&sciodt=1,5&hl=en"}, {"num_versions": 18, "url_citation": null, "title": "Biology in bloom: implementing Bloom's taxonomy to enhance student learning in biology", "url": "http://www.lifescied.org/content/7/4/368.short", "url_versions": "http://scholar.google.com/scholar?cluster=16879695792491070487&hl=en&as_sdt=1,5&sciodt=1,5&as_vis=1", "authors": "A Crowe, C Dirks, MP Wenderoth - CBE-Life Sciences Education", "excerpt": "Abstract We developed the Blooming Biology Tool (BBT), an assessment tool based on Bloom's Taxonomy, to assist science faculty in better aligning their assessments with their teaching activities and to help students enhance their study skills and metacognition. The  ...", "url_pdf": null, "num_citations": 172, "cluster_id": "16879695792491070487", "year": "2008", "url_citations": "http://scholar.google.com/scholar?cites=16879695792491070487&as_sdt=2005&sciodt=1,5&hl=en"}, {"num_versions": 6, "url_citation": null, "title": "Development of assessment portfolios for IS majors", "url": "http://isedj.org/5/25/ISEDJ.5%2825%29.Todorova.pdf", "url_versions": "http://scholar.google.com/scholar?cluster=13725578311689217378&hl=en&as_sdt=1,5&sciodt=1,5&as_vis=1", "authors": "N Todorova, A Mills - Information Systems Education Journal", "excerpt": "Abstract: While assessment is acknowledged as a critical enabler of student learning, literature shows lack of alignment between learning objectives and the types of assessment used in practice. This paper reports on the findings of education and IS literature in order  ...", "url_pdf": "http://isedj.org/5/25/ISEDJ.5%2825%29.Todorova.pdf", "num_citations": 5, "cluster_id": "13725578311689217378", "year": "2007", "url_citations": "http://scholar.google.com/scholar?cites=13725578311689217378&as_sdt=2005&sciodt=1,5&hl=en"}, {"num_versions": 4, "url_citation": null, "title": "Measuring Student Learning: An Empirical Solution with Implications for IS Education and Beyond", "url": "http://muse.jhu.edu/journals/esj/summary/v001/1.2taylor.html", "url_versions": "http://scholar.google.com/scholar?cluster=18415982146226641931&hl=en&as_sdt=1,5&sciodt=1,5&as_vis=1", "authors": "DS Taylor, T Goles, WW Chin - e-Service Journal", "excerpt": "Abstract As we enter the twenty-first century, the organizational role of IS continues to expand and evolve at a dizzying pace. An understanding of and appreciation for that role is becoming mandatory for all managers and executives, not just IS professionals. This  ...", "url_pdf": null, "num_citations": 4, "cluster_id": "18415982146226641931", "year": "2002", "url_citations": "http://scholar.google.com/scholar?cites=18415982146226641931&as_sdt=2005&sciodt=1,5&hl=en"}, {"num_versions": 5, "url_citation": null, "title": "Detailed online quizzes: facilitating holistic, integrated learning experience in operations management", "url": "http://www.inderscienceonline.com/doi/abs/10.1504/IJIOME.2009.028858", "url_versions": "http://scholar.google.com/scholar?cluster=9851839736022725975&hl=en&as_sdt=1,5&sciodt=1,5&as_vis=1", "authors": "R Kale, S Gupta, P Fadil - International Journal of  \u2026", "excerpt": "Curriculum research in business schools points out that operations management (OM) is one of the more challenging courses to teach. Instructors have always struggled to enhance the student learning experience in OM courses. This article illustrates the development  ...", "url_pdf": null, "num_citations": 3, "cluster_id": "9851839736022725975", "year": "2009", "url_citations": "http://scholar.google.com/scholar?cites=9851839736022725975&as_sdt=2005&sciodt=1,5&hl=en"}]