[{"num_versions": 3, "url_citation": null, "title": "Making it fresh: ideas for teaching negotiation skills", "url": "http://epublications.bond.edu.au/cgi/viewcontent.cgi?article=1380&context=adr", "url_versions": "http://scholar.google.com/scholar?cluster=594235131330763096&hl=en&as_sdt=1,5&sciodt=1,5&as_vis=1", "authors": "M Conley Tyler, N Cukier - ADR Bulletin", "excerpt": "While we know that negotiation training does work, at a deeper level the success of negotiation training has remained a mystery: how exactly does negotiation learning best occur? Until very recently, there was relatively little understanding of why negotiation  ...", "url_pdf": null, "num_citations": 0, "cluster_id": null, "year": "2006", "url_citations": null}, {"num_versions": 6, "url_citation": null, "title": "Capturing immediate feedback in the classroom: An embedded action research study", "url": "http://130.217.226.8/handle/10652/1937", "url_versions": "http://scholar.google.com/scholar?cluster=10538598055130528430&hl=en&as_sdt=1,5&sciodt=1,5&as_vis=1", "authors": "K Fielden, M Goh -", "excerpt": "This paper explores emergent results from one action research 'project within a project'(PWP). A large action research project (ARP) was conducted in semester 1, 2002 across two schools within the same faculty. Whilst the large ARP straddled six different  ...", "url_pdf": null, "num_citations": 1, "cluster_id": "10538598055130528430", "year": "2003", "url_citations": "http://scholar.google.com/scholar?cites=10538598055130528430&as_sdt=2005&sciodt=1,5&hl=en"}, {"num_versions": 3, "url_citation": null, "title": "A new use for practitioners in teaching negotiation", "url": "http://onlinelibrary.wiley.com/doi/10.1111/j.1571-9979.2007.00135.x/pdf", "url_versions": "http://scholar.google.com/scholar?cluster=17425329617790745739&hl=en&as_sdt=1,5&sciodt=1,5&as_vis=1", "authors": "BI Groth, S Glevoll - Negotiation Journal", "excerpt": "This article examines the role that practitioners as guest lecturers have traditionally played in the teaching of negotiation. The authors argue that, as seen from the perspective of student learning, this traditional role has not utilized the practitioner's expertise and experience to  ... ", "url_pdf": null, "num_citations": 5, "cluster_id": "17425329617790745739", "year": "2007", "url_citations": "http://scholar.google.com/scholar?cites=17425329617790745739&as_sdt=2005&sciodt=1,5&hl=en"}]