[{"num_versions": 0, "url_citation": null, "title": "Gaussian processes autoencoder for dimensionality reduction", "url": "http://link.springer.com/chapter/10.1007/978-3-319-06605-9_6", "url_versions": null, "authors": "X Jiang, J Gao, X Hong, Z Cai - \u2026  in Knowledge Discovery and Data Mining", "excerpt": "Abstract Learning low dimensional manifold from highly nonlinear data of high dimensionality has become increasingly important for discovering intrinsic representation that can be utilized for data visualization and preprocessing. The autoencoder is a  ...", "url_pdf": null, "num_citations": 1, "cluster_id": "1269642758845579990", "year": "2014", "url_citations": "http://scholar.google.com/scholar?cites=1269642758845579990&as_sdt=2005&sciodt=1,5&hl=en"}, {"num_versions": 0, "url_citation": null, "title": "Heterogeneous Multi-column ConvNets with a Fusion Framework for Object Recognition", "url": "http://ieeexplore.ieee.org/xpls/abs_all.jsp?arnumber=7045962", "url_versions": null, "authors": "Y Li, F Sohel, M Bennamoun\u2026 - Applications of Computer  \u2026", "excerpt": "Abstract The purpose of this paper is to investigate heterogeneous multi-column ConvNets (MCCNN) and fusion methods for them. We first construct heterogeneous MCCNN by combining ConvNets with different structures. We then use different fusion methods to  ...", "url_pdf": null, "num_citations": 0, "cluster_id": null, "year": "2015", "url_citations": null}, {"num_versions": 4, "url_citation": null, "title": "Image blur classification and parameter identification using two-stage deep belief networks", "url": "http://www.bmva.org/bmvc/2013/Papers/paper0070/paper0070.pdf", "url_versions": "http://scholar.google.com/scholar?cluster=4667876495556752770&hl=en&as_sdt=1,5&sciodt=1,5&as_vis=1", "authors": "R Yan, L Shao - British Machine Vision Conference (BMVC), Bristol, UK", "excerpt": "Abstract Image blur kernel classification and parameter estimation are critical for blind image deblurring. Current dominant approaches use handcrafted blur features that are optimized for a certain type of blur, which is not applicable in real blind deconvolution application  ...", "url_pdf": "http://www.bmva.org/bmvc/2013/Papers/paper0070/paper0070.pdf", "num_citations": 5, "cluster_id": "4667876495556752770", "year": "2013", "url_citations": "http://scholar.google.com/scholar?cites=4667876495556752770&as_sdt=2005&sciodt=1,5&hl=en"}, {"num_versions": 0, "url_citation": null, "title": "Human Action Recognition Based on Recognition of Linear Patterns in Action Bank Features Using Convolutional Neural Networks", "url": "http://ieeexplore.ieee.org/xpls/abs_all.jsp?arnumber=7033111", "url_versions": null, "authors": "EP Ijjina, CK Mohan - Machine Learning and Applications ( \u2026", "excerpt": "Abstract\u2014In this paper, we proposed a deep convolutional network architecture for recognizing human actions in videos using action bank features. Action bank features computed against of a predefined set of videos known as an action bank, contain linear  ...", "url_pdf": null, "num_citations": 1, "cluster_id": "16907313180319696957", "year": "2014", "url_citations": "http://scholar.google.com/scholar?cites=16907313180319696957&as_sdt=2005&sciodt=1,5&hl=en"}, {"num_versions": 3, "url_citation": null, "title": "Ensemble of machine learning and acoustic segment model techniques for speech emotion and autism spectrum disorders recognition.", "url": "http://www.citi.sinica.edu.tw/papers/yu.tsao/3629-F.pdf", "url_versions": "http://scholar.google.com/scholar?cluster=11016365883563353930&hl=en&as_sdt=1,5&sciodt=1,5&as_vis=1", "authors": "H Lee, T Hu, H Jing, YF Chang, Y Tsao, YC Kao\u2026 -  \u2026", "excerpt": "Abstract This study investigates the classification performances of emotion and autism spectrum disorders from speech utterances using ensemble classification techniques. We first explore the performances of three well-known machine learning techniques, namely,  ...", "url_pdf": "http://www.citi.sinica.edu.tw/papers/yu.tsao/3629-F.pdf", "num_citations": 3, "cluster_id": "11016365883563353930", "year": "2013", "url_citations": "http://scholar.google.com/scholar?cites=11016365883563353930&as_sdt=2005&sciodt=1,5&hl=en"}, {"num_versions": 3, "url_citation": null, "title": "Deep Extreme Tracker Based on Bootstrap Particle Filter", "url": "http://www.jatit.org/volumes/Vol66No3/32Vol66No3.pdf", "url_versions": "http://scholar.google.com/scholar?cluster=5763854877968117633&hl=en&as_sdt=1,5&sciodt=1,5&as_vis=1", "authors": "AAS Gunawan, MI Fanany, W Jatmiko - Journal of Theoretical and Applied  \u2026", "excerpt": "ABSTRACT Visual tracking in mobile robots have to track various target objects in fast processing, but existing state-ofthe-art methods only use specific image feature which only suitable for certain target objects. In this paper, we proposed new approach without  ...", "url_pdf": "http://www.jatit.org/volumes/Vol66No3/32Vol66No3.pdf", "num_citations": 2, "cluster_id": "5763854877968117633", "year": "2014", "url_citations": "http://scholar.google.com/scholar?cites=5763854877968117633&as_sdt=2005&sciodt=1,5&hl=en"}, {"num_versions": 2, "url_citation": null, "title": "A Deep and Stable Extreme Learning Approach for Classification and Regression", "url": "http://link.springer.com/chapter/10.1007/978-3-319-14063-6_13", "url_versions": "http://scholar.google.com/scholar?cluster=837185176081391669&hl=en&as_sdt=1,5&sciodt=1,5&as_vis=1", "authors": "W Huang, F Sun - Proceedings of ELM-", "excerpt": "Abstract The random-hidden-node based extreme learning machine (ELM) is a much more generalized cluster of single-hidden-layer feed-forward neural networks (SLFNs) whose hidden layer do not need to be adjusted, and tends to reach both the smallest training  ...", "url_pdf": null, "num_citations": 1, "cluster_id": "837185176081391669", "year": "2014", "url_citations": "http://scholar.google.com/scholar?cites=837185176081391669&as_sdt=2005&sciodt=1,5&hl=en"}, {"num_versions": 4, "url_citation": null, "title": "Deep architectures for automatic emotion recognition based on lip shape", "url": "http://www.infoteh.rs.ba/zbornik/2013/radovi/RSS-7/RSS-7-5.pdf", "url_versions": "http://scholar.google.com/scholar?cluster=13445948113267408350&hl=en&as_sdt=1,5&sciodt=1,5&as_vis=1", "authors": "B Popovi\u0107, S Ostrogonac, V Deli\u0107, M Janev\u2026 - \u2026 , Jahorina, Bosnia and  \u2026", "excerpt": "Abstract\u2014Deep belief networks are used in this paper in order to initialize a feed-forward neural network, used for classification of emotions based on lip shape. Deep architectures are trained in a layer-wise greedy manner during the unsupervised training phase,  ...", "url_pdf": "http://www.infoteh.rs.ba/zbornik/2013/radovi/RSS-7/RSS-7-5.pdf", "num_citations": 3, "cluster_id": "13445948113267408350", "year": "2013", "url_citations": "http://scholar.google.com/scholar?cites=13445948113267408350&as_sdt=2005&sciodt=1,5&hl=en"}, {"num_versions": 4, "url_citation": null, "title": "Vehicle License Plate Recognition With Random Convolutional Networks", "url": "http://ieeexplore.ieee.org/xpls/abs_all.jsp?arnumber=6915321", "url_versions": "http://scholar.google.com/scholar?cluster=5477848726715956633&hl=en&as_sdt=1,5&sciodt=1,5&as_vis=1", "authors": "D Menotti, G Chiachia, AX Falcao\u2026 - \u2026 , Patterns and Images \u2026", "excerpt": "Abstract\u2014Despite decades of research on automatic license plate recognition (ALPR), optical character recognition (OCR) still leaves room for improvement in this context, given that a single OCR miss is enough to miss the entire plate. We propose an OCR approach  ...", "url_pdf": null, "num_citations": 3, "cluster_id": "5477848726715956633", "year": "2014", "url_citations": "http://scholar.google.com/scholar?cites=5477848726715956633&as_sdt=2005&sciodt=1,5&hl=en"}, {"num_versions": 3, "url_citation": null, "title": "A pyramidal deep learning architecture for human action recognition", "url": "http://www.inderscienceonline.com/doi/abs/10.1504/IJMIC.2014.060007", "url_versions": "http://scholar.google.com/scholar?cluster=13867614667712582423&hl=en&as_sdt=1,5&sciodt=1,5&as_vis=1", "authors": "L Xie, W Pan, C Tang, H Hu - International Journal of  \u2026", "excerpt": "This paper proposes a pyramidal deep learning architecture for human action recognition based on depth images from a 3D vision sensor. This method consists of three steps: 1) pre-processing depth image; 2) building a hidden deep neural network; 3) pattern recognition.  ...", "url_pdf": null, "num_citations": 3, "cluster_id": "13867614667712582423", "year": "2014", "url_citations": "http://scholar.google.com/scholar?cites=13867614667712582423&as_sdt=2005&sciodt=1,5&hl=en"}, {"num_versions": 2, "url_citation": null, "title": "LaRED: a large RGB-D extensible hand gesture dataset", "url": "http://dl.acm.org/citation.cfm?id=2563669", "url_versions": "http://scholar.google.com/scholar?cluster=8493461407703887584&hl=en&as_sdt=1,5&sciodt=1,5&as_vis=1", "authors": "YS Hsiao, J Sanchez-Riera, T Lim, KL Hua\u2026 - Proceedings of the 5th  \u2026", "excerpt": "Abstract We present the LaRED, a Large RGB-D Extensible hand gesture Dataset, recorded with an Intel's newly-developed short range depth camera. This dataset is unique and differs from the existing ones in several aspects. Firstly, the large volume of data recorded: 243,  ...", "url_pdf": null, "num_citations": 2, "cluster_id": "8493461407703887584", "year": "2014", "url_citations": "http://scholar.google.com/scholar?cites=8493461407703887584&as_sdt=2005&sciodt=1,5&hl=en"}, {"num_versions": 5, "url_citation": null, "title": "MatConvNet-convolutional neural networks for MATLAB", "url": "http://arxiv.org/abs/1412.4564", "url_versions": "http://scholar.google.com/scholar?cluster=3160273686916691193&hl=en&as_sdt=1,5&sciodt=1,5&as_vis=1", "authors": "A Vedaldi, K Lenc - arXiv preprint arXiv:1412.4564", "excerpt": "Abstract: MatConvNet is an implementation of Convolutional Neural Networks (CNNs) for MATLAB. The toolbox is designed with an emphasis on simplicity and flexibility. It exposes the building blocks of CNNs as easy-to-use MATLAB functions, providing routines for  ...", "url_pdf": null, "num_citations": 58, "cluster_id": "3160273686916691193", "year": "2014", "url_citations": "http://scholar.google.com/scholar?cites=3160273686916691193&as_sdt=2005&sciodt=1,5&hl=en"}, {"num_versions": 8, "url_citation": null, "title": "NMF-based Speech Enhancement Incorporating Deep Neural Network", "url": "http://scholar.google.com/https://mazsola.iit.uni-miskolc.hu/%7Eczap/letoltes/IS14/IS2014/PDF/AUTHOR/IS140575.PDF", "url_versions": "http://scholar.google.com/scholar?cluster=17870219502695599314&hl=en&as_sdt=1,5&sciodt=1,5&as_vis=1", "authors": "TG Kang, K Kwon, JW Shin\u2026 - \u2026  Annual Conference of  \u2026", "excerpt": "Abstract Recently, lots of algorithms using machine learning approaches have been proposed in the speech enhancement area. One of the most well-known approaches is the non-negative matrix factorization (NMF)-based one which analyzes noisy speech with  ...", "url_pdf": null, "num_citations": 2, "cluster_id": "17870219502695599314", "year": "2014", "url_citations": "http://scholar.google.com/scholar?cites=17870219502695599314&as_sdt=2005&sciodt=1,5&hl=en"}, {"num_versions": 3, "url_citation": null, "title": "Traffic flow prediction with big data: a deep learning approach", "url": "http://ieeexplore.ieee.org/xpls/abs_all.jsp?arnumber=6894591", "url_versions": "http://scholar.google.com/scholar?cluster=2781933001924313962&hl=en&as_sdt=1,5&sciodt=1,5&as_vis=1", "authors": "Y Lv, Y Duan, W Kang, Z Li\u2026 - \u2026 , IEEE Transactions on", "excerpt": "Abstract\u2014Accurate and timely traffic flow information is im-portant for the successful deployment of intelligent transportation systems. Over the last few years, traffic data have been exploding, and we have truly entered the era of big data for transportation. Existing  ...", "url_pdf": null, "num_citations": 5, "cluster_id": "2781933001924313962", "year": "2015", "url_citations": "http://scholar.google.com/scholar?cites=2781933001924313962&as_sdt=2005&sciodt=1,5&hl=en"}, {"num_versions": 7, "url_citation": null, "title": "Learning Separable Filters", "url": "http://ieeexplore.ieee.org/xpls/abs_all.jsp?arnumber=6866160", "url_versions": "http://scholar.google.com/scholar?cluster=17772197639926832438&hl=en&as_sdt=1,5&sciodt=1,5&as_vis=1", "authors": "A Sironi, B Tekin, R Rigamonti\u2026 - Pattern Analysis and  \u2026", "excerpt": "Abstract\u2014Learning filters to produce sparse image representations in terms of overcomplete dictionaries has emerged as a powerful way to create image features for many different purposes. Unfortunately, these filters are usually both numerous and non-separable,  ...", "url_pdf": null, "num_citations": 3, "cluster_id": "17772197639926832438", "year": "2015", "url_citations": "http://scholar.google.com/scholar?cites=17772197639926832438&as_sdt=2005&sciodt=1,5&hl=en"}, {"num_versions": 3, "url_citation": null, "title": "Recognition of acoustic events using deep neural networks", "url": "http://ieeexplore.ieee.org/xpls/abs_all.jsp?arnumber=6952140", "url_versions": "http://scholar.google.com/scholar?cluster=8624019886230592032&hl=en&as_sdt=1,5&sciodt=1,5&as_vis=1", "authors": "O Gencoglu, T Virtanen\u2026 - \u2026 )", "excerpt": "ABSTRACT This paper proposes the use of a deep neural network for the recognition of isolated acoustic events such as footsteps, baby crying, motorcycle, rain etc. For an acoustic event classification task containing 61 distinct classes, classification accuracy of the  ...", "url_pdf": null, "num_citations": 3, "cluster_id": "8624019886230592032", "year": "2014", "url_citations": "http://scholar.google.com/scholar?cites=8624019886230592032&as_sdt=2005&sciodt=1,5&hl=en"}, {"num_versions": 0, "url_citation": null, "title": "Vehicle Engine Classification Using Spectral Tone-Pitch Vibration Indexing and Neural Network", "url": "http://www.igi-global.com/article/vehicle-engine-classification-using-spectral-tone-pitch-vibration-indexing-and-neural-network/130619", "url_versions": null, "authors": "J Wei, K Vongsy, O Mendoza-Schrock\u2026 - International Journal of  \u2026", "excerpt": "Abstract As a non-invasive and remote sensor, the Laser Doppler Vibrometer (LDV) has found a broad spectrum of applications in various areas such as civil engineering, biomedical engineering, and even security and restoration within art museums. LDV is an  ...", "url_pdf": null, "num_citations": 2, "cluster_id": "1898739766745925986", "year": "2014", "url_citations": "http://scholar.google.com/scholar?cites=1898739766745925986&as_sdt=2005&sciodt=1,5&hl=en"}, {"num_versions": 2, "url_citation": null, "title": "Deep Learning-Based Goal Recognition in Open-Ended Digital Games", "url": "http://www.intellimedia.ncsu.edu/wp-content/uploads/min-aiide-2014.pdf", "url_versions": "http://scholar.google.com/scholar?cluster=2032984237306227374&hl=en&as_sdt=1,5&sciodt=1,5&as_vis=1", "authors": "W Min, EY Ha, J Rowe, B Mott\u2026 - Proc. 10th Annual Conf.  \u2026", "excerpt": "Abstract While many open-ended digital games feature non-linear storylines and multiple solution paths, it is challenging for game developers to create effective game experiences in these settings due to the freedom given to the player. To address these challenges, goal  ...", "url_pdf": "http://www.intellimedia.ncsu.edu/wp-content/uploads/min-aiide-2014.pdf", "num_citations": 3, "cluster_id": "2032984237306227374", "year": "2014", "url_citations": "http://scholar.google.com/scholar?cites=2032984237306227374&as_sdt=2005&sciodt=1,5&hl=en"}]