[{"num_versions": 5, "url_citation": null, "title": "Kernels, pre-images and optimization", "url": "http://link.springer.com/chapter/10.1007/978-3-642-41136-6_21", "url_versions": "http://scholar.google.com/scholar?cluster=17511897638373243086&hl=en&as_sdt=1,5&sciodt=1,5&as_vis=1", "authors": "JC Snyder, S Mika, K Burke, KR M\u00fcller - Empirical Inference", "excerpt": "Abstract In the last decade, kernel-based learning has become a state-of-the-art technology in Machine Learning. We briefly review kernel PCA Kernel principal component analysis (kPCA)(kPCA) and the pre-image problem that occurs in kPCA. Subsequently, we discuss  ...", "url_pdf": null, "num_citations": 2, "cluster_id": "17511897638373243086", "year": "2013", "url_citations": "http://scholar.google.com/scholar?cites=17511897638373243086&as_sdt=2005&sciodt=1,5&hl=en"}, {"num_versions": 3, "url_citation": null, "title": "\u57fa\u4e8e\u6570\u636e\u9a71\u52a8\u6a21\u5f0f\u7684\u7f51\u7edc\u6d88\u8d39\u8005\u8d2d\u4e70\u884c\u4e3a\u7279\u70b9\u53ca\u7b97\u4f8b\u63a2\u8ba8", "url": "http://www.cqvip.com/qk/83891x/201305/46177200.html", "url_versions": "http://scholar.google.com/scholar?cluster=16920227063253965579&hl=en&as_sdt=1,5&sciodt=1,5&as_vis=1", "authors": "\u9ec4\u4e3d\u5a1f\uff0c \u9ec4\u5c0f\u519b\uff0c \u8c22\u745e\u534e - \u5e7f\u5dde\u5927\u5b66\u5b66\u62a5: \u793e\u4f1a\u79d1\u5b66\u7248", "excerpt": "\u57fa\u4e8eInternet \u7684\u7f51\u7edc\u8425\u9500\u865a\u62df\u4e16\u754c\u53ca\u5176\u70df\u6ce2\u6d69\u6dfc\u7684\u7f51\u4e0a\u6d88\u8d39\u6570\u636e, \u7f51\u4e0a\u6d88\u8d39\u8005\u8d2d\u4e70\u884c\u4e3a\u7279\u70b9\u7684\u7814\u7a76\u6a21\u5f0f\u4e0e\u4f20\u7edf\u8425\u9500\u6bd4\u8f83\u5177\u6709\u8fe5\u7136\u4e0d\u540c\u7684\u7279\u70b9. \u6587\u7ae0\u5c06\u6d88\u8d39\u8005\u8d2d\u4e70\u884c\u4e3a\u7279\u70b9\u7684\u7814\u7a76\u6a21\u5f0f\u5f52\u7eb3\u6210\u4e09\u7c7b: \u7ecf\u9a8c\u9a71\u52a8\u6a21\u5f0f, \u7406\u8bba\u9a71\u52a8\u6a21\u5f0f, \u6570\u636e\u9a71\u52a8\u6a21\u5f0f, \u5e76\u901a\u8fc7\u6bd4\u8f83\u6307\u51fa\u6570\u636e\u9a71\u52a8\u6a21\u5f0f\u6700\u9002\u7528\u4e8e\u7f51\u4e0a ...", "url_pdf": null, "num_citations": 0, "cluster_id": null, "year": "2013", "url_citations": null}, {"num_versions": 14, "url_citation": null, "title": "Deep learning in neural networks: An overview", "url": "http://www.sciencedirect.com/science/article/pii/S0893608014002135", "url_versions": "http://scholar.google.com/scholar?cluster=15932869302045479284&hl=en&as_sdt=1,5&sciodt=1,5&as_vis=1", "authors": "J Schmidhuber - Neural Networks", "excerpt": "Abstract In recent years, deep artificial neural networks (including recurrent ones) have won numerous contests in pattern recognition and machine learning. This historical survey compactly summarizes relevant work, much of it from the previous millennium. Shallow  ...", "url_pdf": null, "num_citations": 143, "cluster_id": "15932869302045479284", "year": "2015", "url_citations": "http://scholar.google.com/scholar?cites=15932869302045479284&as_sdt=2005&sciodt=1,5&hl=en"}, {"num_versions": 6, "url_citation": null, "title": "Linear and nonlinear regression techniques for simultaneous and proportional myoelectric control", "url": "http://ieeexplore.ieee.org/xpls/abs_all.jsp?arnumber=6742730", "url_versions": "http://scholar.google.com/scholar?cluster=147148642381097595&hl=en&as_sdt=1,5&sciodt=1,5&as_vis=1", "authors": "JM Hahne, F BieBmann, N Jiang\u2026 - Neural Systems and  \u2026", "excerpt": "Abstract\u2014In recent years the number of active controllable joints in electrically powered hand-prostheses has increased significantly. However, the control strategies for these devices in current clinical use are inadequate as they require separate and sequential  ...", "url_pdf": null, "num_citations": 29, "cluster_id": "147148642381097595", "year": "2014", "url_citations": "http://scholar.google.com/scholar?cites=147148642381097595&as_sdt=2005&sciodt=1,5&hl=en"}, {"num_versions": 5, "url_citation": null, "title": "Intelligent system for time series prediction in stock exchange markets", "url": "http://link.springer.com/chapter/10.1007/978-3-319-06695-0_11", "url_versions": "http://scholar.google.com/scholar?cluster=1939453254967622756&hl=en&as_sdt=1,5&sciodt=1,5&as_vis=1", "authors": "NL Tudor - Business Information Systems", "excerpt": "Abstract This article presents an intelligent system using artificial neural techniques for time series prediction in stock exchange markets. For this purpose, is developed a hybrid neural network with supervised learning algorithm able to learn to predict the evolution of stock  ...", "url_pdf": null, "num_citations": 2, "cluster_id": "1939453254967622756", "year": "2014", "url_citations": "http://scholar.google.com/scholar?cites=1939453254967622756&as_sdt=2005&sciodt=1,5&hl=en"}, {"num_versions": 0, "url_citation": null, "title": "Machine learning for quantum mechanics in a nutshell", "url": "http://onlinelibrary.wiley.com/doi/10.1002/qua.24954/full", "url_versions": null, "authors": "M Rupp - International Journal of Quantum Chemistry", "excerpt": "This tutorial provides a short, practical introduction to interpolation of numerical results from quantum chemistry using kernel-based machine learning methods. It has three parts: The introduction, explaining key ideas and providing context, a theory part where kernel-based  ...", "url_pdf": null, "num_citations": 1, "cluster_id": "11809573256457043619", "year": "2015", "url_citations": "http://scholar.google.com/scholar?cites=11809573256457043619&as_sdt=2005&sciodt=1,5&hl=en"}, {"num_versions": 6, "url_citation": null, "title": "Representation Learning Using Multi-Task Deep Neural Networks for Semantic Classification and Information Retrieval", "url": "http://www.msr-waypoint.net/pubs/241128/mltdnn.pdf", "url_versions": "http://scholar.google.com/scholar?cluster=10467421727136152027&hl=en&as_sdt=1,5&sciodt=1,5&as_vis=1", "authors": "X Liu, J Gao, X He, L Deng, K Duh, YY Wang - Proc. NAACL, May", "excerpt": "Abstract Methods of deep neural networks (DNNs) have recently demonstrated superior performance on a number of natural language processing tasks. However, in most previous work, the models are learned based on either unsupervised objectives, which does not  ...", "url_pdf": "http://www.msr-waypoint.net/pubs/241128/mltdnn.pdf", "num_citations": 2, "cluster_id": "10467421727136152027", "year": "2015", "url_citations": "http://scholar.google.com/scholar?cites=10467421727136152027&as_sdt=2005&sciodt=1,5&hl=en"}, {"num_versions": 4, "url_citation": null, "title": "Stochastic pooling for regularization of deep convolutional neural networks", "url": "http://arxiv.org/abs/1301.3557", "url_versions": "http://scholar.google.com/scholar?cluster=7482354209361736264&hl=en&as_sdt=1,5&sciodt=1,5&as_vis=1", "authors": "MD Zeiler, R Fergus - arXiv preprint arXiv:1301.3557", "excerpt": "Abstract: We introduce a simple and effective method for regularizing large convolutional neural networks. We replace the conventional deterministic pooling operations with a stochastic procedure, randomly picking the activation within each pooling region  ...", "url_pdf": null, "num_citations": 101, "cluster_id": "7482354209361736264", "year": "2013", "url_citations": "http://scholar.google.com/scholar?cites=7482354209361736264&as_sdt=2005&sciodt=1,5&hl=en"}, {"num_versions": 9, "url_citation": null, "title": "A latent semantic model with convolutional-pooling structure for information retrieval", "url": "http://dl.acm.org/citation.cfm?id=2661935", "url_versions": "http://scholar.google.com/scholar?cluster=15105908672529426618&hl=en&as_sdt=1,5&sciodt=1,5&as_vis=1", "authors": "Y Shen, X He, J Gao, L Deng, G Mesnil - Proceedings of the 23rd ACM  \u2026", "excerpt": "Abstract In this paper, we propose a new latent semantic model that incorporates a convolutional-pooling structure over word sequences to learn low-dimensional, semantic vector representations for search queries and Web documents. In order to capture the rich  ...", "url_pdf": null, "num_citations": 23, "cluster_id": "15105908672529426618", "year": "2014", "url_citations": "http://scholar.google.com/scholar?cites=15105908672529426618&as_sdt=2005&sciodt=1,5&hl=en"}, {"num_versions": 17, "url_citation": null, "title": "Machine learning of molecular electronic properties in chemical compound space", "url": "http://iopscience.iop.org/1367-2630/15/9/095003", "url_versions": "http://scholar.google.com/scholar?cluster=10630711614897084406&hl=en&as_sdt=1,5&sciodt=1,5&as_vis=1", "authors": "G Montavon, M Rupp, V Gobre\u2026 - New Journal of  \u2026", "excerpt": "Abstract The combination of modern scientific computing with electronic structure theory can lead to an unprecedented amount of data amenable to intelligent data analysis for the identification of meaningful, novel and predictive structure\u2013property relationships. Such  ...", "url_pdf": null, "num_citations": 35, "cluster_id": "10630711614897084406", "year": "2013", "url_citations": "http://scholar.google.com/scholar?cites=10630711614897084406&as_sdt=2005&sciodt=1,5&hl=en"}, {"num_versions": 5, "url_citation": null, "title": "\u6df1\u5ea6\u5b66\u4e60\u7814\u7a76\u8fdb\u5c55", "url": "http://www.arocmag.com/getarticle/?aid=1f0573c7eced12e9", "url_versions": "http://scholar.google.com/scholar?cluster=9455047291083555200&hl=en&as_sdt=1,5&sciodt=1,5&as_vis=1", "authors": "\u5218\u5efa\u4f1f\uff0c \u5218\u5a9b\uff0c \u7f57\u96c4\u9e9f - \u8ba1\u7b97\u673a\u5e94\u7528\u7814\u7a76", "excerpt": "\u6458\u8981: \u9274\u4e8e\u6df1\u5ea6\u5b66\u4e60\u7684\u91cd\u8981\u6027, \u7efc\u8ff0\u4e86\u6df1\u5ea6\u5b66\u4e60\u7684\u7814\u7a76\u8fdb\u5c55. \u9996\u5148\u6982\u8ff0\u4e86\u6df1\u5ea6\u5b66\u4e60\u5177\u6709\u7684\u4f18\u70b9, \u7531\u6b64\u8bf4\u660e\u4e86\u5f15\u5165\u6df1\u5ea6\u5b66\u4e60\u7684\u5fc5\u8981\u6027; \u7136\u540e\u63cf\u8ff0\u4e86\u4e09\u79cd\u5178\u578b\u7684\u6df1\u5ea6\u5b66\u4e60\u6a21\u578b, \u5305\u62ec\u5377\u79ef\u795e\u7ecf\u7f51\u7edc\u6a21\u578b, \u6df1\u5ea6\u4fe1\u4efb\u7f51\u7edc\u6a21\u578b\u548c\u5806\u6808\u81ea\u7f16\u7801\u7f51\u7edc\u6a21\u578b, \u5e76\u5bf9\u8fd1\u51e0\u5e74\u6df1\u5ea6\u5b66\u4e60\u5728\u521d ...", "url_pdf": null, "num_citations": 1, "cluster_id": "9455047291083555200", "year": "2014", "url_citations": "http://scholar.google.com/scholar?cites=9455047291083555200&as_sdt=2005&sciodt=1,5&hl=en"}, {"num_versions": 4, "url_citation": null, "title": "Handwritten character recognition by alternately trained relaxation convolutional neural network", "url": "http://ieeexplore.ieee.org/xpls/abs_all.jsp?arnumber=6981035", "url_versions": "http://scholar.google.com/scholar?cluster=11307547337730422778&hl=en&as_sdt=1,5&sciodt=1,5&as_vis=1", "authors": "C Wu, W Fan, Y He, J Sun\u2026 - Frontiers in Handwriting  \u2026", "excerpt": "Abstract\u2014Deep learning methods have recently achieved impressive performance in the area of visual recognition and speech recognition. In this paper, we propose a handwriting recognition method based on relaxation convolutional neural network (R-CNN) and  ...", "url_pdf": null, "num_citations": 4, "cluster_id": "11307547337730422778", "year": "2014", "url_citations": "http://scholar.google.com/scholar?cites=11307547337730422778&as_sdt=2005&sciodt=1,5&hl=en"}, {"num_versions": 2, "url_citation": null, "title": "Pre-trained multi-view word embedding using two-side neural network", "url": "http://cslt.riit.tsinghua.edu.cn/mediawiki/images/3/3c/Pre-Trained_Multi-View_Word_Embedding.pdf", "url_versions": "http://scholar.google.com/scholar?cluster=13402023072893758099&hl=en&as_sdt=1,5&sciodt=1,5&as_vis=1", "authors": "Y Luo, J Tang, J Yan, C Xu\u2026 - Twenty-Eighth AAAI  \u2026", "excerpt": "Abstract Word embedding aims to learn a continuous representation for each word. It attracts increasing attention due to its effectiveness in various tasks such as named entity recognition and language modeling. Most existing word embedding results are generally  ...", "url_pdf": "http://cslt.riit.tsinghua.edu.cn/mediawiki/images/3/3c/Pre-Trained_Multi-View_Word_Embedding.pdf", "num_citations": 2, "cluster_id": "13402023072893758099", "year": "2014", "url_citations": "http://scholar.google.com/scholar?cites=13402023072893758099&as_sdt=2005&sciodt=1,5&hl=en"}, {"num_versions": 16, "url_citation": null, "title": "Learning deep structured semantic models for web search using clickthrough data", "url": "http://dl.acm.org/citation.cfm?id=2505665", "url_versions": "http://scholar.google.com/scholar?cluster=1866111180462751281&hl=en&as_sdt=1,5&sciodt=1,5&as_vis=1", "authors": "PS Huang, X He, J Gao, L Deng, A Acero\u2026 - Proceedings of the 22nd  \u2026", "excerpt": "Abstract Latent semantic models, such as LSA, intend to map a query to its relevant documents at the semantic level where keyword-based matching often fails. In this study we strive to develop a series of new latent semantic models with a deep structure that project  ...", "url_pdf": null, "num_citations": 74, "cluster_id": "1866111180462751281", "year": "2013", "url_citations": "http://scholar.google.com/scholar?cites=1866111180462751281&as_sdt=2005&sciodt=1,5&hl=en"}, {"num_versions": 0, "url_citation": null, "title": "On pixel-wise explanations for non-linear classifier decisions by layer-wise relevance propagation", "url": "http://www.ncbi.nlm.nih.gov/pmc/articles/PMC4498753/", "url_versions": null, "authors": "S Bach, A Binder, G Montavon, F Klauschen, KR M\u00fcller\u2026 - PloS one", "excerpt": "Abstract Understanding and interpreting classification decisions of automated image classification systems is of high value in many applications, as it allows to verify the reasoning of the system and provides additional information to the human expert.  ...", "url_pdf": null, "num_citations": 2, "cluster_id": "7621276453335406369", "year": "2015", "url_citations": "http://scholar.google.com/scholar?cites=7621276453335406369&as_sdt=2005&sciodt=1,5&hl=en"}]