[{"num_versions": 0, "url_citation": null, "title": "Music genre classification using EMD and pitch based feature", "url": "http://ieeexplore.ieee.org/xpls/abs_all.jsp?arnumber=7050714", "url_versions": null, "authors": "R Sarkar, SK Saha - Advances in Pattern Recognition (ICAPR), \u2026", "excerpt": "Abstract\u2014Automated classification of music signal is an active area of research. It can act as the fundamental step for various applications like archival, indexing and retrieval of music data. In this work, a simple methodology is presented to categorize the music signals  ...", "url_pdf": null, "num_citations": 0, "cluster_id": null, "year": "2015", "url_citations": null}]