[{"num_versions": 9, "url_citation": null, "title": "The enigma of the Chinese learner", "url": "http://www.tandfonline.com/doi/abs/10.1080/0963928042000273780", "url_versions": "http://scholar.google.com/scholar?cluster=10035675588851254433&hl=en&as_sdt=1,5&sciodt=1,5&as_vis=1", "authors": "BJ Cooper* - Accounting Education", "excerpt": "Although increasingly challenged in the higher education literature in recent years, there is still a common perception among teachers of the stereotypical Chinese rote learner. This perception, however, lies uncomfortably with the paradox that Chinese learners  ...", "url_pdf": null, "num_citations": 82, "cluster_id": "10035675588851254433", "year": "2004", "url_citations": "http://scholar.google.com/scholar?cites=10035675588851254433&as_sdt=2005&sciodt=1,5&hl=en"}, {"num_versions": 4, "url_citation": null, "title": "Helping students value cultural diversity through research\u2010based teaching", "url": "http://www.tandfonline.com/doi/abs/10.1080/07294360902725074", "url_versions": "http://scholar.google.com/scholar?cluster=10511062768903361009&hl=en&as_sdt=1,5&sciodt=1,5&as_vis=1", "authors": "E Deakins - Higher Education Research & Development", "excerpt": "Although international students studying in New Zealand desire and expect contact with their domestic peers, the level of cross\u2010national interactions remains generally low. This paper describes an initiative to promote more and better intercultural understanding within  ...", "url_pdf": null, "num_citations": 35, "cluster_id": "10511062768903361009", "year": "2009", "url_citations": "http://scholar.google.com/scholar?cites=10511062768903361009&as_sdt=2005&sciodt=1,5&hl=en"}, {"num_versions": 2, "url_citation": null, "title": "Challenges to stereotypes of international students' prior educational experience: Undergraduate education in India", "url": "http://www.tandfonline.com/doi/abs/10.1080/0729436990180304", "url_versions": "http://scholar.google.com/scholar?cluster=4873665703261252944&hl=en&as_sdt=1,5&sciodt=1,5&as_vis=1", "authors": "P Ninnes, C Aitchison, S Kalos - Higher Education Research and  \u2026", "excerpt": "ABSTRACT The discourse concerning teaching and learning for international students in Australia has been dominated by a cultural\u2010deficit approach. Proponents of this perspective argue that many international students bring with them learning experiences which are  ...", "url_pdf": null, "num_citations": 70, "cluster_id": "4873665703261252944", "year": "1999", "url_citations": "http://scholar.google.com/scholar?cites=4873665703261252944&as_sdt=2005&sciodt=1,5&hl=en"}, {"num_versions": 10, "url_citation": null, "title": "International students in Australia: Read ten thousand volumes of books and walk ten thousand miles", "url": "http://www.tandfonline.com/doi/abs/10.1080/02188790701378792", "url_versions": "http://scholar.google.com/scholar?cluster=9781465815078073866&hl=en&as_sdt=1,5&sciodt=1,5&as_vis=1", "authors": "S Arkoudis, LT Tran - Asia Pacific Journal of Education", "excerpt": "A number of international students, predominately from Asian countries, are present in universities in the UK, United States, and Australia. There is little research exploring their experiences as they negotiate the disciplinary requirements of their courses. This paper  ...", "url_pdf": null, "num_citations": 40, "cluster_id": "9781465815078073866", "year": "2007", "url_citations": "http://scholar.google.com/scholar?cites=9781465815078073866&as_sdt=2005&sciodt=1,5&hl=en"}, {"num_versions": 9, "url_citation": null, "title": "Reconceptualising equity: Pedagogy for Chinese students in Australian schools", "url": "http://link.springer.com/article/10.1007/BF03216796", "url_versions": "http://scholar.google.com/scholar?cluster=11620210190341964008&hl=en&as_sdt=1,5&sciodt=1,5&as_vis=1", "authors": "K Dooley - The Australian Educational Researcher", "excerpt": "Abstract Education Queensland's New Basics project has extended conceptions of 'equity'to incorporate dimensions such as higher order thinking and student control of classroom activity. This requires a critique of the outcomes attained by even high achieving students.  ...", "url_pdf": null, "num_citations": 20, "cluster_id": "11620210190341964008", "year": "2003", "url_citations": "http://scholar.google.com/scholar?cites=11620210190341964008&as_sdt=2005&sciodt=1,5&hl=en"}, {"num_versions": 4, "url_citation": null, "title": "Rethinking silence in the classroom: Chinese students' experiences of sharing indigenous knowledge", "url": "http://www.tandfonline.com/doi/abs/10.1080/13603110500075180", "url_versions": "http://scholar.google.com/scholar?cluster=13082667497075257170&hl=en&as_sdt=1,5&sciodt=1,5&as_vis=1", "authors": "Y Rachel Zhou, D Knoke, I Sakamoto - International Journal of  \u2026", "excerpt": "Recent research has documented silence/reticence among East\u2010Asian international students, including Chinese students, in Western/English classrooms. Students' communication competence and cultural differences from the mainstream Euro\u2010American  ...", "url_pdf": null, "num_citations": 95, "cluster_id": "13082667497075257170", "year": "2005", "url_citations": "http://scholar.google.com/scholar?cites=13082667497075257170&as_sdt=2005&sciodt=1,5&hl=en"}, {"num_versions": 6, "url_citation": null, "title": "Who adapts? Beyond cultural models of 'the'Chinese learner", "url": "http://www.tandfonline.com/doi/abs/10.1080/07908310608668755", "url_versions": "http://scholar.google.com/scholar?cluster=8177204329613229398&hl=en&as_sdt=1,5&sciodt=1,5&as_vis=1", "authors": "Q Gu, M Schweisfurth - Language, Culture and Curriculum", "excerpt": "From a comparative perspective, this paper analyses Chinese learners' intercultural experiences in Chinese and British educational contexts. In the Chinese context, interview and questionnaire research was carried out in 24 universities that hosted the British  ...", "url_pdf": null, "num_citations": 116, "cluster_id": "8177204329613229398", "year": "2006", "url_citations": "http://scholar.google.com/scholar?cites=8177204329613229398&as_sdt=2005&sciodt=1,5&hl=en"}, {"num_versions": 8, "url_citation": null, "title": "Does culture influence understanding and perceived seriousness of plagiarism?", "url": "http://ojs.unisa.edu.au/index.php/IJEI/article/view/412", "url_versions": "http://scholar.google.com/scholar?cluster=4582678284187394431&hl=en&as_sdt=1,5&sciodt=1,5&as_vis=1", "authors": "A Maxwell, GJ Curtis, L Vardanega - International Journal for  \u2026", "excerpt": "Abstract This paper discusses the perceived seriousness and understanding of plagiarism by local and Asian international students in Australia, presenting new data from a study conducted at two Australian universities. In our study no differences were found between  ...", "url_pdf": null, "num_citations": 43, "cluster_id": "4582678284187394431", "year": "2008", "url_citations": "http://scholar.google.com/scholar?cites=4582678284187394431&as_sdt=2005&sciodt=1,5&hl=en"}, {"num_versions": 4, "url_citation": null, "title": "Educating the other: Standpoint and theory in the 'Internationalization'of higher education", "url": "http://scholar.google.com/https://books.google.com/books?hl=en&lr=&id=tbdgAQAAQBAJ&oi=fnd&pg=PA43&ots=ZugeqGy0RG&sig=l1kTJQH4mAWtFlw97YOFV-_k7WI", "url_versions": "http://scholar.google.com/scholar?cluster=10016592612849979171&hl=en&as_sdt=1,5&sciodt=1,5&as_vis=1", "authors": "A Luke - Global inequalities and higher education: Whose  \u2026", "excerpt": "How adequate are current theoretical standpoints, tools, and categories for explaining the flows of international students to Anglo/American/European universities? There is a growing literature on the internationalization of higher education, well represented in this volume.  ...", "url_pdf": null, "num_citations": 20, "cluster_id": "10016592612849979171", "year": "2010", "url_citations": "http://scholar.google.com/scholar?cites=10016592612849979171&as_sdt=2005&sciodt=1,5&hl=en"}, {"num_versions": 8, "url_citation": null, "title": "The adaptation of Chinese international students to online flexible learning: two case studies", "url": "http://www.tandfonline.com/doi/abs/10.1080/01587910802395821", "url_versions": "http://scholar.google.com/scholar?cluster=17024034072561144994&hl=en&as_sdt=1,5&sciodt=1,5&as_vis=1", "authors": "RTH Chen, S Bennett, K Maton - Distance Education", "excerpt": "The cross\u2010cultural experiences of Chinese international students in Western countries have been subject to intensive research, but only a very small number of studies have considered how these students adapt to learning in an online flexible delivery environment. Guided by  ...", "url_pdf": null, "num_citations": 35, "cluster_id": "17024034072561144994", "year": "2008", "url_citations": "http://scholar.google.com/scholar?cites=17024034072561144994&as_sdt=2005&sciodt=1,5&hl=en"}, {"num_versions": 5, "url_citation": null, "title": "Meeting the needs of Chinese students in British Higher Education", "url": "http://eddev.niagaracollege.ca/content/Portals/35/NiagaraCollege/pdf/teachinginternationalstudents/meetingtheneeds.pdf", "url_versions": "http://scholar.google.com/scholar?cluster=6117692542775780306&hl=en&as_sdt=1,5&sciodt=1,5&as_vis=1", "authors": "V Edwards, A Ran - Reading: University of Reading", "excerpt": "Executive summary Chinese students now form a large proportion of international students in the universities of the English-speaking world. Competition between the 'inner-circle'English-speaking countries (Australia, Canada, the UK and USA) is fierce with all  ...", "url_pdf": "http://eddev.niagaracollege.ca/content/Portals/35/NiagaraCollege/pdf/teachinginternationalstudents/meetingtheneeds.pdf", "num_citations": 47, "cluster_id": "6117692542775780306", "year": "2006", "url_citations": "http://scholar.google.com/scholar?cites=6117692542775780306&as_sdt=2005&sciodt=1,5&hl=en"}, {"num_versions": 2, "url_citation": null, "title": "Learning through tutorial discussion and learners' culture: Some preliminary observations from the views of Hong Kong Chinese tertiary students", "url": "http://www.tandfonline.com/doi/abs/10.1080/07908319908666582", "url_versions": "http://scholar.google.com/scholar?cluster=13998027491275239088&hl=en&as_sdt=1,5&sciodt=1,5&as_vis=1", "authors": "C Lee - Language Culture and Curriculum", "excerpt": "This paper argues against the notion that Chinese students do not volunteer to participate in tutorial discussion. Participation in tutorial discussion by Chinese students is, to a large extent, influenced by their traditional Chinese concepts of learning. Some traditional  ...", "url_pdf": null, "num_citations": 21, "cluster_id": "13998027491275239088", "year": "1999", "url_citations": "http://scholar.google.com/scholar?cites=13998027491275239088&as_sdt=2005&sciodt=1,5&hl=en"}, {"num_versions": 5, "url_citation": null, "title": "The psychological adaptation of overseas and migrant students in Australia", "url": "http://onlinelibrary.wiley.com/doi/10.1080/00207590143000018/abstract", "url_versions": "http://scholar.google.com/scholar?cluster=5005559645954767944&hl=en&as_sdt=1,5&sciodt=1,5&as_vis=1", "authors": "C Leung - International Journal of psychology", "excerpt": "There has been a rapid increase in Asian immigration to Australia to the extent that in 1994\u20131995, Asian countries such as Vietnam, Hong Kong, Philippines, India, and China accounted for 23.9% of the immigrant intake (Bureau of Immigration, Multicultural and  ...", "url_pdf": null, "num_citations": 81, "cluster_id": "5005559645954767944", "year": "2001", "url_citations": "http://scholar.google.com/scholar?cites=5005559645954767944&as_sdt=2005&sciodt=1,5&hl=en"}, {"num_versions": 6, "url_citation": null, "title": "Reflectors as online extraverts?", "url": "http://www.tandfonline.com/doi/abs/10.1080/0305569042000224215", "url_versions": "http://scholar.google.com/scholar?cluster=5668011197675542638&hl=en&as_sdt=1,5&sciodt=1,5&as_vis=1", "authors": "K Downing*, TM Chim - Educational Studies", "excerpt": "Increasingly, online learning is perceived as an effective method of instruction. Much recent educational research has focused on examining the purposes and situations for which online education is best suited. In this paper, students enrolled in two online courses are  ...", "url_pdf": null, "num_citations": 56, "cluster_id": "5668011197675542638", "year": "2004", "url_citations": "http://scholar.google.com/scholar?cites=5668011197675542638&as_sdt=2005&sciodt=1,5&hl=en"}, {"num_versions": 8, "url_citation": null, "title": "Academic expectations as sources of stress in Asian students", "url": "http://link.springer.com/article/10.1007/s11218-010-9146-7", "url_versions": "http://scholar.google.com/scholar?cluster=6098435592419698835&hl=en&as_sdt=1,5&sciodt=1,5&as_vis=1", "authors": "JB Tan, S Yates - Social Psychology of Education", "excerpt": "Abstract Education is highly valued in Confucian Heritage Culture (CHC) countries such as China, Taiwan, Singapore, Hong Kong, Japan and Korea but the expectations of parents, teachers and students themselves to excel academically can also be a source of intense  ...", "url_pdf": null, "num_citations": 24, "cluster_id": "6098435592419698835", "year": "2011", "url_citations": "http://scholar.google.com/scholar?cites=6098435592419698835&as_sdt=2005&sciodt=1,5&hl=en"}, {"num_versions": 7, "url_citation": null, "title": "International education and the production of cosmopolitan identities", "url": "http://scholar.google.com/https://www.ideals.illinois.edu/handle/2142/3516", "url_versions": "http://scholar.google.com/scholar?cluster=2221091240619381896&hl=en&as_sdt=1,5&sciodt=1,5&as_vis=1", "authors": "F Rizvi - Transnational Seminar Series", "excerpt": "Over the past decade, the number of students studying for higher education has grown rapidly, to around two million. Based on an interview-based research project, this paper examines how international student identities and cultural affiliations are transformed by  ...", "url_pdf": null, "num_citations": 83, "cluster_id": "2221091240619381896", "year": "2005", "url_citations": "http://scholar.google.com/scholar?cites=2221091240619381896&as_sdt=2005&sciodt=1,5&hl=en"}, {"num_versions": 0, "url_citation": null, "title": "Acculturation of international students in higher education: Australia", "url": "http://www.ingentaconnect.com/content/jnp/es/1999/00000017/00000001/art00007", "url_versions": null, "authors": "P Ninnes - Education and Society", "excerpt": "The progressive internationalisation of higher education in Australia through, among other things, the increase in numbers of international students studying in Australian universities has been accompanied by an increasing awareness of the problems these students may  ...", "url_pdf": null, "num_citations": 29, "cluster_id": "14673770437500430278", "year": "1999", "url_citations": "http://scholar.google.com/scholar?cites=14673770437500430278&as_sdt=2005&sciodt=1,5&hl=en"}, {"num_versions": 5, "url_citation": null, "title": "A Rasch Analysis of the Academic Self-Concept Questionnaire.", "url": "http://eric.ed.gov/?id=EJ834282", "url_versions": "http://scholar.google.com/scholar?cluster=5918391705699022044&hl=en&as_sdt=1,5&sciodt=1,5&as_vis=1", "authors": "TBY Joyce, SM Yates - International Education Journal", "excerpt": "Singapore was the top performing country in the 2003 Trends in International Mathematics and Science Study (TIMSS), having significantly higher average achievement in mathematics and science than the rest of the participating countries (Ministry of Education,  ...", "url_pdf": null, "num_citations": 25, "cluster_id": "5918391705699022044", "year": "2007", "url_citations": "http://scholar.google.com/scholar?cites=5918391705699022044&as_sdt=2005&sciodt=1,5&hl=en"}, {"num_versions": 3, "url_citation": null, "title": "Reflecting on the Biggs\u2013Watkins theory of the Chinese Learner", "url": "http://www.sciencedirect.com/science/article/pii/S104523540600102X", "url_versions": "http://scholar.google.com/scholar?cluster=177976739367603171&hl=en&as_sdt=1,5&sciodt=1,5&as_vis=1", "authors": "K Saravanamuthu - Critical Perspectives on Accounting", "excerpt": "This article provides a critical review of the theory of the Chinese Learner. A Chinese Learner hails from the People's Republic of China, Hong Kong, Taiwan or Singapore: these national student markets are much sought by Western tertiary education industry. I look  ...", "url_pdf": null, "num_citations": 30, "cluster_id": "177976739367603171", "year": "2008", "url_citations": "http://scholar.google.com/scholar?cites=177976739367603171&as_sdt=2005&sciodt=1,5&hl=en"}, {"num_versions": 7, "url_citation": null, "title": "Chinese learners and computer mediated communication: Balancing culture, technology, and pedagogy", "url": "http://www.ascilite.org.au/conferences/brisbane05/blogs/proceedings/27_Gerbic.pdf", "url_versions": "http://scholar.google.com/scholar?cluster=4846632057002160629&hl=en&as_sdt=1,5&sciodt=1,5&as_vis=1", "authors": "P Gerbic - Proceedings of the 22nd Annual Australian Society for  \u2026", "excerpt": "Abstract The modern Chinese diaspora has raised new issues for learning. A recurrent theme within the literature is that technology by itself is insufficient to promote cross-cultural learning, and a new balance must be found between culture, technology and pedagogy.  ...", "url_pdf": "http://www.ascilite.org.au/conferences/brisbane05/blogs/proceedings/27_Gerbic.pdf", "num_citations": 27, "cluster_id": "4846632057002160629", "year": "2005", "url_citations": "http://scholar.google.com/scholar?cites=4846632057002160629&as_sdt=2005&sciodt=1,5&hl=en"}, {"num_versions": 4, "url_citation": null, "title": "Education in the new China", "url": "http://scholar.google.com/https://www.ashgate.com/pdf/tis/9780754619147_US.pdf", "url_versions": "http://scholar.google.com/scholar?cluster=12418170445439065814&hl=en&as_sdt=1,5&sciodt=1,5&as_vis=1", "authors": "Y Turner, A Acker - Hampshire: Sage", "excerpt": "The effects of the de-regulation of the Chinese university system have been nothing short of spectacular. For the first time since 1949, students possessing neither gifted intellect nor political connections have been able to share in the benefits of higher education, while a  ...", "url_pdf": "http://scholar.google.com/https://www.ashgate.com/pdf/tis/9780754619147_US.pdf", "num_citations": 57, "cluster_id": "12418170445439065814", "year": "2002", "url_citations": "http://scholar.google.com/scholar?cites=12418170445439065814&as_sdt=2005&sciodt=1,5&hl=en"}, {"num_versions": 4, "url_citation": null, "title": "International students using online information resources to learn", "url": "http://eprints.qut.edu.au/29348", "url_versions": "http://scholar.google.com/scholar?cluster=14356639402848647372&hl=en&as_sdt=1,5&sciodt=1,5&as_vis=1", "authors": "HE Hughes -", "excerpt": "This qualitative study views international students as information-using learners, through an information literacy lens. Focusing on the experiences of 25 international students at two Australian universities, the study investigates how international students use online  ...", "url_pdf": null, "num_citations": 22, "cluster_id": "14356639402848647372", "year": "2009", "url_citations": "http://scholar.google.com/scholar?cites=14356639402848647372&as_sdt=2005&sciodt=1,5&hl=en"}, {"num_versions": 3, "url_citation": null, "title": "Factors affecting academic performance of international students in project management courses: A case study from a British Post 92 University", "url": "http://www.sciencedirect.com/science/article/pii/S0263786308000306", "url_versions": "http://scholar.google.com/scholar?cluster=2457321145841610974&hl=en&as_sdt=1,5&sciodt=1,5&as_vis=1", "authors": "RM Lebcir, H Wells, A Bond - International Journal of Project Management", "excerpt": "The aim of study is to investigate the factors affecting the academic performance of international students in project management courses. To achieve this aim, a conceptual framework including three categories of factors:(i) Teaching Style,(ii) English Language  ...", "url_pdf": null, "num_citations": 43, "cluster_id": "2457321145841610974", "year": "2008", "url_citations": "http://scholar.google.com/scholar?cites=2457321145841610974&as_sdt=2005&sciodt=1,5&hl=en"}, {"num_versions": 7, "url_citation": null, "title": "Teaching abroad: Lessons learned about inter-cultural understanding for teachers in higher education", "url": "http://www.tandfonline.com/doi/abs/10.1080/135625100114975", "url_versions": "http://scholar.google.com/scholar?cluster=15890573026974092741&hl=en&as_sdt=1,5&sciodt=1,5&as_vis=1", "authors": "P Bodycott, A Walker - Teaching in Higher education", "excerpt": "The internationalisation of higher education in countries such as Australia and the UK has resulted in increased numbers of South-East Asia students in higher education classrooms. While considerable attention has been given to exploring the implications of  ...", "url_pdf": null, "num_citations": 147, "cluster_id": "15890573026974092741", "year": "2000", "url_citations": "http://scholar.google.com/scholar?cites=15890573026974092741&as_sdt=2005&sciodt=1,5&hl=en"}, {"num_versions": 3, "url_citation": null, "title": "Providing a more successful education experience for Asian hospitality management students studying in Australia: A focus on teaching and learning styles", "url": "http://www.tandfonline.com/doi/abs/10.1300/J172v02n02_04", "url_versions": "http://scholar.google.com/scholar?cluster=17829586743221913893&hl=en&as_sdt=1,5&sciodt=1,5&as_vis=1", "authors": "P Barron - Journal of teaching in travel & tourism", "excerpt": "ABSTRACT Economic necessity and political influence has resulted in many western universities striving to increase the number of international students choosing their institution. The consequences of increased numbers of international students has  ...", "url_pdf": null, "num_citations": 43, "cluster_id": "17829586743221913893", "year": "2002", "url_citations": "http://scholar.google.com/scholar?cites=17829586743221913893&as_sdt=2005&sciodt=1,5&hl=en"}, {"num_versions": 8, "url_citation": null, "title": "Acculturative stressor and meaning of life as predictors of negative affect in acculturation: a cross-cultural comparative study between Chinese international students in \u2026", "url": "http://www.tandfonline.com/doi/abs/10.1080/00048670701517942", "url_versions": "http://scholar.google.com/scholar?cluster=401747866510818684&hl=en&as_sdt=1,5&sciodt=1,5&as_vis=1", "authors": "JY Pan, D Fu Keung Wong, L Joubert\u2026 - Australian and New  \u2026", "excerpt": "Objective: The purpose of the present study was to compare the predictive effects of acculturative stressor and meaning of life on negative affect in the process of acculturation between Chinese international students in Australia and Hong Kong. Method: Four  ...", "url_pdf": null, "num_citations": 40, "cluster_id": "401747866510818684", "year": "2007", "url_citations": "http://scholar.google.com/scholar?cites=401747866510818684&as_sdt=2005&sciodt=1,5&hl=en"}, {"num_versions": 0, "url_citation": null, "title": "Teaching abroad: International education and the cross-cultural classroom", "url": "http://scholar.google.com/https://books.google.com/books?hl=en&lr=&id=rwjZ1gbfMcYC&oi=fnd&pg=PR7&ots=FjIVLQBOzS&sig=veHaymPzP2GTU0naZWMZAk6HqMs", "url_versions": null, "authors": "GE Slethaug -", "excerpt": "Teaching Abroad addresses the question of moving abroad to teach in a cross-cultural university classroom. It discusses the recent flourishing of international education and developments in educational structures and practice, and traces the historical  ...", "url_pdf": null, "num_citations": 25, "cluster_id": "17550761253626481869", "year": "2007", "url_citations": "http://scholar.google.com/scholar?cites=17550761253626481869&as_sdt=2005&sciodt=1,5&hl=en"}, {"num_versions": 4, "url_citation": null, "title": "Thought and affect in American and Chinese learners' beliefs about learning", "url": "http://scholar.google.com/https://books.google.com/books?hl=en&lr=&id=DriQAgAAQBAJ&oi=fnd&pg=PA385&ots=WAa2QeuyX_&sig=uKm_OwQh3jJZuCbcUVMIKZ0DfNE", "url_versions": "http://scholar.google.com/scholar?cluster=18324225202365383731&hl=en&as_sdt=1,5&sciodt=1,5&as_vis=1", "authors": "J Li, KW Fischer - Motivation, emotion, and cognition: Integrative  \u2026", "excerpt": "... God has framed the mind of man as a mirror or glass, capable of the image of the universal world, and joyful to receive the impression thereof, as the eye joyeth to receive light; and not only delighted in beholding the variety of things and vicissitude of times, but  ...", "url_pdf": null, "num_citations": 26, "cluster_id": "18324225202365383731", "year": "2004", "url_citations": "http://scholar.google.com/scholar?cites=18324225202365383731&as_sdt=2005&sciodt=1,5&hl=en"}, {"num_versions": 6, "url_citation": null, "title": "The influence of culture and context on students' motivational orientation and performance", "url": "http://link.springer.com/chapter/10.1007/978-1-4615-1273-8_11", "url_versions": "http://scholar.google.com/scholar?cluster=1523545029453026008&hl=en&as_sdt=1,5&sciodt=1,5&as_vis=1", "authors": "F Salili, C Chiu, S Lai -", "excerpt": "Abstract The influence of culture and context on student learning and motivation has long been documented by empirical research. In recent years, however, the topic has received special attention by education researchers. This is partly because of the much publicized  ...", "url_pdf": null, "num_citations": 217, "cluster_id": "1523545029453026008", "year": "2001", "url_citations": "http://scholar.google.com/scholar?cites=1523545029453026008&as_sdt=2005&sciodt=1,5&hl=en"}, {"num_versions": 8, "url_citation": null, "title": "'Read a hundred times and the meaning will appear...'Changes in Chinese University students' views of the temporal structure of learning", "url": "http://link.springer.com/article/10.1007/s10734-004-6667-z", "url_versions": "http://scholar.google.com/scholar?cluster=11959206966690030516&hl=en&as_sdt=1,5&sciodt=1,5&as_vis=1", "authors": "F Marton, Q Wen, KC Wong - Higher Education", "excerpt": "Abstract It has been shown earlier that while some high school students (younger on the average) do not differentiate between memorization and understanding, others (older on the average) do so (Marton, Watkins and Tang, Learning and Instruction 7, 21\u201348, 1997).  ...", "url_pdf": null, "num_citations": 84, "cluster_id": "11959206966690030516", "year": "2005", "url_citations": "http://scholar.google.com/scholar?cites=11959206966690030516&as_sdt=2005&sciodt=1,5&hl=en"}, {"num_versions": 20, "url_citation": null, "title": "Linking learning style preferences and ethnicity: International students studying hospitality and tourism management in Australia", "url": "http://espace.library.uq.edu.au/view/UQ:8864", "url_versions": "http://scholar.google.com/scholar?cluster=11116486662749387959&hl=en&as_sdt=1,5&sciodt=1,5&as_vis=1", "authors": "PE Barron, C Arcodia - Journal of Hospitality, Leisure,  \u2026", "excerpt": "International student enrolment at Australian higher education institutions has grown significantly over the past decade. Traditionally, many international students that study for an Australian qualification originate from Asia and a majority of these students are of  ...", "url_pdf": null, "num_citations": 116, "cluster_id": "11116486662749387959", "year": "2002", "url_citations": "http://scholar.google.com/scholar?cites=11116486662749387959&as_sdt=2005&sciodt=1,5&hl=en"}]