[{"num_versions": 8, "url_citation": null, "title": "Interface agents as social models for female students: The effects of agent visual presence and appearance on female students' attitudes and beliefs", "url": "http://www.sciencedirect.com/science/article/pii/S074756320800068X", "url_versions": "http://scholar.google.com/scholar?cluster=10367829913325964619&hl=en&as_sdt=1,5&sciodt=1,5&as_vis=1", "authors": "RB Rosenberg-Kima, AL Baylor, EA Plant\u2026 - Computers in Human  \u2026", "excerpt": "The current work investigates the use of interface agents as anthropomorphic social models to influence young women's negative beliefs and low self-efficacy regarding engineering. Experiment 1 focused on the impact of agent model visual presence vs. voice alone for  ...", "url_pdf": null, "num_citations": 58, "cluster_id": "10367829913325964619", "year": "2008", "url_citations": "http://scholar.google.com/scholar?cites=10367829913325964619&as_sdt=2005&sciodt=1,5&hl=en"}, {"num_versions": 14, "url_citation": null, "title": "Cognitive load theory, educational research, and instructional design: some food for thought", "url": "http://link.springer.com/article/10.1007/s11251-009-9110-0", "url_versions": "http://scholar.google.com/scholar?cluster=14569188862965617610&hl=en&as_sdt=1,5&sciodt=1,5&as_vis=1", "authors": "T De Jong - Instructional Science", "excerpt": "Abstract Cognitive load is a theoretical notion with an increasingly central role in the educational research literature. The basic idea of cognitive load theory is that cognitive capacity in working memory is limited, so that if a learning task requires too much capacity,  ...", "url_pdf": null, "num_citations": 247, "cluster_id": "14569188862965617610", "year": "2010", "url_citations": "http://scholar.google.com/scholar?cites=14569188862965617610&as_sdt=2005&sciodt=1,5&hl=en"}, {"num_versions": 5, "url_citation": null, "title": "Code Red: Triage Or COgnition\u2010based DEsign Rules Enhancing Decisionmaking TRaining In A Game Environment", "url": "http://onlinelibrary.wiley.com/doi/10.1111/j.1467-8535.2009.01021.x/full", "url_versions": "http://scholar.google.com/scholar?cluster=15587725548835247338&hl=en&as_sdt=1,5&sciodt=1,5&as_vis=1", "authors": "ED van der Spek, P Wouters\u2026 - British Journal of  \u2026", "excerpt": "Abstract Serious games have a great potential for training and educating people in novel and engaging ways. However, little empirical research has been done on the effectiveness of serious games, and although early findings do point to a moderately positive direction,  ...", "url_pdf": null, "num_citations": 27, "cluster_id": "15587725548835247338", "year": "2011", "url_citations": "http://scholar.google.com/scholar?cites=15587725548835247338&as_sdt=2005&sciodt=1,5&hl=en"}, {"num_versions": 17, "url_citation": null, "title": "Effect of live simulation on middle school students' attitudes and learning toward science", "url": "http://www.jstor.org/stable/jeductechsoci.13.1.133", "url_versions": "http://scholar.google.com/scholar?cluster=11668586212084287076&hl=en&as_sdt=1,5&sciodt=1,5&as_vis=1", "authors": "CH Chen, B Howard - Journal of Educational Technology & Society", "excerpt": "ABSTRACT This study examined the effect of live simulation on students' science learning and attitude. A total of 311 middle school students participated in the simulation, which allowed them to access and interpret satellite data and images and to design  ...", "url_pdf": null, "num_citations": 40, "cluster_id": "11668586212084287076", "year": "2010", "url_citations": "http://scholar.google.com/scholar?cites=11668586212084287076&as_sdt=2005&sciodt=1,5&hl=en"}, {"num_versions": 15, "url_citation": null, "title": "A theoretical analysis of how segmentation of dynamic visualizations optimizes students' learning", "url": "http://link.springer.com/article/10.1007/s10648-010-9135-6", "url_versions": "http://scholar.google.com/scholar?cluster=18129166900588075160&hl=en&as_sdt=1,5&sciodt=1,5&as_vis=1", "authors": "IAE Spanjers, T Van Gog\u2026 - Educational Psychology  \u2026", "excerpt": "Abstract This article reviews studies investigating segmentation of dynamic visualizations (ie, showing dynamic visualizations in pieces with pauses in between) and discusses two not mutually exclusive processes that might underlie the effectiveness of segmentation.  ...", "url_pdf": null, "num_citations": 53, "cluster_id": "18129166900588075160", "year": "2010", "url_citations": "http://scholar.google.com/scholar?cites=18129166900588075160&as_sdt=2005&sciodt=1,5&hl=en"}, {"num_versions": 8, "url_citation": null, "title": "Emotional design in multimedia learning: Effects of shape and color on affect and learning", "url": "http://www.sciencedirect.com/science/article/pii/S0959475213000273", "url_versions": "http://scholar.google.com/scholar?cluster=476869479926024133&hl=en&as_sdt=1,5&sciodt=1,5&as_vis=1", "authors": "JL Plass, S Heidig, EO Hayward, BD Homer\u2026 - Learning and  \u2026", "excerpt": "Abstract We examine design factors that may evoke positive emotions in learners and investigate the effects of these positive emotions on learning. Recent research showed that the emotional design of multimedia learning material can induce positive emotions in  ...", "url_pdf": null, "num_citations": 34, "cluster_id": "476869479926024133", "year": "2014", "url_citations": "http://scholar.google.com/scholar?cites=476869479926024133&as_sdt=2005&sciodt=1,5&hl=en"}, {"num_versions": 8, "url_citation": null, "title": "Effectiveness of computer-assisted instruction in statistics a meta-analysis", "url": "http://rer.sagepub.com/content/81/1/97.short", "url_versions": "http://scholar.google.com/scholar?cluster=13749259857650610269&hl=en&as_sdt=1,5&sciodt=1,5&as_vis=1", "authors": "GW Sosa, DE Berger, AT Saw\u2026 - Review of Educational  \u2026", "excerpt": "Abstract Although previous meta-analyses have documented the efficacy of computer-assisted statistics instruction, the current study examined a range of specific features that presumably influence its effectiveness, such as the level of learner engagement, learner  ...", "url_pdf": null, "num_citations": 32, "cluster_id": "13749259857650610269", "year": "2011", "url_citations": "http://scholar.google.com/scholar?cites=13749259857650610269&as_sdt=2005&sciodt=1,5&hl=en"}, {"num_versions": 9, "url_citation": null, "title": "Mirroring in dance/movement therapy: Potential mechanisms behind empathy enhancement", "url": "http://www.sciencedirect.com/science/article/pii/S0197455611000426", "url_versions": "http://scholar.google.com/scholar?cluster=914899453905420749&hl=en&as_sdt=1,5&sciodt=1,5&as_vis=1", "authors": "LM McGarry, FA Russo - The Arts in Psychotherapy", "excerpt": "Mirroring, an exercise practiced in Dance/Movement Therapy (DMT), is considered by practitioners and patients to enhance emotional understanding and empathy for others. Mirroring involves imitation by the therapist of movements, emotions, or intentions implied  ...", "url_pdf": null, "num_citations": 38, "cluster_id": "914899453905420749", "year": "2011", "url_citations": "http://scholar.google.com/scholar?cites=914899453905420749&as_sdt=2005&sciodt=1,5&hl=en"}, {"num_versions": 9, "url_citation": null, "title": "Virtual reality: a survival guide for the social scientist", "url": "http://econtent.hogrefe.com/doi/abs/10.1027/1864-1105.21.3.95", "url_versions": "http://scholar.google.com/scholar?cluster=17318470193315023264&hl=en&as_sdt=1,5&sciodt=1,5&as_vis=1", "authors": "J Fox, D Arena, JN Bailenson - Journal of Media Psychology", "excerpt": "In this article, we provide the nontechnical reader with a fundamental understanding of the components of virtual reality (VR) and a thorough discussion of the role VR has played in social science. First, we provide a brief overview of the hardware and equipment used to  ...", "url_pdf": null, "num_citations": 97, "cluster_id": "17318470193315023264", "year": "2009", "url_citations": "http://scholar.google.com/scholar?cites=17318470193315023264&as_sdt=2005&sciodt=1,5&hl=en"}, {"num_versions": 2, "url_citation": null, "title": "Thinking visually", "url": "http://scholar.google.com/https://books.google.com/books?hl=en&lr=&id=XYN_AAAAQBAJ&oi=fnd&pg=PP1&ots=ShRgxIPynG&sig=PaOZdHs4AEbOyD3L-HW7moEYIvU", "url_versions": "http://scholar.google.com/scholar?cluster=5112526682552474165&hl=en&as_sdt=1,5&sciodt=1,5&as_vis=1", "authors": "SK Reed -", "excerpt": "Language is a marvelous tool for communication, but it is greatly overrated as a tool for thought. This volume documents the many ways pictures, visual images, and spatial metaphors influence our thinking. It discusses both classic and recent research that  ...", "url_pdf": null, "num_citations": 23, "cluster_id": "5112526682552474165", "year": "2013", "url_citations": "http://scholar.google.com/scholar?cites=5112526682552474165&as_sdt=2005&sciodt=1,5&hl=en"}, {"num_versions": 8, "url_citation": null, "title": "Evaluation of an immersive learning programme to support triage training", "url": "http://ieeexplore.ieee.org/xpls/abs_all.jsp?arnumber=5116561", "url_versions": "http://scholar.google.com/scholar?cluster=11388495385153376671&hl=en&as_sdt=1,5&sciodt=1,5&as_vis=1", "authors": "S Jarvis, S De Freitas - Games and Virtual Worlds for Serious  \u2026", "excerpt": "Abstract\u2014This paper describes the evaluation of a computer game to support triage training. Triage is a process for decision-making that prioritises mass casualties in terms of treatment. The main aim of the research was to test the hypothesis that participants using the game  ...", "url_pdf": null, "num_citations": 45, "cluster_id": "11388495385153376671", "year": "2009", "url_citations": "http://scholar.google.com/scholar?cites=11388495385153376671&as_sdt=2005&sciodt=1,5&hl=en"}, {"num_versions": 9, "url_citation": null, "title": "Learning styles and student perceptions of the use of interactive online tutorials", "url": "http://onlinelibrary.wiley.com/doi/10.1111/j.1467-8535.2009.01037.x/full", "url_versions": "http://scholar.google.com/scholar?cluster=6768718267777966670&hl=en&as_sdt=1,5&sciodt=1,5&as_vis=1", "authors": "DU Bolliger, S Supanakorn - British Journal of Educational  \u2026", "excerpt": "Abstract This study examined the effects of learning styles on learner perceptions of the use of interactive online tutorials. Learners were categorised into five learning style categories and four learning modalities. The responses to a questionnaire with four survey  ...", "url_pdf": null, "num_citations": 29, "cluster_id": "6768718267777966670", "year": "2011", "url_citations": "http://scholar.google.com/scholar?cites=6768718267777966670&as_sdt=2005&sciodt=1,5&hl=en"}, {"num_versions": 3, "url_citation": null, "title": "Virtual school pedagogy: The instructional practices of K-12 virtual school teachers", "url": "http://jec.sagepub.com/content/42/3/327.short", "url_versions": "http://scholar.google.com/scholar?cluster=8312469227816699023&hl=en&as_sdt=1,5&sciodt=1,5&as_vis=1", "authors": "M Dipietro - Journal of Educational Computing Research", "excerpt": "Abstract K-12 virtual schooling is gaining recognition as an alternative to the traditional face-to-face educational setting by providing students with access to anytime, anywhere learning opportunities. There is a current need for research on the pedagogy of K-12 virtual school  ...", "url_pdf": null, "num_citations": 29, "cluster_id": "8312469227816699023", "year": "2010", "url_citations": "http://scholar.google.com/scholar?cites=8312469227816699023&as_sdt=2005&sciodt=1,5&hl=en"}, {"num_versions": 8, "url_citation": null, "title": "Interactive learning environments: Contemporary issues and trends. An introduction to the special issue", "url": "http://link.springer.com/article/10.1007/s10648-007-9052-5", "url_versions": "http://scholar.google.com/scholar?cluster=5806514856005902982&hl=en&as_sdt=1,5&sciodt=1,5&as_vis=1", "authors": "A Renkl, RK Atkinson - Educational Psychology Review", "excerpt": "Although at first glance it would seem clear what the terms \u201cinteraction\u201d and \u201cinteractive\u201d mean in the context of learning environments, there is, in reality, little agreement regarding these terms in the corresponding literature. There are almost as many different definitions  ...", "url_pdf": null, "num_citations": 45, "cluster_id": "5806514856005902982", "year": "2007", "url_citations": "http://scholar.google.com/scholar?cites=5806514856005902982&as_sdt=2005&sciodt=1,5&hl=en"}, {"num_versions": 18, "url_citation": null, "title": "Flaws in current human training protocols for spontaneous brain-computer interfaces: lessons learned from instructional design", "url": "http://www.ncbi.nlm.nih.gov/pmc/articles/PMC3775130/", "url_versions": "http://scholar.google.com/scholar?cluster=6472985231237124721&hl=en&as_sdt=1,5&sciodt=1,5&as_vis=1", "authors": "F Lotte, F Larrue, C M\u00fchl - Frontiers in human neuroscience", "excerpt": "Abstract While recent research on Brain-Computer Interfaces (BCI) has highlighted their potential for many applications, they remain barely used outside laboratories. The main reason is their lack of robustness. Indeed, with current BCI, mental state recognition is  ...", "url_pdf": null, "num_citations": 37, "cluster_id": "6472985231237124721", "year": "2013", "url_citations": "http://scholar.google.com/scholar?cites=6472985231237124721&as_sdt=2005&sciodt=1,5&hl=en"}, {"num_versions": 6, "url_citation": null, "title": "The role of self-monitoring in learning chemistry with dynamic visualizations", "url": "http://link.springer.com/chapter/10.1007/978-94-007-2132-6_7", "url_versions": "http://scholar.google.com/scholar?cluster=4223613618384419282&hl=en&as_sdt=1,5&sciodt=1,5&as_vis=1", "authors": "JL Chiu, MC Linn - Metacognition in science education", "excerpt": "Abstract This chapter explores ways to help students monitor and regulate their learning of difficult chemistry concepts. Dynamic visualizations can illustrate complex, unobservable phenomena such as bond breaking and bond formation. To develop robust, integrated  ...", "url_pdf": null, "num_citations": 28, "cluster_id": "4223613618384419282", "year": "2012", "url_citations": "http://scholar.google.com/scholar?cites=4223613618384419282&as_sdt=2005&sciodt=1,5&hl=en"}, {"num_versions": 0, "url_citation": null, "title": "Change Agent 1: Democratization of Knowledge", "url": "http://citeseerx.ist.psu.edu/viewdoc/download?doi=10.1.1.472.7541&rep=rep1&type=pdf", "url_versions": null, "authors": "C Lemke, E Coughlin - Change", "excerpt": "The Internet has become a treasure trove for content related to the academic curriculum, providing learners with free access to thousands of valuable courses, information sources, and experts. Elementary and secondary students are accessing these resources every  ...", "url_pdf": null, "num_citations": 26, "cluster_id": "8521553375528122221", "year": "2009", "url_citations": "http://scholar.google.com/scholar?cites=8521553375528122221&as_sdt=2005&sciodt=1,5&hl=en"}, {"num_versions": 2, "url_citation": null, "title": "Combining cognitive and affective support in order to promote learning", "url": "http://www.sciencedirect.com/science/article/pii/S0959475208000911", "url_versions": "http://scholar.google.com/scholar?cluster=8196541765537484935&hl=en&as_sdt=1,5&sciodt=1,5&as_vis=1", "authors": "T Huk, S Ludwigs - Learning and Instruction", "excerpt": "The present study investigated the impact of cognitive and affective support intervention on the learning outcomes of learners working with a simulation in economics. Cognitive support was given by statements in order to increase reflection and self-explanation in learners.  ...", "url_pdf": null, "num_citations": 28, "cluster_id": "8196541765537484935", "year": "2009", "url_citations": "http://scholar.google.com/scholar?cites=8196541765537484935&as_sdt=2005&sciodt=1,5&hl=en"}, {"num_versions": 13, "url_citation": null, "title": "Emotional design in multimedia learning.", "url": "http://psycnet.apa.org/psycinfo/2011-29380-001", "url_versions": "http://scholar.google.com/scholar?cluster=16765541095418131889&hl=en&as_sdt=1,5&sciodt=1,5&as_vis=1", "authors": "E Um, JL Plass, EO Hayward\u2026 - Journal of Educational  \u2026", "excerpt": "Abstract 1. Can multimedia learning environments be designed to foster positive emotions that will improve learning and related affective outcomes? College students (N= 118) were randomly assigned to 4 conditions created by 2 factors related to learners' emotion:  ...", "url_pdf": null, "num_citations": 45, "cluster_id": "16765541095418131889", "year": "2012", "url_citations": "http://scholar.google.com/scholar?cites=16765541095418131889&as_sdt=2005&sciodt=1,5&hl=en"}, {"num_versions": 18, "url_citation": null, "title": "Bringing academics on board: Encouraging institution-wide diffusion of e-learning environments", "url": "http://ascilite.org.au/ajet/submission/index.php/AJET/article/view/1184", "url_versions": "http://scholar.google.com/scholar?cluster=391744702370640412&hl=en&as_sdt=1,5&sciodt=1,5&as_vis=1", "authors": "D Birch, B Burnett - Australasian Journal of Educational Technology", "excerpt": "Abstract Rapid advances in educational and information communications technology (ICT) have encouraged some educators to move beyond traditional face to face and distance education correspondence modes toward a rich, technology mediated e-learning  ...", "url_pdf": null, "num_citations": 65, "cluster_id": "391744702370640412", "year": "2009", "url_citations": "http://scholar.google.com/scholar?cites=391744702370640412&as_sdt=2005&sciodt=1,5&hl=en"}, {"num_versions": 11, "url_citation": null, "title": "Personalizing e-learning. The social effects of pedagogical agents", "url": "http://link.springer.com/article/10.1007/s10648-010-9123-x", "url_versions": "http://scholar.google.com/scholar?cluster=16499826964487559926&hl=en&as_sdt=1,5&sciodt=1,5&as_vis=1", "authors": "NC Kr\u00e4mer, G Bente - Educational Psychology Review", "excerpt": "Abstract Numerous studies have evaluated the effects of pedagogical agents on students' learning outcomes, but so far, beneficial effects have not been consistently demonstrated. The ambiguous results might partly be due to the strong emphasis on cognitive outcomes,  ...", "url_pdf": null, "num_citations": 49, "cluster_id": "16499826964487559926", "year": "2010", "url_citations": "http://scholar.google.com/scholar?cites=16499826964487559926&as_sdt=2005&sciodt=1,5&hl=en"}, {"num_versions": 4, "url_citation": null, "title": "The Effects of a Serious Game on Role\u2010Taking and Willingness to Help", "url": "http://onlinelibrary.wiley.com/doi/10.1111/j.1460-2466.2010.01511.x/full", "url_versions": "http://scholar.google.com/scholar?cluster=6735006889575426336&hl=en&as_sdt=1,5&sciodt=1,5&as_vis=1", "authors": "W Peng, M Lee, C Heeter - Journal of Communication", "excerpt": "Resumen Los juegos serios est\u00e1n emergiendo como un nuevo medio de cambio social. Este estudio investig\u00f3 la influencia del modo de presentaci\u00f3n proporcionado por los distintos medios sobre la buena disposici\u00f3n para ayudar en el contexto de la ayuda  ...", "url_pdf": null, "num_citations": 50, "cluster_id": "6735006889575426336", "year": "2010", "url_citations": "http://scholar.google.com/scholar?cites=6735006889575426336&as_sdt=2005&sciodt=1,5&hl=en"}, {"num_versions": 4, "url_citation": null, "title": "Learning theories", "url": "http://tamimy.persiangig.com/applied%20linguistics/ebooks/Learning_Theories__An_Educational_Perspective__6th_Edition_.pdf", "url_versions": "http://scholar.google.com/scholar?cluster=268304892016681647&hl=en&as_sdt=1,5&sciodt=1,5&as_vis=1", "authors": "DH Schunk - Printice Hall Inc., New Jersey", "excerpt": "The study of human learning continues to develop and expand. As researchers from various theoretical traditions test their ideas and hypotheses in basic and applied settings, their research findings give rise to improvements in teaching and learning by students of all  ...", "url_pdf": "http://tamimy.persiangig.com/applied%20linguistics/ebooks/Learning_Theories__An_Educational_Perspective__6th_Edition_.pdf", "num_citations": 2947, "cluster_id": "268304892016681647", "year": "1996", "url_citations": "http://scholar.google.com/scholar?cites=268304892016681647&as_sdt=2005&sciodt=1,5&hl=en"}, {"num_versions": 21, "url_citation": null, "title": "Design factors for educationally effective animations and simulations", "url": "http://link.springer.com/article/10.1007/s12528-009-9011-x", "url_versions": "http://scholar.google.com/scholar?cluster=980483042572041742&hl=en&as_sdt=1,5&sciodt=1,5&as_vis=1", "authors": "JL Plass, BD Homer, EO Hayward - Journal of Computing in Higher  \u2026", "excerpt": "Abstract This paper reviews research on learning from dynamic visual representations and offers principles for the design of animations and simulations that assure their educational effectiveness. In addition to established principles, new and revised design principle are  ...", "url_pdf": null, "num_citations": 96, "cluster_id": "980483042572041742", "year": "2009", "url_citations": "http://scholar.google.com/scholar?cites=980483042572041742&as_sdt=2005&sciodt=1,5&hl=en"}, {"num_versions": 6, "url_citation": null, "title": "Digital game-based learning: Impact of instructions and feedback on motivation and learning effectiveness", "url": "http://www.sciencedirect.com/science/article/pii/S0360131513000699", "url_versions": "http://scholar.google.com/scholar?cluster=13359110060256313626&hl=en&as_sdt=1,5&sciodt=1,5&as_vis=1", "authors": "S Erhel, E Jamet - Computers & Education", "excerpt": "Although many studies have investigated the effects of digital game-based learning (DGBL) on learning and motivation, its benefits have never been systematically demonstrated. In our first experiment, we sought to identify the conditions under which DGBL is most effective,  ...", "url_pdf": null, "num_citations": 53, "cluster_id": "13359110060256313626", "year": "2013", "url_citations": "http://scholar.google.com/scholar?cites=13359110060256313626&as_sdt=2005&sciodt=1,5&hl=en"}, {"num_versions": 5, "url_citation": null, "title": "Instructional design best practices for Second Life: A case study from a college-level English course", "url": "http://www.tandfonline.com/doi/abs/10.1080/10494820802602568", "url_versions": "http://scholar.google.com/scholar?cluster=2086624445352230468&hl=en&as_sdt=1,5&sciodt=1,5&as_vis=1", "authors": "MC Mayrath, T Traphagan, EJ Heikes\u2026 - Interactive Learning  \u2026", "excerpt": "Interest in the instructional application of virtual worlds, such as Second Life (SL), has grown substantially. However, little information is available about effective instructional activities using virtual worlds. This case study illustrates lessons learned from a pilot integrating SL  ...", "url_pdf": null, "num_citations": 28, "cluster_id": "2086624445352230468", "year": "2011", "url_citations": "http://scholar.google.com/scholar?cites=2086624445352230468&as_sdt=2005&sciodt=1,5&hl=en"}, {"num_versions": 0, "url_citation": null, "title": "Can desirable difficulties overcome deceptive clarity in scientific visualizations", "url": "http://scholar.google.com/https://books.google.com/books?hl=en&lr=&id=uJN5AgAAQBAJ&oi=fnd&pg=PA235&ots=TNLMYl0Hgu&sig=tO13wPX5XQAufwkLxll6M_3Z2Is", "url_versions": null, "authors": "MC Linn, HY Chang, J Chiu, H Zhang\u2026 - \u2026 : A Festschrift in honor \u2026", "excerpt": "Dynamic visualizations provide a pathway for students to understand science concepts. This pathway offers promise for increasing the accessibility of a range of important science concepts, particularly those that involve cause and effect and emergent phenomena.  ...", "url_pdf": null, "num_citations": 47, "cluster_id": "840457785945398068", "year": "2010", "url_citations": "http://scholar.google.com/scholar?cites=840457785945398068&as_sdt=2005&sciodt=1,5&hl=en"}, {"num_versions": 22, "url_citation": null, "title": "Traditional microscopy instruction versus process-oriented virtual microscopy instruction: a naturalistic experiment with control group", "url": "http://www.biomedcentral.com/content/pdf/1746-1596-6-S1-S8.pdf", "url_versions": "http://scholar.google.com/scholar?cluster=13594933871828589487&hl=en&as_sdt=1,5&sciodt=1,5&as_vis=1", "authors": "L Helle, M Nivala, P Kronqvist, A Gegenfurtner\u2026 - Diagn  \u2026", "excerpt": "Abstract Background: Virtual microscopy is being introduced in medical education as an approach for learning how to interpret information in microscopic specimens. It is, however, far from evident how to incorporate its use into existing teaching practice. The aim of the  ...", "url_pdf": "http://www.biomedcentral.com/content/pdf/1746-1596-6-S1-S8.pdf", "num_citations": 31, "cluster_id": "13594933871828589487", "year": "2011", "url_citations": "http://scholar.google.com/scholar?cites=13594933871828589487&as_sdt=2005&sciodt=1,5&hl=en"}, {"num_versions": 9, "url_citation": null, "title": "Understanding the complex nature of self-regulatory processes in learning with computer-based learning environments: An introduction", "url": "http://link.springer.com/article/10.1007/s11409-007-9018-5", "url_versions": "http://scholar.google.com/scholar?cluster=10092142498607470787&hl=en&as_sdt=1,5&sciodt=1,5&as_vis=1", "authors": "R Azevedo - Metacognition and Learning", "excerpt": "Learning about complex and challenging topics and domains with computer-based learning environments (CBLEs) typically involves the use of numerous self-regulatory processes such as planning, knowledge activation, metacognitive monitoring and regulation, strategy  ...", "url_pdf": null, "num_citations": 83, "cluster_id": "10092142498607470787", "year": "2007", "url_citations": "http://scholar.google.com/scholar?cites=10092142498607470787&as_sdt=2005&sciodt=1,5&hl=en"}, {"num_versions": 5, "url_citation": null, "title": "Sex differences in science learning: Closing the gap through animations", "url": "http://www.sciencedirect.com/science/article/pii/S104160801000004X", "url_versions": "http://scholar.google.com/scholar?cluster=11615851301695880971&hl=en&as_sdt=1,5&sciodt=1,5&as_vis=1", "authors": "CA Sanchez, J Wiley - Learning and Individual Differences", "excerpt": "Males traditionally outperform females on measures of both visuospatial ability and science achievement. This experiment directly tests a manipulation designed to compensate for such differences through the presentation of relevant illustrations or animations to support the  ...", "url_pdf": null, "num_citations": 30, "cluster_id": "11615851301695880971", "year": "2010", "url_citations": "http://scholar.google.com/scholar?cites=11615851301695880971&as_sdt=2005&sciodt=1,5&hl=en"}, {"num_versions": 4, "url_citation": null, "title": "Space and Place: Perspectives on outdoor teaching and learning", "url": "http://www.diva-portal.org/smash/record.jsf?pid=diva2:551531", "url_versions": "http://scholar.google.com/scholar?cluster=13470900234624911480&hl=en&as_sdt=1,5&sciodt=1,5&as_vis=1", "authors": "E F\u00e4gerstam -", "excerpt": "Currently, many countries have a growing interest in and awareness of the outdoor environment as a valuable complement to traditional classroom teaching (Dahlgren, Sj\u00f6lander, Szczepanski & Strid, 2007; Jordet, 2010; Martin, 2010; M\u00e5rtensson, Lisberg  ...", "url_pdf": null, "num_citations": 27, "cluster_id": "13470900234624911480", "year": "2012", "url_citations": "http://scholar.google.com/scholar?cites=13470900234624911480&as_sdt=2005&sciodt=1,5&hl=en"}, {"num_versions": 7, "url_citation": null, "title": "Enhancing instructional efficiency of interactive e-learning environments: A cognitive load perspective", "url": "http://link.springer.com/article/10.1007/s10648-007-9051-6", "url_versions": "http://scholar.google.com/scholar?cluster=1684053564284602742&hl=en&as_sdt=1,5&sciodt=1,5&as_vis=1", "authors": "S Kalyuga - Educational Psychology Review", "excerpt": "Abstract This concluding paper summarizes the main points and recommendations of the previous papers in this Special issue within a conceptual framework of cognitive load theory. Design of efficient interactive learning environments should take into account main  ...", "url_pdf": null, "num_citations": 131, "cluster_id": "1684053564284602742", "year": "2007", "url_citations": "http://scholar.google.com/scholar?cites=1684053564284602742&as_sdt=2005&sciodt=1,5&hl=en"}, {"num_versions": 12, "url_citation": null, "title": "The impact of individual, competitive, and collaborative mathematics game play on learning, performance, and motivation.", "url": "http://psycnet.apa.org/psycinfo/2013-31554-001/", "url_versions": "http://scholar.google.com/scholar?cluster=12994971731165158861&hl=en&as_sdt=1,5&sciodt=1,5&as_vis=1", "authors": "JL Plass, PA O'Keefe, BD Homer, J Case\u2026 - Journal of  \u2026", "excerpt": "Abstract 1. The present research examined how mode of play in an educational mathematics video game impacts learning, performance, and motivation. The game was designed for the practice and automation of arithmetic skills to increase fluency and was  ...", "url_pdf": null, "num_citations": 25, "cluster_id": "12994971731165158861", "year": "2013", "url_citations": "http://scholar.google.com/scholar?cites=12994971731165158861&as_sdt=2005&sciodt=1,5&hl=en"}, {"num_versions": 8, "url_citation": null, "title": "Effects of pacing and cognitive style across dynamic and non-dynamic representations", "url": "http://www.sciencedirect.com/science/article/pii/S0360131511000741", "url_versions": "http://scholar.google.com/scholar?cluster=730748766598185072&hl=en&as_sdt=1,5&sciodt=1,5&as_vis=1", "authors": "TN H\u00f6ffler, RN Schwartz - Computers & Education", "excerpt": "Abstract The effects of self-pacing versus system-pacing were examined in different versions of a computer-based learning environment (static pictures/animations). The role of cognitive style was also considered. While the variables investigated did not have a direct impact on  ...", "url_pdf": null, "num_citations": 25, "cluster_id": "730748766598185072", "year": "2011", "url_citations": "http://scholar.google.com/scholar?cites=730748766598185072&as_sdt=2005&sciodt=1,5&hl=en"}, {"num_versions": 0, "url_citation": null, "title": "Intelligent tutoring systems.", "url": "http://psycnet.apa.org/books/13275/018", "url_versions": null, "authors": "AC Graesser, MW Conley, A Olney -", "excerpt": "Abstract 1. Intelligent tutoring systems (ITSs) are computerized learning environments that incorporate computational models from the cognitive sciences, learning sciences, computational linguistics, artificial intelligence, mathematics, and other fields. An ITS  ...", "url_pdf": null, "num_citations": 69, "cluster_id": "5537798525559639611", "year": "2012", "url_citations": "http://scholar.google.com/scholar?cites=5537798525559639611&as_sdt=2005&sciodt=1,5&hl=en"}, {"num_versions": 2, "url_citation": null, "title": "Matching up learning styles with learning objects: What's effective?", "url": "http://www.tandfonline.com/doi/abs/10.1080/01930826.2010.488975", "url_versions": "http://scholar.google.com/scholar?cluster=8840923960980880110&hl=en&as_sdt=1,5&sciodt=1,5&as_vis=1", "authors": "LS Mestre - Journal of Library Administration", "excerpt": "ABSTRACT Online instruction is quite prevalent on campuses and within libraries. Librarians are engaged in the creation of learning objects that can either be linked to or embedded within course-management systems. But are those instructional tools designed  ...", "url_pdf": null, "num_citations": 38, "cluster_id": "8840923960980880110", "year": "2010", "url_citations": "http://scholar.google.com/scholar?cites=8840923960980880110&as_sdt=2005&sciodt=1,5&hl=en"}, {"num_versions": 4, "url_citation": null, "title": "South Korean digital textbook project", "url": "http://www.tandfonline.com/doi/abs/10.1080/07380569.2010.523887", "url_versions": "http://scholar.google.com/scholar?cluster=2534600513796710909&hl=en&as_sdt=1,5&sciodt=1,5&as_vis=1", "authors": "JHY Kim, HY Jung - Computers in the Schools", "excerpt": "South Korea has adopted the widespread use of digital textbooks. Part school reform and part an effort to prepare today's children for tomorrow's challenging world, the way in which this effort was implemented and the lessons learned are valuable. This article highlights  ...", "url_pdf": null, "num_citations": 31, "cluster_id": "2534600513796710909", "year": "2010", "url_citations": "http://scholar.google.com/scholar?cites=2534600513796710909&as_sdt=2005&sciodt=1,5&hl=en"}, {"num_versions": 11, "url_citation": null, "title": "Interactivity in multimedia learning: An integrated model", "url": "http://www.sciencedirect.com/science/article/pii/S0747563210000439", "url_versions": "http://scholar.google.com/scholar?cluster=15497588787886901833&hl=en&as_sdt=1,5&sciodt=1,5&as_vis=1", "authors": "S Domagk, RN Schwartz, JL Plass - Computers in Human Behavior", "excerpt": "What does interactivity entail? What factors need to be taken into account in the design of interactive systems? Although interactivity is a widely used term accorded great prominence in discussions of multimedia learning, even a preliminary look at the literature suggests  ...", "url_pdf": null, "num_citations": 84, "cluster_id": "15497588787886901833", "year": "2010", "url_citations": "http://scholar.google.com/scholar?cites=15497588787886901833&as_sdt=2005&sciodt=1,5&hl=en"}]