[{"num_versions": 8, "url_citation": null, "title": "Enhancing professional writing skills of veterinary technology students: linking assessment and clinical practice in a communications course", "url": "http://www.tandfonline.com/doi/abs/10.1080/02602938.2011.630975", "url_versions": "http://scholar.google.com/scholar?cluster=12733115909403515759&hl=en&as_sdt=1,5&sciodt=1,5&as_vis=1", "authors": "P Clarke, D Schull, G Coleman, R Pitt\u2026 - \u2026  & Evaluation in Higher \u2026", "excerpt": "Veterinary technology is an emerging profession within the veterinary and allied animal health fields in Australia and affords graduates the opportunity to contribute to the small but growing body of literature within this discipline. This study describes the introduction of a  ...", "url_pdf": null, "num_citations": 3, "cluster_id": "12733115909403515759", "year": "2013", "url_citations": "http://scholar.google.com/scholar?cites=12733115909403515759&as_sdt=2005&sciodt=1,5&hl=en"}, {"num_versions": 6, "url_citation": null, "title": "Group work assessment: Benefits, problems and implications for good practice", "url": "http://nrl.northumbria.ac.uk/1036/", "url_versions": "http://scholar.google.com/scholar?cluster=10271963786533315942&hl=en&as_sdt=1,5&sciodt=1,5&as_vis=1", "authors": "A Mellor - Northumbria University Red Guide", "excerpt": "Group work has become increasingly important in higher education, largely as a result of the greater emphasis on skills, employability and lifelong learning. However, it is often introduced in a hurry, can be unsupported and may be assessed without fully exploring  ...", "url_pdf": null, "num_citations": 3, "cluster_id": "10271963786533315942", "year": "2009", "url_citations": "http://scholar.google.com/scholar?cites=10271963786533315942&as_sdt=2005&sciodt=1,5&hl=en"}, {"num_versions": 6, "url_citation": null, "title": "Group assessment at final degree level: An evaluation", "url": "http://www.tandfonline.com/doi/abs/10.1080/09639280701234609", "url_versions": "http://scholar.google.com/scholar?cluster=5903336203570155405&hl=en&as_sdt=1,5&sciodt=1,5&as_vis=1", "authors": "E Gammie, M Matson - Accounting Education: an international  \u2026", "excerpt": "Abstract There is a growing awareness among educators that it is important to provide a skills-based education as well as one based on academic achievements. This was articulated in the UK by the Quality Assurance Agency for Higher Education (QAA, 2000),  ...", "url_pdf": null, "num_citations": 28, "cluster_id": "5903336203570155405", "year": "2007", "url_citations": "http://scholar.google.com/scholar?cites=5903336203570155405&as_sdt=2005&sciodt=1,5&hl=en"}, {"num_versions": 8, "url_citation": null, "title": "Evaluating assessed group-work in a second-year management accounting subject", "url": "http://www.tandfonline.com/doi/abs/10.1080/09639280701234385", "url_versions": "http://scholar.google.com/scholar?cluster=7823530999006056627&hl=en&as_sdt=1,5&sciodt=1,5&as_vis=1", "authors": "M Cadiz Dyball, A Reid, P Ross\u2026 - Accounting Education: an \u2026", "excerpt": "Abstract This paper discusses the perceptions on the part of a large cohort of Sydney-based second year university accounting students of the benefits of group-work in developing transferable skills in teamwork, self-management, and planning and organising. The  ...", "url_pdf": null, "num_citations": 37, "cluster_id": "7823530999006056627", "year": "2007", "url_citations": "http://scholar.google.com/scholar?cites=7823530999006056627&as_sdt=2005&sciodt=1,5&hl=en"}, {"num_versions": 2, "url_citation": null, "title": "Towards fairer university assessment: Recognizing the concerns of students", "url": "http://scholar.google.com/https://books.google.com/books?hl=en&lr=&id=g_TFBQAAQBAJ&oi=fnd&pg=PT16&ots=GLIrTdZGiE&sig=kOl-wrmstAdBbyjZsfuafyGOjLY", "url_versions": "http://scholar.google.com/scholar?cluster=17340546864050208430&hl=en&as_sdt=1,5&sciodt=1,5&as_vis=1", "authors": "N Flint, B Johnson -", "excerpt": "Towards Fairer University Assessment After all the hours of studying, reading and preparation, the nights spent revising and the writing and rewriting of assignments, 'success' for university students can often be represented with a single grade or digit, summing up  ... ", "url_pdf": null, "num_citations": 22, "cluster_id": "17340546864050208430", "year": "2010", "url_citations": "http://scholar.google.com/scholar?cites=17340546864050208430&as_sdt=2005&sciodt=1,5&hl=en"}, {"num_versions": 5, "url_citation": null, "title": "The effect of Jigsaw IV on the achievement of course of language teaching methods and techniques", "url": "http://79.123.150.20/xmlui/handle/123456789/304", "url_versions": "http://scholar.google.com/scholar?cluster=4369594066102116267&hl=en&as_sdt=1,5&sciodt=1,5&as_vis=1", "authors": "S Maden - Educational Research and Review", "excerpt": "The purpose of the study is to compare the effects of Jigsaw-IV and the conventional teaching on the academic achievement of Turkish pre-service teachers as for the language teaching methods and techniques. In this study \u201cpretest\u2013post test with the control group  ...", "url_pdf": null, "num_citations": 6, "cluster_id": "4369594066102116267", "year": "2010", "url_citations": "http://scholar.google.com/scholar?cites=4369594066102116267&as_sdt=2005&sciodt=1,5&hl=en"}, {"num_versions": 8, "url_citation": null, "title": "Compulsory group work-accounting students' conceptions and suggestions", "url": "http://www.emeraldinsight.com/doi/abs/10.1108/13217341011059372", "url_versions": "http://scholar.google.com/scholar?cluster=9382222922759156118&hl=en&as_sdt=1,5&sciodt=1,5&as_vis=1", "authors": "M Cadiz Dyball, A Reid, P Ross\u2026 - Asian Review of  \u2026", "excerpt": "Purpose-The purpose of this paper is to examine accounting students' experience of compulsory group work. The paper hypothesises that a student-centered style of teaching-involving activities, like case studies and group-based learning encourages students to  ...", "url_pdf": null, "num_citations": 2, "cluster_id": "9382222922759156118", "year": "2010", "url_citations": "http://scholar.google.com/scholar?cites=9382222922759156118&as_sdt=2005&sciodt=1,5&hl=en"}, {"num_versions": 5, "url_citation": null, "title": "University students' conceptions and practice of collaborative work on writing", "url": "http://sciedu.ca/journal/index.php/ijhe/article/view/2537", "url_versions": "http://scholar.google.com/scholar?cluster=18095364939492642394&hl=en&as_sdt=1,5&sciodt=1,5&as_vis=1", "authors": "F Mutwarasibo - International Journal of Higher Education", "excerpt": "Abstract A number of studies attest to the relevance and benefits of group work and collaboration in various learning processes. However, in terms of higher education teaching and learning, the question often remains of what kind of group work or what type of  ...", "url_pdf": null, "num_citations": 3, "cluster_id": "18095364939492642394", "year": "2013", "url_citations": "http://scholar.google.com/scholar?cites=18095364939492642394&as_sdt=2005&sciodt=1,5&hl=en"}, {"num_versions": 7, "url_citation": null, "title": "Using group learning to promote integration and cooperative learning between Asian and Australian second-year veterinary science students", "url": "http://jvme.utpjournals.press/doi/abs/10.3138/jvme.34.3.350", "url_versions": "http://scholar.google.com/scholar?cluster=6449844407217580531&hl=en&as_sdt=1,5&sciodt=1,5&as_vis=1", "authors": "PC Mills, PF Woodall, M Bellingham\u2026 - Journal of  \u2026", "excerpt": "ABSTRACT There is a tendency for students from different nationalities to remain within groups of similar cultural backgrounds. The study reported here used group project work to encourage integration and cooperative learning between Australian students and Asian ( ...", "url_pdf": null, "num_citations": 9, "cluster_id": "6449844407217580531", "year": "2007", "url_citations": "http://scholar.google.com/scholar?cites=6449844407217580531&as_sdt=2005&sciodt=1,5&hl=en"}, {"num_versions": 7, "url_citation": null, "title": "Final year accounting undergraduates' attitudes to group assessment and the role of learning logs", "url": "http://www.tandfonline.com/doi/abs/10.1080/09639280701234419", "url_versions": "http://scholar.google.com/scholar?cluster=7811793916129454991&hl=en&as_sdt=1,5&sciodt=1,5&as_vis=1", "authors": "J Ballantine, P Mccourt Larres - Accounting Education: an  \u2026", "excerpt": "Abstract Group assessment now plays a significant role in higher education. Existing research has identified a number of benefits that derive from group assessment including the development of generic skills and the promotion of deeper learning. Despite its  ...", "url_pdf": null, "num_citations": 33, "cluster_id": "7811793916129454991", "year": "2007", "url_citations": "http://scholar.google.com/scholar?cites=7811793916129454991&as_sdt=2005&sciodt=1,5&hl=en"}, {"num_versions": 5, "url_citation": null, "title": "Deep dissection: Motivating students beyond rote learning in veterinary anatomy", "url": "http://jvme.utpjournals.press/doi/abs/10.3138/jvme.33.2.266", "url_versions": "http://scholar.google.com/scholar?cluster=6624122695550177799&hl=en&as_sdt=1,5&sciodt=1,5&as_vis=1", "authors": "MA Cake - Journal of veterinary medical education", "excerpt": "ABSTRACT The profusion of descriptive, factual information in veterinary anatomy inevitably creates pressure on students to employ surface learning approaches and \u201crote learning.\u201d This phenomenon may contribute to negative perceptions of the relevance of anatomy as  ...", "url_pdf": null, "num_citations": 8, "cluster_id": "6624122695550177799", "year": "2006", "url_citations": "http://scholar.google.com/scholar?cites=6624122695550177799&as_sdt=2005&sciodt=1,5&hl=en"}, {"num_versions": 2, "url_citation": null, "title": "The effects of animation technique on teaching of acids and bases topics", "url": "http://search.proquest.com/openview/50c09521cd47d9b5046b22bf7e72919d/1?pq-origsite=gscholar", "url_versions": "http://scholar.google.com/scholar?cluster=7150196875147981731&hl=en&as_sdt=1,5&sciodt=1,5&as_vis=1", "authors": "\u00dd DA\u00deDEM\u00ddR, K DOYMU\u00de\u2026 - Journal of Turkish  \u2026", "excerpt": "Abstract This study has been carried out in order to determine the effect of computer animations in teaching acid and base topics in science and technology courses on the academic success of the primary school students and the opinions of students related to  ...", "url_pdf": null, "num_citations": 7, "cluster_id": "7150196875147981731", "year": "2008", "url_citations": "http://scholar.google.com/scholar?cites=7150196875147981731&as_sdt=2005&sciodt=1,5&hl=en"}, {"num_versions": 4, "url_citation": null, "title": "Students' perceptions of classroom group work as a function of group member selection", "url": "http://www.tandfonline.com/doi/abs/10.1080/17404622.2011.625368", "url_versions": "http://scholar.google.com/scholar?cluster=9633188313469343757&hl=en&as_sdt=1,5&sciodt=1,5&as_vis=1", "authors": "SA Myers - Communication Teacher", "excerpt": "Course: Small Group Communication The purpose of this assessment was to examine whether differences exist between students who self-select their classroom work group members and students who are randomly assigned to their classroom work groups in  ...", "url_pdf": null, "num_citations": 13, "cluster_id": "9633188313469343757", "year": "2012", "url_citations": "http://scholar.google.com/scholar?cites=9633188313469343757&as_sdt=2005&sciodt=1,5&hl=en"}, {"num_versions": 6, "url_citation": null, "title": "Effects of Jigsaw III technique on achievement in written expression", "url": "http://link.springer.com/article/10.1007/s12564-010-9135-8", "url_versions": "http://scholar.google.com/scholar?cluster=17265483561356841110&hl=en&as_sdt=1,5&sciodt=1,5&as_vis=1", "authors": "A \u015eahin - Asia Pacific Education Review", "excerpt": "Abstract The objective of this paper is to compare the Jigsaw III technique (of cooperative learning) with the instructional teacher-centered teaching method in six graders in terms of the effect of written expression on their academic success. The universe of the study  ...", "url_pdf": null, "num_citations": 14, "cluster_id": "17265483561356841110", "year": "2011", "url_citations": "http://scholar.google.com/scholar?cites=17265483561356841110&as_sdt=2005&sciodt=1,5&hl=en"}, {"num_versions": 2, "url_citation": null, "title": "A qualitative student evaluation of group learning in higher education", "url": "http://www.tandfonline.com/doi/abs/10.1080/03797720701840633", "url_versions": "http://scholar.google.com/scholar?cluster=17166076317556710256&hl=en&as_sdt=1,5&sciodt=1,5&as_vis=1", "authors": "A Hassanien - Higher Education in Europe", "excerpt": "The importance of group learning has increased significantly in higher education in the past two decades (Houldsworth and Mathews, 2000). The primary focus of this study is to explore the feelings and experience of students regarding group work and group assessment in  ...", "url_pdf": null, "num_citations": 39, "cluster_id": "17166076317556710256", "year": "2007", "url_citations": "http://scholar.google.com/scholar?cites=17166076317556710256&as_sdt=2005&sciodt=1,5&hl=en"}, {"num_versions": 4, "url_citation": null, "title": "Fen ve Teknoloji \u00d6\u011fretmenlerinin \u0130\u015fbirlikli \u00d6\u011frenme Modeli Uygulama D\u00fczeyleri", "url": "http://scholar.google.com/https://pegem.net/dosyalar/dokuman/138279-2013122594754-8.pdf", "url_versions": "http://scholar.google.com/scholar?cluster=11224596724139207111&hl=en&as_sdt=1,5&sciodt=1,5&as_vis=1", "authors": "S BAYRAK\u00c7EKEN, K DOYMU\u015e, A DO\u011eAN\u2026 - \u2026  E\u011fitim Fak\u00fcltesi Dergisi, \u2026", "excerpt": "\u00d6zet Bu \u00e7al\u0131\u015fman\u0131n amac\u0131, Fen ve Teknoloji \u00f6\u011fretmenlerin, \u00f6\u011frenci merkezli \u00f6\u011fretim y\u00f6ntemlerinden biri olan ve e\u011fitimde \u00e7ok kullanan i\u015fbirlikli \u00f6\u011frenme modeli hakk\u0131ndaki bilgi ve uygulama d\u00fczeylerinin belirlemesine y\u00f6neliktir. \u00c7al\u0131\u015fman\u0131n \u00f6rneklemini; Do\u011fu  ...", "url_pdf": "http://scholar.google.com/https://pegem.net/dosyalar/dokuman/138279-2013122594754-8.pdf", "num_citations": 1, "cluster_id": "11224596724139207111", "year": "2012", "url_citations": "http://scholar.google.com/scholar?cites=11224596724139207111&as_sdt=2005&sciodt=1,5&hl=en"}, {"num_versions": 4, "url_citation": null, "title": "Beyond competencies: what higher education assessment could offer the workplace and the practitioner\u2010researcher", "url": "http://www.tandfonline.com/doi/abs/10.1080/13596740701559779", "url_versions": "http://scholar.google.com/scholar?cluster=9456272696177245646&hl=en&as_sdt=1,5&sciodt=1,5&as_vis=1", "authors": "M Harvey, L Norman - Research in Post\u2010Compulsory Education", "excerpt": "This article is based on research and development carried out at the Centre for Outcomes\u2010Based Education at the Open University (OU). It explores the way in which higher education (HE) assessment could meet specific criteria in order to assess the unique qualities that  ...", "url_pdf": null, "num_citations": 12, "cluster_id": "9456272696177245646", "year": "2007", "url_citations": "http://scholar.google.com/scholar?cites=9456272696177245646&as_sdt=2005&sciodt=1,5&hl=en"}, {"num_versions": 6, "url_citation": null, "title": "Effect of Jigsaw I Technique on Achievement in Written Expression Skill.", "url": "http://eric.ed.gov/?id=EJ927383", "url_versions": "http://scholar.google.com/scholar?cluster=13695759178288113681&hl=en&as_sdt=1,5&sciodt=1,5&as_vis=1", "authors": "S Maden - Educational Sciences: Theory and Practice", "excerpt": "Abstract This study aims to compare the effects of Jigsaw I technique from the cooperative learning methods and traditional teaching method on academic achievement and retrieval of Turkish teacher candidates in the matter of written expression. The sample of the study  ...", "url_pdf": null, "num_citations": 9, "cluster_id": "13695759178288113681", "year": "2011", "url_citations": "http://scholar.google.com/scholar?cites=13695759178288113681&as_sdt=2005&sciodt=1,5&hl=en"}, {"num_versions": 2, "url_citation": null, "title": "Group work and group work assessment for computer courses: A systems analysis and design case study", "url": "http://aisel.aisnet.org/cgi/viewcontent.cgi?article=1154&context=acis2005", "url_versions": "http://scholar.google.com/scholar?cluster=4796536350878801917&hl=en&as_sdt=1,5&sciodt=1,5&as_vis=1", "authors": "R Blackshaw, S Latu - ACIS", "excerpt": "Abstract Group work and group work assessment in higher education has been discussed, researched and written about widely. One of the driving forces behind the design and assessment of group work has been the need to expose, familiarise and equip students  ...", "url_pdf": null, "num_citations": 3, "cluster_id": "4796536350878801917", "year": "2005", "url_citations": "http://scholar.google.com/scholar?cites=4796536350878801917&as_sdt=2005&sciodt=1,5&hl=en"}, {"num_versions": 5, "url_citation": null, "title": "Student information behaviours during group projects: A study of LIS students in University College Dublin, Ireland", "url": "http://www.emeraldinsight.com/doi/abs/10.1108/00012530910959835", "url_versions": "http://scholar.google.com/scholar?cluster=10607218888116296396&hl=en&as_sdt=1,5&sciodt=1,5&as_vis=1", "authors": "I Cornelius, M O'Farrell, J Bates - Aslib Proceedings", "excerpt": "Purpose-The purpose of this paper is to report on a study of student information-seeking and information-sharing behaviours and communication during group projects. While a considerable body of literature exists on student information behaviour, less is known  ...", "url_pdf": null, "num_citations": 24, "cluster_id": "10607218888116296396", "year": "2009", "url_citations": "http://scholar.google.com/scholar?cites=10607218888116296396&as_sdt=2005&sciodt=1,5&hl=en"}, {"num_versions": 0, "url_citation": null, "title": "A STUDY TO DETERMINE STUDENT PERCEPTIONS OF", "url": "http://digitalcommons.calpoly.edu/theses/1282/", "url_versions": null, "authors": "FB Sheridan -", "excerpt": "Abstract The purpose of this study was to determine the important benefits of Cal Poly Veterinary Clinic (CPVC) and establish areas of interest for the students at the CPVC. The CPVC is a student run veterinary clinic that exposes students to teachable hands-on  ...", "url_pdf": null, "num_citations": 0, "cluster_id": null, "year": "2014", "url_citations": null}, {"num_versions": 5, "url_citation": null, "title": "Baccalaureate nursing students' perceptions of peer assessment of individual contributions to a group project: A case study", "url": "http://www.sciencedirect.com/science/article/pii/S0260691711000682", "url_versions": "http://scholar.google.com/scholar?cluster=7760711199010585526&hl=en&as_sdt=1,5&sciodt=1,5&as_vis=1", "authors": "ATY Shiu, CWH Chan, P Lam, J Lee, ANL Kwong - Nurse education today", "excerpt": "A group project is a common method of assessment in higher education worldwide. The use of an adjunct peer assessment (PA) scheme as a means to award marks for individual student contributions to a group project has increased. However, nursing students'  ...", "url_pdf": null, "num_citations": 13, "cluster_id": "7760711199010585526", "year": "2012", "url_citations": "http://scholar.google.com/scholar?cites=7760711199010585526&as_sdt=2005&sciodt=1,5&hl=en"}, {"num_versions": 5, "url_citation": null, "title": "Effects of jigsaw II technique on academic achievement and attitudes to written expression course", "url": "http://www.academicjournals.org/journal/ERR/article-abstract/33E2E094215", "url_versions": "http://scholar.google.com/scholar?cluster=6969986547463904945&hl=en&as_sdt=1,5&sciodt=1,5&as_vis=1", "authors": "A \u015eahin - Educational Research and Reviews", "excerpt": "This study aims to explore the effects of a cooperative technique Jigsaw II (experimental group, n= 42) and instructional teacher-centered teaching method (control group, n= 38) on Turkish language teacher education department students' attitudes to written expression  ...", "url_pdf": null, "num_citations": 28, "cluster_id": "6969986547463904945", "year": "2010", "url_citations": "http://scholar.google.com/scholar?cites=6969986547463904945&as_sdt=2005&sciodt=1,5&hl=en"}, {"num_versions": 8, "url_citation": null, "title": "Degrees of separation\u2014Balancing intervention and independence in group work assignments", "url": "http://link.springer.com/article/10.1007/BF03216850", "url_versions": "http://scholar.google.com/scholar?cluster=15880061991698510724&hl=en&as_sdt=1,5&sciodt=1,5&as_vis=1", "authors": "J Burdett - The Australian Educational Researcher", "excerpt": "Abstract Group work is a widely used learning approach in higher education where it is seen as encouraging the development of collaborative skills and attitudes while producing an assessable product. Group assignments can, however, create dilemmas and tensions for  ...", "url_pdf": null, "num_citations": 18, "cluster_id": "15880061991698510724", "year": "2007", "url_citations": "http://scholar.google.com/scholar?cites=15880061991698510724&as_sdt=2005&sciodt=1,5&hl=en"}, {"num_versions": 5, "url_citation": null, "title": "The effect of cooperative learning on students' approach to general gymnastics course and academic achievements", "url": "http://www.academicjournals.org/journal/ERR/article-abstract/F549E304337", "url_versions": "http://scholar.google.com/scholar?cluster=18075373783668423302&hl=en&as_sdt=1,5&sciodt=1,5&as_vis=1", "authors": "G Bayraktar - Educational research and reviews", "excerpt": "The subjects of the present study are comprised of 50 university students who were enrolled in two classes of the general gymnastics course in the first year of Physical Education and Athletics Teaching during the 2009 to 2010 academic years. The purpose of this research,  ...", "url_pdf": null, "num_citations": 25, "cluster_id": "18075373783668423302", "year": "2011", "url_citations": "http://scholar.google.com/scholar?cites=18075373783668423302&as_sdt=2005&sciodt=1,5&hl=en"}, {"num_versions": 8, "url_citation": null, "title": "A critical discussion of deep and surface processing: What it means, how it is measured, the role of context, and model specification", "url": "http://link.springer.com/article/10.1007/s10648-012-9198-7", "url_versions": "http://scholar.google.com/scholar?cluster=10707756886493239945&hl=en&as_sdt=1,5&sciodt=1,5&as_vis=1", "authors": "DL Dinsmore, PA Alexander - Educational Psychology Review", "excerpt": "Abstract The prevailing assumption by some that deep processing promotes stronger learning outcomes while surface processing promotes weaker learning outcomes has been called into question by the inconsistency and ambiguity of results in investigations of the  ...", "url_pdf": null, "num_citations": 25, "cluster_id": "10707756886493239945", "year": "2012", "url_citations": "http://scholar.google.com/scholar?cites=10707756886493239945&as_sdt=2005&sciodt=1,5&hl=en"}, {"num_versions": 2, "url_citation": null, "title": "Psychometric properties of the Greek version of the Feelings toward Group Work questionnaire", "url": "http://econtent.hogrefe.com/doi/abs/10.1027/1015-5759.25.3.204", "url_versions": "http://scholar.google.com/scholar?cluster=9579077955452721201&hl=en&as_sdt=1,5&sciodt=1,5&as_vis=1", "authors": "M Goudas, E Magotsiou\u2026 - European Journal of  \u2026", "excerpt": "The present study examined the psychometric properties (factor structure, internal and test-retest reliability, convergent and criterion-related validity, social desirability effect, and experimental validity) of the Greek version of the Feelings Toward Group Work  ...", "url_pdf": null, "num_citations": 6, "cluster_id": "9579077955452721201", "year": "2009", "url_citations": "http://scholar.google.com/scholar?cites=9579077955452721201&as_sdt=2005&sciodt=1,5&hl=en"}, {"num_versions": 5, "url_citation": null, "title": "Predicting Satisfaction with Group Work Assignments.", "url": "http://eric.ed.gov/?id=EJ867297", "url_versions": "http://scholar.google.com/scholar?cluster=15180975235664733342&hl=en&as_sdt=1,5&sciodt=1,5&as_vis=1", "authors": "J Burdett, B Hastie - Journal of University Teaching and Learning Practice", "excerpt": "Abstract Universities are increasingly using group based assessment tasks; however, as with workplace teams, such tasks often elicit mixed feelings from participants. This study investigated factors that may predict student satisfaction with group work at university.  ...", "url_pdf": null, "num_citations": 24, "cluster_id": "15180975235664733342", "year": "2009", "url_citations": "http://scholar.google.com/scholar?cites=15180975235664733342&as_sdt=2005&sciodt=1,5&hl=en"}, {"num_versions": 7, "url_citation": null, "title": "Generic or discipline\u2010specific? An exploration of the significance of discipline\u2010specific issues in researching and developing teaching and learning in higher  \u2026", "url": "http://www.tandfonline.com/doi/abs/10.1080/14703290903525887", "url_versions": "http://scholar.google.com/scholar?cluster=5904416847044623295&hl=en&as_sdt=1,5&sciodt=1,5&as_vis=1", "authors": "P Young - Innovations in Education and Teaching International", "excerpt": "This article explores competing conceptions of university teaching as, on the one hand, a generic professional practice and, on the other hand, an activity which can only be understood in the context of discipline\u2010specific issues. The article draws on empirical  ...", "url_pdf": null, "num_citations": 15, "cluster_id": "5904416847044623295", "year": "2010", "url_citations": "http://scholar.google.com/scholar?cites=5904416847044623295&as_sdt=2005&sciodt=1,5&hl=en"}, {"num_versions": 0, "url_citation": null, "title": "The use of self-and peer-contribution assessments within a final year pharmaceutics assignment", "url": "http://www.ingentaconnect.com/content/apl/gphe/2005/00000005/f0020003/art00001", "url_versions": null, "authors": "C Malcolmson, J Shaw - Pharmacy Education", "excerpt": "This paper describes the experience of introducing student assessment of contribution to a final year pharmaceutics formulation group assignment, using a combined self-and peer-assessment approach. The Contribution Weighting Factors (CWFs) calculated from the  ...", "url_pdf": null, "num_citations": 9, "cluster_id": "13289551934771038997", "year": "2005", "url_citations": "http://scholar.google.com/scholar?cites=13289551934771038997&as_sdt=2005&sciodt=1,5&hl=en"}, {"num_versions": 4, "url_citation": null, "title": "The problem of free-riding in group projects: Looking beyond social loafing as reason for non-contribution", "url": "http://alh.sagepub.com/content/early/2012/12/10/1469787412467123.abstract", "url_versions": "http://scholar.google.com/scholar?cluster=12335921064324047004&hl=en&as_sdt=1,5&sciodt=1,5&as_vis=1", "authors": "D Hall, S Buzwell - Active Learning in Higher Education", "excerpt": "Abstract The increase in popularity of group work in higher education has been accompanied by an increase in the frequency of reports of students not equally contributing to work within the groups. Referred to as 'free-riders', the effect of this behaviour on other  ...", "url_pdf": null, "num_citations": 14, "cluster_id": "12335921064324047004", "year": "2012", "url_citations": "http://scholar.google.com/scholar?cites=12335921064324047004&as_sdt=2005&sciodt=1,5&hl=en"}, {"num_versions": 4, "url_citation": null, "title": "A comparison of responses to group learning between first-year Asian and first-year Australian veterinary science students.", "url": "http://europepmc.org/abstract/med/16421840", "url_versions": "http://scholar.google.com/scholar?cluster=6018104757906677478&hl=en&as_sdt=1,5&sciodt=1,5&as_vis=1", "authors": "PC Mills, PF Woodall - Journal of veterinary medical education", "excerpt": "INTRODUCTION: Group learning has been used to enhance deep (long-term) learning and promote life skills, such as decision making, communication, and interpersonal skills. However, with increasing multiculturalism in higher education, there is little information  ...", "url_pdf": null, "num_citations": 5, "cluster_id": "6018104757906677478", "year": "2004", "url_citations": "http://scholar.google.com/scholar?cites=6018104757906677478&as_sdt=2005&sciodt=1,5&hl=en"}, {"num_versions": 10, "url_citation": null, "title": "Are online learners frustrated with collaborative learning experiences?", "url": "http://www.irrodl.org/index.php/irrodl/article/view/1127", "url_versions": "http://scholar.google.com/scholar?cluster=14106229056089888557&hl=en&as_sdt=1,5&sciodt=1,5&as_vis=1", "authors": "N Capdeferro, M Romero - The International Review of Research in Open  \u2026", "excerpt": "Abstract Online education increasingly puts emphasis on collaborative learning methods. Despite the pedagogical advantages of collaborative learning, online learners can perceive collaborative learning activities as frustrating experiences. The purpose of this study was  ...", "url_pdf": null, "num_citations": 70, "cluster_id": "14106229056089888557", "year": "2012", "url_citations": "http://scholar.google.com/scholar?cites=14106229056089888557&as_sdt=2005&sciodt=1,5&hl=en"}, {"num_versions": 4, "url_citation": null, "title": "Jigsaw I Tekni\u011finin Yaz\u0131l\u0131 Anlat\u0131m Becerisi Akademik Ba\u015far\u0131s\u0131na Etkisi", "url": "http://79.123.150.20/xmlui/handle/123456789/303", "url_versions": "http://scholar.google.com/scholar?cluster=17359802458759534356&hl=en&as_sdt=1,5&sciodt=1,5&as_vis=1", "authors": "S Maden - Educational Sciences: Theory & Practice", "excerpt": "Bu \u00e7al\u0131\u015fma, i\u015fbirlikli \u00f6\u011frenme tekniklerinden Jigsaw I ile geleneksel \u00f6\u011fretim y\u00f6nteminin T\u00fcrk\u00e7e \u00f6\u011fretmeni adaylar\u0131n\u0131n yaz\u0131l\u0131 anlat\u0131m becerisi akademik ba\u015far\u0131lar\u0131na ve hat\u0131rda tutma d\u00fczeyleri \u00fczerine etkisini kar\u015f\u0131la\u015ft\u0131rmay\u0131 ama\u00e7lamaktad\u0131r. \u00c7al\u0131\u015fman\u0131n \u00f6rneklemi, 2009\u2013 ...", "url_pdf": null, "num_citations": 3, "cluster_id": "17359802458759534356", "year": "2011", "url_citations": "http://scholar.google.com/scholar?cites=17359802458759534356&as_sdt=2005&sciodt=1,5&hl=en"}, {"num_versions": 5, "url_citation": null, "title": "A comparison of the responses of first and second year veterinary science students to group project work", "url": "http://www.tandfonline.com/doi/abs/10.1080/1356251042000252408", "url_versions": "http://scholar.google.com/scholar?cluster=8239552256842634030&hl=en&as_sdt=1,5&sciodt=1,5&as_vis=1", "authors": "PC Mills*, PF Woodall - Teaching in Higher Education", "excerpt": "A change in curriculum permitted a direct and simultaneous comparison between first and second year responses to group project work while assuming similar prior experience with this method of learning. Responses were obtained by a survey form and by meetings with  ...", "url_pdf": null, "num_citations": 14, "cluster_id": "8239552256842634030", "year": "2004", "url_citations": "http://scholar.google.com/scholar?cites=8239552256842634030&as_sdt=2005&sciodt=1,5&hl=en"}, {"num_versions": 0, "url_citation": null, "title": "Group work", "url": "http://onlinelibrary.wiley.com/doi/10.1002/9780470754924.ch45/summary", "url_versions": null, "authors": "P Price - Handbook of the teaching of psychology", "excerpt": "In preparing students for life beyond college, skills in working effectively with others must be taught. Group work enables students to learn skills they will need to communicate with others, to solve problems, to engage in critical thinking, to prepare for employment, and to  ...", "url_pdf": null, "num_citations": 2, "cluster_id": "13393801922087127533", "year": "2006", "url_citations": "http://scholar.google.com/scholar?cites=13393801922087127533&as_sdt=2005&sciodt=1,5&hl=en"}, {"num_versions": 5, "url_citation": null, "title": "Transforming a university: the scholarship of teaching and learning in practice", "url": "http://scholar.google.com/https://books.google.com/books?hl=en&lr=&id=BrDdF_iADCkC&oi=fnd&pg=PP1&ots=DoIejo8rv4&sig=3vE9PY9w7XhQma7gSX6u-qBL49c", "url_versions": "http://scholar.google.com/scholar?cluster=8764922953937474679&hl=en&as_sdt=1,5&sciodt=1,5&as_vis=1", "authors": "A Brew, J Sachs -", "excerpt": "This unique collection shows what happens when one university takes on the challenge of developing the scholarship of teaching and learning with a view to enhancing students' learning experiences. Authors from the sciences, engineering, humanities and social  ...", "url_pdf": null, "num_citations": 11, "cluster_id": "8764922953937474679", "year": "2007", "url_citations": "http://scholar.google.com/scholar?cites=8764922953937474679&as_sdt=2005&sciodt=1,5&hl=en"}, {"num_versions": 2, "url_citation": null, "title": "Reflective Learning und die Rolle der Lehrenden", "url": "http://scholar.google.com/https://books.google.com/books?hl=en&lr=&id=smhfAgAAQBAJ&oi=fnd&pg=PA103&ots=4lzpKU69ar&sig=nbOzrhu_aE6DBOoDOHM7kRPgjoE", "url_versions": "http://scholar.google.com/scholar?cluster=15574507681982283850&hl=en&as_sdt=1,5&sciodt=1,5&as_vis=1", "authors": "E Cendon - \u2026  Lehrkompetenzen im Diskurs A Discourse on  \u2026", "excerpt": "Abstract Der Beitrag soll\u2013ankn\u00fcpfend an Erfahrungen betreffend Aufbau und Umsetzung eines Studienmodells f\u00fcr Weiterbildungsstudierende\u2013den zentralen Aspekt des \u201ereflective learning \u201c(Moon 2004) aus der Perspektive der Lehrenden vertiefend beleuchten. Dabei  ...", "url_pdf": null, "num_citations": 4, "cluster_id": "15574507681982283850", "year": "2013", "url_citations": "http://scholar.google.com/scholar?cites=15574507681982283850&as_sdt=2005&sciodt=1,5&hl=en"}, {"num_versions": 2, "url_citation": null, "title": "\u00d6\u011fretmen adaylar\u0131n\u0131n bilgisayar animasyonlar\u0131 hakk\u0131nda g\u00f6r\u00fc\u015fleri: h\u00fccre ve dokular \u00f6rne\u011fi", "url": "http://www.acarindex.com/dosyalar/makale/acarindex-1423908743.pdf", "url_versions": "http://scholar.google.com/scholar?cluster=12777457817407178565&hl=en&as_sdt=1,5&sciodt=1,5&as_vis=1", "authors": "G Murat - Mersin University Journal of the Faculty of Education", "excerpt": "\u00d6zet: Bu \u00e7al\u0131\u015fman\u0131n amac\u0131, \u00f6\u011fretmen adaylar\u0131n\u0131n biyoloji dersinde kullan\u0131lan bilgisayar animasyonlar\u0131 hakk\u0131nda g\u00f6r\u00fc\u015flerinin ara\u015ft\u0131r\u0131lmas\u0131d\u0131r. \u00c7al\u0131\u015fmaya 2012-2013 \u00f6\u011fretim y\u0131l\u0131nda Bart\u0131n \u00dcniversitesi E\u011fitim Fak\u00fcltesinde \u00f6\u011frenim g\u00f6ren 28 Fen Bilgisi ve 40 S\u0131n\u0131f  ...", "url_pdf": "http://www.acarindex.com/dosyalar/makale/acarindex-1423908743.pdf", "num_citations": 4, "cluster_id": "12777457817407178565", "year": "2013", "url_citations": "http://scholar.google.com/scholar?cites=12777457817407178565&as_sdt=2005&sciodt=1,5&hl=en"}]