[{"num_versions": 9, "url_citation": null, "title": "Wikification and beyond: The challenges of entity and concept grounding", "url": "http://nlp.cs.rpi.edu/paper/WikificationProposal.pdf", "url_versions": "http://scholar.google.com/scholar?cluster=145796586649750410&hl=en&as_sdt=1,5&sciodt=1,5&as_vis=1", "authors": "D Roth, H Ji, MW Chang, T Cassidy - ACL", "excerpt": "Contextual disambiguation and grounding of concepts and entities in natural language text are essential to moving forward in many natural language understanding related tasks and are fundamental to many applications. The Wikification task (Bunescu and Pasca, 2006;  ...", "url_pdf": "http://nlp.cs.rpi.edu/paper/WikificationProposal.pdf", "num_citations": 2, "cluster_id": "145796586649750410", "year": "2014", "url_citations": "http://scholar.google.com/scholar?cites=145796586649750410&as_sdt=2005&sciodt=1,5&hl=en"}, {"num_versions": 5, "url_citation": null, "title": "\u4e00\u79cd\u7528\u4e8e\u4e13\u5229\u5b9e\u4f53\u7684\u5b9e\u4f53\u6d88\u6b67\u65b9\u6cd5", "url": "http://xuebao.sau.edu.cn/EN/article/downloadArticleFile.do?attachType=PDF&id=242", "url_versions": "http://scholar.google.com/scholar?cluster=5081418280489948324&hl=en&as_sdt=1,5&sciodt=1,5&as_vis=1", "authors": "\u738b\u7430\u708e\uff0c \u738b\u88f4\u5ca9\uff0c \u8521\u4e1c\u98ce - \u6c88\u9633\u822a\u7a7a\u822a\u5929\u5927\u5b66\u5b66\u62a5", "excerpt": "\u6458\u8981\u9662\u5c06\u5b9e\u4f53\u641c\u7d22\u6280\u672f\u5e94\u7528\u4e8e\u4e2d\u6587\u4e13\u5229\u6458\u8981\u6587\u672c\u8881\u5e76\u5728\u5b9e\u4f53\u641c\u7d22\u8fc7\u7a0b\u4e2d\u4f7f\u7528\u4e86\u5b9e\u4f53\u6d88\u6b67\u6280\u672f\u8881\u5f97\u5230\u7528\u6237\u6700\u5173\u6ce8\u7684\u5b9e\u4f53\u76f8\u5173\u4fe1\u606f\u9065\u5728\u5145\u5206\u5206\u6790\u4e86\u4e13\u5229\u6458\u8981\u6587\u672c\u7684\u7279\u70b9\u7684\u57fa\u7840\u4e0a\u8881\u63d0\u51fa\u4e00\u79cd\u9762\u5411\u4e13\u5229\u5b9e\u4f53\u7684\u6d88\u6b67\u65b9\u6cd5\u9065\u4f7f\u7528\u57fa\u4e8e\u9668\u5b55\u60a6\u548c\u5411\u91cf\u7a7a\u95f4\u6a21\u578b\u7684\u8bcd\u5411\u91cf\u8868\u793a\u6cd5\u8881\u7ed3\u5408\u51dd\u805a\u5f0f\u5c42\u6b21\u805a ...", "url_pdf": null, "num_citations": 0, "cluster_id": null, "year": "2015", "url_citations": null}, {"num_versions": 4, "url_citation": null, "title": "Context representation for named entity linking", "url": "http://xling.me/pubs/ling-nwnlp14.pdf", "url_versions": "http://scholar.google.com/scholar?cluster=11570075323215668052&hl=en&as_sdt=1,5&sciodt=1,5&as_vis=1", "authors": "X Ling, S Singh, DS Weld - Proceedings of the 3rd Pacific Northwest  \u2026", "excerpt": "Named Entity Linking (NEL) is an Information Extraction task of linking a textual span (or an entity mention) to its corresponding entry in a given Knowledge Base (KB, eg Wikipedia). The links not only provide semantic annotations to the human readers but also a machine- ...", "url_pdf": "http://xling.me/pubs/ling-nwnlp14.pdf", "num_citations": 6, "cluster_id": "11570075323215668052", "year": "2014", "url_citations": "http://scholar.google.com/scholar?cites=11570075323215668052&as_sdt=2005&sciodt=1,5&hl=en"}, {"num_versions": 2, "url_citation": null, "title": "Linking named entities to Wikipedia", "url": "http://ses.library.usyd.edu.au/handle/2123/12850", "url_versions": "http://scholar.google.com/scholar?cluster=9528134656413839692&hl=en&as_sdt=1,5&sciodt=1,5&as_vis=1", "authors": "WEJ Radford -", "excerpt": "Natural language is fraught with problems of ambiguity, including name reference. A name in text can refer to multiple entities just as an entity can be known by different names. This thesis examines how a mention in text can be linked to an external knowledge base (KB),  ...", "url_pdf": null, "num_citations": 3, "cluster_id": "9528134656413839692", "year": "2014", "url_citations": "http://scholar.google.com/scholar?cites=9528134656413839692&as_sdt=2005&sciodt=1,5&hl=en"}, {"num_versions": 12, "url_citation": null, "title": "Learning sentence representation for emotion classification on microblogs", "url": "http://link.springer.com/chapter/10.1007/978-3-642-41644-6_20", "url_versions": "http://scholar.google.com/scholar?cluster=14008967771880501719&hl=en&as_sdt=1,5&sciodt=1,5&as_vis=1", "authors": "D Tang, B Qin, T Liu, Z Li - Natural Language Processing and Chinese  \u2026", "excerpt": "Abstract This paper studies the emotion classification task on microblogs. Given a message, we classify its emotion as happy, sad, angry or surprise. Existing methods mostly use the bag-of-word representation or manually designed features to train supervised or distant  ...", "url_pdf": null, "num_citations": 6, "cluster_id": "14008967771880501719", "year": "2013", "url_citations": "http://scholar.google.com/scholar?cites=14008967771880501719&as_sdt=2005&sciodt=1,5&hl=en"}, {"num_versions": 4, "url_citation": null, "title": "Entity Disambiguation with Web Links", "url": "http://scholar.google.com/https://tacl2013.cs.columbia.edu/ojs/index.php/tacl/article/view/494", "url_versions": "http://scholar.google.com/scholar?cluster=12282583002598020254&hl=en&as_sdt=1,5&sciodt=1,5&as_vis=1", "authors": "A Chisholm, B Hachey - Transactions of the Association  \u2026", "excerpt": "Abstract Entity disambiguation with Wikipedia relies on structured information from redirect pages, article text, inter-article links, and categories. We explore whether web links can replace a curated encyclopaedia, obtaining entity prior, name, context, and coherence  ...", "url_pdf": null, "num_citations": 1, "cluster_id": "12282583002598020254", "year": "2015", "url_citations": "http://scholar.google.com/scholar?cites=12282583002598020254&as_sdt=2005&sciodt=1,5&hl=en"}, {"num_versions": 5, "url_citation": null, "title": "Entity linking with a knowledge base: Issues, techniques, and solutions", "url": "http://ieeexplore.ieee.org/xpls/abs_all.jsp?arnumber=6823700", "url_versions": "http://scholar.google.com/scholar?cluster=15943509508110500559&hl=en&as_sdt=1,5&sciodt=1,5&as_vis=1", "authors": "W Shen, J Wang, J Han - Knowledge and Data Engineering,  \u2026", "excerpt": "Abstract\u2014The large number of potential applications from bridging Web data with knowledge bases have led to an increase in the entity linking research. Entity linking is the task to link entity mentions in text with their corresponding entities in a knowledge base.  ...", "url_pdf": null, "num_citations": 19, "cluster_id": "15943509508110500559", "year": "2015", "url_citations": "http://scholar.google.com/scholar?cites=15943509508110500559&as_sdt=2005&sciodt=1,5&hl=en"}]