[{"num_versions": 3, "url_citation": null, "title": "\u6df1\u5ea6\u5b66\u4e60\u7406\u5ff5\u4e0b\u7684\u6709\u6548\u6559\u5b66\u8bbe\u8ba1\u2014\u2014\u201c\u7532\u70f7\u201d \u7684\u78e8\u8bfe\u5b9e\u8df5\u4e0e\u6559\u5b66\u4f53\u609f", "url": "http://www.cqvip.com/qk/96491x/201501/663538998.html", "url_versions": "http://scholar.google.com/scholar?cluster=12826151979425938278&hl=en&as_sdt=1,5&sciodt=1,5&as_vis=1", "authors": "\u738b\u5efa\u519b - \u5316\u5b66\u6559\u5b66", "excerpt": "\u7b80\u4ecb\u5e76\u6bd4\u8f83\u4e86\u6d45\u5c42\u5b66\u4e60\u4e0e\u6df1\u5ea6\u5b66\u4e60. \u57fa\u4e8e\u6df1\u5ea6\u5b66\u4e60\u7406\u5ff5\u4e0b\u7684\u6559\u5b66\u8bbe\u8ba1\u8981\u8003\u8651\" \u8bfe\u9898\" \u7684\u601d\u60f3, \u89c2\u5ff5, \u65b9\u6cd5\u4e0e\u77e5\u8bc6\u7ebf\u7d22, \u5b66\u751f\u5bf9\u8bfe\u9898\u7684\u8ba4\u77e5\u7ebf\u7d22, \u6559\u5e08\u7684\u6559\u5b66\u7ec4\u7ec7\u7ebf\u7d22; \u8981\u901a\u8fc7\u63d0\u51fa\u95ee\u9898\u5f15\u5bfc\u5b66\u751f\u6df1\u5ea6\u53c2\u4e0e, \u8bbe\u8ba1\u6d3b\u52a8\u5438\u5f15\u5168\u5458\u53c2\u4e0e, \u63d0\u4f9b\u4e30\u5bcc\u7d20\u6750\u5b9e\u73b0\u5185\u5bb9\u53c2\u4e0e; \u5f15\u8d77\u5b66\u751f\u6df1\u5ea6\u601d\u8003\u662f\u6df1\u5ea6\u5b66\u4e60\u7684 ...", "url_pdf": null, "num_citations": 0, "cluster_id": null, "year": "2015", "url_citations": null}, {"num_versions": 0, "url_citation": null, "title": "College of Education students' approaches to learning and study skills", "url": "http://search.proquest.com/openview/ddf32ff484e6bdd795b496545c86f59c/1?pq-origsite=gscholar", "url_versions": null, "authors": "N Senemoglu - Egitim ve Bilim", "excerpt": "Abstract Many researches on higher education identify the students' approaches to learning and study skills as a significant factor affecting the quality of learning. If teacher educators are to find ways of improving the educational experience of their students, they must  ...", "url_pdf": null, "num_citations": 29, "cluster_id": "14216284840789028791", "year": "2011", "url_citations": "http://scholar.google.com/scholar?cites=14216284840789028791&as_sdt=2005&sciodt=1,5&hl=en"}, {"num_versions": 2, "url_citation": null, "title": "Science teaching beliefs and reported approaches within a research university: Perspectives from faculty, graduate students, and undergraduates", "url": "http://www.isetl.org/ijtlhe/abstract.cfm?mid=1808", "url_versions": "http://scholar.google.com/scholar?cluster=15327934505115126767&hl=en&as_sdt=1,5&sciodt=1,5&as_vis=1", "authors": "G Marbach-Ad, K Shaefer-Ziemer, M Orgler\u2026 - International Journal of  \u2026", "excerpt": "Abstract: This study explores and compares the perspectives of three populations (faculty members, graduate students, and undergraduates) toward science teaching in the College of Chemical and Life Sciences at a research-intensive university. In particular, we  ...", "url_pdf": null, "num_citations": 4, "cluster_id": "15327934505115126767", "year": "2014", "url_citations": "http://scholar.google.com/scholar?cites=15327934505115126767&as_sdt=2005&sciodt=1,5&hl=en"}, {"num_versions": 26, "url_citation": null, "title": "An undergraduate course to bridge the gap between textbooks and scientific research", "url": "http://www.lifescied.org/content/10/1/83.short", "url_versions": "http://scholar.google.com/scholar?cluster=9946617791611229989&hl=en&as_sdt=1,5&sciodt=1,5&as_vis=1", "authors": "F Wiegant, K Scager, J Boonstra - CBE-Life Sciences Education", "excerpt": "Abstract This article reports on a one-semester Advanced Cell Biology course that endeavors to bridge the gap between gaining basic textbook knowledge about cell biology and learning to think and work as a researcher. The key elements of this course are 1)  ...", "url_pdf": null, "num_citations": 17, "cluster_id": "9946617791611229989", "year": "2011", "url_citations": "http://scholar.google.com/scholar?cites=9946617791611229989&as_sdt=2005&sciodt=1,5&hl=en"}, {"num_versions": 9, "url_citation": null, "title": "Wikis as platforms for authentic assessment", "url": "http://link.springer.com/article/10.1007/s10755-012-9239-7", "url_versions": "http://scholar.google.com/scholar?cluster=16876670116486235664&hl=en&as_sdt=1,5&sciodt=1,5&as_vis=1", "authors": "PL Eddy, A Lawrence - Innovative Higher Education", "excerpt": "Abstract Calls for accountability focus attention on assessment of student learning. Authentic assessment involves evaluating student learning as students perform real world tasks. We present a four-stage conceptual framework for authentic assessment. We argue first that  ...", "url_pdf": null, "num_citations": 3, "cluster_id": "16876670116486235664", "year": "2013", "url_citations": "http://scholar.google.com/scholar?cites=16876670116486235664&as_sdt=2005&sciodt=1,5&hl=en"}, {"num_versions": 0, "url_citation": null, "title": "Technological Barriers to Successful eLearning in Computer Science", "url": "http://ro.ecu.edu.au/ecuworks/1391/", "url_versions": null, "authors": "Y Gulatee, B Combes -", "excerpt": "Abstract In an attempt to provide educational opportunities for students who are working or who are located at a distance, many universities and schools have developed wholly online distance education programs. These online courses use web technology as a distributed  ...", "url_pdf": null, "num_citations": 4, "cluster_id": "7910527064988992083", "year": "2007", "url_citations": "http://scholar.google.com/scholar?cites=7910527064988992083&as_sdt=2005&sciodt=1,5&hl=en"}, {"num_versions": 2, "url_citation": null, "title": "The role of field exercises in ecological learning and values education: action research on the use of campus wetlands", "url": "http://www.tandfonline.com/doi/abs/10.1080/00219266.2011.554574", "url_versions": "http://scholar.google.com/scholar?cluster=13628622666683477057&hl=en&as_sdt=1,5&sciodt=1,5&as_vis=1", "authors": "C Sukhontapatipak, S Srikosamatara - Journal of Biological  \u2026", "excerpt": "Providing undergraduate biology students with ecological knowledge and environmental awareness is critical for developing professionalism in sustainable development. In addition to the cognitive and psychomotor development, outdoor ecological exercises combining  ...", "url_pdf": null, "num_citations": 1, "cluster_id": "13628622666683477057", "year": "2012", "url_citations": "http://scholar.google.com/scholar?cites=13628622666683477057&as_sdt=2005&sciodt=1,5&hl=en"}]