[{"num_versions": 4, "url_citation": null, "title": "Collaborative argumentation on the web-a dialogue game approach", "url": "http://ieeexplore.ieee.org/xpls/abs_all.jsp?arnumber=6601893", "url_versions": "http://scholar.google.com/scholar?cluster=12779989744561397507&hl=en&as_sdt=1,5&sciodt=1,5&as_vis=1", "authors": "T Yuan, G Zhong - \u2026", "excerpt": "Abstract-This paper reports our work in developing a suitable application to engage groups of students in a debate with the aim of fostering their debating skills and level of critical awareness, and making them more aware of the substantive issues involved. A new  ...", "url_pdf": null, "num_citations": 1, "cluster_id": "12779989744561397507", "year": "2013", "url_citations": "http://scholar.google.com/scholar?cites=12779989744561397507&as_sdt=2005&sciodt=1,5&hl=en"}, {"num_versions": 0, "url_citation": null, "title": "Analysing online discussions in educational and work based settings", "url": "http://oro.open.ac.uk/42074/", "url_versions": null, "authors": "C Blake, E Scanlon -", "excerpt": "Networked learning is becoming more and more about connectivity of learners or professionals and connectivity to resources available online and sometimes freely. Researchers are making use of these by designing online environments where this notion  ...", "url_pdf": null, "num_citations": 1, "cluster_id": "18398538488568670148", "year": "2014", "url_citations": "http://scholar.google.com/scholar?cites=18398538488568670148&as_sdt=2005&sciodt=1,5&hl=en"}, {"num_versions": 0, "url_citation": null, "title": "Argumentative Learning with Intelligent Agents", "url": "http://vuir.vu.edu.au/25846/", "url_versions": null, "authors": "X Tao -", "excerpt": "Argumentation plays an important role in information sharing, deep learning and knowledge construction. However, because of the high dependency on qualified arguing peers, argumentative learning has only had limited applications in school contexts to date.  ...", "url_pdf": null, "num_citations": 0, "cluster_id": null, "year": "2014", "url_citations": null}, {"num_versions": 2, "url_citation": null, "title": "Analysis and evaluation of collaborative modeling processes", "url": "http://repository.ubn.ru.nl/handle/2066/100594", "url_versions": "http://scholar.google.com/scholar?cluster=3707603528276541705&hl=en&as_sdt=1,5&sciodt=1,5&as_vis=1", "authors": "D Ssebuggwawo -", "excerpt": "Analysis and evaluation of collaborative modeling processes is confronted with many challenges. On the one hand, many systems design and re-engineering projects require collaborative modeling approaches that can enhance their productivity. But, such  ...", "url_pdf": null, "num_citations": 1, "cluster_id": "3707603528276541705", "year": "2012", "url_citations": "http://scholar.google.com/scholar?cites=3707603528276541705&as_sdt=2005&sciodt=1,5&hl=en"}, {"num_versions": 14, "url_citation": null, "title": "Recognizing dialogue content in student collaborative conversation", "url": "http://link.springer.com/chapter/10.1007/978-3-642-13437-1_12", "url_versions": "http://scholar.google.com/scholar?cluster=15450635355996940775&hl=en&as_sdt=1,5&sciodt=1,5&as_vis=1", "authors": "T Dragon, M Floryan, B Woolf, T Murray - Intelligent Tutoring Systems", "excerpt": "Abstract This paper describes efforts to both promote and recognize student dialogue in free-entry text discussion within an inquiry-learning environment. First, we discuss collaborative tools that enable students to work together and how these tools can potentially focus  ...", "url_pdf": null, "num_citations": 20, "cluster_id": "15450635355996940775", "year": "2010", "url_citations": "http://scholar.google.com/scholar?cites=15450635355996940775&as_sdt=2005&sciodt=1,5&hl=en"}, {"num_versions": 4, "url_citation": null, "title": "The impact of integrated coaching and collaboration within an inquiry learning environment", "url": "http://gradworks.umi.com/35/89/3589013.html", "url_versions": "http://scholar.google.com/scholar?cluster=2165493326875484731&hl=en&as_sdt=1,5&sciodt=1,5&as_vis=1", "authors": "T Dragon -", "excerpt": "Abstract: This thesis explores the design and evaluation of a collaborative, inquiry learning Intelligent Tutoring System for ill-defined problem spaces. The common ground in the fields of Artificial Intelligence in Education and Computer-Supported Collaborative Learning is  ...", "url_pdf": null, "num_citations": 3, "cluster_id": "2165493326875484731", "year": "2013", "url_citations": "http://scholar.google.com/scholar?cites=2165493326875484731&as_sdt=2005&sciodt=1,5&hl=en"}, {"num_versions": 0, "url_citation": null, "title": "Argumentation and student-centered learning environments", "url": "http://scholar.google.com/https://books.google.com/books?hl=en&lr=&id=FJOoAgAAQBAJ&oi=fnd&pg=PT133&ots=eJAVEQrv80&sig=-p-0vzJEZ5glEK1VTTRMJVApvcU", "url_versions": null, "authors": "EM Nussbaum - Theoretical Foundations of Student-Centered  \u2026", "excerpt": "The language is meant to serve for communication between a builder A and an assistant B. A is building with buildingstones: there are blocks, pillars, slabs and beams. B has to pass the stones, and to do so in the order in which A needs them. For this purpose they use a  ...", "url_pdf": null, "num_citations": 2, "cluster_id": "12776885197091224826", "year": "2012", "url_citations": "http://scholar.google.com/scholar?cites=12776885197091224826&as_sdt=2005&sciodt=1,5&hl=en"}]