[{"num_versions": 5, "url_citation": null, "title": "Increasing student engagement through curriculum redesign: deconstructing the 'Apprentice'style of delivery", "url": "http://www.tandfonline.com/doi/abs/10.1080/14703297.2013.845535", "url_versions": "http://scholar.google.com/scholar?cluster=10188853112754270988&hl=en&as_sdt=1,5&sciodt=1,5&as_vis=1", "authors": "S Nixon, L Williams - Innovations in Education and Teaching  \u2026", "excerpt": "Curriculum design is crucial to maximising the students learning experience and is often overlooked and underutilised. The way that learning is delivered, supported and assessed can enhance employability attributes as the individual becomes more aware of their skills  ...", "url_pdf": null, "num_citations": 1, "cluster_id": "10188853112754270988", "year": "2014", "url_citations": "http://scholar.google.com/scholar?cites=10188853112754270988&as_sdt=2005&sciodt=1,5&hl=en"}, {"num_versions": 3, "url_citation": null, "title": "\u5927\u5b66\u751f\u7684\u5171\u901a\u80fd\u529b\u53ca\u5176\u53d1\u5c55\u7b56\u7565", "url": "http://www.cqvip.com/qk/97389a/201106/39778933.html", "url_versions": "http://scholar.google.com/scholar?cluster=14536668666684544234&hl=en&as_sdt=1,5&sciodt=1,5&as_vis=1", "authors": "\u53f6\u4fe1\u6cbb - \u5b81\u6ce2\u5927\u5b66\u5b66\u62a5: \u6559\u80b2\u79d1\u5b66\u7248", "excerpt": "\u5171\u901a\u80fd\u529b\u662f\u5927\u5b66\u751f\u6bd5\u4e1a\u540e\u7ee7\u7eed\u5b66\u4e60, \u804c\u4e1a\u6d41\u52a8\u548c\u7ec8\u8eab\u53d1\u5c55\u7684\u57fa\u7840, \u5df2\u7ecf\u53d7\u5230\u4e16\u754c\u5404\u56fd\u7684\u666e\u904d\u91cd\u89c6. \u5171\u901a\u80fd\u529b\u9002\u5408\u5728\u4ee5\u5b66\u751f\u4e3a\u4e2d\u5fc3, \u6ce8\u91cd\u5b66\u4e60\u8fc7\u7a0b, \u771f\u5b9e\u590d\u6742\u7684\u5b66\u4e60\u73af\u5883\u4e2d\u5f97\u5230\u53d1\u5c55. \u6df1\u5c42\u5b66\u4e60, \u9876\u70b9\u8bfe\u7a0b\u548c\u6848\u4f8b\u6559\u5b66\u6cd5\u6240\u5177\u6709\u7684\u7279\u70b9\u548c\u529f\u80fd, \u8868\u660e\u5b83\u4eec\u662f\u652f\u6301\u5171\u901a\u80fd\u529b\u53d1\u5c55\u7684\u5b66\u4e60\u65b9\u5f0f, \u8bfe\u7a0b ...", "url_pdf": null, "num_citations": 1, "cluster_id": "14536668666684544234", "year": "2011", "url_citations": "http://scholar.google.com/scholar?cites=14536668666684544234&as_sdt=2005&sciodt=1,5&hl=en"}, {"num_versions": 4, "url_citation": null, "title": "The Web-Driven Learning Ecosystem: Its Structure and Benefits", "url": "http://www.tandfonline.com/doi/abs/10.2753/MER1052-8008220109", "url_versions": "http://scholar.google.com/scholar?cluster=10059039682541218639&hl=en&as_sdt=1,5&sciodt=1,5&as_vis=1", "authors": "D Raska, D Shaw, EW Keller - Marketing Education Review", "excerpt": "We have devised a Web-based learning ecosystem (LECOS) that aligns marketing curriculum, course design, technology, instructors, students, as well as external stakeholders\u2014a system that integrates traditional teaching methods with technological advancements in  ...", "url_pdf": null, "num_citations": 1, "cluster_id": "10059039682541218639", "year": "2012", "url_citations": "http://scholar.google.com/scholar?cites=10059039682541218639&as_sdt=2005&sciodt=1,5&hl=en"}, {"num_versions": 2, "url_citation": null, "title": "\u5927\u5b66\u751f\u82f1\u8bed\u6df1\u5ea6\u5b66\u4e60\u65b9\u5f0f\u63a2\u6790", "url": "http://www.cqvip.com/qk/80625x/201212/43938562.html", "url_versions": "http://scholar.google.com/scholar?cluster=5415064263231143969&hl=en&as_sdt=1,5&sciodt=1,5&as_vis=1", "authors": "\u90b9\u6653\u71d5 - \u9ed1\u9f99\u6c5f\u9ad8\u6559\u7814\u7a76", "excerpt": "\u63d0\u9ad8\u6559\u5b66\u8d28\u91cf, \u5173\u952e\u5728\u4e8e\u63d0\u9ad8\u5b66\u751f\u7684\u5b66\u4e60\u8d28\u91cf. \u5b66\u4e60\u8d28\u91cf\u7684\u63d0\u9ad8, \u8981\u6309\u7167\u201c\u535a\u5b66\u4e4b, \u5ba1\u95ee\u4e4b, \u614e\u601d\u4e4b, \u660e\u8fa8\u4e4b, \u7b03\u884c\u4e4b\u201d \u7406\u5ff5, \u5e7f\u6cdb\u5730\u5b66\u4e60, \u4f46\u8981\u9632\u6b62\u6d4f\u89c8\u5f0f, \u968f\u610f\u6027, \u8df3\u8dc3\u6027, \u788e\u7247\u5316\u7684\u201c\u6d45\u9605\u8bfb\u201d, \u800c\u8981\u201c\u6df1\u9605\u8bfb\u201d. \u91c7\u53d6\u6279\u5224\u6027\u5b66\u4e60, \u81ea\u4e3b\u5b66\u4e60, \u5408\u4f5c\u5b66\u4e60, \u6df1\u5165\u5730\u94bb\u7814, \u8e0f\u5b9e\u5730\u5b9e\u8df5, \u638c\u63e1\u4e13\u4e1a\u77e5\u8bc6,  ...", "url_pdf": null, "num_citations": 1, "cluster_id": "5415064263231143969", "year": "2013", "url_citations": "http://scholar.google.com/scholar?cites=5415064263231143969&as_sdt=2005&sciodt=1,5&hl=en"}, {"num_versions": 6, "url_citation": null, "title": "\u00abAlacena\u00bb, An Open Learning Design Repository for University Teaching", "url": "http://eprints.rclis.org/handle/10760/17605", "url_versions": "http://scholar.google.com/scholar?cluster=3359222574580202753&hl=en&as_sdt=1,5&sciodt=1,5&as_vis=1", "authors": "C Marcelo-Garc\u00eda, C Yot-Dom\u00ednguez, C Mayor - Revista Comunicar", "excerpt": "Being a teacher means being involved in the design of learning activities. The teaching profession has become a \u00abprofession of knowledge\u00bb, not because knowledge was or is the legitimate component of the profession, but because the teacher is the designer of  ...", "url_pdf": null, "num_citations": 2, "cluster_id": "3359222574580202753", "year": "2011", "url_citations": "http://scholar.google.com/scholar?cites=3359222574580202753&as_sdt=2005&sciodt=1,5&hl=en"}, {"num_versions": 2, "url_citation": null, "title": "The student voice in higher education curriculum design: is there value in listening?", "url": "http://www.tandfonline.com/doi/abs/10.1080/14703297.2014.910128", "url_versions": "http://scholar.google.com/scholar?cluster=8539491973421901307&hl=en&as_sdt=1,5&sciodt=1,5&as_vis=1", "authors": "S Brooman, S Darwent, A Pimor - Innovations in Education and  \u2026", "excerpt": "This article presents a case study illustrating the potential value of enhanced student participation in higher education (HE) curriculum development, in response to an absence of research in this area. Lecturers and students had divergent views of the effectiveness of a  ...", "url_pdf": null, "num_citations": 1, "cluster_id": "8539491973421901307", "year": "2014", "url_citations": "http://scholar.google.com/scholar?cites=8539491973421901307&as_sdt=2005&sciodt=1,5&hl=en"}, {"num_versions": 0, "url_citation": null, "title": "Academic integrity and the transition to higher education: Curriculum design for initiating a scholarly apprenticeship", "url": "http://www.apcei.catl.uwa.edu.au/procs/gaynor.pdf", "url_versions": null, "authors": "FA Gaynor - \u2026  integrity: Culture and values. Proceedings 5th  \u2026", "excerpt": "An understanding of what constitutes academic integrity underpins a successful transition to university. The development of knowledge, skills and approaches informed by this understanding are essential for engaging with the practices of the academic community.  ...", "url_pdf": "http://www.apcei.catl.uwa.edu.au/procs/gaynor.pdf", "num_citations": 3, "cluster_id": "130030999742372190", "year": "2011", "url_citations": "http://scholar.google.com/scholar?cites=130030999742372190&as_sdt=2005&sciodt=1,5&hl=en"}, {"num_versions": 2, "url_citation": null, "title": "Authentic assessment: key to learning", "url": "http://scholar.google.com/https://books.google.com/books?hl=en&lr=&id=AXHMAgAAQBAJ&oi=fnd&pg=PA81&ots=xH9sj6hUCV&sig=0nD8XpWOVTCuIbMvnquF7Se_gOQ", "url_versions": "http://scholar.google.com/scholar?cluster=2938744134024976593&hl=en&as_sdt=1,5&sciodt=1,5&as_vis=1", "authors": "G McCarthy - \u2026 Business School Teaching: Engaging the Millennial \u2026", "excerpt": "One of the distinctive characteristics of the millennial generation is the desire for continuous feedback on their performance (Meister & Willyerd, 2010). As Wilson and Gerber (2008) note, millennial students have grown up with video games from which they constantly  ...", "url_pdf": null, "num_citations": 3, "cluster_id": "2938744134024976593", "year": "2013", "url_citations": "http://scholar.google.com/scholar?cites=2938744134024976593&as_sdt=2005&sciodt=1,5&hl=en"}, {"num_versions": 5, "url_citation": null, "title": "Curriculum change and climate change: Inside outside pressures in higher education", "url": "http://www.tandfonline.com/doi/abs/10.1080/00220272.2012.679011", "url_versions": "http://scholar.google.com/scholar?cluster=16438084962344421067&hl=en&as_sdt=1,5&sciodt=1,5&as_vis=1", "authors": "SJ Fahey - Journal of Curriculum Studies", "excerpt": "In higher education today, institutions are facing a number of challenges\u2014including the challenge to create future-proof graduates. Higher education institutions have a particular mandate to develop future leaders and decision-makers capable of understanding and  ...", "url_pdf": null, "num_citations": 14, "cluster_id": "16438084962344421067", "year": "2012", "url_citations": "http://scholar.google.com/scholar?cites=16438084962344421067&as_sdt=2005&sciodt=1,5&hl=en"}, {"num_versions": 2, "url_citation": null, "title": "Making Classrooms Better: 50 Practical Applications of Mind, Brain, and Education Science", "url": "http://scholar.google.com/https://books.google.com/books?hl=en&lr=&id=7SceAAAAQBAJ&oi=fnd&pg=PR19&ots=sqrCtraII3&sig=R_QYCrob6HpnrOZFGbqdLB9za1E", "url_versions": "http://scholar.google.com/scholar?cluster=2182984665588122837&hl=en&as_sdt=1,5&sciodt=1,5&as_vis=1", "authors": "T Tokuhama-Espinosa -", "excerpt": "A practical, classroom-oriented guide to best-practice teaching. Learning specialist Leslie Hart once wrote that designing educational experiences without knowledge of the brain is like designing a glove without knowledge of the hand. Making Classrooms Better takes  ...", "url_pdf": null, "num_citations": 4, "cluster_id": "2182984665588122837", "year": "2014", "url_citations": "http://scholar.google.com/scholar?cites=2182984665588122837&as_sdt=2005&sciodt=1,5&hl=en"}, {"num_versions": 0, "url_citation": null, "title": "A avalia\u00e7\u00e3o das aprendizagens no ensino superior na perspectiva dos estudantes: um estudo explorat\u00f3rio", "url": "http://repositorium.sdum.uminho.pt/handle/1822/19122", "url_versions": null, "authors": "D Pereira -", "excerpt": "A avalia\u00e7\u00e3o da aprendizagem tem sofrido altera\u00e7\u00f5es ao longo do tempo, n\u00e3o s\u00f3 devido \u00e0 implementa\u00e7\u00e3o do Processo de Bolonha nas universidades Europeias, mas tamb\u00e9m devido ao desenvolvimento de novos m\u00e9todos de avalia\u00e7\u00e3o. A literatura neste dom\u00ednio sugere  ...", "url_pdf": null, "num_citations": 4, "cluster_id": "16314614248170198126", "year": "2011", "url_citations": "http://scholar.google.com/scholar?cites=16314614248170198126&as_sdt=2005&sciodt=1,5&hl=en"}, {"num_versions": 3, "url_citation": null, "title": "\u57fa\u4e8e\u6df1\u5c42\u5b66\u4e60\u7684\u6211\u56fd\u5927\u5b66\u8bfe\u7a0b\u7684\u53cd\u601d\u4e0e\u53d8\u9769", "url": "http://www.cqvip.com/qk/83053x/201102/37101156.html", "url_versions": "http://scholar.google.com/scholar?cluster=1024610936750839079&hl=en&as_sdt=1,5&sciodt=1,5&as_vis=1", "authors": "\u53f6\u4fe1\u6cbb - \u798f\u5efa\u5e08\u8303\u5927\u5b66\u5b66\u62a5: \u54f2\u5b66\u793e\u4f1a\u79d1\u5b66\u7248", "excerpt": "\u6df1\u5c42\u5b66\u4e60\u662f\u4e00\u79cd\u57fa\u4e8e\u7406\u89e3, \u6df1\u5165\u63a2\u7a76, \u5bfb\u6c42\u610f\u4e49, \u5b66\u4ee5\u81f4\u7528\u548c\u6ce8\u91cd\u53cd\u601d\u7684\u9ad8\u7b49\u7ea7\u5b66\u4e60, \u4e0e\u4f9d\u9760\u8bb0\u5fc6\u5e76\u4e14\u4ee5\u8bb0\u5fc6\u4e3a\u6700\u7ec8\u76ee\u7684\u7684\u8868\u5c42\u5b66\u4e60\u76f8\u6bd4, \u5b83\u6709\u52a9\u4e8e\u5b66\u751f\u83b7\u5f97\u66f4\u597d\u7684\u5b66\u4e60\u4e1a\u7ee9. \u652f\u6301\u6df1\u5c42\u5b66\u4e60\u7684\u5927\u5b66\u8bfe\u7a0b\u8981\u6709\u9ad8\u4ef7\u503c, \u6574\u4f53\u6027, \u6311\u6218\u6027, \u9009\u62e9\u6027\u548c\u8d1f\u62c5\u9002\u5ea6\u7b49\u7279\u70b9. \u4ee5\u6b64\u4e3a\u4f9d\u636e ...", "url_pdf": null, "num_citations": 8, "cluster_id": "1024610936750839079", "year": "2011", "url_citations": "http://scholar.google.com/scholar?cites=1024610936750839079&as_sdt=2005&sciodt=1,5&hl=en"}, {"num_versions": 2, "url_citation": null, "title": "The influence of disciplinary assessment patterns on student learning: a comparative study", "url": "http://www.tandfonline.com/doi/abs/10.1080/03075079.2014.943170", "url_versions": "http://scholar.google.com/scholar?cluster=17224393816438385381&hl=en&as_sdt=1,5&sciodt=1,5&as_vis=1", "authors": "T Jessop, B Maleckar - Studies in Higher Education", "excerpt": "This paper explores disciplinary patterns of assessment and feedback, using data from the Transforming the Experience of Students through Assessment project. Its central research question concerns the effect of disciplinary assessment patterns on student learning. Audit  ...", "url_pdf": null, "num_citations": 1, "cluster_id": "17224393816438385381", "year": "2014", "url_citations": "http://scholar.google.com/scholar?cites=17224393816438385381&as_sdt=2005&sciodt=1,5&hl=en"}, {"num_versions": 3, "url_citation": null, "title": "Use of a electronic voting system (EVS) to facilitate teaching and assessment of decision making skills in undergraduate radiography education", "url": "http://scholar.google.com/https://books.google.com/books?hl=en&lr=&id=qGw4tvVrKUEC&oi=fnd&pg=PA351&ots=ra4_H5zMvr&sig=CM7Vohoxoirgwm7GlRbanJySCJk", "url_versions": "http://scholar.google.com/scholar?cluster=11507952123316724419&hl=en&as_sdt=1,5&sciodt=1,5&as_vis=1", "authors": "J Lorimer, A Hilliard - the Proceedings of The 8th European  \u2026", "excerpt": "Abstract: EVS as a teaching tool was introduced into undergraduate education in 2006 as a means of increasing both student engagement and classroom interactivity. The technology was very positively evaluated by the students. 98.5% of students identified the EVS as  ...", "url_pdf": null, "num_citations": 7, "cluster_id": "11507952123316724419", "year": "2009", "url_citations": "http://scholar.google.com/scholar?cites=11507952123316724419&as_sdt=2005&sciodt=1,5&hl=en"}, {"num_versions": 3, "url_citation": null, "title": "Perceptions of effectiveness, fairness and feedback of assessment methods: a study in higher education", "url": "http://www.tandfonline.com/doi/abs/10.1080/03075079.2014.881348", "url_versions": "http://scholar.google.com/scholar?cluster=13029297382617669446&hl=en&as_sdt=1,5&sciodt=1,5&as_vis=1", "authors": "MA Flores, AMV Sim\u00e3o, A Barros\u2026 - Studies in Higher  \u2026", "excerpt": "This paper draws upon a broader piece of research aimed at investigating assessment in higher education. It focuses upon the perceptions of undergraduates about issues of effectiveness, fairness and feedback, particularly in regard to the so-called learner-centred  ...", "url_pdf": null, "num_citations": 5, "cluster_id": "13029297382617669446", "year": "2014", "url_citations": "http://scholar.google.com/scholar?cites=13029297382617669446&as_sdt=2005&sciodt=1,5&hl=en"}, {"num_versions": 7, "url_citation": null, "title": "Embedding communication skills for future financial planners", "url": "http://ro.uow.edu.au/aabfj/vol4/iss4/5/?utm_source=ro.uow.edu.au%2Faabfj%2Fvol4%2Fiss4%2F5&utm_medium=PDF&utm_campaign=PDFCoverPages", "url_versions": "http://scholar.google.com/scholar?cluster=4946261723796290613&hl=en&as_sdt=1,5&sciodt=1,5&as_vis=1", "authors": "LC Rossetto, B Murphy - Australasian Accounting, Business and  \u2026", "excerpt": "Abstract Financial planners need to have solid knowledge of a range of financial concepts and be adept communicators. Australian universities comprehensively ground students in the necessary content knowledge for their future careers, however, scant attention is paid  ...", "url_pdf": null, "num_citations": 4, "cluster_id": "4946261723796290613", "year": "2010", "url_citations": "http://scholar.google.com/scholar?cites=4946261723796290613&as_sdt=2005&sciodt=1,5&hl=en"}, {"num_versions": 7, "url_citation": null, "title": "Increasing learners' satisfaction/intention to adopt more e-learning", "url": "http://www.emeraldinsight.com/doi/pdf/10.1108/00400911311295031", "url_versions": "http://scholar.google.com/scholar?cluster=5713997640157919279&hl=en&as_sdt=1,5&sciodt=1,5&as_vis=1", "authors": "S Sawang, C Newton, K Jamieson - Education+ Training", "excerpt": "Purpose-E-learning is an organizationally risky investment given the cost and poor levels of adoption by users. In order to gain a better understanding of this problem, the aim of this paper is to conduct a study into the use of e-learning in a rail organization. Design/ ...", "url_pdf": null, "num_citations": 10, "cluster_id": "5713997640157919279", "year": "2013", "url_citations": "http://scholar.google.com/scholar?cites=5713997640157919279&as_sdt=2005&sciodt=1,5&hl=en"}, {"num_versions": 10, "url_citation": null, "title": "Student engagement in pharmacology courses using online learning tools", "url": "http://www.ncbi.nlm.nih.gov/pmc/articles/PMC3748306/", "url_versions": "http://scholar.google.com/scholar?cluster=5849617518515397792&hl=en&as_sdt=1,5&sciodt=1,5&as_vis=1", "authors": "A Karaksha, G Grant, S Anoopkumar-Dukie\u2026 - American journal of  \u2026", "excerpt": "Objective. To assess factors influencing student engagement with e-tools used as a learning supplement to the standard curriculum in pharmacology courses. Design. A suite of 148 e-tools (interactive online teaching materials encompassing the basic mechanisms of action  ...", "url_pdf": null, "num_citations": 4, "cluster_id": "5849617518515397792", "year": "2013", "url_citations": "http://scholar.google.com/scholar?cites=5849617518515397792&as_sdt=2005&sciodt=1,5&hl=en"}, {"num_versions": 2, "url_citation": null, "title": "The patchwork text assessment\u2013an integral component of constructive alignment curriculum methodology to support healthcare leadership development", "url": "http://redfame.com/journal/index.php/jets/article/view/83", "url_versions": "http://scholar.google.com/scholar?cluster=7226475068883794531&hl=en&as_sdt=1,5&sciodt=1,5&as_vis=1", "authors": "JA Leigh, J Rutherford, J Wild, J Cappleman\u2026 - Journal of Education  \u2026", "excerpt": "Background: A responsive and innovative postgraduate programme curriculum that produces an effective and competent multi professional healthcare leader whom can lead within the United Kingdom (UK) and international healthcare context offers a promising  ...", "url_pdf": null, "num_citations": 4, "cluster_id": "7226475068883794531", "year": "2013", "url_citations": "http://scholar.google.com/scholar?cites=7226475068883794531&as_sdt=2005&sciodt=1,5&hl=en"}, {"num_versions": 3, "url_citation": null, "title": "Authentic assessment for student learning: an ontological conceptualisation", "url": "http://www.tandfonline.com/doi/abs/10.1080/00131857.2013.795110", "url_versions": "http://scholar.google.com/scholar?cluster=6422980183893444656&hl=en&as_sdt=1,5&sciodt=1,5&as_vis=1", "authors": "TT Vu, G Dall'Alba - Educational Philosophy and Theory", "excerpt": "Abstract Authentic assessment has been proposed as having potential to enhance student learning for a changing world. Conventionally, assessment is seen to be authentic when the tasks are real-to-life or have real-life value. Drawing on Martin Heidegger's work, we  ...", "url_pdf": null, "num_citations": 3, "cluster_id": "6422980183893444656", "year": "2014", "url_citations": "http://scholar.google.com/scholar?cites=6422980183893444656&as_sdt=2005&sciodt=1,5&hl=en"}, {"num_versions": 4, "url_citation": null, "title": "The implementation of authentic activities for learning: A case study in finance education", "url": "http://www.ejbest.org/upload/eJBEST_Hui_Koplin_2011_1.pdf", "url_versions": "http://scholar.google.com/scholar?cluster=2110063538060930184&hl=en&as_sdt=1,5&sciodt=1,5&as_vis=1", "authors": "F Hui, M Koplin - E-journal of Business Education & Scholarship of  \u2026", "excerpt": "ABSTRACT This paper seeks to demonstrate how assessment tasks set in a finance subject contribute to an authentic learning experience. Authentic learning has been shown to help connect students' classroom learning to the outside world. Linking what students are  ...", "url_pdf": "http://www.ejbest.org/upload/eJBEST_Hui_Koplin_2011_1.pdf", "num_citations": 2, "cluster_id": "2110063538060930184", "year": "2011", "url_citations": "http://scholar.google.com/scholar?cites=2110063538060930184&as_sdt=2005&sciodt=1,5&hl=en"}, {"num_versions": 0, "url_citation": null, "title": "Building a puzzle of Higher Education Institutions (HEI) in South Africa: competencies, graduateness and employability", "url": "http://www.repository.up.ac.za/handle/2263/31723", "url_versions": null, "authors": "N Holtzhausen -", "excerpt": "A picture paints a thousand words. Higher Education Institutions (HEI) are under constant pressure to prepare students for the world of work. Competencies that make students more employable are needed, but in a changing world more and more are expected from those  ...", "url_pdf": null, "num_citations": 0, "cluster_id": null, "year": "2012", "url_citations": null}, {"num_versions": 5, "url_citation": null, "title": "Going mobile: Perspectives on aligning learning and teaching in geography", "url": "http://www.tandfonline.com/doi/abs/10.1080/03098265.2012.694069", "url_versions": "http://scholar.google.com/scholar?cluster=3991148475479226324&hl=en&as_sdt=1,5&sciodt=1,5&as_vis=1", "authors": "CH Jarvis, J Dickie, G Brown - Journal of Geography in Higher  \u2026", "excerpt": "There has been little consideration to date regarding how we might best adjust our assessment protocols so that the overall learning experience remains appropriately aligned to both content and teaching approach when adopting location-specific mobile learning.  ...", "url_pdf": null, "num_citations": 6, "cluster_id": "3991148475479226324", "year": "2013", "url_citations": "http://scholar.google.com/scholar?cites=3991148475479226324&as_sdt=2005&sciodt=1,5&hl=en"}, {"num_versions": 5, "url_citation": null, "title": "Delivering work-ready business graduates-keeping our promises and evaluating our performance", "url": "http://jtlge.curtin.edu.au/index.php/jtlge/article/view/110", "url_versions": "http://scholar.google.com/scholar?cluster=6609843320351502254&hl=en&as_sdt=1,5&sciodt=1,5&as_vis=1", "authors": "D Jackson, R Sibson, L Riebe - Journal of Teaching and  \u2026", "excerpt": "Abstract Business schools globally are responding to calls for graduate work-readiness primarily through the development of employability skills, encompassing career management skills, and work integrated-learning (WIL). There has been considerable  ...", "url_pdf": null, "num_citations": 5, "cluster_id": "6609843320351502254", "year": "2013", "url_citations": "http://scholar.google.com/scholar?cites=6609843320351502254&as_sdt=2005&sciodt=1,5&hl=en"}, {"num_versions": 2, "url_citation": null, "title": "Modelling graduate skill transfer from university to the workplace", "url": "http://www.tandfonline.com/doi/abs/10.1080/13639080.2014.907486", "url_versions": "http://scholar.google.com/scholar?cluster=9810900047314556148&hl=en&as_sdt=1,5&sciodt=1,5&as_vis=1", "authors": "D Jackson - Journal of Education and Work", "excerpt": "This study explores skill transfer in graduates as they transition from university to the workplace. Graduate employability continues to dominate higher education agendas yet the transfer of acquired skills is often assumed. The study is prompted by documented  ...", "url_pdf": null, "num_citations": 2, "cluster_id": "9810900047314556148", "year": "2014", "url_citations": "http://scholar.google.com/scholar?cites=9810900047314556148&as_sdt=2005&sciodt=1,5&hl=en"}, {"num_versions": 9, "url_citation": null, "title": "Using real-worldness and cultural difference to enhance student learning in a Foundation Phase Life Skills module", "url": "http://www.scielo.org.za/scielo.php?pid=S0256-01002013000300009&script=sci_arttext&tlng=pt", "url_versions": "http://scholar.google.com/scholar?cluster=17072704667459260134&hl=en&as_sdt=1,5&sciodt=1,5&as_vis=1", "authors": "M Koen, HB Ebrahim - South African Journal of Education", "excerpt": "ABSTRACT Our aim was to explore how real-world experience, inclusive of engagement with cultural differences, influences the quality of students' learning in a Life Skills module in pre-service Foundation Phase teacher education. The study was conducted with 147  ...", "url_pdf": null, "num_citations": 2, "cluster_id": "17072704667459260134", "year": "2013", "url_citations": "http://scholar.google.com/scholar?cites=17072704667459260134&as_sdt=2005&sciodt=1,5&hl=en"}, {"num_versions": 5, "url_citation": null, "title": "Expanding assessment methods and moments in history", "url": "http://www.tandfonline.com/doi/abs/10.1080/02602938.2010.531247", "url_versions": "http://scholar.google.com/scholar?cluster=575539902414286087&hl=en&as_sdt=1,5&sciodt=1,5&as_vis=1", "authors": "J Frost, G de Pont, I Brailsford - Assessment & Evaluation in Higher  \u2026", "excerpt": "History courses at The University of Auckland are typically assessed at two or three moments during a semester. The methods used normally employ two essays and a written examination answering questions set by the lecturer. This study describes an assessment  ...", "url_pdf": null, "num_citations": 7, "cluster_id": "575539902414286087", "year": "2012", "url_citations": "http://scholar.google.com/scholar?cites=575539902414286087&as_sdt=2005&sciodt=1,5&hl=en"}, {"num_versions": 8, "url_citation": null, "title": "Use of instructional design theory and an individualized hybrid strategy for assessment in library-based instruction", "url": "http://www.ncbi.nlm.nih.gov/pmc/articles/PMC3484947/", "url_versions": "http://scholar.google.com/scholar?cluster=4122740988692137440&hl=en&as_sdt=1,5&sciodt=1,5&as_vis=1", "authors": "MR Tennant, M Edwards\u2026 - Journal of the Medical  \u2026", "excerpt": "BACKGROUND Since 1996, a librarian at the University of Florida, Gainesville, has partnered with a professor to develop and implement a term project in PCB3063, an undergraduate genetics course with first-day enrollment of approximately 120 students.  ...", "url_pdf": null, "num_citations": 2, "cluster_id": "4122740988692137440", "year": "2012", "url_citations": "http://scholar.google.com/scholar?cites=4122740988692137440&as_sdt=2005&sciodt=1,5&hl=en"}, {"num_versions": 5, "url_citation": null, "title": "Facilitating deep learning in an information systems course through application of curriculum design principles", "url": "http://www.tandfonline.com/doi/abs/10.1080/15313220903116956", "url_versions": "http://scholar.google.com/scholar?cluster=8647917651044689711&hl=en&as_sdt=1,5&sciodt=1,5&as_vis=1", "authors": "G Hornby, G Jennings, D Nulty - Journal of Teaching in Travel &  \u2026", "excerpt": "This article reports on the incremental improvement of assessment, learning, and teaching activities in a large first-year undergraduate course. The changes, made over 3 years, resulted in the implementation of a student-centered (though individual) assessment  ...", "url_pdf": null, "num_citations": 5, "cluster_id": "8647917651044689711", "year": "2009", "url_citations": "http://scholar.google.com/scholar?cites=8647917651044689711&as_sdt=2005&sciodt=1,5&hl=en"}, {"num_versions": 4, "url_citation": null, "title": "Conditions affecting the usefulness of pre-and post-tests for assessment purposes", "url": "http://www.tandfonline.com/doi/abs/10.1080/02602938.2010.538665", "url_versions": "http://scholar.google.com/scholar?cluster=10892004897449675644&hl=en&as_sdt=1,5&sciodt=1,5&as_vis=1", "authors": "E Boyas, LD Bryan, T Lee - Assessment & Evaluation in Higher  \u2026", "excerpt": "Interest in measuring and evaluating student learning in higher education is growing. There are many tools available to assess student learning. However, the use of such tools may be more or less appropriate under various conditions. This study provides some evidence  ...", "url_pdf": null, "num_citations": 3, "cluster_id": "10892004897449675644", "year": "2012", "url_citations": "http://scholar.google.com/scholar?cites=10892004897449675644&as_sdt=2005&sciodt=1,5&hl=en"}, {"num_versions": 0, "url_citation": null, "title": "Collaboration in Bologna Process: The Experience of Department of Interior Architecture in \u00c7ankaya University", "url": "http://www.sciencedirect.com/science/article/pii/S1877042811020805", "url_versions": null, "authors": "AO Sakarya, ZEH Kahraman - Procedia-Social and Behavioral Sciences", "excerpt": "Bologna Process study analyzes the curriculum development efforts in a participatory point of view and the findings of the first stage by providing insights for the next step of the process. As a result of the consensus among professors and questionnaire, program  ...", "url_pdf": null, "num_citations": 1, "cluster_id": "1815773179701656502", "year": "2011", "url_citations": "http://scholar.google.com/scholar?cites=1815773179701656502&as_sdt=2005&sciodt=1,5&hl=en"}, {"num_versions": 0, "url_citation": null, "title": "Effect of Active Learning on Students' Academic Success in the Medical Classroom", "url": "http://gradworks.umi.com/36/13/3613711.html", "url_versions": null, "authors": "S Hightower -", "excerpt": "Abstract: Doctors in a Northern California community reported that medical assisting students did not use medical terminology in context, could not think critically, and faltered in decision making and problem solving during their internships in medical offices. The intent  ...", "url_pdf": null, "num_citations": 1, "cluster_id": "4165389621341504817", "year": "2014", "url_citations": "http://scholar.google.com/scholar?cites=4165389621341504817&as_sdt=2005&sciodt=1,5&hl=en"}, {"num_versions": 3, "url_citation": null, "title": "Unpacking the Information, Media, and Technology Skills Domain of the New Learning Paradigm", "url": "http://www.sciedupress.com/journal/index.php/ijhe/article/view/6342", "url_versions": "http://scholar.google.com/scholar?cluster=5612642111740739088&hl=en&as_sdt=1,5&sciodt=1,5&as_vis=1", "authors": "C Kivunja - International Journal of Higher Education", "excerpt": "Abstract Put simply,\u201cTeaching our students so that they become well-equipped with the 21st century skills is the new learning paradigm\u201d(Kivunja, 2014b, p. 85). These skills fall into four domains which the Partnership for 21st Century Skills (P21) identify as the Traditional  ...", "url_pdf": null, "num_citations": 2, "cluster_id": "5612642111740739088", "year": "2015", "url_citations": "http://scholar.google.com/scholar?cites=5612642111740739088&as_sdt=2005&sciodt=1,5&hl=en"}, {"num_versions": 3, "url_citation": null, "title": "Teaching Critical Reflection to Graduate Students", "url": "http://windsor.scholarsportal.info/ojs/leddy/index.php/CELT/article/view/3966", "url_versions": "http://scholar.google.com/scholar?cluster=5269172152330319305&hl=en&as_sdt=1,5&sciodt=1,5&as_vis=1", "authors": "GPL Watson, N Kenny - Collected Essays on Learning  \u2026", "excerpt": "Abstract Critical reflection is a highly valued and widely applied learning approach in higher education. There are many benefits associated with engaging in critical reflection, and it is often integrated into the design of graduate-level courses on university teaching, as a life- ...", "url_pdf": null, "num_citations": 1, "cluster_id": "5269172152330319305", "year": "2014", "url_citations": "http://scholar.google.com/scholar?cites=5269172152330319305&as_sdt=2005&sciodt=1,5&hl=en"}, {"num_versions": 5, "url_citation": null, "title": "An evaluation of problem-based assessment in teaching operations management", "url": "http://www.emeraldinsight.com/doi/abs/10.1108/01443571211284214", "url_versions": "http://scholar.google.com/scholar?cluster=10822982055915104533&hl=en&as_sdt=1,5&sciodt=1,5&as_vis=1", "authors": "A Brandon-Jones, N Piercy, N Slack\u2026 - \u2026  of Operations &  \u2026", "excerpt": "Purpose-The aim of this paper is to respond to calls for in-depth studies of production and operations management (OM) teaching by providing an analysis of the relative effectiveness of a continuous problem-based assessment and a traditional final exam assessment in  ...", "url_pdf": null, "num_citations": 5, "cluster_id": "10822982055915104533", "year": "2012", "url_citations": "http://scholar.google.com/scholar?cites=10822982055915104533&as_sdt=2005&sciodt=1,5&hl=en"}, {"num_versions": 4, "url_citation": null, "title": "\u8bfe\u7a0b\u6539\u9769\u4e0e\u7814\u7a76\u7684\u65b0\u52a8\u5411\\ \u5f70\u663e\u5b66\u4e60\u4e3a\u672c [J]", "url": "http://58.135.194.5/uploads/20131210/20131210104872467246.pdf", "url_versions": "http://scholar.google.com/scholar?cluster=3815194397419195611&hl=en&as_sdt=1,5&sciodt=1,5&as_vis=1", "authors": "\u66fe\u6587\u5a55\uff0c \u9ec4\u752b\u5168 - \u8bfe\u7a0b\u00b7 \u6559\u6750\u00b7 \u6559\u6cd5", "excerpt": "\u6458\u8981: \u89c2\u7167\u5f53\u4e0b\u8bfe\u7a0b\u6539\u9769\u4e0e\u7814\u7a76\u7684\u6700\u65b0\u8fdb\u5c55, \u8d70\u5411\u201c\u5b66\u4e60\u4e3a\u672c\u201d \u7684\u8d8b\u52bf\u8d8a\u6765\u8d8a\u51f8\u663e. \u7126\u70b9\u4e3a\u5b66\u4e60\u6982\u5ff5\u7684\u91cd\u6784, \u5b66\u4e60\u5185\u5bb9\u7684\u5f00\u53d1, \u5b66\u4e60\u65b9\u6cd5\u7684\u521b\u65b0\u4e0e\u4e13\u4e1a\u6210\u957f\u7684\u8fdb\u6b65, \u4e3b\u9898\u6709\u56de\u5f52\u5b66\u4e60\u7684\u6559\u80b2\u518d\u6982\u5ff5\u5316, \u5efa\u6784\u5b66\u4e60\u4e3a\u672c\u7684\u8bfe\u7a0b\u54f2\u5b66, \u4f18\u5316\u7f51\u7edc\u5316\u5b66\u4e60\u73af\u5883, \u7814\u5236\u8bfb\u8005\u4e3a ...", "url_pdf": "http://58.135.194.5/uploads/20131210/20131210104872467246.pdf", "num_citations": 7, "cluster_id": "3815194397419195611", "year": "2013", "url_citations": "http://scholar.google.com/scholar?cites=3815194397419195611&as_sdt=2005&sciodt=1,5&hl=en"}, {"num_versions": 9, "url_citation": null, "title": "Business undergraduates' perceptions of their capabilities in employability skills Implications for industry and higher education", "url": "http://www.ingentaconnect.com/content/ip/ihe/2012/00000026/00000005/art00002", "url_versions": "http://scholar.google.com/scholar?cluster=11984579151263613872&hl=en&as_sdt=1,5&sciodt=1,5&as_vis=1", "authors": "D Jackson - Industry and higher education", "excerpt": "In response to the continuing disparity between industry expectations and higher education provision, this study examines the self-assessed capabilities of 1,024 business undergraduates in employability skills typically considered important by industry in  ...", "url_pdf": null, "num_citations": 10, "cluster_id": "11984579151263613872", "year": "2012", "url_citations": "http://scholar.google.com/scholar?cites=11984579151263613872&as_sdt=2005&sciodt=1,5&hl=en"}]