[{"num_versions": 0, "url_citation": null, "title": "The opinions of education faculty students on learning processes involving e-portfolios", "url": "http://www.sciencedirect.com/science/article/pii/S1877042809000731", "url_versions": null, "authors": "U Ak\u00e7\u0131l, \u0130 Arap - Procedia-Social and Behavioral Sciences", "excerpt": "The electronic portfolio method is one of the newest educational and assessment methods in North Cyprus. This research study investigates the opinions of using electronic portfolios in students for learning purposses. This study was applied to education faculty students  ...", "url_pdf": null, "num_citations": 20, "cluster_id": "13436339511004554585", "year": "2009", "url_citations": "http://scholar.google.com/scholar?cites=13436339511004554585&as_sdt=2005&sciodt=1,5&hl=en"}, {"num_versions": 7, "url_citation": null, "title": "Effects of Reflection Category and Reflection Quality on Learning Outcomes during Web-Based Portfolio Assessment Process: A Case Study of High School Students  \u2026", "url": "http://eric.ed.gov/?id=EJ944945", "url_versions": "http://scholar.google.com/scholar?cluster=3713008800282865354&hl=en&as_sdt=1,5&sciodt=1,5&as_vis=1", "authors": "PN Chou, CC Chang - Turkish Online Journal of Educational Technology- \u2026", "excerpt": "ABSTRACT This study examines the effects of reflection category and reflection quality on learning outcomes during Web-based portfolio assessment process. Experimental subjects consist of forty-five eight-grade students in a \u201cComputer Application\u201d course. Through the  ...", "url_pdf": null, "num_citations": 6, "cluster_id": "3713008800282865354", "year": "2011", "url_citations": "http://scholar.google.com/scholar?cites=3713008800282865354&as_sdt=2005&sciodt=1,5&hl=en"}, {"num_versions": 3, "url_citation": null, "title": "E-portfolios and digital identity: some issues for discussion", "url": "http://ldm.sagepub.com/content/2/4/378.short", "url_versions": "http://scholar.google.com/scholar?cluster=16341836473568488901&hl=en&as_sdt=1,5&sciodt=1,5&as_vis=1", "authors": "M McAlpine - E-Learning and Digital Media", "excerpt": "Abstract As awarding bodies modernise their procedures and incorporate elements of e-assessment into their qualifications, e-portfolios are emerging as a popular method of allowing candidates to display their abilities. All major United Kingdom awarding bodies  ...", "url_pdf": null, "num_citations": 27, "cluster_id": "16341836473568488901", "year": "2005", "url_citations": "http://scholar.google.com/scholar?cites=16341836473568488901&as_sdt=2005&sciodt=1,5&hl=en"}, {"num_versions": 3, "url_citation": null, "title": "Assessing Electronic Portfolios--Now that we have them, what can we do with them?", "url": "http://www.editlib.org/p/26897/", "url_versions": "http://scholar.google.com/scholar?cluster=11083976230021976831&hl=en&as_sdt=1,5&sciodt=1,5&as_vis=1", "authors": "E Bures, P Abrami, C Bentley - World Conference on E-Learning in  \u2026", "excerpt": "Abstract An approach to assessing electronic portfolios is developed working with two teachers and other experts, and the inter-rater reliability is explored. The assessment has two parts. First the teacher assigns holistic marks and comments to up to six categories:  ...", "url_pdf": null, "num_citations": 7, "cluster_id": "11083976230021976831", "year": "2007", "url_citations": "http://scholar.google.com/scholar?cites=11083976230021976831&as_sdt=2005&sciodt=1,5&hl=en"}, {"num_versions": 7, "url_citation": null, "title": "The effect of electronic portfolios on promoting Egyptian EFL college students' writing competence and autonomy", "url": "http://www.asian-efl-journal.com/PDF/June_2011.pdf#page=90", "url_versions": "http://scholar.google.com/scholar?cluster=905880080404549460&hl=en&as_sdt=1,5&sciodt=1,5&as_vis=1", "authors": "AM Aliweh - Asian EFL Journal", "excerpt": "Abstract As a response to the ongoing developments in Egyptian Higher Education which call for the implementation of more innovative technology-assisted methods of teaching, and out of the universal paradigm shift that emphasises learner autonomy and perceives  ...", "url_pdf": null, "num_citations": 7, "cluster_id": "905880080404549460", "year": "2011", "url_citations": "http://scholar.google.com/scholar?cites=905880080404549460&as_sdt=2005&sciodt=1,5&hl=en"}, {"num_versions": 12, "url_citation": null, "title": "Story circle", "url": "http://onlinelibrary.wiley.com/doi/10.1002/9781444310580.fmatter/summary", "url_versions": "http://scholar.google.com/scholar?cluster=17678112198813167374&hl=en&as_sdt=1,5&sciodt=1,5&as_vis=1", "authors": "J Hartley, K McWilliam -", "excerpt": "All rights reserved. No part of this publication may be reproduced, stored in a retrieval system, or transmitted, in any form or by any means, electronic, mechanical, photocopying, recording or otherwise, except as permitted by the UK Copyright, Designs and Patents Act  ...", "url_pdf": null, "num_citations": 124, "cluster_id": "17678112198813167374", "year": "2009", "url_citations": "http://scholar.google.com/scholar?cites=17678112198813167374&as_sdt=2005&sciodt=1,5&hl=en"}, {"num_versions": 5, "url_citation": null, "title": "A web-based learning portfolio framework built on blog services", "url": "http://www.docsdrive.com/pdfs/ansinet/itj/2007/858-864.pdf", "url_versions": "http://scholar.google.com/scholar?cluster=2668622904986940143&hl=en&as_sdt=1,5&sciodt=1,5&as_vis=1", "authors": "HT Lin, TH Kuo, SM Yuan - Information Technology Journal", "excerpt": "Abstract: The purpose of this research is to propose a learning portfolio framework called blogfolio on the basis of blog. A portfolio has been used as an approach to record student learning progress and assess student learning performance in the education system for a  ...", "url_pdf": "http://www.docsdrive.com/pdfs/ansinet/itj/2007/858-864.pdf", "num_citations": 8, "cluster_id": "2668622904986940143", "year": "2007", "url_citations": "http://scholar.google.com/scholar?cites=2668622904986940143&as_sdt=2005&sciodt=1,5&hl=en"}, {"num_versions": 2, "url_citation": null, "title": "Le portfolio en \u00e9ducation: concept et usages", "url": "http://isdm.univ-tln.fr/PDF/isdm18/27-eyssautier.pdf", "url_versions": "http://scholar.google.com/scholar?cluster=8154636695297039672&hl=en&as_sdt=1,5&sciodt=1,5&as_vis=1", "authors": "C Eyssautier-Bavay - Colloque Tice M \u00e9diterrann\u00e9e, Nice, France", "excerpt": "R\u00e9sum\u00e9: Le portfolio de l'apprenant est d\u00e9fini comme \u00e9tant une collection de travaux d'un \u00e9l\u00e8ve rendant compte de ses comp\u00e9tences et gardant la trace de ses r\u00e9alisations. Son utilisation, largement r\u00e9pandue en Am\u00e9rique du Nord de la maternelle jusqu'\u00e0 l'Universit\u00e9,  ...", "url_pdf": "http://isdm.univ-tln.fr/PDF/isdm18/27-eyssautier.pdf", "num_citations": 18, "cluster_id": "8154636695297039672", "year": "2004", "url_citations": "http://scholar.google.com/scholar?cites=8154636695297039672&as_sdt=2005&sciodt=1,5&hl=en"}, {"num_versions": 2, "url_citation": null, "title": "Portfolio assessments", "url": "http://www.llas.ac.uk/resources/gpg/1441", "url_versions": "http://scholar.google.com/scholar?cluster=4448638813716029142&hl=en&as_sdt=1,5&sciodt=1,5&as_vis=1", "authors": "N Guard, U Richter, S Waller - Learning from Languages. Preston:  \u2026", "excerpt": "Abstract Portfolios have been around for a long time, either as collections of artefacts in an artist's portfolio or as documentation of teaching practice and staff development in a teaching or professional portfolio. However portfolios are finding a wider application as a form of  ...", "url_pdf": null, "num_citations": 8, "cluster_id": "4448638813716029142", "year": "2002", "url_citations": "http://scholar.google.com/scholar?cites=4448638813716029142&as_sdt=2005&sciodt=1,5&hl=en"}, {"num_versions": 4, "url_citation": null, "title": "The application of learning portfolio assessment for students in the technological and vocational education system", "url": "http://70.40.196.162/June_2008_EBook_editions.pdf#page=132", "url_versions": "http://scholar.google.com/scholar?cluster=14567269897862599297&hl=en&as_sdt=1,5&sciodt=1,5&as_vis=1", "authors": "YH Wang, HC Liao - Asian EFL Journal", "excerpt": "Abstract The study intends to offer an alternative assessment method\u2014learning portfolio assessment\u2014for writing classes to enable students in the technological and vocational education system to complete English writing courses with comfort, ease, and confidence.  ...", "url_pdf": null, "num_citations": 18, "cluster_id": "14567269897862599297", "year": "2008", "url_citations": "http://scholar.google.com/scholar?cites=14567269897862599297&as_sdt=2005&sciodt=1,5&hl=en"}, {"num_versions": 3, "url_citation": null, "title": "Investigating digital storytelling and portfolios in teacher education", "url": "http://www.editlib.org/p/31749/", "url_versions": "http://scholar.google.com/scholar?cluster=5154151489429089456&hl=en&as_sdt=1,5&sciodt=1,5&as_vis=1", "authors": "M Kearney - World Conference on Educational Multimedia,  \u2026", "excerpt": "Abstract This paper explores connections between digital storytelling and learning portfolios in the context of pre-service teacher education. It examines the potential role of digital stories in supporting the presentational functions and reflective processes inherent in portfolio  ...", "url_pdf": null, "num_citations": 22, "cluster_id": "5154151489429089456", "year": "2009", "url_citations": "http://scholar.google.com/scholar?cites=5154151489429089456&as_sdt=2005&sciodt=1,5&hl=en"}, {"num_versions": 12, "url_citation": null, "title": "A model of learners profiles management process.", "url": "http://scholar.google.com/https://books.google.com/books?hl=en&lr=&id=LRfvAgAAQBAJ&oi=fnd&pg=PA265&ots=EsZEbUqpee&sig=CKi-22e618A3uwX3iQJoyIgmcP0", "url_versions": "http://scholar.google.com/scholar?cluster=6426612276655691607&hl=en&as_sdt=1,5&sciodt=1,5&as_vis=1", "authors": "C Eyssautier-Bavay, S Jean-Daubias, JP Pernin - AIED", "excerpt": "Abstract. Our research concerns teaching assistant systems. It deals with the question of reuse and exploitation of learners profiles by the different actors of the learning situation; teacher, learner, families, institution or scientist. This paper first describes the difficulties  ...", "url_pdf": null, "num_citations": 11, "cluster_id": "6426612276655691607", "year": "2009", "url_citations": "http://scholar.google.com/scholar?cites=6426612276655691607&as_sdt=2005&sciodt=1,5&hl=en"}, {"num_versions": 11, "url_citation": null, "title": "The quality of procedures to assess and credit prior learning: Implications for design", "url": "http://www.sciencedirect.com/science/article/pii/S1747938X07000218", "url_versions": "http://scholar.google.com/scholar?cluster=5919968748717032785&hl=en&as_sdt=1,5&sciodt=1,5&as_vis=1", "authors": "D Joosten-ten Brinke, DMA Sluijsmans\u2026 - Educational Research  \u2026", "excerpt": "The ever-changing requirements of working life require individuals to develop their competencies throughout their life cycle. This lifelong learning paradigm requires a renewed vision concerning assessment in which, besides formal learning, informal and non-formal  ...", "url_pdf": null, "num_citations": 36, "cluster_id": "5919968748717032785", "year": "2008", "url_citations": "http://scholar.google.com/scholar?cites=5919968748717032785&as_sdt=2005&sciodt=1,5&hl=en"}, {"num_versions": 10, "url_citation": null, "title": "Assessors' approaches to portfolio assessment in Assessment of Prior Learning procedures", "url": "http://www.tandfonline.com/doi/abs/10.1080/02602930802563086", "url_versions": "http://scholar.google.com/scholar?cluster=15017164425595510058&hl=en&as_sdt=1,5&sciodt=1,5&as_vis=1", "authors": "D Joosten\u2010ten Brinke, DMA Sluijsmans\u2026 - \u2026  & Evaluation in  \u2026", "excerpt": "In an effort to gain better understanding of the assessment of prior informal and non\u2010formal learning, this article explores assessors' approaches to portfolio assessment. Through this portfolio assessment, candidates had requested exemptions from specific courses within  ...", "url_pdf": null, "num_citations": 10, "cluster_id": "15017164425595510058", "year": "2010", "url_citations": "http://scholar.google.com/scholar?cites=15017164425595510058&as_sdt=2005&sciodt=1,5&hl=en"}, {"num_versions": 10, "url_citation": null, "title": "E\u2010portfolios: an assessment tool for online courses", "url": "http://onlinelibrary.wiley.com/doi/10.1111/j.1467-8535.2004.00429.x/pdf", "url_versions": "http://scholar.google.com/scholar?cluster=15522890895346389020&hl=en&as_sdt=1,5&sciodt=1,5&as_vis=1", "authors": "R Mason, C Pegler, M Weller - British Journal of Educational  \u2026", "excerpt": "Abstract This article considers the various uses of e-portfolios in an educational context and looks at the particular characteristics of the electronic version of portfolios. It then focuses on the application of the e-portfolio as an assessment method. A case is made for the use of  ...", "url_pdf": null, "num_citations": 140, "cluster_id": "15522890895346389020", "year": "2004", "url_citations": "http://scholar.google.com/scholar?cites=15522890895346389020&as_sdt=2005&sciodt=1,5&hl=en"}, {"num_versions": 3, "url_citation": null, "title": "The development of an electronic educational portfolio: An outline for medical education professionals", "url": "http://www.tandfonline.com/doi/abs/10.1080/10401330701332219", "url_versions": "http://scholar.google.com/scholar?cluster=7656873915616328273&hl=en&as_sdt=1,5&sciodt=1,5&as_vis=1", "authors": "KO Lewis, RC Baker - Teaching and learning in medicine", "excerpt": "Background: A growing body of literature shows that many universities and colleges are making educational portfolios part of their faculty assessment and student's learning plan for both undergraduate and graduate programs. We provide an outline for the development of  ...", "url_pdf": null, "num_citations": 26, "cluster_id": "7656873915616328273", "year": "2007", "url_citations": "http://scholar.google.com/scholar?cites=7656873915616328273&as_sdt=2005&sciodt=1,5&hl=en"}, {"num_versions": 4, "url_citation": null, "title": "The evolution, principles and practices of distance education", "url": "http://www.uni-oldenburg.de/fileadmin/user_upload/c3l/master/mde/download/asfvolume11_eBook.pdf", "url_versions": "http://scholar.google.com/scholar?cluster=17524629793562026422&hl=en&as_sdt=1,5&sciodt=1,5&as_vis=1", "authors": "B Holmberg, Hrsg. Bernath, FW Busch -", "excerpt": "This book is a fairly comprehensive presentation of distance education, how it has developed and what it is like in the first decade of the twenty-first century. It illuminates its practice and the thinking and theoretical approaches on which it is based and does so  ...", "url_pdf": "http://www.uni-oldenburg.de/fileadmin/user_upload/c3l/master/mde/download/asfvolume11_eBook.pdf", "num_citations": 133, "cluster_id": "17524629793562026422", "year": "2005", "url_citations": "http://scholar.google.com/scholar?cites=17524629793562026422&as_sdt=2005&sciodt=1,5&hl=en"}, {"num_versions": 5, "url_citation": null, "title": "Les technologies de l'information et de la communication en \u00e9ducation aux USA: \u00e9l\u00e9ments d'analyse sur la diffusion d'innovations technologiques", "url": "http://www.jstor.org/stable/41201935", "url_versions": "http://scholar.google.com/scholar?cluster=1215579302153291915&hl=en&as_sdt=1,5&sciodt=1,5&as_vis=1", "authors": "GL Baron, E Bruillard - Revue fran\u00e7aise de p\u00e9dagogie", "excerpt": "Cet article a pour but de pr\u00e9senter une br\u00e8ve analyse de la prise en compte des technologies de l'information et de la communication pour l'\u00e9ducation (TICE) aux USA. Il s' appuie en particulier sur des donn\u00e9es recueillies lors du colloque 2003 de la Society for  ...", "url_pdf": null, "num_citations": 18, "cluster_id": "1215579302153291915", "year": "2003", "url_citations": "http://scholar.google.com/scholar?cites=1215579302153291915&as_sdt=2005&sciodt=1,5&hl=en"}, {"num_versions": 3, "url_citation": null, "title": "An electronic portfolio to support learning", "url": "http://www.cjlt.ca/index.php/cjlt/article/viewArticle/94", "url_versions": "http://scholar.google.com/scholar?cluster=1599640473902617072&hl=en&as_sdt=1,5&sciodt=1,5&as_vis=1", "authors": "A Wade, P Abrami, J Sclater - Canadian Journal of Learning and Technology \u2026", "excerpt": "Abstract n this paper, we provide a description of a CSLP research project that looked at portfolio use within a middle school, the web-based e-portfolio software we have developed within the context of the Quebec educational system, our plans for further development of  ...", "url_pdf": null, "num_citations": 107, "cluster_id": "1599640473902617072", "year": "2005", "url_citations": "http://scholar.google.com/scholar?cites=1599640473902617072&as_sdt=2005&sciodt=1,5&hl=en"}, {"num_versions": 12, "url_citation": null, "title": "It's Elementary! Using Electronic Portfolios with Young Students", "url": "http://www.editlib.org/p/18968/", "url_versions": "http://scholar.google.com/scholar?cluster=9097141477657562825&hl=en&as_sdt=1,5&sciodt=1,5&as_vis=1", "authors": "J Moritz, A Christie - Society for Information Technology & Teacher  \u2026", "excerpt": "Abstract This paper will demonstrate how applying technology in a writing workshop can improve student learning and instruction by incorporating student reflection, teacher collaboration, individualized instruction and electronic portfolios where students write  ...", "url_pdf": null, "num_citations": 7, "cluster_id": "9097141477657562825", "year": "2005", "url_citations": "http://scholar.google.com/scholar?cites=9097141477657562825&as_sdt=2005&sciodt=1,5&hl=en"}, {"num_versions": 3, "url_citation": null, "title": "The effect of ePortfolio satisfaction on students' learning motivation and Internet self-efficacy", "url": "http://sicet.org/journals/jetde/jetde11/11-9-Huang.pdf", "url_versions": "http://scholar.google.com/scholar?cluster=10838972828547932447&hl=en&as_sdt=1,5&sciodt=1,5&as_vis=1", "authors": "JJS Huang, SJH Yang, MCW Chang - Journal of Educational Technology  \u2026", "excerpt": "Abstract: This study aims to investigate the effect of e   ortfolio satisfaction on students  learn  effect of e   ortfolio satisfaction on students  learn  of e   ortfolio satisfaction on students  learn  on students  learn  students  learn  ing motivation and Internet self- ...", "url_pdf": "http://sicet.org/journals/jetde/jetde11/11-9-Huang.pdf", "num_citations": 7, "cluster_id": "10838972828547932447", "year": "2011", "url_citations": "http://scholar.google.com/scholar?cites=10838972828547932447&as_sdt=2005&sciodt=1,5&hl=en"}, {"num_versions": 2, "url_citation": null, "title": "Leading 21st-century schools: Harnessing technology for engagement and achievement", "url": "http://scholar.google.com/https://books.google.com/books?hl=en&lr=&id=_3RyAwAAQBAJ&oi=fnd&pg=PP1&ots=uvtjtdoPXV&sig=w_CtSkg90rJYxqTSeHWrGElgblY", "url_versions": "http://scholar.google.com/scholar?cluster=12361762441462431549&hl=en&as_sdt=1,5&sciodt=1,5&as_vis=1", "authors": "L Schrum, BB Levin -", "excerpt": "Create a tech-savvy school that delivers academic success! Written for school leaders, district officials, and technology directors, this user-friendly guide provides an actionable plan for developing and leading a 21st-century school, integrating new technology into  ...", "url_pdf": null, "num_citations": 76, "cluster_id": "12361762441462431549", "year": "2009", "url_citations": "http://scholar.google.com/scholar?cites=12361762441462431549&as_sdt=2005&sciodt=1,5&hl=en"}, {"num_versions": 11, "url_citation": null, "title": "Using portfolios in the classroom", "url": "http://ieeexplore.ieee.org/xpls/abs_all.jsp?arnumber=644856", "url_versions": "http://scholar.google.com/scholar?cluster=12958085032604897756&hl=en&as_sdt=1,5&sciodt=1,5&as_vis=1", "authors": "JE Sharp - Frontiers in Education Conference", "excerpt": "Abstract. This paper presents a review of the literature (including World Wide Web sources) and discussion of using student portfolios in the college classroom. Topics discussed are the definition of portfolios, contents, uses, evaluation methods, effectiveness, and suggested  ...", "url_pdf": null, "num_citations": 25, "cluster_id": "12958085032604897756", "year": "1997", "url_citations": "http://scholar.google.com/scholar?cites=12958085032604897756&as_sdt=2005&sciodt=1,5&hl=en"}, {"num_versions": 5, "url_citation": null, "title": "Electronic portfolio assessments in US educational and instructional technology programs: Are they supporting teacher education?", "url": "http://link.springer.com/article/10.1007/BF02784865", "url_versions": "http://scholar.google.com/scholar?cluster=7148253880150593151&hl=en&as_sdt=1,5&sciodt=1,5&as_vis=1", "authors": "LL Lynch, P Purnawarman - TechTrends", "excerpt": "Conclusion Surprisingly, electronic portfolio requirements are not widespread in ET/IT programs surveyed in the US Of those programs that are implementing this assessment method, only two are using portfolio assessment correctly, supporting assessment validity  ...", "url_pdf": null, "num_citations": 52, "cluster_id": "7148253880150593151", "year": "2004", "url_citations": "http://scholar.google.com/scholar?cites=7148253880150593151&as_sdt=2005&sciodt=1,5&hl=en"}, {"num_versions": 3, "url_citation": null, "title": "Blogfolios for student-centered reflection and communication", "url": "http://link.springer.com/chapter/10.1007/978-1-4020-8739-4_32", "url_versions": "http://scholar.google.com/scholar?cluster=2435196205396143441&hl=en&as_sdt=1,5&sciodt=1,5&as_vis=1", "authors": "HH Yang - Innovative techniques in instruction technology, e- \u2026", "excerpt": "Abstract This paper presents:(1) the main issues and trends of portfolio development;(2) conceptual frameworks of using the weblog-based portfolio (blogfolio) as a means for enhancing performance-based teaching and learning; and (3) a case study which  ...", "url_pdf": null, "num_citations": 5, "cluster_id": "2435196205396143441", "year": "2008", "url_citations": "http://scholar.google.com/scholar?cites=2435196205396143441&as_sdt=2005&sciodt=1,5&hl=en"}, {"num_versions": 2, "url_citation": null, "title": "Electronic portfolios for learning and assessment", "url": "http://www.editlib.org/p/15838/", "url_versions": "http://scholar.google.com/scholar?cluster=17499965675563934374&hl=en&as_sdt=1,5&sciodt=1,5&as_vis=1", "authors": "J Morris, H Buckland - Society for Information Technology & Teacher  \u2026", "excerpt": "Abstract Two innovations, performance assessment and information technology advancements, provide the prospect for wide-scale use of electronic portfolios as an assessment tool. In a time where national and state standards are recognizing and  ...", "url_pdf": null, "num_citations": 27, "cluster_id": "17499965675563934374", "year": "2000", "url_citations": "http://scholar.google.com/scholar?cites=17499965675563934374&as_sdt=2005&sciodt=1,5&hl=en"}, {"num_versions": 2, "url_citation": null, "title": "Using technology to assist children learning to read and write.", "url": "http://psycnet.apa.org/psycinfo/2007-09150-006", "url_versions": "http://scholar.google.com/scholar?cluster=16704411201809967527&hl=en&as_sdt=1,5&sciodt=1,5&as_vis=1", "authors": "PC Abrami, R Savage, CA Wade, G Hipps\u2026 - Children's Learning in  \u2026", "excerpt": "Abstract 1. Introduces a software package designed to facilitate learning. This chapter identifies software interventions that promote the development of basic skills (eg, a balanced reading program for children called ABRACADABRA) as well as software programs that  ...", "url_pdf": null, "num_citations": 31, "cluster_id": "16704411201809967527", "year": "2008", "url_citations": "http://scholar.google.com/scholar?cites=16704411201809967527&as_sdt=2005&sciodt=1,5&hl=en"}, {"num_versions": 2, "url_citation": null, "title": "Handbuch E-Learning: lehren und lernen mit digitalen Medien", "url": "http://scholar.google.com/https://books.google.com/books?hl=en&lr=&id=K4rIcyOFcpgC&oi=fnd&pg=PP1&ots=VTcE4OhOng&sig=skcMquYbWhCuxdt2BRFJCfAe4QU", "url_versions": "http://scholar.google.com/scholar?cluster=10740405933834571762&hl=en&as_sdt=1,5&sciodt=1,5&as_vis=1", "authors": "P Arnold -", "excerpt": "Die Nutzung von Computer und Internet geh\u00f6rt heute zum Alltag der j\u00fcngeren und der meisten \u00e4lteren Personen. Die Nutzung digitaler Medien hat auch bereits in allen Bildungsbereichen in Bildungsinstitutionen und Unternehmen Eingang gefunden, wof\u00fcr  ...", "url_pdf": null, "num_citations": 33, "cluster_id": "10740405933834571762", "year": "2013", "url_citations": "http://scholar.google.com/scholar?cites=10740405933834571762&as_sdt=2005&sciodt=1,5&hl=en"}, {"num_versions": 5, "url_citation": null, "title": "El uso del portafolio en la ense\u00f1anza de lenguas extranjeras: perspectiva del docente", "url": "http://dialnet.unirioja.es/servlet/articulo?codigo=2310221", "url_versions": "http://scholar.google.com/scholar?cluster=58253027089165469&hl=en&as_sdt=1,5&sciodt=1,5&as_vis=1", "authors": "AL Delmastro - Investigaci\u00f3n y postgrado", "excerpt": "RESUMEN La presente investigaci\u00f3n forma parte de un proyecto de mayor alcance acerca del uso del portafolio en la ense\u00f1anza de lenguas extranjeras. Tiene como objetivos:(1) describir c\u00f3mo es percibida esta estrategia de trabajo/evaluaci\u00f3n desde la perspectiva  ...", "url_pdf": null, "num_citations": 15, "cluster_id": "58253027089165469", "year": "2005", "url_citations": "http://scholar.google.com/scholar?cites=58253027089165469&as_sdt=2005&sciodt=1,5&hl=en"}, {"num_versions": 8, "url_citation": null, "title": "Implementing project-based learning and e-portfolio assessment in an undergraduate course", "url": "http://www.tandfonline.com/doi/abs/10.1080/15391523.2006.10782462", "url_versions": "http://scholar.google.com/scholar?cluster=6313533799163373826&hl=en&as_sdt=1,5&sciodt=1,5&as_vis=1", "authors": "Y G\u00fclbahar, H Tinmaz - Journal of Research on Technology in  \u2026", "excerpt": "Abstract In this case study, the aim was to implement project-based learning by utilizing e-portfolio assessment in a small-scale classroom (N= 8). The compulsory Design, Development, and Evaluation of Educational Software course in the curriculum of the  ...", "url_pdf": null, "num_citations": 127, "cluster_id": "6313533799163373826", "year": "2006", "url_citations": "http://scholar.google.com/scholar?cites=6313533799163373826&as_sdt=2005&sciodt=1,5&hl=en"}, {"num_versions": 10, "url_citation": null, "title": "Development of the electronic portfolio student perspective instrument: An ePortfolio integration initiative", "url": "http://link.springer.com/article/10.1007/BF03033426", "url_versions": "http://scholar.google.com/scholar?cluster=5138324446692467359&hl=en&as_sdt=1,5&sciodt=1,5&as_vis=1", "authors": "AD Ritzhaupt, O Singh, T Seyferth\u2026 - Journal of Computing in  \u2026", "excerpt": "Abstract WITH THE PROLIFERATION OF EPORTFOLIOS and their organizational uses in higher education, it is important for educators and other relevant stakeholders to understand the student perspective. The way students view and use ePortfolios are revealing  ...", "url_pdf": null, "num_citations": 30, "cluster_id": "5138324446692467359", "year": "2008", "url_citations": "http://scholar.google.com/scholar?cites=5138324446692467359&as_sdt=2005&sciodt=1,5&hl=en"}, {"num_versions": 6, "url_citation": null, "title": "Competency-based education in an electronic-supported environment: an example from a distance teaching university", "url": "http://www.inderscienceonline.com/doi/abs/10.1504/IJCEELL.2010.037046", "url_versions": "http://scholar.google.com/scholar?cluster=4399939087345078516&hl=en&as_sdt=1,5&sciodt=1,5&as_vis=1", "authors": "M Deimann, T Bastiaens - International Journal of  \u2026", "excerpt": "Competency-based instruction can be applied to various settings, including an academic programme with a focus on producing performance-based learning outcomes. This paper provides theoretical and practical information about underlying characteristics of  ...", "url_pdf": null, "num_citations": 6, "cluster_id": "4399939087345078516", "year": "2010", "url_citations": "http://scholar.google.com/scholar?cites=4399939087345078516&as_sdt=2005&sciodt=1,5&hl=en"}, {"num_versions": 8, "url_citation": null, "title": "Distance education in transition: New trends and challenges", "url": "http://oops.uni-oldenburg.de/550/", "url_versions": "http://scholar.google.com/scholar?cluster=6586634478648880547&hl=en&as_sdt=1,5&sciodt=1,5&as_vis=1", "authors": "O Peters -", "excerpt": "English Abstract Distance education has attracted increased attention by educationists as well as by the public in recent years. Because of far-reaching societal changes and spectacular advances of information and communication technology it is presently in an  ...", "url_pdf": null, "num_citations": 148, "cluster_id": "6586634478648880547", "year": "2002", "url_citations": "http://scholar.google.com/scholar?cites=6586634478648880547&as_sdt=2005&sciodt=1,5&hl=en"}, {"num_versions": 24, "url_citation": null, "title": "Designing online information systems for portfolio-based assessment: Design criteria and heuristics", "url": "http://www.editlib.org/p/111441/", "url_versions": "http://scholar.google.com/scholar?cluster=15143601128856013297&hl=en&as_sdt=1,5&sciodt=1,5&as_vis=1", "authors": "T Love, T Cooper - Journal of Information Technology Education:  \u2026", "excerpt": "Abstract This paper outlines the main findings of research about online portfolio information systems. This research focused on the educational integrity of these educational systems and the maximisation of value across all stakeholders, in particular the value gained from  ...", "url_pdf": null, "num_citations": 61, "cluster_id": "15143601128856013297", "year": "2004", "url_citations": "http://scholar.google.com/scholar?cites=15143601128856013297&as_sdt=2005&sciodt=1,5&hl=en"}, {"num_versions": 8, "url_citation": null, "title": "Assessment issues and new technologies: ePortfolio possibilities", "url": "http://link.springer.com/chapter/10.1007/978-1-4020-9964-9_4", "url_versions": "http://scholar.google.com/scholar?cluster=722671211891846201&hl=en&as_sdt=1,5&sciodt=1,5&as_vis=1", "authors": "G Finger, R Jamieson-Proctor - Educational assessment in the 21st century", "excerpt": "During the past three decades, we have witnessed dynamic technological changes that have been accompanied by considerable policy developments and initiatives by governments and education systems. For the purposes of this chapter, the technological  ...", "url_pdf": null, "num_citations": 14, "cluster_id": "722671211891846201", "year": "2009", "url_citations": "http://scholar.google.com/scholar?cites=722671211891846201&as_sdt=2005&sciodt=1,5&hl=en"}, {"num_versions": 2, "url_citation": null, "title": "Trials and tribulations of reflective practices in preservice teacher electronic portfolios", "url": "http://www.editlib.org/p/14526/", "url_versions": "http://scholar.google.com/scholar?cluster=16353028443871082561&hl=en&as_sdt=1,5&sciodt=1,5&as_vis=1", "authors": "MK Williams, K Wetzel, L Wilhelm - Society for Information Technology &  \u2026", "excerpt": "Abstract The use of Electronic Portfolios in the College of Education (COE) at Arizona State University West (ASUW) results from collaborative efforts of COE faculty and support from the ASUW Preparing Tomorrow's Teachers to Use Technology grant. Each Program (eg  ...", "url_pdf": null, "num_citations": 7, "cluster_id": "16353028443871082561", "year": "2004", "url_citations": "http://scholar.google.com/scholar?cites=16353028443871082561&as_sdt=2005&sciodt=1,5&hl=en"}, {"num_versions": 14, "url_citation": null, "title": "Moving towards a university wide implementation of an ePortfolio tool", "url": "http://ascilite.org.au/ajet/submission/index.php/AJET/article/view/1270", "url_versions": "http://scholar.google.com/scholar?cluster=15530173668006111240&hl=en&as_sdt=1,5&sciodt=1,5&as_vis=1", "authors": "S Lambert, L Corrin - Australasian Journal of Educational Technology", "excerpt": "Abstract The University of Wollongong has been strategically exploring ePortfolios since 2002. Building on lessons learnt from student trials across two different disciplines in 2002/3 and 2006, the project team is on the verge of implementing a university wide ePortfolio  ...", "url_pdf": null, "num_citations": 35, "cluster_id": "15530173668006111240", "year": "2007", "url_citations": "http://scholar.google.com/scholar?cites=15530173668006111240&as_sdt=2005&sciodt=1,5&hl=en"}, {"num_versions": 3, "url_citation": null, "title": "The reflective portfolio in self-study: Inquiring into and representing a knowledge of practice", "url": "http://link.springer.com/chapter/10.1007/978-1-4020-6545-3_27", "url_versions": "http://scholar.google.com/scholar?cluster=1740569797298368494&hl=en&as_sdt=1,5&sciodt=1,5&as_vis=1", "authors": "N Lyons, H Freidus - International handbook of self-study of teaching and  \u2026", "excerpt": "Abstract This chapter introduces and explores how reflective portfolio inquiry as a process of interrogation of teaching and learning can advance self-study. After delineating this conceptualization, the chapter provides three case studies to demonstrate the process.  ...", "url_pdf": null, "num_citations": 18, "cluster_id": "1740569797298368494", "year": "2004", "url_citations": "http://scholar.google.com/scholar?cites=1740569797298368494&as_sdt=2005&sciodt=1,5&hl=en"}, {"num_versions": 12, "url_citation": null, "title": "Flexible and exploratory learning by polyscopic topic maps", "url": "http://ieeexplore.ieee.org/xpls/abs_all.jsp?arnumber=1508864", "url_versions": "http://scholar.google.com/scholar?cluster=7622489396476869143&hl=en&as_sdt=1,5&sciodt=1,5&as_vis=1", "authors": "D Karabeg, R Guescini\u2026 - \u2026", "excerpt": "Abstract Flexible and active education calls for a comprehensive restructuring of the traditional university course format. Such restructuring can be done in a natural and coherent way by implementing Topic Maps in e-learning. In this paper we describe  ...", "url_pdf": null, "num_citations": 7, "cluster_id": "7622489396476869143", "year": "2005", "url_citations": "http://scholar.google.com/scholar?cites=7622489396476869143&as_sdt=2005&sciodt=1,5&hl=en"}, {"num_versions": 4, "url_citation": null, "title": "Factors affecting the information quality of personal Web portfolios", "url": "http://onlinelibrary.wiley.com/doi/10.1002/asi.20717/pdf", "url_versions": "http://scholar.google.com/scholar?cluster=11977708953424368970&hl=en&as_sdt=1,5&sciodt=1,5&as_vis=1", "authors": "P Katerattanakul, K Siau - Journal of the American Society for  \u2026", "excerpt": "Abstract Personal Web portfolios have become a popular information source and an effective method for individuals to present themselves to others in cyberspace. Thus, the quality of personal Web portfolios is critical and affects the perception that others have of  ...", "url_pdf": null, "num_citations": 13, "cluster_id": "11977708953424368970", "year": "2008", "url_citations": "http://scholar.google.com/scholar?cites=11977708953424368970&as_sdt=2005&sciodt=1,5&hl=en"}, {"num_versions": 5, "url_citation": null, "title": "Pen/paper and electronic portfolios: An effective tool for developing reflective thinking of Turkish EFL student teachers", "url": "http://scholar.google.com/https://www.um.edu.mt/__data/assets/pdf_file/0005/47660/Kocoglu_et_al_13_1_2008.pdf", "url_versions": "http://scholar.google.com/scholar?cluster=14874428920985663787&hl=en&as_sdt=1,5&sciodt=1,5&as_vis=1", "authors": "Z Kocoglu, A Akyel, G Ercetin - Mediterranean Journal of Educational  \u2026", "excerpt": "Abstract\u2013This study investigates the role of portfolio development on the improvement of the reflective thinking ability of five Turkish EFL (English as a Foreign Language) student teachers from a University in Turkey. In this case study, participants' reflective papers  ...", "url_pdf": "http://scholar.google.com/https://www.um.edu.mt/__data/assets/pdf_file/0005/47660/Kocoglu_et_al_13_1_2008.pdf", "num_citations": 13, "cluster_id": "14874428920985663787", "year": "2008", "url_citations": "http://scholar.google.com/scholar?cites=14874428920985663787&as_sdt=2005&sciodt=1,5&hl=en"}, {"num_versions": 9, "url_citation": null, "title": "The impact of e-portfolio development on the employability of adults aged 45 and over", "url": "http://www.emeraldinsight.com/doi/pdf/10.1108/10650740810900658", "url_versions": "http://scholar.google.com/scholar?cluster=11257748773856332673&hl=en&as_sdt=1,5&sciodt=1,5&as_vis=1", "authors": "R Kopers, S Verjans, H Stevens - Campus-Wide Information  \u2026", "excerpt": "Purpose-The purpose of this paper is to present the findings of an evaluative case study that used an electronic portfolio to enhance the employability of older adults. The evaluation sought to identify programme effects and highlight the factors that were instrumental in  ...", "url_pdf": null, "num_citations": 11, "cluster_id": "11257748773856332673", "year": "2008", "url_citations": "http://scholar.google.com/scholar?cites=11257748773856332673&as_sdt=2005&sciodt=1,5&hl=en"}, {"num_versions": 6, "url_citation": null, "title": "Implementing web-based portfolios and learning journals as learner support tools: An illustration", "url": "http://www.c3l.uni-oldenburg.de/christinewalti/tutorial/texts/Walti.pdf", "url_versions": "http://scholar.google.com/scholar?cluster=12546411944211126700&hl=en&as_sdt=1,5&sciodt=1,5&as_vis=1", "authors": "C Walti - Learner support in open, distance and online  \u2026", "excerpt": "Abstract Web-based portfolios are becoming increasingly important in various educational environments. In the online master of distance education program offered at UMUC the development of a portfolio has been an integral part of the program requirements. To deal  ...", "url_pdf": "http://www.c3l.uni-oldenburg.de/christinewalti/tutorial/texts/Walti.pdf", "num_citations": 14, "cluster_id": "12546411944211126700", "year": "2004", "url_citations": "http://scholar.google.com/scholar?cites=12546411944211126700&as_sdt=2005&sciodt=1,5&hl=en"}, {"num_versions": 0, "url_citation": null, "title": "The Standards-Based Digital School Leader Portfolio: A Handbook for Preparation and Practice.", "url": "http://eric.ed.gov/?id=ED489727", "url_versions": null, "authors": "GM Hauser, DW Koutouzos -", "excerpt": "This book is a comprehensive step-by-step tool for school leader preparation candidates and school leaders alike in the development of standards-based digital school leader portfolios. Readers receive a rich array of activities, worksheets, and rubrics useful in the  ...", "url_pdf": null, "num_citations": 7, "cluster_id": "11177059543903725137", "year": "2005", "url_citations": "http://scholar.google.com/scholar?cites=11177059543903725137&as_sdt=2005&sciodt=1,5&hl=en"}, {"num_versions": 43, "url_citation": null, "title": "Analysis of phosphoinositide binding domain properties within the myotubularin-related protein MTMR3", "url": "http://jcs.biologists.org/content/118/9/2005.short", "url_versions": "http://scholar.google.com/scholar?cluster=4350495131993048775&hl=en&as_sdt=1,5&sciodt=1,5&as_vis=1", "authors": "\u00d3 Lorenzo, S Urb\u00e9, MJ Clague - Journal of cell science", "excerpt": "Summary The myotubularins are a large family of phosphoinositide-specific phosphatases with substrate specificity for PtdIns3P and PtdIns (3, 5) P 2. In addition to an N-terminal PH-GRAM (PH-G) domain and a signature catalytic domain shared with other family members ...", "url_pdf": null, "num_citations": 406, "cluster_id": "4350495131993048775", "year": "2005", "url_citations": "http://scholar.google.com/scholar?cites=4350495131993048775&as_sdt=2005&sciodt=1,5&hl=en"}, {"num_versions": 0, "url_citation": null, "title": "Portfolio assessment in educational leadership programs at master's level", "url": "http://diginole.lib.fsu.edu/etd/4535/", "url_versions": null, "authors": "D Vyortkina -", "excerpt": "Abstract The purpose of the study was to investigate the process of portfolio assessment in programs preparing educational leaders at the master's degree level and to add to the knowledge base of portfolio assessment practices in the field of educational  ...", "url_pdf": null, "num_citations": 6, "cluster_id": "8671732278560596785", "year": "2003", "url_citations": "http://scholar.google.com/scholar?cites=8671732278560596785&as_sdt=2005&sciodt=1,5&hl=en"}]