[{"num_versions": 8, "url_citation": null, "title": "Learning sentiment-specific word embedding for twitter sentiment classification", "url": "http://anthology.aclweb.org/P/P14/P14-1146.pdf", "url_versions": "http://scholar.google.com/scholar?cluster=9612998044009109682&hl=en&as_sdt=1,5&sciodt=1,5&as_vis=1", "authors": "D Tang, F Wei, N Yang, M Zhou\u2026 - Proceedings of the  \u2026", "excerpt": "Abstract We present a method that learns word embedding for Twitter sentiment classification in this paper. Most existing algorithms for learning continuous word representations typically only model the syntactic context of words but ignore the  ...", "url_pdf": "http://anthology.aclweb.org/P/P14/P14-1146.pdf", "num_citations": 45, "cluster_id": "9612998044009109682", "year": "2014", "url_citations": "http://scholar.google.com/scholar?cites=9612998044009109682&as_sdt=2005&sciodt=1,5&hl=en"}, {"num_versions": 5, "url_citation": null, "title": "Predicting economic indicators from web text using sentiment composition", "url": "http://www.oxford-man.ox.ac.uk/sites/default/files/sentiment_ICICA2014.pdf", "url_versions": "http://scholar.google.com/scholar?cluster=570106089154734004&hl=en&as_sdt=1,5&sciodt=1,5&as_vis=1", "authors": "A Levenberg, S Pulman, K Moilanen\u2026 - Int. Journal of  \u2026", "excerpt": "Abstract Of late there has been a significant amount of work on using sources of text data from the Web (such as Twitter or Google Trends) to predict financial and economic variables of interest. Much of this work has relied on some form or other of superficial sentiment  ...", "url_pdf": "http://www.oxford-man.ox.ac.uk/sites/default/files/sentiment_ICICA2014.pdf", "num_citations": 7, "cluster_id": "570106089154734004", "year": "2014", "url_citations": "http://scholar.google.com/scholar?cites=570106089154734004&as_sdt=2005&sciodt=1,5&hl=en"}, {"num_versions": 9, "url_citation": null, "title": "Reasoning with neural tensor networks for knowledge base completion", "url": "http://papers.nips.cc/paper/5028-reasonin", "url_versions": "http://scholar.google.com/scholar?cluster=5128466705167926082&hl=en&as_sdt=1,5&sciodt=1,5&as_vis=1", "authors": "R Socher, D Chen, CD Manning, A Ng - Advances in Neural  \u2026", "excerpt": "Abstract A common problem in knowledge representation and related fields is reasoning over a large joint knowledge graph, represented as triples of a relation between two entities. The goal of this paper is to develop a more powerful neural network model suitable for  ...", "url_pdf": null, "num_citations": 107, "cluster_id": "5128466705167926082", "year": "2013", "url_citations": "http://scholar.google.com/scholar?cites=5128466705167926082&as_sdt=2005&sciodt=1,5&hl=en"}, {"num_versions": 13, "url_citation": null, "title": "Distributed representations of sentences and documents", "url": "http://arxiv.org/abs/1405.4053", "url_versions": "http://scholar.google.com/scholar?cluster=5370888768768083562&hl=en&as_sdt=1,5&sciodt=1,5&as_vis=1", "authors": "QV Le, T Mikolov - arXiv preprint arXiv:1405.4053", "excerpt": "Abstract: Many machine learning algorithms require the input to be represented as a fixed-length feature vector. When it comes to texts, one of the most common fixed-length features is bag-of-words. Despite their popularity, bag-of-words features have two major  ...", "url_pdf": null, "num_citations": 162, "cluster_id": "5370888768768083562", "year": "2014", "url_citations": "http://scholar.google.com/scholar?cites=5370888768768083562&as_sdt=2005&sciodt=1,5&hl=en"}, {"num_versions": 12, "url_citation": null, "title": "A convolutional neural network for modelling sentences", "url": "http://arxiv.org/abs/1404.2188", "url_versions": "http://scholar.google.com/scholar?cluster=10951574228014701176&hl=en&as_sdt=1,5&sciodt=1,5&as_vis=1", "authors": "N Kalchbrenner, E Grefenstette, P Blunsom - arXiv preprint arXiv: \u2026", "excerpt": "Abstract: The ability to accurately represent sentences is central to language understanding. We describe a convolutional architecture dubbed the Dynamic Convolutional Neural Network (DCNN) that we adopt for the semantic modelling of sentences. The network uses  ...", "url_pdf": null, "num_citations": 105, "cluster_id": "10951574228014701176", "year": "2014", "url_citations": "http://scholar.google.com/scholar?cites=10951574228014701176&as_sdt=2005&sciodt=1,5&hl=en"}, {"num_versions": 3, "url_citation": null, "title": "Sentic Demo: A hybrid concept-level aspect-based sentiment analysis toolkit", "url": "http://2014.eswc-conferences.org/sites/default/files/eswc2014-challenges_cl_submission_31.pdf", "url_versions": "http://scholar.google.com/scholar?cluster=4141478251276588770&hl=en&as_sdt=1,5&sciodt=1,5&as_vis=1", "authors": "S Poria, A Gelbukh, B Agarwal, E Cambria\u2026 - ESWC  \u2026", "excerpt": "Abstract. The ways people express their opinions and sentiments have radically changed in the past few years thanks to the advent of social networks, web communities, blogs, wikis, and other online collaborative media. Ideally, automatic analysis of online opinions should  ...", "url_pdf": "http://2014.eswc-conferences.org/sites/default/files/eswc2014-challenges_cl_submission_31.pdf", "num_citations": 3, "cluster_id": "4141478251276588770", "year": "2014", "url_citations": "http://scholar.google.com/scholar?cites=4141478251276588770&as_sdt=2005&sciodt=1,5&hl=en"}, {"num_versions": 5, "url_citation": null, "title": "Modeling Deep Temporal Dependencies with Recurrent Grammar Cells\"\"", "url": "http://papers.nips.cc/paper/5549-modeling-deep-temporal-dependencies-with-recurrent-grammar-cells", "url_versions": "http://scholar.google.com/scholar?cluster=18381360983521690015&hl=en&as_sdt=1,5&sciodt=1,5&as_vis=1", "authors": "V Michalski, R Memisevic, K Konda - Advances in neural information  \u2026", "excerpt": "Abstract We propose modeling time series by representing the transformations that take a frame at time t to a frame at time t+ 1. To this end we show how a bi-linear model of transformations, such as a gated autoencoder, can be turned into a recurrent network, by  ...", "url_pdf": null, "num_citations": 11, "cluster_id": "18381360983521690015", "year": "2014", "url_citations": "http://scholar.google.com/scholar?cites=18381360983521690015&as_sdt=2005&sciodt=1,5&hl=en"}, {"num_versions": 12, "url_citation": null, "title": "Analyzing the language of food on social media", "url": "http://ieeexplore.ieee.org/xpls/abs_all.jsp?arnumber=7004305", "url_versions": "http://scholar.google.com/scholar?cluster=10339888910405365447&hl=en&as_sdt=1,5&sciodt=1,5&as_vis=1", "authors": "D Fried, M Surdeanu, S Kobourov\u2026 - Big Data (Big Data),  \u2026", "excerpt": "Abstract\u2014We investigate the predictive power behind the language of food on social media. We collect a corpus of over three million food-related posts from Twitter and demonstrate that many latent population characteristics can be directly predicted from this data:  ...", "url_pdf": null, "num_citations": 5, "cluster_id": "10339888910405365447", "year": "2014", "url_citations": "http://scholar.google.com/scholar?cites=10339888910405365447&as_sdt=2005&sciodt=1,5&hl=en"}, {"num_versions": 9, "url_citation": null, "title": "Building large-scale twitter-specific sentiment lexicon: A representation learning approach", "url": "http://www.aclweb.org/website/old_anthology/C/C14/C14-1018.pdf", "url_versions": "http://scholar.google.com/scholar?cluster=18125990280299119044&hl=en&as_sdt=1,5&sciodt=1,5&as_vis=1", "authors": "D Tang, F Wei, B Qin, M Zhou, T Liu - Proceedings of COLING", "excerpt": "Abstract In this paper, we propose to build large-scale sentiment lexicon from Twitter with a representation learning approach. We cast sentiment lexicon learning as a phrase-level sentiment classification task. The challenges are developing effective feature  ...", "url_pdf": "http://www.aclweb.org/website/old_anthology/C/C14/C14-1018.pdf", "num_citations": 13, "cluster_id": "18125990280299119044", "year": "2014", "url_citations": "http://scholar.google.com/scholar?cites=18125990280299119044&as_sdt=2005&sciodt=1,5&hl=en"}, {"num_versions": 6, "url_citation": null, "title": "Sentiment analysis of short informal texts", "url": "http://www.jair.org/papers/paper4272.html", "url_versions": "http://scholar.google.com/scholar?cluster=13466621308979401871&hl=en&as_sdt=1,5&sciodt=1,5&as_vis=1", "authors": "S Kiritchenko, X Zhu, SM Mohammad - Journal of Artificial Intelligence  \u2026", "excerpt": "Abstract We describe a state-of-the-art sentiment analysis system that detects (a) the sentiment of short informal textual messages such as tweets and SMS (message-level task) and (b) the sentiment of a word or a phrase within a message (term-level task). The  ...", "url_pdf": null, "num_citations": 42, "cluster_id": "13466621308979401871", "year": "2014", "url_citations": "http://scholar.google.com/scholar?cites=13466621308979401871&as_sdt=2005&sciodt=1,5&hl=en"}, {"num_versions": 5, "url_citation": null, "title": "Deep convolutional neural networks for sentiment analysis of short texts", "url": "http://www.anthology.aclweb.org/C/C14/C14-1008.pdf", "url_versions": "http://scholar.google.com/scholar?cluster=3563358003180828812&hl=en&as_sdt=1,5&sciodt=1,5&as_vis=1", "authors": "CN dos Santos, M Gatti - Proceedings of the 25th International \u2026", "excerpt": "Abstract Sentiment analysis of short texts such as single sentences and Twitter messages is challenging because of the limited contextual information that they normally contain. Effectively solving this task requires strategies that combine the small text content with  ...", "url_pdf": "http://www.anthology.aclweb.org/C/C14/C14-1008.pdf", "num_citations": 19, "cluster_id": "3563358003180828812", "year": "2014", "url_citations": "http://scholar.google.com/scholar?cites=3563358003180828812&as_sdt=2005&sciodt=1,5&hl=en"}, {"num_versions": 2, "url_citation": null, "title": "Sentiment Analysis: Mining Opinions, Sentiments, and Emotions", "url": "http://scholar.google.com/https://books.google.com/books?hl=en&lr=&id=4UiqCQAAQBAJ&oi=fnd&pg=PR11&ots=qi9JIjBUto&sig=auYcY_s0ThnnoiyKP54uQDezTfY", "url_versions": "http://scholar.google.com/scholar?cluster=5453082107702885779&hl=en&as_sdt=1,5&sciodt=1,5&as_vis=1", "authors": "B Liu -", "excerpt": "Sentiment analysis is the computational study of people's opinions, sentiments, emotions, and attitudes. This fascinating problem is increasingly important in business and society. It offers numerous research challenges but promises insight useful to anyone interested in  ...", "url_pdf": null, "num_citations": 6, "cluster_id": "5453082107702885779", "year": "2015", "url_citations": "http://scholar.google.com/scholar?cites=5453082107702885779&as_sdt=2005&sciodt=1,5&hl=en"}, {"num_versions": 7, "url_citation": null, "title": "\u5927\u6570\u636e\u7cfb\u7edf\u548c\u5206\u6790\u6280\u672f\u7efc\u8ff0", "url": "http://www.jos.org.cn/ch/reader/download_pdf.aspx?file_no=4674&year_id=2014&quarter_id=9&falg=1", "url_versions": "http://scholar.google.com/scholar?cluster=14098633664801154362&hl=en&as_sdt=1,5&sciodt=1,5&as_vis=1", "authors": "\u7a0b\u5b66\u65d7\uff0c \u9773\u5c0f\u9f99\uff0c \u738b\u5143\u5353\uff0c \u90ed\u5609\u4e30\uff0c \u5f20\u94c1\u8d62\uff0c \u674e\u56fd\u6770 - Journal of Software", "excerpt": "\u6458\u8981: \u9996\u5148\u6839\u636e\u5904\u7406\u5f62\u5f0f\u7684\u4e0d\u540c, \u4ecb\u7ecd\u4e86\u4e0d\u540c\u5f62\u5f0f\u6570\u636e\u7684\u7279\u5f81\u548c\u5404\u81ea\u7684\u5178\u578b\u5e94\u7528\u573a\u666f\u4ee5\u53ca\u76f8\u5e94\u7684\u4ee3\u8868\u6027\u5904\u7406\u7cfb\u7edf, \u603b\u7ed3\u4e86\u5927\u6570\u636e\u5904\u7406\u7cfb\u7edf\u7684\u4e09\u5927\u53d1\u5c55\u8d8b\u52bf; \u968f\u540e, \u5bf9\u7cfb\u7edf\u652f\u6491\u4e0b\u7684\u5927\u6570\u636e\u5206\u6790\u6280\u672f\u548c\u5e94\u7528(\u5305\u62ec\u6df1\u5ea6\u5b66\u4e60, \u77e5\u8bc6\u8ba1\u7b97, \u793e\u4f1a\u8ba1\u7b97\u4e0e\u53ef\u89c6\u5316\u7b49) \u8fdb\u884c\u4e86\u7b80\u8981\u7efc\u8ff0, \u603b\u7ed3\u4e86\u5404\u79cd\u6280\u672f\u5728\u5927 ...", "url_pdf": null, "num_citations": 16, "cluster_id": "14098633664801154362", "year": "2014", "url_citations": "http://scholar.google.com/scholar?cites=14098633664801154362&as_sdt=2005&sciodt=1,5&hl=en"}, {"num_versions": 10, "url_citation": null, "title": "Improving lexical embeddings with semantic knowledge", "url": "http://www.aclweb.org/anthology/P/P14/P14-2089.pdf", "url_versions": "http://scholar.google.com/scholar?cluster=17985392402628316526&hl=en&as_sdt=1,5&sciodt=1,5&as_vis=1", "authors": "M Yu, M Dredze - Association for Computational Linguistics (ACL)", "excerpt": "Abstract Word embeddings learned on unlabeled data are a popular tool in semantics, but may not capture the desired semantics. We propose a new learning objective that incorporates both a neural language model objective (Mikolov et al., 2013) and prior  ...", "url_pdf": "http://www.aclweb.org/anthology/P/P14/P14-2089.pdf", "num_citations": 25, "cluster_id": "17985392402628316526", "year": "2014", "url_citations": "http://scholar.google.com/scholar?cites=17985392402628316526&as_sdt=2005&sciodt=1,5&hl=en"}, {"num_versions": 2, "url_citation": null, "title": "Retrofitting word vectors to semantic lexicons", "url": "http://arxiv.org/abs/1411.4166", "url_versions": "http://scholar.google.com/scholar?cluster=621044119810582816&hl=en&as_sdt=1,5&sciodt=1,5&as_vis=1", "authors": "M Faruqui, J Dodge, SK Jauhar, C Dyer, E Hovy\u2026 - arXiv preprint arXiv: \u2026", "excerpt": "Abstract: We have proposed a simple, effective and fast method named retrofitting to improve word vectors using word relation knowledge found in semantic lexicons constructed either automatically or by humans. Retrofitting is used as a post-processing step to  ...", "url_pdf": null, "num_citations": 19, "cluster_id": "621044119810582816", "year": "2014", "url_citations": "http://scholar.google.com/scholar?cites=621044119810582816&as_sdt=2005&sciodt=1,5&hl=en"}, {"num_versions": 13, "url_citation": null, "title": "Less grammar, more features", "url": "http://www.anthology.aclweb.org/P/P14/P14-1022.pdf", "url_versions": "http://scholar.google.com/scholar?cluster=13729614154853934617&hl=en&as_sdt=1,5&sciodt=1,5&as_vis=1", "authors": "D Hall, G Durrett, D Klein - \u2026  of the 52nd Annual Meeting of the  \u2026", "excerpt": "Abstract We present a parser that relies primarily on extracting information directly from surface spans rather than on propagating information through enriched grammar structure. For example, instead of creating separate grammar symbols to mark the definiteness of an  ...", "url_pdf": "http://www.anthology.aclweb.org/P/P14/P14-1022.pdf", "num_citations": 12, "cluster_id": "13729614154853934617", "year": "2014", "url_citations": "http://scholar.google.com/scholar?cites=13729614154853934617&as_sdt=2005&sciodt=1,5&hl=en"}, {"num_versions": 3, "url_citation": null, "title": "Recursive Neural Networks for Learning Logical Semantics", "url": "http://arxiv.org/abs/1406.1827", "url_versions": "http://scholar.google.com/scholar?cluster=10403019527913355453&hl=en&as_sdt=1,5&sciodt=1,5&as_vis=1", "authors": "SR Bowman, C Potts, CD Manning - arXiv preprint arXiv:1406.1827", "excerpt": "Abstract: Supervised recursive neural network models (RNNs) for sentence meaning have been successful in an array of sophisticated language tasks, but it remains an open question whether they can learn compositional semantic grammars that support logical deduction.  ...", "url_pdf": null, "num_citations": 8, "cluster_id": "10403019527913355453", "year": "2014", "url_citations": "http://scholar.google.com/scholar?cites=10403019527913355453&as_sdt=2005&sciodt=1,5&hl=en"}, {"num_versions": 3, "url_citation": null, "title": "Crowd explicit sentiment analysis", "url": "http://www.sciencedirect.com/science/article/pii/S0950705114001919", "url_versions": "http://scholar.google.com/scholar?cluster=9117320372285453662&hl=en&as_sdt=1,5&sciodt=1,5&as_vis=1", "authors": "A Montejo-R\u00e1ez, MC D\u00edaz-Galiano\u2026 - Knowledge-Based  \u2026", "excerpt": "Abstract With the rapid growth of data generated by social web applications new paradigms in the generation of knowledge are opening. This paper introduces Crowd Explicit Sentiment Analysis (CESA) as an approach for sentiment analysis in social media environments.  ...", "url_pdf": null, "num_citations": 9, "cluster_id": "9117320372285453662", "year": "2014", "url_citations": "http://scholar.google.com/scholar?cites=9117320372285453662&as_sdt=2005&sciodt=1,5&hl=en"}, {"num_versions": 6, "url_citation": null, "title": "Recursive deep models for discourse parsing", "url": "http://www.aclweb.org/old_anthology/D/D14/D14-1220.pdf", "url_versions": "http://scholar.google.com/scholar?cluster=7386589286606073726&hl=en&as_sdt=1,5&sciodt=1,5&as_vis=1", "authors": "J Li, R Li, E Hovy - Proceedings of the", "excerpt": "Abstract Text-level discourse parsing remains a challenge: most approaches employ features that fail to capture the intentional, semantic, and syntactic aspects that govern discourse coherence. In this paper, we propose a recursive model for discourse parsing  ...", "url_pdf": "http://www.aclweb.org/old_anthology/D/D14/D14-1220.pdf", "num_citations": 15, "cluster_id": "7386589286606073726", "year": "2014", "url_citations": "http://scholar.google.com/scholar?cites=7386589286606073726&as_sdt=2005&sciodt=1,5&hl=en"}, {"num_versions": 5, "url_citation": null, "title": "Can recursive neural tensor networks learn logical reasoning?", "url": "http://arxiv.org/abs/1312.6192", "url_versions": "http://scholar.google.com/scholar?cluster=13144068607063804643&hl=en&as_sdt=1,5&sciodt=1,5&as_vis=1", "authors": "SR Bowman - arXiv preprint arXiv:1312.6192", "excerpt": "Abstract: Recursive neural network models and their accompanying vector representations for words have seen success in an array of increasingly semantically sophisticated tasks, but almost nothing is known about their ability to accurately capture the aspects of linguistic  ...", "url_pdf": null, "num_citations": 13, "cluster_id": "13144068607063804643", "year": "2013", "url_citations": "http://scholar.google.com/scholar?cites=13144068607063804643&as_sdt=2005&sciodt=1,5&hl=en"}, {"num_versions": 0, "url_citation": null, "title": "Improved transition-based parsing by modeling characters instead of words with LSTMs", "url": "http://arxiv.org/abs/1508.00657", "url_versions": null, "authors": "M Ballesteros, C Dyer, NA Smith - arXiv preprint arXiv:1508.00657", "excerpt": "Abstract: We present extensions to a continuous-state dependency parsing method that makes it applicable to morphologically rich languages. Starting with a high-performance transition-based parser that uses long short-term memory (LSTM) recurrent neural  ...", "url_pdf": null, "num_citations": 3, "cluster_id": "14400794765925169201", "year": "2015", "url_citations": "http://scholar.google.com/scholar?cites=14400794765925169201&as_sdt=2005&sciodt=1,5&hl=en"}, {"num_versions": 7, "url_citation": null, "title": "A multiplicative model for learning distributed text-based attribute representations", "url": "http://papers.nips.cc/paper/5425-learning-generative-models-with-visual-attention", "url_versions": "http://scholar.google.com/scholar?cluster=1432525796957732896&hl=en&as_sdt=1,5&sciodt=1,5&as_vis=1", "authors": "R Kiros, R Zemel, RR Salakhutdinov - Advances in Neural  \u2026", "excerpt": "Abstract In this paper we propose a general framework for learning distributed representations of attributes: characteristics of text whose representations can be jointly learned with word embeddings. Attributes can correspond to a wide variety of concepts,  ...", "url_pdf": null, "num_citations": 10, "cluster_id": "1432525796957732896", "year": "2014", "url_citations": "http://scholar.google.com/scholar?cites=1432525796957732896&as_sdt=2005&sciodt=1,5&hl=en"}, {"num_versions": 2, "url_citation": null, "title": "Bringing machine learning and compositional semantics together", "url": "http://www.annualreviews.org/doi/abs/10.1146/annurev-linguist-030514-125312", "url_versions": "http://scholar.google.com/scholar?cluster=1904277342655324294&hl=en&as_sdt=1,5&sciodt=1,5&as_vis=1", "authors": "P Liang, C Potts - Annu. Rev. Linguist", "excerpt": "Computational semantics has long been considered a field divided between logical and statistical approaches, but this divide is rapidly eroding with the development of statistical models that learn compositional semantic theories from corpora and databases. This  ...", "url_pdf": null, "num_citations": 10, "cluster_id": "1904277342655324294", "year": "2015", "url_citations": "http://scholar.google.com/scholar?cites=1904277342655324294&as_sdt=2005&sciodt=1,5&hl=en"}, {"num_versions": 15, "url_citation": null, "title": "Political ideology detection using recursive neural networks", "url": "http://www.cs.colorado.edu/%7Ejbg/docs/2014_acl_rnn_ideology.pdf", "url_versions": "http://scholar.google.com/scholar?cluster=17897142494429936570&hl=en&as_sdt=1,5&sciodt=1,5&as_vis=1", "authors": "M Iyyer, P Enns, J Boyd-Graber\u2026 - Association for  \u2026", "excerpt": "Abstract An individual's words often reveal their political ideology. Existing automated techniques to identify ideology from text focus on bags of words or wordlists, ignoring syntax. Taking inspiration from recent work in sentiment analysis that successfully models the  ...", "url_pdf": "http://www.cs.colorado.edu/%7Ejbg/docs/2014_acl_rnn_ideology.pdf", "num_citations": 11, "cluster_id": "17897142494429936570", "year": "2014", "url_citations": "http://scholar.google.com/scholar?cites=17897142494429936570&as_sdt=2005&sciodt=1,5&hl=en"}, {"num_versions": 4, "url_citation": null, "title": "Dynamically supporting unexplored domains in conversational interactions by enriching semantics with neural word embeddings", "url": "http://ieeexplore.ieee.org/xpls/abs_all.jsp?arnumber=7078640", "url_versions": "http://scholar.google.com/scholar?cluster=10705556237531959427&hl=en&as_sdt=1,5&sciodt=1,5&as_vis=1", "authors": "YN Chen, A Rudnicky - Spoken Language Technology  \u2026", "excerpt": "ABSTRACT Spoken language interfaces are being incorporated into various devices (eg smart-phones, smart TVs, etc). However, current technology typically limits conversational interactions to a few narrow predefined domains/topics. For example, dialogue systems for  ...", "url_pdf": null, "num_citations": 9, "cluster_id": "10705556237531959427", "year": "2014", "url_citations": "http://scholar.google.com/scholar?cites=10705556237531959427&as_sdt=2005&sciodt=1,5&hl=en"}, {"num_versions": 14, "url_citation": null, "title": "A neural network for factoid question answering over paragraphs", "url": "http://www.cs.colorado.edu/%7Ejbg/docs/2014_emnlp_qb_rnn.pdf", "url_versions": "http://scholar.google.com/scholar?cluster=17526433354332099422&hl=en&as_sdt=1,5&sciodt=1,5&as_vis=1", "authors": "M Iyyer, J Boyd-Graber, L Claudino\u2026 - Proceedings of the  \u2026", "excerpt": "Abstract Text classification methods for tasks like factoid question answering typically use manually defined string matching rules or bag of words representations. These methods are ineffective when question text contains very few individual words (eg, named entities) that  ...", "url_pdf": "http://www.cs.colorado.edu/%7Ejbg/docs/2014_emnlp_qb_rnn.pdf", "num_citations": 27, "cluster_id": "17526433354332099422", "year": "2014", "url_citations": "http://scholar.google.com/scholar?cites=17526433354332099422&as_sdt=2005&sciodt=1,5&hl=en"}, {"num_versions": 4, "url_citation": null, "title": "Open question answering with weakly supervised embedding models", "url": "http://link.springer.com/chapter/10.1007/978-3-662-44848-9_11", "url_versions": "http://scholar.google.com/scholar?cluster=6996046649879654319&hl=en&as_sdt=1,5&sciodt=1,5&as_vis=1", "authors": "A Bordes, J Weston, N Usunier - Machine Learning and Knowledge  \u2026", "excerpt": "Abstract Building computers able to answer questions on any subject is a long standing goal of artificial intelligence. Promising progress has recently been achieved by methods that learn to map questions to logical forms or database queries. Such approaches can be  ...", "url_pdf": null, "num_citations": 13, "cluster_id": "6996046649879654319", "year": "2014", "url_citations": "http://scholar.google.com/scholar?cites=6996046649879654319&as_sdt=2005&sciodt=1,5&hl=en"}, {"num_versions": 3, "url_citation": null, "title": "A tutorial survey of architectures, algorithms, and applications for deep learning", "url": "http://journals.cambridge.org/abstract_S2048770313000097", "url_versions": "http://scholar.google.com/scholar?cluster=4381743472348703222&hl=en&as_sdt=1,5&sciodt=1,5&as_vis=1", "authors": "L Deng - APSIPA Transactions on Signal and Information  \u2026", "excerpt": "Abstract In this invited paper, my overview material on the same topic as presented in the plenary overview session of APSIPA-2011 and the tutorial material presented in the same conference [1] are expanded and updated to include more recent developments in deep  ...", "url_pdf": null, "num_citations": 18, "cluster_id": "4381743472348703222", "year": "2014", "url_citations": "http://scholar.google.com/scholar?cites=4381743472348703222&as_sdt=2005&sciodt=1,5&hl=en"}, {"num_versions": 22, "url_citation": null, "title": "Neural networks and neuroscience-inspired computer vision", "url": "http://www.sciencedirect.com/science/article/pii/S0960982214010392", "url_versions": "http://scholar.google.com/scholar?cluster=6893556002187673289&hl=en&as_sdt=1,5&sciodt=1,5&as_vis=1", "authors": "DD Cox, T Dean - Current Biology", "excerpt": "Brains are, at a fundamental level, biological computing machines. They transform a torrent of complex and ambiguous sensory information into coherent thought and action, allowing an organism to perceive and model its environment, synthesize and make decisions from  ...", "url_pdf": null, "num_citations": 5, "cluster_id": "6893556002187673289", "year": "2014", "url_citations": "http://scholar.google.com/scholar?cites=6893556002187673289&as_sdt=2005&sciodt=1,5&hl=en"}, {"num_versions": 15, "url_citation": null, "title": "Dependency-based semantic parsing for concept-level text analysis", "url": "http://link.springer.com/chapter/10.1007/978-3-642-54906-9_10", "url_versions": "http://scholar.google.com/scholar?cluster=13748050517135185542&hl=en&as_sdt=1,5&sciodt=1,5&as_vis=1", "authors": "S Poria, B Agarwal, A Gelbukh, A Hussain\u2026 - \u2026  and Intelligent Text  \u2026", "excerpt": "Abstract Concept-level text analysis is superior to word-level analysis as it preserves the semantics associated with multi-word expressions. It offers a better understanding of text and helps to significantly increase the accuracy of many text mining tasks. Concept  ...", "url_pdf": null, "num_citations": 20, "cluster_id": "13748050517135185542", "year": "2014", "url_citations": "http://scholar.google.com/scholar?cites=13748050517135185542&as_sdt=2005&sciodt=1,5&hl=en"}, {"num_versions": 3, "url_citation": null, "title": "Sentilo: Frame-based sentiment analysis", "url": "http://link.springer.com/article/10.1007/s12559-014-9302-z", "url_versions": "http://scholar.google.com/scholar?cluster=17836753238415239168&hl=en&as_sdt=1,5&sciodt=1,5&as_vis=1", "authors": "DR Recupero, V Presutti, S Consoli, A Gangemi\u2026 - Cognitive  \u2026", "excerpt": "Abstract Sentilo is an unsupervised, domain-independent system that performs sentiment analysis by hybridizing natural language processing techniques and semantic Web technologies. Given a sentence expressing an opinion, Sentilo recognizes its holder,  ...", "url_pdf": null, "num_citations": 6, "cluster_id": "17836753238415239168", "year": "2014", "url_citations": "http://scholar.google.com/scholar?cites=17836753238415239168&as_sdt=2005&sciodt=1,5&hl=en"}, {"num_versions": 6, "url_citation": null, "title": "Factor-based compositional embedding models", "url": "http://hltcoe.jhu.edu/uploads/publications/papers/17331_slides.pdf", "url_versions": "http://scholar.google.com/scholar?cluster=7351553644086575469&hl=en&as_sdt=1,5&sciodt=1,5&as_vis=1", "authors": "M Yu, M Gormley, M Dredze - NIPS Workshop on Learning  \u2026", "excerpt": "Introduction Word embeddings, which are distributed word representations learned by neural language models [1, 2, 3], have been shown to be powerful word representations. They have been successfully applied to a range of NLP tasks, including syntax [2, 4, 5]  ...", "url_pdf": "http://hltcoe.jhu.edu/uploads/publications/papers/17331_slides.pdf", "num_citations": 12, "cluster_id": "7351553644086575469", "year": "2014", "url_citations": "http://scholar.google.com/scholar?cites=7351553644086575469&as_sdt=2005&sciodt=1,5&hl=en"}, {"num_versions": 8, "url_citation": null, "title": "Linguistic structured sparsity in text categorization", "url": "http://www.aclweb.org/anthology/P/P14/P14-1074.pdf", "url_versions": "http://scholar.google.com/scholar?cluster=10520186392727230218&hl=en&as_sdt=1,5&sciodt=1,5&as_vis=1", "authors": "D Yogatama, NA Smith - Proceedings of the Annual Meeting of the  \u2026", "excerpt": "Abstract We introduce three linguistically motivated structured regularizers based on parse trees, topics, and hierarchical word clusters for text categorization. These regularizers impose linguistic bias in feature weights, enabling us to incorporate prior knowledge into  ...", "url_pdf": "http://www.aclweb.org/anthology/P/P14/P14-1074.pdf", "num_citations": 11, "cluster_id": "10520186392727230218", "year": "2014", "url_citations": "http://scholar.google.com/scholar?cites=10520186392727230218&as_sdt=2005&sciodt=1,5&hl=en"}, {"num_versions": 6, "url_citation": null, "title": "Joint modeling of opinion expression extraction and attribute classification", "url": "http://scholar.google.com/https://tacl2013.cs.columbia.edu/ojs/index.php/tacl/article/view/409", "url_versions": "http://scholar.google.com/scholar?cluster=11177533820194144207&hl=en&as_sdt=1,5&sciodt=1,5&as_vis=1", "authors": "B Yang, C Cardie - Transactions of the Association for  \u2026", "excerpt": "Abstract In this paper, we study the problems of opinion expression extraction and expression-level polarity and intensity classification. Traditional fine-grained opinion analysis systems address these problems in isolation and thus cannot capture interactions  ...", "url_pdf": null, "num_citations": 4, "cluster_id": "11177533820194144207", "year": "2014", "url_citations": "http://scholar.google.com/scholar?cites=11177533820194144207&as_sdt=2005&sciodt=1,5&hl=en"}, {"num_versions": 8, "url_citation": null, "title": "Deep recursive neural networks for compositionality in language", "url": "http://papers.nips.cc/paper/5551-decomposing-parameter-estimation-problems", "url_versions": "http://scholar.google.com/scholar?cluster=14795161263853850797&hl=en&as_sdt=1,5&sciodt=1,5&as_vis=1", "authors": "O Irsoy, C Cardie - Advances in Neural Information Processing  \u2026", "excerpt": "Abstract Recursive neural networks comprise a class of architecture that can operate on structured input. They have been previously successfully applied to model compositionality in natural language using parse-tree-based structural representations. Even though these  ...", "url_pdf": null, "num_citations": 22, "cluster_id": "14795161263853850797", "year": "2014", "url_citations": "http://scholar.google.com/scholar?cites=14795161263853850797&as_sdt=2005&sciodt=1,5&hl=en"}, {"num_versions": 6, "url_citation": null, "title": "Leveraging frame semantics and distributional semantics for unsupervised semantic slot induction in spoken dialogue systems", "url": "http://ieeexplore.ieee.org/xpls/abs_all.jsp?arnumber=7078639", "url_versions": "http://scholar.google.com/scholar?cluster=5459018610818202129&hl=en&as_sdt=1,5&sciodt=1,5&as_vis=1", "authors": "YN Chen, WY Wang, AI Rudnicky - \u2026  Technology Workshop (SLT \u2026", "excerpt": "ABSTRACT Distributional semantics and frame semantics are two representative views on language understanding in the statistical world and the linguistic world, respectively. In this paper, we combine the best of two worlds to automatically induce the semantic slots for  ...", "url_pdf": null, "num_citations": 9, "cluster_id": "5459018610818202129", "year": "2014", "url_citations": "http://scholar.google.com/scholar?cites=5459018610818202129&as_sdt=2005&sciodt=1,5&hl=en"}, {"num_versions": 10, "url_citation": null, "title": "DepecheMood: a Lexicon for emotion analysis from crowd-annotated news", "url": "http://arxiv.org/abs/1405.1605", "url_versions": "http://scholar.google.com/scholar?cluster=2636759980529254171&hl=en&as_sdt=1,5&sciodt=1,5&as_vis=1", "authors": "J Staiano, M Guerini - arXiv preprint arXiv:1405.1605", "excerpt": "Abstract: While many lexica annotated with words polarity are available for sentiment analysis, very few tackle the harder task of emotion analysis and are usually quite limited in coverage. In this paper, we present a novel approach for extracting-in a totally automated  ...", "url_pdf": null, "num_citations": 10, "cluster_id": "2636759980529254171", "year": "2014", "url_citations": "http://scholar.google.com/scholar?cites=2636759980529254171&as_sdt=2005&sciodt=1,5&hl=en"}, {"num_versions": 2, "url_citation": null, "title": "On the usefulness of lexical and syntactic processing in polarity classification of Twitter messages", "url": "http://onlinelibrary.wiley.com/doi/10.1002/asi.23284/full", "url_versions": "http://scholar.google.com/scholar?cluster=7667862022774957811&hl=en&as_sdt=1,5&sciodt=1,5&as_vis=1", "authors": "D Vilares, MA Alonso\u2026 - Journal of the  \u2026", "excerpt": "Millions of micro texts are published every day on Twitter. Identifying the sentiment present in them can be helpful for measuring the frame of mind of the public, their satisfaction with respect to a product, or their support of a social event. In this context, polarity classification  ...", "url_pdf": null, "num_citations": 8, "cluster_id": "7667862022774957811", "year": "2015", "url_citations": "http://scholar.google.com/scholar?cites=7667862022774957811&as_sdt=2005&sciodt=1,5&hl=en"}, {"num_versions": 10, "url_citation": null, "title": "Convolutional neural networks for sentence classification", "url": "http://arxiv.org/abs/1408.5882", "url_versions": "http://scholar.google.com/scholar?cluster=1272380305551529489&hl=en&as_sdt=1,5&sciodt=1,5&as_vis=1", "authors": "Y Kim - arXiv preprint arXiv:1408.5882", "excerpt": "Abstract: We report on a series of experiments with convolutional neural networks (CNN) trained on top of pre-trained word vectors for sentence-level classification tasks. We show that a simple CNN with little hyperparameter tuning and static vectors achieves excellent  ...", "url_pdf": null, "num_citations": 90, "cluster_id": "1272380305551529489", "year": "2014", "url_citations": "http://scholar.google.com/scholar?cites=1272380305551529489&as_sdt=2005&sciodt=1,5&hl=en"}, {"num_versions": 2, "url_citation": null, "title": "Adaptive multi-compositionality for recursive neural models with applications to sentiment analysis", "url": "http://gana.nlsde.buaa.edu.cn/%7Elidong/aaai14-ada.pdf", "url_versions": "http://scholar.google.com/scholar?cluster=3243210346466690901&hl=en&as_sdt=1,5&sciodt=1,5&as_vis=1", "authors": "L Dong, F Wei, M Zhou, K Xu - Twenty-Eighth AAAI  \u2026", "excerpt": "Abstract Recursive neural models have achieved promising results in many natural language processing tasks. The main difference among these models lies in the composition function, ie, how to obtain the vector representation for a phrase or sentence  ...", "url_pdf": "http://gana.nlsde.buaa.edu.cn/%7Elidong/aaai14-ada.pdf", "num_citations": 8, "cluster_id": "3243210346466690901", "year": "2014", "url_citations": "http://scholar.google.com/scholar?cites=3243210346466690901&as_sdt=2005&sciodt=1,5&hl=en"}, {"num_versions": 8, "url_citation": null, "title": "Context-aware learning for sentence-level sentiment analysis with posterior regularization", "url": "http://acl2014.org/acl2014/P14-1/pdf/P14-1031.pdf", "url_versions": "http://scholar.google.com/scholar?cluster=12535188098111716632&hl=en&as_sdt=1,5&sciodt=1,5&as_vis=1", "authors": "B Yang, C Cardie - Proceedings of ACL", "excerpt": "Abstract This paper proposes a novel context-aware method for analyzing sentiment at the level of individual sentences. Most existing machine learning approaches suffer from limitations in the modeling of complex linguistic structures across sentences and often fail  ...", "url_pdf": "http://acl2014.org/acl2014/P14-1/pdf/P14-1031.pdf", "num_citations": 12, "cluster_id": "12535188098111716632", "year": "2014", "url_citations": "http://scholar.google.com/scholar?cites=12535188098111716632&as_sdt=2005&sciodt=1,5&hl=en"}, {"num_versions": 3, "url_citation": null, "title": "Radical-Enhanced Chinese Character Embedding", "url": "http://link.springer.com/chapter/10.1007/978-3-319-12640-1_34", "url_versions": "http://scholar.google.com/scholar?cluster=9243480039097511770&hl=en&as_sdt=1,5&sciodt=1,5&as_vis=1", "authors": "Y Sun, L Lin, N Yang, Z Ji, X Wang - Neural Information Processing", "excerpt": "Abstract In this paper, we present a method to leverage radical for learning Chinese character embedding. Radical is a semantic and phonetic component of Chinese character. It plays an important role for modelling character semantics as characters with the same  ...", "url_pdf": null, "num_citations": 5, "cluster_id": "9243480039097511770", "year": "2014", "url_citations": "http://scholar.google.com/scholar?cites=9243480039097511770&as_sdt=2005&sciodt=1,5&hl=en"}, {"num_versions": 16, "url_citation": null, "title": "The Stanford CoreNLP natural language processing toolkit", "url": "http://www.aclweb.org/website/old_anthology/P/P14/P14-5.pdf#page=67", "url_versions": "http://scholar.google.com/scholar?cluster=18438307512677181244&hl=en&as_sdt=1,5&sciodt=1,5&as_vis=1", "authors": "CD Manning, M Surdeanu, J Bauer, J Finkel\u2026 - Proceedings of 52nd  \u2026", "excerpt": "Abstract We describe the design and use of the Stanford CoreNLP toolkit, an extensible pipeline that provides core natural language analysis. This toolkit is quite widely used, both in the research NLP community and also among commercial and government users of  ...", "url_pdf": null, "num_citations": 298, "cluster_id": "18438307512677181244", "year": "2014", "url_citations": "http://scholar.google.com/scholar?cites=18438307512677181244&as_sdt=2005&sciodt=1,5&hl=en"}, {"num_versions": 11, "url_citation": null, "title": "Bilingually-constrained phrase embeddings for machine translation", "url": "http://nlpr-web.ia.ac.cn/cip/ZongPublications/2014/2014_ACL_Regular_Oral,ZhangJJ,PP111-121.pdf", "url_versions": "http://scholar.google.com/scholar?cluster=504707539490968670&hl=en&as_sdt=1,5&sciodt=1,5&as_vis=1", "authors": "J Zhang, S Liu, M Li, M Zhou\u2026 - Proceedings of the 52th  \u2026", "excerpt": "Abstract We propose Bilingually-constrained Recursive Auto-encoders (BRAE) to learn semantic phrase embeddings (compact vector representations for phrases), which can distinguish the phrases with different semantic meanings. The BRAE is trained in a way  ...", "url_pdf": "http://nlpr-web.ia.ac.cn/cip/ZongPublications/2014/2014_ACL_Regular_Oral,ZhangJJ,PP111-121.pdf", "num_citations": 18, "cluster_id": "504707539490968670", "year": "2014", "url_citations": "http://scholar.google.com/scholar?cites=504707539490968670&as_sdt=2005&sciodt=1,5&hl=en"}, {"num_versions": 5, "url_citation": null, "title": "Mind the gap: Machine translation by minimizing the semantic gap in embedding space", "url": "http://nlpr-web.ia.ac.cn/cip/ZongPublications/2014/2014%20AAAI_Oral,Zhang%20JJ.pdf", "url_versions": "http://scholar.google.com/scholar?cluster=18392861943960056221&hl=en&as_sdt=1,5&sciodt=1,5&as_vis=1", "authors": "J Zhang, S Liu, M Li, M Zhou\u2026 - Proceedings of the 28th  \u2026", "excerpt": "Abstract The conventional statistical machine translation (SMT) methods perform the decoding process by compositing a set of the translation rules which are associated with high probabilities. However, the probabilities of the translation rules are calculated only  ...", "url_pdf": "http://nlpr-web.ia.ac.cn/cip/ZongPublications/2014/2014%20AAAI_Oral,Zhang%20JJ.pdf", "num_citations": 3, "cluster_id": "18392861943960056221", "year": "2014", "url_citations": "http://scholar.google.com/scholar?cites=18392861943960056221&as_sdt=2005&sciodt=1,5&hl=en"}, {"num_versions": 8, "url_citation": null, "title": "Maxmargin tensor neural network for chinese word segmentation", "url": "http://shudonghao.com/sites/deeplearning/Max-Margin%20Tensor%20Neural%20Network%20for%20Chinese%20Word%20Segmentation.pdf", "url_versions": "http://scholar.google.com/scholar?cluster=1457363683398681530&hl=en&as_sdt=1,5&sciodt=1,5&as_vis=1", "authors": "W Pei, T Ge, C Baobao - Proceedings of ACL", "excerpt": "Abstract Recently, neural network models for natural language processing tasks have been increasingly focused on for their ability to alleviate the burden of manual feature engineering. In this paper, we propose a novel neural network model for Chinese word  ...", "url_pdf": "http://shudonghao.com/sites/deeplearning/Max-Margin%20Tensor%20Neural%20Network%20for%20Chinese%20Word%20Segmentation.pdf", "num_citations": 7, "cluster_id": "1457363683398681530", "year": "2014", "url_citations": "http://scholar.google.com/scholar?cites=1457363683398681530&as_sdt=2005&sciodt=1,5&hl=en"}, {"num_versions": 12, "url_citation": null, "title": "Parallel distributed processing at 25: Further explorations in the microstructure of cognition", "url": "http://onlinelibrary.wiley.com/doi/10.1111/cogs.12148/full", "url_versions": "http://scholar.google.com/scholar?cluster=2343074870517008796&hl=en&as_sdt=1,5&sciodt=1,5&as_vis=1", "authors": "TT Rogers, JL McClelland - Cognitive science", "excerpt": "Abstract This paper introduces a special issue of Cognitive Science initiated on the 25th anniversary of the publication of Parallel Distributed Processing (PDP), a two-volume work that introduced the use of neural network models as vehicles for understanding cognition.  ...", "url_pdf": null, "num_citations": 7, "cluster_id": "2343074870517008796", "year": "2014", "url_citations": "http://scholar.google.com/scholar?cites=2343074870517008796&as_sdt=2005&sciodt=1,5&hl=en"}, {"num_versions": 9, "url_citation": null, "title": "Incorporating vector space similarity in random walk inference over knowledge bases", "url": "http://repository.cmu.edu/machine_learning/51/", "url_versions": "http://scholar.google.com/scholar?cluster=2054528976558558507&hl=en&as_sdt=1,5&sciodt=1,5&as_vis=1", "authors": "M Gardner, PP Talukdar, J Krishnamurthy, T Mitchell -", "excerpt": "Abstract Much work in recent years has gone into the construction of large knowledge bases (KBs), such as Freebase, DBPedia, NELL, and YAGO. While these KBs are very large, they are still very incomplete, necessitating the use of inference to fill in gaps. Prior work has  ...", "url_pdf": null, "num_citations": 13, "cluster_id": "2054528976558558507", "year": "2014", "url_citations": "http://scholar.google.com/scholar?cites=2054528976558558507&as_sdt=2005&sciodt=1,5&hl=en"}, {"num_versions": 11, "url_citation": null, "title": "Dcu: Aspect-based polarity classification for semeval task 4", "url": "http://www.aclweb.org/anthology/S/S14/S14-2.pdf#page=243", "url_versions": "http://scholar.google.com/scholar?cluster=11129196584585283589&hl=en&as_sdt=1,5&sciodt=1,5&as_vis=1", "authors": "J Wagner, P Arora, S Cortes, U Barman\u2026 - Proceedings of the 8th  \u2026", "excerpt": "Abstract We describe the work carried out by DCU on the Aspect Based Sentiment Analysis task at SemEval 2014. Our team submitted one constrained run for the restaurant domain and one for the laptop domain for sub-task B (aspect term polarity prediction), ranking  ...", "url_pdf": null, "num_citations": 12, "cluster_id": "11129196584585283589", "year": "2014", "url_citations": "http://scholar.google.com/scholar?cites=11129196584585283589&as_sdt=2005&sciodt=1,5&hl=en"}, {"num_versions": 0, "url_citation": null, "title": "Transition-based dependency parsing with stack long short-term memory", "url": "http://arxiv.org/abs/1505.08075", "url_versions": null, "authors": "C Dyer, M Ballesteros, W Ling, A Matthews\u2026 - arXiv preprint arXiv: \u2026", "excerpt": "Abstract: We propose a technique for learning representations of parser states in transition-based dependency parsers. Our primary innovation is a new control structure for sequence-to-sequence neural networks---the stack LSTM. Like the conventional stack data  ...", "url_pdf": null, "num_citations": 10, "cluster_id": "14180674818440394404", "year": "2015", "url_citations": "http://scholar.google.com/scholar?cites=14180674818440394404&as_sdt=2005&sciodt=1,5&hl=en"}]