[{"num_versions": 2, "url_citation": null, "title": "\u0130\u015eLETME ALANINDAK\u0130 L\u0130SANS VE \u00d6NL\u0130SANS \u00d6\u011eRENC\u0130LER\u0130N\u0130N \u00d6\u011eRENME YAKLA\u015eIMLARI \u00dcZER\u0130NE B\u0130R ARA\u015eTIRMA.", "url": "http://birimler.dpu.edu.tr/app/views/panel/ckfinder/userfiles/17/files/DERG_/42/9.pdf", "url_versions": "http://scholar.google.com/scholar?cluster=17981035898112886783&hl=en&as_sdt=1,5&sciodt=1,5&as_vis=1", "authors": "Y AYANO\u011eLU, A C\u0130\u011eER\u2026 - \u2026  University Journal of  \u2026", "excerpt": "\u00d6ZET: \u00d6\u011frenme yakla\u015f\u0131m\u0131; \u00f6\u011frencinin kendi kendine \u00f6\u011frenmesini kolayla\u015ft\u0131ran, \u00f6\u011frenmenin niteli\u011fini belirleyen, \u00f6\u011frencinin \u00f6\u011frenme konusunu ele alma niyetine ba\u011fl\u0131 olarak ortaya \u00e7\u0131kan y\u00f6nelimini (anlam arama, ezberleme, vb.) ifade eden, ayr\u0131ca  ...", "url_pdf": "http://birimler.dpu.edu.tr/app/views/panel/ckfinder/userfiles/17/files/DERG_/42/9.pdf", "num_citations": 0, "cluster_id": null, "year": "2014", "url_citations": null}, {"num_versions": 11, "url_citation": null, "title": "Assessing the reliability and validity of the Revised Two Factor Study Process Questionnaire (R-SPQ2F) in Ghanaian medical students", "url": "http://www.ncbi.nlm.nih.gov/pmc/articles/PMC4309935/", "url_versions": "http://scholar.google.com/scholar?cluster=8343955632630471378&hl=en&as_sdt=1,5&sciodt=1,5&as_vis=1", "authors": "V Mogre, A Amalba - Journal of educational evaluation for health  \u2026", "excerpt": "Purpose: We investigated the validity and reliability of the Revised Two Factor Study Process Questionnaire (R-SPQ2F) in preclinical students in Ghana. Methods: The R-SPQ2F was administered to 189 preclinical students of the University for Development Studies,  ...", "url_pdf": null, "num_citations": 1, "cluster_id": "8343955632630471378", "year": "2014", "url_citations": "http://scholar.google.com/scholar?cites=8343955632630471378&as_sdt=2005&sciodt=1,5&hl=en"}, {"num_versions": 4, "url_citation": null, "title": "Approaches to learning among Ghanaian students following a PBL-based medical", "url": "http://eduimed.com/index.php/eimj/article/view/319", "url_versions": "http://scholar.google.com/scholar?cluster=16201123275718518238&hl=en&as_sdt=1,5&sciodt=1,5&as_vis=1", "authors": "V Mogre, A Amalba - Education in Medicine Journal", "excerpt": "Abstract Introduction: Students approaches to learning influences their understanding of the concepts of a subject matter. A learning approach considers the motivation and the strategies employed by the student to learn Objective: To investigate the learning  ...", "url_pdf": null, "num_citations": 1, "cluster_id": "16201123275718518238", "year": "2015", "url_citations": "http://scholar.google.com/scholar?cites=16201123275718518238&as_sdt=2005&sciodt=1,5&hl=en"}]