[{"num_versions": 27, "url_citation": null, "title": "Why does unsupervised pre-training help deep learning?", "url": "http://dl.acm.org/citation.cfm?id=1756025", "url_versions": "http://scholar.google.com/scholar?cluster=13018263321881826087&hl=en&as_sdt=1,5&sciodt=1,5&as_vis=1", "authors": "D Erhan, Y Bengio, A Courville, PA Manzagol\u2026 - The Journal of Machine \u2026", "excerpt": "Abstract Much recent research has been devoted to learning algorithms for deep architectures such as Deep Belief Networks and stacks of auto-encoder variants, with impressive results obtained in several areas, mostly on vision and language data sets.  ...", "url_pdf": null, "num_citations": 431, "cluster_id": "13018263321881826087", "year": "2010", "url_citations": "http://scholar.google.com/scholar?cites=13018263321881826087&as_sdt=2005&sciodt=1,5&hl=en"}, {"num_versions": 29, "url_citation": null, "title": "Extracting and composing robust features with denoising autoencoders", "url": "http://dl.acm.org/citation.cfm?id=1390294", "url_versions": "http://scholar.google.com/scholar?cluster=7817802389471101066&hl=en&as_sdt=1,5&sciodt=1,5&as_vis=1", "authors": "P Vincent, H Larochelle, Y Bengio\u2026 - Proceedings of the 25th  \u2026", "excerpt": "Abstract Previous work has shown that the difficulties in learning deep generative or discriminative models can be overcome by an initial unsupervised learning step that maps inputs to useful intermediate representations. We introduce and motivate a new training  ...", "url_pdf": null, "num_citations": 694, "cluster_id": "7817802389471101066", "year": "2008", "url_citations": "http://scholar.google.com/scholar?cites=7817802389471101066&as_sdt=2005&sciodt=1,5&hl=en"}, {"num_versions": 14, "url_citation": null, "title": "Deep belief networks are compact universal approximators", "url": "http://www.mitpressjournals.org/doi/abs/10.1162/neco.2010.08-09-1081", "url_versions": "http://scholar.google.com/scholar?cluster=5521806026195316228&hl=en&as_sdt=1,5&sciodt=1,5&as_vis=1", "authors": "N Le Roux, Y Bengio - Neural computation", "excerpt": "Deep belief networks (DBN) are generative models with many layers of hidden causal variables, recently introduced by Hinton, Osindero, and Teh (2006), along with a greedy layer-wise unsupervised learning algorithm. Building on Le Roux and Bengio (2008) and  ...", "url_pdf": null, "num_citations": 49, "cluster_id": "5521806026195316228", "year": "2010", "url_citations": "http://scholar.google.com/scholar?cites=5521806026195316228&as_sdt=2005&sciodt=1,5&hl=en"}, {"num_versions": 8, "url_citation": null, "title": "Hallucinations in Charles Bonnet syndrome induced by homeostasis: a deep Boltzmann machine model", "url": "http://papers.nips.cc/paper/4097-hallucinations-in-charles-bonnet-syndrome-induced-by-homeostasis-a-deep-boltzmann-machine-model", "url_versions": "http://scholar.google.com/scholar?cluster=8085514418690247013&hl=en&as_sdt=1,5&sciodt=1,5&as_vis=1", "authors": "P Series, DP Reichert, AJ Storkey - Advances in Neural Information  \u2026", "excerpt": "Abstract The Charles Bonnet Syndrome (CBS) is characterized by complex vivid visual hallucinations in people with, primarily, eye diseases and no other neurological pathology. We present a Deep Boltzmann Machine model of CBS, exploring two core hypotheses:  ...", "url_pdf": null, "num_citations": 45, "cluster_id": "8085514418690247013", "year": "2010", "url_citations": "http://scholar.google.com/scholar?cites=8085514418690247013&as_sdt=2005&sciodt=1,5&hl=en"}, {"num_versions": 16, "url_citation": null, "title": "Fast and robust learning by reinforcement signals: explorations in the insect brain", "url": "http://www.mitpressjournals.org/doi/abs/10.1162/neco.2009.03-08-733", "url_versions": "http://scholar.google.com/scholar?cluster=2629263966030966704&hl=en&as_sdt=1,5&sciodt=1,5&as_vis=1", "authors": "R Huerta, T Nowotny - Neural computation", "excerpt": "We propose a model for pattern recognition in the insect brain. Departing from a well-known body of knowledge about the insect brain, we investigate which of the potentially present features may be useful to learn input patterns rapidly and in a stable manner. The  ...", "url_pdf": null, "num_citations": 50, "cluster_id": "2629263966030966704", "year": "2009", "url_citations": "http://scholar.google.com/scholar?cites=2629263966030966704&as_sdt=2005&sciodt=1,5&hl=en"}, {"num_versions": 17, "url_citation": null, "title": "Large-scale deep unsupervised learning using graphics processors", "url": "http://dl.acm.org/citation.cfm?id=1553486", "url_versions": "http://scholar.google.com/scholar?cluster=13426042418912414400&hl=en&as_sdt=1,5&sciodt=1,5&as_vis=1", "authors": "R Raina, A Madhavan, AY Ng - Proceedings of the 26th annual  \u2026", "excerpt": "Abstract The promise of unsupervised learning methods lies in their potential to use vast amounts of unlabeled data to learn complex, highly nonlinear models with millions of free parameters. We consider two well-known unsupervised learning models, deep belief  ...", "url_pdf": null, "num_citations": 175, "cluster_id": "13426042418912414400", "year": "2009", "url_citations": "http://scholar.google.com/scholar?cites=13426042418912414400&as_sdt=2005&sciodt=1,5&hl=en"}, {"num_versions": 14, "url_citation": null, "title": "Real-time classification and sensor fusion with a spiking deep belief network", "url": "http://www.ncbi.nlm.nih.gov/pmc/articles/PMC3792559/", "url_versions": "http://scholar.google.com/scholar?cluster=7776536154562292662&hl=en&as_sdt=1,5&sciodt=1,5&as_vis=1", "authors": "P O'Connor, D Neil, SC Liu, T Delbruck\u2026 - Frontiers in  \u2026", "excerpt": "Abstract Deep Belief Networks (DBNs) have recently shown impressive performance on a broad range of classification problems. Their generative properties allow better understanding of the performance, and provide a simpler solution for sensor fusion tasks.  ...", "url_pdf": null, "num_citations": 41, "cluster_id": "7776536154562292662", "year": "2013", "url_citations": "http://scholar.google.com/scholar?cites=7776536154562292662&as_sdt=2005&sciodt=1,5&hl=en"}, {"num_versions": 17, "url_citation": null, "title": "Stacked denoising autoencoders: Learning useful representations in a deep network with a local denoising criterion", "url": "http://dl.acm.org/citation.cfm?id=1953039", "url_versions": "http://scholar.google.com/scholar?cluster=13548556499559547747&hl=en&as_sdt=1,5&sciodt=1,5&as_vis=1", "authors": "P Vincent, H Larochelle, I Lajoie, Y Bengio\u2026 - The Journal of Machine \u2026", "excerpt": "Abstract We explore an original strategy for building deep networks, based on stacking layers of denoising autoencoders which are trained locally to denoise corrupted versions of their inputs. The resulting algorithm is a straightforward variation on the stacking of  ...", "url_pdf": null, "num_citations": 535, "cluster_id": "13548556499559547747", "year": "2010", "url_citations": "http://scholar.google.com/scholar?cites=13548556499559547747&as_sdt=2005&sciodt=1,5&hl=en"}, {"num_versions": 12, "url_citation": null, "title": "Reading digits in natural images with unsupervised feature learning", "url": "http://research.google.com/pubs/archive/37648.pdf", "url_versions": "http://scholar.google.com/scholar?cluster=7762358874624651999&hl=en&as_sdt=1,5&sciodt=1,5&as_vis=1", "authors": "Y Netzer, T Wang, A Coates\u2026 - NIPS workshop on  \u2026", "excerpt": "Abstract Detecting and reading text from natural images is a hard computer vision task that is central to a variety of emerging applications. Related problems like document character recognition have been widely studied by computer vision and machine learning  ...", "url_pdf": "http://research.google.com/pubs/archive/37648.pdf", "num_citations": 98, "cluster_id": "7762358874624651999", "year": "2011", "url_citations": "http://scholar.google.com/scholar?cites=7762358874624651999&as_sdt=2005&sciodt=1,5&hl=en"}, {"num_versions": 15, "url_citation": null, "title": "A tutorial on stochastic approximation algorithms for training restricted Boltzmann machines and deep belief nets", "url": "http://ieeexplore.ieee.org/xpls/abs_all.jsp?arnumber=5454138", "url_versions": "http://scholar.google.com/scholar?cluster=16820952670766496210&hl=en&as_sdt=1,5&sciodt=1,5&as_vis=1", "authors": "K Swersky, B Chen, B Marlin\u2026 - Information Theory and  \u2026", "excerpt": "Abstract\u2014In this study, we provide a direct comparison of the Stochastic Maximum Likelihood algorithm and Contrastive Divergence for training Restricted Boltzmann Machines using the MNIST data set. We demonstrate that Stochastic Maximum Likelihood  ...", "url_pdf": null, "num_citations": 32, "cluster_id": "16820952670766496210", "year": "2010", "url_citations": "http://scholar.google.com/scholar?cites=16820952670766496210&as_sdt=2005&sciodt=1,5&hl=en"}, {"num_versions": 12, "url_citation": null, "title": "Learning algorithms for the classification restricted boltzmann machine", "url": "http://dl.acm.org/citation.cfm?id=2188407", "url_versions": "http://scholar.google.com/scholar?cluster=114088861233837212&hl=en&as_sdt=1,5&sciodt=1,5&as_vis=1", "authors": "H Larochelle, M Mandel, R Pascanu\u2026 - The Journal of Machine  \u2026", "excerpt": "Abstract Recent developments have demonstrated the capacity of restricted Boltzmann machines (RBM) to be powerful generative models, able to extract useful features from input data or construct deep artificial neural networks. In such settings, the RBM only yields a  ...", "url_pdf": null, "num_citations": 53, "cluster_id": "114088861233837212", "year": "2012", "url_citations": "http://scholar.google.com/scholar?cites=114088861233837212&as_sdt=2005&sciodt=1,5&hl=en"}, {"num_versions": 25, "url_citation": null, "title": "Unsupervised and supervised visual codes with restricted boltzmann machines", "url": "http://link.springer.com/chapter/10.1007/978-3-642-33715-4_22", "url_versions": "http://scholar.google.com/scholar?cluster=9571544487173720779&hl=en&as_sdt=1,5&sciodt=1,5&as_vis=1", "authors": "H Goh, N Thome, M Cord, JH Lim - Computer Vision\u2013ECCV", "excerpt": "Abstract Recently, the coding of local features (eg SIFT) for image categorization tasks has been extensively studied. Incorporated within the Bag of Words (BoW) framework, these techniques optimize the projection of local features into the visual codebook, leading to  ...", "url_pdf": null, "num_citations": 35, "cluster_id": "9571544487173720779", "year": "2012", "url_citations": "http://scholar.google.com/scholar?cites=9571544487173720779&as_sdt=2005&sciodt=1,5&hl=en"}, {"num_versions": 9, "url_citation": null, "title": "Unsupervised learning of generative and discriminative weights encoding elementary image components in a predictive coding model of cortical function", "url": "http://www.mitpressjournals.org/doi/abs/10.1162/NECO_a_00222", "url_versions": "http://scholar.google.com/scholar?cluster=5503648516470313769&hl=en&as_sdt=1,5&sciodt=1,5&as_vis=1", "authors": "MW Spratling - Neural Computation", "excerpt": "A method is presented for learning the reciprocal feedforward and feedback connections required by the predictive coding model of cortical function. When this method is used, feedforward and feedback connections are learned simultaneously and independently in  ...", "url_pdf": null, "num_citations": 52, "cluster_id": "5503648516470313769", "year": "2012", "url_citations": "http://scholar.google.com/scholar?cites=5503648516470313769&as_sdt=2005&sciodt=1,5&hl=en"}, {"num_versions": 10, "url_citation": null, "title": "Deep learning of representations: Looking forward", "url": "http://link.springer.com/chapter/10.1007/978-3-642-39593-2_1", "url_versions": "http://scholar.google.com/scholar?cluster=16988628068303769209&hl=en&as_sdt=1,5&sciodt=1,5&as_vis=1", "authors": "Y Bengio - Statistical Language and Speech Processing", "excerpt": "Abstract Deep learning research aims at discovering learning algorithms that discover multiple levels of distributed representations, with higher levels representing more abstract concepts. Although the study of deep learning has already led to impressive theoretical  ...", "url_pdf": null, "num_citations": 86, "cluster_id": "16988628068303769209", "year": "2013", "url_citations": "http://scholar.google.com/scholar?cites=16988628068303769209&as_sdt=2005&sciodt=1,5&hl=en"}, {"num_versions": 11, "url_citation": null, "title": "Learning Sparse Feature Representations for Music Annotation and Retrieval.", "url": "http://168.62.193.77/malcolm/yahoo/Nam2012%28LearningSparseFeaturesForMusic%29.pdf", "url_versions": "http://scholar.google.com/scholar?cluster=5398520130773801478&hl=en&as_sdt=1,5&sciodt=1,5&as_vis=1", "authors": "J Nam, J Herrera, M Slaney, JO Smith - ISMIR", "excerpt": "ABSTRACT We present a data-processing pipeline based on sparse feature learning and describe its applications to music annotation and retrieval. Content-based music annotation and retrieval systems process audio starting with features. While commonly used features,  ...", "url_pdf": "http://168.62.193.77/malcolm/yahoo/Nam2012%28LearningSparseFeaturesForMusic%29.pdf", "num_citations": 31, "cluster_id": "5398520130773801478", "year": "2012", "url_citations": "http://scholar.google.com/scholar?cites=5398520130773801478&as_sdt=2005&sciodt=1,5&hl=en"}, {"num_versions": 4, "url_citation": null, "title": "What is the best multi-stage architecture for object recognition?", "url": "http://ieeexplore.ieee.org/xpls/abs_all.jsp?arnumber=5459469", "url_versions": "http://scholar.google.com/scholar?cluster=10883225715169887508&hl=en&as_sdt=1,5&sciodt=1,5&as_vis=1", "authors": "K Jarrett, K Kavukcuoglu, MA Ranzato\u2026 - Computer Vision", "excerpt": "Abstract In many recent object recognition systems, feature extraction stages are generally composed of a filter bank, a non-linear transformation, and some sort of feature pooling layer. Most systems use only one stage of feature extraction in which the filters are hard- ...", "url_pdf": null, "num_citations": 565, "cluster_id": "10883225715169887508", "year": "2009", "url_citations": "http://scholar.google.com/scholar?cites=10883225715169887508&as_sdt=2005&sciodt=1,5&hl=en"}, {"num_versions": 64, "url_citation": null, "title": "Learning deep architectures for AI", "url": "http://dl.acm.org/citation.cfm?id=1658424", "url_versions": "http://scholar.google.com/scholar?cluster=5331804836605365413&hl=en&as_sdt=1,5&sciodt=1,5&as_vis=1", "authors": "Y Bengio - Foundations and trends\u00ae in Machine Learning", "excerpt": "Abstract Theoretical results suggest that in order to learn the kind of complicated functions that can represent high-level abstractions (eg, in vision, language, and other AI-level tasks), one may need deep architectures. Deep architectures are composed of multiple levels of  ...", "url_pdf": null, "num_citations": 1847, "cluster_id": "5331804836605365413", "year": "2009", "url_citations": "http://scholar.google.com/scholar?cites=5331804836605365413&as_sdt=2005&sciodt=1,5&hl=en"}, {"num_versions": 20, "url_citation": null, "title": "Inductive principles for restricted Boltzmann machine learning", "url": "http://machinelearning.wustl.edu/mlpapers/paper_files/AISTATS2010_MarlinSCF10.pdf", "url_versions": "http://scholar.google.com/scholar?cluster=7006522565861675272&hl=en&as_sdt=1,5&sciodt=1,5&as_vis=1", "authors": "BM Marlin, K Swersky, B Chen\u2026 - International  \u2026", "excerpt": "Abstract Recent research has seen the proposal of several new inductive principles designed specifically to avoid the problems associated with maximum likelihood learning in models with intractable partition functions. In this paper, we study learning methods for  ...", "url_pdf": "http://machinelearning.wustl.edu/mlpapers/paper_files/AISTATS2010_MarlinSCF10.pdf", "num_citations": 64, "cluster_id": "7006522565861675272", "year": "2010", "url_citations": "http://scholar.google.com/scholar?cites=7006522565861675272&as_sdt=2005&sciodt=1,5&hl=en"}, {"num_versions": 14, "url_citation": null, "title": "Deep learning in neural networks: An overview", "url": "http://www.sciencedirect.com/science/article/pii/S0893608014002135", "url_versions": "http://scholar.google.com/scholar?cluster=15932869302045479284&hl=en&as_sdt=1,5&sciodt=1,5&as_vis=1", "authors": "J Schmidhuber - Neural Networks", "excerpt": "Abstract In recent years, deep artificial neural networks (including recurrent ones) have won numerous contests in pattern recognition and machine learning. This historical survey compactly summarizes relevant work, much of it from the previous millennium. Shallow  ...", "url_pdf": null, "num_citations": 143, "cluster_id": "15932869302045479284", "year": "2015", "url_citations": "http://scholar.google.com/scholar?cites=15932869302045479284&as_sdt=2005&sciodt=1,5&hl=en"}, {"num_versions": 6, "url_citation": null, "title": "Roles of pre-training and fine-tuning in context-dependent DBN-HMMs for real-world speech recognition", "url": "http://www.msr-waypoint.com/pubs/143619/dbn4asr-nips2010.pdf", "url_versions": "http://scholar.google.com/scholar?cluster=2085230840263552626&hl=en&as_sdt=1,5&sciodt=1,5&as_vis=1", "authors": "D Yu, L Deng, G Dahl - Proc. NIPS Workshop on Deep Learning  \u2026", "excerpt": "Abstract Recently, deep learning techniques have been successfully applied to automatic speech recognition tasks--first to phonetic recognition with context-independent deep belief network (DBN) hidden Markov models (HMMs) and later to large vocabulary continuous  ...", "url_pdf": "http://www.msr-waypoint.com/pubs/143619/dbn4asr-nips2010.pdf", "num_citations": 99, "cluster_id": "2085230840263552626", "year": "2010", "url_citations": "http://scholar.google.com/scholar?cites=2085230840263552626&as_sdt=2005&sciodt=1,5&hl=en"}, {"num_versions": 12, "url_citation": null, "title": "Convolutional learning of spatio-temporal features", "url": "http://link.springer.com/chapter/10.1007/978-3-642-15567-3_11", "url_versions": "http://scholar.google.com/scholar?cluster=5439425817617387270&hl=en&as_sdt=1,5&sciodt=1,5&as_vis=1", "authors": "GW Taylor, R Fergus, Y LeCun, C Bregler - Computer Vision\u2013ECCV", "excerpt": "Abstract We address the problem of learning good features for understanding video data. We introduce a model that learns latent representations of image sequences from pairs of successive images. The convolutional architecture of our model allows it to scale to  ...", "url_pdf": null, "num_citations": 171, "cluster_id": "5439425817617387270", "year": "2010", "url_citations": "http://scholar.google.com/scholar?cites=5439425817617387270&as_sdt=2005&sciodt=1,5&hl=en"}, {"num_versions": 13, "url_citation": null, "title": "The difficulty of training deep architectures and the effect of unsupervised pre-training", "url": "http://machinelearning.wustl.edu/mlpapers/paper_files/AISTATS09_ErhanMBBV.pdf", "url_versions": "http://scholar.google.com/scholar?cluster=5399752359162851171&hl=en&as_sdt=1,5&sciodt=1,5&as_vis=1", "authors": "D Erhan, PA Manzagol, Y Bengio\u2026 - International  \u2026", "excerpt": "Abstract Whereas theoretical work suggests that deep architectures might be more efficient at representing highly-varying functions, training deep architectures was unsuccessful until the recent advent of algorithms based on unsupervised pretraining. Even though these  ...", "url_pdf": "http://machinelearning.wustl.edu/mlpapers/paper_files/AISTATS09_ErhanMBBV.pdf", "num_citations": 125, "cluster_id": "5399752359162851171", "year": "2009", "url_citations": "http://scholar.google.com/scholar?cites=5399752359162851171&as_sdt=2005&sciodt=1,5&hl=en"}, {"num_versions": 8, "url_citation": null, "title": "Prediction, explanation, and the role of generative models in language processing", "url": "http://journals.cambridge.org/abstract_S0140525X12002312", "url_versions": "http://scholar.google.com/scholar?cluster=17253931271473530706&hl=en&as_sdt=1,5&sciodt=1,5&as_vis=1", "authors": "TA Farmer, M Brown\u2026 - Behavioral and Brain  \u2026", "excerpt": "Abstract We propose, following Clark, that generative models also play a central role in the perception and interpretation of linguistic signals. The data explanation approach provides a rationale for the role of prediction in language processing and unifies a number of  ...", "url_pdf": null, "num_citations": 50, "cluster_id": "17253931271473530706", "year": "2013", "url_citations": "http://scholar.google.com/scholar?cites=17253931271473530706&as_sdt=2005&sciodt=1,5&hl=en"}, {"num_versions": 15, "url_citation": null, "title": "Unsupervised learning models of primary cortical receptive fields and receptive field plasticity", "url": "http://papers.nips.cc/paper/4331-unsupervised-learning-models-of-primary-cortical-receptive-fields-and-receptive-field-plasticity", "url_versions": "http://scholar.google.com/scholar?cluster=15798415369974079717&hl=en&as_sdt=1,5&sciodt=1,5&as_vis=1", "authors": "M Bhand, R Mudur, B Suresh, A Saxe\u2026 - Advances in neural  \u2026", "excerpt": "Abstract The efficient coding hypothesis holds that neural receptive fields are adapted to the statistics of the environment, but is agnostic to the timescale of this adaptation, which occurs on both evolutionary and developmental timescales. In this work we focus on that  ...", "url_pdf": null, "num_citations": 29, "cluster_id": "15798415369974079717", "year": "2011", "url_citations": "http://scholar.google.com/scholar?cites=15798415369974079717&as_sdt=2005&sciodt=1,5&hl=en"}, {"num_versions": 12, "url_citation": null, "title": "Learning to align from scratch", "url": "http://papers.nips.cc/paper/4769-learning-to-align-from-scratch", "url_versions": "http://scholar.google.com/scholar?cluster=8080465866779262823&hl=en&as_sdt=1,5&sciodt=1,5&as_vis=1", "authors": "G Huang, M Mattar, H Lee\u2026 - Advances in Neural  \u2026", "excerpt": "Abstract Unsupervised joint alignment of images has been demonstrated to improve performance on recognition tasks such as face verification. Such alignment reduces undesired variability due to factors such as pose, while only requiring weak supervision in  ...", "url_pdf": null, "num_citations": 47, "cluster_id": "8080465866779262823", "year": "2012", "url_citations": "http://scholar.google.com/scholar?cites=8080465866779262823&as_sdt=2005&sciodt=1,5&hl=en"}, {"num_versions": 13, "url_citation": null, "title": "Learning intermediate-level representations of form and motion from natural movies", "url": "http://www.mitpressjournals.org/doi/abs/10.1162/NECO_a_00247", "url_versions": "http://scholar.google.com/scholar?cluster=1348171871610173742&hl=en&as_sdt=1,5&sciodt=1,5&as_vis=1", "authors": "CF Cadieu, BA Olshausen - Neural computation", "excerpt": "We present a model of intermediate-level visual representation that is based on learning invariances from movies of the natural environment. The model is composed of two stages of processing: an early feature representation layer and a second layer in which invariances  ...", "url_pdf": null, "num_citations": 48, "cluster_id": "1348171871610173742", "year": "2012", "url_citations": "http://scholar.google.com/scholar?cites=1348171871610173742&as_sdt=2005&sciodt=1,5&hl=en"}, {"num_versions": 16, "url_citation": null, "title": "Measuring invariances in deep networks", "url": "http://papers.nips.cc/paper/3790-measuring-invariances-in-deep-networks", "url_versions": "http://scholar.google.com/scholar?cluster=10810592820351129263&hl=en&as_sdt=1,5&sciodt=1,5&as_vis=1", "authors": "I Goodfellow, H Lee, QV Le, A Saxe\u2026 - Advances in neural  \u2026", "excerpt": "Abstract For many computer vision applications, the ideal image feature would be invariant to multiple confounding image properties, such as illumination and viewing angle. Recently, deep architectures trained in an unsupervised manner have been proposed as an  ...", "url_pdf": null, "num_citations": 136, "cluster_id": "10810592820351129263", "year": "2009", "url_citations": "http://scholar.google.com/scholar?cites=10810592820351129263&as_sdt=2005&sciodt=1,5&hl=en"}, {"num_versions": 11, "url_citation": null, "title": "Efficient learning of sparse, distributed, convolutional feature representations for object recognition", "url": "http://ieeexplore.ieee.org/xpls/abs_all.jsp?arnumber=6126554", "url_versions": "http://scholar.google.com/scholar?cluster=3594964184398112729&hl=en&as_sdt=1,5&sciodt=1,5&as_vis=1", "authors": "K Sohn, DY Jung, H Lee\u2026 - Computer Vision (ICCV),  \u2026", "excerpt": "Abstract Informative image representations are important in achieving state-of-the-art performance in object recognition tasks. Among feature learning algorithms that are used to develop image representations, restricted Boltzmann machines (RBMs) have good  ...", "url_pdf": null, "num_citations": 71, "cluster_id": "3594964184398112729", "year": "2011", "url_citations": "http://scholar.google.com/scholar?cites=3594964184398112729&as_sdt=2005&sciodt=1,5&hl=en"}, {"num_versions": 10, "url_citation": null, "title": "Image denoising and inpainting with deep neural networks", "url": "http://papers.nips.cc/paper/4686-image-denoising-and-inpainting-with-deep-neural-networks", "url_versions": "http://scholar.google.com/scholar?cluster=6118112247085297920&hl=en&as_sdt=1,5&sciodt=1,5&as_vis=1", "authors": "J Xie, L Xu, E Chen - Advances in Neural Information Processing  \u2026", "excerpt": "Abstract We present a novel approach to low-level vision problems that combines sparse coding and deep networks pre-trained with denoising auto-encoder (DA). We propose an alternative training scheme that successfully adapts DA, originally designed for  ...", "url_pdf": null, "num_citations": 48, "cluster_id": "6118112247085297920", "year": "2012", "url_citations": "http://scholar.google.com/scholar?cites=6118112247085297920&as_sdt=2005&sciodt=1,5&hl=en"}, {"num_versions": 25, "url_citation": null, "title": "Multimodal deep learning", "url": "http://machinelearning.wustl.edu/mlpapers/paper_files/ICML2011Ngiam_399.pdf", "url_versions": "http://scholar.google.com/scholar?cluster=4020282035517476898&hl=en&as_sdt=1,5&sciodt=1,5&as_vis=1", "authors": "J Ngiam, A Khosla, M Kim, J Nam\u2026 - Proceedings of the  \u2026", "excerpt": "Abstract Deep networks have been successfully applied to unsupervised feature learning for single modalities (eg, text, images or audio). In this work, we propose a novel application of deep networks to learn features over multiple modalities. We present a series of tasks for  ...", "url_pdf": "http://machinelearning.wustl.edu/mlpapers/paper_files/ICML2011Ngiam_399.pdf", "num_citations": 248, "cluster_id": "4020282035517476898", "year": "2011", "url_citations": "http://scholar.google.com/scholar?cites=4020282035517476898&as_sdt=2005&sciodt=1,5&hl=en"}, {"num_versions": 16, "url_citation": null, "title": "A Classification-Based Polyphonic Piano Transcription Approach Using Learned Feature Representations.", "url": "http://www.ismir2011.ismir.net/papers/PS2-1.pdf", "url_versions": "http://scholar.google.com/scholar?cluster=8020357070578779148&hl=en&as_sdt=1,5&sciodt=1,5&as_vis=1", "authors": "J Nam, J Ngiam, H Lee, M Slaney - ISMIR", "excerpt": "ABSTRACT Recently unsupervised feature learning methods have shown great promise as a way of extracting features from high dimensional data, such as image or audio. In this paper, we apply deep belief networks to musical data and evaluate the learned feature  ...", "url_pdf": "http://www.ismir2011.ismir.net/papers/PS2-1.pdf", "num_citations": 30, "cluster_id": "8020357070578779148", "year": "2011", "url_citations": "http://scholar.google.com/scholar?cites=8020357070578779148&as_sdt=2005&sciodt=1,5&hl=en"}, {"num_versions": 13, "url_citation": null, "title": "Sparse filtering", "url": "http://papers.nips.cc/paper/4334-sparse-filtering", "url_versions": "http://scholar.google.com/scholar?cluster=15047733252691508486&hl=en&as_sdt=1,5&sciodt=1,5&as_vis=1", "authors": "J Ngiam, Z Chen, SA Bhaskar, PW Koh\u2026 - Advances in Neural  \u2026", "excerpt": "Abstract Unsupervised feature learning has been shown to be effective at learning representations that perform well on image, video and audio classification. However, many existing feature learning algorithms are hard to use and require extensive hyperparameter  ...", "url_pdf": null, "num_citations": 66, "cluster_id": "15047733252691508486", "year": "2011", "url_citations": "http://scholar.google.com/scholar?cites=15047733252691508486&as_sdt=2005&sciodt=1,5&hl=en"}, {"num_versions": 25, "url_citation": null, "title": "Convolutional deep belief networks for scalable unsupervised learning of hierarchical representations", "url": "http://dl.acm.org/citation.cfm?id=1553453", "url_versions": "http://scholar.google.com/scholar?cluster=14272331216913182998&hl=en&as_sdt=1,5&sciodt=1,5&as_vis=1", "authors": "H Lee, R Grosse, R Ranganath, AY Ng - Proceedings of the 26th Annual  \u2026", "excerpt": "Abstract There has been much interest in unsupervised learning of hierarchical generative models such as deep belief networks. Scaling such models to full-sized, high-dimensional images remains a difficult problem. To address this problem, we present the convolutional  ...", "url_pdf": null, "num_citations": 805, "cluster_id": "14272331216913182998", "year": "2009", "url_citations": "http://scholar.google.com/scholar?cites=14272331216913182998&as_sdt=2005&sciodt=1,5&hl=en"}, {"num_versions": 15, "url_citation": null, "title": "Two distributed-state models for generating high-dimensional time series", "url": "http://dl.acm.org/citation.cfm?id=2021035", "url_versions": "http://scholar.google.com/scholar?cluster=15195721204248355551&hl=en&as_sdt=1,5&sciodt=1,5&as_vis=1", "authors": "GW Taylor, GE Hinton, ST Roweis - The Journal of Machine Learning  \u2026", "excerpt": "Abstract In this paper we develop a class of nonlinear generative models for high-dimensional time series. We first propose a model based on the restricted Boltzmann machine (RBM) that uses an undirected model with binary latent variables and real- ...", "url_pdf": null, "num_citations": 37, "cluster_id": "15195721204248355551", "year": "2011", "url_citations": "http://scholar.google.com/scholar?cites=15195721204248355551&as_sdt=2005&sciodt=1,5&hl=en"}, {"num_versions": 17, "url_citation": null, "title": "Learning a generative model of images by factoring appearance and shape", "url": "http://www.mitpressjournals.org/doi/abs/10.1162/NECO_a_00086", "url_versions": "http://scholar.google.com/scholar?cluster=10303302352049198632&hl=en&as_sdt=1,5&sciodt=1,5&as_vis=1", "authors": "N Le Roux, N Heess, J Shotton, J Winn - Neural Computation", "excerpt": "Computer vision has grown tremendously in the past two decades. Despite all efforts, existing attempts at matching parts of the human visual system's extraordinary ability to understand visual scenes lack either scope or power. By combining the advantages of  ...", "url_pdf": null, "num_citations": 39, "cluster_id": "10303302352049198632", "year": "2011", "url_citations": "http://scholar.google.com/scholar?cites=10303302352049198632&as_sdt=2005&sciodt=1,5&hl=en"}, {"num_versions": 33, "url_citation": null, "title": "Representation learning: A review and new perspectives", "url": "http://ieeexplore.ieee.org/xpls/abs_all.jsp?arnumber=6472238", "url_versions": "http://scholar.google.com/scholar?cluster=559463397382443088&hl=en&as_sdt=1,5&sciodt=1,5&as_vis=1", "authors": "Y Bengio, A Courville, P Vincent - Pattern Analysis and  \u2026", "excerpt": "Abstract\u2014The success of machine learning algorithms generally depends on data representation, and we hypothesize that this is because different representations can entangle and hide more or less the different explanatory factors of variation behind the  ...", "url_pdf": null, "num_citations": 685, "cluster_id": "559463397382443088", "year": "2013", "url_citations": "http://scholar.google.com/scholar?cites=559463397382443088&as_sdt=2005&sciodt=1,5&hl=en"}, {"num_versions": 22, "url_citation": null, "title": "Unsupervised feature learning for audio classification using convolutional deep belief networks", "url": "http://papers.nips.cc/paper/3674-unsupervised-feature-learning-for", "url_versions": "http://scholar.google.com/scholar?cluster=2046036768079393393&hl=en&as_sdt=1,5&sciodt=1,5&as_vis=1", "authors": "H Lee, P Pham, Y Largman, AY Ng - Advances in neural information  \u2026", "excerpt": "Abstract In recent years, deep learning approaches have gained significant interest as a way of building hierarchical representations from unlabeled data. However, to our knowledge, these deep learning approaches have not been extensively studied for auditory data. In  ...", "url_pdf": null, "num_citations": 294, "cluster_id": "2046036768079393393", "year": "2009", "url_citations": "http://scholar.google.com/scholar?cites=2046036768079393393&as_sdt=2005&sciodt=1,5&hl=en"}, {"num_versions": 40, "url_citation": null, "title": "Whatever next? Predictive brains, situated agents, and the future of cognitive science", "url": "http://journals.cambridge.org/abstract_S0140525X12000477", "url_versions": "http://scholar.google.com/scholar?cluster=4118706681511591597&hl=en&as_sdt=1,5&sciodt=1,5&as_vis=1", "authors": "A Clark - Behavioral and Brain Sciences", "excerpt": "Abstract Brains, it has recently been argued, are essentially prediction machines. They are bundles of cells that support perception and action by constantly attempting to match incoming sensory inputs with top-down expectations or predictions. This is achieved using  ...", "url_pdf": null, "num_citations": 593, "cluster_id": "4118706681511591597", "year": "2013", "url_citations": "http://scholar.google.com/scholar?cites=4118706681511591597&as_sdt=2005&sciodt=1,5&hl=en"}, {"num_versions": 27, "url_citation": null, "title": "An analysis of single-layer networks in unsupervised feature learning", "url": "http://machinelearning.wustl.edu/mlpapers/paper_files/AISTATS2011_CoatesNL11.pdf", "url_versions": "http://scholar.google.com/scholar?cluster=16678777530215029568&hl=en&as_sdt=1,5&sciodt=1,5&as_vis=1", "authors": "A Coates, AY Ng, H Lee - International conference on  \u2026", "excerpt": "Abstract A great deal of research has focused on algorithms for learning features from unlabeled data. Indeed, much progress has been made on benchmark datasets like NORB and CIFAR by employing increasingly complex unsupervised learning algorithms and  ...", "url_pdf": "http://machinelearning.wustl.edu/mlpapers/paper_files/AISTATS2011_CoatesNL11.pdf", "num_citations": 507, "cluster_id": "16678777530215029568", "year": "2011", "url_citations": "http://scholar.google.com/scholar?cites=16678777530215029568&as_sdt=2005&sciodt=1,5&hl=en"}, {"num_versions": 13, "url_citation": null, "title": "Unsupervised learning of hierarchical representations with convolutional deep belief networks", "url": "http://dl.acm.org/citation.cfm?id=2001295", "url_versions": "http://scholar.google.com/scholar?cluster=482673234204412644&hl=en&as_sdt=1,5&sciodt=1,5&as_vis=1", "authors": "H Lee, R Grosse, R Ranganath, AY Ng - Communications of the ACM", "excerpt": "Abstract There has been much interest in unsupervised learning of hierarchical generative models such as deep belief networks (DBNs); however, scaling such models to full-sized, high-dimensional images remains a difficult problem. To address this problem, we present  ...", "url_pdf": null, "num_citations": 96, "cluster_id": "482673234204412644", "year": "2011", "url_citations": "http://scholar.google.com/scholar?cites=482673234204412644&as_sdt=2005&sciodt=1,5&hl=en"}, {"num_versions": 17, "url_citation": null, "title": "Are sparse representations really relevant for image classification?", "url": "http://ieeexplore.ieee.org/xpls/abs_all.jsp?arnumber=5995313", "url_versions": "http://scholar.google.com/scholar?cluster=7429207450644773129&hl=en&as_sdt=1,5&sciodt=1,5&as_vis=1", "authors": "R Rigamonti, M Brown, V Lepetit - Computer Vision and  \u2026", "excerpt": "Abstract Recent years have seen an increasing interest in sparse representations for image classification and object recognition, probably motivated by evidence from the analysis of the primate visual cortex. It is still unclear, however, whether or not sparsity helps  ...", "url_pdf": null, "num_citations": 151, "cluster_id": "7429207450644773129", "year": "2011", "url_citations": "http://scholar.google.com/scholar?cites=7429207450644773129&as_sdt=2005&sciodt=1,5&hl=en"}, {"num_versions": 42, "url_citation": null, "title": "Building high-level features using large scale unsupervised learning", "url": "http://ieeexplore.ieee.org/xpls/abs_all.jsp?arnumber=6639343", "url_versions": "http://scholar.google.com/scholar?cluster=13804624732817572151&hl=en&as_sdt=1,5&sciodt=1,5&as_vis=1", "authors": "QV Le - Acoustics, Speech and Signal Processing (ICASSP),  \u2026", "excerpt": "ABSTRACT We consider the problem of building high-level, class-specific feature detectors from only unlabeled data. For example, is it possible to learn a face detector using only unlabeled images? To answer this, we train a deep sparse autoencoder on a large  ...", "url_pdf": null, "num_citations": 605, "cluster_id": "13804624732817572151", "year": "2013", "url_citations": "http://scholar.google.com/scholar?cites=13804624732817572151&as_sdt=2005&sciodt=1,5&hl=en"}, {"num_versions": 6, "url_citation": null, "title": "Practical recommendations for gradient-based training of deep architectures", "url": "http://link.springer.com/chapter/10.1007/978-3-642-35289-8_26", "url_versions": "http://scholar.google.com/scholar?cluster=13214514639523956782&hl=en&as_sdt=1,5&sciodt=1,5&as_vis=1", "authors": "Y Bengio - Neural Networks: Tricks of the Trade", "excerpt": "Abstract Learning algorithms related to artificial neural networks and in particular for Deep Learning may seem to involve many bells and whistles, called hyper-parameters. This chapter is meant as a practical guide with recommendations for some of the most  ...", "url_pdf": null, "num_citations": 91, "cluster_id": "13214514639523956782", "year": "2012", "url_citations": "http://scholar.google.com/scholar?cites=13214514639523956782&as_sdt=2005&sciodt=1,5&hl=en"}, {"num_versions": 14, "url_citation": null, "title": "Stacks of convolutional restricted Boltzmann machines for shift-invariant feature learning", "url": "http://ieeexplore.ieee.org/xpls/abs_all.jsp?arnumber=5206577", "url_versions": "http://scholar.google.com/scholar?cluster=2220726666144744616&hl=en&as_sdt=1,5&sciodt=1,5&as_vis=1", "authors": "M Norouzi, M Ranjbar, G Mori - Computer Vision and Pattern  \u2026", "excerpt": "Abstract In this paper we present a method for learning classspecific features for recognition. Recently a greedy layerwise procedure was proposed to initialize weights of deep belief networks, by viewing each layer as a separate Restricted Boltzmann Machine (RBM). We  ...", "url_pdf": null, "num_citations": 76, "cluster_id": "2220726666144744616", "year": "2009", "url_citations": "http://scholar.google.com/scholar?cites=2220726666144744616&as_sdt=2005&sciodt=1,5&hl=en"}, {"num_versions": 17, "url_citation": null, "title": "Classification using discriminative restricted Boltzmann machines", "url": "http://dl.acm.org/citation.cfm?id=1390224", "url_versions": "http://scholar.google.com/scholar?cluster=17672551340160459740&hl=en&as_sdt=1,5&sciodt=1,5&as_vis=1", "authors": "H Larochelle, Y Bengio - \u2026  of the 25th international conference on  \u2026", "excerpt": "Abstract Recently, many applications for Restricted Boltzmann Machines (RBMs) have been developed for a large variety of learning problems. However, RBMs are usually used as feature extractors for another learning algorithm or to provide a good initialization for deep  ...", "url_pdf": null, "num_citations": 261, "cluster_id": "17672551340160459740", "year": "2008", "url_citations": "http://scholar.google.com/scholar?cites=17672551340160459740&as_sdt=2005&sciodt=1,5&hl=en"}, {"num_versions": 16, "url_citation": null, "title": "Deep sparse rectifier neural networks", "url": "http://machinelearning.wustl.edu/mlpapers/paper_files/AISTATS2011_GlorotBB11.pdf", "url_versions": "http://scholar.google.com/scholar?cluster=10040883758431450991&hl=en&as_sdt=1,5&sciodt=1,5&as_vis=1", "authors": "X Glorot, A Bordes, Y Bengio - International  \u2026", "excerpt": "Abstract While logistic sigmoid neurons are more biologically plausible than hyperbolic tangent neurons, the latter work better for training multi-layer neural networks. This paper shows that rectifying neurons are an even better model of biological neurons and yield  ...", "url_pdf": "http://machinelearning.wustl.edu/mlpapers/paper_files/AISTATS2011_GlorotBB11.pdf", "num_citations": 275, "cluster_id": "10040883758431450991", "year": "2011", "url_citations": "http://scholar.google.com/scholar?cites=10040883758431450991&as_sdt=2005&sciodt=1,5&hl=en"}, {"num_versions": 3, "url_citation": null, "title": "Visualizing higher-layer features of a deep network", "url": "http://igva2012.wikispaces.asu.edu/file/view/Erhan+2009+Visualizing+higher+layer+features+of+a+deep+network.pdf", "url_versions": "http://scholar.google.com/scholar?cluster=15692587631317576858&hl=en&as_sdt=1,5&sciodt=1,5&as_vis=1", "authors": "D Erhan, Y Bengio, A Courville\u2026 - \u2026 . IRO, Universit\u00e9 de \u2026", "excerpt": "Abstract Deep architectures have demonstrated state-of-the-art results in a variety of settings, especially with vision datasets. Beyond the model definitions and the quantitative analyses, there is a need for qualitative comparisons of the solutions learned by various  ...", "url_pdf": "http://igva2012.wikispaces.asu.edu/file/view/Erhan+2009+Visualizing+higher+layer+features+of+a+deep+network.pdf", "num_citations": 40, "cluster_id": "15692587631317576858", "year": "2009", "url_citations": "http://scholar.google.com/scholar?cites=15692587631317576858&as_sdt=2005&sciodt=1,5&hl=en"}, {"num_versions": 15, "url_citation": null, "title": "ICA with reconstruction cost for efficient overcomplete feature learning", "url": "http://papers.nips.cc/paper/4467-ica-with-reconstruction-cost-for-efficient-overcomplete-feature-learning", "url_versions": "http://scholar.google.com/scholar?cluster=10353415925673942557&hl=en&as_sdt=1,5&sciodt=1,5&as_vis=1", "authors": "QV Le, A Karpenko, J Ngiam, AY Ng - Advances in Neural  \u2026", "excerpt": "Abstract Independent Components Analysis (ICA) and its variants have been successfully used for unsupervised feature learning. However, standard ICA requires an orthonoramlity constraint to be enforced, which makes it dif\ufb01cult to learn overcomplete features. In  ...", "url_pdf": null, "num_citations": 100, "cluster_id": "10353415925673942557", "year": "2011", "url_citations": "http://scholar.google.com/scholar?cites=10353415925673942557&as_sdt=2005&sciodt=1,5&hl=en"}, {"num_versions": 5, "url_citation": null, "title": "Sparse multilayer perceptron for phoneme recognition", "url": "http://ieeexplore.ieee.org/xpls/abs_all.jsp?arnumber=5734801", "url_versions": "http://scholar.google.com/scholar?cluster=7356838642458205119&hl=en&as_sdt=1,5&sciodt=1,5&as_vis=1", "authors": "GSVS Sivaram, H Hermansky - Audio, Speech, and Language  \u2026", "excerpt": "Abstract\u2014This paper introduces the sparse multilayer perceptron (SMLP) which jointly learns a sparse feature representation and nonlinear classifier boundaries to optimally discriminate multiple output classes. SMLP learns the transformation from the inputs to the  ...", "url_pdf": null, "num_citations": 37, "cluster_id": "7356838642458205119", "year": "2012", "url_citations": "http://scholar.google.com/scholar?cites=7356838642458205119&as_sdt=2005&sciodt=1,5&hl=en"}]