[{"num_versions": 2, "url_citation": null, "title": "Game as a design instructional tool", "url": "http://cumincad.architexturez.net/system/files/pdf/caadria2003_c5-2.content.pdf", "url_versions": "http://scholar.google.com/scholar?cluster=14394253498379503200&hl=en&as_sdt=1,5&sciodt=1,5&as_vis=1", "authors": "WL Wang, SF Chien - CAADRIA", "excerpt": "Abstract. We propose to use games as instructional supports in architectural design studios. Games used in this context, or design games, exhibit six structural factors: rules, goals, outcomes/feedback, conflict/competition/challenge/opposition, interaction, and  ...", "url_pdf": "http://cumincad.architexturez.net/system/files/pdf/caadria2003_c5-2.content.pdf", "num_citations": 0, "cluster_id": null, "year": "2003", "url_citations": null}, {"num_versions": 2, "url_citation": null, "title": "Doing On Line Learning And Teaching", "url": "http://anzasca.net/wp-content/uploads/2014/08/susan_shannon.pdf", "url_versions": "http://scholar.google.com/scholar?cluster=11915019309226501477&hl=en&as_sdt=1,5&sciodt=1,5&as_vis=1", "authors": "S Shannon, A Radford, R Woodbury - Australian and New Zealand  \u2026", "excerpt": "SUMMARY We review experience over ten years of using computer mediated learning in key aspects of formmaking, and more recently construction and decision making processes in the built environment in architectural education. This has been a typical process of  ...", "url_pdf": "http://anzasca.net/wp-content/uploads/2014/08/susan_shannon.pdf", "num_citations": 2, "cluster_id": "11915019309226501477", "year": "2001", "url_citations": "http://scholar.google.com/scholar?cites=11915019309226501477&as_sdt=2005&sciodt=1,5&hl=en"}, {"num_versions": 7, "url_citation": null, "title": "Scaffolding reflective inquiry-enabling why-questioning while e-Learning", "url": "http://eprints.qut.edu.au/66665/", "url_versions": "http://scholar.google.com/scholar?cluster=13024155968952614950&hl=en&as_sdt=1,5&sciodt=1,5&as_vis=1", "authors": "J Mason - Research and Practice in Technology Enhanced  \u2026", "excerpt": "This paper presents some theoretical and interdisciplinary perspectives that might inform the design and development of information and communications technology (ICT) tools to support reflective inquiry during e-learning. The role of why-questioning provides the  ...", "url_pdf": null, "num_citations": 2, "cluster_id": "13024155968952614950", "year": "2012", "url_citations": "http://scholar.google.com/scholar?cites=13024155968952614950&as_sdt=2005&sciodt=1,5&hl=en"}, {"num_versions": 2, "url_citation": null, "title": "The dynamics of learner participation in a virtual learning environment", "url": "http://www.researchgate.net/profile/Lynette_Nagel/publication/265004027_The_Dynamics_of_Learner_Participation_in_a_Virtual_Learning_Environment/links/54d1f3e50cf25ba0f0421ba3.pdf", "url_versions": "http://scholar.google.com/scholar?cluster=17584668413413067024&hl=en&as_sdt=1,5&sciodt=1,5&as_vis=1", "authors": "L Nagel -", "excerpt": "\u201cInquiry in dialogue emerges from a course design that enables them [students] to construct their own knowledge, together. The facilitated online discussion is the container for this construction of meaning and useful outcomes\u201d(Collison, Elbaum, Haavind, & Tinker, 2000,  ...", "url_pdf": "http://www.researchgate.net/profile/Lynette_Nagel/publication/265004027_The_Dynamics_of_Learner_Participation_in_a_Virtual_Learning_Environment/links/54d1f3e50cf25ba0f0421ba3.pdf", "num_citations": 3, "cluster_id": "17584668413413067024", "year": "2007", "url_citations": "http://scholar.google.com/scholar?cites=17584668413413067024&as_sdt=2005&sciodt=1,5&hl=en"}, {"num_versions": 0, "url_citation": null, "title": "MELOR: Malaysian educational learning object repository: towards achieving e-learning", "url": "http://www.ftsm.ukm.my/yaz/Publications_files/Yazrina%20MELOR%20ICT%20%28Full%20Paper%29%202005.pdf", "url_versions": null, "authors": "Y Yahya, M Yusoff - \u2026  Kebangsaan ICT Dalam Pendidikan", "excerpt": "Abstract: The idea of online and reusable learning materials has emerged as early as in the nineties. Currently this concept is further developed by researchers in the area to generate new insights into storing and retrieval of the objects through the World Wide Web. Despite  ...", "url_pdf": "http://www.ftsm.ukm.my/yaz/Publications_files/Yazrina%20MELOR%20ICT%20%28Full%20Paper%29%202005.pdf", "num_citations": 1, "cluster_id": "7619897612655006532", "year": "2005", "url_citations": "http://scholar.google.com/scholar?cites=7619897612655006532&as_sdt=2005&sciodt=1,5&hl=en"}, {"num_versions": 3, "url_citation": null, "title": "The Design and Implementation of Repository for Digital Cultural Artefacts", "url": "http://www.researchgate.net/profile/Michael_Docherty2/publication/250893734_THE_DESIGN_AND_IMPLEMENTATION_OF_A_REPOSITORY_FOR_DIGITAL_CULTURAL_ARTEFACTS/links/00b49529f9d9585cfb000000.pdf", "url_versions": "http://scholar.google.com/scholar?cluster=734958416398109414&hl=en&as_sdt=1,5&sciodt=1,5&as_vis=1", "authors": "R Woodbury, M Dochert, H Szeto - Itcon", "excerpt": "SUMMARY: We motivate, describe and demonstrate a generic repository for visual material related to cultural disciplines such as architecture, art and heritage. The repository design abstracts from the requirements of particular tasks to implement a set of common features  ...", "url_pdf": "http://www.researchgate.net/profile/Michael_Docherty2/publication/250893734_THE_DESIGN_AND_IMPLEMENTATION_OF_A_REPOSITORY_FOR_DIGITAL_CULTURAL_ARTEFACTS/links/00b49529f9d9585cfb000000.pdf", "num_citations": 4, "cluster_id": "734958416398109414", "year": "2004", "url_citations": "http://scholar.google.com/scholar?cites=734958416398109414&as_sdt=2005&sciodt=1,5&hl=en"}, {"num_versions": 6, "url_citation": null, "title": "Pool, pond and splash: A canadian infrastructure for learning object repositories", "url": "http://citeseerx.ist.psu.edu/viewdoc/download?doi=10.1.1.199.6754&rep=rep1&type=pdf", "url_versions": "http://scholar.google.com/scholar?cluster=3895083480911113544&hl=en&as_sdt=1,5&sciodt=1,5&as_vis=1", "authors": "M Hatala, G Richards - Proceedings od the 5th IASTED Int. Conference on  \u2026", "excerpt": "ABSTRACT The Portal for Online Objects in Learning (POOL) Project is a consortium of several educational, private and public sector organizations to develop an infrastructure for learning object repositories. In this paper we address the issues of building such  ...", "url_pdf": null, "num_citations": 15, "cluster_id": "3895083480911113544", "year": "2002", "url_citations": "http://scholar.google.com/scholar?cites=3895083480911113544&as_sdt=2005&sciodt=1,5&hl=en"}, {"num_versions": 4, "url_citation": null, "title": "Making a SPLASH: A Heteregeneous Peer-to-Peer Learning Object Repository", "url": "http://www.sfu.ca/%7Emhatala/pubs/hatala-richards-www2003.pdf", "url_versions": "http://scholar.google.com/scholar?cluster=4683051657992920537&hl=en&as_sdt=1,5&sciodt=1,5&as_vis=1", "authors": "M Hatala, G Richards - Proceeding of WWW", "excerpt": "ABSTRACT In this paper, we describe the heterogeneous peer-to-peer infrastructure for sharing learning object. The POOL project builds on the three types of nodes: SPLASH is a freely downloadable application which allows individuals to create metadata and maintain  ...", "url_pdf": "http://www.sfu.ca/%7Emhatala/pubs/hatala-richards-www2003.pdf", "num_citations": 5, "cluster_id": "4683051657992920537", "year": "2003", "url_citations": "http://scholar.google.com/scholar?cites=4683051657992920537&as_sdt=2005&sciodt=1,5&hl=en"}, {"num_versions": 3, "url_citation": null, "title": "Evaluating online learning experiences at Adelaide University for staff and students in 2001", "url": "http://citeseerx.ist.psu.edu/viewdoc/download?doi=10.1.1.135.3232&rep=rep1&type=pdf", "url_versions": "http://scholar.google.com/scholar?cluster=15373170738817274114&hl=en&as_sdt=1,5&sciodt=1,5&as_vis=1", "authors": "S Shannon, D McHolm - Spheres of influence: Ventures and visions in  \u2026", "excerpt": "Abstract: In 2001, Adelaide University commenced a pilot program of online learning as computer assisted learning across the University. Within this research university, the decision had already been taken to utilise Blackboard as the software to deliver online  ...", "url_pdf": null, "num_citations": 3, "cluster_id": "15373170738817274114", "year": "2002", "url_citations": "http://scholar.google.com/scholar?cites=15373170738817274114&as_sdt=2005&sciodt=1,5&hl=en"}, {"num_versions": 9, "url_citation": null, "title": "The evolution of learning object repository technologies: Portals for on-line objects for learning", "url": "http://www.ijede.ca/index.php/jde/article/viewArticle/297", "url_versions": "http://scholar.google.com/scholar?cluster=13410270744519358662&hl=en&as_sdt=1,5&sciodt=1,5&as_vis=1", "authors": "G Richards, R McGreal, M Hatala, N Friesen - International Journal of E- \u2026", "excerpt": "Abstract Learning objects are the digital files that are used to construct e-learning experiences, and repositories provide mechanisms to encourage their discovery, exchange, and reuse. Portals for On-line Objects in Learning (POOL) is a consortium project of the  ...", "url_pdf": null, "num_citations": 68, "cluster_id": "13410270744519358662", "year": "2002", "url_citations": "http://scholar.google.com/scholar?cites=13410270744519358662&as_sdt=2005&sciodt=1,5&hl=en"}, {"num_versions": 5, "url_citation": null, "title": "Uma Proposta de Reposit\u00f3rio Inteligente para Jogos Cooperativos Educacionais", "url": "http://www.lbd.dcc.ufmg.br/colecoes/sbie/2006/029.pdf", "url_versions": "http://scholar.google.com/scholar?cluster=17633680693501619951&hl=en&as_sdt=1,5&sciodt=1,5&as_vis=1", "authors": "JSF Teixeira, EJV S\u00e1, CT Fernandes - SIMP\u00d3SIO BRASILEIRO DE  \u2026", "excerpt": "Resumo. Este artigo apresenta uma proposta de um reposit\u00f3rio inteligente de jogos cooperativos educacionais modelados como objetos de aprendizagem, com o prop\u00f3sito de prover jogos adequados para uso em ambientes computadorizados de aprendizagem. Os  ...", "url_pdf": "http://www.lbd.dcc.ufmg.br/colecoes/sbie/2006/029.pdf", "num_citations": 7, "cluster_id": "17633680693501619951", "year": "2006", "url_citations": "http://scholar.google.com/scholar?cites=17633680693501619951&as_sdt=2005&sciodt=1,5&hl=en"}, {"num_versions": 2, "url_citation": null, "title": "On representation and construction in a tectonic design studio", "url": "http://dro.deakin.edu.au/view/DU:30026776", "url_versions": "http://scholar.google.com/scholar?cluster=1383401800016393960&hl=en&as_sdt=1,5&sciodt=1,5&as_vis=1", "authors": "JJ Ham -", "excerpt": "The study compares the roles of representation and construction in enhancing students' learning in a tectonic design studio by investigating issues of representational media use in the conception, development and communication of design processes and relating these  ...", "url_pdf": null, "num_citations": 5, "cluster_id": "1383401800016393960", "year": "2004", "url_citations": "http://scholar.google.com/scholar?cites=1383401800016393960&as_sdt=2005&sciodt=1,5&hl=en"}, {"num_versions": 4, "url_citation": null, "title": "Changing Track\u2013Form Z to Sketch Up\u2013rationale, tactics and outcomes'", "url": "http://anzasca.net/wp-content/uploads/2014/08/ANZAScA2006_Susan-M-Pietsch_Susan-Shannon.pdf", "url_versions": "http://scholar.google.com/scholar?cluster=18311686951818430641&hl=en&as_sdt=1,5&sciodt=1,5&as_vis=1", "authors": "S Pietsch, S Shannon, J McCarthy - at ANZAScA Conference", "excerpt": "1.1 Objectives 3D Modelling provides students with the opportunity to design in representational style that most directly relates to the final result\u2013a 3D object. Its strengths over traditional 2D representation are well documented (Kalay, p. 133). The major  ...", "url_pdf": "http://anzasca.net/wp-content/uploads/2014/08/ANZAScA2006_Susan-M-Pietsch_Susan-Shannon.pdf", "num_citations": 1, "cluster_id": "18311686951818430641", "year": "2006", "url_citations": "http://scholar.google.com/scholar?cites=18311686951818430641&as_sdt=2005&sciodt=1,5&hl=en"}, {"num_versions": 8, "url_citation": null, "title": "A 'Knowledge Trading Game'for collaborative design learning in an architectural design studio", "url": "http://link.springer.com/article/10.1007/s10798-009-9091-y", "url_versions": "http://scholar.google.com/scholar?cluster=13860490164075278564&hl=en&as_sdt=1,5&sciodt=1,5&as_vis=1", "authors": "WL Wang, SG Shih, SF Chien - \u2026 journal of technology and design education", "excerpt": "Abstract Knowledge-sharing and resource exchange are the key to the success of collaborative design learning. In an architectural design studio, design knowledge entails learning efforts that need to accumulate and recombine dispersed and complementary  ...", "url_pdf": null, "num_citations": 8, "cluster_id": "13860490164075278564", "year": "2010", "url_citations": "http://scholar.google.com/scholar?cites=13860490164075278564&as_sdt=2005&sciodt=1,5&hl=en"}, {"num_versions": 5, "url_citation": null, "title": "Developing tools to facilitate integrated reflection", "url": "http://eprints.qut.edu.au/48296/", "url_versions": "http://scholar.google.com/scholar?cluster=14036491786644788324&hl=en&as_sdt=1,5&sciodt=1,5&as_vis=1", "authors": "J Mason - ePortfolios Australia Conference", "excerpt": "Much has been said and documented about the key role that reflection can play in the ongoing development of e-portfolios, particularly e-portfolios utilised for teaching and learning. A review of e-portfolio platforms reveals that a designated space for  ...", "url_pdf": null, "num_citations": 1, "cluster_id": "14036491786644788324", "year": "2011", "url_citations": "http://scholar.google.com/scholar?cites=14036491786644788324&as_sdt=2005&sciodt=1,5&hl=en"}]