[{"num_versions": 3, "url_citation": null, "title": "Os professores como autores e editores de recursos educativos digitais: uma investiga\u00e7\u00e3o-a\u00e7\u00e3o na escola", "url": "http://scholar.google.com/https://repositorio.ul.pt/handle/10451/8743", "url_versions": "http://scholar.google.com/scholar?cluster=14102714568447069405&hl=en&as_sdt=1,5&sciodt=1,5&as_vis=1", "authors": "FRP Campos -", "excerpt": "O presente estudo consiste numa investiga\u00e7\u00e3o aos processos de uso e cria\u00e7\u00e3o de recursos educativos digitais (RED) na escola, com o objetivo de compreender a forma da integra\u00e7\u00e3o de RED nas pr\u00e1ticas educativas e o papel dos professores enquanto autores e editores  ...", "url_pdf": null, "num_citations": 2, "cluster_id": "14102714568447069405", "year": "2013", "url_citations": "http://scholar.google.com/scholar?cites=14102714568447069405&as_sdt=2005&sciodt=1,5&hl=en"}, {"num_versions": 4, "url_citation": null, "title": "Two-stage generative learning objects", "url": "http://link.springer.com/chapter/10.1007/978-3-642-33308-8_28", "url_versions": "http://scholar.google.com/scholar?cluster=10679925697284370026&hl=en&as_sdt=1,5&sciodt=1,5&as_vis=1", "authors": "V \u0160tuikys, R Burbaite - Information and Software Technologies", "excerpt": "Abstract Generative Learning Objects (GLOs) introduced by Boyle et al. in 2004 extend the reuse dimension and create conditions for better quality in learning and teaching. We motivate the benefits of GLOs for e-learning and extend the scope of understanding GLOs  ...", "url_pdf": null, "num_citations": 4, "cluster_id": "10679925697284370026", "year": "2012", "url_citations": "http://scholar.google.com/scholar?cites=10679925697284370026&as_sdt=2005&sciodt=1,5&hl=en"}, {"num_versions": 2, "url_citation": null, "title": "A Utiliza\u00e7\u00e3o de Recursos Educativos Digitais na Sala de Aula: Um Componente Fundamental no Ensino?", "url": "http://run.unl.pt/handle/10362/13761", "url_versions": "http://scholar.google.com/scholar?cluster=11314879512413008244&hl=en&as_sdt=1,5&sciodt=1,5&as_vis=1", "authors": "CCC Franco -", "excerpt": "O presente estudo baseia-se numa pesquisa sobre a utiliza\u00e7\u00e3o de Recursos Educativos Digitais (RED) na escola, com o objectivo de compreender em que medida a sua integra\u00e7\u00e3o pode promover novos contextos de aprendizagem. Na primeira parte, faz-se uma  ...", "url_pdf": null, "num_citations": 0, "cluster_id": null, "year": "2013", "url_citations": null}, {"num_versions": 10, "url_citation": null, "title": "Revealing the transformatory moment of learning technology: the place of critical social theory", "url": "http://www.researchinlearningtechnology.net/index.php/rlt/article/download/17115/19130", "url_versions": "http://scholar.google.com/scholar?cluster=4011985840351927646&hl=en&as_sdt=1,5&sciodt=1,5&as_vis=1", "authors": "R Hall - Research in Learning Technology", "excerpt": "Abstract In revealing the transformatory moment of learning technology, a holistic andongoing critique that is related to a range of socio-cultural factors is required. This critique further uncovers the social relations that frame the place of learningtechnology in  ...", "url_pdf": null, "num_citations": 13, "cluster_id": "4011985840351927646", "year": "2011", "url_citations": "http://scholar.google.com/scholar?cites=4011985840351927646&as_sdt=2005&sciodt=1,5&hl=en"}, {"num_versions": 9, "url_citation": null, "title": "Recursos educativos digitais: reflex\u00f5es sobre a pr\u00e1tica", "url": "http://scholar.google.com/https://www.rdpc.uevora.pt/handle/10174/5051", "url_versions": "http://scholar.google.com/scholar?cluster=2677507825299047450&hl=en&as_sdt=1,5&sciodt=1,5&as_vis=1", "authors": "J Ramos -", "excerpt": "O texto prop\u00f5e uma reflex\u00e3o acerca da liga\u00e7\u00e3o entre a exist\u00eancia de software e de recursos educativos digitais de qualidade e os processos efetivos de integra\u00e7\u00e3o das tecnologias na escola, no curr\u00edculo e na sala de aula. Esta liga\u00e7\u00e3o \u00e9 o ponto de partida para uma  ...", "url_pdf": null, "num_citations": 20, "cluster_id": "2677507825299047450", "year": "2011", "url_citations": "http://scholar.google.com/scholar?cites=2677507825299047450&as_sdt=2005&sciodt=1,5&hl=en"}]