[{"num_versions": 2, "url_citation": null, "title": "Pengembangan Sintax Blended Learing IPA Terpadu Berbasis SETS Pada Tema Pelestarian Lingkungan Di SMP", "url": "http://jurnal.fkip.uns.ac.id/index.php/fisika/article/view/5402", "url_versions": "http://scholar.google.com/scholar?cluster=13305634271069149176&hl=en&as_sdt=1,5&sciodt=1,5&as_vis=1", "authors": "R Budiharti, EY Ekawati, P Pujayanto\u2026 - Jurnal Materi dan  \u2026", "excerpt": "Abstract Penelitian ini bertujuan untuk mengembangkan sintax Blended Learning IPA Terpadu berbasis SETS pada tema Pelestarian Lingkungan untuk sekolah menengah pertama. Penelitian ini merupakan bagian dari penelitian yang dilakukan secara multiyear  ...", "url_pdf": null, "num_citations": 0, "cluster_id": null, "year": "2014", "url_citations": null}, {"num_versions": 22, "url_citation": null, "title": "A little knowledge Student expectation and satisf", "url": "http://www.www.aabri.com/manuscripts/121376.pdf", "url_versions": "http://scholar.google.com/scholar?cluster=204603756672066315&hl=en&as_sdt=1,5&sciodt=1,5&as_vis=1", "authors": "MB Pinto, W Anderson -", "excerpt": "ABSTRACT The research in this study preconceived and informed expectations regar students with the hybrid course?(3) course? Secondary research was conducted a responses from 44 students that were enrolled modified and transitioned into a hybrid  ...", "url_pdf": "http://www.www.aabri.com/manuscripts/121376.pdf", "num_citations": 5, "cluster_id": "204603756672066315", "year": "2013", "url_citations": "http://scholar.google.com/scholar?cites=204603756672066315&as_sdt=2005&sciodt=1,5&hl=en"}, {"num_versions": 6, "url_citation": null, "title": "Realigning higher education for the 21st-century learner through multi-access learning", "url": "http://jolt.merlot.org/vol9no2/irvine_0613.htm", "url_versions": "http://scholar.google.com/scholar?cluster=8460789265988602361&hl=en&as_sdt=1,5&sciodt=1,5&as_vis=1", "authors": "V Irvine, J Code, L Richards - MERLOT Journal of Online Learning  \u2026", "excerpt": "Abstract Twenty-first-century learners have expectations that are not met within the current model of higher education. With the introduction of online learning, the anytime/anywhere mantra taken up by many postsecondary institutions was a first step to meeting learner  ...", "url_pdf": null, "num_citations": 38, "cluster_id": "8460789265988602361", "year": "2013", "url_citations": "http://scholar.google.com/scholar?cites=8460789265988602361&as_sdt=2005&sciodt=1,5&hl=en"}, {"num_versions": 2, "url_citation": null, "title": "Determining if instructional delivery model differences exist in remedial English", "url": "http://digitalcommons.liberty.edu/doctoral/511/", "url_versions": "http://scholar.google.com/scholar?cluster=16272762128576912853&hl=en&as_sdt=1,5&sciodt=1,5&as_vis=1", "authors": "LTW Carter -", "excerpt": "Abstract The purpose of this causal comparative study is to test the theory of no significant difference that compares pre-and post-test assessment scores, controlling for the instructional delivery model of online and face-to-face students at a Mid-Atlantic university.  ...", "url_pdf": null, "num_citations": 1, "cluster_id": "16272762128576912853", "year": "2012", "url_citations": "http://scholar.google.com/scholar?cites=16272762128576912853&as_sdt=2005&sciodt=1,5&hl=en"}, {"num_versions": 3, "url_citation": null, "title": "Digital Learning for Sustainability: An Interactive Magazine for Students, Academics and Expert Practitioners", "url": "http://link.springer.com/chapter/10.1007/978-3-319-10690-8_1", "url_versions": "http://scholar.google.com/scholar?cluster=4190268321820492007&hl=en&as_sdt=1,5&sciodt=1,5&as_vis=1", "authors": "A Raghubansie, W Corbett, K Boom\u2026 - Integrative Approaches to  \u2026", "excerpt": "Abstract The complexity which underpins the evolving concept of learning for sustainability requires effective inter-disciplinary collaboration and networking to succeed. Developing a shared understanding and route maps for sustainability would not be feasible without the  ...", "url_pdf": null, "num_citations": 1, "cluster_id": "4190268321820492007", "year": "2015", "url_citations": "http://scholar.google.com/scholar?cites=4190268321820492007&as_sdt=2005&sciodt=1,5&hl=en"}, {"num_versions": 8, "url_citation": null, "title": "The investigation of virtual school communications", "url": "http://link.springer.com/article/10.1007/s11528-012-0584-2", "url_versions": "http://scholar.google.com/scholar?cluster=16482399815357740188&hl=en&as_sdt=1,5&sciodt=1,5&as_vis=1", "authors": "M Belair - TechTrends", "excerpt": "Abstract This literature review includes studies from online virtual high schools and colleges in The United States, Canada, and around the world. The focus of these studies is communication practices within diverse virtual school communities. It also includes  ...", "url_pdf": null, "num_citations": 9, "cluster_id": "16482399815357740188", "year": "2012", "url_citations": "http://scholar.google.com/scholar?cites=16482399815357740188&as_sdt=2005&sciodt=1,5&hl=en"}, {"num_versions": 7, "url_citation": null, "title": "A workplace violence educational program: a repeated measures study", "url": "http://www.sciencedirect.com/science/article/pii/S1471595314000493", "url_versions": "http://scholar.google.com/scholar?cluster=16570809045966074297&hl=en&as_sdt=1,5&sciodt=1,5&as_vis=1", "authors": "GL Gillespie, SL Farra, DM Gates - Nurse education in practice", "excerpt": "Abstract Violence against healthcare employees is a profound problem in the emergency department worldwide. One strategy to reduce the risk of violence is prevention focused education. The purpose of this paper was to report the learning outcomes of a workplace  ...", "url_pdf": null, "num_citations": 1, "cluster_id": "16570809045966074297", "year": "2014", "url_citations": "http://scholar.google.com/scholar?cites=16570809045966074297&as_sdt=2005&sciodt=1,5&hl=en"}, {"num_versions": 2, "url_citation": null, "title": "The online teaching skills and best practices of virtual classroom teachers: A mixed method Delphi study", "url": "http://gradworks.umi.com/35/34/3534502.html", "url_versions": "http://scholar.google.com/scholar?cluster=10381199858072191950&hl=en&as_sdt=1,5&sciodt=1,5&as_vis=1", "authors": "MJ Conti -", "excerpt": "Abstract: Online learning has become a popular option for many students in K-12 public education. One method of online instruction gaining in popularity is the live, synchronous or virtual classroom. This method allows a group of students to be online in real time with a  ...", "url_pdf": null, "num_citations": 1, "cluster_id": "10381199858072191950", "year": "2012", "url_citations": "http://scholar.google.com/scholar?cites=10381199858072191950&as_sdt=2005&sciodt=1,5&hl=en"}, {"num_versions": 6, "url_citation": null, "title": "Faculty Attitude towards Integrating Technology in Teaching at a Four-Year Southeastern University", "url": "http://scholar.google.com/https://etd.auburn.edu/handle/10415/2836", "url_versions": "http://scholar.google.com/scholar?cluster=14895317676985115123&hl=en&as_sdt=1,5&sciodt=1,5&as_vis=1", "authors": "DV Palmore -", "excerpt": "Studies have shown that computer technology has brought about a noticeable change in the manner in which education is delivered to students. Further research suggests that the use of technology enables educators to effectively communicate with their students in an  ...", "url_pdf": null, "num_citations": 2, "cluster_id": "14895317676985115123", "year": "2011", "url_citations": "http://scholar.google.com/scholar?cites=14895317676985115123&as_sdt=2005&sciodt=1,5&hl=en"}, {"num_versions": 0, "url_citation": null, "title": "THE IMPACT OF INSTRUCTIONAL DEVELOPMENT AND TRAINING FOR BLENDED TEACHING ON COURSE EFFECTIVENESS", "url": "http://scholar.google.com/https://books.google.com/books?hl=en&lr=&id=JfMJAgAAQBAJ&oi=fnd&pg=PA173&ots=Lz4RgHzI1J&sig=vzE8pbM6LWDisfCSgSndsnk3g4o", "url_versions": null, "authors": "TM Joosten, D Barth, L Harness\u2026 - Blended Learning:  \u2026", "excerpt": "Blended learning is becoming a prominent mode ofprogramming and delivery in education. It is swiftly emerging and transforming higher education to better meet the needs of our students, providing them with more effective learning experiences. This movement is  ...", "url_pdf": null, "num_citations": 1, "cluster_id": "15766916262726652752", "year": "2013", "url_citations": "http://scholar.google.com/scholar?cites=15766916262726652752&as_sdt=2005&sciodt=1,5&hl=en"}, {"num_versions": 9, "url_citation": null, "title": "Student perceptions and achievement in a university blended learning strategic initiative", "url": "http://www.sciencedirect.com/science/article/pii/S1096751612000863", "url_versions": "http://scholar.google.com/scholar?cluster=7151669473345557004&hl=en&as_sdt=1,5&sciodt=1,5&as_vis=1", "authors": "R Owston, D York, S Murtha - The Internet and Higher Education", "excerpt": "Examined in this study is the relationship between student perceptions in blended learning courses and their in-course achievement. The research was conducted at a large urban university that embarked on a major initiative to scale-up blended learning across its  ...", "url_pdf": null, "num_citations": 41, "cluster_id": "7151669473345557004", "year": "2013", "url_citations": "http://scholar.google.com/scholar?cites=7151669473345557004&as_sdt=2005&sciodt=1,5&hl=en"}, {"num_versions": 3, "url_citation": null, "title": "Pengaruh Model Blended Learning terhadap Motivasi Dan Prestasi Belajar Siswa SMK", "url": "http://journal.uny.ac.id/index.php/jpv/article/view/1034", "url_versions": "http://scholar.google.com/scholar?cluster=2312828987744885611&hl=en&as_sdt=1,5&sciodt=1,5&as_vis=1", "authors": "I Syarif - Jurnal Pendidikan Vokasi", "excerpt": "Abstract Abstrak: Pengaruh Model Blended Learning terhadap Motivasi Dan Prestasi Belajar Siswa SMK. Penelitian ini bertujuan untuk mengetahui perbedaan motivasi dan prestasi belajar siswa dalam mata pelajaran KKPI antara siswa yang menggunakan  ...", "url_pdf": null, "num_citations": 4, "cluster_id": "2312828987744885611", "year": "2013", "url_citations": "http://scholar.google.com/scholar?cites=2312828987744885611&as_sdt=2005&sciodt=1,5&hl=en"}, {"num_versions": 4, "url_citation": null, "title": "An exploration of students' experiences of learning in an online primary teacher education program", "url": "http://jolt.merlot.org/vol9no3/abstracts.htm", "url_versions": "http://scholar.google.com/scholar?cluster=2279748446133227090&hl=en&as_sdt=1,5&sciodt=1,5&as_vis=1", "authors": "M Cain, S Phillip, SR Ting, LM Gonzalez\u2026 - Journal of Online  \u2026", "excerpt": "This study examined students' experiences of learning in the Bachelor of Education Primary (Language Arts) program offered by the School of Education, The University of the West Indies (UWI), Trinidad, in partnership with UWI Open Campus (UWIOC). It is the first and  ...", "url_pdf": null, "num_citations": 1, "cluster_id": "2279748446133227090", "year": "2013", "url_citations": "http://scholar.google.com/scholar?cites=2279748446133227090&as_sdt=2005&sciodt=1,5&hl=en"}, {"num_versions": 7, "url_citation": null, "title": "Transforming teaching and learning in South Africa: first year in the bachelor of social work", "url": "http://www.tandfonline.com/doi/abs/10.1080/02615479.2012.678827", "url_versions": "http://scholar.google.com/scholar?cluster=18392666954099467076&hl=en&as_sdt=1,5&sciodt=1,5&as_vis=1", "authors": "KJ Collins - Social Work Education", "excerpt": "The South African qualification for social work was transformed in 2003, along with other transforming post-apartheid policies and practices since the first democratic government was elected in 1994. The educational collective was committed to outcomes-based  ...", "url_pdf": null, "num_citations": 1, "cluster_id": "18392666954099467076", "year": "2013", "url_citations": "http://scholar.google.com/scholar?cites=18392666954099467076&as_sdt=2005&sciodt=1,5&hl=en"}, {"num_versions": 3, "url_citation": null, "title": "Online Graduate Students' Perceptions of Face-to-Face Classroom Instruction", "url": "http://www.igi-global.com/article/online-graduate-students-perceptions-face/67802", "url_versions": "http://scholar.google.com/scholar?cluster=12424402304273655690&hl=en&as_sdt=1,5&sciodt=1,5&as_vis=1", "authors": "J Keengwe, BB Wilsey - International Journal of Information and  \u2026", "excerpt": "Abstract This article reports online graduate students' perceptions of face-to-face classroom instruction in a doctoral program at a large public university in the eastern United States. The purpose of this study is to examine the experiences of graduate students returning to a  ...", "url_pdf": null, "num_citations": 1, "cluster_id": "12424402304273655690", "year": "2012", "url_citations": "http://scholar.google.com/scholar?cites=12424402304273655690&as_sdt=2005&sciodt=1,5&hl=en"}]