[{"num_versions": 3, "url_citation": null, "title": "Predictors for success on the NCLEX-RN for associate degree nursing graduates", "url": "http://libcontent1.lib.ua.edu/content/u0015/0000001/0000922/u0015_0000001_0000922.pdf", "url_versions": "http://scholar.google.com/scholar?cluster=15537482071357770232&hl=en&as_sdt=1,5&sciodt=1,5&as_vis=1", "authors": "KC Swain -", "excerpt": "ABSTRACT The nursing shortage is a national issue that has ignited an increasing demand to address the importance of preparing students to be successful on the initial National Council of Licensure Examination for Registered Nursing (NCLEX-RN). Nursing programs  ...", "url_pdf": "http://libcontent1.lib.ua.edu/content/u0015/0000001/0000922/u0015_0000001_0000922.pdf", "num_citations": 2, "cluster_id": "15537482071357770232", "year": "2012", "url_citations": "http://scholar.google.com/scholar?cites=15537482071357770232&as_sdt=2005&sciodt=1,5&hl=en"}, {"num_versions": 8, "url_citation": null, "title": "Impact of a standardized test package on exit examination scores and NCLEX-RN outcomes", "url": "http://www.healio.com/%7E/media/Journals/JNE/2013/3_March/10_3928_01484834_20130219_01/10_3928_01484834_20130219_01.pdf", "url_versions": "http://scholar.google.com/scholar?cluster=14991746942676630101&hl=en&as_sdt=1,5&sciodt=1,5&as_vis=1", "authors": "CM Homard - Journal of Nursing Education", "excerpt": "ABSTRACT The purpose of this ex post facto correlational study was to compare exit examination scores and NCLEX-RN\u00ae pass rates of baccalaureate nursing students who differed in level of participation in a standardized test package. Three cohort groups  ...", "url_pdf": "http://www.healio.com/%7E/media/Journals/JNE/2013/3_March/10_3928_01484834_20130219_01/10_3928_01484834_20130219_01.pdf", "num_citations": 3, "cluster_id": "14991746942676630101", "year": "2013", "url_citations": "http://scholar.google.com/scholar?cites=14991746942676630101&as_sdt=2005&sciodt=1,5&hl=en"}, {"num_versions": 3, "url_citation": null, "title": "Using a Trained Actor to Model Mental Health Nursing Care", "url": "http://www.sciencedirect.com/science/article/pii/S1876139914001042", "url_versions": "http://scholar.google.com/scholar?cluster=16269655313473032627&hl=en&as_sdt=1,5&sciodt=1,5&as_vis=1", "authors": "D Jack, AM Gerolamo, D Frederick, A Szajna\u2026 - Clinical Simulation in  \u2026", "excerpt": "Abstract Although nurse educators have integrated simulation with human actors into nursing curricula, simulation remains a relatively infrequent pedagogy in mental health nursing. This article describes the implementation of simulation using a professional actor  ...", "url_pdf": null, "num_citations": 2, "cluster_id": "16269655313473032627", "year": "2014", "url_citations": "http://scholar.google.com/scholar?cites=16269655313473032627&as_sdt=2005&sciodt=1,5&hl=en"}, {"num_versions": 8, "url_citation": null, "title": "Improving NCLEX-RN First-Time Pass Rates with a Balanced Curriculum", "url": "http://www.nlnjournals.org/doi/abs/10.5480/11-591.1", "url_versions": "http://scholar.google.com/scholar?cluster=10258926580547553343&hl=en&as_sdt=1,5&sciodt=1,5&as_vis=1", "authors": "DL Koestler - Nursing Education Perspectives", "excerpt": "Abstract The comprehensive changes made to the school of nursing's curriculum have allowed the educators and students to experience several positive outcomes. This article describes the challenges faced by the school of nursing in the past four years and the  ...", "url_pdf": null, "num_citations": 0, "cluster_id": null, "year": "2015", "url_citations": null}, {"num_versions": 2, "url_citation": null, "title": "The promise and peril of high-stakes tests in nursing education", "url": "http://www.citeulike.org/group/19058/article/13348382", "url_versions": "http://scholar.google.com/scholar?cluster=11728892426094697403&hl=en&as_sdt=1,5&sciodt=1,5&as_vis=1", "authors": "D Spurlock - Journal of Nursing Regulation", "excerpt": "Abstract Regulators, educators, and the public view first-time NCLEX-RN\u00ae pass rates as an indication of prelicensure program quality. However, some nursing education programs have implemented progression policies that prevent students at risk for failure from taking  ...", "url_pdf": null, "num_citations": 5, "cluster_id": "11728892426094697403", "year": "2013", "url_citations": "http://scholar.google.com/scholar?cites=11728892426094697403&as_sdt=2005&sciodt=1,5&hl=en"}, {"num_versions": 4, "url_citation": null, "title": "NCLEX-RN success: Evidence-based strategies", "url": "http://journals.lww.com/nurseeducatoronline/Abstract/2011/11000/NCLEX_RN_Success__Evidence_Based_Strategies.8.aspx", "url_versions": "http://scholar.google.com/scholar?cluster=8139865414507581238&hl=en&as_sdt=1,5&sciodt=1,5&as_vis=1", "authors": "MH Thomas, SS Baker - Nurse educator", "excerpt": "Abstract Evidence-based nursing requires that students think reflectively and use clinical inquiry to develop clinical reasoning and decision-making skills. Likewise, nursing students need a strategy to be successful in passing the NCLEX-RN. The authors identify strategies  ...", "url_pdf": null, "num_citations": 4, "cluster_id": "8139865414507581238", "year": "2011", "url_citations": "http://scholar.google.com/scholar?cites=8139865414507581238&as_sdt=2005&sciodt=1,5&hl=en"}, {"num_versions": 3, "url_citation": null, "title": "Relationship of associate degree nursing program criteria with NCLEX-RN success: What are the best predictors in a nursing program of passing the NCLEX-RN the  \u2026", "url": "http://www.sciencedirect.com/science/article/pii/S155730871200056X", "url_versions": "http://scholar.google.com/scholar?cluster=17483295566663751877&hl=en&as_sdt=1,5&sciodt=1,5&as_vis=1", "authors": "RM Trofino - Teaching and Learning in Nursing", "excerpt": "The purpose of this pilot study was to analyze which of the associate degree nursing program criteria have a strong relationship with first-time passing rate of the National Council Licensure Examination for Registered Nurses. A retrospective convenience  ...", "url_pdf": null, "num_citations": 8, "cluster_id": "17483295566663751877", "year": "2013", "url_citations": "http://scholar.google.com/scholar?cites=17483295566663751877&as_sdt=2005&sciodt=1,5&hl=en"}, {"num_versions": 2, "url_citation": null, "title": "Forecasting nursing student success and failure on the NCLEX-RN using predictor tests", "url": "http://files.figshare.com/1360889/Forecasting_Success_and_Failure_on_the_NCLEX_RN_Using_Predictor_Tests.pdf", "url_versions": "http://scholar.google.com/scholar?cluster=9423237002813991219&hl=en&as_sdt=1,5&sciodt=1,5&as_vis=1", "authors": "LA Santiago -", "excerpt": "ABSTRACT A severe and worsening nursing shortage exists in the United States. Increasing numbers of new graduate nurses are necessary to meet this demand. To address the concerns of increased nursing demand, leaders of nursing schools must ensure larger  ...", "url_pdf": "http://files.figshare.com/1360889/Forecasting_Success_and_Failure_on_the_NCLEX_RN_Using_Predictor_Tests.pdf", "num_citations": 1, "cluster_id": "9423237002813991219", "year": "2013", "url_citations": "http://scholar.google.com/scholar?cites=9423237002813991219&as_sdt=2005&sciodt=1,5&hl=en"}, {"num_versions": 9, "url_citation": null, "title": "Predictor variables for NCLEX-RN readiness exam performance", "url": "http://nlnjournals.org/doi/abs/10.5480/1536-5026-34.1.18", "url_versions": "http://scholar.google.com/scholar?cluster=15305303835235921924&hl=en&as_sdt=1,5&sciodt=1,5&as_vis=1", "authors": "EB Simon, SP McGinniss, BJ Krauss - Nursing education  \u2026", "excerpt": "Abstract Aim. To understand the relationship among NLCLEX-RN\u00ae readiness exam scores and influencing variables. Background. First-time NCLEX-RN pass rates are a visible measure of program quality. Therefore, schools have adopted aggressive prediction and  ...", "url_pdf": null, "num_citations": 15, "cluster_id": "15305303835235921924", "year": "2013", "url_citations": "http://scholar.google.com/scholar?cites=15305303835235921924&as_sdt=2005&sciodt=1,5&hl=en"}, {"num_versions": 5, "url_citation": null, "title": "Evidence-based nursing education: Effective use of instructional design and simulated learning environments to enhance knowledge transfer in undergraduate  \u2026", "url": "http://www.sciencedirect.com/science/article/pii/S8755722312000786", "url_versions": "http://scholar.google.com/scholar?cluster=14920940332311882220&hl=en&as_sdt=1,5&sciodt=1,5&as_vis=1", "authors": "BK Robinson, V Dearmon - Journal of Professional Nursing", "excerpt": "DOES THEORY INFORM practice or vice versa? For those who employ a neopragmatic approach to nursing education, the answer is simple\u2014neither. The relationship between the two are intertwined, both giving rise to and a reflection of the other (Warms & Schroeder,  ...", "url_pdf": null, "num_citations": 31, "cluster_id": "14920940332311882220", "year": "2013", "url_citations": "http://scholar.google.com/scholar?cites=14920940332311882220&as_sdt=2005&sciodt=1,5&hl=en"}]