[{"num_versions": 3, "url_citation": null, "title": "Learning Rhythm And Melody Features With Deep Belief Networks.", "url": "http://music.ece.drexel.edu/files/Navigation/Publications/Schmidt2013b.pdf", "url_versions": "http://scholar.google.com/scholar?cluster=12378423240719245839&hl=en&as_sdt=1,5&sciodt=1,5&as_vis=1", "authors": "E Schmidt, Y Kim - ISMIR", "excerpt": "ABSTRACT Deep learning techniques provide powerful methods for the development of deep structured projections connecting multiple domains of data. But the fine-tuning of such networks for supervised problems is challenging, and many current approaches are  ...", "url_pdf": "http://music.ece.drexel.edu/files/Navigation/Publications/Schmidt2013b.pdf", "num_citations": 7, "cluster_id": "12378423240719245839", "year": "2013", "url_citations": "http://scholar.google.com/scholar?cites=12378423240719245839&as_sdt=2005&sciodt=1,5&hl=en"}, {"num_versions": 0, "url_citation": null, "title": "A systematic evaluation of the bag-of-frames representation for music information retrieval", "url": "http://ieeexplore.ieee.org/xpls/abs_all.jsp?arnumber=6763025", "url_versions": null, "authors": "L Su, CCM Yeh, JY Liu, JC Wang\u2026 - \u2026 , IEEE Transactions on", "excerpt": "Abstract\u2014There has been an increasing attention on learning feature representations from the complex, high-dimensional audio data applied in various music information retrieval (MIR) problems. Unsupervised feature learning techniques, such as sparse coding and  ...", "url_pdf": null, "num_citations": 23, "cluster_id": "14615604397549351266", "year": "2014", "url_citations": "http://scholar.google.com/scholar?cites=14615604397549351266&as_sdt=2005&sciodt=1,5&hl=en"}, {"num_versions": 7, "url_citation": null, "title": "\u57fa\u4e8e\u6df1\u5ea6\u5b66\u4e60\u7684\u4f5c\u66f2\u5bb6\u5206\u7c7b\u95ee\u9898", "url": "http://crad.ict.ac.cn/CN/article/downloadArticleFile.do?attachType=PDF&id=2728", "url_versions": "http://scholar.google.com/scholar?cluster=15091632303448653045&hl=en&as_sdt=1,5&sciodt=1,5&as_vis=1", "authors": "\u80e1\u632f\uff0c \u5085\u6606\uff0c \u5f20\u957f\u6c34 - \u8ba1\u7b97\u673a\u7814\u7a76\u4e0e\u53d1\u5c55", "excerpt": "\u968f\u7740\u58f0\u97f3\u91c7\u96c6\u6280\u672f\u548c\u4e92\u8054\u7f51\u6280\u672f\u7684\u5feb\u901f\u53d1M $ \u6bcf\u5929\u90fd\u4f1a\u4ea7\u751f\u5927\u91cf\u7684\u97f3\u9891\u6570\u636e\u4e0a\u4f20\u5230\u7f51\u7edc$ \u56e0\u6b64$ \u57fa\u4e8e\u97f3\u9891\u6570\u636e\u7684\u97f3\u4e50\u4fe1\u606f\u68c0\u7d22\u6280\u672f\u6210\u4e3au \u4e2a\u91cd\u8981\u7684\u7814\u7a76\u8bfe\u9898& \u97f3\u4e50\u4fe1\u606f\u68c0\u7d22\u9886\u57df\u5173\u6ce8\u7684\u95ee\u9898\u5305\u62ec\u6d77\u91cf\u97f3\u9891\u6570\u636e\u5206\u6790($)* \u57fa\u4e8e\u97f3\u9891\u7684\u98ce\u683c\u4f5c\u66f2\u5bb6\u5206\u7c7b(.-/)* \u57fa\u4e8e\u97f3\u9891\u7684\u4e50\u5668\u68c0\u6d4b\u4e0e\u8bc6\u522b()-()*  ...", "url_pdf": null, "num_citations": 0, "cluster_id": null, "year": "2014", "url_citations": null}, {"num_versions": 2, "url_citation": null, "title": "Dual-layer bag-of-frames model for music genre classification", "url": "http://ieeexplore.ieee.org/xpls/abs_all.jsp?arnumber=6637646", "url_versions": "http://scholar.google.com/scholar?cluster=8953130794222449077&hl=en&as_sdt=1,5&sciodt=1,5&as_vis=1", "authors": "CCM Yeh, L Su, YH Yang - Acoustics, Speech and Signal  \u2026", "excerpt": "ABSTRACT This paper concerns the development of a music dictionary-based model for summarizing local feature descriptors computed over time. Comparing to a holistic representation, this text-like, bagof-frames representation better captures the rich and time ...", "url_pdf": null, "num_citations": 12, "cluster_id": "8953130794222449077", "year": "2013", "url_citations": "http://scholar.google.com/scholar?cites=8953130794222449077&as_sdt=2005&sciodt=1,5&hl=en"}, {"num_versions": 3, "url_citation": null, "title": "A tutorial survey of architectures, algorithms, and applications for deep learning", "url": "http://journals.cambridge.org/abstract_S2048770313000097", "url_versions": "http://scholar.google.com/scholar?cluster=4381743472348703222&hl=en&as_sdt=1,5&sciodt=1,5&as_vis=1", "authors": "L Deng - APSIPA Transactions on Signal and Information  \u2026", "excerpt": "Abstract In this invited paper, my overview material on the same topic as presented in the plenary overview session of APSIPA-2011 and the tutorial material presented in the same conference [1] are expanded and updated to include more recent developments in deep  ...", "url_pdf": null, "num_citations": 18, "cluster_id": "4381743472348703222", "year": "2014", "url_citations": "http://scholar.google.com/scholar?cites=4381743472348703222&as_sdt=2005&sciodt=1,5&hl=en"}, {"num_versions": 3, "url_citation": null, "title": "An assessment of learned score features for modeling expressive dynamics in music", "url": "http://ieeexplore.ieee.org/xpls/abs_all.jsp?arnumber=6762927", "url_versions": "http://scholar.google.com/scholar?cluster=10642958452813806601&hl=en&as_sdt=1,5&sciodt=1,5&as_vis=1", "authors": "M Grachten, F Krebs - Multimedia, IEEE Transactions on", "excerpt": "Abstract\u2014The study of musical expression is an ongoing and increasingly data-intensive endeavor, in which machine learning techniques can play an important role. The purpose of this paper is to evaluate the utility of unsupervised feature learning in the context of  ...", "url_pdf": null, "num_citations": 6, "cluster_id": "10642958452813806601", "year": "2014", "url_citations": "http://scholar.google.com/scholar?cites=10642958452813806601&as_sdt=2005&sciodt=1,5&hl=en"}, {"num_versions": 2, "url_citation": null, "title": "Large data sets & recommender systems: A feasible approach to learning music", "url": "http://server.smcnetwork.org/system/files/LARGE%20DATA%20SETS%20%2526%20RECOMMENDER%20SYSTEMS%20-%20A%20FEASIBLE%20APPROACH%20TO%20LEARNING%20MUSIC%3F.pdf", "url_versions": "http://scholar.google.com/scholar?cluster=17470238739080706029&hl=en&as_sdt=1,5&sciodt=1,5&as_vis=1", "authors": "J Gabriel - Proceedings of the Sound and Music Computing  \u2026", "excerpt": "ABSTRACT One of the critical challenges in music teaching is providing ways for students to search easily across very large amounts of music data, in order that they can build intuition and gain experience around the ways in which different music styles are comprised. This  ...", "url_pdf": "http://server.smcnetwork.org/system/files/LARGE%20DATA%20SETS%20%2526%20RECOMMENDER%20SYSTEMS%20-%20A%20FEASIBLE%20APPROACH%20TO%20LEARNING%20MUSIC%3F.pdf", "num_citations": 2, "cluster_id": "17470238739080706029", "year": "2013", "url_citations": "http://scholar.google.com/scholar?cites=17470238739080706029&as_sdt=2005&sciodt=1,5&hl=en"}, {"num_versions": 3, "url_citation": null, "title": "End-to-end learning for music audio", "url": "http://ieeexplore.ieee.org/xpls/abs_all.jsp?arnumber=6854950", "url_versions": "http://scholar.google.com/scholar?cluster=5478766236569525957&hl=en&as_sdt=1,5&sciodt=1,5&as_vis=1", "authors": "S Dieleman, B Schrauwen - Acoustics, Speech and Signal  \u2026", "excerpt": "ABSTRACT Content-based music information retrieval tasks have traditionally been solved using engineered features and shallow processing architectures. In recent years, there has been increasing interest in using feature learning and deep architectures instead, thus  ...", "url_pdf": null, "num_citations": 6, "cluster_id": "5478766236569525957", "year": "2014", "url_citations": "http://scholar.google.com/scholar?cites=5478766236569525957&as_sdt=2005&sciodt=1,5&hl=en"}, {"num_versions": 3, "url_citation": null, "title": "Deep content-based music recommendation", "url": "http://papers.nips.cc/paper/5004-deep-content-based-music-recommendation", "url_versions": "http://scholar.google.com/scholar?cluster=9532659972049857239&hl=en&as_sdt=1,5&sciodt=1,5&as_vis=1", "authors": "A Van den Oord, S Dieleman\u2026 - Advances in Neural  \u2026", "excerpt": "Abstract Automatic music recommendation has become an increasingly relevant problem in recent years, since a lot of music is now sold and consumed digitally. Most recommender systems rely on collaborative filtering. However, this approach suffers from the cold start  ...", "url_pdf": null, "num_citations": 34, "cluster_id": "9532659972049857239", "year": "2013", "url_citations": "http://scholar.google.com/scholar?cites=9532659972049857239&as_sdt=2005&sciodt=1,5&hl=en"}, {"num_versions": 10, "url_citation": null, "title": "Feature learning and deep architectures: new directions for music informatics", "url": "http://link.springer.com/article/10.1007/s10844-013-0248-5", "url_versions": "http://scholar.google.com/scholar?cluster=12003076634266329621&hl=en&as_sdt=1,5&sciodt=1,5&as_vis=1", "authors": "EJ Humphrey, JP Bello, Y LeCun - Journal of Intelligent Information  \u2026", "excerpt": "Abstract As we look to advance the state of the art in content-based music informatics, there is a general sense that progress is decelerating throughout the field. On closer inspection, performance trajectories across several applications reveal that this is indeed the case,  ...", "url_pdf": null, "num_citations": 30, "cluster_id": "12003076634266329621", "year": "2013", "url_citations": "http://scholar.google.com/scholar?cites=12003076634266329621&as_sdt=2005&sciodt=1,5&hl=en"}, {"num_versions": 3, "url_citation": null, "title": "Audio features in music information retrieval", "url": "http://link.springer.com/chapter/10.1007/978-3-319-09912-5_16", "url_versions": "http://scholar.google.com/scholar?cluster=10515709919052655271&hl=en&as_sdt=1,5&sciodt=1,5&as_vis=1", "authors": "D Grzywczak, G Gwardys - Active Media Technology", "excerpt": "Abstract The rapid increase in the amount of on-line music services creates a need for automatic extraction of information from songs, music indexing and recommendation. But Music Information Retrieval is not an easy task and is still under development. This review  ...", "url_pdf": null, "num_citations": 1, "cluster_id": "10515709919052655271", "year": "2014", "url_citations": "http://scholar.google.com/scholar?cites=10515709919052655271&as_sdt=2005&sciodt=1,5&hl=en"}, {"num_versions": 2, "url_citation": null, "title": "Evaluating unsupervised fault detection in self-healing systems using stochastic primitives", "url": "http://scholar.google.com/https://research-repository.st-andrews.ac.uk/handle/10023/6071", "url_versions": "http://scholar.google.com/scholar?cluster=67950427798421647&hl=en&as_sdt=1,5&sciodt=1,5&as_vis=1", "authors": "C Schneider, AD Barker\u2026 - EAI Endorsed  \u2026", "excerpt": "Autonomous fault detection represents one approach for reducing operational costs in large-scale computing environments. However, little empirical evidence exists regarding the implementation or comparison of such methodologies, or offers proof that such  ...", "url_pdf": null, "num_citations": 2, "cluster_id": "67950427798421647", "year": "2015", "url_citations": "http://scholar.google.com/scholar?cites=67950427798421647&as_sdt=2005&sciodt=1,5&hl=en"}, {"num_versions": 12, "url_citation": null, "title": "Foundations and Trends\u00ae in Signal Processing", "url": "http://research.microsoft.com:8082/pubs/209355/DeepLearning-NowPublishing-Vol7-SIG-039.pdf", "url_versions": "http://scholar.google.com/scholar?cluster=15981304847159836793&hl=en&as_sdt=1,5&sciodt=1,5&as_vis=1", "authors": "L Deng, Y Dong - Signal Processing", "excerpt": "7.1. Acoustic modeling for speech recognition 263 industrial researchers; see reviews in [8 9, 161]. The collaborative work started in phone recognition tasks [89, 100, 135, 136, 257, 260, 258, 309, 311, 334], demonstrating the power of hybrid DNN architectures discussed  ...", "url_pdf": "http://research.microsoft.com:8082/pubs/209355/DeepLearning-NowPublishing-Vol7-SIG-039.pdf", "num_citations": 3, "cluster_id": "15981304847159836793", "year": "2014", "url_citations": "http://scholar.google.com/scholar?cites=15981304847159836793&as_sdt=2005&sciodt=1,5&hl=en"}, {"num_versions": 2, "url_citation": null, "title": "Modified LASSO screening for audio word-based music classification using large-scale dictionary", "url": "http://ieeexplore.ieee.org/xpls/abs_all.jsp?arnumber=6854596", "url_versions": "http://scholar.google.com/scholar?cluster=9291835842253770272&hl=en&as_sdt=1,5&sciodt=1,5&as_vis=1", "authors": "PK Jao, CCM Yeh, YH Yang - Acoustics, Speech and Signal  \u2026", "excerpt": "ABSTRACT Representing music information using audio codewords has led to state-of-the-art performance on various music classification benchmarks. Comparing to conventional audio descriptors, audio words offer greater flexibility in capturing the nuance of music  ...", "url_pdf": null, "num_citations": 6, "cluster_id": "9291835842253770272", "year": "2014", "url_citations": "http://scholar.google.com/scholar?cites=9291835842253770272&as_sdt=2005&sciodt=1,5&hl=en"}, {"num_versions": 2, "url_citation": null, "title": "Multiscale Approaches To Music Audio Feature Learning.", "url": "http://ismir2013.ismir.net/wp-content/uploads/2013/09/69_Paper.pdf", "url_versions": "http://scholar.google.com/scholar?cluster=10469974387381566465&hl=en&as_sdt=1,5&sciodt=1,5&as_vis=1", "authors": "S Dieleman, B Schrauwen - ISMIR", "excerpt": "ABSTRACT Content-based music information retrieval tasks are typically solved with a two-stage approach: features are extracted from music audio signals, and are then used as input to a regressor or classifier. These features can be engineered or learned from data.  ...", "url_pdf": "http://ismir2013.ismir.net/wp-content/uploads/2013/09/69_Paper.pdf", "num_citations": 8, "cluster_id": "10469974387381566465", "year": "2013", "url_citations": "http://scholar.google.com/scholar?cites=10469974387381566465&as_sdt=2005&sciodt=1,5&hl=en"}, {"num_versions": 10, "url_citation": null, "title": "Cross-modal sound mapping using deep learning", "url": "http://www.cs.princeton.edu/%7Efiebrink/publications/FriedFiebrink_NIME2013.pdf", "url_versions": "http://scholar.google.com/scholar?cluster=14323570322207467272&hl=en&as_sdt=1,5&sciodt=1,5&as_vis=1", "authors": "O Fried, R Fiebrink - New Interfaces for Musical Expression (NIME  \u2026", "excerpt": "ABSTRACT We present a method for automatic feature extraction and cross-modal mapping using deep learning. Our system uses stacked autoencoders to learn a layered feature representation of the data. Feature vectors from two (or more) different domains are  ...", "url_pdf": "http://www.cs.princeton.edu/%7Efiebrink/publications/FriedFiebrink_NIME2013.pdf", "num_citations": 2, "cluster_id": "14323570322207467272", "year": "2013", "url_citations": "http://scholar.google.com/scholar?cites=14323570322207467272&as_sdt=2005&sciodt=1,5&hl=en"}, {"num_versions": 7, "url_citation": null, "title": "Seven problems that keep MIR from attracting the interest of cognition and neuroscience", "url": "http://link.springer.com/article/10.1007/s10844-013-0251-x", "url_versions": "http://scholar.google.com/scholar?cluster=626580845488020251&hl=en&as_sdt=1,5&sciodt=1,5&as_vis=1", "authors": "JJ Aucouturier, E Bigand - Journal of Intelligent Information Systems", "excerpt": "Abstract Despite one and a half decade of research and an impressive body of knowledge on how to represent and process musical audio signals, the discipline of Music Information Retrieval still does not enjoy broad recognition outside of computer science. In music  ...", "url_pdf": null, "num_citations": 12, "cluster_id": "626580845488020251", "year": "2013", "url_citations": "http://scholar.google.com/scholar?cites=626580845488020251&as_sdt=2005&sciodt=1,5&hl=en"}, {"num_versions": 7, "url_citation": null, "title": "Improving content-based and hybrid music recommendation using deep learning", "url": "http://dl.acm.org/citation.cfm?id=2654940", "url_versions": "http://scholar.google.com/scholar?cluster=4241718270020039844&hl=en&as_sdt=1,5&sciodt=1,5&as_vis=1", "authors": "X Wang, Y Wang - Proceedings of the ACM International Conference on  \u2026", "excerpt": "Abstract Existing content-based music recommendation systems typically employ a\\ textit {two-stage} approach. They first extract traditional audio content features such as Mel-frequency cepstral coefficients and then predict user preferences. However, these  ...", "url_pdf": null, "num_citations": 6, "cluster_id": "4241718270020039844", "year": "2014", "url_citations": "http://scholar.google.com/scholar?cites=4241718270020039844&as_sdt=2005&sciodt=1,5&hl=en"}, {"num_versions": 4, "url_citation": null, "title": "A compositional hierarchical model for music information retrieval", "url": "http://musiclab.si/wp-content/uploads/2014/10/T024_286_Paper.pdf", "url_versions": "http://scholar.google.com/scholar?cluster=4385197066666211398&hl=en&as_sdt=1,5&sciodt=1,5&as_vis=1", "authors": "M Pesek, A Leonardis, M Marolt - Proceedings of the International  \u2026", "excerpt": "ABSTRACT This paper presents a biologically-inspired compositional hierarchical model for MIR. The model can be treated as a deep learning model, and poses an alternative to deep architectures based on neural networks. Its main features are generativeness and  ...", "url_pdf": "http://musiclab.si/wp-content/uploads/2014/10/T024_286_Paper.pdf", "num_citations": 3, "cluster_id": "4385197066666211398", "year": "2014", "url_citations": "http://scholar.google.com/scholar?cites=4385197066666211398&as_sdt=2005&sciodt=1,5&hl=en"}]