[{"num_versions": 8, "url_citation": null, "title": "An analysis of particle swarm optimizers", "url": "http://ar.newsmth.net/att/13c48c23a68b36/An_Analysis_of_Particle_Swarm_Optimizers.pdf", "url_versions": "http://scholar.google.com/scholar?cluster=13817205722329025186&hl=en&as_sdt=1,5&sciodt=1,5&as_vis=1", "authors": "F Van Den Bergh -", "excerpt": "Abstract Many scientific, engineering and economic problems involve the optimisation of a set of parameters. These problems include examples like minimising the losses in a power grid by finding the optimal configuration of the components, or training a neural network to  ...", "url_pdf": "http://ar.newsmth.net/att/13c48c23a68b36/An_Analysis_of_Particle_Swarm_Optimizers.pdf", "num_citations": 1423, "cluster_id": "13817205722329025186", "year": "2006", "url_citations": "http://scholar.google.com/scholar?cites=13817205722329025186&as_sdt=2005&sciodt=1,5&hl=en"}, {"num_versions": 12, "url_citation": null, "title": "Learning invariance from transformation sequences", "url": "http://www.mitpressjournals.org/doi/abs/10.1162/neco.1991.3.2.194", "url_versions": "http://scholar.google.com/scholar?cluster=17369141670302799556&hl=en&as_sdt=1,5&sciodt=1,5&as_vis=1", "authors": "P F\u00f6ldi\u00e1k - Neural Computation", "excerpt": "The visual system can reliably identify objects even when the retinal image is transformed considerably by commonly occurring changes in the environment. A local learning rule is proposed, which allows a network to learn to generalize across such transformations.  ...", "url_pdf": null, "num_citations": 629, "cluster_id": "17369141670302799556", "year": "1991", "url_citations": "http://scholar.google.com/scholar?cites=17369141670302799556&as_sdt=2005&sciodt=1,5&hl=en"}, {"num_versions": 17, "url_citation": null, "title": "Multicategory classification by support vector machines", "url": "http://link.springer.com/chapter/10.1007/978-1-4615-5197-3_5", "url_versions": "http://scholar.google.com/scholar?cluster=11864170685036368755&hl=en&as_sdt=1,5&sciodt=1,5&as_vis=1", "authors": "EJ Bredensteiner, KP Bennett - Computational Optimization", "excerpt": "Abstract We examine the problem of how to discriminate between objects of three or more classes. Specifically, we investigate how two-class discrimination methods can be extended to the multiclass case. We show how the linear programming (LP) approaches based on  ...", "url_pdf": null, "num_citations": 359, "cluster_id": "11864170685036368755", "year": "1999", "url_citations": "http://scholar.google.com/scholar?cites=11864170685036368755&as_sdt=2005&sciodt=1,5&hl=en"}, {"num_versions": 15, "url_citation": null, "title": "Simplified support vector decision rules", "url": "http://citeseerx.ist.psu.edu/viewdoc/download?doi=10.1.1.54.9934&rep=rep1&type=pdf", "url_versions": "http://scholar.google.com/scholar?cluster=10934753551434689759&hl=en&as_sdt=1,5&sciodt=1,5&as_vis=1", "authors": "CJC Burges - ICML", "excerpt": "Abstract A Support Vector Machine (SVM) is a universal learning machine whose decision surface is parameterized by a set of support vectors, and by a set of corresponding weights. An SVM is also characterized by a kernel function. Choice of the kernel determines  ...", "url_pdf": null, "num_citations": 544, "cluster_id": "10934753551434689759", "year": "1996", "url_citations": "http://scholar.google.com/scholar?cites=10934753551434689759&as_sdt=2005&sciodt=1,5&hl=en"}, {"num_versions": 23, "url_citation": null, "title": "Trading spaces: Computation, representation, and the limits of uninformed learning", "url": "http://journals.cambridge.org/abstract_S0140525X97000022", "url_versions": "http://scholar.google.com/scholar?cluster=11413834830990767491&hl=en&as_sdt=1,5&sciodt=1,5&as_vis=1", "authors": "A Clark, C Thornton - Behavioral and Brain Sciences", "excerpt": "Abstract Some regularities enjoy only an attenuated existence in a body of training data. These are regularities whose statistical visibility depends on some systematic recoding of the data. The space of possible recodings is, however, infinitely large\u2013it is the space of  ...", "url_pdf": null, "num_citations": 405, "cluster_id": "11413834830990767491", "year": "1997", "url_citations": "http://scholar.google.com/scholar?cites=11413834830990767491&as_sdt=2005&sciodt=1,5&hl=en"}, {"num_versions": 17, "url_citation": null, "title": "Stacked denoising autoencoders: Learning useful representations in a deep network with a local denoising criterion", "url": "http://dl.acm.org/citation.cfm?id=1953039", "url_versions": "http://scholar.google.com/scholar?cluster=13548556499559547747&hl=en&as_sdt=1,5&sciodt=1,5&as_vis=1", "authors": "P Vincent, H Larochelle, I Lajoie, Y Bengio\u2026 - The Journal of Machine \u2026", "excerpt": "Abstract We explore an original strategy for building deep networks, based on stacking layers of denoising autoencoders which are trained locally to denoise corrupted versions of their inputs. The resulting algorithm is a straightforward variation on the stacking of  ...", "url_pdf": null, "num_citations": 535, "cluster_id": "13548556499559547747", "year": "2010", "url_citations": "http://scholar.google.com/scholar?cites=13548556499559547747&as_sdt=2005&sciodt=1,5&hl=en"}, {"num_versions": 11, "url_citation": null, "title": "Invariant pattern recognition: a review", "url": "http://www.sciencedirect.com/science/article/pii/0031320395000690", "url_versions": "http://scholar.google.com/scholar?cluster=12226207731374964530&hl=en&as_sdt=1,5&sciodt=1,5&as_vis=1", "authors": "J Wood - Pattern recognition", "excerpt": "In this document we review and compare some of the classical and modern techniques for solving the problem of invariant pattern recognition. Such techniques include integral transforms, construction of algebraic moments and the use of structured neural networks.  ...", "url_pdf": null, "num_citations": 340, "cluster_id": "12226207731374964530", "year": "1996", "url_citations": "http://scholar.google.com/scholar?cites=12226207731374964530&as_sdt=2005&sciodt=1,5&hl=en"}, {"num_versions": 3, "url_citation": null, "title": "Handwritten digit recognition with a back-propagation network", "url": "http://citeseerx.ist.psu.edu/viewdoc/summary?doi=10.1.1.32.5076", "url_versions": "http://scholar.google.com/scholar?cluster=13003663605837932032&hl=en&as_sdt=1,5&sciodt=1,5&as_vis=1", "authors": "BB Le Cun, JS Denker, D Henderson\u2026 - Advances in neural  \u2026", "excerpt": "Abstract We present an application of back-propagation networks to handwritten digit recognition. Minimal preprocessing of the data was required, but architecture of the network was highly constrained and specifically designed for the task. The input of the network  ...", "url_pdf": null, "num_citations": 828, "cluster_id": "13003663605837932032", "year": "1990", "url_citations": "http://scholar.google.com/scholar?cites=13003663605837932032&as_sdt=2005&sciodt=1,5&hl=en"}, {"num_versions": 31, "url_citation": null, "title": "Probabilistic principal component analysis", "url": "http://onlinelibrary.wiley.com/doi/10.1111/1467-9868.00196/abstract", "url_versions": "http://scholar.google.com/scholar?cluster=5460079691823538557&hl=en&as_sdt=1,5&sciodt=1,5&as_vis=1", "authors": "ME Tipping, CM Bishop - \u2026 of the Royal Statistical Society: Series \u2026", "excerpt": "Summary. Principal component analysis (PCA) is a ubiquitous technique for data analysis and processing, but one which is not based on a probability model. We demonstrate how the principal axes of a set of observed data vectors may be determined through maximum  ...", "url_pdf": null, "num_citations": 1886, "cluster_id": "5460079691823538557", "year": "1999", "url_citations": "http://scholar.google.com/scholar?cites=5460079691823538557&as_sdt=2005&sciodt=1,5&hl=en"}, {"num_versions": 33, "url_citation": null, "title": "Artificial neural networks: A tutorial", "url": "http://www.computer.org/csdl/mags/co/1996/03/r3031.pdf", "url_versions": "http://scholar.google.com/scholar?cluster=11348675984878115003&hl=en&as_sdt=1,5&sciodt=1,5&as_vis=1", "authors": "AK Jain, J Mao, KM Mohiuddin - Computer", "excerpt": "ABSTRACT< p> Numerous advances have been made in developing intelligent programs, some inspired by biological neural networks. Researchers from many scientific disciplines are designing artificial neural networks (ANNs) to solve a variety of problems in pattern  ...", "url_pdf": "http://www.computer.org/csdl/mags/co/1996/03/r3031.pdf", "num_citations": 1372, "cluster_id": "11348675984878115003", "year": "1996", "url_citations": "http://scholar.google.com/scholar?cites=11348675984878115003&as_sdt=2005&sciodt=1,5&hl=en"}, {"num_versions": 18, "url_citation": null, "title": "Drug design by machine learning: support vector machines for pharmaceutical data analysis", "url": "http://www.sciencedirect.com/science/article/pii/S0097848501000948", "url_versions": "http://scholar.google.com/scholar?cluster=1514602566093789396&hl=en&as_sdt=1,5&sciodt=1,5&as_vis=1", "authors": "R Burbidge, M Trotter, B Buxton, S Holden - Computers & chemistry", "excerpt": "We show that the support vector machine (SVM) classification algorithm, a recent development from the machine learning community, proves its potential for structure\u2013activity relationship analysis. In a benchmark test, the SVM is compared to several machine  ...", "url_pdf": null, "num_citations": 527, "cluster_id": "1514602566093789396", "year": "2001", "url_citations": "http://scholar.google.com/scholar?cites=1514602566093789396&as_sdt=2005&sciodt=1,5&hl=en"}, {"num_versions": 17, "url_citation": null, "title": "Training invariant support vector machines", "url": "http://link.springer.com/article/10.1023/A:1012454411458", "url_versions": "http://scholar.google.com/scholar?cluster=15409240688358473310&hl=en&as_sdt=1,5&sciodt=1,5&as_vis=1", "authors": "D Decoste, B Sch\u00f6lkopf - Machine learning", "excerpt": "Abstract Practical experience has shown that in order to obtain the best possible performance, prior knowledge about invariances of a classification problem at hand ought to be incorporated into the training procedure. We describe and review all known methods  ...", "url_pdf": null, "num_citations": 480, "cluster_id": "15409240688358473310", "year": "2002", "url_citations": "http://scholar.google.com/scholar?cites=15409240688358473310&as_sdt=2005&sciodt=1,5&hl=en"}, {"num_versions": 31, "url_citation": null, "title": "Neural networks and the bias/variance dilemma", "url": "http://www.mitpressjournals.org/doi/abs/10.1162/neco.1992.4.1.1", "url_versions": "http://scholar.google.com/scholar?cluster=13527962848593594125&hl=en&as_sdt=1,5&sciodt=1,5&as_vis=1", "authors": "S Geman, E Bienenstock, R Doursat - Neural computation", "excerpt": "Feedforward neural networks trained by error backpropagation are examples of nonparametric regression estimators. We present a tutorial on nonparametric inference and its relation to neural networks, and we use the statistical viewpoint to highlight strengths  ...", "url_pdf": null, "num_citations": 2816, "cluster_id": "13527962848593594125", "year": "1992", "url_citations": "http://scholar.google.com/scholar?cites=13527962848593594125&as_sdt=2005&sciodt=1,5&hl=en"}, {"num_versions": 47, "url_citation": null, "title": "Statistical pattern recognition: A review", "url": "http://ieeexplore.ieee.org/xpls/abs_all.jsp?arnumber=824819", "url_versions": "http://scholar.google.com/scholar?cluster=2492983015060992311&hl=en&as_sdt=1,5&sciodt=1,5&as_vis=1", "authors": "AK Jain, RPW Duin, J Mao - Pattern Analysis and Machine  \u2026", "excerpt": "BY the time they are five years old, most children can recognize digits and letters. Small characters, large characters, handwritten, machine printed, or rotated\u00d0all are easily recognized by the young. The characters may be written on a cluttered background, on  ...", "url_pdf": null, "num_citations": 5566, "cluster_id": "2492983015060992311", "year": "2000", "url_citations": "http://scholar.google.com/scholar?cites=2492983015060992311&as_sdt=2005&sciodt=1,5&hl=en"}, {"num_versions": 24, "url_citation": null, "title": "Slow feature analysis: Unsupervised learning of invariances", "url": "http://www.mitpressjournals.org/doi/abs/10.1162/089976602317318938", "url_versions": "http://scholar.google.com/scholar?cluster=9342193791795002829&hl=en&as_sdt=1,5&sciodt=1,5&as_vis=1", "authors": "L Wiskott, TJ Sejnowski - Neural computation", "excerpt": "Invariant features of temporally varying signals are useful for analysis and classification. Slow feature analysis (SFA) is a new method for learning invariant or slowly varying features from a vectorial input signal. It is based on a nonlinear expansion of the input signal and  ...", "url_pdf": null, "num_citations": 581, "cluster_id": "9342193791795002829", "year": "2002", "url_citations": "http://scholar.google.com/scholar?cites=9342193791795002829&as_sdt=2005&sciodt=1,5&hl=en"}, {"num_versions": 6, "url_citation": null, "title": "Artificial intelligence: a new synthesis", "url": "http://scholar.google.com/https://books.google.com/books?hl=en&lr=&id=GYOFSd6fETgC&oi=fnd&pg=PP1&ots=u3hww3dmNA&sig=b06-l_B4CqLwVJnFdB01dQ_wEWI", "url_versions": "http://scholar.google.com/scholar?cluster=8954090724421119595&hl=en&as_sdt=1,5&sciodt=1,5&as_vis=1", "authors": "NJ Nilsson -", "excerpt": "Intelligent agents are employed as the central characters in this introductory text. Beginning with elementary reactive agents, Nilsson gradually increases their cognitive horsepower to illustrate the most important and lasting ideas in AI. Neural networks, genetic  ...", "url_pdf": null, "num_citations": 1591, "cluster_id": "8954090724421119595", "year": "1998", "url_citations": "http://scholar.google.com/scholar?cites=8954090724421119595&as_sdt=2005&sciodt=1,5&hl=en"}, {"num_versions": 14, "url_citation": null, "title": "Query learning with large margin classifiers", "url": "http://www.vis.uky.edu/%7Echeung/courses/ee639_fall04/readings/campbell00query.pdf", "url_versions": "http://scholar.google.com/scholar?cluster=7223875523516653824&hl=en&as_sdt=1,5&sciodt=1,5&as_vis=1", "authors": "C Campbell, N Cristianini, A Smola - ICML", "excerpt": "Abstract The active selection of instances can significantly improve the generalisation performance of a learning machine. Large margin classifiers such as support vector machines classify data using the most informative instances (the support vectors). This  ...", "url_pdf": "http://www.vis.uky.edu/%7Echeung/courses/ee639_fall04/readings/campbell00query.pdf", "num_citations": 334, "cluster_id": "7223875523516653824", "year": "2000", "url_citations": "http://scholar.google.com/scholar?cites=7223875523516653824&as_sdt=2005&sciodt=1,5&hl=en"}, {"num_versions": 19, "url_citation": null, "title": "Input space versus feature space in kernel-based methods", "url": "http://ieeexplore.ieee.org/xpls/abs_all.jsp?arnumber=788641", "url_versions": "http://scholar.google.com/scholar?cluster=13647946835735305074&hl=en&as_sdt=1,5&sciodt=1,5&as_vis=1", "authors": "B Sch\u00f6lkopf, S Mika, CJC Burges\u2026 - Neural Networks,  \u2026", "excerpt": "Abstract\u2014This paper collects some ideas targeted at advancing our understanding of the feature spaces associated with support vector (SV) kernel functions. We first discuss the geometry of feature space. In particular, we review what is known about the shape of the  ...", "url_pdf": null, "num_citations": 1168, "cluster_id": "13647946835735305074", "year": "1999", "url_citations": "http://scholar.google.com/scholar?cites=13647946835735305074&as_sdt=2005&sciodt=1,5&hl=en"}, {"num_versions": 7, "url_citation": null, "title": "Keeping the neural networks simple by minimizing the description length of the weights", "url": "http://dl.acm.org/citation.cfm?id=168306", "url_versions": "http://scholar.google.com/scholar?cluster=10176669309393884854&hl=en&as_sdt=1,5&sciodt=1,5&as_vis=1", "authors": "GE Hinton, D Van Camp - Proceedings of the sixth annual conference  \u2026", "excerpt": "Abstract Supervised neural networks generalize well if there is much less information in the weights than there is in the output vectors of the training cases. So during learning, it is important to keep the weights simple by penalizing the amount of information they contain.  ...", "url_pdf": null, "num_citations": 355, "cluster_id": "10176669309393884854", "year": "1993", "url_citations": "http://scholar.google.com/scholar?cites=10176669309393884854&as_sdt=2005&sciodt=1,5&hl=en"}, {"num_versions": 20, "url_citation": null, "title": "Neural networks for pattern recognition", "url": "http://scholar.google.com/https://books.google.com/books?hl=en&lr=&id=T0S0BgAAQBAJ&oi=fnd&pg=PP1&ots=jL6WuGbDnh&sig=QbqghsX61II7WCqZOJD3UUpdQvs", "url_versions": "http://scholar.google.com/scholar?cluster=2500586578175262464&hl=en&as_sdt=1,5&sciodt=1,5&as_vis=1", "authors": "CM Bishop -", "excerpt": "This book provides the first comprehensive treatment of feed-forward neural networks from the perspective of statistical pattern recognition. After introducing the basic concepts of pattern recognition, the book describes techniques for modelling probability density  ...", "url_pdf": null, "num_citations": 23561, "cluster_id": "2500586578175262464", "year": "1995", "url_citations": "http://scholar.google.com/scholar?cites=2500586578175262464&as_sdt=2005&sciodt=1,5&hl=en"}, {"num_versions": 17, "url_citation": null, "title": "Rich feature hierarchies for accurate object detection and semantic segmentation", "url": "http://ieeexplore.ieee.org/xpls/abs_all.jsp?arnumber=6909475", "url_versions": "http://scholar.google.com/scholar?cluster=3200512630481960501&hl=en&as_sdt=1,5&sciodt=1,5&as_vis=1", "authors": "R Girshick, J Donahue, T Darrell\u2026 - Computer Vision and  \u2026", "excerpt": "Abstract Object detection performance, as measured on the canonical PASCAL VOC dataset, has plateaued in the last few years. The best-performing methods are complex ensemble systems that typically combine multiple low-level image features with high-level  ...", "url_pdf": null, "num_citations": 617, "cluster_id": "3200512630481960501", "year": "2014", "url_citations": "http://scholar.google.com/scholar?cites=3200512630481960501&as_sdt=2005&sciodt=1,5&hl=en"}, {"num_versions": 7, "url_citation": null, "title": "Democracy in neural nets: Voting schemes for classification", "url": "http://www.sciencedirect.com/science/article/pii/0893608094900469", "url_versions": "http://scholar.google.com/scholar?cluster=15359604417016882741&hl=en&as_sdt=1,5&sciodt=1,5&as_vis=1", "authors": "R Battiti, AM Colla - Neural Networks", "excerpt": "Abstract In this paper we discuss some possible ways to combine the outputs of a set of neural network classifiers to reach a combined decision with a higher performance, in terms of lower rejection rates and/or better accuracy rates. The methods considered range from  ...", "url_pdf": null, "num_citations": 331, "cluster_id": "15359604417016882741", "year": "1994", "url_citations": "http://scholar.google.com/scholar?cites=15359604417016882741&as_sdt=2005&sciodt=1,5&hl=en"}, {"num_versions": 64, "url_citation": null, "title": "Learning deep architectures for AI", "url": "http://dl.acm.org/citation.cfm?id=1658424", "url_versions": "http://scholar.google.com/scholar?cluster=5331804836605365413&hl=en&as_sdt=1,5&sciodt=1,5&as_vis=1", "authors": "Y Bengio - Foundations and trends\u00ae in Machine Learning", "excerpt": "Abstract Theoretical results suggest that in order to learn the kind of complicated functions that can represent high-level abstractions (eg, in vision, language, and other AI-level tasks), one may need deep architectures. Deep architectures are composed of multiple levels of  ...", "url_pdf": null, "num_citations": 1847, "cluster_id": "5331804836605365413", "year": "2009", "url_citations": "http://scholar.google.com/scholar?cites=5331804836605365413&as_sdt=2005&sciodt=1,5&hl=en"}, {"num_versions": 13, "url_citation": null, "title": "Efficient training of artificial neural networks for autonomous navigation", "url": "http://www.mitpressjournals.org/doi/abs/10.1162/neco.1991.3.1.88", "url_versions": "http://scholar.google.com/scholar?cluster=2187416832553439739&hl=en&as_sdt=1,5&sciodt=1,5&as_vis=1", "authors": "DA Pomerleau - Neural Computation", "excerpt": "The ALVINN (Autonomous Land Vehicle In a Neural Network) project addresses the problem of training artificial neural networks in real time to perform difficult perception tasks. ALVINN is a backpropagation network designed to drive the CMU Navlab, a modified  ...", "url_pdf": null, "num_citations": 326, "cluster_id": "2187416832553439739", "year": "1991", "url_citations": "http://scholar.google.com/scholar?cites=2187416832553439739&as_sdt=2005&sciodt=1,5&hl=en"}, {"num_versions": 25, "url_citation": null, "title": "Convolutional deep belief networks for scalable unsupervised learning of hierarchical representations", "url": "http://dl.acm.org/citation.cfm?id=1553453", "url_versions": "http://scholar.google.com/scholar?cluster=14272331216913182998&hl=en&as_sdt=1,5&sciodt=1,5&as_vis=1", "authors": "H Lee, R Grosse, R Ranganath, AY Ng - Proceedings of the 26th Annual  \u2026", "excerpt": "Abstract There has been much interest in unsupervised learning of hierarchical generative models such as deep belief networks. Scaling such models to full-sized, high-dimensional images remains a difficult problem. To address this problem, we present the convolutional  ...", "url_pdf": null, "num_citations": 805, "cluster_id": "14272331216913182998", "year": "2009", "url_citations": "http://scholar.google.com/scholar?cites=14272331216913182998&as_sdt=2005&sciodt=1,5&hl=en"}, {"num_versions": 59, "url_citation": null, "title": "Comparing support vector machines with Gaussian kernels to radial basis function classifiers", "url": "http://ieeexplore.ieee.org/xpls/abs_all.jsp?arnumber=650102", "url_versions": "http://scholar.google.com/scholar?cluster=2059270149583154238&hl=en&as_sdt=1,5&sciodt=1,5&as_vis=1", "authors": "B Sch\u00f6lkopf, KK Sung, CJC Burges\u2026 - Signal Processing,  \u2026", "excerpt": "Abstract The support vector (SV) machine is a novel type of learning machine, based on statistical learning theory, which contains polynomial classifiers, neural networks, and radial basis function (RBF) networks as special cases. In the RBF case, the SV algorithm  ...", "url_pdf": null, "num_citations": 919, "cluster_id": "2059270149583154238", "year": "1997", "url_citations": "http://scholar.google.com/scholar?cites=2059270149583154238&as_sdt=2005&sciodt=1,5&hl=en"}, {"num_versions": 55, "url_citation": null, "title": "Advances in kernel methods: support vector learning", "url": "http://scholar.google.com/https://books.google.com/books?hl=en&lr=&id=_NYamXKkNM8C&oi=fnd&pg=PR7&ots=RydMcA9Lx7&sig=V_BJRLWoKXayQdeGu7KG_umAI50", "url_versions": "http://scholar.google.com/scholar?cluster=17791901442833546459&hl=en&as_sdt=1,5&sciodt=1,5&as_vis=1", "authors": "B Sch\u00f6lkopf, CJC Burges -", "excerpt": "The Support Vector Machine is a powerful new learning algorithm for solving a variety of learning and function estimation problems, such as pattern recognition, regression estimation, and operator inversion. The impetus for this collection was a workshop on  ...", "url_pdf": null, "num_citations": 2153, "cluster_id": "17791901442833546459", "year": "1999", "url_citations": "http://scholar.google.com/scholar?cites=17791901442833546459&as_sdt=2005&sciodt=1,5&hl=en"}, {"num_versions": 23, "url_citation": null, "title": "Image processing with neural networks\u2014a review", "url": "http://www.sciencedirect.com/science/article/pii/S0031320301001789", "url_versions": "http://scholar.google.com/scholar?cluster=14035294441684949470&hl=en&as_sdt=1,5&sciodt=1,5&as_vis=1", "authors": "M Egmont-Petersen, D de Ridder, H Handels - Pattern recognition", "excerpt": "We review more than 200 applications of neural networks in image processing and discuss the present and possible future role of neural networks, especially feed-forward neural networks, Kohonen feature maps and Hopfield neural networks. The various applications  ...", "url_pdf": null, "num_citations": 661, "cluster_id": "14035294441684949470", "year": "2002", "url_citations": "http://scholar.google.com/scholar?cites=14035294441684949470&as_sdt=2005&sciodt=1,5&hl=en"}, {"num_versions": 6, "url_citation": null, "title": "Online learning and stochastic approximations", "url": "http://scholar.google.com/https://books.google.com/books?hl=en&lr=&id=iu2v6C5nx4oC&oi=fnd&pg=PA9&ots=oyJdQBmVQ8&sig=bUY3F4N0Q_QSQVBOq5mmUnkdUL8", "url_versions": "http://scholar.google.com/scholar?cluster=3169230323894050068&hl=en&as_sdt=1,5&sciodt=1,5&as_vis=1", "authors": "L Bottou - On-line learning in neural networks", "excerpt": "Abstract The convergence of online learning algorithms is analyzed using the tools of the stochastic approximation theory, and proved under very weak conditions. A general framework for online learning algorithms is \ufb01rst presented. This framework encompasses  ...", "url_pdf": null, "num_citations": 370, "cluster_id": "3169230323894050068", "year": "1998", "url_citations": "http://scholar.google.com/scholar?cites=3169230323894050068&as_sdt=2005&sciodt=1,5&hl=en"}, {"num_versions": 20, "url_citation": null, "title": "Optimal brain damage.", "url": "http://multilayer-perceptron-obd.googlecode.com/svn-history/r2/trunk/abc/lecun-90b.pdf", "url_versions": "http://scholar.google.com/scholar?cluster=4588992562541514941&hl=en&as_sdt=1,5&sciodt=1,5&as_vis=1", "authors": "Y LeCun, JS Denker, SA Solla\u2026 -  \u2026", "excerpt": "ABSTRACT We have used information-theoretic ideas to derive a class of practical and nearly optimal schemes for adapting the size of a neural network. By removing unimportant weights from a network, several improvements can be expected: better generalization,  ...", "url_pdf": "http://multilayer-perceptron-obd.googlecode.com/svn-history/r2/trunk/abc/lecun-90b.pdf", "num_citations": 1817, "cluster_id": "4588992562541514941", "year": "1989", "url_citations": "http://scholar.google.com/scholar?cites=4588992562541514941&as_sdt=2005&sciodt=1,5&hl=en"}, {"num_versions": 6, "url_citation": null, "title": "Connectionist speech recognition: a hybrid approach", "url": "http://scholar.google.com/https://books.google.com/books?hl=en&lr=&id=naLaBwAAQBAJ&oi=fnd&pg=PR13&ots=z4AGra0xj7&sig=8PVWxHK6s2kp9rWQD_1soNQ96eE", "url_versions": "http://scholar.google.com/scholar?cluster=2539083109782812812&hl=en&as_sdt=1,5&sciodt=1,5&as_vis=1", "authors": "HA Bourlard, N Morgan -", "excerpt": "Connectionist Speech Recognition: A Hybrid Approach describes the theory and implementation of a method to incorporate neural network approaches into state of the art continuous speech recognition systems based on hidden Markov models (HMMs) to  ...", "url_pdf": null, "num_citations": 1273, "cluster_id": "2539083109782812812", "year": "2012", "url_citations": "http://scholar.google.com/scholar?cites=2539083109782812812&as_sdt=2005&sciodt=1,5&hl=en"}, {"num_versions": 27, "url_citation": null, "title": "Nonlinear component analysis as a kernel eigenvalue problem", "url": "http://www.mitpressjournals.org/doi/abs/10.1162/089976698300017467", "url_versions": "http://scholar.google.com/scholar?cluster=9700976993142487787&hl=en&as_sdt=1,5&sciodt=1,5&as_vis=1", "authors": "B Sch\u00f6lkopf, A Smola, KR M\u00fcller - Neural computation", "excerpt": "A new method for performing a nonlinear form of principal component analysis is proposed. By the use of integral operator kernel functions, one can efficiently compute principal components in high-dimensional feature spaces, related to input space by some nonlinear  ...", "url_pdf": null, "num_citations": 5995, "cluster_id": "9700976993142487787", "year": "1998", "url_citations": "http://scholar.google.com/scholar?cites=9700976993142487787&as_sdt=2005&sciodt=1,5&hl=en"}, {"num_versions": 29, "url_citation": null, "title": "SVM-KNN: Discriminative nearest neighbor classification for visual category recognition", "url": "http://ieeexplore.ieee.org/xpls/abs_all.jsp?arnumber=1641014", "url_versions": "http://scholar.google.com/scholar?cluster=14370060248855632904&hl=en&as_sdt=1,5&sciodt=1,5&as_vis=1", "authors": "H Zhang, AC Berg, M Maire\u2026 - Computer Vision and  \u2026", "excerpt": "Abstract We consider visual category recognition in the framework of measuring similarities, or equivalently perceptual distances, to prototype examples of categories. This approach is quite flexible, and permits recognition based on color, texture, and particularly shape, in a  ...", "url_pdf": null, "num_citations": 867, "cluster_id": "14370060248855632904", "year": "2006", "url_citations": "http://scholar.google.com/scholar?cites=14370060248855632904&as_sdt=2005&sciodt=1,5&hl=en"}, {"num_versions": 33, "url_citation": null, "title": "Representation learning: A review and new perspectives", "url": "http://ieeexplore.ieee.org/xpls/abs_all.jsp?arnumber=6472238", "url_versions": "http://scholar.google.com/scholar?cluster=559463397382443088&hl=en&as_sdt=1,5&sciodt=1,5&as_vis=1", "authors": "Y Bengio, A Courville, P Vincent - Pattern Analysis and  \u2026", "excerpt": "Abstract\u2014The success of machine learning algorithms generally depends on data representation, and we hypothesize that this is because different representations can entangle and hide more or less the different explanatory factors of variation behind the  ...", "url_pdf": null, "num_citations": 685, "cluster_id": "559463397382443088", "year": "2013", "url_citations": "http://scholar.google.com/scholar?cites=559463397382443088&as_sdt=2005&sciodt=1,5&hl=en"}, {"num_versions": 46, "url_citation": null, "title": "Gradient-based learning applied to document recognition", "url": "http://ieeexplore.ieee.org/xpls/abs_all.jsp?arnumber=726791", "url_versions": "http://scholar.google.com/scholar?cluster=1909057046224785356&hl=en&as_sdt=1,5&sciodt=1,5&as_vis=1", "authors": "Y LeCun, L Bottou, Y Bengio\u2026 - Proceedings of the  \u2026", "excerpt": "Multilayer neural networks trained with the back-propagation algorithm constitute the best example of a successful gradientbased learning technique. Given an appropriate network architecture, gradient-based learning algorithms can be used to synthesize a complex  ...", "url_pdf": null, "num_citations": 3830, "cluster_id": "1909057046224785356", "year": "1998", "url_citations": "http://scholar.google.com/scholar?cites=1909057046224785356&as_sdt=2005&sciodt=1,5&hl=en"}, {"num_versions": 39, "url_citation": null, "title": "Solving multiclass learning problems via error-correcting output codes", "url": "http://www.jair.org/papers/paper105.html", "url_versions": "http://scholar.google.com/scholar?cluster=4688109345519572098&hl=en&as_sdt=1,5&sciodt=1,5&as_vis=1", "authors": "TG Dietterich, G Bakiri - Journal of artificial intelligence research", "excerpt": "Abstract Multiclass learning problems involve nding a de nition for an unknown function fx whose range is a discrete set containing k 2 values ie, k classes\". The de nition is acquired by studying collections of training examples of the form hxi; f xi i. Existing approaches to  ...", "url_pdf": null, "num_citations": 2323, "cluster_id": "4688109345519572098", "year": "1995", "url_citations": "http://scholar.google.com/scholar?cites=4688109345519572098&as_sdt=2005&sciodt=1,5&hl=en"}, {"num_versions": 30, "url_citation": null, "title": "Multitask learning", "url": "http://link.springer.com/article/10.1023/A:1007379606734", "url_versions": "http://scholar.google.com/scholar?cluster=7460606520045135959&hl=en&as_sdt=1,5&sciodt=1,5&as_vis=1", "authors": "R Caruana - Machine learning", "excerpt": "Abstract Multitask Learning is an approach to inductive transfer that improves generalization by using the domain information contained in the training signals of related tasks as an inductive bias. It does this by learning tasks in parallel while using a shared  ...", "url_pdf": null, "num_citations": 1721, "cluster_id": "7460606520045135959", "year": "1997", "url_citations": "http://scholar.google.com/scholar?cites=7460606520045135959&as_sdt=2005&sciodt=1,5&hl=en"}, {"num_versions": 10, "url_citation": null, "title": "Neural networks: A review from a statistical perspective", "url": "http://www.jstor.org/stable/2246275", "url_versions": "http://scholar.google.com/scholar?cluster=804497409688907377&hl=en&as_sdt=1,5&sciodt=1,5&as_vis=1", "authors": "B Cheng, DM Titterington - Statistical science", "excerpt": "This paper informs a statistical readership about Artificial Neural Networks (ANNs), points out some of the links with statistical methodology and encourages cross-disciplinary research in the directions most likely to bear fruit. The areas of statistical interest are briefly  ...", "url_pdf": null, "num_citations": 998, "cluster_id": "804497409688907377", "year": "1994", "url_citations": "http://scholar.google.com/scholar?cites=804497409688907377&as_sdt=2005&sciodt=1,5&hl=en"}, {"num_versions": 11, "url_citation": null, "title": "Decaf: A deep convolutional activation feature for generic visual recognition", "url": "http://arxiv.org/abs/1310.1531", "url_versions": "http://scholar.google.com/scholar?cluster=317747044817730463&hl=en&as_sdt=1,5&sciodt=1,5&as_vis=1", "authors": "J Donahue, Y Jia, O Vinyals, J Hoffman\u2026 - arXiv preprint arXiv: \u2026", "excerpt": "Abstract: We evaluate whether features extracted from the activation of a deep convolutional network trained in a fully supervised fashion on a large, fixed set of object recognition tasks can be re-purposed to novel generic tasks. Our generic tasks may differ significantly from  ...", "url_pdf": null, "num_citations": 398, "cluster_id": "317747044817730463", "year": "2013", "url_citations": "http://scholar.google.com/scholar?cites=317747044817730463&as_sdt=2005&sciodt=1,5&hl=en"}, {"num_versions": 15, "url_citation": null, "title": "The MIT encyclopedia of the cognitive sciences", "url": "http://scholar.google.com/https://books.google.com/books?hl=en&lr=&id=-wt1aZrGXLYC&oi=fnd&pg=PR13&ots=93ZDa5W1bu&sig=_ueAKnyDUoyGHlBEWK9gEVGZwoI", "url_versions": "http://scholar.google.com/scholar?cluster=14142830803654392951&hl=en&as_sdt=1,5&sciodt=1,5&as_vis=1", "authors": "RA Wilson, FC Keil -", "excerpt": "Since the 1970s the cognitive sciences have offered multidisciplinary ways of understanding the mind and cognition. The MIT Encyclopedia of the Cognitive Sciences (MITECS) is a landmark, comprehensive reference work that represents the methodological and  ...", "url_pdf": null, "num_citations": 776, "cluster_id": "14142830803654392951", "year": "2001", "url_citations": "http://scholar.google.com/scholar?cites=14142830803654392951&as_sdt=2005&sciodt=1,5&hl=en"}, {"num_versions": 15, "url_citation": null, "title": "Scaling learning algorithms towards AI", "url": "http://www.iro.umontreal.ca/%7Elisa/bib/pub_subject/language/pointeurs/bengio+lecun-chapter2007.pdf", "url_versions": "http://scholar.google.com/scholar?cluster=17771740241470960050&hl=en&as_sdt=1,5&sciodt=1,5&as_vis=1", "authors": "Y Bengio, Y LeCun - Large-scale kernel machines", "excerpt": "Abstract One long-term goal of machine learning research is to produce methods that are applicable to highly complex tasks, such as perception (vision, audition), reasoning, intelligent control, and other artificially intelligent behaviors. We argue that in order to  ...", "url_pdf": "http://www.iro.umontreal.ca/%7Elisa/bib/pub_subject/language/pointeurs/bengio+lecun-chapter2007.pdf", "num_citations": 428, "cluster_id": "17771740241470960050", "year": "2007", "url_citations": "http://scholar.google.com/scholar?cites=17771740241470960050&as_sdt=2005&sciodt=1,5&hl=en"}, {"num_versions": 15, "url_citation": null, "title": "Feature extraction methods for character recognition-a survey", "url": "http://www.sciencedirect.com/science/article/pii/0031320395001182", "url_versions": "http://scholar.google.com/scholar?cluster=15501167103291650636&hl=en&as_sdt=1,5&sciodt=1,5&as_vis=1", "authors": "\u00d8D Trier, AK Jain, T Taxt - Pattern recognition", "excerpt": "This paper presents an overview of feature extraction methods for off-line recognition of segmented (isolated) characters. Selection of a feature extraction method is probably the single most important factor in achieving high recognition performance in character  ...", "url_pdf": null, "num_citations": 1219, "cluster_id": "15501167103291650636", "year": "1996", "url_citations": "http://scholar.google.com/scholar?cites=15501167103291650636&as_sdt=2005&sciodt=1,5&hl=en"}, {"num_versions": 47, "url_citation": null, "title": "An introduction to kernel-based learning algorithms", "url": "http://ieeexplore.ieee.org/xpls/abs_all.jsp?arnumber=914517", "url_versions": "http://scholar.google.com/scholar?cluster=10196971449102133801&hl=en&as_sdt=1,5&sciodt=1,5&as_vis=1", "authors": "KR M\u00fcller, S Mika, G R\u00e4tsch, K Tsuda\u2026 - \u2026  IEEE Transactions on", "excerpt": "Abstract This paper provides an introduction to support vector machines, kernel Fisher discriminant analysis, and kernel principal component analysis, as examples for successful kernel-based learning methods. We first give a short background about Vapnik- ...", "url_pdf": null, "num_citations": 3033, "cluster_id": "10196971449102133801", "year": "2001", "url_citations": "http://scholar.google.com/scholar?cites=10196971449102133801&as_sdt=2005&sciodt=1,5&hl=en"}, {"num_versions": 82, "url_citation": null, "title": "Neural network-based face detection", "url": "http://ieeexplore.ieee.org/xpls/abs_all.jsp?arnumber=655647", "url_versions": "http://scholar.google.com/scholar?cluster=1898117017753769567&hl=en&as_sdt=1,5&sciodt=1,5&as_vis=1", "authors": "H Rowley, S Baluja, T Kanade - Pattern Analysis and  \u2026", "excerpt": "Abstract\u2014We present a neural network-based upright frontal face detection system. A retinally connected neural network examines small windows of an image and decides whether each window contains a face. The system arbitrates between multiple networks to  ...", "url_pdf": null, "num_citations": 4397, "cluster_id": "1898117017753769567", "year": "1998", "url_citations": "http://scholar.google.com/scholar?cites=1898117017753769567&as_sdt=2005&sciodt=1,5&hl=en"}, {"num_versions": 6, "url_citation": null, "title": "Neural network perception for mobile robot guidance", "url": "http://scholar.google.com/https://books.google.com/books?hl=en&lr=&id=7pvbBwAAQBAJ&oi=fnd&pg=PP10&ots=BW2otpvUXh&sig=Wk4z4s7FaULO9E6nkA6kYreCM6Q", "url_versions": "http://scholar.google.com/scholar?cluster=5948266477113058253&hl=en&as_sdt=1,5&sciodt=1,5&as_vis=1", "authors": "DA Pomerleau -", "excerpt": "Dean Pomerleau's trainable road tracker, ALVINN, is arguably the world's most famous neural net application. It currently holds the world's record for distance traveled by an autonomous robot without interruption: 21.2 miles along a highway, in traffic, at  ...", "url_pdf": null, "num_citations": 593, "cluster_id": "5948266477113058253", "year": "2012", "url_citations": "http://scholar.google.com/scholar?cites=5948266477113058253&as_sdt=2005&sciodt=1,5&hl=en"}, {"num_versions": 25, "url_citation": null, "title": "Boosting image retrieval", "url": "http://link.springer.com/article/10.1023/B:VISI.0000004830.93820.78", "url_versions": "http://scholar.google.com/scholar?cluster=4974078424561134686&hl=en&as_sdt=1,5&sciodt=1,5&as_vis=1", "authors": "K Tieu, P Viola - International Journal of Computer Vision", "excerpt": "Abstract We present an approach for image retrieval using a very large number of highly selective features and efficient learning of queries. Our approach is predicated on the assumption that each image is generated by a sparse set of visual \u201ccauses\u201d and that  ...", "url_pdf": null, "num_citations": 706, "cluster_id": "4974078424561134686", "year": "2004", "url_citations": "http://scholar.google.com/scholar?cites=4974078424561134686&as_sdt=2005&sciodt=1,5&hl=en"}, {"num_versions": 7, "url_citation": null, "title": "Statistical mechanics of learning from examples", "url": "http://journals.aps.org/pra/abstract/10.1103/PhysRevA.45.6056", "url_versions": "http://scholar.google.com/scholar?cluster=324772406866918196&hl=en&as_sdt=1,5&sciodt=1,5&as_vis=1", "authors": "HS Seung, H Sompolinsky, N Tishby - Physical Review A", "excerpt": "Abstract Learning from examples in feedforward neural networks is studied within a statistical-mechanical framework. Training is assumed to be stochastic, leading to a Gibbs distribution of networks characterized by a temperature parameter T. Learning of  ...", "url_pdf": null, "num_citations": 381, "cluster_id": "324772406866918196", "year": "1992", "url_citations": "http://scholar.google.com/scholar?cites=324772406866918196&as_sdt=2005&sciodt=1,5&hl=en"}, {"num_versions": 8, "url_citation": null, "title": "Visualizing and understanding convolutional networks", "url": "http://link.springer.com/chapter/10.1007/978-3-319-10590-1_53", "url_versions": "http://scholar.google.com/scholar?cluster=7533260230303233181&hl=en&as_sdt=1,5&sciodt=1,5&as_vis=1", "authors": "MD Zeiler, R Fergus - Computer Vision\u2013ECCV", "excerpt": "Abstract Large Convolutional Network models have recently demonstrated impressive classification performance on the ImageNet benchmark Krizhevsky et al.[18]. However there is no clear understanding of why they perform so well, or how they might be improved. In  ...", "url_pdf": null, "num_citations": 392, "cluster_id": "7533260230303233181", "year": "2014", "url_citations": "http://scholar.google.com/scholar?cites=7533260230303233181&as_sdt=2005&sciodt=1,5&hl=en"}, {"num_versions": 15, "url_citation": null, "title": "Gradient calculations for dynamic recurrent neural networks: A survey", "url": "http://ieeexplore.ieee.org/xpls/abs_all.jsp?arnumber=410363", "url_versions": "http://scholar.google.com/scholar?cluster=2131575676812411072&hl=en&as_sdt=1,5&sciodt=1,5&as_vis=1", "authors": "B Pearlmutter - Neural Networks, IEEE Transactions on", "excerpt": "Abstract-We survey learning algorithms for recurrent neural networks with hidden units and put the various techniques into a common framework. We discuss fixed point learning algorithms, namely recurrent backpropagation and deterministic Boltzmann machines,  ...", "url_pdf": null, "num_citations": 515, "cluster_id": "2131575676812411072", "year": "1995", "url_citations": "http://scholar.google.com/scholar?cites=2131575676812411072&as_sdt=2005&sciodt=1,5&hl=en"}, {"num_versions": 20, "url_citation": null, "title": "Human face detection in visual scenes", "url": "http://www-preview.ri.cmu.edu/pub_files/pub1/rowley_henry_1995_1/rowley_henry_1995_1.pdf", "url_versions": "http://scholar.google.com/scholar?cluster=1823064122774680493&hl=en&as_sdt=1,5&sciodt=1,5&as_vis=1", "authors": "HA Rowley, S Baluja, T Kanade -", "excerpt": "Abstract We present a neural network-based face detection system. A retinally connected neural network examines small windows of an image, and decides whether each window contains a face. The system arbitrates between multiple networks to improve performance  ...", "url_pdf": "http://www-preview.ri.cmu.edu/pub_files/pub1/rowley_henry_1995_1/rowley_henry_1995_1.pdf", "num_citations": 436, "cluster_id": "1823064122774680493", "year": "1995", "url_citations": "http://scholar.google.com/scholar?cites=1823064122774680493&as_sdt=2005&sciodt=1,5&hl=en"}]