[{"num_versions": 8, "url_citation": null, "title": "Nursing students' experiences of involvement in clinical research: An exploratory study", "url": "http://www.sciencedirect.com/science/article/pii/S1471595313001558", "url_versions": "http://scholar.google.com/scholar?cluster=3266627348003260&hl=en&as_sdt=1,5&sciodt=1,5&as_vis=1", "authors": "I Henoch, EJ Ung, A Ozanne, H Falk, K Falk\u2026 - Nurse education in  \u2026", "excerpt": "Background Nursing education can positively affect nurses' attitudes toward nursing research, resulting in better patient outcomes. Experiential learning theory was the basis for this study. Objectives To explore nursing students' experiences of involvement in clinical  ...", "url_pdf": null, "num_citations": 2, "cluster_id": "3266627348003260", "year": "2014", "url_citations": "http://scholar.google.com/scholar?cites=3266627348003260&as_sdt=2005&sciodt=1,5&hl=en"}, {"num_versions": 5, "url_citation": null, "title": "IS Learning: The Impact of Gender and Team Emotional Intelligence", "url": "http://search.proquest.com/openview/d17c399fe5dcb7bb6db711a470b4b390/1?pq-origsite=gscholar", "url_versions": "http://scholar.google.com/scholar?cluster=8772763096150887325&hl=en&as_sdt=1,5&sciodt=1,5&as_vis=1", "authors": "MM Dunaway - Journal of Information Systems Education", "excerpt": "Abstract In university settings, dysfunction in teamwork often challenges problem-based learning in IS projects. Researchers of IS Education have largely overlooked Team Emotional Intelligence (TEI), which offers a collective cognitive skill that may benefit the  ...", "url_pdf": null, "num_citations": 1, "cluster_id": "8772763096150887325", "year": "2013", "url_citations": "http://scholar.google.com/scholar?cites=8772763096150887325&as_sdt=2005&sciodt=1,5&hl=en"}, {"num_versions": 3, "url_citation": null, "title": "\u77e5\u8b58\u5916\u5316-\u5167\u5316\u904e\u7a0b\u4e2d\u77e5\u8b58\u6d41\u5931\u73fe\u8c61\u8207\u77e5\u8b58\u6d41\u5931\u6210\u56e0\u4e4b\u63a2\u8a0e", "url": "http://ir.lib.stust.edu.tw/handle/987654321/3557", "url_versions": "http://scholar.google.com/scholar?cluster=6961206376758210164&hl=en&as_sdt=1,5&sciodt=1,5&as_vis=1", "authors": "\u674e\u570b\u744b -", "excerpt": "\u672c\u7814\u7a76\u4e3b\u8981\u91dd\u5c0d\u77e5\u8b58\u5916\u5316\u8207\u5167\u5316\u904e\u7a0b\u4e2d\u77e5\u8b58\u6d41\u5931\u73fe\u8c61\u9032\u884c\u63a2\u8a0e. \u904e\u53bb\u5be6\u8b49\u7814\u7a76\u96d6\u6307\u51fa\u77e5\u8b58\u5916\u5316, \u5167\u5316\u6d3b\u52d5\u5c0d\u65bc\u7d44\u7e54\u7684\u77e5\u8b58\u7ba1\u7406\u7e3e\u6548\u6703\u7522\u751f\u6b63\u9762\u5f71\u97ff, \u552f\u5f9e\u4e8b\u77e5\u8b58\u5916\u5316\u7684\u6d3b\u52d5, \u537b\u672a\u5fc5\u4ee3\u8868\u8457\u80fd\u5c07\u5167\u96b1\u77e5\u8b58\u5b8c\u5168\u5730\u8f49\u63db\u70ba\u5916\u986f\u77e5\u8b58. \u4e00\u65e6\u77e5\u8b58\u8655\u65bc\u4e0d\u5b8c\u5168\u5916\u5316, \u4ea6\u6216\u4e0d\u5b8c\u5168\u5167 ...", "url_pdf": null, "num_citations": 0, "cluster_id": null, "year": "2007", "url_citations": null}, {"num_versions": 0, "url_citation": null, "title": "\u57fa\u4e8e\u53cd\u601d\u7684\u6df1\u5ea6\u5b66\u4e60: \u5185\u6db5\u4e0e\u8fc7\u7a0b", "url": "http://www.cnki.com.cn/Article/CJFDTotal-DHJY201412006.htm", "url_versions": null, "authors": "\u5434\u79c0\u5a1f\uff0c \u5f20\u6d69\uff0c \u502a\u5382\u6e05 - \u7535\u5316\u6559\u80b2\u7814\u7a76", "excerpt": "[\u6458\u8981]: \u57fa\u4e8e\u53cd\u601d\u7684\u6df1\u5ea6\u5b66\u4e60\u5b9e\u8d28\u4e0a\u662f\u4ee5\u53cd\u601d\u6027\u5b66\u4e60\u4e3a\u6838\u5fc3\u5185\u5bb9\u7684\u6df1\u5ea6\u5b66\u4e60. \u5176\u5173\u952e\u4efb\u52a1\u662f\u53d1\u5c55\u53cd\u601d\u6027\u5b66\u4e60\u80fd\u529b\u4ee5\u4fc3\u8fdb\u6df1\u5ea6\u5b66\u4e60\u76ee\u6807\u7684\u8fbe\u6210, \u5176\u7406\u8bba\u57fa\u7840\u662f\u6df1\u5ea6\u5b66\u4e60\u7406\u8bba\u548c\u53cd\u601d\u6027\u5b66\u4e60\u7406\u8bba. \u6587\u7ae0\u6982\u8ff0\u6df1\u5ea6\u5b66\u4e60\u548c\u53cd\u601d\u6027\u5b66\u4e60\u7684\u6982\u5ff5\u5185\u6db5\u53ca\u5b9e\u73b0\u8fc7\u7a0b, \u901a\u8fc7\u5206\u6790\u6df1\u5ea6\u5b66\u4e60 ...", "url_pdf": null, "num_citations": 1, "cluster_id": "723559154411939344", "year": "2014", "url_citations": "http://scholar.google.com/scholar?cites=723559154411939344&as_sdt=2005&sciodt=1,5&hl=en"}, {"num_versions": 0, "url_citation": null, "title": "Two coaches operating as a'learning pair'.", "url": "http://search.ebscohost.com/login.aspx?direct=true&profile=ehost&scope=site&authtype=crawler&jrnl=17418305&AN=89389805&h=PfUVA4AXgQXozWTBYANI7fB9vf9zHq7Jk5P7P1w8dU7W2eFzIC8GinFc14H%2BREe2TzJgttO3j89xn4SXGEfbHQ%3D%3D&crl=c", "url_versions": null, "authors": "M Smith, R Gilbert - \u2026  Journal of Evidence Based Coaching &  \u2026", "excerpt": "Abstract Whilst an established aid to personal development, coaching is still in its early stages of maturity. So too, outside of the field of education, is the concept of learning teams. This paper concerns coach development via two complementary coaches working as a  ...", "url_pdf": null, "num_citations": 1, "cluster_id": "5284171877571301099", "year": "2013", "url_citations": "http://scholar.google.com/scholar?cites=5284171877571301099&as_sdt=2005&sciodt=1,5&hl=en"}]