[{"num_versions": 7, "url_citation": null, "title": "Computational affect detection for education and health", "url": "http://scholarworks.umass.edu/open_access_dissertations/437/", "url_versions": "http://scholar.google.com/scholar?cluster=15373692872613873726&hl=en&as_sdt=1,5&sciodt=1,5&as_vis=1", "authors": "DG Cooper -", "excerpt": "Abstract Emotional intelligence has a prominent role in education, health care, and day to day interaction. With the increasing use of computer technology, computers are interacting with more and more individuals. This interaction provides an opportunity to increase  ...", "url_pdf": null, "num_citations": 0, "cluster_id": null, "year": "2011", "url_citations": null}, {"num_versions": 0, "url_citation": null, "title": "Augmenting the Educational Process Using a Prototype Bio-Feedback Device for Anxiety Awareness", "url": "http://users.auth.gr/tsiatsos/CD-Papers/3_Chapters_in_Books/K12.doc", "url_versions": null, "authors": "H Apostolidis, P Stylianidis, T Tsiatsos - \u2026  on e-Learning and ICT in  \u2026", "excerpt": "ABSTRACT Students' anxiety recognition might be approved a significant support providing self-regulation and teaching and coaching quality. From physiology it is known that high anxiety is usually resulting in increasing skin conductivity to electrical current. Furthermore ...", "url_pdf": null, "num_citations": 3, "cluster_id": "12484728040842976223", "year": "2014", "url_citations": "http://scholar.google.com/scholar?cites=12484728040842976223&as_sdt=2005&sciodt=1,5&hl=en"}, {"num_versions": 9, "url_citation": null, "title": "Automatically recognizing facial expression: Predicting engagement and frustration", "url": "http://www.educationaldatamining.org/conferences/index.php/EDM/2013/paper/download/1018/984", "url_versions": "http://scholar.google.com/scholar?cluster=18073096319104961466&hl=en&as_sdt=1,5&sciodt=1,5&as_vis=1", "authors": "J Grafsgaard, JB Wiggins, KE Boyer\u2026 - \u2026  Data Mining", "excerpt": "ABSTRACT Learning involves a rich array of cognitive and affective states. Recognizing and understanding these cognitive and affective dimensions of learning is key to designing informed interventions. Prior research has highlighted the importance of facial  ...", "url_pdf": null, "num_citations": 25, "cluster_id": "18073096319104961466", "year": "2013", "url_citations": "http://scholar.google.com/scholar?cites=18073096319104961466&as_sdt=2005&sciodt=1,5&hl=en"}, {"num_versions": 4, "url_citation": null, "title": "Students' motivational and emotional experiences and their relationship to persistence during academic challenge in mathematics and reading", "url": "http://www.sciencedirect.com/science/article/pii/S1041608013000782", "url_versions": "http://scholar.google.com/scholar?cluster=18002283833021380082&hl=en&as_sdt=1,5&sciodt=1,5&as_vis=1", "authors": "M Tulis, SM Fulmer - Learning and Individual Differences", "excerpt": "Abstract Two studies are presented examining 6th and 7th grade students' task-related experiences during a challenging math task (Study 1) and reading task (Study 2), respectively. The main purpose was to analyze the impact of changes in motivational and  ...", "url_pdf": null, "num_citations": 5, "cluster_id": "18002283833021380082", "year": "2013", "url_citations": "http://scholar.google.com/scholar?cites=18002283833021380082&as_sdt=2005&sciodt=1,5&hl=en"}, {"num_versions": 4, "url_citation": null, "title": "CC\u2013LR: providing interactive, challenging and attractive Collaborative Complex Learning Resources", "url": "http://onlinelibrary.wiley.com/doi/10.1111/jcal.12021/full", "url_versions": "http://scholar.google.com/scholar?cluster=11358589172092329231&hl=en&as_sdt=1,5&sciodt=1,5&as_vis=1", "authors": "S Caball\u00e9, N Mora, M Feidakis, D Ga\u00f1\u00e1n\u2026 - Journal of Computer  \u2026", "excerpt": "Abstract Many researchers argue that students must be meaningfully engaged in the learning resources for effective learning to occur. However, current online learners still report a problematic lack of attractive and challenging learning resources that engage  ...", "url_pdf": null, "num_citations": 14, "cluster_id": "11358589172092329231", "year": "2014", "url_citations": "http://scholar.google.com/scholar?cites=11358589172092329231&as_sdt=2005&sciodt=1,5&hl=en"}, {"num_versions": 6, "url_citation": null, "title": "Endowing e-learning systems with emotion awareness", "url": "http://ieeexplore.ieee.org/xpls/abs_all.jsp?arnumber=6132781", "url_versions": "http://scholar.google.com/scholar?cluster=16558849675215381009&hl=en&as_sdt=1,5&sciodt=1,5&as_vis=1", "authors": "M Feidakis, T Daradoumis\u2026 - Intelligent Networking and  \u2026", "excerpt": "Abstract\u2014The consideration of emotion in learning has been in the research agenda for quite long time and literature is offering a variety of studies that are evaluating the role of emotions in various learning contexts (class, test and exams, during studying at home, etc) ...", "url_pdf": null, "num_citations": 13, "cluster_id": "16558849675215381009", "year": "2011", "url_citations": "http://scholar.google.com/scholar?cites=16558849675215381009&as_sdt=2005&sciodt=1,5&hl=en"}, {"num_versions": 5, "url_citation": null, "title": "Integrating cognitive, metacognitive, and affective regulatory processes with MetaTutor", "url": "http://link.springer.com/chapter/10.1007/978-1-4419-9625-1_11", "url_versions": "http://scholar.google.com/scholar?cluster=13396052852336256935&hl=en&as_sdt=1,5&sciodt=1,5&as_vis=1", "authors": "R Azevedo, AC Strain - New perspectives on affect and learning  \u2026", "excerpt": "Abstract Research on scaffolding students' self-regulation and metacognition during learning with advanced learning technologies has led to numerous models and theories from various fields. The role of students' emotional and motivational processes, on the  ...", "url_pdf": null, "num_citations": 14, "cluster_id": "13396052852336256935", "year": "2011", "url_citations": "http://scholar.google.com/scholar?cites=13396052852336256935&as_sdt=2005&sciodt=1,5&hl=en"}, {"num_versions": 5, "url_citation": null, "title": "Measuring learners' co-occurring emotional responses during their interaction with a pedagogical agent in MetaTutor", "url": "http://link.springer.com/chapter/10.1007/978-3-642-30950-2_5", "url_versions": "http://scholar.google.com/scholar?cluster=12282769946294688767&hl=en&as_sdt=1,5&sciodt=1,5&as_vis=1", "authors": "JM Harley, F Bouchet, R Azevedo - Intelligent Tutoring Systems", "excerpt": "Abstract This paper extends upon traditional emotional measurement frameworks used by ITSs in which emotions are analyzed as single, discrete psychological experiences by examining co-occurring emotions (COEs)(eg, Conati) through a novel methodological  ...", "url_pdf": null, "num_citations": 7, "cluster_id": "12282769946294688767", "year": "2012", "url_citations": "http://scholar.google.com/scholar?cites=12282769946294688767&as_sdt=2005&sciodt=1,5&hl=en"}, {"num_versions": 0, "url_citation": null, "title": "Measuring learners' unfolding, discrete emotional responses to different pedagogical agents scaffolding strategies", "url": "http://www.researchgate.net/profile/Francois_Bouchet2/publication/234163741_Measuring_learners_unfolding_discrete_emotional_responses_to_different_pedagogical_agents_scaffolding_strategies/links/0a85e536124a763992000000.pdf", "url_versions": null, "authors": "J Harley, F Bouchet, R Azevedo - annual meeting of the American \u2026", "excerpt": "Abstract. This study investigates learners' discrete emotional responses to a pedagogical agent's (PA) tutorial scaffolding strategies during their interactions with it while setting three sub goals for their learning session with MetaTutor. 24 undergraduate students from a  ...", "url_pdf": "http://www.researchgate.net/profile/Francois_Bouchet2/publication/234163741_Measuring_learners_unfolding_discrete_emotional_responses_to_different_pedagogical_agents_scaffolding_strategies/links/0a85e536124a763992000000.pdf", "num_citations": 2, "cluster_id": "12273004623850433120", "year": "2012", "url_citations": "http://scholar.google.com/scholar?cites=12273004623850433120&as_sdt=2005&sciodt=1,5&hl=en"}, {"num_versions": 0, "url_citation": null, "title": "Using trace data to examine the complex roles of cognitive, metacognitive, and emotional self-regulatory processes during learning with multi-agent systems", "url": "http://link.springer.com/chapter/10.1007/978-1-4419-5546-3_28", "url_versions": null, "authors": "R Azevedo, J Harley, G Trevors, M Duffy\u2026 - \u2026  of metacognition and  \u2026", "excerpt": "Abstract This chapter emphasizes the importance of using multi-channel trace data to examine the complex roles of cognitive, affective, and metacognitive (CAM) self-regulatory processes deployed by students during learning with multi-agent systems. We argue that  ...", "url_pdf": null, "num_citations": 26, "cluster_id": "2962574708666700392", "year": "2013", "url_citations": "http://scholar.google.com/scholar?cites=2962574708666700392&as_sdt=2005&sciodt=1,5&hl=en"}, {"num_versions": 5, "url_citation": null, "title": "Design of an emotion aware e-learning system", "url": "http://www.inderscienceonline.com/doi/abs/10.1504/IJKL.2012.051676", "url_versions": "http://scholar.google.com/scholar?cluster=17027729202039217730&hl=en&as_sdt=1,5&sciodt=1,5&as_vis=1", "authors": "M Feidakis, T Daradoumis\u2026 - \u2026  of Knowledge and  \u2026", "excerpt": "Sense and analysis of user's emotions has appeared in the focus of the research agenda during the last decade with many applications, especially in learning. The latter is informed by the study of emotions that has been attained for many years. In the current paper, we  ...", "url_pdf": null, "num_citations": 12, "cluster_id": "17027729202039217730", "year": "2012", "url_citations": "http://scholar.google.com/scholar?cites=17027729202039217730&as_sdt=2005&sciodt=1,5&hl=en"}, {"num_versions": 4, "url_citation": null, "title": "A Dual-Modal System that Evaluates User's Emotions in Virtual Learning Environments and Responds Affectively.", "url": "http://www.jucs.org/jucs_19_11/a_dual_modal_system/jucs_19_11_1638_1660_feidakis.pdf", "url_versions": "http://scholar.google.com/scholar?cluster=16167195539358618931&hl=en&as_sdt=1,5&sciodt=1,5&as_vis=1", "authors": "M Feidakis, T Daradoumis, S Caballe, J Conesa\u2026 - J. UCS", "excerpt": "Abstract: Endowing learning systems with emotion awareness features (capture user's affective state and provide affective feedback), seems quite promising. This paper describes a system implementation that provides emotion awareness, both explicitly, by self- ...", "url_pdf": "http://www.jucs.org/jucs_19_11/a_dual_modal_system/jucs_19_11_1638_1660_feidakis.pdf", "num_citations": 5, "cluster_id": "16167195539358618931", "year": "2013", "url_citations": "http://scholar.google.com/scholar?cites=16167195539358618931&as_sdt=2005&sciodt=1,5&hl=en"}, {"num_versions": 2, "url_citation": null, "title": "A framework to understand the nature of co-regulated learning in human-pedagogical agent interactions", "url": "http://www.researchgate.net/profile/Francois_Bouchet2/publication/234163752_A_Framework_to_Understand_the_Nature_of_Co-Regulated_Learning_in_Human-Pedagogical_Agent_Interactions/links/0fcfd512f0ce8b4201000000.pdf", "url_versions": "http://scholar.google.com/scholar?cluster=12300655741640512625&hl=en&as_sdt=1,5&sciodt=1,5&as_vis=1", "authors": "J Harley, M Taub, F Bouchet, R Azevedo -", "excerpt": "Abstract. Contemporary research has examined the learning process through the lens of self-regulated learning (SRL) while relatively little effort has been given to examining human tutors'(HTs) or pedagogical agents'(PAs) role in supporting learners' development of SRL  ...", "url_pdf": "http://www.researchgate.net/profile/Francois_Bouchet2/publication/234163752_A_Framework_to_Understand_the_Nature_of_Co-Regulated_Learning_in_Human-Pedagogical_Agent_Interactions/links/0fcfd512f0ce8b4201000000.pdf", "num_citations": 2, "cluster_id": "12300655741640512625", "year": "2011", "url_citations": "http://scholar.google.com/scholar?cites=12300655741640512625&as_sdt=2005&sciodt=1,5&hl=en"}, {"num_versions": 4, "url_citation": null, "title": "International handbook of metacognition and learning technologies", "url": "http://link.springer.com/content/pdf/10.1007/978-1-4419-5546-3.pdf", "url_versions": "http://scholar.google.com/scholar?cluster=16443202374673625106&hl=en&as_sdt=1,5&sciodt=1,5&as_vis=1", "authors": "R Azevedo, VA Aleven -", "excerpt": "This is the fi rst international handbook on the topic of metacognition and learning technologies. We are proud to have been invited by Springer to coedit such an important two-volume international handbook. The handbook represents the best cutting-edge  ...", "url_pdf": "http://link.springer.com/content/pdf/10.1007/978-1-4419-5546-3.pdf", "num_citations": 28, "cluster_id": "16443202374673625106", "year": "2013", "url_citations": "http://scholar.google.com/scholar?cites=16443202374673625106&as_sdt=2005&sciodt=1,5&hl=en"}, {"num_versions": 6, "url_citation": null, "title": "The Faces of Engagement: Automatic Recognition of Student Engagementfrom Facial Expressions", "url": "http://ieeexplore.ieee.org/xpls/abs_all.jsp?arnumber=6786307", "url_versions": "http://scholar.google.com/scholar?cluster=804900299070384925&hl=en&as_sdt=1,5&sciodt=1,5&as_vis=1", "authors": "J Whitehill, Z Serpell, YC Lin, A Foster\u2026 - \u2026  IEEE Transactions on", "excerpt": "Abstract\u2014Student engagement is a key concept in contemporary education, where it is valued as a goal in its own right. In this paper we explore approaches for automatic recognition of engagement from students' facial expressions. We studied whether human  ...", "url_pdf": null, "num_citations": 11, "cluster_id": "804900299070384925", "year": "2014", "url_citations": "http://scholar.google.com/scholar?cites=804900299070384925&as_sdt=2005&sciodt=1,5&hl=en"}, {"num_versions": 4, "url_citation": null, "title": "A framework for designing computer supported learning systems with sensibility", "url": "http://www.igi-global.com/article/content/75213", "url_versions": "http://scholar.google.com/scholar?cluster=1191023647865656167&hl=en&as_sdt=1,5&sciodt=1,5&as_vis=1", "authors": "M Feidakis, T Daradoumis - International Journal of e-Collaboration ( \u2026", "excerpt": "Abstract In the current paper, the authors propose a new conceptual framework in Computer Supported Learning System-CSCL design that takes emotion into account. They conduct their analysis through five layers: physiological, emotional, sociological, technological,  ...", "url_pdf": null, "num_citations": 1, "cluster_id": "1191023647865656167", "year": "2013", "url_citations": "http://scholar.google.com/scholar?cites=1191023647865656167&as_sdt=2005&sciodt=1,5&hl=en"}, {"num_versions": 5, "url_citation": null, "title": "Improving the efficiency of dialogue in tutoring", "url": "http://www.sciencedirect.com/science/article/pii/S0959475211001010", "url_versions": "http://scholar.google.com/scholar?cluster=4087463416839834670&hl=en&as_sdt=1,5&sciodt=1,5&as_vis=1", "authors": "KJ Kopp, MA Britt, K Millis, AC Graesser - Learning and Instruction", "excerpt": "The current studies investigated the efficient use of dialogue in intelligent tutoring systems that use natural language interaction. Such dialogues can be relatively time-consuming. This work addresses the question of how much dialogue is needed to produce significant  ...", "url_pdf": null, "num_citations": 22, "cluster_id": "4087463416839834670", "year": "2012", "url_citations": "http://scholar.google.com/scholar?cites=4087463416839834670&as_sdt=2005&sciodt=1,5&hl=en"}, {"num_versions": 0, "url_citation": null, "title": "Emotions in advanced learning technologies", "url": "http://scholar.google.com/https://books.google.com/books?hl=en&lr=&id=8_UjAwAAQBAJ&oi=fnd&pg=PA473&ots=F9YPlRdJpz&sig=ae0WBEyRQ7v2d-v_GCGcJQ6Ygg0", "url_versions": null, "authors": "AC Graesser, SK D'Mello\u2026 - International Handbook of  \u2026", "excerpt": "There is a vision that advanced learning technologies can optimize the delicate balance between emotions and the learning of academic material. Students are not prone to have much fun when they are expected to learn a dense array of new jargon, complex systems  ...", "url_pdf": null, "num_citations": 5, "cluster_id": "3718339063754113598", "year": "2014", "url_citations": "http://scholar.google.com/scholar?cites=3718339063754113598&as_sdt=2005&sciodt=1,5&hl=en"}, {"num_versions": 11, "url_citation": null, "title": "Automatically recognizing facial indicators of frustration: a learning-centric analysis", "url": "http://ieeexplore.ieee.org/xpls/abs_all.jsp?arnumber=6681424", "url_versions": "http://scholar.google.com/scholar?cluster=4803983741460539576&hl=en&as_sdt=1,5&sciodt=1,5&as_vis=1", "authors": "JF Grafsgaard, JB Wiggins, KE Boyer\u2026 - \u2026 ACII)", "excerpt": "Abstract\u2014Affective and cognitive processes form a rich substrate on which learning plays out. Affective states often influence progress on learning tasks, resulting in positive or negative cycles of affect that impact learning outcomes. Developing a detailed account of  ...", "url_pdf": null, "num_citations": 8, "cluster_id": "4803983741460539576", "year": "2013", "url_citations": "http://scholar.google.com/scholar?cites=4803983741460539576&as_sdt=2005&sciodt=1,5&hl=en"}]