[{"num_versions": 2, "url_citation": null, "title": "Textbooks design and digital resources", "url": "http://scholar.google.com/https://hal.archives-ouvertes.fr/hal-01145640/", "url_versions": "http://scholar.google.com/scholar?cluster=5083632365501577546&hl=en&as_sdt=1,5&sciodt=1,5&as_vis=1", "authors": "G Gueudet, B Pepin, L Trouche - ICMI study 22-Task  \u2026", "excerpt": "In this paper we report on the comparison of the design and conceptualization of two very different French lower secondary mathematics textbooks: one which was developed, as it is' traditionally'done, by'experts'(teacher educators and researchers); and one which was  ...", "url_pdf": null, "num_citations": 4, "cluster_id": "5083632365501577546", "year": "2013", "url_citations": "http://scholar.google.com/scholar?cites=5083632365501577546&as_sdt=2005&sciodt=1,5&hl=en"}, {"num_versions": 2, "url_citation": null, "title": "\u0130lkokul Matematik Kitaplar\u0131n\u0131n Kullan\u0131m\u0131na \u0130li\u015fkin S\u0131n\u0131f \u00d6\u011fretmeni G\u00f6r\u00fc\u015flerinin Baz\u0131 De\u011fi\u015fkenler A\u00e7\u0131s\u0131ndan \u0130ncelenmesi", "url": "http://www.ijocis.net/index.php/ijocis/article/view/13", "url_versions": "http://scholar.google.com/scholar?cluster=4946534497625005452&hl=en&as_sdt=1,5&sciodt=1,5&as_vis=1", "authors": "A BULUT, N TERTEM\u0130Z - ijocis", "excerpt": "Abstract Ara\u015ft\u0131rman\u0131n amac\u0131, ilkokul matematik \u00f6\u011fretmen k\u0131lavuzu, ders ve \u00e7al\u0131\u015fma kitaplar\u0131n\u0131n kullan\u0131m\u0131na ili\u015fkin \u00f6\u011fretmen g\u00f6r\u00fc\u015flerini belirlemektir. \u00c7al\u0131\u015fma betimsel bir \u00e7al\u0131\u015fma olup tarama modeliyle haz\u0131rlanm\u0131\u015ft\u0131r. Uygulama sonunda elde edilen veriler  ...", "url_pdf": null, "num_citations": 0, "cluster_id": null, "year": "2014", "url_citations": null}, {"num_versions": 2, "url_citation": null, "title": "The mathematical nature of reasoning-and-proving opportunities in geometry textbooks", "url": "http://www.tandfonline.com/doi/abs/10.1080/10986065.2014.857802", "url_versions": "http://scholar.google.com/scholar?cluster=7691782886621853885&hl=en&as_sdt=1,5&sciodt=1,5&as_vis=1", "authors": "S Otten, NJ Gilbertson, LM Males\u2026 - \u2026  Thinking and Learning", "excerpt": "International calls have been made for reasoning-and-proving to permeate school mathematics. It is important that efforts to heed this call are grounded in an understanding of the opportunities to reason-and-prove that already exist, especially in secondary-level  ...", "url_pdf": null, "num_citations": 3, "cluster_id": "7691782886621853885", "year": "2014", "url_citations": "http://scholar.google.com/scholar?cites=7691782886621853885&as_sdt=2005&sciodt=1,5&hl=en"}, {"num_versions": 3, "url_citation": null, "title": "The development of school mathematics textbooks in China since 1950", "url": "http://link.springer.com/article/10.1007/s11858-013-0538-y", "url_versions": "http://scholar.google.com/scholar?cluster=10144495418301741400&hl=en&as_sdt=1,5&sciodt=1,5&as_vis=1", "authors": "B Xu - ZDM", "excerpt": "Abstract This paper provides an account of the development of school mathematics textbooks in China since 1950, the year following the founding of the People's Republic. This development can be divided into several major periods consisting of (a) translating  ...", "url_pdf": null, "num_citations": 1, "cluster_id": "10144495418301741400", "year": "2013", "url_citations": "http://scholar.google.com/scholar?cites=10144495418301741400&as_sdt=2005&sciodt=1,5&hl=en"}]