[{"num_versions": 0, "url_citation": null, "title": "Stacked what-where auto-encoders", "url": "http://arxiv.org/abs/1506.02351", "url_versions": null, "authors": "J Zhao, M Mathieu, R Goroshin, Y Lecun - arXiv preprint arXiv:1506.02351", "excerpt": "Abstract: We present a novel architecture, the\" stacked what-where auto-encoders\"(SWWAE), which integrates discriminative and generative pathways and provides an unified approach to supervised, semi-supervised and unsupervised learning without  ...", "url_pdf": null, "num_citations": 1, "cluster_id": "4259489367047739374", "year": "2015", "url_citations": "http://scholar.google.com/scholar?cites=4259489367047739374&as_sdt=2005&sciodt=1,5&hl=en"}, {"num_versions": 0, "url_citation": null, "title": "Semi-Supervised Learning with Ladder Network", "url": "http://arxiv.org/abs/1507.02672", "url_versions": null, "authors": "A Rasmus, H Valpola, M Honkala, M Berglund\u2026 - arXiv preprint arXiv: \u2026", "excerpt": "Abstract: We combine supervised learning with unsupervised learning in deep neural networks. The proposed model is trained to simultaneously minimize the sum of supervised and unsupervised cost functions by backpropagation, avoiding the need for layer-wise  ...", "url_pdf": null, "num_citations": 1, "cluster_id": "15444199149005999919", "year": "2015", "url_citations": "http://scholar.google.com/scholar?cites=15444199149005999919&as_sdt=2005&sciodt=1,5&hl=en"}, {"num_versions": 3, "url_citation": null, "title": "Unsupervised feature learning by augmenting single images", "url": "http://arxiv.org/abs/1312.5242", "url_versions": "http://scholar.google.com/scholar?cluster=1901160115667070835&hl=en&as_sdt=1,5&sciodt=1,5&as_vis=1", "authors": "A Dosovitskiy, JT Springenberg, T Brox - arXiv preprint arXiv:1312.5242", "excerpt": "Abstract: When deep learning is applied to visual object recognition, data augmentation is often used to generate additional training data without extra labeling cost. It helps to reduce overfitting and increase the performance of the algorithm. In this paper we investigate if it  ...", "url_pdf": null, "num_citations": 6, "cluster_id": "1901160115667070835", "year": "2013", "url_citations": "http://scholar.google.com/scholar?cites=1901160115667070835&as_sdt=2005&sciodt=1,5&hl=en"}, {"num_versions": 3, "url_citation": null, "title": "Challenges in representation learning: A report on three machine learning contests", "url": "http://link.springer.com/chapter/10.1007/978-3-642-42051-1_16", "url_versions": "http://scholar.google.com/scholar?cluster=8616805753242216943&hl=en&as_sdt=1,5&sciodt=1,5&as_vis=1", "authors": "IJ Goodfellow, D Erhan, PL Carrier, A Courville\u2026 - Neural Information  \u2026", "excerpt": "Abstract The ICML 2013 Workshop on Challenges in Representation Learning focused on three challenges: the black box learning challenge, the facial expression recognition challenge, and the multimodal learning challenge. We describe the datasets created for  ...", "url_pdf": null, "num_citations": 12, "cluster_id": "8616805753242216943", "year": "2013", "url_citations": "http://scholar.google.com/scholar?cites=8616805753242216943&as_sdt=2005&sciodt=1,5&hl=en"}, {"num_versions": 2, "url_citation": null, "title": "Semi-Supervised Neural Networks for Nested Named Entity Recognition", "url": "http://hildok.bsz-bw.de/frontdoor/deliver/index/docId/291/file/03_09.pdf", "url_versions": "http://scholar.google.com/scholar?cluster=3272232831122492826&hl=en&as_sdt=1,5&sciodt=1,5&as_vis=1", "authors": "J Nam - Proceedings of the KONVENS GermEval Shared Task  \u2026", "excerpt": "Abstract In this paper, we investigate a semisupervised learning approach based on neural networks for nested named entity recognition on the GermEval 2014 dataset. The dataset consists of triples of a word, a named entity associated with that word in the first-level and  ...", "url_pdf": "http://hildok.bsz-bw.de/frontdoor/deliver/index/docId/291/file/03_09.pdf", "num_citations": 1, "cluster_id": "3272232831122492826", "year": "2014", "url_citations": "http://scholar.google.com/scholar?cites=3272232831122492826&as_sdt=2005&sciodt=1,5&hl=en"}, {"num_versions": 3, "url_citation": null, "title": "Training Deep Neural Networks on Noisy Labels with Bootstrapping", "url": "http://arxiv.org/abs/1412.6596", "url_versions": "http://scholar.google.com/scholar?cluster=16639077162304148045&hl=en&as_sdt=1,5&sciodt=1,5&as_vis=1", "authors": "S Reed, H Lee, D Anguelov, C Szegedy\u2026 - arXiv preprint arXiv: \u2026", "excerpt": "Abstract: Current state-of-the-art deep learning systems for visual object recognition and detection use purely supervised training with regularization such as dropout to avoid overfitting. The performance depends critically on the amount of labeled examples, and in  ...", "url_pdf": null, "num_citations": 3, "cluster_id": "16639077162304148045", "year": "2014", "url_citations": "http://scholar.google.com/scholar?cites=16639077162304148045&as_sdt=2005&sciodt=1,5&hl=en"}, {"num_versions": 3, "url_citation": null, "title": "Semi-supervised Dual Recurrent Neural Network for Sentiment Analysis", "url": "http://ieeexplore.ieee.org/xpls/abs_all.jsp?arnumber=6844403", "url_versions": "http://scholar.google.com/scholar?cluster=16303945973746143894&hl=en&as_sdt=1,5&sciodt=1,5&as_vis=1", "authors": "W Rong, B Peng, Y Ouyang, C Li\u2026 - \u2026 , Autonomic and Secure  \u2026", "excerpt": "Abstract\u2014Sentiment analysis is one of the most important challenges to understand opinions online. In this research, inspired by the idea that the structural information among words, phrases and sentences is playing important role in identifying the overall  ...", "url_pdf": null, "num_citations": 2, "cluster_id": "16303945973746143894", "year": "2013", "url_citations": "http://scholar.google.com/scholar?cites=16303945973746143894&as_sdt=2005&sciodt=1,5&hl=en"}, {"num_versions": 4, "url_citation": null, "title": "Challenges in representation learning: A report on three machine learning contests", "url": "http://www.sciencedirect.com/science/article/pii/S0893608014002159", "url_versions": "http://scholar.google.com/scholar?cluster=8047642755963639334&hl=en&as_sdt=1,5&sciodt=1,5&as_vis=1", "authors": "IJ Goodfellow, D Erhan, PL Carrier, A Courville\u2026 - Neural Networks", "excerpt": "Abstract The ICML 2013 Workshop on Challenges in Representation Learning 1 focused on three challenges: the black box learning challenge, the facial expression recognition challenge, and the multimodal learning challenge. We describe the datasets created for  ...", "url_pdf": null, "num_citations": 1, "cluster_id": "8047642755963639334", "year": "2015", "url_citations": "http://scholar.google.com/scholar?cites=8047642755963639334&as_sdt=2005&sciodt=1,5&hl=en"}, {"num_versions": 5, "url_citation": null, "title": "Learning with pseudo-ensembles", "url": "http://papers.nips.cc/paper/5487-learning-with-pseudo-ensembles", "url_versions": "http://scholar.google.com/scholar?cluster=1526603709533816745&hl=en&as_sdt=1,5&sciodt=1,5&as_vis=1", "authors": "P Bachman, O Alsharif, D Precup - Advances in Neural Information  \u2026", "excerpt": "Abstract We formalize the notion of a pseudo-ensemble, a (possibly infinite) collection of child models spawned from a parent model by perturbing it according to some noise process. Eg, dropout (Hinton et al, 2012) in a deep neural network trains a pseudo- ...", "url_pdf": null, "num_citations": 6, "cluster_id": "1526603709533816745", "year": "2014", "url_citations": "http://scholar.google.com/scholar?cites=1526603709533816745&as_sdt=2005&sciodt=1,5&hl=en"}]