[{"num_versions": 3, "url_citation": null, "title": "Fields of Dharma: On TS Eliot and Robert Gray", "url": "http://litthe.oxfordjournals.org/content/27/3/267.short", "url_versions": "http://scholar.google.com/scholar?cluster=10516704661727769820&hl=en&as_sdt=1,5&sciodt=1,5&as_vis=1", "authors": "K Hart - Literature and Theology", "excerpt": "Abstract This essay considers two quite different long religious poems of the twentieth century: TS Eliot's Four Quartets and Robert Gray's 'Dharma Vehicle'. Both address cultural transitions of several sorts: Eliot in a poem that, while it involves various world religions,  ...", "url_pdf": null, "num_citations": 1, "cluster_id": "10516704661727769820", "year": "2013", "url_citations": "http://scholar.google.com/scholar?cites=10516704661727769820&as_sdt=2005&sciodt=1,5&hl=en"}, {"num_versions": 6, "url_citation": null, "title": "Christianity, History and the Dharma in Rajiv Malhotra's Being Different", "url": "http://search.proquest.com/openview/9001af064cf743d993e3f8f8bbfb0bad/1?pq-origsite=gscholar", "url_versions": "http://scholar.google.com/scholar?cluster=13738045546337058315&hl=en&as_sdt=1,5&sciodt=1,5&as_vis=1", "authors": "CMN Kearns - International Journal of Hindu Studies", "excerpt": "Abstract A critique of Rajiv Malhotra's Being Different is offered, focusing on Christianity, history and the Dharma. The identification of the problem of history-centrism in Abrahamic traditions and of the related discountenance of mystics vis--vis prophets are central  ...", "url_pdf": null, "num_citations": 1, "cluster_id": "13738045546337058315", "year": "2012", "url_citations": "http://scholar.google.com/scholar?cites=13738045546337058315&as_sdt=2005&sciodt=1,5&hl=en"}, {"num_versions": 2, "url_citation": null, "title": "Philosophy and the study of religions: A manifesto", "url": "http://scholar.google.com/https://books.google.com/books?hl=en&lr=&id=gh5YAgAAQBAJ&oi=fnd&pg=PT7&ots=PgLwhY8KvJ&sig=8dKtBmPaCE1vROa9AIDSufNxgSk", "url_versions": "http://scholar.google.com/scholar?cluster=357750808391800076&hl=en&as_sdt=1,5&sciodt=1,5&as_vis=1", "authors": "K Schilbrack -", "excerpt": "Philosophy and the Study of Religions: A Manifesto advocates a radical transformation of the discipline from its current, narrow focus on questions of God, to a fully global form of critical reflection on religions in all their variety and dimensions. Opens the discipline of  ...", "url_pdf": null, "num_citations": 8, "cluster_id": "357750808391800076", "year": "2013", "url_citations": "http://scholar.google.com/scholar?cites=357750808391800076&as_sdt=2005&sciodt=1,5&hl=en"}, {"num_versions": 2, "url_citation": null, "title": "A theological analysis of RC Zaehner's theory of mysticism", "url": "http://gradworks.umi.com/35/12/3512381.html", "url_versions": "http://scholar.google.com/scholar?cluster=10235127065979246982&hl=en&as_sdt=1,5&sciodt=1,5&as_vis=1", "authors": "JP Reardon -", "excerpt": "Abstract: RC Zaehner theorized that there are three distinct experiences that have been called mystical and that have occurred across and beyond the religious systems of the world. The first, pan-en-henism, involves leaving behind the individual ego and  ...", "url_pdf": null, "num_citations": 1, "cluster_id": "10235127065979246982", "year": "2012", "url_citations": "http://scholar.google.com/scholar?cites=10235127065979246982&as_sdt=2005&sciodt=1,5&hl=en"}, {"num_versions": 0, "url_citation": null, "title": "Poverty and the Quest for Life: Spiritual and Material Striving in Rural India", "url": "http://scholar.google.com/https://books.google.com/books?hl=en&lr=&id=FhnRBgAAQBAJ&oi=fnd&pg=PR7&ots=IVoCqunmC9&sig=D4G-JVONwtiUAGPI5pGiRUXUYxE", "url_versions": null, "authors": "B Singh -", "excerpt": "The Indian subdistrict of Shahabad, located in the dwindling forests of the southeastern tip of Rajasthan, is an area of extreme poverty. Beset by droughts and food shortages in recent years, it is the home of the Sahariyas, former bonded laborers, officially classified as  ...", "url_pdf": null, "num_citations": 2, "cluster_id": "14720111055846263836", "year": "2015", "url_citations": "http://scholar.google.com/scholar?cites=14720111055846263836&as_sdt=2005&sciodt=1,5&hl=en"}, {"num_versions": 5, "url_citation": null, "title": "The old and new comparative theologies: Discourses on religion, the theology of religions, Orientalism and the boundaries of traditions", "url": "http://www.mdpi.com/2077-1444/3/4/1120", "url_versions": "http://scholar.google.com/scholar?cluster=1716155831662051548&hl=en&as_sdt=1,5&sciodt=1,5&as_vis=1", "authors": "P Hedges - Religions", "excerpt": "Abstract: This paper disputes that a strong contrast can be drawn between the Old Comparative Theology and the New Comparative Theology, looking particularly at the arguments of Hugh Nicholson as well as drawing on Francis Clooney. It disputes a  ...", "url_pdf": null, "num_citations": 2, "cluster_id": "1716155831662051548", "year": "2012", "url_citations": "http://scholar.google.com/scholar?cites=1716155831662051548&as_sdt=2005&sciodt=1,5&hl=en"}, {"num_versions": 4, "url_citation": null, "title": "The importance of religion: Meaning and action in our strange world", "url": "http://scholar.google.com/https://books.google.com/books?hl=en&lr=&id=NmFvDEZp6EIC&oi=fnd&pg=PR11&ots=7e4cMEvgPe&sig=BEKAm7rP3Z96b9oiaBZBq1PVfY4", "url_versions": "http://scholar.google.com/scholar?cluster=3219020583666310146&hl=en&as_sdt=1,5&sciodt=1,5&as_vis=1", "authors": "G Flood -", "excerpt": "The Importance of Religion reveals the significance of religion in modern times, showing how it provides people with meaning to their lives and helps guide them in their everyday moral choices Provides readers with a new understanding of religion, demonstrating how  ...", "url_pdf": null, "num_citations": 14, "cluster_id": "3219020583666310146", "year": "2011", "url_citations": "http://scholar.google.com/scholar?cites=3219020583666310146&as_sdt=2005&sciodt=1,5&hl=en"}, {"num_versions": 2, "url_citation": null, "title": "In Response to the Religious Other: Ricoeur and the Fragility of Interreligious Encounters", "url": "http://scholar.google.com/https://books.google.com/books?hl=en&lr=&id=1XqtBAAAQBAJ&oi=fnd&pg=PR5&ots=Y7LlPSVM_0&sig=m0h8ClcKdhFuBlEs98ZONbaN1oY", "url_versions": "http://scholar.google.com/scholar?cluster=12489259692025106902&hl=en&as_sdt=1,5&sciodt=1,5&as_vis=1", "authors": "M Moyaert -", "excerpt": "In the vast collection of his writings, the French philosopher Paul Ricoeur only sporadically raised the issue of interreligious dialogue. In this book, comparative theologian Marianne Moyaert argues that Ricoeur's hermeneutical philosophy offers valuable signposts for a  ...", "url_pdf": null, "num_citations": 1, "cluster_id": "12489259692025106902", "year": "2014", "url_citations": "http://scholar.google.com/scholar?cites=12489259692025106902&as_sdt=2005&sciodt=1,5&hl=en"}, {"num_versions": 2, "url_citation": null, "title": "Virtue in Dialogue: Belief, Religious Diversity, and Women's Interreligious Encounter", "url": "http://scholar.google.com/https://books.google.com/books?hl=en&lr=&id=xZJNAwAAQBAJ&oi=fnd&pg=PR9&ots=kCAkbwRlYB&sig=Pve8pXWXvy6hGBZ22seRRYd166c", "url_versions": "http://scholar.google.com/scholar?cluster=9643345803562638733&hl=en&as_sdt=1,5&sciodt=1,5&as_vis=1", "authors": "M Brecht -", "excerpt": "Religious diversity is a persistent theological predicament for Christian thinkers. Historically, theologians have wrestled with the relationship between believing Christians and religious others. The clash between the Christian doctrine of salvation and non-Christian belief  ...", "url_pdf": null, "num_citations": 1, "cluster_id": "9643345803562638733", "year": "2014", "url_citations": "http://scholar.google.com/scholar?cites=9643345803562638733&as_sdt=2005&sciodt=1,5&hl=en"}, {"num_versions": 4, "url_citation": null, "title": "Challenging Truths: Reflections on the Theological Dimension of Comparative Theology", "url": "http://www.mdpi.com/2077-1444/3/4/1041", "url_versions": "http://scholar.google.com/scholar?cluster=18431402403169732876&hl=en&as_sdt=1,5&sciodt=1,5&as_vis=1", "authors": "R Drew - Religions", "excerpt": "Abstract: Given that comparative theology is aimed at learning from the insights of other religious traditions, the comparative theologian's confessional perspective must be engaged and subject to possible transformation through the discovery of truth in those traditions.  ...", "url_pdf": null, "num_citations": 1, "cluster_id": "18431402403169732876", "year": "2012", "url_citations": "http://scholar.google.com/scholar?cites=18431402403169732876&as_sdt=2005&sciodt=1,5&hl=en"}, {"num_versions": 4, "url_citation": null, "title": "The Spaces In Between: Ramalinga Swamigal (1823\u20131874), Hunger, and Religion in Colonial India", "url": "http://www.jstor.org/stable/10.1086/671248", "url_versions": "http://scholar.google.com/scholar?cluster=8976642988499757824&hl=en&as_sdt=1,5&sciodt=1,5&as_vis=1", "authors": "S Raman - History of Religions", "excerpt": "On May 23, 1867, an inaugural ceremony took place in Vadalur (Va\u1e6dal\u016br), a small and dusty town in the South Arcot district of what was then the Madras Presidency. The occasion was the founding of a charitable feeding house by the religious poet Ramalinga Swamigal ( ...", "url_pdf": null, "num_citations": 1, "cluster_id": "8976642988499757824", "year": "2013", "url_citations": "http://scholar.google.com/scholar?cites=8976642988499757824&as_sdt=2005&sciodt=1,5&hl=en"}, {"num_versions": 4, "url_citation": null, "title": "On Vulnerability: Probing the Ethical Dimensions of Comparative Theology", "url": "http://www.mdpi.com/2077-1444/3/4/1144/pdf", "url_versions": "http://scholar.google.com/scholar?cluster=10652974918442256075&hl=en&as_sdt=1,5&sciodt=1,5&as_vis=1", "authors": "M Moyaert - Religions", "excerpt": "Abstract: Though the notion of vulnerability regularly pops up in Clooney's reflections on comparative theology, he does not develop a systematic account of it. What precisely vulnerability is and how it influences interreligious dialog do not receive enough  ...", "url_pdf": null, "num_citations": 2, "cluster_id": "10652974918442256075", "year": "2012", "url_citations": "http://scholar.google.com/scholar?cites=10652974918442256075&as_sdt=2005&sciodt=1,5&hl=en"}, {"num_versions": 2, "url_citation": null, "title": "Volker K\u00fcster, Einf\u00fchrung in die Interkulturelle Theologie, G\u00f6ttingen: Vandenhoeck & Ruprecht 2011, 304 p., ISBN 978-3-8252-3465-2, price\u20ac 22.90.", "url": "http://booksandjournals.brillonline.com/content/journals/10.1163/1572543x-12341255?crawler=true&tags=noindex&isFastTrackArticle=false", "url_versions": "http://scholar.google.com/scholar?cluster=2793711319880389146&hl=en&as_sdt=1,5&sciodt=1,5&as_vis=1", "authors": "FL Bakker - Exchange", "excerpt": "In 2011 Volker K\u00fcster published this volume with the intention of devising a new outline for the field of intercultural theology as a new academic discipline with its own separate identity. Intercultural theology has its roots in missiology, the discipline dealing with ecumenics,  ...", "url_pdf": null, "num_citations": 0, "cluster_id": null, "year": "2013", "url_citations": null}, {"num_versions": 0, "url_citation": null, "title": "His Hiding Place is Darkness: A Hindu-Catholic Theopoetics of Divine Absence", "url": "http://scholar.google.com/https://books.google.com/books?hl=en&lr=&id=hSBVAQAAQBAJ&oi=fnd&pg=PR7&ots=S_70RUd5f7&sig=yMIO-PhQqbFP1rV0bLj48tvapEE", "url_versions": null, "authors": "F Clooney -", "excerpt": "His Hiding Place is Darkness explores the uncertainties of faith and love in a pluralistic age. In keeping with his conviction that studying multiple religious traditions intensifies rather than attenuates religious devotion, Francis Clooney's latest work of comparative theology  ...", "url_pdf": null, "num_citations": 2, "cluster_id": "16997749305583117601", "year": "2013", "url_citations": "http://scholar.google.com/scholar?cites=16997749305583117601&as_sdt=2005&sciodt=1,5&hl=en"}, {"num_versions": 6, "url_citation": null, "title": "Tradition with a New Identity: Thomist Engagement with Non-Christian Thought as a Model for the New Comparative Theology in Europe", "url": "http://www.mdpi.com/2077-1444/3/4/1054/pdf", "url_versions": "http://scholar.google.com/scholar?cluster=9969761894231248809&hl=en&as_sdt=1,5&sciodt=1,5&as_vis=1", "authors": "M Ganeri - Religions", "excerpt": "Abstract: British theologians have criticised contemporary comparative theology for privileging learning from other religions to the exclusion of challenge and transformation in the Christian encounter with the thought of other religions. Moreover, a wider concern in  ...", "url_pdf": null, "num_citations": 2, "cluster_id": "9969761894231248809", "year": "2012", "url_citations": "http://scholar.google.com/scholar?cites=9969761894231248809&as_sdt=2005&sciodt=1,5&hl=en"}, {"num_versions": 2, "url_citation": null, "title": "Pluralism: the future of religion", "url": "http://scholar.google.com/https://books.google.com/books?hl=en&lr=&id=IOSoAwAAQBAJ&oi=fnd&pg=PR3&ots=ZpTvxkEzIf&sig=WTjbxvo65LzzJz-t_u8eP_7WfDM", "url_versions": "http://scholar.google.com/scholar?cluster=4722786213876109602&hl=en&as_sdt=1,5&sciodt=1,5&as_vis=1", "authors": "K Rose -", "excerpt": "Theology of religions has defaulted in the last two decades to an epicyclic inclusivism which seeks to undermine pluralism with claims that it is covertly triumphalistic and that it mirrors the logic of exclusivism. With the exception of pioneers in the field such as John Hick and  ...", "url_pdf": null, "num_citations": 1, "cluster_id": "4722786213876109602", "year": "2013", "url_citations": "http://scholar.google.com/scholar?cites=4722786213876109602&as_sdt=2005&sciodt=1,5&hl=en"}, {"num_versions": 4, "url_citation": null, "title": "The Idea of a Highest Divine Principle\u2014Founding Reason and Spirituality. A Necessary Concept of a Comparative Philosophy?", "url": "http://www.mdpi.com/2077-1444/3/4/1025/pdf", "url_versions": "http://scholar.google.com/scholar?cluster=6964779590273898597&hl=en&as_sdt=1,5&sciodt=1,5&as_vis=1", "authors": "C Bickmann - Religions", "excerpt": "Abstract: By reference to the Platonic, Aristotelian, and Neo-Platonic philosophical traditions (and then to German Idealism, including Husserl and Heidegger), I will indicate the way in which the concept of reason\u2014on the one side\u2014depends on the horizon of spirituality (by  ...", "url_pdf": null, "num_citations": 1, "cluster_id": "6964779590273898597", "year": "2012", "url_citations": "http://scholar.google.com/scholar?cites=6964779590273898597&as_sdt=2005&sciodt=1,5&hl=en"}, {"num_versions": 4, "url_citation": null, "title": "The Role of Comparative Religion Curricula in Intra\u2013Inter Civilizational Dialogue", "url": "http://www.tandfonline.com/doi/abs/10.1080/00344087.2013.747851", "url_versions": "http://scholar.google.com/scholar?cluster=18284743180804723712&hl=en&as_sdt=1,5&sciodt=1,5&as_vis=1", "authors": "H Ibrahim, KMK Hambali, S Sintang, N Senin\u2026 - Religious  \u2026", "excerpt": "Abstract Comparative Religion is seen as an important curricula because it could serve as a mechanism for enhancing cross-cultural religious communication. The authors seek to examine the role of Comparative Religion as an important science for enhancing dialogue  ...", "url_pdf": null, "num_citations": 2, "cluster_id": "18284743180804723712", "year": "2013", "url_citations": "http://scholar.google.com/scholar?cites=18284743180804723712&as_sdt=2005&sciodt=1,5&hl=en"}, {"num_versions": 0, "url_citation": null, "title": "Meaning and Truth in the Dialogue between Religions", "url": "http://scholar.google.com/https://books.google.com/books?hl=en&lr=&id=KwgRY9Sgz34C&oi=fnd&pg=PA137&ots=_b6KhPf_Z3&sig=0wUnVzmMlMG3nogotbDG9chCWrs", "url_versions": null, "authors": "C Cornille - The Question of Theological Truth: Philosophical and \u2026", "excerpt": "At the opening lecture of the first Boston College Symposium on Interreligious Dialogue, David Burrell, one of the foremost scholars of the dialogue between the Abrahamic religions, declared that\" dialogue, like any probing conversation, attends to meaning rather than  ...", "url_pdf": null, "num_citations": 2, "cluster_id": "8761777414958832874", "year": "2012", "url_citations": "http://scholar.google.com/scholar?cites=8761777414958832874&as_sdt=2005&sciodt=1,5&hl=en"}, {"num_versions": 2, "url_citation": null, "title": "Theology After the Birth of God: Atheist Conceptions in Cognition and Culture", "url": "http://scholar.google.com/https://books.google.com/books?hl=en&lr=&id=Yy5vBAAAQBAJ&oi=fnd&pg=PP1&ots=LToEg35QhD&sig=UyVN-skdQMYCKwkMSVz-Bg-0Ut0", "url_versions": "http://scholar.google.com/scholar?cluster=3092611803866913037&hl=en&as_sdt=1,5&sciodt=1,5&as_vis=1", "authors": "FLR Shults -", "excerpt": "The gods are born-and we have borne them! This proclamation, derived from insights in the biocultural study of religion, may engender even more atheism than Nietzsche's message about the\" death of God.\" Engaging recent empirical findings and theoretical  ...", "url_pdf": null, "num_citations": 2, "cluster_id": "3092611803866913037", "year": "2014", "url_citations": "http://scholar.google.com/scholar?cites=3092611803866913037&as_sdt=2005&sciodt=1,5&hl=en"}, {"num_versions": 3, "url_citation": null, "title": "Engaging the Religiously Committed Other: Anthropologists and Theologians in Dialogue", "url": "http://www.jstor.org/stable/10.1086/674716", "url_versions": "http://scholar.google.com/scholar?cluster=266531356023733894&hl=en&as_sdt=1,5&sciodt=1,5&as_vis=1", "authors": "E Meneses, L Backues, D Bronkema, E Flett\u2026 - Current  \u2026", "excerpt": "Anthropology has two tasks: the scientific task of studying human beings and the instrumental task of promoting human flourishing. To date, the scientific task has been constrained by secularism, and the instrumental task by the philosophy and values of  ...", "url_pdf": null, "num_citations": 2, "cluster_id": "266531356023733894", "year": "2014", "url_citations": "http://scholar.google.com/scholar?cites=266531356023733894&as_sdt=2005&sciodt=1,5&hl=en"}, {"num_versions": 0, "url_citation": null, "title": "Science and religious supremacy: Toward a naturalist theology of religions", "url": "http://www.leronshults.com/files/religious-supremacy-proofs.pdf", "url_versions": null, "authors": "FLR Shults - Science and the world's religions. New York, NY:  \u2026", "excerpt": "This chapter explores the phenomena of religious claims to supremacy from the perspective of the \u201cbio-cultural study of religion\u201d(BCSR), a phrase meant to describe a convergence of insights within a constellation of scientific disciplines, such as evolutionary biology,  ...", "url_pdf": "http://www.leronshults.com/files/religious-supremacy-proofs.pdf", "num_citations": 4, "cluster_id": "8496503712773572048", "year": "2012", "url_citations": "http://scholar.google.com/scholar?cites=8496503712773572048&as_sdt=2005&sciodt=1,5&hl=en"}]