[{"num_versions": 4, "url_citation": null, "title": "A Novel Methodology for E-learning Space Design in HEI Campuses", "url": "http://core.ac.uk/download/pdf/1933307.pdf", "url_versions": "http://scholar.google.com/scholar?cluster=3087377845275954635&hl=en&as_sdt=1,5&sciodt=1,5&as_vis=1", "authors": "FT Dare -", "excerpt": "ABSTRACT The Higher Education Institution and the Construction Industry are yet to define the most appropriate and effective design parameters for E-learning spaces. Those which exist, focus mainly on cost, budget and timely delivery ie the process only not the product.  ...", "url_pdf": "http://core.ac.uk/download/pdf/1933307.pdf", "num_citations": 0, "cluster_id": null, "year": "2011", "url_citations": null}, {"num_versions": 6, "url_citation": null, "title": "Examining the effectiveness of experiential teaching methods in small and large OM modules", "url": "http://www.emeraldinsight.com/doi/abs/10.1108/01443571211284205", "url_versions": "http://scholar.google.com/scholar?cluster=16137248899610154945&hl=en&as_sdt=1,5&sciodt=1,5&as_vis=1", "authors": "A Brandon-Jones, N Piercy, N Slack\u2026 - \u2026  of Operations &  \u2026", "excerpt": "Purpose-This paper aims to examine the preferences of students towards different teaching methods and the perceived effectiveness of experiential teaching methods in different operations management (OM) modules. Design/methodology/approach-Student  ...", "url_pdf": null, "num_citations": 1, "cluster_id": "16137248899610154945", "year": "2012", "url_citations": "http://scholar.google.com/scholar?cites=16137248899610154945&as_sdt=2005&sciodt=1,5&hl=en"}, {"num_versions": 2, "url_citation": null, "title": "16 From the Back Door into the Mainstream: The Characteristics of Lifelong Learners", "url": "http://scholar.google.com/https://books.google.com/books?hl=en&lr=&id=9dH9AwAAQBAJ&oi=fnd&pg=PA421&ots=FO7U6bg-uO&sig=8eCsJlrlAs5SWawuFafSfiOnb8A", "url_versions": "http://scholar.google.com/scholar?cluster=6179913883040217202&hl=en&as_sdt=1,5&sciodt=1,5&as_vis=1", "authors": "J St\u00f6ter, M Bullen, O Zawacki-Richter\u2026 - \u2026  education: Towards a \u2026", "excerpt": "Access to a university education used to be the privilege of a few. In industrialized countries of the 1950s an average of barely 5% of a particular age group took up academic studies (Teichler & Wolter, 2004, p. 64). The traditional student profile was that of a person under  ...", "url_pdf": null, "num_citations": 4, "cluster_id": "6179913883040217202", "year": "2014", "url_citations": "http://scholar.google.com/scholar?cites=6179913883040217202&as_sdt=2005&sciodt=1,5&hl=en"}, {"num_versions": 4, "url_citation": null, "title": "Comprometimento do estudante: um elo entre aprendizagem e inclus\u00e3o social na qualidade da educa\u00e7\u00e3o superior", "url": "http://meriva.pucrs.br:8080/dspace/handle/10923/2861", "url_versions": "http://scholar.google.com/scholar?cluster=15676674807909774330&hl=en&as_sdt=1,5&sciodt=1,5&as_vis=1", "authors": "VL Felicetti -", "excerpt": "A Educa\u00e7\u00e3o Superior vem sendo cada vez mais respons\u00e1vel pelo desenvolvimento cient\u00edfico, tecnol\u00f3gico e social de uma na\u00e7\u00e3o. Assim, al\u00e9m de esfor\u00e7os de todos os envolvidos nesse contexto educacional, as pol\u00edticas p\u00fablicas educacionais tamb\u00e9m s\u00e3o  ...", "url_pdf": null, "num_citations": 10, "cluster_id": "15676674807909774330", "year": "2011", "url_citations": "http://scholar.google.com/scholar?cites=15676674807909774330&as_sdt=2005&sciodt=1,5&hl=en"}]