[{"num_versions": 12, "url_citation": null, "title": "Attitudes towards accounting: differences between Australian and international students", "url": "http://www.emeraldinsight.com/doi/abs/10.1108/10309611211287305", "url_versions": "http://scholar.google.com/scholar?cluster=12462851323887557204&hl=en&as_sdt=1,5&sciodt=1,5&as_vis=1", "authors": "B Jackling, P De Lange, J Phillips\u2026 - Accounting Research  \u2026", "excerpt": "Purpose-The purpose of this paper is to identify the underlying motivations of Australian and international students for studying accounting and entering the accounting profession. Design/methodology/approach-The study reports results from a cohort of second-year  ...", "url_pdf": null, "num_citations": 3, "cluster_id": "12462851323887557204", "year": "2012", "url_citations": "http://scholar.google.com/scholar?cites=12462851323887557204&as_sdt=2005&sciodt=1,5&hl=en"}, {"num_versions": 10, "url_citation": null, "title": "Does access to tutorial solutions enhance student performance? Evidence from an accounting course", "url": "http://onlinelibrary.wiley.com/doi/10.1111/j.1467-629X.2006.00199.x/full", "url_versions": "http://scholar.google.com/scholar?cluster=5657921508852745976&hl=en&as_sdt=1,5&sciodt=1,5&as_vis=1", "authors": "RM Monem - Accounting & Finance", "excerpt": "Abstract Deciding whether to release tutorial solutions to students is quite often a dilemma for instructors. This paper provides empirical evidence on the effect of releasing tutorial solutions in a management accounting course at a large Australian university. For this  ...", "url_pdf": null, "num_citations": 13, "cluster_id": "5657921508852745976", "year": "2007", "url_citations": "http://scholar.google.com/scholar?cites=5657921508852745976&as_sdt=2005&sciodt=1,5&hl=en"}, {"num_versions": 7, "url_citation": null, "title": "Impact of Entry Mode on Students' Approaches to Learning: A Study of Accounting Students", "url": "http://www.tandfonline.com/doi/abs/10.1080/09639284.2012.661605", "url_versions": "http://scholar.google.com/scholar?cluster=17862630501936876015&hl=en&as_sdt=1,5&sciodt=1,5&as_vis=1", "authors": "S Abhayawansa, I Tempone, S Pillay - Accounting Education", "excerpt": "This study examines the impact of prior learning experience on students' approaches to learning (SAL). It compares SAL of accounting students admitted to university in Australia on the basis of Institutes of Technical and Further Education (TAFE) qualifications (TAFE-to- ...", "url_pdf": null, "num_citations": 5, "cluster_id": "17862630501936876015", "year": "2012", "url_citations": "http://scholar.google.com/scholar?cites=17862630501936876015&as_sdt=2005&sciodt=1,5&hl=en"}, {"num_versions": 11, "url_citation": null, "title": "Analysis of the learning context, perceptions of the learning environment and approaches to learning accounting: a longitudinal study", "url": "http://onlinelibrary.wiley.com/doi/10.1111/j.1467-629X.2005.00142.x/abstract", "url_versions": "http://scholar.google.com/scholar?cluster=9201271863286211816&hl=en&as_sdt=1,5&sciodt=1,5&as_vis=1", "authors": "B Jackling - Accounting & Finance", "excerpt": "Abstract This study investigates student approaches to learning over the 3 years of an undergraduate degree course in accounting. The objective of the study was, first, to identify changes in learning approaches over the course duration. Second, the study examined  ...", "url_pdf": null, "num_citations": 23, "cluster_id": "9201271863286211816", "year": "2005", "url_citations": "http://scholar.google.com/scholar?cites=9201271863286211816&as_sdt=2005&sciodt=1,5&hl=en"}, {"num_versions": 5, "url_citation": null, "title": "Assessment and intrinsic motivation", "url": "http://papers.ssrn.com/sol3/papers.cfm?abstract_id=1912132", "url_versions": "http://scholar.google.com/scholar?cluster=8470695013588615310&hl=en&as_sdt=1,5&sciodt=1,5&as_vis=1", "authors": "M Turner, RF Baskerville - Available at SSRN 1912132", "excerpt": "Page 1. Electronic copy available at: http://ssrn.com/abstract=1912132 1 Assessment andIntrinsic Motivation Martin Turner, Senior Lecturer, CQUniversity, Rockhampton, Queensland,4702, Australia; m.turner@cqu.edu.au Rachel Baskerville, ...", "url_pdf": null, "num_citations": 2, "cluster_id": "8470695013588615310", "year": "2011", "url_citations": "http://scholar.google.com/scholar?cites=8470695013588615310&as_sdt=2005&sciodt=1,5&hl=en"}, {"num_versions": 3, "url_citation": null, "title": "The relationship between students' preferred approaches to learning and behaviors during learning: An examination of the process stage of the 3P model", "url": "http://link.springer.com/article/10.1007/s11251-013-9308-z", "url_versions": "http://scholar.google.com/scholar?cluster=12291755096040771897&hl=en&as_sdt=1,5&sciodt=1,5&as_vis=1", "authors": "V Clinton - Instructional Science", "excerpt": "Abstract Student approaches to learning have been a popular area of research in educational psychology. One useful framework for understanding student approaches to learning is through Biggs' presage\u2013process\u2013product model. The purpose of this study is to  ...", "url_pdf": null, "num_citations": 3, "cluster_id": "12291755096040771897", "year": "2014", "url_citations": "http://scholar.google.com/scholar?cites=12291755096040771897&as_sdt=2005&sciodt=1,5&hl=en"}, {"num_versions": 11, "url_citation": null, "title": "Action research and reflection on student approaches to learning in large first year university classes", "url": "http://link.springer.com/article/10.1007/BF03246292", "url_versions": "http://scholar.google.com/scholar?cluster=12166270147843241558&hl=en&as_sdt=1,5&sciodt=1,5&as_vis=1", "authors": "C Herington, S Weaven - The Australian Educational Researcher", "excerpt": "Abstract This paper presents an action research approach to exploring methods of improving the learning styles and outcomes of first year university students within large class environments. The genesis of this project stemmed from an observation that entire tutorial  ...", "url_pdf": null, "num_citations": 31, "cluster_id": "12166270147843241558", "year": "2008", "url_citations": "http://scholar.google.com/scholar?cites=12166270147843241558&as_sdt=2005&sciodt=1,5&hl=en"}, {"num_versions": 5, "url_citation": null, "title": "Aprender ense\u00f1ando: Elaboraci\u00f3n de materiales did\u00e1cticos que facilitan el aprendizaje aut\u00f3nomo", "url": "http://www.scielo.cl/scielo.php?pid=S0718-50062008000600004&script=sci_arttext&tlng=en", "url_versions": "http://scholar.google.com/scholar?cluster=12295455259005264074&hl=en&as_sdt=1,5&sciodt=1,5&as_vis=1", "authors": "F \u00c1lvarez, JR Rodr\u00edguez-Perez\u2026 - Formaci\u00f3n  \u2026", "excerpt": "This paper presents an educational method developed by students and instructors from three engineering majors and two secondary schools. During the semester students were instructed to make eight videos on practical topics covered in geomatics classes. Working  ...", "url_pdf": null, "num_citations": 7, "cluster_id": "12295455259005264074", "year": "2008", "url_citations": "http://scholar.google.com/scholar?cites=12295455259005264074&as_sdt=2005&sciodt=1,5&hl=en"}, {"num_versions": 14, "url_citation": null, "title": "Incorporating sustainability into accounting curricula: lessons learnt from an action research study", "url": "http://www.tandfonline.com/doi/abs/10.1080/09639280802044451", "url_versions": "http://scholar.google.com/scholar?cluster=140243602700312082&hl=en&as_sdt=1,5&sciodt=1,5&as_vis=1", "authors": "J Hazelton, M Haigh - Accounting Education: an international  \u2026", "excerpt": "This paper chronicles the journey of two projects that sought to incorporate principles of sustainable development into predominantly technical postgraduate accounting curricula. The design and delivery of the projects were informed by Freirian principles of praxis and  ...", "url_pdf": null, "num_citations": 34, "cluster_id": "140243602700312082", "year": "2010", "url_citations": "http://scholar.google.com/scholar?cites=140243602700312082&as_sdt=2005&sciodt=1,5&hl=en"}, {"num_versions": 5, "url_citation": null, "title": "The order of teaching accounting topics-Why do most textbooks end with the beginning?", "url": "http://www.tandfonline.com/doi/abs/10.1080/09639280701838615", "url_versions": "http://scholar.google.com/scholar?cluster=13518966772268137860&hl=en&as_sdt=1,5&sciodt=1,5&as_vis=1", "authors": "M Wouters - Accounting Education: an international journal", "excerpt": "This paper discuss the structure of teaching broad introductory courses in accounting and finance. I propose making cash flows the central theme in such a course: take investment appraisal as the starting point, which demonstrates the need for financing, which creates  ...", "url_pdf": null, "num_citations": 11, "cluster_id": "13518966772268137860", "year": "2008", "url_citations": "http://scholar.google.com/scholar?cites=13518966772268137860&as_sdt=2005&sciodt=1,5&hl=en"}, {"num_versions": 12, "url_citation": null, "title": "Perceptions of the learning context and learning approaches: Implications for quality learning outcomes in accounting", "url": "http://www.tandfonline.com/doi/abs/10.1080/06939280500036364", "url_versions": "http://scholar.google.com/scholar?cluster=604528891486755793&hl=en&as_sdt=1,5&sciodt=1,5&as_vis=1", "authors": "B Jackling - Accounting education", "excerpt": "Abstract This study analyses learning approaches, course perceptions and learning outcomes of a group of second year accounting students at an Australian university using qualitative data analysis techniques. The research method involves the development of a  ...", "url_pdf": null, "num_citations": 61, "cluster_id": "604528891486755793", "year": "2005", "url_citations": "http://scholar.google.com/scholar?cites=604528891486755793&as_sdt=2005&sciodt=1,5&hl=en"}, {"num_versions": 2, "url_citation": null, "title": "Applying a real-world fraud to multiple learning objectives: Considerations and an example from the systems course", "url": "http://www.sciencedirect.com/science/article/pii/S0748575112000747", "url_versions": "http://scholar.google.com/scholar?cluster=9278843994174257901&hl=en&as_sdt=1,5&sciodt=1,5&as_vis=1", "authors": "DR Fordham - Journal of Accounting Education", "excerpt": "Well-designed and delivered teaching cases are of significant educational value. Additionally, a real-world situation described as an entertaining story holds student interest and increases attention. But turning such a story into an effective instructional case can be  ...", "url_pdf": null, "num_citations": 2, "cluster_id": "9278843994174257901", "year": "2012", "url_citations": "http://scholar.google.com/scholar?cites=9278843994174257901&as_sdt=2005&sciodt=1,5&hl=en"}, {"num_versions": 3, "url_citation": null, "title": "Metacognition and performance in the accounting classroom", "url": "http://aaajournals.org/doi/abs/10.2308/iace.2009.24.3.339", "url_versions": "http://scholar.google.com/scholar?cluster=12525369893681802854&hl=en&as_sdt=1,5&sciodt=1,5&as_vis=1", "authors": "LLF Schleifer, RB Dull - Issues in Accounting Education", "excerpt": "ABSTRACT: Flavell (1976, 232) describes metacognition as:\u201cone's knowledge concerning one's own cognitive processes or anything related to them.\u201d Metacognition has been characterized as \u201cthinking about thinking\u201d(Georghiades 2004),\u201cthinking about learning\u201d( ...", "url_pdf": null, "num_citations": 36, "cluster_id": "12525369893681802854", "year": "2009", "url_citations": "http://scholar.google.com/scholar?cites=12525369893681802854&as_sdt=2005&sciodt=1,5&hl=en"}, {"num_versions": 7, "url_citation": null, "title": "Developing students' skills in reflective practice: Design and assessment", "url": "http://jme.sagepub.com/content/early/2007/10/29/1052562907307640.short", "url_versions": "http://scholar.google.com/scholar?cluster=18295623076442131663&hl=en&as_sdt=1,5&sciodt=1,5&as_vis=1", "authors": "K Pavlovich, E Collins, G Jones - Journal of Management  \u2026", "excerpt": "Abstract This article examines learning journals as a method for developing self-awareness within a business education context, exploring \u201chow can effective design and assessment of reflective journals assist the development of students' self-knowledge?\u201d The authors  ...", "url_pdf": null, "num_citations": 61, "cluster_id": "18295623076442131663", "year": "2007", "url_citations": "http://scholar.google.com/scholar?cites=18295623076442131663&as_sdt=2005&sciodt=1,5&hl=en"}, {"num_versions": 5, "url_citation": null, "title": "Conceptions of learning and approaches to learning\u2014a phenomenographic study of a group of overseas accounting students from Sri Lanka", "url": "http://www.tandfonline.com/doi/abs/10.1080/09639284.2010.502651", "url_versions": "http://scholar.google.com/scholar?cluster=14005903801651338041&hl=en&as_sdt=1,5&sciodt=1,5&as_vis=1", "authors": "S Abhayawansa, L Fonseca - Accounting Education: an  \u2026", "excerpt": "This study explores conceptions of learning (SCL) and approaches to learning (SAL) of a group of Sri Lankan students studying accounting in an Australian university. The focus is on how cultural background and home country learning experiences shape SCL and SAL of  ...", "url_pdf": null, "num_citations": 18, "cluster_id": "14005903801651338041", "year": "2010", "url_citations": "http://scholar.google.com/scholar?cites=14005903801651338041&as_sdt=2005&sciodt=1,5&hl=en"}, {"num_versions": 7, "url_citation": null, "title": "Approaches to learning of Indonesian accounting students", "url": "http://www.inderscienceonline.com/doi/abs/10.1504/IJAF.2008.020236", "url_versions": "http://scholar.google.com/scholar?cluster=7863131469617941688&hl=en&as_sdt=1,5&sciodt=1,5&as_vis=1", "authors": "HG Djajadikerta, H Djajadikerta\u2026 - \u2026 Journal of Accounting \u2026", "excerpt": "Numerous calls for improved learning outcomes in accounting graduates have been made by the accounting education bodies and the accounting profession. It has been claimed that the quality of student learning can be enhanced by encouraging a deep approach to  ...", "url_pdf": null, "num_citations": 2, "cluster_id": "7863131469617941688", "year": "2008", "url_citations": "http://scholar.google.com/scholar?cites=7863131469617941688&as_sdt=2005&sciodt=1,5&hl=en"}, {"num_versions": 9, "url_citation": null, "title": "Gender and motivational differences in approaches to learning by a cohort of open learning students", "url": "http://www.tandfonline.com/doi/abs/10.1080/0963928042000306765", "url_versions": "http://scholar.google.com/scholar?cluster=17710794348995067056&hl=en&as_sdt=1,5&sciodt=1,5&as_vis=1", "authors": "P Lange*, F Mavondo - Accounting Education", "excerpt": "This paper examines the relationship between gender, motivational differences and students' approaches to learning\u2014using a revised version of Biggs'(1987) study process questionnaire. Responses from 246 business students studying via open learning  ...", "url_pdf": null, "num_citations": 45, "cluster_id": "17710794348995067056", "year": "2004", "url_citations": "http://scholar.google.com/scholar?cites=17710794348995067056&as_sdt=2005&sciodt=1,5&hl=en"}, {"num_versions": 3, "url_citation": null, "title": "Accounting and business students' approaches to learning: A longitudinal study", "url": "http://www.sciencedirect.com/science/article/pii/S0748575109000062", "url_versions": "http://scholar.google.com/scholar?cluster=14861837152058030520&hl=en&as_sdt=1,5&sciodt=1,5&as_vis=1", "authors": "JA Ballantine, A Duff, PMC Larres - Journal of Accounting Education", "excerpt": "This study reports the results of an investigation into the learning approaches of undergraduate accounting and business students from three universities in Ireland who were exposed to a learning environment, namely the case study method, which aimed to  ...", "url_pdf": null, "num_citations": 52, "cluster_id": "14861837152058030520", "year": "2008", "url_citations": "http://scholar.google.com/scholar?cites=14861837152058030520&as_sdt=2005&sciodt=1,5&hl=en"}, {"num_versions": 6, "url_citation": null, "title": "Using student reflections to explore curriculum alignment", "url": "http://www.ccsenet.org/journal/index.php/ass/article/view/21831", "url_versions": "http://scholar.google.com/scholar?cluster=8222618308165020759&hl=en&as_sdt=1,5&sciodt=1,5&as_vis=1", "authors": "M Harvey, C Baumann - Asian Social Science", "excerpt": "Abstract The concept of curriculum alignment is held as a guiding principle of good curriculum design in higher education. Curriculum alignment can be mapped using a variety of strategies and tools. This paper reports on a project that expands the horizons of  ...", "url_pdf": null, "num_citations": 7, "cluster_id": "8222618308165020759", "year": "2012", "url_citations": "http://scholar.google.com/scholar?cites=8222618308165020759&as_sdt=2005&sciodt=1,5&hl=en"}, {"num_versions": 2, "url_citation": null, "title": "Accounting education literature review (2003\u20132005)", "url": "http://www.sciencedirect.com/science/article/pii/S0748575107000036", "url_versions": "http://scholar.google.com/scholar?cluster=13607240886157712498&hl=en&as_sdt=1,5&sciodt=1,5&as_vis=1", "authors": "SF Watson, B Apostolou, JM Hassell\u2026 - Journal of Accounting  \u2026", "excerpt": "This review of accounting education literature includes 223 articles published over a three-year period, 2003\u20132005, in five journals: Journal of Accounting Education, Issues in Accounting Education, Accounting Education: An International Journal, Advances in  ...", "url_pdf": null, "num_citations": 101, "cluster_id": "13607240886157712498", "year": "2007", "url_citations": "http://scholar.google.com/scholar?cites=13607240886157712498&as_sdt=2005&sciodt=1,5&hl=en"}, {"num_versions": 4, "url_citation": null, "title": "Using peer-reviewed writing in the accounting curriculum: A teaching note", "url": "http://aaajournals.org/doi/abs/10.2308/iace.2009.24.3.393", "url_versions": "http://scholar.google.com/scholar?cluster=4458256091416299114&hl=en&as_sdt=1,5&sciodt=1,5&as_vis=1", "authors": "M Matherly, L Burney - Issues in Accounting Education", "excerpt": "ABSTRACT: To become successful professionals, accounting students must be able to write effectively. Yet, as faculty, we recognize that many of our students need to improve the quality of their writing. At the same time, we often struggle to find sufficient time to cover  ...", "url_pdf": null, "num_citations": 21, "cluster_id": "4458256091416299114", "year": "2009", "url_citations": "http://scholar.google.com/scholar?cites=4458256091416299114&as_sdt=2005&sciodt=1,5&hl=en"}, {"num_versions": 8, "url_citation": null, "title": "Estilos de pensamiento y aprendizaje en estudiantes de magisterio y psicopedagog\u00eda: diferencias seg\u00fan curso y especialidad", "url": "http://scielo.isciii.es/scielo.php?pid=S1989-38092010000200005&script=sci_arttext", "url_versions": "http://scholar.google.com/scholar?cluster=7878923857730731608&hl=en&as_sdt=1,5&sciodt=1,5&as_vis=1", "authors": "P Robledo Ram\u00f3n, JN Garc\u00eda S\u00e1nchez\u2026 - Escritos de Psicolog\u00eda \u2026", "excerpt": "We present a study which forms part of an innovation project under development at the University of Le\u00f3n, Spain, for adapting different psychoeducational degrees to the guidelines of the European Higher Education Area (EHEA). To this end, we first analysed  ...", "url_pdf": null, "num_citations": 7, "cluster_id": "7878923857730731608", "year": "2010", "url_citations": "http://scholar.google.com/scholar?cites=7878923857730731608&as_sdt=2005&sciodt=1,5&hl=en"}, {"num_versions": 0, "url_citation": null, "title": "A Proposal for Teaching Introductory and Intermediate Accounting in an Environment of International Financial Reporting Standards and Generally Accepted  \u2026", "url": "http://onlinelibrary.wiley.com/doi/10.1111/j.1911-3838.2010.00002.x/full", "url_versions": null, "authors": "F Pries, R Baker - Accounting Perspectives", "excerpt": "R\u00e9sum\u00e9 L'enseignement de la comptabilit\u00e9 g\u00e9n\u00e9rale \u00e9l\u00e9mentaire et interm\u00e9diaire dans le contexte des IFRS et des PCGR pour les entreprises \u00e0 capital ferm\u00e9 est probl\u00e9matique pour les professeurs des universit\u00e9s et des coll\u00e8ges canadiens. Les auteurs exposent  ...", "url_pdf": null, "num_citations": 4, "cluster_id": "2552295505066124325", "year": "2010", "url_citations": "http://scholar.google.com/scholar?cites=2552295505066124325&as_sdt=2005&sciodt=1,5&hl=en"}, {"num_versions": 7, "url_citation": null, "title": "The effects of the use of activity-based costing software in the learning process: an empirical analysis", "url": "http://www.tandfonline.com/doi/abs/10.1080/09639284.2011.597563", "url_versions": "http://scholar.google.com/scholar?cluster=8297388617432066431&hl=en&as_sdt=1,5&sciodt=1,5&as_vis=1", "authors": "A Tan, A Ferreira - Accounting Education", "excerpt": "This study investigates the influence of the use of accounting software in teaching activity-based costing (ABC) on the learning process. It draws upon the Theory of Planned Behaviour and uses the end-user computer satisfaction (EUCS) framework to examine  ...", "url_pdf": null, "num_citations": 3, "cluster_id": "8297388617432066431", "year": "2012", "url_citations": "http://scholar.google.com/scholar?cites=8297388617432066431&as_sdt=2005&sciodt=1,5&hl=en"}, {"num_versions": 2, "url_citation": null, "title": "Increasing the competency focus using a project-driven strategy", "url": "http://scholar.google.com/https://books.google.com/books?hl=en&lr=&id=sSS4lntOExAC&oi=fnd&pg=PA1&ots=f0ZKk8Cxof&sig=PZxwhGDOqGrIRiPxl7G8riI4X3c", "url_versions": "http://scholar.google.com/scholar?cluster=18212462590121925415&hl=en&as_sdt=1,5&sciodt=1,5&as_vis=1", "authors": "M Matherly, L Burney - Advances in Accounting Education:  \u2026", "excerpt": "ABSTRACT Accounting educators continue to look for ef\ufb01cient ways to introduce personal competencies into the curriculum. Prior literature contains numerous suggestions on how faculty can implement a single personal competency, such as written communication. This  ...", "url_pdf": null, "num_citations": 4, "cluster_id": "18212462590121925415", "year": "2010", "url_citations": "http://scholar.google.com/scholar?cites=18212462590121925415&as_sdt=2005&sciodt=1,5&hl=en"}, {"num_versions": 4, "url_citation": null, "title": "Students' approaches to learning", "url": "http://www.aaajournals.org/doi/abs/10.2308/iace.2007.22.2.183", "url_versions": "http://scholar.google.com/scholar?cluster=8179299792098295977&hl=en&as_sdt=1,5&sciodt=1,5&as_vis=1", "authors": "A Duff, S McKinstry - Issues in accounting education", "excerpt": "This paper provides an overview of the students' approaches to learning (SAL) literature, including a review of the models, theories, and research instruments. SAL research has developed largely in the United Kingdom and Australasia, where its concepts are widely  ...", "url_pdf": null, "num_citations": 65, "cluster_id": "8179299792098295977", "year": "2007", "url_citations": "http://scholar.google.com/scholar?cites=8179299792098295977&as_sdt=2005&sciodt=1,5&hl=en"}, {"num_versions": 2, "url_citation": null, "title": "Peer-mentoring undergraduate accounting students: The influence on approaches to learning and academic performance", "url": "http://alh.sagepub.com/content/11/2/145.short", "url_versions": "http://scholar.google.com/scholar?cluster=8511841565495157157&hl=en&as_sdt=1,5&sciodt=1,5&as_vis=1", "authors": "A Fox, L Stevenson, P Connelly, A Duff\u2026 - Active learning in  \u2026", "excerpt": "Abstract This article considers the impact of a student peer-mentoring programme (the Mentor Accountant Project, MAP) on first-year undergraduates' academic performance. The development of MAP was informed by reference to extant literature; it relies on the  ...", "url_pdf": null, "num_citations": 34, "cluster_id": "8511841565495157157", "year": "2010", "url_citations": "http://scholar.google.com/scholar?cites=8511841565495157157&as_sdt=2005&sciodt=1,5&hl=en"}, {"num_versions": 4, "url_citation": null, "title": "A critical analysis of the pedagogical approach employed in an introductory course to IFRS", "url": "http://www.aaajournals.org/doi/abs/10.2308/iace-10220", "url_versions": "http://scholar.google.com/scholar?cluster=17483890254233981291&hl=en&as_sdt=1,5&sciodt=1,5&as_vis=1", "authors": "SA Coetzee, A Schmulian - Issues in accounting Education", "excerpt": "ABSTRACT: This paper, through case analysis employing analytical autoethnography, investigates the pedagogical approach employed in an introductory course to IFRS. This course is part of a professional accounting education program in South Africa. The  ...", "url_pdf": null, "num_citations": 18, "cluster_id": "17483890254233981291", "year": "2012", "url_citations": "http://scholar.google.com/scholar?cites=17483890254233981291&as_sdt=2005&sciodt=1,5&hl=en"}, {"num_versions": 4, "url_citation": null, "title": "Student preconceptions of introductory accounting: Galloping over the biggest threshold of them all", "url": "http://www.researchgate.net/profile/Sidney_Weil/publication/266470625_Student_Preconceptions_of_Introductory_Accounting_Galloping_Over_the_Biggest_Threshold_of_them_all%21/links/54b80b4b0cf269d8cbf6c493.pdf", "url_versions": "http://scholar.google.com/scholar?cluster=11494535420654130238&hl=en&as_sdt=1,5&sciodt=1,5&as_vis=1", "authors": "N McGuigan, S Weil - Third Biennial Threshold Symposium", "excerpt": "Abstract The study of introductory accounting can prove problematic to students for many reasons, one of which is the formation of negative preconceptions about the discipline. These preconceptions are often reinforced by the university environment and  ...", "url_pdf": "http://www.researchgate.net/profile/Sidney_Weil/publication/266470625_Student_Preconceptions_of_Introductory_Accounting_Galloping_Over_the_Biggest_Threshold_of_them_all%21/links/54b80b4b0cf269d8cbf6c493.pdf", "num_citations": 3, "cluster_id": "11494535420654130238", "year": "2010", "url_citations": "http://scholar.google.com/scholar?cites=11494535420654130238&as_sdt=2005&sciodt=1,5&hl=en"}, {"num_versions": 6, "url_citation": null, "title": "Teaching with case studies: an empirical investigation of accounting lecturers' experiences", "url": "http://www.tandfonline.com/doi/abs/10.1080/09639284.2010.501577", "url_versions": "http://scholar.google.com/scholar?cluster=12082740716483682118&hl=en&as_sdt=1,5&sciodt=1,5&as_vis=1", "authors": "M Healy, M McCutcheon - Accounting Education: an international  \u2026", "excerpt": "The case study method has come under increasing attention in recent decades with some writers extolling its potential to promote deeper learning. However, in the area of accounting education, ongoing calls for its use are not matched with similar accounts of successful  ...", "url_pdf": null, "num_citations": 30, "cluster_id": "12082740716483682118", "year": "2010", "url_citations": "http://scholar.google.com/scholar?cites=12082740716483682118&as_sdt=2005&sciodt=1,5&hl=en"}, {"num_versions": 14, "url_citation": null, "title": "An investigation into secondary school exit standards: Implications for university lecturers", "url": "http://www.hear.ac.uk/assets/bmaf/documents/publications/IJME/Vol8no2/IJME8no2Paper5.pdf", "url_versions": "http://scholar.google.com/scholar?cluster=1593584968957330346&hl=en&as_sdt=1,5&sciodt=1,5&as_vis=1", "authors": "H Fee, K Greenan, A Wall - International Journal of Management  \u2026", "excerpt": "Abstract This paper analyses the high school examinations sat by business studies students entering the University of Ulster, in September 2007, and assesses whether the students or the higher education teaching staff are prepared for the challenges ahead. Having looked  ...", "url_pdf": "http://www.hear.ac.uk/assets/bmaf/documents/publications/IJME/Vol8no2/IJME8no2Paper5.pdf", "num_citations": 8, "cluster_id": "1593584968957330346", "year": "2010", "url_citations": "http://scholar.google.com/scholar?cites=1593584968957330346&as_sdt=2005&sciodt=1,5&hl=en"}, {"num_versions": 8, "url_citation": null, "title": "Exogenous and endogenous factors influencing students' performance in undergraduate accounting modules", "url": "http://www.tandfonline.com/doi/abs/10.1080/09639280701740142", "url_versions": "http://scholar.google.com/scholar?cluster=13463877857257504611&hl=en&as_sdt=1,5&sciodt=1,5&as_vis=1", "authors": "Y Guney - Accounting Education", "excerpt": "The objective of this study is to explore cross-sectionally the potential determinants of academic performance in undergraduate accounting modules for non-accounting degree students. The econometric model used in this study employs both student-oriented  ...", "url_pdf": null, "num_citations": 44, "cluster_id": "13463877857257504611", "year": "2009", "url_citations": "http://scholar.google.com/scholar?cites=13463877857257504611&as_sdt=2005&sciodt=1,5&hl=en"}, {"num_versions": 7, "url_citation": null, "title": "Perceptions of authorial identity in academic writing among undergraduate accounting students: implications for unintentional plagiarism", "url": "http://www.tandfonline.com/doi/abs/10.1080/09639284.2011.650452", "url_versions": "http://scholar.google.com/scholar?cluster=7258328585363642380&hl=en&as_sdt=1,5&sciodt=1,5&as_vis=1", "authors": "J Ballantine, P McCourt Larres - Accounting Education", "excerpt": "The current study explores first, second and third-year UK accounting students' perceptions of authorial identity and their implications for unintentional plagiarism. The findings suggest that, whilst all students have reasonably positive perceptions of their authorial identity,  ...", "url_pdf": null, "num_citations": 8, "cluster_id": "7258328585363642380", "year": "2012", "url_citations": "http://scholar.google.com/scholar?cites=7258328585363642380&as_sdt=2005&sciodt=1,5&hl=en"}, {"num_versions": 0, "url_citation": null, "title": "ENGAGEMENT WITH ACTIVE LEARNING: REFLECTIONS ON THE EXPERIENCES OF IRISH ACCOUNTING STUDENTS.", "url": "http://search.ebscohost.com/login.aspx?direct=true&profile=ehost&scope=site&authtype=crawler&jrnl=07919638&AN=35493398&h=Ow4jB%2BmPte81KNM76cVXryvvRMMc7RyC6nQiaTPkyjRMxeNGa1PSC5nsvP8e4n0N7H60h5qCQkOV8KMJ0RR%2F0Q%3D%3D&crl=c", "url_versions": null, "authors": "M Healy, M McCutcheon - Irish Accounting Review", "excerpt": "Abstract Accounting students have been characterised as being in the main extrinsically motivated, introverted surface learners, who may fail to achieve higher learning outcomes and are reluctant to engage in active learning. Using a phenomenological approach, this  ...", "url_pdf": null, "num_citations": 12, "cluster_id": "13281841228147004479", "year": "2008", "url_citations": "http://scholar.google.com/scholar?cites=13281841228147004479&as_sdt=2005&sciodt=1,5&hl=en"}, {"num_versions": 10, "url_citation": null, "title": "The experience of deep learning by accounting students", "url": "http://www.tandfonline.com/doi/abs/10.1080/09639284.2013.847323", "url_versions": "http://scholar.google.com/scholar?cluster=4960429866517742300&hl=en&as_sdt=1,5&sciodt=1,5&as_vis=1", "authors": "M Turner, R Baskerville - Accounting Education", "excerpt": "Abstract This study examines how to support accounting students to experience deep learning. A sample of 81 students in a third-year undergraduate accounting course was studied employing a phenomenographic research approach, using ten assessed learning  ...", "url_pdf": null, "num_citations": 4, "cluster_id": "4960429866517742300", "year": "2013", "url_citations": "http://scholar.google.com/scholar?cites=4960429866517742300&as_sdt=2005&sciodt=1,5&hl=en"}, {"num_versions": 9, "url_citation": null, "title": "Benchmarking introductory accounting curricula: Experience from Australia", "url": "http://www.tandfonline.com/doi/abs/10.1080/09639280903254959", "url_versions": "http://scholar.google.com/scholar?cluster=10293487980717738611&hl=en&as_sdt=1,5&sciodt=1,5&as_vis=1", "authors": "C Palm, J Bisman - Accounting Education: an international journal", "excerpt": "Within the context of debate about the state of accounting education in general, introductory accounting subjects have been the target of considerable criticism, particularly in terms of narrow content, technical focus, use of transmissive models of teaching, and inattention to  ...", "url_pdf": null, "num_citations": 12, "cluster_id": "10293487980717738611", "year": "2010", "url_citations": "http://scholar.google.com/scholar?cites=10293487980717738611&as_sdt=2005&sciodt=1,5&hl=en"}, {"num_versions": 2, "url_citation": null, "title": "A multiple cross-cultural comparison of approaches to learning", "url": "http://www.tandfonline.com/doi/abs/10.1080/03057925.2013.841465", "url_versions": "http://scholar.google.com/scholar?cluster=13844736188677770401&hl=en&as_sdt=1,5&sciodt=1,5&as_vis=1", "authors": "MP Bowden, S Abhayawansa\u2026 - Compare: A Journal of  \u2026", "excerpt": "This study compares learning approaches of local English-speaking students and students from Asian countries studying at an Australian metropolitan university. The sample consists of students across 13 different countries. Unlike previous studies, students from Asian  ...", "url_pdf": null, "num_citations": 1, "cluster_id": "13844736188677770401", "year": "2015", "url_citations": "http://scholar.google.com/scholar?cites=13844736188677770401&as_sdt=2005&sciodt=1,5&hl=en"}, {"num_versions": 25, "url_citation": null, "title": "Effectiveness of blended learning in a distance education setting", "url": "http://link.springer.com/chapter/10.1007/978-1-4020-8747-9_4", "url_versions": "http://scholar.google.com/scholar?cluster=13047754890893584630&hl=en&as_sdt=1,5&sciodt=1,5&as_vis=1", "authors": "P Castelijn, B Janssen - The Power of Technology for Learning", "excerpt": "Abstract Different teaching formats are available to teach university level courses like classroom education, distance education or a combination of both. Previous literature has not clearly shown the added value of classroom education compared to distance  ...", "url_pdf": null, "num_citations": 5, "cluster_id": "13047754890893584630", "year": "2008", "url_citations": "http://scholar.google.com/scholar?cites=13047754890893584630&as_sdt=2005&sciodt=1,5&hl=en"}, {"num_versions": 3, "url_citation": null, "title": "Communication apprehension of South African accounting students: The effect of culture and language", "url": "http://aaajournals.org/doi/abs/10.2308/iace-50850", "url_versions": "http://scholar.google.com/scholar?cluster=6109764646177644850&hl=en&as_sdt=1,5&sciodt=1,5&as_vis=1", "authors": "SA Coetzee, A Schmulian, L Kotze - Issues in Accounting  \u2026", "excerpt": "ABSTRACT: Developing communication skills is an objective of many accounting education programs. Students' communication apprehension may hamper this. This study explores South African accounting students' communication apprehension and the association  ...", "url_pdf": null, "num_citations": 2, "cluster_id": "6109764646177644850", "year": "2014", "url_citations": "http://scholar.google.com/scholar?cites=6109764646177644850&as_sdt=2005&sciodt=1,5&hl=en"}, {"num_versions": 4, "url_citation": null, "title": "O impacto de uma interven\u00e7\u00e3o na motiva\u00e7\u00e3o na qualidade da aprendizagem: uma experi\u00eancia de caso \u00fanico", "url": "http://scholar.google.com/https://docs.di.fc.ul.pt/handle/10451/2127", "url_versions": "http://scholar.google.com/scholar?cluster=12868211813897733258&hl=en&as_sdt=1,5&sciodt=1,5&as_vis=1", "authors": "AFM Trindade -", "excerpt": "O presente estudo, realizado no \u00e2mbito de uma disserta\u00e7\u00e3o de mestrado integrado em psicologia na \u00e1rea das modifica\u00e7\u00f5es das concep\u00e7\u00f5es e das abordagens \u00e0 aprendizagem, teve como objectivo testar, atrav\u00e9s de uma experi\u00eancia de caso \u00fanico, a influ\u00eancia de  ...", "url_pdf": null, "num_citations": 2, "cluster_id": "12868211813897733258", "year": "2009", "url_citations": "http://scholar.google.com/scholar?cites=12868211813897733258&as_sdt=2005&sciodt=1,5&hl=en"}, {"num_versions": 7, "url_citation": null, "title": "El ocio y los enfoques de aprendizaje en estudiantes universitarios", "url": "http://scholar.google.com/https://digitum.um.es/xmlui/handle/10201/44341", "url_versions": "http://scholar.google.com/scholar?cluster=16220982987591993942&hl=en&as_sdt=1,5&sciodt=1,5&as_vis=1", "authors": "AI L\u00f3pez Alonso, M L\u00f3pez-Aguado, I Gonz\u00e1lez-Mill\u00e1n\u2026 -", "excerpt": "Se analiza la relaci\u00f3n establecida entre percepci\u00f3n de tiempo libre y ocio y enfoques de aprendizaje en estudiantes universitarios. Para ello se realiza una investigaci\u00f3n por encuesta en la que participan 210 alumnos de la Escuela de Ciencias de la Salud de la  ...", "url_pdf": null, "num_citations": 8, "cluster_id": "16220982987591993942", "year": "2011", "url_citations": "http://scholar.google.com/scholar?cites=16220982987591993942&as_sdt=2005&sciodt=1,5&hl=en"}, {"num_versions": 6, "url_citation": null, "title": "Engaged pedagogy: A study of the use of reflective journals in accounting education", "url": "http://www.tandfonline.com/doi/abs/10.1080/02602930903428676", "url_versions": "http://scholar.google.com/scholar?cluster=4718493724398829979&hl=en&as_sdt=1,5&sciodt=1,5&as_vis=1", "authors": "J Bisman - Assessment & Evaluation in Higher Education", "excerpt": "This paper provides a report on a study of innovation in postgraduate education in which a reflective learning journal was used for formal assessment purposes in a management accounting course. Prompted by the discourse on the shortcomings of accounting  ...", "url_pdf": null, "num_citations": 13, "cluster_id": "4718493724398829979", "year": "2011", "url_citations": "http://scholar.google.com/scholar?cites=4718493724398829979&as_sdt=2005&sciodt=1,5&hl=en"}, {"num_versions": 3, "url_citation": null, "title": "Writing in the accounting curriculum: A review of the literature with conclusions for implementation and future research", "url": "http://www.aaajournals.org/doi/abs/10.2308/iace-50491", "url_versions": "http://scholar.google.com/scholar?cluster=2240909649063034688&hl=en&as_sdt=1,5&sciodt=1,5&as_vis=1", "authors": "TJ Riley, KA Simons - Issues in Accounting Education", "excerpt": "ABSTRACT: Accounting practitioners, faculty, and professional organizations agree that good writing skills are imperative to success in accounting, yet successful implementation of writing in the accounting curriculum continues to be a concern. Accounting faculty can  ...", "url_pdf": null, "num_citations": 5, "cluster_id": "2240909649063034688", "year": "2013", "url_citations": "http://scholar.google.com/scholar?cites=2240909649063034688&as_sdt=2005&sciodt=1,5&hl=en"}]