[{"num_versions": 9, "url_citation": null, "title": "Interactions in the dental team: understanding theoretical complexities and practical challenges", "url": "http://www.nature.com/bdj/journal/v215/n9/abs/sj.bdj.2013.1046.html", "url_versions": "http://scholar.google.com/scholar?cluster=3718454386806934923&hl=en&as_sdt=1,5&sciodt=1,5&as_vis=1", "authors": "MG Reeson, C Walker-Gleaves, N Jepson - British dental journal", "excerpt": "Background Interdisciplinary collaboration and communication during dental training has become an increasingly influential idea within dental schools, both in the United Kingdom and European contexts. Research into this curriculum innovation has provided evidence  ...", "url_pdf": null, "num_citations": 2, "cluster_id": "3718454386806934923", "year": "2013", "url_citations": "http://scholar.google.com/scholar?cites=3718454386806934923&as_sdt=2005&sciodt=1,5&hl=en"}, {"num_versions": 3, "url_citation": null, "title": "Preparing faculty members for significant curricular revisions in a school of dental medicine", "url": "http://www.jdentaled.org/content/74/3/275.short", "url_versions": "http://scholar.google.com/scholar?cluster=6417192760162380404&hl=en&as_sdt=1,5&sciodt=1,5&as_vis=1", "authors": "H Spallek, JA O'Donnell\u2026 - Journal of dental  \u2026", "excerpt": "Abstract Resistance to change is expected, especially when change involves and impacts many stakeholders. During the past year, the Curriculum Committee at the University of Pittsburgh School of Dental Medicine has been preparing the dental school for a major  ...", "url_pdf": null, "num_citations": 11, "cluster_id": "6417192760162380404", "year": "2010", "url_citations": "http://scholar.google.com/scholar?cites=6417192760162380404&as_sdt=2005&sciodt=1,5&hl=en"}, {"num_versions": 0, "url_citation": null, "title": "Empowerment in action: Self-directed groupwork", "url": "http://scholar.google.com/https://books.google.com/books?hl=en&lr=&id=t04dBQAAQBAJ&oi=fnd&pg=PP1&ots=1NXUD-AYOy&sig=QMBjtbryELdbOccE43xBCg1HdMs", "url_versions": null, "authors": "A Mullender, D Ward, J Fleming -", "excerpt": "15 years on from first publication, this new edition of Empowerment in Action builds on a classic groupwork model that has stood the test of time and continues to be used as a paradigm for empowerment across the world today. Through fresh examples and the  ...", "url_pdf": null, "num_citations": 4, "cluster_id": "3348910846623946261", "year": "2013", "url_citations": "http://scholar.google.com/scholar?cites=3348910846623946261&as_sdt=2005&sciodt=1,5&hl=en"}, {"num_versions": 0, "url_citation": null, "title": "Libro del Proyecto Latinoamericano de Convergencia en Educacion Odontologica (PLACEO).", "url": "http://www.ifdea.org/sitecollectiondocuments/placeo_espanhol.pdf", "url_versions": null, "authors": "MS Alonso, JH Antoniazzi, M Carbajal -", "excerpt": "ix prefacio Acompa\u00f1ando los cambios y necesidades de adecuaci\u00f3n del escenario profesional de odontolog\u00eda en el mundo, Colgate-Palmolive brinda apoyo a otra importante iniciativa del ENLEC/PLACEO que, por medio de esta obra, propone nuevas directrices  ...", "url_pdf": "http://www.ifdea.org/sitecollectiondocuments/placeo_espanhol.pdf", "num_citations": 7, "cluster_id": "1380243369570068686", "year": "2010", "url_citations": "http://scholar.google.com/scholar?cites=1380243369570068686&as_sdt=2005&sciodt=1,5&hl=en"}, {"num_versions": 4, "url_citation": null, "title": "Teaching and assessment of Professional attitudes in UK dental schools\u2013Commentary", "url": "http://onlinelibrary.wiley.com/doi/10.1111/j.1600-0579.2009.00601.x/full", "url_versions": "http://scholar.google.com/scholar?cluster=6163423115974735258&hl=en&as_sdt=1,5&sciodt=1,5&as_vis=1", "authors": "J Field, J Ellis, C Abbas\u2026 - European Journal of Dental \u2026", "excerpt": "Abstract The General Dental Council expects professionalism to be embedded and assessed through-out the undergraduate dental programme. Curricula need therefore to accommodate these recommendations. A stroll poll of UK dental schools provided a basis  ...", "url_pdf": null, "num_citations": 8, "cluster_id": "6163423115974735258", "year": "2010", "url_citations": "http://scholar.google.com/scholar?cites=6163423115974735258&as_sdt=2005&sciodt=1,5&hl=en"}, {"num_versions": 4, "url_citation": null, "title": "Research training in dental undergraduate curriculum in Chile.", "url": "http://joralres.com/index.php/JOR/article/view/84", "url_versions": "http://scholar.google.com/scholar?cluster=15220672481644332057&hl=en&as_sdt=1,5&sciodt=1,5&as_vis=1", "authors": "X Moreno - Journal of Oral Research", "excerpt": "Abstract Research plays a central role in professional training in dentistry. There is a clear recommendation to include a minimum training in biomedical research at undergraduate level. In Chile, there is no standardized curriculum structure including research training for  ...", "url_pdf": null, "num_citations": 4, "cluster_id": "15220672481644332057", "year": "2014", "url_citations": "http://scholar.google.com/scholar?cites=15220672481644332057&as_sdt=2005&sciodt=1,5&hl=en"}, {"num_versions": 4, "url_citation": null, "title": "Adaptation of medical progress testing to a dental setting", "url": "http://www.tandfonline.com/doi/abs/10.3109/0142159X.2010.486057", "url_versions": "http://scholar.google.com/scholar?cluster=12989455502751061987&hl=en&as_sdt=1,5&sciodt=1,5&as_vis=1", "authors": "J Bennett, A Freeman, L Coombes, L Kay\u2026 - Medical  \u2026", "excerpt": "Although progress testing (PT) is well established in several medical schools, it is new to dentistry. Peninsula College of Medicine and Dentistry has recently established a Bachelor of Dental Surgery programme and has been one of the first schools to use PT in a dental  ...", "url_pdf": null, "num_citations": 6, "cluster_id": "12989455502751061987", "year": "2010", "url_citations": "http://scholar.google.com/scholar?cites=12989455502751061987&as_sdt=2005&sciodt=1,5&hl=en"}, {"num_versions": 5, "url_citation": null, "title": "Evidence-informed dental student recruitment techniques", "url": "http://www.nature.com/bdj/journal/v208/n3/abs/sj.bdj.2010.105.html", "url_versions": "http://scholar.google.com/scholar?cluster=7130121077347140550&hl=en&as_sdt=1,5&sciodt=1,5&as_vis=1", "authors": "E Kay, J Bennett, P Allison, LR Coombes - British dental journal", "excerpt": "Abstract The aim of the study described was to measure the performance of potential dental students in an evidence-based, objective, structured admission interview, and to compare that performance to student achievement in aptitude tests, tests of scientific knowledge,  ...", "url_pdf": null, "num_citations": 6, "cluster_id": "7130121077347140550", "year": "2010", "url_citations": "http://scholar.google.com/scholar?cites=7130121077347140550&as_sdt=2005&sciodt=1,5&hl=en"}, {"num_versions": 6, "url_citation": null, "title": "A functional natural dentition for all\u2013and for life? The oral healthcare system needs revision", "url": "http://onlinelibrary.wiley.com/doi/10.1111/joor.12082/pdf", "url_versions": "http://scholar.google.com/scholar?cluster=4810365350969327413&hl=en&as_sdt=1,5&sciodt=1,5&as_vis=1", "authors": "O Fejerskov, G Escobar, M J\u00f8ssing\u2026 - Journal of oral  \u2026", "excerpt": "Summary The cost of dental care adds to the costs of the already overburdened health sector. Do we\u2013as patients and as society\u2013receive oral health care that is both aligned with the actual disease experience and also, critically based on up-to-date scientific  ...", "url_pdf": null, "num_citations": 8, "cluster_id": "4810365350969327413", "year": "2013", "url_citations": "http://scholar.google.com/scholar?cites=4810365350969327413&as_sdt=2005&sciodt=1,5&hl=en"}, {"num_versions": 4, "url_citation": null, "title": "Creating an effective PBL case in oral and maxillofacial surgery at a Chinese dental school: a dental education primer", "url": "http://www.jdentaled.org/content/75/11/1496.short", "url_versions": "http://scholar.google.com/scholar?cluster=17265837262752744289&hl=en&as_sdt=1,5&sciodt=1,5&as_vis=1", "authors": "JW Zheng, SY Zhang, C Yang\u2026 - Journal of dental  \u2026", "excerpt": "Abstract Problem-based learning (PBL) is a widely accepted educational method centered on the discussion and learning that emerge from a clinically based problem; however, little has been reported on the details of PBL case-writing in the dental education literature.  ...", "url_pdf": null, "num_citations": 7, "cluster_id": "17265837262752744289", "year": "2011", "url_citations": "http://scholar.google.com/scholar?cites=17265837262752744289&as_sdt=2005&sciodt=1,5&hl=en"}, {"num_versions": 6, "url_citation": null, "title": "\u53e3\u8154\u988c\u9762\u5916\u79d1 PBL \u6559\u5b66\u6848\u4f8b\u7684\u64b0\u5199", "url": "http://www.omschina.org.cn/uploadfile/2011/0612/20110612050900729.pdf", "url_versions": "http://scholar.google.com/scholar?cluster=12051636631748799908&hl=en&as_sdt=1,5&sciodt=1,5&as_vis=1", "authors": "\u90d1\u5bb6\u4f1f\uff0c \u66f9\u971e\uff0c \u5f20\u5584\u52c7\uff0c \u5f20\u5fd7\u613f\uff0c \u6768\u9a70 - \u4e2d\u56fd\u53e3\u8154\u988c\u9762\u5916\u79d1\u6742\u5fd7", "excerpt": "[\u63d0\u8981] \u95ee\u9898\u5bfc\u5411\u5b66\u4e60\u6a21\u5f0f\" \u7b80\u79f0PBL $ \u662f\u88ab\u5e7f\u6cdb\u63a5\u53d7\u7684\u4ee5\u4e34\u5e8a\u75c5\u4f8b\u4e3a\u5148\u5bfc) \u95ee\u9898\u4e3a\u57fa\u7840) \u5b66\u751f\u4e3a\u4e3b\u4f53\u7684\u81ea\u5b66\u8ba8\u8bba\u5f0f\u6559\u5b66\u65b9\u6cd5* \u6848\u4f8b\u7684\u8d28\u91cf\u662fPBL \u6210\u8d25\u7684\u5173\u952e\u56e0\u7d20% \u4ee5\u5f80\u6587\u732e\u5bf9\u6848\u4f8b\u64b0\u5199\u7684\u8ba8\u8bba\u751a\u5c11% \u4f5c\u8005\u57fa\u4e8e\u53e3\u8154\u9882\u9762\u5916\u79d1\u6700\u5e38\u89c1\u7684\u7259\u6e90\u6027\u80bf\u7624'\u6210\u7ec6\u80de\u7624\u75c5\u4f8b ...", "url_pdf": "http://www.omschina.org.cn/uploadfile/2011/0612/20110612050900729.pdf", "num_citations": 6, "cluster_id": "12051636631748799908", "year": "2009", "url_citations": "http://scholar.google.com/scholar?cites=12051636631748799908&as_sdt=2005&sciodt=1,5&hl=en"}, {"num_versions": 4, "url_citation": null, "title": "A paradigm shift in predoctoral dental curricula in Brazil: evaluating the process of change", "url": "http://www.jdentaled.org/content/75/4/557.short", "url_versions": "http://scholar.google.com/scholar?cluster=9097210815061938097&hl=en&as_sdt=1,5&sciodt=1,5&as_vis=1", "authors": "C Zilbovicius, ME de Araujo, C Botazzo\u2026 - Journal of dental  \u2026", "excerpt": "Abstract In 2002, the Brazilian Ministry of Education approved the official curricular guidelines for undergraduate courses in Brazil to be adopted by the nation's 188 dental schools. In 2005\u201306, the Brazilian Dental Education Association (BDEA) promoted  ...", "url_pdf": null, "num_citations": 22, "cluster_id": "9097210815061938097", "year": "2011", "url_citations": "http://scholar.google.com/scholar?cites=9097210815061938097&as_sdt=2005&sciodt=1,5&hl=en"}, {"num_versions": 5, "url_citation": null, "title": "Doing dissections differently: A structured, peer\u2010assisted learning approach to maximizing learning in dissections", "url": "http://onlinelibrary.wiley.com/doi/10.1002/ase.1308/full", "url_versions": "http://scholar.google.com/scholar?cluster=10857460359187700876&hl=en&as_sdt=1,5&sciodt=1,5&as_vis=1", "authors": "ER Hall, RC Davis, R Weller, S Powney\u2026 - Anatomical sciences  \u2026", "excerpt": "Abstract Areas of difficulty faced by our veterinary medicine students, with respect to their learning in dissection classes, were identified. These challenges were both general adult-learning related and specific to the discipline of anatomy. Our aim was to design,  ...", "url_pdf": null, "num_citations": 5, "cluster_id": "10857460359187700876", "year": "2013", "url_citations": "http://scholar.google.com/scholar?cites=10857460359187700876&as_sdt=2005&sciodt=1,5&hl=en"}, {"num_versions": 3, "url_citation": null, "title": "\u5934\u9888\u5916\u79d1\u5b66 PBL \u6559\u5b66\u6848\u4f8b\u64b0\u5199\u7684\u63a2\u7d22", "url": "http://www.gdyxjy.cn/upfile/file/201122710572359626.doc", "url_versions": "http://scholar.google.com/scholar?cluster=7324461867456724227&hl=en&as_sdt=1,5&sciodt=1,5&as_vis=1", "authors": "\u674e\u7389\u6653\uff0c \u4f55\u6653\u5149\uff0c \u4f59\u548f\u6885\uff0c \u5b59\u4fca - \u897f\u5317\u533b\u5b66\u6559\u80b2", "excerpt": "[\u63d0\u8981] \u57fa\u4e8e\u95ee\u9898\u5b66\u4e60(problem-based learning, PBL) \u6a21\u5f0f\u662f\u88ab\u5e7f\u6cdb\u63a5\u53d7\u7684\u4ee5\u4e34\u5e8a\u75c5\u4f8b\u4e3a\u5148\u5bfc, \u95ee\u9898\u4e3a\u57fa\u7840, \u5b66\u751f\u4e3a\u4e3b\u4f53\u7684\u81ea\u5b66\u8ba8\u8bba\u5f0f\u6559\u5b66\u65b9\u6cd5. \u6848\u4f8b\u8d28\u91cf\u7684\u597d\u574f\u662fPBL \u6559\u5b66\u6210\u8d25\u7684\u5173\u952e\u56e0\u7d20. \u590d\u4e60\u6587\u732e\u89c1\u6848\u4f8b\u64b0\u5199\u7684\u8ba8\u8bba\u751a\u5c11, \u4f5c\u8005\u57fa\u4e8e\u5934\u9888\u5916\u79d1\u6700\u5e38\u89c1\u7684\u4e0a\u988c\u7aa6\u764c\u75c5\u4f8b, \u5bf9PBL \u6848\u4f8b\u7684 ...", "url_pdf": null, "num_citations": 1, "cluster_id": "7324461867456724227", "year": "2011", "url_citations": "http://scholar.google.com/scholar?cites=7324461867456724227&as_sdt=2005&sciodt=1,5&hl=en"}, {"num_versions": 3, "url_citation": null, "title": "\u56f4\u624b\u672f\u671f\u62a4\u7406\u5728\u809d\u764c\u4ecb\u5165\u6cbb\u7597\u4e2d\u7684\u6548\u679c\u89c2\u5bdf", "url": "http://www.cqvip.com/qk/96365x/201409/662586585.html", "url_versions": "http://scholar.google.com/scholar?cluster=159333575618497125&hl=en&as_sdt=1,5&sciodt=1,5&as_vis=1", "authors": "\u674e\u6cfd\u82b3 - \u4e2d\u56fd\u9ad8\u7b49\u533b\u5b66\u6559\u80b2", "excerpt": "\u76ee\u7684: \u5206\u6790\u7814\u7a76\u56f4\u624b\u672f\u671f\u62a4\u7406\u5728\u809d\u764c\u4ecb\u5165\u6cbb\u7597\u4e2d\u7684\u6548\u679c. \u65b9\u6cd5: \u6211\u9662\u57282008 \u5e743 \u6708\u81f32012 \u5e749 \u6708\u671f\u95f4\u6536\u6cbb78 \u4f8b\u809d\u764c\u884c\u4ecb\u5165\u6cbb\u7597\u60a3\u8005. \u56de\u987e\u5206\u6790\u5176\u4e34\u5e8a\u8d44\u6599, \u603b\u7ed3\u56f4\u624b\u672f\u671f\u62a4\u7406\u7684\u7ecf\u9a8c\u53ca\u6548\u679c. \u7ed3\u679c: \u901a\u8fc7\u8fdb\u884c\u56f4\u624b\u672f\u671f\u62a4\u7406, \u6240\u6709\u60a3\u8005\u5747\u6210\u529f\u5b9e\u65bd\u4ecb\u5165\u7597\u6cd5. \u5747\u672a\u51fa\u73b0\u4e0d\u80fd\u6062\u590d\u5e76\u53d1\u75c7. \u4e14 ...", "url_pdf": null, "num_citations": 0, "cluster_id": null, "year": "2014", "url_citations": null}, {"num_versions": 0, "url_citation": null, "title": "'It's not just what you do; it's the way that you do it.'Groupwork and the dental career journey", "url": "http://journals.whitingbirch.net/index.php/GPWK/article/view/643", "url_versions": null, "authors": "P Word - Groupwork", "excerpt": "Abstract Group learning, as a key aspect of Enquiry\u2013based Learning (EBL), is central to the philosophy of the dental school where the author, a practising dentist, is a part-time EBL Facilitator. From the very outset of their training, the students enter into learning groups.  ...", "url_pdf": null, "num_citations": 1, "cluster_id": "8538012010810839815", "year": "2012", "url_citations": "http://scholar.google.com/scholar?cites=8538012010810839815&as_sdt=2005&sciodt=1,5&hl=en"}, {"num_versions": 5, "url_citation": null, "title": "The Sheffield outreach teaching programme", "url": "http://www.nature.com/bdj/journal/v209/n10/abs/sj.bdj.2010.1038.html", "url_versions": "http://scholar.google.com/scholar?cluster=9902916253981675496&hl=en&as_sdt=1,5&sciodt=1,5&as_vis=1", "authors": "M Smith, MA Lennon, PG Robinson - British dental journal", "excerpt": "Abstract Sheffield's School of Clinical Dentistry has developed a year-round dental outreach teaching programme of 20 weeks for each student in two or three of six already established general practices and five PCT clinics. On the programme, under local supervision,  ...", "url_pdf": null, "num_citations": 3, "cluster_id": "9902916253981675496", "year": "2010", "url_citations": "http://scholar.google.com/scholar?cites=9902916253981675496&as_sdt=2005&sciodt=1,5&hl=en"}]