[{"num_versions": 3, "url_citation": null, "title": "A theoretical argument for complex-valued convolutional networks", "url": "http://arxiv.org/abs/1503.03438", "url_versions": "http://scholar.google.com/scholar?cluster=14719913772084813201&hl=en&as_sdt=1,5&sciodt=1,5&as_vis=1", "authors": "J Bruna, S Chintala, Y LeCun, S Piantino\u2026 - arXiv preprint arXiv: \u2026", "excerpt": "Abstract: A complex-valued convolutional network (convnet) implements the repeated application of the following composition of three operations, recursively applying the composition to an input vector of nonnegative real numbers:(1) convolution with several  ...", "url_pdf": null, "num_citations": 1, "cluster_id": "14719913772084813201", "year": "2015", "url_citations": "http://scholar.google.com/scholar?cites=14719913772084813201&as_sdt=2005&sciodt=1,5&hl=en"}, {"num_versions": 5, "url_citation": null, "title": "A Probabilistic Theory of Deep Learning", "url": "http://arxiv.org/abs/1504.00641", "url_versions": "http://scholar.google.com/scholar?cluster=18241056877741693415&hl=en&as_sdt=1,5&sciodt=1,5&as_vis=1", "authors": "AB Patel, T Nguyen, RG Baraniuk - arXiv preprint arXiv:1504.00641", "excerpt": "Abstract: A grand challenge in machine learning is the development of computational algorithms that match or outperform humans in perceptual inference tasks that are complicated by nuisance variation. For instance, visual object recognition involves the  ...", "url_pdf": null, "num_citations": 2, "cluster_id": "18241056877741693415", "year": "2015", "url_citations": "http://scholar.google.com/scholar?cites=18241056877741693415&as_sdt=2005&sciodt=1,5&hl=en"}, {"num_versions": 0, "url_citation": null, "title": "Big Data and Machine Learning: A Modern Approach", "url": "http://ieor.columbia.edu/files/seasieor/industrial-engineering-operations-research/pdf-files/IEORE8100-002_Fall_2015_Syllabus.pdf", "url_versions": null, "authors": "K Choromanski -", "excerpt": "The goal of the course is to present very recent techniques used in machine learning and big data analysis. Contrary to popular belief, several most powerful modern methods in data mining apply mathematical techniques that are not only accessible for experts in the field.  ...", "url_pdf": "http://ieor.columbia.edu/files/seasieor/industrial-engineering-operations-research/pdf-files/IEORE8100-002_Fall_2015_Syllabus.pdf", "num_citations": 0, "cluster_id": null, "year": "2015", "url_citations": null}, {"num_versions": 2, "url_citation": null, "title": "Deep Learning and the Information Bottleneck Principle", "url": "http://arxiv.org/abs/1503.02406", "url_versions": "http://scholar.google.com/scholar?cluster=13152354842433826281&hl=en&as_sdt=1,5&sciodt=1,5&as_vis=1", "authors": "N Tishby, N Zaslavsky - arXiv preprint arXiv:1503.02406", "excerpt": "Abstract: Deep Neural Networks (DNNs) are analyzed via the theoretical framework of the information bottleneck (IB) principle. We first show that any DNN can be quantified by the mutual information between the layers and the input and output variables. Using this  ...", "url_pdf": null, "num_citations": 2, "cluster_id": "13152354842433826281", "year": "2015", "url_citations": "http://scholar.google.com/scholar?cites=13152354842433826281&as_sdt=2005&sciodt=1,5&hl=en"}]