[{"num_versions": 3, "url_citation": null, "title": "Anxiety as a Mediating Variable to Learning Outcomes in a Human Patient Simulation Experience: A Mixed Methods Study", "url": "http://rave.ohiolink.edu/etdc/view?acc_num=ucin1283285145", "url_versions": "http://scholar.google.com/scholar?cluster=1782243322155272053&hl=en&as_sdt=1,5&sciodt=1,5&as_vis=1", "authors": "K Beischel -", "excerpt": "Abstract The primary purpose of this study was to test a hypothesized model describing the direct effects of learning variables on anxiety and cognitive learning outcomes and the mediating effects of anxiety on cognitive learning outcomes in a high-fidelity human  ...", "url_pdf": null, "num_citations": 1, "cluster_id": "1782243322155272053", "year": "2010", "url_citations": "http://scholar.google.com/scholar?cites=1782243322155272053&as_sdt=2005&sciodt=1,5&hl=en"}, {"num_versions": 4, "url_citation": null, "title": "Teaching engineering", "url": "http://www.core.materials.ac.uk/repository/teaching-engineering/teaching_engineering_goodhew.pdf", "url_versions": "http://scholar.google.com/scholar?cluster=14786001244237737496&hl=en&as_sdt=1,5&sciodt=1,5&as_vis=1", "authors": "P Goodhew - UKCME, Liverpool", "excerpt": "There are many reasons for encouraging people to learn about engineering, and therefore there is no unique meaning for the phrase 'Engineering Education'. In this chapter some of the main motives for teaching engineering will be explored. The remainder of the book will  ...", "url_pdf": "http://www.core.materials.ac.uk/repository/teaching-engineering/teaching_engineering_goodhew.pdf", "num_citations": 4, "cluster_id": "14786001244237737496", "year": "2010", "url_citations": "http://scholar.google.com/scholar?cites=14786001244237737496&as_sdt=2005&sciodt=1,5&hl=en"}, {"num_versions": 9, "url_citation": null, "title": "Pair Lecturing to Model Modelling and Encourage Active Learning", "url": "http://www.ale2012.com/FullPaper/ale2012_submission_14.pdf", "url_versions": "http://scholar.google.com/scholar?cluster=16308862828989239943&hl=en&as_sdt=1,5&sciodt=1,5&as_vis=1", "authors": "H Burden, R Heldal, T Adawi - Proceedings of ALE", "excerpt": "ABSTRACT Students in our course on \u201cmodel-driven software development\u201d find it difficult to apply the models presented in the lectures to their team projects. By introducing pair lecturing we aimed to use the interaction between the teachers to model the entire  ...", "url_pdf": "http://www.ale2012.com/FullPaper/ale2012_submission_14.pdf", "num_citations": 3, "cluster_id": "16308862828989239943", "year": "2012", "url_citations": "http://scholar.google.com/scholar?cites=16308862828989239943&as_sdt=2005&sciodt=1,5&hl=en"}, {"num_versions": 2, "url_citation": null, "title": "Analysis of Assessment Data from Statistics Courses: Grade Distributions, Surface Learning and Threshold Concepts", "url": "http://papers.ssrn.com/sol3/papers.cfm?abstract_id=1890833", "url_versions": "http://scholar.google.com/scholar?cluster=9703710586995787983&hl=en&as_sdt=1,5&sciodt=1,5&as_vis=1", "authors": "RV Diamond - Surface Learning and Threshold Concepts (July 20,  \u2026", "excerpt": "Abstract: This technical report presents statistical analysis of summative assessment data (mid-term tests and final exams) collected from business statistics modules. The analysis showed that grade distributions tend to have two modes which in turn, suggests that a  ...", "url_pdf": null, "num_citations": 2, "cluster_id": "9703710586995787983", "year": "2011", "url_citations": "http://scholar.google.com/scholar?cites=9703710586995787983&as_sdt=2005&sciodt=1,5&hl=en"}, {"num_versions": 0, "url_citation": null, "title": "Usposabljanja zaposlenih ter njihov vpliv na organizacijsko u\u010denje in uspe\u0161nost v slovenskih storitvenih podjetjih: doktorska disertacija", "url": "http://www.cek.ef.uni-lj.si/doktor/dermol.pdf", "url_versions": null, "authors": "V Dermol -", "excerpt": "Summary The purpose we have pursued in the dissertation thesis is to improve understanding of learning in enterprises by studying and linking individual and organisational learning. Dissertation offers some important findings about the impact of  ...", "url_pdf": "http://www.cek.ef.uni-lj.si/doktor/dermol.pdf", "num_citations": 3, "cluster_id": "6478694615193798507", "year": "2010", "url_citations": "http://scholar.google.com/scholar?cites=6478694615193798507&as_sdt=2005&sciodt=1,5&hl=en"}, {"num_versions": 6, "url_citation": null, "title": "Doing pedagogical research in engineering", "url": "http://eprints.chi.ac.uk/1076/1/__otter_USER_SEdmunds_Documents_Sarah%27s%20Files_Sarah%27s%20publications_Brown%20%26%20Edmunds%202011%20Doing%20Pedagogical%20Research%20for%20Engineers.pdf", "url_versions": "http://scholar.google.com/scholar?cluster=18309418273026920587&hl=en&as_sdt=1,5&sciodt=1,5&as_vis=1", "authors": "G Brown, S Edmunds -", "excerpt": "Qualitative research is concerned primarily with words and their meanings in different contexts whereas quantitative research is concerned primarily with numbers and their significance. The nuts and bolts of most qualitative research are open questions. These  ...", "url_pdf": "http://eprints.chi.ac.uk/1076/1/__otter_USER_SEdmunds_Documents_Sarah%27s%20Files_Sarah%27s%20publications_Brown%20%26%20Edmunds%202011%20Doing%20Pedagogical%20Research%20for%20Engineers.pdf", "num_citations": 1, "cluster_id": "18309418273026920587", "year": "2011", "url_citations": "http://scholar.google.com/scholar?cites=18309418273026920587&as_sdt=2005&sciodt=1,5&hl=en"}, {"num_versions": 6, "url_citation": null, "title": "Assessment of Individual Student Performance in Online Team Projects.", "url": "http://eric.ed.gov/?id=EJ935580", "url_versions": "http://scholar.google.com/scholar?cluster=12301451979309653580&hl=en&as_sdt=1,5&sciodt=1,5&as_vis=1", "authors": "J Alden - Journal of Asynchronous Learning Networks", "excerpt": "ABSTRACT The use of team projects has been shown to be beneficial in higher education. There is also general agreement that team efforts should be assessed and that the grading ought to represent both (1) the quality of the product developed jointly by the team, as well  ...", "url_pdf": null, "num_citations": 9, "cluster_id": "12301451979309653580", "year": "2011", "url_citations": "http://scholar.google.com/scholar?cites=12301451979309653580&as_sdt=2005&sciodt=1,5&hl=en"}, {"num_versions": 4, "url_citation": null, "title": "Training Design Methodology Skills at the Master's Level", "url": "http://publications.lib.chalmers.se/publication/157413", "url_versions": "http://scholar.google.com/scholar?cluster=18314774098943480134&hl=en&as_sdt=1,5&sciodt=1,5&as_vis=1", "authors": "P Larsson-Edefors, K Jeppson - European Workshop  \u2026", "excerpt": "This paper reports on the learning environment that we have set up in our master's program on embedded electronic system design for training the students' electronic system design skills. In particular we report on a new course entitled Methods for Electronic System  ...", "url_pdf": null, "num_citations": 2, "cluster_id": "18314774098943480134", "year": "2012", "url_citations": "http://scholar.google.com/scholar?cites=18314774098943480134&as_sdt=2005&sciodt=1,5&hl=en"}, {"num_versions": 4, "url_citation": null, "title": "Narrowing the gap: Literature review", "url": "http://oro.open.ac.uk/34531/", "url_versions": "http://scholar.google.com/scholar?cluster=8098884489415060264&hl=en&as_sdt=1,5&sciodt=1,5&as_vis=1", "authors": "J Underwood, P Banyard, L Betts, L Farrington-Flint\u2026 -", "excerpt": "This review supports a research programme that is exploring how technology can narrow the gap for under-and low-achieving learners in secondary schools. Technology can support learning for underachievers by improving results and increasing engagement. Research  ...", "url_pdf": null, "num_citations": 1, "cluster_id": "8098884489415060264", "year": "2009", "url_citations": "http://scholar.google.com/scholar?cites=8098884489415060264&as_sdt=2005&sciodt=1,5&hl=en"}, {"num_versions": 2, "url_citation": null, "title": "Narrowing the gap: literature review, 2009", "url": "http://dera.ioe.ac.uk/1433/1/becta_2010-narrowingthegap_litrev.docx", "url_versions": "http://scholar.google.com/scholar?cluster=2120708116662746016&hl=en&as_sdt=1,5&sciodt=1,5&as_vis=1", "authors": "J Underwood, P Banyard, L Betts, L Farrington-Flint\u2026 -", "excerpt": "The research programme, which underpins this brief literature review, addresses how technology can be used to meet the challenge of equipping young people with the skills to participate in learning throughout their lives. The central focus is identifying the pedagogic  ...", "url_pdf": null, "num_citations": 1, "cluster_id": "2120708116662746016", "year": "2009", "url_citations": "http://scholar.google.com/scholar?cites=2120708116662746016&as_sdt=2005&sciodt=1,5&hl=en"}, {"num_versions": 4, "url_citation": null, "title": "Contextual course design with omnispective analysis and reasoning", "url": "http://scholar.google.com/https://digitalcollections.anu.edu.au/handle/1885/8891", "url_versions": "http://scholar.google.com/scholar?cluster=509931353378673500&hl=en&as_sdt=1,5&sciodt=1,5&as_vis=1", "authors": "S Chemboli, C Boughton -", "excerpt": "In this paper, we present a novel approach to contextualize course design by the application of the Omnispective Analysis and Reasoning (OAR) framework to map the goals and intent of a course to its design and delivery. Effective design and delivery of courses requires  ...", "url_pdf": null, "num_citations": 6, "cluster_id": "509931353378673500", "year": "2011", "url_citations": "http://scholar.google.com/scholar?cites=509931353378673500&as_sdt=2005&sciodt=1,5&hl=en"}, {"num_versions": 5, "url_citation": null, "title": "Integrating curriculum: Developing student autonomy in learning in higher education", "url": "http://www.cluteinstitute.com/ojs/index.php/TLC/article/view/138", "url_versions": "http://scholar.google.com/scholar?cluster=13812518816841806276&hl=en&as_sdt=1,5&sciodt=1,5&as_vis=1", "authors": "U Yuksel - Journal of College Teaching & Learning (TLC)", "excerpt": "Abstract The need to combine social constructivist activities with cognitive constructivist ones has emerged which incorporates personalized learning approaches. Characteristics of education and educational institutions of the third millennium indicate that flexibility,  ...", "url_pdf": null, "num_citations": 9, "cluster_id": "13812518816841806276", "year": "2010", "url_citations": "http://scholar.google.com/scholar?cites=13812518816841806276&as_sdt=2005&sciodt=1,5&hl=en"}, {"num_versions": 4, "url_citation": null, "title": "\u6df1\u5c42\u5b66\u4e60\u4e0e\u652f\u6301\u6df1\u5c42\u5b66\u4e60\u7684\u6559\u5b66\u7b56\u7565", "url": "http://202.205.112.35/drms_bfa/resShow/%E5%AD%A6%E7%A7%91%E5%9B%BE%E4%B9%A6%E6%83%85%E6%8A%A5/%E7%94%B5%E5%BD%B1%E5%AD%A6%E7%A7%91%E7%9A%84%E7%94%B5%E5%AD%90%E8%B5%84%E6%BA%90%E4%BF%A1%E6%81%AF/hylw_jm/H056691/pdf/h056691036.pdf", "url_versions": "http://scholar.google.com/scholar?cluster=2267317280590339882&hl=en&as_sdt=1,5&sciodt=1,5&as_vis=1", "authors": "\u53f6\u4fe1\u6cbb\uff0c \u6768\u65ed\u8f89 - \u4e2d\u56fd\u5927\u5b66\u6559\u5b66", "excerpt": "\u6458\u8981: \u5927\u5b66\u751f\u7684\u5b66\u4e60\u53ef\u4ee5\u5206\u4e3a\u8868\u5c42\u5b66\u4e60\u548c\u6df1\u5c42\u5b66\u4e60. \u524d\u8005\u662f\u4fe1\u606f\u590d\u5236\u578b\u5b66\u4e60. \u4f9d\u9760\u8bb0\u5fc6. \u540e\u8005\u662f\u610f\u4e49\u63a2\u5bfb\u578b\u5b66\u4e60, \u57fa\u4e8e\u7406\u89e3. \u6df1\u5c42\u5b66\u4e60\u5bf9\u5927\u5b66\u751fJl'\u5fc3\u7684\u5168\u9762\u53d1\u5c55. \u7279\u522b\u662f\u5b9e\u8df5\u80fd\u529b\u548c\u521b\u65b0\u80fd\u529b\u7684\u53d1\u5c55\u5177\u6709\u91cd\u8981\u610f\u4e49. \u56e0\u6b64. \u5927\u5b66\u5e94\u8be5\u91c7\u53d6\u4e00\u4e9b\u6709\u6548\u7684\u6559\u5b66\u7b56\u7565\u9f13\u52b1\u548c\u652f\u6301\u5927\u5b66\u751f\u8fdb\u884c ...", "url_pdf": "http://202.205.112.35/drms_bfa/resShow/%E5%AD%A6%E7%A7%91%E5%9B%BE%E4%B9%A6%E6%83%85%E6%8A%A5/%E7%94%B5%E5%BD%B1%E5%AD%A6%E7%A7%91%E7%9A%84%E7%94%B5%E5%AD%90%E8%B5%84%E6%BA%90%E4%BF%A1%E6%81%AF/hylw_jm/H056691/pdf/h056691036.pdf", "num_citations": 12, "cluster_id": "2267317280590339882", "year": "2008", "url_citations": "http://scholar.google.com/scholar?cites=2267317280590339882&as_sdt=2005&sciodt=1,5&hl=en"}, {"num_versions": 4, "url_citation": null, "title": "What expert teachers do: Enhancing professional knowledge for classroom practice", "url": "http://scholar.google.com/https://books.google.com/books?hl=en&lr=&id=hW60BToLNksC&oi=fnd&pg=PP2&ots=LY7xHGUY9y&sig=wBNfPryt10Q8XZQ3oICZWdNT3VY", "url_versions": "http://scholar.google.com/scholar?cluster=3916826005623943838&hl=en&as_sdt=1,5&sciodt=1,5&as_vis=1", "authors": "J Loughran -", "excerpt": "Internationally respected teacher educator John Loughran argues that teachers' knowledge of what they do is largely tacit and often misunderstood. In this book, he distils the essence of professional practice for classroom teachers who want to become really accomplished  ...", "url_pdf": null, "num_citations": 116, "cluster_id": "3916826005623943838", "year": "2012", "url_citations": "http://scholar.google.com/scholar?cites=3916826005623943838&as_sdt=2005&sciodt=1,5&hl=en"}, {"num_versions": 0, "url_citation": null, "title": "Omnispective Analysis and Reasoning: An epistemic approach to scientific workflows", "url": "http://scholar.google.com/https://digitalcollections.anu.edu.au/handle/1885/10556", "url_versions": null, "authors": "S Chemboli -", "excerpt": "This thesis presents the conceptualization, formulation, development and demonstration of Omnispective Analysis and Reasoning (OAR), an epistemic framework for managing intellectual concerns in scientific workflows. Although scientific workflows are extensively  ...", "url_pdf": null, "num_citations": 1, "cluster_id": "3206488470012671776", "year": "2013", "url_citations": "http://scholar.google.com/scholar?cites=3206488470012671776&as_sdt=2005&sciodt=1,5&hl=en"}, {"num_versions": 3, "url_citation": null, "title": "A theoretical model for the effectiveness of project-based learning in engineering design education", "url": "http://scholar.google.com/https://dspace.lboro.ac.uk/dspace-jspui/handle/2134/9563", "url_versions": "http://scholar.google.com/scholar?cluster=4976251589658905725&hl=en&as_sdt=1,5&sciodt=1,5&as_vis=1", "authors": "M Gao -", "excerpt": "The main focus of this thesis is on the effectiveness of project-based learning (PBL) in engineering design. The literature review has shown that there is much confusion and ongoing arguments concerning the implementation of PBL in engineering design, and  ...", "url_pdf": null, "num_citations": 0, "cluster_id": null, "year": "2012", "url_citations": null}, {"num_versions": 6, "url_citation": null, "title": "Implementing Constructive Alignment in a CDIO-oriented Master's Program in Integrated Electronic System Design", "url": "http://www.mes.tu-darmstadt.de/media/mikroelektronische_systeme/pdf_3/ewme2010/proceedings/sessionvi/jeppson_paper.pdf", "url_versions": "http://scholar.google.com/scholar?cluster=6560958198530216917&hl=en&as_sdt=1,5&sciodt=1,5&as_vis=1", "authors": "K Jeppson, L Peterson, L Svensson\u2026 - Proceedings of  \u2026", "excerpt": "Abstract-This presentation reports on the design and implementation of a Master's program in Integrated Electronic System Design at Chalmers University of Technology from the perspectives of CDIO and constructive alignment. CDIO is an innovative educational  ...", "url_pdf": "http://www.mes.tu-darmstadt.de/media/mikroelektronische_systeme/pdf_3/ewme2010/proceedings/sessionvi/jeppson_paper.pdf", "num_citations": 3, "cluster_id": "6560958198530216917", "year": "2010", "url_citations": "http://scholar.google.com/scholar?cites=6560958198530216917&as_sdt=2005&sciodt=1,5&hl=en"}, {"num_versions": 0, "url_citation": null, "title": "Improving lecture effectiveness through training in public speaking", "url": "http://researchrepository.murdoch.edu.au/4547/", "url_versions": null, "authors": "R Mowbray -", "excerpt": "Many tertiary educational institutions are interested in upgrading teaching standards. However this process is especially slow in parts of the world where finances or traditional education systems make the introduction of improved techniques a challenge (Vosper,  ...", "url_pdf": null, "num_citations": 1, "cluster_id": "16720928000867130026", "year": "2010", "url_citations": "http://scholar.google.com/scholar?cites=16720928000867130026&as_sdt=2005&sciodt=1,5&hl=en"}, {"num_versions": 8, "url_citation": null, "title": "An absolutely riveting online course: Nine principles for excellence in web-based teaching", "url": "http://www.cjlt.ca/index.php/cjlt/article/viewArticle/179", "url_versions": "http://scholar.google.com/scholar?cluster=5874977062850765588&hl=en&as_sdt=1,5&sciodt=1,5&as_vis=1", "authors": "J Henry, J Meadows - Canadian Journal of Learning and Technology/La  \u2026", "excerpt": "Abstract This article explores excellence in web-based teaching. Drawing on the views of experts in the field and the perspective of their own years of experience, the authors compiled a list of 9 principles to provide direction in the search for online excellence. The  ...", "url_pdf": null, "num_citations": 37, "cluster_id": "5874977062850765588", "year": "2008", "url_citations": "http://scholar.google.com/scholar?cites=5874977062850765588&as_sdt=2005&sciodt=1,5&hl=en"}, {"num_versions": 6, "url_citation": null, "title": "Learning Why We Buy An Experiential Project for the Consumer Behavior Course", "url": "http://jmd.sagepub.com/content/34/2/140.short", "url_versions": "http://scholar.google.com/scholar?cluster=18253105405236404508&hl=en&as_sdt=1,5&sciodt=1,5&as_vis=1", "authors": "FN Morgan, DB McCabe - Journal of Marketing Education", "excerpt": "Abstract Marketing educators have long recognized the value of engendering students' deep learning of course content via experiential pedagogies. In this article, the authors describe a semester-long, team-based retail audit project that is structured to elicit active student  ...", "url_pdf": null, "num_citations": 9, "cluster_id": "18253105405236404508", "year": "2012", "url_citations": "http://scholar.google.com/scholar?cites=18253105405236404508&as_sdt=2005&sciodt=1,5&hl=en"}, {"num_versions": 2, "url_citation": null, "title": "Toward constructive alignment with portfolio assessment for introductory programming", "url": "http://ieeexplore.ieee.org/xpls/abs_all.jsp?arnumber=6360322", "url_versions": "http://scholar.google.com/scholar?cluster=4606185299134350748&hl=en&as_sdt=1,5&sciodt=1,5&as_vis=1", "authors": "A Cain, CJ Woodward - Teaching, Assessment and Learning  \u2026", "excerpt": "Abstract\u2014Learning to program is widely agreed to be a challenging task for many students. Introductory programming units are typically taken by largely diverse student cohorts, with a range of different learning approaches and prior programming knowledge. With issues  ...", "url_pdf": null, "num_citations": 10, "cluster_id": "4606185299134350748", "year": "2012", "url_citations": "http://scholar.google.com/scholar?cites=4606185299134350748&as_sdt=2005&sciodt=1,5&hl=en"}, {"num_versions": 0, "url_citation": null, "title": "Personality traits and learning approaches: are they influencing the learning process?", "url": "http://reference.sabinet.co.za/sa_epublication_article/newgen_v8_n3_a1", "url_versions": null, "authors": "E Dalton-Brits, M Viljoen - Journal for New Generation  \u2026", "excerpt": "The relationship between the big five personality traits, Extraversion, Agreeableness Neuroticism, Conscientiousness and Openness to Experience and deep and surface approaches to learning forms the basis of this article. The findings of a research study in  ...", "url_pdf": null, "num_citations": 1, "cluster_id": "9160524483556809364", "year": "2010", "url_citations": "http://scholar.google.com/scholar?cites=9160524483556809364&as_sdt=2005&sciodt=1,5&hl=en"}, {"num_versions": 3, "url_citation": null, "title": "Concrete Programing for Problem-Solving Skills", "url": "http://dialnet.unirioja.es/servlet/articulo?codigo=4006889&orden=357991&info=link", "url_versions": "http://scholar.google.com/scholar?cluster=3925350162237647850&hl=en&as_sdt=1,5&sciodt=1,5&as_vis=1", "authors": "V Estivill-Castro - EDULEARN10 Proceedings", "excerpt": "This paper describes a project that proposes a strategy to address the weaknesses in students' abilities for abstract thinking and generic problem-solving skills. We suggest focusing on problem-solving skills outside textual programing by developing settings  ...", "url_pdf": null, "num_citations": 1, "cluster_id": "3925350162237647850", "year": "2010", "url_citations": "http://scholar.google.com/scholar?cites=3925350162237647850&as_sdt=2005&sciodt=1,5&hl=en"}, {"num_versions": 5, "url_citation": null, "title": "Pedagogical changes towards the implementation of the Bologna Process: indicators' structure of measurement", "url": "http://www.tandfonline.com/doi/abs/10.1080/0309877X.2013.778963", "url_versions": "http://scholar.google.com/scholar?cluster=14365537648608349332&hl=en&as_sdt=1,5&sciodt=1,5&as_vis=1", "authors": "AF Ramos, P Afonso, A Cruchinho\u2026 - Journal of Further and \u2026", "excerpt": "The transition into the twenty-first century brought about important changes in society, including the areas of education and teaching. The establishment of the European Higher Education Area represents an effort to face these changes together in Europe. The  ...", "url_pdf": null, "num_citations": 2, "cluster_id": "14365537648608349332", "year": "2015", "url_citations": "http://scholar.google.com/scholar?cites=14365537648608349332&as_sdt=2005&sciodt=1,5&hl=en"}, {"num_versions": 6, "url_citation": null, "title": "Aligning clinical assessment with course elements in prosthodontic dentistry: a South African case", "url": "http://www.jdentaled.org/content/77/9/1129.short", "url_versions": "http://scholar.google.com/scholar?cluster=1713749681155231242&hl=en&as_sdt=1,5&sciodt=1,5&as_vis=1", "authors": "RD Maart, EM Bitzer - Journal of dental education", "excerpt": "Abstract Clinical tests were introduced as an additional clinical assessment tool in the prosthodontics curriculum of the fourth-year undergraduate dentistry program at one South African university. This study compared the relationship between the students'  ...", "url_pdf": null, "num_citations": 1, "cluster_id": "1713749681155231242", "year": "2013", "url_citations": "http://scholar.google.com/scholar?cites=1713749681155231242&as_sdt=2005&sciodt=1,5&hl=en"}, {"num_versions": 5, "url_citation": null, "title": "Go and see and touch and feel-an introductory case study for civil engineering students", "url": "http://search.informit.com.au/documentSummary;dn=522370644647523;res=IELENG", "url_versions": "http://scholar.google.com/scholar?cluster=10403002566227827971&hl=en&as_sdt=1,5&sciodt=1,5&as_vis=1", "authors": "A Gardner, B Jacobs -", "excerpt": "Civil engineering students often have difficulties visualising abstract theoretical concepts in early stages of their education in structures. Over the last few years we have developed a structural experience for our students that helps to make these abstract concepts concrete.  ...", "url_pdf": null, "num_citations": 2, "cluster_id": "10403002566227827971", "year": "2005", "url_citations": "http://scholar.google.com/scholar?cites=10403002566227827971&as_sdt=2005&sciodt=1,5&hl=en"}, {"num_versions": 6, "url_citation": null, "title": "Students as learners through the eyes of their teachers in Rwandan higher education", "url": "http://www.tandfonline.com/doi/abs/10.1080/02601370.2012.689377", "url_versions": "http://scholar.google.com/scholar?cluster=1975262511670151021&hl=en&as_sdt=1,5&sciodt=1,5&as_vis=1", "authors": "PM Bamwesiga, LO Dahlgren\u2026 - International Journal of  \u2026", "excerpt": "In this study, we aim to explore and thematically analyze higher education teachers' notions about the most important problems related to students' learning, including the teachers' notions about the approaches to learning adopted by students. The study was carried out  ...", "url_pdf": null, "num_citations": 3, "cluster_id": "1975262511670151021", "year": "2012", "url_citations": "http://scholar.google.com/scholar?cites=1975262511670151021&as_sdt=2005&sciodt=1,5&hl=en"}, {"num_versions": 0, "url_citation": null, "title": "Thinking styles, motivational orientations, and academic achievement in learning physics among Hong Kong secondary school students", "url": "http://hub.hku.hk/handle/10722/208076", "url_versions": null, "authors": "C Lau\uff0c \u5289\u667a\u8c6a -", "excerpt": "The purpose of this research was to investigate the nature of thinking styles as it relates to style value and style malleability through examining the relationships between thinking styles, motivational orientations, and academic achievement in learning physics among  ...", "url_pdf": null, "num_citations": 1, "cluster_id": "7522045683276150005", "year": "2014", "url_citations": "http://scholar.google.com/scholar?cites=7522045683276150005&as_sdt=2005&sciodt=1,5&hl=en"}, {"num_versions": 9, "url_citation": null, "title": "Benchmarking introductory accounting curricula: Experience from Australia", "url": "http://www.tandfonline.com/doi/abs/10.1080/09639280903254959", "url_versions": "http://scholar.google.com/scholar?cluster=10293487980717738611&hl=en&as_sdt=1,5&sciodt=1,5&as_vis=1", "authors": "C Palm, J Bisman - Accounting Education: an international journal", "excerpt": "Within the context of debate about the state of accounting education in general, introductory accounting subjects have been the target of considerable criticism, particularly in terms of narrow content, technical focus, use of transmissive models of teaching, and inattention to  ...", "url_pdf": null, "num_citations": 12, "cluster_id": "10293487980717738611", "year": "2010", "url_citations": "http://scholar.google.com/scholar?cites=10293487980717738611&as_sdt=2005&sciodt=1,5&hl=en"}, {"num_versions": 3, "url_citation": null, "title": "Quality assurance alignment", "url": "http://scholar.google.com/https://fenix.tecnico.ulisboa.pt/downloadFile/3779574463184/Ib.5_-_Lourtie.pdf", "url_versions": "http://scholar.google.com/scholar?cluster=17573495711458968088&hl=en&as_sdt=1,5&sciodt=1,5&as_vis=1", "authors": "P Lourtie - \u2026  F\u00f3rum, Copenhagen Consultado em[Mar\u00e7o", "excerpt": "Abstract: Constructive alignment has been put forward by John Biggs in the realm of teaching and learning. The main concept is that learning outcomes, teaching and learning activities and student assessment have to be aligned to be effective. The main argument is  ...", "url_pdf": "http://scholar.google.com/https://fenix.tecnico.ulisboa.pt/downloadFile/3779574463184/Ib.5_-_Lourtie.pdf", "num_citations": 3, "cluster_id": "17573495711458968088", "year": "2010", "url_citations": "http://scholar.google.com/scholar?cites=17573495711458968088&as_sdt=2005&sciodt=1,5&hl=en"}, {"num_versions": 2, "url_citation": null, "title": "The impact of industrial sponsorship on students, academia and industry", "url": "http://scholar.google.com/https://dspace.lboro.ac.uk/dspace/handle/2134/6334", "url_versions": "http://scholar.google.com/scholar?cluster=11742841763139953054&hl=en&as_sdt=1,5&sciodt=1,5&as_vis=1", "authors": "F Soltani-Tafreshi -", "excerpt": "This thesis reports a research study to measure the impact of industrial sponsorship on student, academia, and industry. The thesis provides a review of the literature in the field of engineering education, university-industry collaboration and student sponsorship. It  ...", "url_pdf": null, "num_citations": 2, "cluster_id": "11742841763139953054", "year": "2010", "url_citations": "http://scholar.google.com/scholar?cites=11742841763139953054&as_sdt=2005&sciodt=1,5&hl=en"}, {"num_versions": 2, "url_citation": null, "title": "The Effectiveness of Aural Instructions with Visualisations in E-Learning Environments", "url": "http://etheses.dur.ac.uk/3201/", "url_versions": "http://scholar.google.com/scholar?cluster=15935879255836835663&hl=en&as_sdt=1,5&sciodt=1,5&as_vis=1", "authors": "F ALHOSBAN, M HAMAD -", "excerpt": "Based on Mayer's (2001) model for more effective learning by exploiting the brain's dual sensory channels for information processing, this research investigates the effectiveness of using aural instructions together with visualisation in teaching the difficult concepts of data  ...", "url_pdf": null, "num_citations": 2, "cluster_id": "15935879255836835663", "year": "2011", "url_citations": "http://scholar.google.com/scholar?cites=15935879255836835663&as_sdt=2005&sciodt=1,5&hl=en"}, {"num_versions": 2, "url_citation": null, "title": "A framework to bring engineering students' work-based experiences into their education", "url": "http://scholar.google.com/https://www.infona.pl/resource/bwmeta1.element.ieee-art-000004602557", "url_versions": "http://scholar.google.com/scholar?cluster=11382712782137170686&hl=en&as_sdt=1,5&sciodt=1,5&as_vis=1", "authors": "T Esendal, S Rogerson -", "excerpt": "A novel learning framework is presented. The framework enables final-year students to capture their workplace experiences and share them with their peers. Based on the success of the initial pilot run on software engineers, the framework is introduced to electrical and  ...", "url_pdf": null, "num_citations": 1, "cluster_id": "11382712782137170686", "year": "2008", "url_citations": "http://scholar.google.com/scholar?cites=11382712782137170686&as_sdt=2005&sciodt=1,5&hl=en"}]