[{"num_versions": 3, "url_citation": null, "title": "\u7f51\u7edc\u6df1\u5c42\u5b66\u4e60\u7684\u53d1\u5c55\u7814\u7a76", "url": "http://www.cqvip.com/qk/96910x/201402/48674776.html", "url_versions": "http://scholar.google.com/scholar?cluster=3121959589395244261&hl=en&as_sdt=1,5&sciodt=1,5&as_vis=1", "authors": "\u5218\u5b87\uff0c \u90b1\u6167\u654f - \u6210\u4eba\u6559\u80b2", "excerpt": "\u5927\u5b66\u751f\u53ca\u6210\u4eba\u7f51\u7edc\u5b66\u4e60\u5904\u4e8e\u6d45\u5c42\u5b66\u4e60, \u4ed6\u4eec\u7684\u7f51\u7edc\u6df1\u5c42\u5b66\u4e60\u80fd\u529b\u6709\u5f85\u63d0\u9ad8. \u6587\u7ae0\u9996\u5148\u7b80\u8981\u7ed9\u51fa\u4e86\u6df1\u5c42\u5b66\u4e60\u7684\u4e00\u822c\u8fc7\u7a0b; \u7ed3\u5408\u56fd\u5185\u5916\u9ad8\u6821\u7684\u79d1\u7814\u9879\u76ee\u548c\u6280\u672f\u5de5\u5177\u7684\u5f00\u53d1\u60c5\u51b5, \u4ecb\u7ecd\u4e86\u7f51\u7edc\u73af\u5883\u4e0b\u6df1\u5c42\u5b66\u4e60\u7684\u7814\u7a76\u8fdb\u5c55\u53ca\u6280\u672f\u73b0\u72b6; \u501f\u9274MOOC (\u5927\u89c4\u6a21\u7f51\u7edc\u5f00\u653e\u8bfe\u7a0b) \u7b49 ...", "url_pdf": null, "num_citations": 0, "cluster_id": null, "year": "2014", "url_citations": null}, {"num_versions": 11, "url_citation": null, "title": "Motivation, learning strategies, participation and medical school performance", "url": "http://onlinelibrary.wiley.com/doi/10.1111/j.1365-2923.2012.04284.x/full", "url_versions": "http://scholar.google.com/scholar?cluster=14809848580172279857&hl=en&as_sdt=1,5&sciodt=1,5&as_vis=1", "authors": "KM Stegers\u2010Jager, J Cohen\u2010Schotanus\u2026 - Medical  \u2026", "excerpt": "Objectives This study aimed to test and cross-validate a hypothesised model of relationships among motivational beliefs (value and self-efficacy), learning strategies (deep learning and resource management), participation (lecture attendance, skills training attendance and  ...", "url_pdf": null, "num_citations": 38, "cluster_id": "14809848580172279857", "year": "2012", "url_citations": "http://scholar.google.com/scholar?cites=14809848580172279857&as_sdt=2005&sciodt=1,5&hl=en"}]