[{"num_versions": 6, "url_citation": null, "title": "Active Learning Methods\u2014An Analysis of Applications and Experiences in Brazilian Accounting Teaching", "url": "http://file.scirp.org/Html/41425.html", "url_versions": "http://scholar.google.com/scholar?cluster=13780594179799062820&hl=en&as_sdt=1,5&sciodt=1,5&as_vis=1", "authors": "AMP de Araujo, VG Slomski - Creative Education", "excerpt": "In the cognitive form in which they develop their learning, human beings are submitted to a series of interfering factors for the process to happen. One of these factors is the way they absorb, learn and store knowledge. Constant questions on the teaching and learning  ...", "url_pdf": null, "num_citations": 0, "cluster_id": null, "year": "2013", "url_citations": null}, {"num_versions": 2, "url_citation": null, "title": "Aligning Assessment with Learning and Teaching", "url": "http://link.springer.com/chapter/10.1007/978-1-4020-6226-1_3", "url_versions": "http://scholar.google.com/scholar?cluster=338146566912704950&hl=en&as_sdt=1,5&sciodt=1,5&as_vis=1", "authors": "J Moody, R Cowdroy, A Williams, N Muldoon\u2026 - \u2026  Teaching and Learning  \u2026", "excerpt": "This paper presents some questionnaire and interview findings of a teaching learning development project titled\" Enhancing Teaching and Learning through Assessment\". The results revealed teachers' and students' different perceptions towards assessment, and  ...", "url_pdf": null, "num_citations": 4, "cluster_id": "338146566912704950", "year": "2007", "url_citations": "http://scholar.google.com/scholar?cites=338146566912704950&as_sdt=2005&sciodt=1,5&hl=en"}, {"num_versions": 6, "url_citation": null, "title": "Impact of a flexible evaluation system on effort and timing of study", "url": "http://www.tandfonline.com/doi/abs/10.1080/09639284.2011.635851", "url_versions": "http://scholar.google.com/scholar?cluster=13993824950822254901&hl=en&as_sdt=1,5&sciodt=1,5&as_vis=1", "authors": "P Pacharn, D Bay, S Felton - Accounting Education", "excerpt": "This paper examines results of a flexible grading system that allows each student to influence the weight allocated to each performance measure. We construct a stylized model to determine students' optimal responses. Our analytical model predicts different optimal  ...", "url_pdf": null, "num_citations": 4, "cluster_id": "13993824950822254901", "year": "2012", "url_citations": "http://scholar.google.com/scholar?cites=13993824950822254901&as_sdt=2005&sciodt=1,5&hl=en"}, {"num_versions": 0, "url_citation": null, "title": "ENGAGEMENT WITH ACTIVE LEARNING: REFLECTIONS ON THE EXPERIENCES OF IRISH ACCOUNTING STUDENTS.", "url": "http://search.ebscohost.com/login.aspx?direct=true&profile=ehost&scope=site&authtype=crawler&jrnl=07919638&AN=35493398&h=Ow4jB%2BmPte81KNM76cVXryvvRMMc7RyC6nQiaTPkyjRMxeNGa1PSC5nsvP8e4n0N7H60h5qCQkOV8KMJ0RR%2F0Q%3D%3D&crl=c", "url_versions": null, "authors": "M Healy, M McCutcheon - Irish Accounting Review", "excerpt": "Abstract Accounting students have been characterised as being in the main extrinsically motivated, introverted surface learners, who may fail to achieve higher learning outcomes and are reluctant to engage in active learning. Using a phenomenological approach, this  ...", "url_pdf": null, "num_citations": 12, "cluster_id": "13281841228147004479", "year": "2008", "url_citations": "http://scholar.google.com/scholar?cites=13281841228147004479&as_sdt=2005&sciodt=1,5&hl=en"}, {"num_versions": 6, "url_citation": null, "title": "The Impact of a Flexible Assessment System on Students' Motivation, Performance and Attitude", "url": "http://www.tandfonline.com/doi/abs/10.1080/09639284.2013.765292", "url_versions": "http://scholar.google.com/scholar?cluster=6653712203375116494&hl=en&as_sdt=1,5&sciodt=1,5&as_vis=1", "authors": "P Pacharn, D Bay, S Felton - Accounting Education", "excerpt": "We examine a flexible assessment system that allows students to determine the weights allocated to each course component and to re-allocate the weights in response to achieved scores. The flexibility is intended to encourage students' participation in the learning  ...", "url_pdf": null, "num_citations": 2, "cluster_id": "6653712203375116494", "year": "2013", "url_citations": "http://scholar.google.com/scholar?cites=6653712203375116494&as_sdt=2005&sciodt=1,5&hl=en"}, {"num_versions": 5, "url_citation": null, "title": "Assessment and intrinsic motivation", "url": "http://papers.ssrn.com/sol3/papers.cfm?abstract_id=1912132", "url_versions": "http://scholar.google.com/scholar?cluster=8470695013588615310&hl=en&as_sdt=1,5&sciodt=1,5&as_vis=1", "authors": "M Turner, RF Baskerville - Available at SSRN 1912132", "excerpt": "Page 1. Electronic copy available at: http://ssrn.com/abstract=1912132 1 Assessment andIntrinsic Motivation Martin Turner, Senior Lecturer, CQUniversity, Rockhampton, Queensland,4702, Australia; m.turner@cqu.edu.au Rachel Baskerville, ...", "url_pdf": null, "num_citations": 2, "cluster_id": "8470695013588615310", "year": "2011", "url_citations": "http://scholar.google.com/scholar?cites=8470695013588615310&as_sdt=2005&sciodt=1,5&hl=en"}, {"num_versions": 7, "url_citation": null, "title": "An analysis of accounting education research in accounting education: an international journal\u20131992\u20132001", "url": "http://www.tandfonline.com/doi/abs/10.1080/0963928042000207396", "url_versions": "http://scholar.google.com/scholar?cluster=17515787950830188670&hl=en&as_sdt=1,5&sciodt=1,5&as_vis=1", "authors": "C Paisey, NJ Paisey - Accounting Education", "excerpt": "This paper reviews the research papers contained within the first ten volumes of Accounting Education: an international journal since its launch in 1992, identifying both areas that have been well covered and those that present opportunities for further research. The paper  ...", "url_pdf": null, "num_citations": 34, "cluster_id": "17515787950830188670", "year": "2004", "url_citations": "http://scholar.google.com/scholar?cites=17515787950830188670&as_sdt=2005&sciodt=1,5&hl=en"}, {"num_versions": 2, "url_citation": null, "title": "An approach to course design for introductory financial accounting", "url": "http://aejournal.com/ojs/index.php/aej/article/view/169", "url_versions": "http://scholar.google.com/scholar?cluster=3921591693967021544&hl=en&as_sdt=1,5&sciodt=1,5&as_vis=1", "authors": "R Baker - The Accounting Educators' Journal", "excerpt": "Abstract Accounting education has been criticized for many years for being out of date, promoting superficial learning and not developing broader skills required by today's university graduates. Additionally, university education in general has increasingly been  ...", "url_pdf": null, "num_citations": 1, "cluster_id": "3921591693967021544", "year": "2011", "url_citations": "http://scholar.google.com/scholar?cites=3921591693967021544&as_sdt=2005&sciodt=1,5&hl=en"}, {"num_versions": 6, "url_citation": null, "title": "Student Views on Assessment Activities: Perspectives from their Experience on an Undergraduate Programme", "url": "http://www.tandfonline.com/doi/abs/10.1080/09639284.2014.949802", "url_versions": "http://scholar.google.com/scholar?cluster=6057429275938298999&hl=en&as_sdt=1,5&sciodt=1,5&as_vis=1", "authors": "M Healy, M McCutcheon, J Doran - Accounting Education", "excerpt": "Abstract Research on assessment activities has considered student responses to specific initiatives, but broader concerns underlying these responses have not been fully explored. Using a survey methodology, this paper explores how students view assessment activities ...", "url_pdf": null, "num_citations": 1, "cluster_id": "6057429275938298999", "year": "2014", "url_citations": "http://scholar.google.com/scholar?cites=6057429275938298999&as_sdt=2005&sciodt=1,5&hl=en"}, {"num_versions": 6, "url_citation": null, "title": "Formative Feedback through Summative Tutorial-based Assessments: The Relationship to Student Performance", "url": "http://www.tandfonline.com/doi/abs/10.1080/09639284.2014.947093", "url_versions": "http://scholar.google.com/scholar?cluster=6779035629494129032&hl=en&as_sdt=1,5&sciodt=1,5&as_vis=1", "authors": "L Perera, H Nguyen, K Watty - Accounting Education", "excerpt": "Abstract This paper investigates the effectiveness (measured using assignment and examination performance) of an assessment design incorporating formative feedback through summative tutorial-based assessments to improve student performance, in a  ...", "url_pdf": null, "num_citations": 2, "cluster_id": "6779035629494129032", "year": "2014", "url_citations": "http://scholar.google.com/scholar?cites=6779035629494129032&as_sdt=2005&sciodt=1,5&hl=en"}, {"num_versions": 0, "url_citation": null, "title": "The first course in accounting", "url": "http://scholar.google.com/https://books.google.com/books?hl=en&lr=&id=kC1zAwAAQBAJ&oi=fnd&pg=PA235&ots=AEf-PQOqKe&sig=MduwEd8qpV3ouAzhGCo1QctM_XA", "url_versions": null, "authors": "D Wygal - The Routledge companion to accounting education,  \u2026", "excerpt": "Abstract The 'first course'has been designed and defined in a variety of ways to meet programme and stakeholders' needs worldwide. In this chapter many viewpoints on the roles played and to be played by the first course in accounting are explored. The first  ...", "url_pdf": null, "num_citations": 1, "cluster_id": "16280256472016692965", "year": "2014", "url_citations": "http://scholar.google.com/scholar?cites=16280256472016692965&as_sdt=2005&sciodt=1,5&hl=en"}, {"num_versions": 2, "url_citation": null, "title": "Student Perceptions of Learning Technologies in Introductory Accounting Courses", "url": "http://www.aejournal.com/ojs/index.php/aej/article/view/266", "url_versions": "http://scholar.google.com/scholar?cluster=15758362250316316323&hl=en&as_sdt=1,5&sciodt=1,5&as_vis=1", "authors": "L Carty, R Baker - The Accounting Educators' Journal", "excerpt": "Abstract The past two decades have seen a dramatic increase in the development and use of various classroom technologies purported to enhance student learning. Accompanying this has been a large volume of studies aimed at assessing its effectiveness in classrooms  ...", "url_pdf": null, "num_citations": 1, "cluster_id": "15758362250316316323", "year": "2015", "url_citations": "http://scholar.google.com/scholar?cites=15758362250316316323&as_sdt=2005&sciodt=1,5&hl=en"}, {"num_versions": 6, "url_citation": null, "title": "Designing and implementing a comprehensive assessment plan for a graduate accounting programme", "url": "http://www.tandfonline.com/doi/abs/10.1080/06939280500346045", "url_versions": "http://scholar.google.com/scholar?cluster=9449746545755650722&hl=en&as_sdt=1,5&sciodt=1,5&as_vis=1", "authors": "DE Stout, JP Borden, M German\u2026 - \u2026 : an international journal", "excerpt": "Abstract Accounting programmes are being challenged (eg Albrecht and Sack, 2000) to make accounting curricula more relevant and to present assessment data regarding the efficacy of course and curricular offerings. In addition, assessment is embedded in current  ...", "url_pdf": null, "num_citations": 12, "cluster_id": "9449746545755650722", "year": "2005", "url_citations": "http://scholar.google.com/scholar?cites=9449746545755650722&as_sdt=2005&sciodt=1,5&hl=en"}, {"num_versions": 9, "url_citation": null, "title": "Developing research awareness in students: an action research project explored", "url": "http://www.tandfonline.com/doi/abs/10.1080/0963928032000138295", "url_versions": "http://scholar.google.com/scholar?cluster=15049340633696365865&hl=en&as_sdt=1,5&sciodt=1,5&as_vis=1", "authors": "C Paisey, NJ Paisey - Accounting Education", "excerpt": "This paper examines a change designed to effect improvement in an honours level management accounting module using action research methodology. First, the appropriateness of action research to the research in question is discussed. Secondly, the  ...", "url_pdf": null, "num_citations": 17, "cluster_id": "15049340633696365865", "year": "2003", "url_citations": "http://scholar.google.com/scholar?cites=15049340633696365865&as_sdt=2005&sciodt=1,5&hl=en"}, {"num_versions": 3, "url_citation": null, "title": "Formative and summative assessment and the notion of constructive alignment", "url": "http://scholar.google.com/https://books.google.com/books?hl=en&lr=&id=XlmQO-du5OgC&oi=fnd&pg=PA98&ots=QrAsI8GUxC&sig=M7vVa52iCpbOzdLcouxmPxRtSV4", "url_versions": "http://scholar.google.com/scholar?cluster=15075608073292714068&hl=en&as_sdt=1,5&sciodt=1,5&as_vis=1", "authors": "N Muldoon, C Lee - Enhancing Teaching and Learning Through  \u2026", "excerpt": "The literature suggests that students have varying expectations in tutorial sessions and their active participation is often challenging for academic teachers. Many academics resort to giving marks for attendance to motivate students to attend classes, but unfortunately, this  ...", "url_pdf": null, "num_citations": 1, "cluster_id": "15075608073292714068", "year": "2007", "url_citations": "http://scholar.google.com/scholar?cites=15075608073292714068&as_sdt=2005&sciodt=1,5&hl=en"}, {"num_versions": 0, "url_citation": null, "title": "A Proposal for Teaching Introductory and Intermediate Accounting in an Environment of International Financial Reporting Standards and Generally Accepted  \u2026", "url": "http://onlinelibrary.wiley.com/doi/10.1111/j.1911-3838.2010.00002.x/full", "url_versions": null, "authors": "F Pries, R Baker - Accounting Perspectives", "excerpt": "R\u00e9sum\u00e9 L'enseignement de la comptabilit\u00e9 g\u00e9n\u00e9rale \u00e9l\u00e9mentaire et interm\u00e9diaire dans le contexte des IFRS et des PCGR pour les entreprises \u00e0 capital ferm\u00e9 est probl\u00e9matique pour les professeurs des universit\u00e9s et des coll\u00e8ges canadiens. Les auteurs exposent  ...", "url_pdf": null, "num_citations": 4, "cluster_id": "2552295505066124325", "year": "2010", "url_citations": "http://scholar.google.com/scholar?cites=2552295505066124325&as_sdt=2005&sciodt=1,5&hl=en"}, {"num_versions": 4, "url_citation": null, "title": "Improving accounting education through the use of action research", "url": "http://www.sciencedirect.com/science/article/pii/S0748575104000521", "url_versions": "http://scholar.google.com/scholar?cluster=7222969050080679671&hl=en&as_sdt=1,5&sciodt=1,5&as_vis=1", "authors": "C Paisey, NJ Paisey - Journal of Accounting Education", "excerpt": "Action research is a systematic investigative research method that educators can use to improve aspects of their educational practice. Originally adopted in school situations, action research is becoming increasingly used within higher education. First, the paper explains  ...", "url_pdf": null, "num_citations": 33, "cluster_id": "7222969050080679671", "year": "2005", "url_citations": "http://scholar.google.com/scholar?cites=7222969050080679671&as_sdt=2005&sciodt=1,5&hl=en"}, {"num_versions": 5, "url_citation": null, "title": "Curriculum development research: a literature guide", "url": "http://www.tandfonline.com/doi/pdf/10.1080/09639280210122348", "url_versions": "http://scholar.google.com/scholar?cluster=5503827394305602017&hl=en&as_sdt=1,5&sciodt=1,5&as_vis=1", "authors": "HCH Iii, BJ Bryan - Accounting Education", "excerpt": "Academic accountants do not appear to have been the fi rst to recognize that information production and dissemination has become much less important in the hierarchy of competencies that accounting graduates should possess. As technology revolutionized  ...", "url_pdf": null, "num_citations": 10, "cluster_id": "5503827394305602017", "year": "2001", "url_citations": "http://scholar.google.com/scholar?cites=5503827394305602017&as_sdt=2005&sciodt=1,5&hl=en"}, {"num_versions": 2, "url_citation": null, "title": "The Future of Accounting as a Subject in a Business School: A literature Review", "url": "http://search.proquest.com/openview/1f57bcf870bf8e789517e82267918432/1?pq-origsite=gscholar", "url_versions": "http://scholar.google.com/scholar?cluster=6912993630095044779&hl=en&as_sdt=1,5&sciodt=1,5&as_vis=1", "authors": "MSM Salem - The Journal of Human Resource and Adult  \u2026", "excerpt": "Abstract For the past four decades we have witnessed accounting as the mastermind behind nearly all business decisions-national and international. In fact, accounting is a business where most of the time is spent in face-to-face communications exploring business  ...", "url_pdf": null, "num_citations": 2, "cluster_id": "6912993630095044779", "year": "2013", "url_citations": "http://scholar.google.com/scholar?cites=6912993630095044779&as_sdt=2005&sciodt=1,5&hl=en"}, {"num_versions": 0, "url_citation": null, "title": "Assessing Learning Outcomes Beyond Knowledge Attainment.", "url": "http://search.ebscohost.com/login.aspx?direct=true&profile=ehost&scope=site&authtype=crawler&jrnl=19450915&AN=78390454&h=8XbKt%2FWF1PFJ4Q1JwiPVR6aQAnvkdwlv1pAhxzo42p92SawEtOYv1XYnXhUgcqhQoGD6UeLP0X76AtmwIe%2BcnQ%3D%3D&crl=c", "url_versions": null, "authors": "L Revere, P Decker, R Hill - Business Education Innovation  \u2026", "excerpt": "Abstract Both accrediting bodies and employers are challenging schools of business to improve content relevancy and become more accountable to market needs. Because teaching typically follows assessment, designing a competency model based on  ...", "url_pdf": null, "num_citations": 5, "cluster_id": "9426105464177219391", "year": "2012", "url_citations": "http://scholar.google.com/scholar?cites=9426105464177219391&as_sdt=2005&sciodt=1,5&hl=en"}, {"num_versions": 14, "url_citation": null, "title": "Pastoral support to undergraduates in higher education", "url": "http://www.islamicstudiesnetwork.ac.uk/assets/bmaf/documents/publications/IJME/Vol8no1/IJME8No1Paper3.pdf", "url_versions": "http://scholar.google.com/scholar?cluster=14851429738754645086&hl=en&as_sdt=1,5&sciodt=1,5&as_vis=1", "authors": "S McChlery, J Wilkie - International Journal of  \u2026", "excerpt": "Abstract Academic failure creates financial and emotional problems for students, and is being prioritised for scrutiny by educational funding bodies and institutions. Pastoral support to \u201cat-risk\u201d students moots both the defining of those students under threat and  ...", "url_pdf": "http://www.islamicstudiesnetwork.ac.uk/assets/bmaf/documents/publications/IJME/Vol8no1/IJME8No1Paper3.pdf", "num_citations": 12, "cluster_id": "14851429738754645086", "year": "2009", "url_citations": "http://scholar.google.com/scholar?cites=14851429738754645086&as_sdt=2005&sciodt=1,5&hl=en"}]