[{"num_versions": 4, "url_citation": null, "title": "Relationship-based social work: Getting to the heart of practice", "url": "http://scholar.google.com/https://books.google.com/books?hl=en&lr=&id=hk4SBQAAQBAJ&oi=fnd&pg=PP1&ots=BFhW6NcxX8&sig=qDLc9ygNPo72sLk42jUA2kySUTc", "url_versions": "http://scholar.google.com/scholar?cluster=7184570276888647649&hl=en&as_sdt=1,5&sciodt=1,5&as_vis=1", "authors": "G Ruch, D Turney, A Ward -", "excerpt": "Relationship-based practice is founded on the idea that human relationships are of paramount importance and should be at the heart of all good social work practice. This book provides a thorough guide to relationship-based practice in social work, communicating  ...", "url_pdf": null, "num_citations": 110, "cluster_id": "7184570276888647649", "year": "2010", "url_citations": "http://scholar.google.com/scholar?cites=7184570276888647649&as_sdt=2005&sciodt=1,5&hl=en"}, {"num_versions": 2, "url_citation": null, "title": "Enhancing critical reflection and writing skills in the HBSE classroom and beyond", "url": "http://www.tandfonline.com/doi/abs/10.1080/08841233.2012.722183", "url_versions": "http://scholar.google.com/scholar?cluster=15234181023020977142&hl=en&as_sdt=1,5&sciodt=1,5&as_vis=1", "authors": "DR Wiener - Journal of Teaching in Social Work", "excerpt": "Human Behavior in the Social Environment (HBSE) is an ideal location in which graduate social work students can enhance their critical reflection and writing skills while integrating social work theories with practice, research, and policy. A writing-intensive, learner- ...", "url_pdf": null, "num_citations": 4, "cluster_id": "15234181023020977142", "year": "2012", "url_citations": "http://scholar.google.com/scholar?cites=15234181023020977142&as_sdt=2005&sciodt=1,5&hl=en"}, {"num_versions": 6, "url_citation": null, "title": "Collaboration at a distance: Using a wiki to create a collaborative learning environment for distance education and on-campus students in a social work course", "url": "http://www.tandfonline.com/doi/abs/10.1080/08841231003705396", "url_versions": "http://scholar.google.com/scholar?cluster=206599050307681028&hl=en&as_sdt=1,5&sciodt=1,5&as_vis=1", "authors": "P Jones - Journal of Teaching in Social Work", "excerpt": "Continuing moves towards more flexible approaches to the provision of higher education have been reflected in the increased provision of social work education through distance learning and the related increase in the use of online technologies for social work  ...", "url_pdf": null, "num_citations": 28, "cluster_id": "206599050307681028", "year": "2010", "url_citations": "http://scholar.google.com/scholar?cites=206599050307681028&as_sdt=2005&sciodt=1,5&hl=en"}, {"num_versions": 0, "url_citation": null, "title": "Interprofessional education for practice: Some implications for Australian social work", "url": "http://www.tandfonline.com/doi/abs/10.1080/03124070903060059", "url_versions": null, "authors": "R Pockett - Australian Social Work", "excerpt": "Abstract Social workers work with many other professionals in the workplace and being able to work in a team is both a practice standard for professions and a desirable graduate attribute of most universities. However, student learning about teamwork is often  ...", "url_pdf": null, "num_citations": 8, "cluster_id": "760581042549446580", "year": "2010", "url_citations": "http://scholar.google.com/scholar?cites=760581042549446580&as_sdt=2005&sciodt=1,5&hl=en"}, {"num_versions": 2, "url_citation": null, "title": "Taking active steps towards the competent use of self in social work", "url": "http://search.informit.com.au/documentSummary;dn=697266973467978;res=IELHSS", "url_versions": "http://scholar.google.com/scholar?cluster=3389856854704396581&hl=en&as_sdt=1,5&sciodt=1,5&as_vis=1", "authors": "SA Chinnery, L Beddoe -", "excerpt": "Good preparation for reflective practice is a challenge for social work educators. Opportunities for facilitated reflection in the placement are often compromised due to field educator focus on'doing'in the practice context. Equipping students with a tangible set of  ...", "url_pdf": null, "num_citations": 7, "cluster_id": "3389856854704396581", "year": "2011", "url_citations": "http://scholar.google.com/scholar?cites=3389856854704396581&as_sdt=2005&sciodt=1,5&hl=en"}, {"num_versions": 0, "url_citation": null, "title": "Investigating Learning Approaches of Confucian Heritage Culture Students and Teachers' Perspectives in Hong Kong", "url": "http://www.tandfonline.com/doi/abs/10.1080/15313220.2014.872903", "url_versions": null, "authors": "P Penfold, R van der Veen - Journal of Teaching in Travel &  \u2026", "excerpt": "The study presents a comparison between the learning approaches of first and final year students, supplemented with the teachers' perspective at a university in Hong Kong. The study examines the learning approaches of Confucian heritage culture students and the  ...", "url_pdf": null, "num_citations": 1, "cluster_id": "9300460786204714251", "year": "2014", "url_citations": "http://scholar.google.com/scholar?cites=9300460786204714251&as_sdt=2005&sciodt=1,5&hl=en"}, {"num_versions": 5, "url_citation": null, "title": "Best practice in professional supervision: A guide for the helping professions", "url": "http://scholar.google.com/https://books.google.com/books?hl=en&lr=&id=cDJ3jC6ipdgC&oi=fnd&pg=PP1&ots=sKgu3PTBwr&sig=h7yd6lM_lByg4Tq8AL8RSkhwkQw", "url_versions": "http://scholar.google.com/scholar?cluster=14291522098408951876&hl=en&as_sdt=1,5&sciodt=1,5&as_vis=1", "authors": "A Davys, L Beddoe -", "excerpt": "Best Practice in Professional Supervision is an authoritative guide to being an excellent supervisor, covering the role, functions and dispositions involved. The authors consider basic skills, the practicalities of forming and maintaining the supervision relationship, and  ...", "url_pdf": null, "num_citations": 79, "cluster_id": "14291522098408951876", "year": "2010", "url_citations": "http://scholar.google.com/scholar?cites=14291522098408951876&as_sdt=2005&sciodt=1,5&hl=en"}, {"num_versions": 7, "url_citation": null, "title": "Transforming teaching and learning in South Africa: first year in the bachelor of social work", "url": "http://www.tandfonline.com/doi/abs/10.1080/02615479.2012.678827", "url_versions": "http://scholar.google.com/scholar?cluster=18392666954099467076&hl=en&as_sdt=1,5&sciodt=1,5&as_vis=1", "authors": "KJ Collins - Social Work Education", "excerpt": "The South African qualification for social work was transformed in 2003, along with other transforming post-apartheid policies and practices since the first democratic government was elected in 1994. The educational collective was committed to outcomes-based  ...", "url_pdf": null, "num_citations": 1, "cluster_id": "18392666954099467076", "year": "2013", "url_citations": "http://scholar.google.com/scholar?cites=18392666954099467076&as_sdt=2005&sciodt=1,5&hl=en"}, {"num_versions": 2, "url_citation": null, "title": "Blending voices: Autoethnography as a vehicle for critical reflection in social work", "url": "http://www.tandfonline.com/doi/abs/10.1080/08841233.2010.515911", "url_versions": "http://scholar.google.com/scholar?cluster=8882909448774327226&hl=en&as_sdt=1,5&sciodt=1,5&as_vis=1", "authors": "S Jensen-Hart, DJ Williams - Journal of Teaching in Social Work", "excerpt": "Critical reflection is important to vital process issues within social work practice; thus, it warrants attention in teaching and supervisory contexts. Autoethnography is a newer qualitative research methodology that uses the experiences of the author/researcher to  ...", "url_pdf": null, "num_citations": 16, "cluster_id": "8882909448774327226", "year": "2010", "url_citations": "http://scholar.google.com/scholar?cites=8882909448774327226&as_sdt=2005&sciodt=1,5&hl=en"}, {"num_versions": 7, "url_citation": null, "title": "Service learning: Opportunities for deep learning in fashion design and merchandising education", "url": "http://ijb.cgpublisher.com/product/pub.30/prod.2285", "url_versions": "http://scholar.google.com/scholar?cluster=11808349138143397467&hl=en&as_sdt=1,5&sciodt=1,5&as_vis=1", "authors": "K Videtic - International Journal of Learning", "excerpt": "Service Learning is the new buzz word on college campuses today, and many programs lack strategic course design nor build in a reflection component to ensure or at least attempt to engineer \u201cdeep learning\u201d for their participants. The creation of service learning  ...", "url_pdf": null, "num_citations": 4, "cluster_id": "11808349138143397467", "year": "2009", "url_citations": "http://scholar.google.com/scholar?cites=11808349138143397467&as_sdt=2005&sciodt=1,5&hl=en"}, {"num_versions": 0, "url_citation": null, "title": "Developing worker competence", "url": "http://scholar.google.com/https://books.google.com/books?hl=en&lr=&id=JdgCsALTu9wC&oi=fnd&pg=PA262&ots=SPY0v_mApw&sig=NmATsO4CS0MxyLnCvBF9o-101Us", "url_versions": null, "authors": "CR Brittain, CC Potter - \u2026  welfare supervision: A practical guide for \u2026", "excerpt": "Aprimaryrole for the supervisor is to teach workers so that they develop competence in their jobs to better serve children and families. Educational supervision focuses on helping workers acquire the knowledge and skills that are essential to the job, and assisting them  ...", "url_pdf": null, "num_citations": 4, "cluster_id": "13257856668644288934", "year": "2009", "url_citations": "http://scholar.google.com/scholar?cites=13257856668644288934&as_sdt=2005&sciodt=1,5&hl=en"}, {"num_versions": 3, "url_citation": null, "title": "Innovation and creativity: Exploring human occupation and professional development in student education", "url": "http://bjo.sagepub.com/content/74/6/304.short", "url_versions": "http://scholar.google.com/scholar?cluster=14520643975307269071&hl=en&as_sdt=1,5&sciodt=1,5&as_vis=1", "authors": "M Collins, D Harrison, R Mason\u2026 - The British Journal of  \u2026", "excerpt": "Abstract This short evaluation report discusses the development of a creative project that encourages student-centred learning. Year 3 occupational therapy students are given the opportunity to explore occupational science theories, applied to an area of human activity  ...", "url_pdf": null, "num_citations": 2, "cluster_id": "14520643975307269071", "year": "2011", "url_citations": "http://scholar.google.com/scholar?cites=14520643975307269071&as_sdt=2005&sciodt=1,5&hl=en"}, {"num_versions": 6, "url_citation": null, "title": "The reflective learning model: Supervision of social work students", "url": "http://www.tandfonline.com/doi/abs/10.1080/02615470902748662", "url_versions": "http://scholar.google.com/scholar?cluster=11265292157455124375&hl=en&as_sdt=1,5&sciodt=1,5&as_vis=1", "authors": "AM Davys, L Beddoe - Social Work Education", "excerpt": "A key task for the field education supervisor is to facilitate reflection in beginning practice, and to promote in the student a sense of ownership, mastery and understanding of his or her clinical process. At the same time the supervisor is charged to instruct and guide the  ...", "url_pdf": null, "num_citations": 30, "cluster_id": "11265292157455124375", "year": "2009", "url_citations": "http://scholar.google.com/scholar?cites=11265292157455124375&as_sdt=2005&sciodt=1,5&hl=en"}, {"num_versions": 3, "url_citation": null, "title": "Strategies for critical reflection in international contexts for social work students", "url": "http://isw.sagepub.com/content/57/2/109.short", "url_versions": "http://scholar.google.com/scholar?cluster=13023891343349228326&hl=en&as_sdt=1,5&sciodt=1,5&as_vis=1", "authors": "C Das, JC Anand - International Social Work", "excerpt": "Abstract International contexts provide social work students with the opportunity to develop knowledge of international social work, global citizenship and cultural competency. While these contexts are powerful sites of learning, there is a need to ensure that this occurs  ...", "url_pdf": null, "num_citations": 5, "cluster_id": "13023891343349228326", "year": "2014", "url_citations": "http://scholar.google.com/scholar?cites=13023891343349228326&as_sdt=2005&sciodt=1,5&hl=en"}, {"num_versions": 3, "url_citation": null, "title": "Beyond the instructional mode: Creating a holding environment for learning about the use of self", "url": "http://www.tandfonline.com/doi/abs/10.1080/02650530701872363", "url_versions": "http://scholar.google.com/scholar?cluster=11876251273790365208&hl=en&as_sdt=1,5&sciodt=1,5&as_vis=1", "authors": "A Ward - Journal of Social Work Practice", "excerpt": "This paper provides a narrative account of a sequence of teaching and learning about the 'use of self'in professional practice, set in the context of a Masters programme of qualifying social work training. The processes of teaching and learning are described and analysed,  ...", "url_pdf": null, "num_citations": 31, "cluster_id": "11876251273790365208", "year": "2008", "url_citations": "http://scholar.google.com/scholar?cites=11876251273790365208&as_sdt=2005&sciodt=1,5&hl=en"}, {"num_versions": 0, "url_citation": null, "title": "DE LA N\u00c9CESSIT\u00c9 DU S\u00c9MINAIRE AUX \u00c9TUDES SUP\u00c9RIEURES EN TRAVAIL SOCIAL: Une discussion sur le d\u00e9veloppement de la r\u00e9flexion critique", "url": "http://search.proquest.com/openview/727408c4d7a136c6f36a3232ae44a51a/1?pq-origsite=gscholar", "url_versions": null, "authors": "MJ Robichaud\u2026 - Canadian Social Work  \u2026", "excerpt": "Abstract: In light of published literature and our experience as students, it becomes evident that only when specific factors are present can our capacity for critical thinking, within the scope of social work, be actualized and materialized. This article discusses the  ...", "url_pdf": null, "num_citations": 0, "cluster_id": null, "year": "2012", "url_citations": null}, {"num_versions": 3, "url_citation": null, "title": "Enabling learners to think for themselves: Reflections on a community placement", "url": "http://www.tandfonline.com/doi/abs/10.1080/02615479.2012.734803", "url_versions": "http://scholar.google.com/scholar?cluster=16214851841167790598&hl=en&as_sdt=1,5&sciodt=1,5&as_vis=1", "authors": "M Hughes - Social Work Education", "excerpt": "This paper provides reflections on the organisation, delivery, challenges and effectiveness of a community placement undertaken by first-year students in an undergraduate social work qualifying programme. The placement aims to foster transformative learning, autonomous  ...", "url_pdf": null, "num_citations": 1, "cluster_id": "16214851841167790598", "year": "2013", "url_citations": "http://scholar.google.com/scholar?cites=16214851841167790598&as_sdt=2005&sciodt=1,5&hl=en"}, {"num_versions": 2, "url_citation": null, "title": "Teaching for Change in Social Work A Discipline-Based Argument for the Use of Transformative Approaches to Teaching and Learning", "url": "http://jtd.sagepub.com/content/7/1/8.short", "url_versions": "http://scholar.google.com/scholar?cluster=3275541204090155658&hl=en&as_sdt=1,5&sciodt=1,5&as_vis=1", "authors": "P Jones - Journal of Transformative Education", "excerpt": "Abstract Transformative learning approaches have been applied in a diverse range of educational settings, where they have been used to develop an understanding of learners' experiences and to guide teaching and learning practices in ways that promote individual  ...", "url_pdf": null, "num_citations": 26, "cluster_id": "3275541204090155658", "year": "2009", "url_citations": "http://scholar.google.com/scholar?cites=3275541204090155658&as_sdt=2005&sciodt=1,5&hl=en"}, {"num_versions": 0, "url_citation": null, "title": "Critical reflection: generating theory from practice: the graduating social work student experience", "url": "http://scholar.google.com/https://books.google.com/books?hl=en&lr=&id=u3k8Ck9nnucC&oi=fnd&pg=PP1&ots=LzlLK8ik4D&sig=-TW2d9AFooUM7v5DgIDhD93Yljg", "url_versions": null, "authors": "R Pockett, R Giles -", "excerpt": "Educating students for professional practice is both complex and challenging. Striking the right balance between'theory and practice'and'thinking and doing'remains a cornerstone of effective teaching and learning. In the last two decades, social work education has drawn  ...", "url_pdf": null, "num_citations": 12, "cluster_id": "1340711776242164984", "year": "2008", "url_citations": "http://scholar.google.com/scholar?cites=1340711776242164984&as_sdt=2005&sciodt=1,5&hl=en"}, {"num_versions": 0, "url_citation": null, "title": "PROMOTING DEEP LEARNING THROUGH PERSONAL REFLECTIVE E-JOURNALING: A CASE STUDY", "url": "http://socialwork.journals.ac.za/pub/article/view/93", "url_versions": null, "authors": "AD van Breda, N Agherdien - Social Work/Maatskaplike  \u2026", "excerpt": "Abstract Social work educators are in the business of forming social workers. We are concerned not only with the transmission of knowledge and skills; we want to shape the whole person to become a professional social work practitioner (Dempsey, Halton &  ...", "url_pdf": null, "num_citations": 1, "cluster_id": "12823058939847079333", "year": "2014", "url_citations": "http://scholar.google.com/scholar?cites=12823058939847079333&as_sdt=2005&sciodt=1,5&hl=en"}, {"num_versions": 8, "url_citation": null, "title": "Promoting reflection in asynchronous virtual learning spaces: Tertiary distance tutors' conceptions", "url": "http://www.irrodl.org/index.php/irrodl/article/view/1777", "url_versions": "http://scholar.google.com/scholar?cluster=17570361106677043599&hl=en&as_sdt=1,5&sciodt=1,5&as_vis=1", "authors": "BAA Rivers, JTE Richardson, L Price - \u2026  Review of Research in Open and  \u2026", "excerpt": "Abstract Increasingly, universities are embedding reflective activities into the curriculum. With the growth in online tertiary education, how effectively is reflection being promoted or used in online learning spaces? Based on the notion that teachers' beliefs will influence  ...", "url_pdf": null, "num_citations": 1, "cluster_id": "17570361106677043599", "year": "2014", "url_citations": "http://scholar.google.com/scholar?cites=17570361106677043599&as_sdt=2005&sciodt=1,5&hl=en"}, {"num_versions": 7, "url_citation": null, "title": "Responding to the ecological crisis: Transformative pathways for social work education", "url": "http://www.tandfonline.com/doi/abs/10.5175/JSWE.2010.200800073", "url_versions": "http://scholar.google.com/scholar?cluster=13325540305420068932&hl=en&as_sdt=1,5&sciodt=1,5&as_vis=1", "authors": "P Jones - Journal of Social Work Education", "excerpt": "The nature and extent of the current ecological crisis raises the question: Does social work have a contribution to make in addressing the social and environmental changes required if we are to move toward a sustainable future? Given the links between the traditional  ...", "url_pdf": null, "num_citations": 41, "cluster_id": "13325540305420068932", "year": "2010", "url_citations": "http://scholar.google.com/scholar?cites=13325540305420068932&as_sdt=2005&sciodt=1,5&hl=en"}, {"num_versions": 3, "url_citation": null, "title": "Ecology, critical reflection and the praxis of change", "url": "http://researchonline.jcu.edu.au/23629/", "url_versions": "http://scholar.google.com/scholar?cluster=18578098097574402&hl=en&as_sdt=1,5&sciodt=1,5&as_vis=1", "authors": "A Pooley, P Jones, B Tinning -", "excerpt": "The scope of the environmental crisis currently facing the planet presents humanity with enormous challenges, not least of which is challenging long-held assumptions about our relationship with the non-human world. Transformative approaches to professional  ...", "url_pdf": null, "num_citations": 1, "cluster_id": "18578098097574402", "year": "2012", "url_citations": "http://scholar.google.com/scholar?cites=18578098097574402&as_sdt=2005&sciodt=1,5&hl=en"}, {"num_versions": 2, "url_citation": null, "title": "Attending to clinical practice: A phenomenological study exploring the structure of clinical attention and its relationship with holistic competence", "url": "http://scholar.google.com/https://tspace.library.utoronto.ca/handle/1807/31800", "url_versions": "http://scholar.google.com/scholar?cluster=12698644356962347300&hl=en&as_sdt=1,5&sciodt=1,5&as_vis=1", "authors": "E Katz -", "excerpt": "Attention is an acknowledged component of the therapeutic relationship that is the heart of clinical work and the base of competence. The centrality of the therapeutic relationship itself has been recognized throughout the history of clinical work. The clinician's work is based,  ...", "url_pdf": null, "num_citations": 4, "cluster_id": "12698644356962347300", "year": "2011", "url_citations": "http://scholar.google.com/scholar?cites=12698644356962347300&as_sdt=2005&sciodt=1,5&hl=en"}, {"num_versions": 2, "url_citation": null, "title": "Kierkegaard as Pedagogue", "url": "http://www.pdcnet.org/teachphil/content/teachphil_2014_0999_6_23_20", "url_versions": "http://scholar.google.com/scholar?cluster=12657244711055328687&hl=en&as_sdt=1,5&sciodt=1,5&as_vis=1", "authors": "MT Nowachek - Teaching Philosophy", "excerpt": "Abstract: This essay argues for an approach to S\u00f8ren Kierkegaard and his engagement with what he perceives as his nominally Christian Danish culture that assumes the lens of pedagogy. In his attempt to (re) introduce Christianity into Christendom Kierkegaard  ...", "url_pdf": null, "num_citations": 1, "cluster_id": "12657244711055328687", "year": "2014", "url_citations": "http://scholar.google.com/scholar?cites=12657244711055328687&as_sdt=2005&sciodt=1,5&hl=en"}, {"num_versions": 2, "url_citation": null, "title": "Studying for your social work degree", "url": "http://scholar.google.com/https://books.google.com/books?hl=en&lr=&id=dyb9UzWeKuoC&oi=fnd&pg=PP1&ots=xbJWQj6JHL&sig=6XUR6hBzGCcE9S8LejgZV6hVDfg", "url_versions": "http://scholar.google.com/scholar?cluster=18231128858078336676&hl=en&as_sdt=1,5&sciodt=1,5&as_vis=1", "authors": "H Walker -", "excerpt": "This fully-revised new edition looks at how students can make the most from their time studying on the social work degree. Focusing on each of the three years of study, the author skilfully unpicks the critical thinking, reflection and study skills essential for the completion  ...", "url_pdf": null, "num_citations": 12, "cluster_id": "18231128858078336676", "year": "2011", "url_citations": "http://scholar.google.com/scholar?cites=18231128858078336676&as_sdt=2005&sciodt=1,5&hl=en"}]