[{"num_versions": 4, "url_citation": null, "title": "Retention of anatomy knowledge by student radiographers", "url": "http://www.sciencedirect.com/science/article/pii/S1078817409000248", "url_versions": "http://scholar.google.com/scholar?cluster=3041775530035232015&hl=en&as_sdt=1,5&sciodt=1,5&as_vis=1", "authors": "AS Hall, BR Durward - Radiography", "excerpt": "INTRODUCTION: Anatomy has long been regarded as an integral part of the core curriculum. However, anecdotal evidence suggests that long-term retention of anatomy knowledge may be deficient. This study aims to evidence whether student radiographers  ...", "url_pdf": null, "num_citations": 5, "cluster_id": "3041775530035232015", "year": "2009", "url_citations": "http://scholar.google.com/scholar?cites=3041775530035232015&as_sdt=2005&sciodt=1,5&hl=en"}, {"num_versions": 2, "url_citation": null, "title": "\u5927\u5b66\u751f\u82f1\u8bed\u5b66\u4e60\u6210\u7ee9\u591a\u5143\u8bc4\u4ef7\u56e0\u7d20\u5206\u6790", "url": "http://www.cqvip.com/qk/91387x/201302/47827936.html", "url_versions": "http://scholar.google.com/scholar?cluster=2569307704894800814&hl=en&as_sdt=1,5&sciodt=1,5&as_vis=1", "authors": "\u91d1\u8339\u82b1 - \u6c88\u9633\u519c\u4e1a\u5927\u5b66\u5b66\u62a5: \u793e\u4f1a\u79d1\u5b66\u7248", "excerpt": "\u4ee5\u4e34\u5e8a\u533b\u5b66\u4e13\u4e1a\u5b66\u751f\u7684\u82f1\u8bed\u5b66\u4e60\u4e3a\u8bc4\u4ef7\u5bf9\u8c61, \u901a\u8fc7\u5b9e\u9a8c\u6cd5, \u95ee\u5377\u6cd5\u4e0e\u8bbf\u8c08\u6cd5\u5206\u6790\u5f71\u54cd\u9ad8\u7b49\u5b66\u6821\u591a\u5143\u8bc4\u4ef7\u5b9e\u65bd\u6548\u679c\u7684\u5404\u79cd\u56e0\u7d20, \u7814\u7a76\u53d1\u73b0: \u5728\u5185\u90e8\u56e0\u7d20\u4e2d\u5b66\u751f\u5bf9\u82f1\u8bed\u5b66\u4e60\u548c\u5bf9\u8bc4\u4ef7\u7684\u6001\u5ea6, \u82f1\u8bed\u57fa\u7840, \u5b66\u4e60\u884c\u4e3a, \u63d0\u9ad8\u6210\u7ee9\u7684\u52a8\u673a\u5bf9\u8bc4\u4ef7\u6548\u679c\u6709\u91cd\u8981\u5f71\u54cd; \u5728\u5916\u90e8\u56e0\u7d20\u4e2d\u7ec8\u7ed3\u6027\u8bc4\u4ef7\u5185\u5bb9\u4e0e ...", "url_pdf": null, "num_citations": 1, "cluster_id": "2569307704894800814", "year": "2013", "url_citations": "http://scholar.google.com/scholar?cites=2569307704894800814&as_sdt=2005&sciodt=1,5&hl=en"}, {"num_versions": 4, "url_citation": null, "title": "Perceptions of reflective practice among recent Australian radiation therapy graduates", "url": "http://search.informit.com.au/documentSummary;dn=553051887718789;res=IELHEA", "url_versions": "http://scholar.google.com/scholar?cluster=14700401746054854304&hl=en&as_sdt=1,5&sciodt=1,5&as_vis=1", "authors": "SA Brackenridge -", "excerpt": "Reflective practice has been established as playing a critical role in advancing and improving skills, knowledge and practice amongst professionals. Elements of reflective practice are encouraged during radiation therapy student education, yet improved student  ...", "url_pdf": null, "num_citations": 5, "cluster_id": "14700401746054854304", "year": "2007", "url_citations": "http://scholar.google.com/scholar?cites=14700401746054854304&as_sdt=2005&sciodt=1,5&hl=en"}, {"num_versions": 3, "url_citation": null, "title": "Alignment of Assessment Objectives with Instructional Objectives Using Revised Bloom's Taxonomy\u2014The Case for Food Science and Technology Education", "url": "http://onlinelibrary.wiley.com/doi/10.1111/j.1541-4329.2012.00141.x/full", "url_versions": "http://scholar.google.com/scholar?cluster=13620711833549468604&hl=en&as_sdt=1,5&sciodt=1,5&as_vis=1", "authors": "VA Jideani, IA Jideani - Journal of Food Science Education", "excerpt": "Abstract: Nine food science and technology (FST) subjects were assessed for alignment between the learning outcomes and assessment using revised Bloom's taxonomy (RBT) of cognitive knowledge. Conjoint analysis was used to estimate the utilities of the levels of  ...", "url_pdf": null, "num_citations": 5, "cluster_id": "13620711833549468604", "year": "2012", "url_citations": "http://scholar.google.com/scholar?cites=13620711833549468604&as_sdt=2005&sciodt=1,5&hl=en"}, {"num_versions": 3, "url_citation": null, "title": "The motivational effects of using mobile devices in mathematics classrooms by students with exceptionalities", "url": "http://scholar.google.com/https://ir.library.dc-uoit.ca/handle/10155/238", "url_versions": "http://scholar.google.com/scholar?cluster=14919346801937290473&hl=en&as_sdt=1,5&sciodt=1,5&as_vis=1", "authors": "LAM Wray -", "excerpt": "Low motivation levels experienced by students with exceptionalities in the area of mathematics are often cited as a major factor negatively affecting their potential for success (Baird & Scott, 2009; Reichrath, de Witte, & Winkens, 2010). In the wake of many ongoing  ...", "url_pdf": null, "num_citations": 1, "cluster_id": "14919346801937290473", "year": "2012", "url_citations": "http://scholar.google.com/scholar?cites=14919346801937290473&as_sdt=2005&sciodt=1,5&hl=en"}, {"num_versions": 4, "url_citation": null, "title": "The educational theory underpinning a clinical workbook for VERT", "url": "http://www.sciencedirect.com/science/article/pii/S107881741000115X", "url_versions": "http://scholar.google.com/scholar?cluster=12832802668585972692&hl=en&as_sdt=1,5&sciodt=1,5&as_vis=1", "authors": "H Nisbet, S Matthews - Radiography", "excerpt": "The introduction of VERT (Virtual Environment for Radiotherapy Training) into radiotherapy departments across England was in response to the National Radiotherapy Advisory Group's (NRAG) recommendation to the Department of Health that it may assist in  ...", "url_pdf": null, "num_citations": 6, "cluster_id": "12832802668585972692", "year": "2011", "url_citations": "http://scholar.google.com/scholar?cites=12832802668585972692&as_sdt=2005&sciodt=1,5&hl=en"}, {"num_versions": 11, "url_citation": null, "title": "Aphorisms and short phrases as pieces of knowledge in the pedagogical framework of the Andalusian School of Public Health", "url": "http://www.ncbi.nlm.nih.gov/pmc/articles/pmc3309634/", "url_versions": "http://scholar.google.com/scholar?cluster=774315731070721578&hl=en&as_sdt=1,5&sciodt=1,5&as_vis=1", "authors": "L Gonz\u00e1lez-Garc\u00eda, C Chemello\u2026 - \u2026  journal of preventive  \u2026", "excerpt": "Background: Bearing in mind the philosophical pedagogical significance of short phrases for the training of researchers in the health care ambit, we hence have studied the aphorisms and striking phrases expressed during the epidemiology course at the Andalusian School  ...", "url_pdf": null, "num_citations": 4, "cluster_id": "774315731070721578", "year": "2012", "url_citations": "http://scholar.google.com/scholar?cites=774315731070721578&as_sdt=2005&sciodt=1,5&hl=en"}, {"num_versions": 8, "url_citation": null, "title": "Using ubiquitous games in an English listening and speaking course: Impact on learning outcomes and motivation", "url": "http://www.sciencedirect.com/science/article/pii/S0360131510000667", "url_versions": "http://scholar.google.com/scholar?cluster=4812040967164683313&hl=en&as_sdt=1,5&sciodt=1,5&as_vis=1", "authors": "TY Liu, YL Chu - Computers & Education", "excerpt": "This paper reports the results of a study which aimed to investigate how ubiquitous games influence English learning achievement and motivation through a context-aware ubiquitous learning environment. An English curriculum was conducted on a school campus by using  ...", "url_pdf": null, "num_citations": 171, "cluster_id": "4812040967164683313", "year": "2010", "url_citations": "http://scholar.google.com/scholar?cites=4812040967164683313&as_sdt=2005&sciodt=1,5&hl=en"}, {"num_versions": 5, "url_citation": null, "title": "Strategies to promote deep learning in clinical nursing courses", "url": "http://journals.lww.com/nurseeducatoronline/Abstract/2009/09000/Strategies_to_Promote_Deep_Learning_in_Clinical.12.aspx", "url_versions": "http://scholar.google.com/scholar?cluster=153147803236652716&hl=en&as_sdt=1,5&sciodt=1,5&as_vis=1", "authors": "RA Wittmann-Price, M Godshall - Nurse educator", "excerpt": "Wolters Kluwer Health may email you for journal alerts and information, but is committed to maintaining your privacy and will not share your personal information without your express consent. For more information, please refer to our Privacy Policy.   ... Skip Navigation Links Home >  ... ", "url_pdf": null, "num_citations": 8, "cluster_id": "153147803236652716", "year": "2009", "url_citations": "http://scholar.google.com/scholar?cites=153147803236652716&as_sdt=2005&sciodt=1,5&hl=en"}, {"num_versions": 0, "url_citation": null, "title": "'\uc88b\uc740 \uc218\uc5c5'\uc5d0 \ub300\ud55c \uc608\ube44 \ud2b9\uc218\uad50\uc0ac\ub4e4\uc758 \uc778\uc2dd \uc5f0\uad6c", "url": "http://www.dbpia.co.kr/Journal/ArticleDetail/1608704", "url_versions": null, "authors": "\uc624\uc815\uc219 - \ud2b9\uc218\uad50\uc721\uc800\ub110: \uc774\ub860\uacfc \uc2e4\ucc9c", "excerpt": "\ubcf8 \uc5f0\uad6c\ub294 \ud2b9\uc218\uad50\uc721 \ud658\uacbd\uc5d0\uc11c\uc758 \uc88b\uc740 \uc218\uc5c5\uc5d0 \ub300\ud55c \uc608\ube44\ud2b9\uc218\uad50\uc0ac\ub4e4\uc758 \uc778\uc2dd\uc744 \uc54c\uc544\ubcf4\ub294\ub370 \ubaa9\uc801\uc744 \ub450\uc5c8\ub2e4. \uc774\ub97c \uc704\ud574 \uc9c0\ud5a5\ud574\uc57c \ud560 \uc218\uc5c5\ubfd0 \uc544\ub2c8\ub77c \uc88b\uc740 \uc218\uc5c5\uc5d0 \ub300\ud55c \ubc18\ub300\uae09\ubd80\ub85c \uc9c0\uc591\ud574\uc57c\ud560 \uc218\uc5c5\uc5d0 \ub300\ud574 \uac1c\ubc29\ud615 \uc9c8\ubb38\uc9c0\ub97c \ubc14\ud0d5\uc73c\ub85c \uc758\uacac\uc744 \uc870\uc0ac\ud558\uc600\ub2e4. \ub610\ud55c \ud2b9\uc218\uad50\uc0ac \uc591\uc131\uc744 \uc704\ud574 \ud544\uc694\ud55c \uad50\uc0ac ...", "url_pdf": null, "num_citations": 7, "cluster_id": "13536455655932569068", "year": "2011", "url_citations": "http://scholar.google.com/scholar?cites=13536455655932569068&as_sdt=2005&sciodt=1,5&hl=en"}, {"num_versions": 0, "url_citation": null, "title": "\u5b78\u7fd2\u52d5\u6a5f\u548c\u793e\u4ea4\u80fd\u529b\u5c0d\u65bc\u5b78\u751f\u5728\u8de8\u9818\u57df\u5408\u4f5c\u5b78\u7fd2\u6210\u6548\u5f71\u97ff\u4e4b\u7814\u7a76\u8207\u5be6\u8b49; An empirical study of how academic motivation and social ability influence on learning outcome  \u2026", "url": "http://ir.lib.ncu.edu.tw/handle/987654321/9777", "url_versions": null, "authors": "\u6b50\u967d\u5609 -", "excerpt": "\u9577\u4e45\u4ee5\u4f86, \u8de8\u5b78\u9580\u5408\u4f5c\u7121\u8ad6\u662f\u5728\u91ab\u5b78, \u85dd\u8853, \u5de5\u7a0b\u4ee5\u53ca\u81ea\u7136\u79d1\u5b78\u7b49\u9818\u57df\u4e4b\u4e2d, \u7686\u626e\u6f14\u8457\u91cd\u8981\u7684\u89d2\u8272. \u800c\u9032\u5e7e\u5e74\u4f86, \u5404\u500b\u5b78\u6821\u4ee5\u53ca\u6559\u80b2\u6a5f\u95dc\u4e5f\u958b\u59cb\u91cd\u8996\u6240\u8b02\u7684\u8de8\u9818\u57df\u5408\u4f5c\u5b78\u7fd2, \u4e26\u4e14\u85c9\u6b64\u6539\u8b8a\u904e\u53bb\u5b78\u6821\u6559\u80b2\u904e\u65bc\u6ce8\u91cd\u65bc\u55ae\u4e00\u9818\u57df\u5408\u4f5c\u5b78\u7fd2\u7684\u73fe\u8c61, \u9032\u800c\u63d0\u5347\u5b78\u751f\u5728\u8de8\u5b78\u9580\u5408\u4f5c\u4e0a\u7684\u80fd\u529b, \u4ee5\u56e0\u61c9\u5f37\u8abf ...", "url_pdf": null, "num_citations": 0, "cluster_id": null, "year": "2009", "url_citations": null}, {"num_versions": 2, "url_citation": null, "title": "\uc911\ud559\uad50 \ud2b9\uc218\ud559\uae09 \uad50\uc0ac\uac00 \uc778\uc2dd\ud558\ub294 \uc88b\uc740 \uc218\uc5c5\uc758 \ud2b9\uc9d5\uc5d0 \ub300\ud55c \uc911\uc694\ub3c4\uc640 \uc2e4\ud589\ub3c4 \ubd84\uc11d", "url": "http://dev02.dbpia.co.kr/1/77/47/1774722.pdf?article=1774722", "url_versions": "http://scholar.google.com/scholar?cluster=2836831012211051787&hl=en&as_sdt=1,5&sciodt=1,5&as_vis=1", "authors": "\uae40\ub098\ud604\uff0c \uc784\uacbd\uc6d0 - \ud2b9\uc218\uad50\uc721\uc800\ub110: \uc774\ub860\uacfc \uc2e4\ucc9c", "excerpt": "\uc774 \uc5f0\uad6c\ub294 \uc911\ud559\uad50 \ud2b9\uc218\ud559\uae09 \uad50\uc0ac\uac00 \uc778\uc2dd\ud558\ub294 '\uc88b\uc740 \uc218\uc5c5'\uc758 \ud2b9\uc9d5\uc5d0 \ub300\ud55c \uc911\uc694\ub3c4\uc640 \uc2e4\ud589\ub3c4\ub97c \ubd84\uc11d\ud568\uc73c\ub85c\uc368, \ud2b9\uc218\uad50\uc721\uc5d0\uc11c\uc758 \uc88b\uc740 \uc218\uc5c5\uc744 \uc704\ud55c \uae30\ucd08 \uc815\ubcf4\ub97c \uc81c\uacf5\ud558\uace0 \ud2b9\uc218\ud559\uae09 \ud604\uc7a5\uc5d0\uc11c\uc758 \uc218\uc5c5 \uac1c\uc120\uc744 \uc704\ud55c \uc2dc\uc0ac\uc810\uc744 \ucc3e\ub294\ub370 \uadf8 \ubaa9\uc801\uc774 \uc788\uc5c8\ub2e4. \uc774\ub97c \uc704\ud558\uc5ec \uc804\uad6d \uc911\ud559\uad50 \ud2b9\uc218\ud559\uae09\uc911 10 ...", "url_pdf": null, "num_citations": 3, "cluster_id": "2836831012211051787", "year": "2011", "url_citations": "http://scholar.google.com/scholar?cites=2836831012211051787&as_sdt=2005&sciodt=1,5&hl=en"}, {"num_versions": 4, "url_citation": null, "title": "'\uc88b\uc740 \uccb4\uc721\uc218\uc5c5'\uc5d0 \ub300\ud55c \uc911\ub4f1\ud559\uad50 \uccb4\uc721\uad50\uc0ac\uc758 \uc778\uc2dd: \uc911\uc694\ub3c4-\uc2e4\ud589\ub3c4 \ucc28\uc774 \ubd84\uc11d\uc744 \uc911\uc2ec\uc73c\ub85c", "url": "http://www.newnonmun.com/article=190353", "url_versions": "http://scholar.google.com/scholar?cluster=16643500781037923750&hl=en&as_sdt=1,5&sciodt=1,5&as_vis=1", "authors": "\uc774\uc131\ud760\uff0c \uc774\uc900 - \ud55c\uad6d\uad50\uc6d0\uad50\uc721\uc5f0\uad6c", "excerpt": "'\uc88b\uc740 \uc218\uc5c5'\uc758 \uae30\ubcf8 \uc804\uc81c\uac00 \ub418\ub294 \uad50\uc0ac\uc804\ubb38\uc131\uc740 \uad50\uc721\uc758 \uc9c8 (\u8cea) \ud5a5\uc0c1\uc5d0 \ub9ce\uc740 \uc601\ud5a5\uc744 \ubbf8\uce5c\ub2e4. \uc774 \uc5f0\uad6c\uc758 \ubaa9\uc801\uc740 \uc911\ub4f1\ud559\uad50 \uccb4\uc721\uad50\uc0ac\uac00 \uc778\uc2dd\ud558\ub294 '\uc88b\uc740 \uccb4\uc721\uc218\uc5c5'\uc5d0 \ub300\ud55c \uc911\uc694\ub3c4\uc640 \uc2e4\ud589\ub3c4\ub97c \uc870 \uc0ac? \ubd84\uc11d\ud558\ub294 \uac83\uc774\ub2e4. \uc5f0\uad6c\ub300\uc0c1\uc740 \uc911\ub4f1\ud559\uad50 \uccb4\uc721\uad50\uc0ac 70 \uba85\uc774\uba70, \uc124\ubb38\uc9c0\ub294 '\uc88b\uc740 \uc218\uc5c5'\uc5d0 \ub300\ud55c ' ...", "url_pdf": null, "num_citations": 8, "cluster_id": "16643500781037923750", "year": "2010", "url_citations": "http://scholar.google.com/scholar?cites=16643500781037923750&as_sdt=2005&sciodt=1,5&hl=en"}, {"num_versions": 0, "url_citation": null, "title": "'\uc88b\uc740 \uc218\uc5c5'\uc5d0 \ub300\ud55c \uc911\ub4f1\ud559\uad50 \uad50\uc0ac\ub4e4\uc758 \uc778\uc2dd: \uc911\uc694\ub3c4\uc640 \uc2e4\ud589\ub3c4\uc758 \ucc28\uc774 \ubd84\uc11d\uc744 \uc911\uc2ec\uc73c\ub85c", "url": "http://www.newnonmun.com/article=23677", "url_versions": null, "authors": "\uad8c\uc131\uc5f0 - \uad50\uc721\uacf5\ud559\uc5f0\uad6c", "excerpt": "\ubcf8 \uc5f0\uad6c\ub294 \uc6b0\ub9ac\ub098\ub77c\uc758 \uc911\ub4f1\ud559\uad50 \ud658\uacbd\uc5d0\uc11c \uad50\uc0ac\ub4e4\uc774 \uc778\uc2dd\ud558\ub294 \uc88b\uc740 \uc218\uc5c5\uc758 \uc758\ubbf8\uc640 \uc2e4\ucc9c\uc218\uc900\uc744 \ud655\uc778\ud568\uc73c\ub85c\uc368 \uc88b\uc740 \uc218\uc5c5\uc744 \uc2e4\ud604\ud558\uae30 \uc704\ud55c \uc2dc\uc0ac\uc810\uc744 \uc5bb\uace0\uc790 \uc218\ud589\ub418\uc5c8\ub2e4. \uc774\ub97c \uc704\ud558\uc5ec \uc120\ud589 \uc5f0\uad6c \ubd84\uc11d\uc744 \ud1b5\ud574 \uc88b\uc740 \uc218\uc5c5\uc774 \uc9c0\ud5a5\ud574\uc57c \ud558\ub294 \uad00\uc810\uacfc \uc8fc\uc694 \ud2b9\uc131\uc744 \ub3c4\ucd9c\ud574 \ub0b4\uace0 \uc774\uc5d0 \ub300\ud574 \ud604\uc9c1 \uc911\ub4f1  ...", "url_pdf": null, "num_citations": 16, "cluster_id": "7999914780077050605", "year": "2010", "url_citations": "http://scholar.google.com/scholar?cites=7999914780077050605&as_sdt=2005&sciodt=1,5&hl=en"}, {"num_versions": 5, "url_citation": null, "title": "Bernstein's theory of pedagogic discourse as a theoretical framework for educators studying student radiographers' interpretation of normality vs. abnormality", "url": "http://www.sciencedirect.com/science/article/pii/S1078817413001144", "url_versions": "http://scholar.google.com/scholar?cluster=12288791755943983868&hl=en&as_sdt=1,5&sciodt=1,5&as_vis=1", "authors": "PD Winter, MJ Linehan - Radiography", "excerpt": "Twelve students were interviewed (individually) using in-depth semi-structured questions. Interviews were mediated through a PowerPoint presentation containing two digital X-ray images. Each image was based on a level of expertise; the elementary (Case 1) and the complicated ( ... ", "url_pdf": null, "num_citations": 1, "cluster_id": "12288791755943983868", "year": "2014", "url_citations": "http://scholar.google.com/scholar?cites=12288791755943983868&as_sdt=2005&sciodt=1,5&hl=en"}]