[{"num_versions": 3, "url_citation": null, "title": "On the expressive efficiency of sum product networks", "url": "http://arxiv.org/abs/1411.7717", "url_versions": "http://scholar.google.com/scholar?cluster=14977487830071976097&hl=en&as_sdt=1,5&sciodt=1,5&as_vis=1", "authors": "J Martens, V Medabalimi - arXiv preprint arXiv:1411.7717", "excerpt": "Abstract: Sum Product Networks (SPNs) are a recently developed class of deep generative models which compute their associated unnormalized density functions using a special type of arithmetic circuit. When certain sufficient structural conditions are imposed on these  ...", "url_pdf": null, "num_citations": 5, "cluster_id": "14977487830071976097", "year": "2014", "url_citations": "http://scholar.google.com/scholar?cites=14977487830071976097&as_sdt=2005&sciodt=1,5&hl=en"}, {"num_versions": 3, "url_citation": null, "title": "Deep Networks are Effective Encoders of Periodicity", "url": "http://ieeexplore.ieee.org/xpls/abs_all.jsp?arnumber=6704758", "url_versions": "http://scholar.google.com/scholar?cluster=9699937338736853252&hl=en&as_sdt=1,5&sciodt=1,5&as_vis=1", "authors": "L Szymanski, B McCane - Neural Networks and Learning  \u2026", "excerpt": "Abstract\u2014We present a comparative theoretical analysis of representation in artificial neural networks with two extreme architectures, a shallow wide network and a deep narrow network, devised to maximally decouple their representative power due to layer width and  ...", "url_pdf": null, "num_citations": 2, "cluster_id": "9699937338736853252", "year": "2014", "url_citations": "http://scholar.google.com/scholar?cites=9699937338736853252&as_sdt=2005&sciodt=1,5&hl=en"}, {"num_versions": 4, "url_citation": null, "title": "On the Relationship between Sum-Product Networks and Bayesian Networks", "url": "http://arxiv.org/abs/1501.01239", "url_versions": "http://scholar.google.com/scholar?cluster=14794186202397455996&hl=en&as_sdt=1,5&sciodt=1,5&as_vis=1", "authors": "H Zhao, M Melibari, P Poupart - arXiv preprint arXiv:1501.01239", "excerpt": "Abstract: In this paper, we establish some theoretical connections between Sum-Product Networks (SPNs) and Bayesian Networks (BNs). We prove that every SPN can be converted into a BN in linear time and space in terms of the network size. The key insight is to use  ...", "url_pdf": null, "num_citations": 0, "cluster_id": null, "year": "2015", "url_citations": null}, {"num_versions": 4, "url_citation": null, "title": "How to construct deep recurrent neural networks", "url": "http://arxiv.org/abs/1312.6026", "url_versions": "http://scholar.google.com/scholar?cluster=3032210598922213468&hl=en&as_sdt=1,5&sciodt=1,5&as_vis=1", "authors": "R Pascanu, C Gulcehre, K Cho, Y Bengio - arXiv preprint arXiv:1312.6026", "excerpt": "Abstract: In this paper, we explore different ways to extend a recurrent neural network (RNN) to a\\ textit {deep} RNN. We start by arguing that the concept of depth in an RNN is not as clear as it is in feedforward neural networks. By carefully analyzing and understanding the  ...", "url_pdf": null, "num_citations": 56, "cluster_id": "3032210598922213468", "year": "2013", "url_citations": "http://scholar.google.com/scholar?cites=3032210598922213468&as_sdt=2005&sciodt=1,5&hl=en"}, {"num_versions": 14, "url_citation": null, "title": "Discriminative learning of sum-product networks", "url": "http://machinelearning.wustl.edu/mlpapers/paper_files/NIPS2012_1484.pdf", "url_versions": "http://scholar.google.com/scholar?cluster=6246363843297084595&hl=en&as_sdt=1,5&sciodt=1,5&as_vis=1", "authors": "R Gens, P Domingos - Advances in Neural Information  \u2026", "excerpt": "Abstract Sum-product networks are a new deep architecture that can perform fast, exact inference on high-treewidth models. Only generative methods for training SPNs have been proposed to date. In this paper, we present the first discriminative training algorithms for  ...", "url_pdf": "http://machinelearning.wustl.edu/mlpapers/paper_files/NIPS2012_1484.pdf", "num_citations": 54, "cluster_id": "6246363843297084595", "year": "2012", "url_citations": "http://scholar.google.com/scholar?cites=6246363843297084595&as_sdt=2005&sciodt=1,5&hl=en"}, {"num_versions": 14, "url_citation": null, "title": "Deep learning of representations for unsupervised and transfer learning", "url": "http://feed.mtome.com/Publications/CiML/CiML-v7-book.pdf#page=29", "url_versions": "http://scholar.google.com/scholar?cluster=11002680367384151173&hl=en&as_sdt=1,5&sciodt=1,5&as_vis=1", "authors": "Y Bengio - Unsupervised and Transfer Learning Challenges in  \u2026", "excerpt": "Abstract Deep learning algorithms seek to exploit the unknown structure in the input distribution in order to discover good representations, often at multiple levels, with higherlevel learned features defined in terms of lower-level features. The objective is to  ...", "url_pdf": null, "num_citations": 76, "cluster_id": "11002680367384151173", "year": "2012", "url_citations": "http://scholar.google.com/scholar?cites=11002680367384151173&as_sdt=2005&sciodt=1,5&hl=en"}, {"num_versions": 5, "url_citation": null, "title": "Learning Relational Sum-Product Networks", "url": "http://www.scrofula.org/papers/nath-domingos15.pdf", "url_versions": "http://scholar.google.com/scholar?cluster=10269333767170283648&hl=en&as_sdt=1,5&sciodt=1,5&as_vis=1", "authors": "A Nath, P Domingos - Twenty-Ninth AAAI Conference on Artificial  \u2026", "excerpt": "Abstract Sum-product networks (SPNs) are a recently-proposed deep architecture that guarantees tractable inference, even on certain high-treewidth models. SPNs are a propositional architecture, treating the instances as independent and identically  ...", "url_pdf": "http://www.scrofula.org/papers/nath-domingos15.pdf", "num_citations": 1, "cluster_id": "10269333767170283648", "year": "2015", "url_citations": "http://scholar.google.com/scholar?cites=10269333767170283648&as_sdt=2005&sciodt=1,5&hl=en"}, {"num_versions": 23, "url_citation": null, "title": "Deep unsupervised network for multimodal perception, representation and classification", "url": "http://www.sciencedirect.com/science/article/pii/S0921889014002474", "url_versions": "http://scholar.google.com/scholar?cluster=16335568625369590926&hl=en&as_sdt=1,5&sciodt=1,5&as_vis=1", "authors": "A Droniou, S Ivaldi, O Sigaud - Robotics and Autonomous Systems", "excerpt": "Abstract In this paper, we tackle the problem of multimodal learning for autonomous robots. Autonomous robots interacting with humans in an evolving environment need the ability to acquire knowledge from their multiple perceptual channels in an unsupervised way. Most  ...", "url_pdf": null, "num_citations": 2, "cluster_id": "16335568625369590926", "year": "2014", "url_citations": "http://scholar.google.com/scholar?cites=16335568625369590926&as_sdt=2005&sciodt=1,5&hl=en"}, {"num_versions": 19, "url_citation": null, "title": "Learning a repertoire of actions with deep neural networks", "url": "http://ieeexplore.ieee.org/xpls/abs_all.jsp?arnumber=6982986", "url_versions": "http://scholar.google.com/scholar?cluster=11466929798957807804&hl=en&as_sdt=1,5&sciodt=1,5&as_vis=1", "authors": "A Droniou, S Ivaldi, O Sigaud - Development and Learning and \u2026", "excerpt": "Abstract\u2014We address the problem of endowing a robot with the capability to learn a repertoire of actions using as little prior knowledge as possible. Taking a handwriting task as an example, we apply the deep learning paradigm to build a network which uses a high- ...", "url_pdf": null, "num_citations": 2, "cluster_id": "11466929798957807804", "year": "2014", "url_citations": "http://scholar.google.com/scholar?cites=11466929798957807804&as_sdt=2005&sciodt=1,5&hl=en"}, {"num_versions": 0, "url_citation": null, "title": "How Can Deep Rectifier Networks Achieve Linear Separability and Preserve Distances?", "url": "http://machinelearning.wustl.edu/mlpapers/paper_files/icml2015_an15.pdf", "url_versions": null, "authors": "S An, F Boussaid\u2026 - Proceedings of the  \u2026", "excerpt": "Abstract This paper investigates how hidden layers of deep rectifier networks are capable of transforming two or more pattern sets to be linearly separable while preserving the distances with a guaranteed degree, and proves the universal classification power of such distance  ...", "url_pdf": "http://machinelearning.wustl.edu/mlpapers/paper_files/icml2015_an15.pdf", "num_citations": 1, "cluster_id": "6742148970318459037", "year": "2015", "url_citations": "http://scholar.google.com/scholar?cites=6742148970318459037&as_sdt=2005&sciodt=1,5&hl=en"}, {"num_versions": 0, "url_citation": null, "title": "A provably efficient algorithm for training deep networks", "url": "http://deeplearning.cs.cmu.edu/pdfs/1111/livni_provablyefficient.pdf", "url_versions": null, "authors": "R Livni, S Shalev-Shwartz\u2026 - arXiv preprint arXiv: \u2026", "excerpt": "Abstract We consider deep neural networks (formally equivalent to sum-product networks [19]), in which the output of each node is a quadratic function of its inputs. Similar to other deep architectures, these networks can compactly represent any function on a finite  ...", "url_pdf": "http://deeplearning.cs.cmu.edu/pdfs/1111/livni_provablyefficient.pdf", "num_citations": 4, "cluster_id": "16573379337297918618", "year": "2013", "url_citations": "http://scholar.google.com/scholar?cites=16573379337297918618&as_sdt=2005&sciodt=1,5&hl=en"}, {"num_versions": 4, "url_citation": null, "title": "Learning the architecture of sum-product networks using clustering on variables", "url": "http://papers.nips.cc/paper/4544-learning-the-architecture-of-sum-product-networks-using-clustering-on-variables", "url_versions": "http://scholar.google.com/scholar?cluster=5207150684177982602&hl=en&as_sdt=1,5&sciodt=1,5&as_vis=1", "authors": "A Dennis, D Ventura - Advances in Neural Information Processing  \u2026", "excerpt": "Abstract The sum-product network (SPN) is a recently-proposed deep model consisting of a network of sum and product nodes, and has been shown to be competitive with state-of-the-art deep models on certain difficult tasks such as image completion. Designing an SPN  ...", "url_pdf": null, "num_citations": 23, "cluster_id": "5207150684177982602", "year": "2012", "url_citations": "http://scholar.google.com/scholar?cites=5207150684177982602&as_sdt=2005&sciodt=1,5&hl=en"}, {"num_versions": 0, "url_citation": null, "title": "Deep Learning", "url": "http://www.iro.umontreal.ca/%7Ebengioy/dlbook/front_matter.pdf", "url_versions": null, "authors": "Y Bengio, IJ Goodfellow, A Courville -", "excerpt": "2.1 Scalars, Vectors, Matrices and Tensors . . . . . . . . . . . . . . . . . . . 20 2.2 Multiplying Matrices and Vectors . . . . . . . . . . . . . . . . . . . . . . 22 2.3 Identity and Inverse Matrices . . . . . . . . . . . . . . . . . . . . . . . . 24 2.4 Linear Dependence, Span, and Rank . . . . . . . . . . . . . . . . . . . . 25 2.5 Norms . . . . . .  ... ", "url_pdf": "http://www.iro.umontreal.ca/%7Ebengioy/dlbook/front_matter.pdf", "num_citations": 14, "cluster_id": "12148644736204109944", "year": "2015", "url_citations": "http://scholar.google.com/scholar?cites=12148644736204109944&as_sdt=2005&sciodt=1,5&hl=en"}, {"num_versions": 2, "url_citation": null, "title": "Handwritten digit recognition using sparse deep architectures", "url": "http://ieeexplore.ieee.org/xpls/abs_all.jsp?arnumber=6847284", "url_versions": "http://scholar.google.com/scholar?cluster=10696583403113439952&hl=en&as_sdt=1,5&sciodt=1,5&as_vis=1", "authors": "R Walid, A Lasfar - \u2026 : Theories and Applications (SITA-14)", "excerpt": "Abstract\u2014A lot of research has been lately focusing on deep neural networks as an alternative to shallow ones. The added advantage among many, is the automated feature extraction of pattern from data. These models have been applied successfully to many  ...", "url_pdf": null, "num_citations": 1, "cluster_id": "10696583403113439952", "year": "2014", "url_citations": "http://scholar.google.com/scholar?cites=10696583403113439952&as_sdt=2005&sciodt=1,5&hl=en"}, {"num_versions": 9, "url_citation": null, "title": "On the number of linear regions of deep neural networks", "url": "http://papers.nips.cc/paper/5422-on-the-number-of-linear-regions-of-deep-neural-networks", "url_versions": "http://scholar.google.com/scholar?cluster=7322764901563502506&hl=en&as_sdt=1,5&sciodt=1,5&as_vis=1", "authors": "GF Montufar, R Pascanu, K Cho\u2026 - Advances in Neural  \u2026", "excerpt": "Abstract We study the complexity of functions computable by deep feedforward neural networks with piecewise linear activations in terms of the symmetries and the number of linear regions that they have. Deep networks are able to sequentially map portions of  ...", "url_pdf": null, "num_citations": 15, "cluster_id": "7322764901563502506", "year": "2014", "url_citations": "http://scholar.google.com/scholar?cites=7322764901563502506&as_sdt=2005&sciodt=1,5&hl=en"}, {"num_versions": 2, "url_citation": null, "title": "Learning tractable statistical relational models", "url": "http://spn.cs.washington.edu/papers/ltpm2014_paper_4.pdf", "url_versions": "http://scholar.google.com/scholar?cluster=17487773605006864727&hl=en&as_sdt=1,5&sciodt=1,5&as_vis=1", "authors": "A Nath, P Domingos - StaR-AI", "excerpt": "Abstract Sum-product networks (SPNs; Poon & Domingos, 2011) are a recently-proposed deep architecture that guarantees tractable inference, even on certain high-treewidth models. SPNs are a propositional architecture, treating the instances as independent and  ...", "url_pdf": "http://spn.cs.washington.edu/papers/ltpm2014_paper_4.pdf", "num_citations": 2, "cluster_id": "17487773605006864727", "year": "2014", "url_citations": "http://scholar.google.com/scholar?cites=17487773605006864727&as_sdt=2005&sciodt=1,5&hl=en"}]