[{"num_versions": 2, "url_citation": null, "title": "\u9ad8\u804c\u62a4\u751f\u5b66\u4e60\u6210\u7ee9\u4e0e\u975e\u667a\u529b\u56e0\u7d20\u7684\u76f8\u5173\u6027\u7814\u7a76", "url": "http://www.cqvip.com/qk/87333a/201305/45700274.html", "url_versions": "http://scholar.google.com/scholar?cluster=1591340180039688368&hl=en&as_sdt=1,5&sciodt=1,5&as_vis=1", "authors": "\u962e\u6625\u51e4\uff0c \u80e1\u5609 - \u62a4\u7406\u7814\u7a76: \u4e2d\u65ec\u7248", "excerpt": "[\u76ee\u7684] \u5bf9\u9ad8\u804c\u62a4\u751f\u5b66\u4e60\u6210\u7ee9\u4e0e\u975e\u667a\u529b\u56e0\u7d20\u8fdb\u884c\u76f8\u5173\u6027\u5206\u6790, \u63d0\u51fa\u53ef\u884c\u7684\u6559\u80b2\u63aa\u65bd.[\u65b9\u6cd5] \u5bf9172 \u540d\u9ad8\u804c\u62a4\u751f\u8fdb\u884c\u975e\u667a\u529b\u56e0\u7d20\u95ee\u5377\u8c03\u67e5, \u5206\u6790\u9ad8\u804c\u62a4\u751f\u5b66\u4e60\u6210\u7ee9\u4e0e\u975e\u667a\u529b\u56e0\u7d20\u7684\u76f8\u5173\u6027.[\u7ed3\u679c] \u9ad8\u804c\u62a4\u751f\u7684\u975e\u667a\u529b\u56e0\u7d20\u5f97\u5206\u4e3a(3.26\u00b10.24) \u5206; \u975e\u667a\u529b\u56e0\u7d20\u603b\u6c34\u5e73\u4e0e\u62a4\u751f\u7684\u5b66\u4e60\u6210\u7ee9\u53ca\u6240\u82b1\u8d39 ...", "url_pdf": null, "num_citations": 0, "cluster_id": null, "year": "2013", "url_citations": null}, {"num_versions": 11, "url_citation": null, "title": "Assessing the reliability and validity of the Revised Two Factor Study Process Questionnaire (R-SPQ2F) in Ghanaian medical students", "url": "http://www.ncbi.nlm.nih.gov/pmc/articles/PMC4309935/", "url_versions": "http://scholar.google.com/scholar?cluster=8343955632630471378&hl=en&as_sdt=1,5&sciodt=1,5&as_vis=1", "authors": "V Mogre, A Amalba - Journal of educational evaluation for health  \u2026", "excerpt": "Purpose: We investigated the validity and reliability of the Revised Two Factor Study Process Questionnaire (R-SPQ2F) in preclinical students in Ghana. Methods: The R-SPQ2F was administered to 189 preclinical students of the University for Development Studies,  ...", "url_pdf": null, "num_citations": 1, "cluster_id": "8343955632630471378", "year": "2014", "url_citations": "http://scholar.google.com/scholar?cites=8343955632630471378&as_sdt=2005&sciodt=1,5&hl=en"}, {"num_versions": 7, "url_citation": null, "title": "Exploration of preferred learning styles in medical education using VARK modal", "url": "http://cyberleninka.ru/article/n/exploration-of-preferred-learning-styles-in-medical-education-using-vark-modal", "url_versions": "http://scholar.google.com/scholar?cluster=7044811661856957066&hl=en&as_sdt=1,5&sciodt=1,5&as_vis=1", "authors": "K SARUN, S SANDIP, K LAXMAN - Russian Open Medical Journal", "excerpt": "Learning styles is a term used to refer to the methods of gathering, processing, interpreting, organizing and thinking about information. Students have different learning styles, which is the reason for the diversity seen in classrooms in regards to how students acquire  ...", "url_pdf": null, "num_citations": 4, "cluster_id": "7044811661856957066", "year": "2014", "url_citations": "http://scholar.google.com/scholar?cites=7044811661856957066&as_sdt=2005&sciodt=1,5&hl=en"}, {"num_versions": 5, "url_citation": null, "title": "Superficial and deep learning approaches among medical students in an interdisciplinary integrated curriculum", "url": "http://educationforhealth.net/article.asp?issn=1357-6283;year=2014;volume=27;issue=1;spage=10;epage=14;aulast=Mirghani", "url_versions": "http://scholar.google.com/scholar?cluster=3500536243289167742&hl=en&as_sdt=1,5&sciodt=1,5&as_vis=1", "authors": "HM Mirghani, M Ezimokhai, S Shaban\u2026 - Education for  \u2026", "excerpt": "Abstract Introduction: Students' learning approaches have a significant impact on the success of the educational experience, and a mismatch between instructional methods and the learning approach is very likely to create an obstacle to learning. Educational institutes ...", "url_pdf": null, "num_citations": 1, "cluster_id": "3500536243289167742", "year": "2014", "url_citations": "http://scholar.google.com/scholar?cites=3500536243289167742&as_sdt=2005&sciodt=1,5&hl=en"}, {"num_versions": 10, "url_citation": null, "title": "Novel Ideas and Approaches to Learning Medical Sciences", "url": "http://www.indianjournals.com/ijor.aspx?target=ijor:jiafm&volume=32&issue=2&article=007", "url_versions": "http://scholar.google.com/scholar?cluster=1011216365359300487&hl=en&as_sdt=1,5&sciodt=1,5&as_vis=1", "authors": "C Prakash, B Srivastava, S Gaur\u2026 - Journal of Indian  \u2026", "excerpt": "Medicine is a progressive discipline for medical students who are going to be future doctors. Therefore to determine the opinion of students regarding the 2nd Professional MBBS subject, teaching methodology, reforms to be introduced, computer and Internet use and  ...", "url_pdf": null, "num_citations": 1, "cluster_id": "1011216365359300487", "year": "2010", "url_citations": "http://scholar.google.com/scholar?cites=1011216365359300487&as_sdt=2005&sciodt=1,5&hl=en"}, {"num_versions": 14, "url_citation": null, "title": "Medical students' achievement on the Bachelor of Medicine, Bachelor of Surgery/Chirurgery Final Part I and II licensing examination: a comparison of students \u2026", "url": "http://www.ncbi.nlm.nih.gov/pmc/articles/PMC4026852/", "url_versions": "http://scholar.google.com/scholar?cluster=7701368096300698180&hl=en&as_sdt=1,5&sciodt=1,5&as_vis=1", "authors": "V Mogre, A Amalba, M Saaka\u2026 - Journal of educational  \u2026", "excerpt": "Purpose: Problem-based learning is an established method of teaching and learning in medical education. However, its impact on students' achievement on examinations is varied and inconsistent. We compared the levels of achievement on the Bachelor of Medicine,  ...", "url_pdf": null, "num_citations": 2, "cluster_id": "7701368096300698180", "year": "2014", "url_citations": "http://scholar.google.com/scholar?cites=7701368096300698180&as_sdt=2005&sciodt=1,5&hl=en"}, {"num_versions": 4, "url_citation": null, "title": "Change in Medical Students' Readiness for Selfdirected Learning after a Partially Problembased Learning First Year Curriculum at the KIST Medical College  \u2026", "url": "http://www.educationforhealth.net/article.asp?issn=1357-6283;year=2011;volume=24;issue=2;spage=552;epage=552;aulast=Shankar", "url_versions": "http://scholar.google.com/scholar?cluster=3963497442890828116&hl=en&as_sdt=1,5&sciodt=1,5&as_vis=1", "authors": "R Shankar, O Bajracharya, N Jha\u2026 - Education for  \u2026", "excerpt": "Abstract Introduction: Modern medical education and the requirement for lifelong learning place increasing emphasis on self-directed learning. Studies have not been done on readiness for self-directed learning (SDL) among medical students in Nepal. The present  ...", "url_pdf": null, "num_citations": 10, "cluster_id": "3963497442890828116", "year": "2011", "url_citations": "http://scholar.google.com/scholar?cites=3963497442890828116&as_sdt=2005&sciodt=1,5&hl=en"}]