[{"num_versions": 7, "url_citation": null, "title": "Collaborative Learning in an Online Course: A Comparison of Communication Patterns in Small and Large Group Activities", "url": "http://ijede.ca/index.php/jde/article/view/647", "url_versions": "http://scholar.google.com/scholar?cluster=1218068894967640003&hl=en&as_sdt=1,5&sciodt=1,5&as_vis=1", "authors": "N Jahng, WS Nielsen, EKH Chan - International Journal of E-Learning &  \u2026", "excerpt": "Abstract This article reports on the investigation of collaborative learning processes in an online course that examined students' communication during whole-group discussions and small-group activities. Content analysis and social network analysis methods were  ...", "url_pdf": null, "num_citations": 38, "cluster_id": "1218068894967640003", "year": "2010", "url_citations": "http://scholar.google.com/scholar?cites=1218068894967640003&as_sdt=2005&sciodt=1,5&hl=en"}, {"num_versions": 4, "url_citation": null, "title": "Analysing students' engagement and learning presence in an educational blog community", "url": "http://www.tandfonline.com/doi/abs/10.1080/09523987.2012.738012", "url_versions": "http://scholar.google.com/scholar?cluster=10272400926466710622&hl=en&as_sdt=1,5&sciodt=1,5&as_vis=1", "authors": "S Angelaina, A Jimoyiannis - Educational Media International", "excerpt": "This paper reports on a case study investigating students' participation and learning presence in an educational blog implemented as a cross-thematic inquiry activity exploring and debating on the acid rain problem. Twenty-one secondary education students (14\u201315  ...", "url_pdf": null, "num_citations": 12, "cluster_id": "10272400926466710622", "year": "2012", "url_citations": "http://scholar.google.com/scholar?cites=10272400926466710622&as_sdt=2005&sciodt=1,5&hl=en"}, {"num_versions": 4, "url_citation": null, "title": "The changing nature of online communities of inquiry: An analysis of how discourse and time shapes students' perceptions of presence", "url": "http://www.academia.edu/download/30506695/AECT2009CoI_Discourse.pdf", "url_versions": "http://scholar.google.com/scholar?cluster=2650019707157580822&hl=en&as_sdt=1,5&sciodt=1,5&as_vis=1", "authors": "PR Lowenthal, DA Lowenthal\u2026 - 32nd Annual proceedings:  \u2026", "excerpt": "The Community of Inquiry (CoI) framework was developed as a theoretical framework to support the practice and research of online learning. Garrison, Anderson, and Archer (2000) theorized that meaningful learning online takes place in a CoI made of teachers and  ...", "url_pdf": "http://www.academia.edu/download/30506695/AECT2009CoI_Discourse.pdf", "num_citations": 7, "cluster_id": "2650019707157580822", "year": "2009", "url_citations": "http://scholar.google.com/scholar?cites=2650019707157580822&as_sdt=2005&sciodt=1,5&hl=en"}, {"num_versions": 3, "url_citation": null, "title": "Cr\u00e9er de la pr\u00e9sence \u00e0 distance en e-learning", "url": "http://www.cairn.info/resume.php?ID_ARTICLE=DIS_082_0257", "url_versions": "http://scholar.google.com/scholar?cluster=4402888621176054457&hl=en&as_sdt=1,5&sciodt=1,5&as_vis=1", "authors": "A J\u00e9z\u00e9gou - Distances et savoirs", "excerpt": "R\u00c9SUM\u00c9. L'article pr\u00e9sente la synth\u00e8se d'un travail que nous avons men\u00e9 pour mod\u00e9liser la pr\u00e9sence en e-learning. Ce travail vise une nouvelle perspective th\u00e9orique \u00e0 la notion de pr\u00e9sence. En effet, elle diff\u00e8re de celle propos\u00e9e par le mod\u00e8le anglophone nord  ...", "url_pdf": null, "num_citations": 31, "cluster_id": "4402888621176054457", "year": "2010", "url_citations": "http://scholar.google.com/scholar?cites=4402888621176054457&as_sdt=2005&sciodt=1,5&hl=en"}, {"num_versions": 0, "url_citation": null, "title": "Online discussions: improving education in CS?", "url": "http://dl.acm.org/citation.cfm?id=2538898", "url_versions": null, "authors": "RP Mihail, B Rubin, J Goldsmith - \u2026  of the 45th ACM technical symposium  \u2026", "excerpt": "Abstract Asynchronous online discussions are considered the cornerstone of online education. Many instructors of face-to-face courses are\" web-enabling\" their classes to improve learning through critical inquiry using online discussions. In this exploratory study ...", "url_pdf": null, "num_citations": 4, "cluster_id": "12287675651349440716", "year": "2014", "url_citations": "http://scholar.google.com/scholar?cites=12287675651349440716&as_sdt=2005&sciodt=1,5&hl=en"}, {"num_versions": 8, "url_citation": null, "title": "Exploring asynchronous and synchronous tool use in online courses", "url": "http://www.sciencedirect.com/science/article/pii/S0360131512001935", "url_versions": "http://scholar.google.com/scholar?cluster=6407382719787537961&hl=en&as_sdt=1,5&sciodt=1,5&as_vis=1", "authors": "M Oztok, D Zingaro, C Brett, J Hewitt - Computers & Education", "excerpt": "While the independent contributions of synchronous and asynchronous interaction in online learning are clear, comparatively less is known about the pedagogical consequences of using both modes in the same environment. In this study, we examine relationships  ...", "url_pdf": null, "num_citations": 30, "cluster_id": "6407382719787537961", "year": "2013", "url_citations": "http://scholar.google.com/scholar?cites=6407382719787537961&as_sdt=2005&sciodt=1,5&hl=en"}, {"num_versions": 13, "url_citation": null, "title": "A communication-focused model for learning and education", "url": "http://papers.ssrn.com/sol3/papers.cfm?abstract_id=2239229", "url_versions": "http://scholar.google.com/scholar?cluster=7287790649140107084&hl=en&as_sdt=1,5&sciodt=1,5&as_vis=1", "authors": "VP George - Business Education & Accreditation", "excerpt": "Abstract: Discontinuities in markets and technology as well as issues of performance are roiling the field of higher education. Despite the profusion of educational and learning concepts, a comprehensive model for both explaining and testing for educational  ...", "url_pdf": null, "num_citations": 3, "cluster_id": "7287790649140107084", "year": "2013", "url_citations": "http://scholar.google.com/scholar?cites=7287790649140107084&as_sdt=2005&sciodt=1,5&hl=en"}, {"num_versions": 2, "url_citation": null, "title": "An exploration of synchronous communication in an online preservice ESOL course: Community of inquiry perspective", "url": "http://usf.sobek.ufl.edu/content/SF/S0/02/80/64/00001/E14-SFE0004775.pdf", "url_versions": "http://scholar.google.com/scholar?cluster=1520035865775825383&hl=en&as_sdt=1,5&sciodt=1,5&as_vis=1", "authors": "AT Tolu -", "excerpt": "ACKNOWLEDGMENTS I owe special thanks to several people who helped me conduct this dissertation. First and foremost, I would like to thank my major professor, Dr. Linda Evans for her outstanding mentoring, expert guidance, patience, and for always being available and  ...", "url_pdf": "http://usf.sobek.ufl.edu/content/SF/S0/02/80/64/00001/E14-SFE0004775.pdf", "num_citations": 4, "cluster_id": "1520035865775825383", "year": "2010", "url_citations": "http://scholar.google.com/scholar?cites=1520035865775825383&as_sdt=2005&sciodt=1,5&hl=en"}, {"num_versions": 9, "url_citation": null, "title": "Social presence within the community of inquiry framework", "url": "http://www.irrodl.org/index.php/irrodl/article/view/924", "url_versions": "http://scholar.google.com/scholar?cluster=4716777811047035330&hl=en&as_sdt=1,5&sciodt=1,5&as_vis=1", "authors": "D Annand - The International Review of Research in Open and  \u2026", "excerpt": "Abstract The role of social presence as defined by the community of inquiry (CoI) framework is critiqued through a review of recent literature. Evidence is presented that questions the actual extent of knowledge co-construction that occurs in most higher education settings  ...", "url_pdf": null, "num_citations": 80, "cluster_id": "4716777811047035330", "year": "2011", "url_citations": "http://scholar.google.com/scholar?cites=4716777811047035330&as_sdt=2005&sciodt=1,5&hl=en"}, {"num_versions": 5, "url_citation": null, "title": "Twelve important minutes: introducing enhanced online materials about elder abuse to nursing assistants", "url": "http://search.proquest.com/openview/335074977515e1d19ccbae95a3f72202/1?pq-origsite=gscholar", "url_versions": "http://scholar.google.com/scholar?cluster=6832241911302445413&hl=en&as_sdt=1,5&sciodt=1,5&as_vis=1", "authors": "MK Smith, MA Kina Jackson RN\u2026 - The Journal of  \u2026", "excerpt": "Abstract A pilot project introduced 12 minutes of text and video materials and a reflective online interaction about elder abuse into the online component of a hybrid course in nursing assistant training leading to certification. Didactic presentations on issues of ethics and  ...", "url_pdf": null, "num_citations": 10, "cluster_id": "6832241911302445413", "year": "2010", "url_citations": "http://scholar.google.com/scholar?cites=6832241911302445413&as_sdt=2005&sciodt=1,5&hl=en"}, {"num_versions": 9, "url_citation": null, "title": "Subject line preferences and other factors contributing to coherence and interaction in student discussion forums", "url": "http://www.sciencedirect.com/science/article/pii/S0360131512001650", "url_versions": "http://scholar.google.com/scholar?cluster=14294588714950806091&hl=en&as_sdt=1,5&sciodt=1,5&as_vis=1", "authors": "J Skogs - Computers & Education", "excerpt": "A number of factors may affect student interaction in an asynchronous online discussion forum used in learning. This study deals with student preferences for the subject line of messages and in what ways the choice of subject line contributes to coherence and  ...", "url_pdf": null, "num_citations": 4, "cluster_id": "14294588714950806091", "year": "2013", "url_citations": "http://scholar.google.com/scholar?cites=14294588714950806091&as_sdt=2005&sciodt=1,5&hl=en"}, {"num_versions": 5, "url_citation": null, "title": "Student Moderators in Asynchronous Online Discussion: a Question of Questions.", "url": "http://scholar.google.com/https://tspace.library.utoronto.ca/handle/1807/42295", "url_versions": "http://scholar.google.com/scholar?cluster=16226137240065074533&hl=en&as_sdt=1,5&sciodt=1,5&as_vis=1", "authors": "D Zingaro -", "excerpt": "Much current research exalts the benefits of having students facilitate weekly discussions in asynchronous online courses. This study seeks to add to what is known about student moderation through an analysis of the types of questions students use to spur each  ...", "url_pdf": null, "num_citations": 7, "cluster_id": "16226137240065074533", "year": "2012", "url_citations": "http://scholar.google.com/scholar?cites=16226137240065074533&as_sdt=2005&sciodt=1,5&hl=en"}, {"num_versions": 8, "url_citation": null, "title": "A Comparison of Non-Mandatory Online Dialogic Behavior in Two Higher Education Blended Environments.", "url": "http://eric.ed.gov/?id=EJ982682", "url_versions": "http://scholar.google.com/scholar?cluster=3871527890317218604&hl=en&as_sdt=1,5&sciodt=1,5&as_vis=1", "authors": "P Gorsky, A Caspi, I Blau - Journal of Asynchronous Learning Networks", "excerpt": "ABSTRACT This study compares dialogic behavior in asynchronous course forums from blended learning environments with non-mandatory student participation at a campus-based college and at a distance education, Open University. The goal is to document  ...", "url_pdf": null, "num_citations": 3, "cluster_id": "3871527890317218604", "year": "2012", "url_citations": "http://scholar.google.com/scholar?cites=3871527890317218604&as_sdt=2005&sciodt=1,5&hl=en"}, {"num_versions": 6, "url_citation": null, "title": "Social presence and online learning: A review of research", "url": "http://www.ijede.ca/index.php/jde/article/view/758", "url_versions": "http://scholar.google.com/scholar?cluster=12850514668392266316&hl=en&as_sdt=1,5&sciodt=1,5&as_vis=1", "authors": "M Oztok, C Brett - International Journal of E-Learning & Distance  \u2026", "excerpt": "Abstract Tracing the ways in which social presence is defined and operationalized in the online learning literature, this article analyzes the parallels and places of dissent within the literature of social presence. The review of literature categorizes the research into three \u201c ...", "url_pdf": null, "num_citations": 34, "cluster_id": "12850514668392266316", "year": "2011", "url_citations": "http://scholar.google.com/scholar?cites=12850514668392266316&as_sdt=2005&sciodt=1,5&hl=en"}, {"num_versions": 6, "url_citation": null, "title": "Social presence: What is it? How do we measure it?", "url": "http://gradworks.umi.com/35/06/3506428.html", "url_versions": "http://scholar.google.com/scholar?cluster=11553041774500049198&hl=en&as_sdt=1,5&sciodt=1,5&as_vis=1", "authors": "PR Lowenthal -", "excerpt": "Abstract: Social presence theory is a central concept in online learning. Hundreds of studies have investigated social presence and online learning. However, despite the continued interest in social presence and online learning, many questions remain about the nature  ...", "url_pdf": null, "num_citations": 6, "cluster_id": "11553041774500049198", "year": "2012", "url_citations": "http://scholar.google.com/scholar?cites=11553041774500049198&as_sdt=2005&sciodt=1,5&hl=en"}, {"num_versions": 6, "url_citation": null, "title": "The making of an exemplary online educator", "url": "http://www.tandfonline.com/doi/abs/10.1080/01587919.2011.565499", "url_versions": "http://scholar.google.com/scholar?cluster=11947587668158751728&hl=en&as_sdt=1,5&sciodt=1,5&as_vis=1", "authors": "M Edwards, B Perry, K Janzen - Distance Education", "excerpt": "What does it take to be an effective online educator? Can those who teach successfully face\u2010to\u2010face be equally effective online? This article details a descriptive qualitative research study of students' perspectives regarding qualities of exceptional online educators.  ...", "url_pdf": null, "num_citations": 48, "cluster_id": "11947587668158751728", "year": "2011", "url_citations": "http://scholar.google.com/scholar?cites=11947587668158751728&as_sdt=2005&sciodt=1,5&hl=en"}, {"num_versions": 3, "url_citation": null, "title": "Virtual high school teacher and student reactions to the social presence model", "url": "http://www.ncolr.org/jiol/issues/pdf/12.3.4.pdf", "url_versions": "http://scholar.google.com/scholar?cluster=3499787324111570792&hl=en&as_sdt=1,5&sciodt=1,5&as_vis=1", "authors": "AG Dikkers, AL Whiteside, S Lewis - Journal of Interactive Online Learning", "excerpt": "Abstract Using the Social Presence Model (SPM), the authors explore the teacher and student experience at the North Carolina Virtual Public School (NCVPS), the largest public online secondary school where teachers design and develop the curriculum. Through a  ...", "url_pdf": "http://www.ncolr.org/jiol/issues/pdf/12.3.4.pdf", "num_citations": 6, "cluster_id": "3499787324111570792", "year": "2013", "url_citations": "http://scholar.google.com/scholar?cites=3499787324111570792&as_sdt=2005&sciodt=1,5&hl=en"}, {"num_versions": 29, "url_citation": null, "title": "Using technology to enhance higher education", "url": "http://link.springer.com/article/10.1007/s10755-010-9167-3", "url_versions": "http://scholar.google.com/scholar?cluster=14351382049368613979&hl=en&as_sdt=1,5&sciodt=1,5&as_vis=1", "authors": "SL Renes, AT Strange - Innovative Higher Education", "excerpt": "Abstract Whether our students are sitting in the room with us as we teach, sitting in their home listening, participating by video-conference, or answering discussion questions on an online platform, technology can play a pivotal role in student learning. In this article we  ...", "url_pdf": null, "num_citations": 33, "cluster_id": "14351382049368613979", "year": "2011", "url_citations": "http://scholar.google.com/scholar?cites=14351382049368613979&as_sdt=2005&sciodt=1,5&hl=en"}, {"num_versions": 4, "url_citation": null, "title": "The effects of technology on the Community of Inquiry and satisfaction with online courses", "url": "http://www.sciencedirect.com/science/article/pii/S1096751612000632", "url_versions": "http://scholar.google.com/scholar?cluster=10125124358729468338&hl=en&as_sdt=1,5&sciodt=1,5&as_vis=1", "authors": "B Rubin, R Fernandes, MD Avgerinou - The Internet and Higher Education", "excerpt": "This paper extends the research on the Community of Inquiry (CoI) framework of understanding features of successful online learning to include the effects of the software used to support and facilitate it. This study examines how the Learning Management  ...", "url_pdf": null, "num_citations": 24, "cluster_id": "10125124358729468338", "year": "2013", "url_citations": "http://scholar.google.com/scholar?cites=10125124358729468338&as_sdt=2005&sciodt=1,5&hl=en"}, {"num_versions": 3, "url_citation": null, "title": "Good practice report: Blended learning", "url": "http://eprints.qut.edu.au/47566", "url_versions": "http://scholar.google.com/scholar?cluster=7202135201432597079&hl=en&as_sdt=1,5&sciodt=1,5&as_vis=1", "authors": "H Partridge, D Ponting, M McCay -", "excerpt": "In early 2011, the Australian Learning and Teaching Council Ltd (ALTC) commissioned a series of Good Practice Reports on completed ALTC projects and fellowships. This report will:\u2022 Provide a summative evaluation of the good practices and key outcomes for teaching  ...", "url_pdf": null, "num_citations": 16, "cluster_id": "7202135201432597079", "year": "2011", "url_citations": "http://scholar.google.com/scholar?cites=7202135201432597079&as_sdt=2005&sciodt=1,5&hl=en"}, {"num_versions": 0, "url_citation": null, "title": "An activity theory analysis of social epistemologies within tertiary-level eLearning environments", "url": "http://researchcommons.waikato.ac.nz/handle/10289/4184", "url_versions": null, "authors": "NC Westberry -", "excerpt": "In recent years, eLearning or the use of information and communication technology (ICT) in tertiary-level educational environments has experienced phenomenal growth. There is an extensive body of research that has established the pedagogic value of eLearning. The  ...", "url_pdf": null, "num_citations": 6, "cluster_id": "2083803791043582363", "year": "2009", "url_citations": "http://scholar.google.com/scholar?cites=2083803791043582363&as_sdt=2005&sciodt=1,5&hl=en"}, {"num_versions": 6, "url_citation": null, "title": "Key issues in e-learning: Research and practice", "url": "http://scholar.google.com/https://books.google.com/books?hl=en&lr=&id=c2bOBAAAQBAJ&oi=fnd&pg=PP1&ots=9Qy71OU15m&sig=oQW1yOR6mGDC-UOFdok0zF7MpsU", "url_versions": "http://scholar.google.com/scholar?cluster=11586052049760055048&hl=en&as_sdt=1,5&sciodt=1,5&as_vis=1", "authors": "N Pachler, C Daly -", "excerpt": "Key Issues in e-Learning: Research and Practice   ... Also available from Continuum Key Ideas in Educational Research, Marlene Morrison and David Scott Handbook of Online Education, Debra Marsh, Clare Killen and Shirley Bennett The e-Assessment Handbook, Geoffrey  ... ", "url_pdf": null, "num_citations": 31, "cluster_id": "11586052049760055048", "year": "2011", "url_citations": "http://scholar.google.com/scholar?cites=11586052049760055048&as_sdt=2005&sciodt=1,5&hl=en"}, {"num_versions": 11, "url_citation": null, "title": "Problems measuring social presence in a community of inquiry", "url": "http://ldm.sagepub.com/content/11/1/19.short", "url_versions": "http://scholar.google.com/scholar?cluster=13368934085076177689&hl=en&as_sdt=1,5&sciodt=1,5&as_vis=1", "authors": "PR Lowenthal, JC Dunlap - E-Learning and Digital Media", "excerpt": "Abstract To improve Community of Inquiry research, a group of researchers created the Community of Inquiry Questionnaire (CoIQ). While the development of the CoIQ is a step in the right direction, this instrument does not align as well as it could with previous research  ...", "url_pdf": null, "num_citations": 6, "cluster_id": "13368934085076177689", "year": "2014", "url_citations": "http://scholar.google.com/scholar?cites=13368934085076177689&as_sdt=2005&sciodt=1,5&hl=en"}, {"num_versions": 8, "url_citation": null, "title": "A critique of the community of inquiry framework", "url": "http://www.ijede.ca/index.php/jde/article/view/755", "url_versions": "http://scholar.google.com/scholar?cluster=15444953379728790334&hl=en&as_sdt=1,5&sciodt=1,5&as_vis=1", "authors": "C Xin - International Journal of E-Learning & Distance  \u2026", "excerpt": "Abstract This conceptual paper critiques the popular Community of Inquiry (CoI) framework that is widely used for studying text-based asynchronous online discussion. It re-examines the three main aspects of the CoI framework (cognitive presence, social presence, and  ...", "url_pdf": null, "num_citations": 18, "cluster_id": "15444953379728790334", "year": "2012", "url_citations": "http://scholar.google.com/scholar?cites=15444953379728790334&as_sdt=2005&sciodt=1,5&hl=en"}, {"num_versions": 0, "url_citation": null, "title": "Designing for affect: The potential of social networking for teacher education", "url": "http://www.aect.org/pdf/proceedings09/2009/09_23.pdf", "url_versions": null, "authors": "E Hoffman - 32nd Annual Proceedings of the", "excerpt": "Background While more students are experiencing distance education, few report that they make this choice primarily because they like distance learning (DL) classes. Typical reasons are more commonly related to flexibility in scheduling or geographic issues that create  ...", "url_pdf": "http://www.aect.org/pdf/proceedings09/2009/09_23.pdf", "num_citations": 3, "cluster_id": "4534597692457321577", "year": "2009", "url_citations": "http://scholar.google.com/scholar?cites=4534597692457321577&as_sdt=2005&sciodt=1,5&hl=en"}, {"num_versions": 14, "url_citation": null, "title": "A dialogic approach to online facilitation", "url": "http://ascilite.org.au/ajet/submission/index.php/AJET/article/view/1102", "url_versions": "http://scholar.google.com/scholar?cluster=1518452986816074436&hl=en&as_sdt=1,5&sciodt=1,5&as_vis=1", "authors": "J Swann - Australasian Journal of Educational Technology", "excerpt": "Abstract Social construction of understanding has long been a significant underlying principle of learning and teaching, and while there are many models for the design of online activities to promote this, there are considerably fewer models for the facilitation of such  ...", "url_pdf": null, "num_citations": 15, "cluster_id": "1518452986816074436", "year": "2010", "url_citations": "http://scholar.google.com/scholar?cites=1518452986816074436&as_sdt=2005&sciodt=1,5&hl=en"}, {"num_versions": 21, "url_citation": null, "title": "Community of Inquiry en e-learning: \u00e0 propos du mod\u00e8le de Garrison et d'Anderson", "url": "http://www.ijede.ca/index.php/jde/article/view/652", "url_versions": "http://scholar.google.com/scholar?cluster=8477210801917609475&hl=en&as_sdt=1,5&sciodt=1,5&as_vis=1", "authors": "A J\u00e9z\u00e9gou - International Journal of E-Learning & Distance  \u2026", "excerpt": "Abstract Cet article s' appuie sur une analyse critique et constructive du mod\u00e8le de community of inquiry d\u00e9velopp\u00e9 par Garrison et Anderson (2003) dans leurs travaux sur le e-learning. Les deux auteurs pr\u00e9cisent que certaines interactions collaboratives permettent  ...", "url_pdf": null, "num_citations": 24, "cluster_id": "8477210801917609475", "year": "2010", "url_citations": "http://scholar.google.com/scholar?cites=8477210801917609475&as_sdt=2005&sciodt=1,5&hl=en"}, {"num_versions": 0, "url_citation": null, "title": "Exploring Community College Student Perceptions of Online Learning.", "url": "http://eric.ed.gov/?id=ED519185", "url_versions": null, "authors": "TA Morris -", "excerpt": "Successful completion of online courses by community college students is an issue both at the national and local level. The purpose of this qualitative, phenomenological study was to explore community college student perceptions of online learning within the theoretical  ...", "url_pdf": null, "num_citations": 17, "cluster_id": "15266873647185358567", "year": "2010", "url_citations": "http://scholar.google.com/scholar?cites=15266873647185358567&as_sdt=2005&sciodt=1,5&hl=en"}, {"num_versions": 9, "url_citation": null, "title": "Bridging the Students' and Instructor's Experiences: Exploring Instructional Potential of Videoconference in Multi-Campus Universities.", "url": "http://eric.ed.gov/?id=EJ1018175", "url_versions": "http://scholar.google.com/scholar?cluster=16119288847242321554&hl=en&as_sdt=1,5&sciodt=1,5&as_vis=1", "authors": "E Szeto - Turkish Online Journal of Educational Technology- \u2026", "excerpt": "ABSTRACT Videoconferencing was often used to distribute live or pre-recorded lectures to students at remote sites. This paper reports a recent study of videoconferencing as a form of technology-enabled learning and teaching in higher education. Videoconferencing was  ...", "url_pdf": null, "num_citations": 3, "cluster_id": "16119288847242321554", "year": "2014", "url_citations": "http://scholar.google.com/scholar?cites=16119288847242321554&as_sdt=2005&sciodt=1,5&hl=en"}, {"num_versions": 5, "url_citation": null, "title": "The relationship between academic discipline and dialogic behavior in open university course forums", "url": "http://www.irrodl.org/index.php/irrodl/article/viewArticle/820", "url_versions": "http://scholar.google.com/scholar?cluster=5879272866742172778&hl=en&as_sdt=1,5&sciodt=1,5&as_vis=1", "authors": "P Gorsky, A Caspi, A Antonovsky, I Blau\u2026 - The International Review  \u2026", "excerpt": "Abstract The objective of this study was to determine the relationship between disciplinary difference (exact and natural sciences versus humanities) and the dialogic behavior that occurred in Open University course forums. Dialogic behavior was measured in terms of  ...", "url_pdf": null, "num_citations": 28, "cluster_id": "5879272866742172778", "year": "2010", "url_citations": "http://scholar.google.com/scholar?cites=5879272866742172778&as_sdt=2005&sciodt=1,5&hl=en"}, {"num_versions": 3, "url_citation": null, "title": "Online social presence and its correlation with learning", "url": "http://www.inderscienceonline.com/doi/abs/10.1504/IJSMILE.2013.051653", "url_versions": "http://scholar.google.com/scholar?cluster=14378290891856762177&hl=en&as_sdt=1,5&sciodt=1,5&as_vis=1", "authors": "P Kawachi - International Journal of Social Media and  \u2026", "excerpt": "Social media operate through telepresence and so-called online social presence. This paper explores how well online social presence is indeed correlated with achieved quality of academic learning. The key issue lies in appropriately defining the concept of social  ...", "url_pdf": null, "num_citations": 12, "cluster_id": "14378290891856762177", "year": "2013", "url_citations": "http://scholar.google.com/scholar?cites=14378290891856762177&as_sdt=2005&sciodt=1,5&hl=en"}, {"num_versions": 6, "url_citation": null, "title": "Online instructional effort measured through the lens of teaching presence in the community of inquiry framework: A re-examination of measures and approach", "url": "http://www.irrodl.org/index.php/irrodl/article/viewArticle/915", "url_versions": "http://scholar.google.com/scholar?cluster=628108845825285891&hl=en&as_sdt=1,5&sciodt=1,5&as_vis=1", "authors": "P Shea, S Hayes, J Vickers - The International Review of Research in  \u2026", "excerpt": "Abstract With more than 4 million students enrolled in online courses in the US alone (Allen & Seaman, 2010), it is now time to inquire into the nature of instructional effort in online environments. Reflecting the community of inquiry (CoI) framework (Garrison, Anderson, &  ...", "url_pdf": null, "num_citations": 63, "cluster_id": "628108845825285891", "year": "2010", "url_citations": "http://scholar.google.com/scholar?cites=628108845825285891&as_sdt=2005&sciodt=1,5&hl=en"}, {"num_versions": 7, "url_citation": null, "title": "Designing asynchronous online discussion environments: Recent progress and possible future directions", "url": "http://onlinelibrary.wiley.com/doi/10.1111/j.1467-8535.2012.01330.x/full", "url_versions": "http://scholar.google.com/scholar?cluster=12396378051504329063&hl=en&as_sdt=1,5&sciodt=1,5&as_vis=1", "authors": "F Gao, T Zhang, T Franklin - British Journal of Educational  \u2026", "excerpt": "Abstract Asynchronous online discussion environments are important platforms to support learning. Research suggests, however, threaded forums, one of the most popular asynchronous discussion environments, do not often foster productive online discussions  ...", "url_pdf": null, "num_citations": 21, "cluster_id": "12396378051504329063", "year": "2013", "url_citations": "http://scholar.google.com/scholar?cites=12396378051504329063&as_sdt=2005&sciodt=1,5&hl=en"}, {"num_versions": 7, "url_citation": null, "title": "Interaction in an Asynchronous Online Course: A Synthesis of Quantitative Predictors.", "url": "http://eric.ed.gov/?id=EJ982683", "url_versions": "http://scholar.google.com/scholar?cluster=14842094370817109695&hl=en&as_sdt=1,5&sciodt=1,5&as_vis=1", "authors": "D Zingaro, M Oztok - Journal of Asynchronous Learning Networks", "excerpt": "ABSTRACT The effectiveness and potential of asynchronous online courses hinge on sustained, purposeful interaction. And while many factors affecting interaction have been uncovered by prior literature, there are few accounts of the relative importance of these  ...", "url_pdf": null, "num_citations": 9, "cluster_id": "14842094370817109695", "year": "2012", "url_citations": "http://scholar.google.com/scholar?cites=14842094370817109695&as_sdt=2005&sciodt=1,5&hl=en"}, {"num_versions": 4, "url_citation": null, "title": "Measuring meaningful outcomes in consequential contexts: searching for a happy medium in educational technology research (Phase II)", "url": "http://link.springer.com/article/10.1007/s12528-013-9074-6", "url_versions": "http://scholar.google.com/scholar?cluster=16904287598859523799&hl=en&as_sdt=1,5&sciodt=1,5&as_vis=1", "authors": "SM Ross, JR Morrison - Journal of Computing in Higher Education", "excerpt": "Abstract In a paper published 25 years ago, Ross and Morrison (Educ Technol Res Dev 37 (1): 19\u201333, 1989) called for a \u201chappy medium\u201d in educational technology research, to be achieved by balancing high rigor of studies (internal validity) with relevance to real-world  ...", "url_pdf": null, "num_citations": 4, "cluster_id": "16904287598859523799", "year": "2014", "url_citations": "http://scholar.google.com/scholar?cites=16904287598859523799&as_sdt=2005&sciodt=1,5&hl=en"}, {"num_versions": 8, "url_citation": null, "title": "Cognitive presence and online learner engagement: A cluster analysis of the community of inquiry framework", "url": "http://link.springer.com/article/10.1007/s12528-009-9024-5", "url_versions": "http://scholar.google.com/scholar?cluster=7927999538251961442&hl=en&as_sdt=1,5&sciodt=1,5&as_vis=1", "authors": "P Shea, T Bidjerano - Journal of Computing in Higher Education", "excerpt": "Abstract In this paper we make the case that online learning continues to grow at a rapid rate and that understanding this innovative mode of education requires analysis that is both conceptually and empirically driven. This study inquires into the concept of cognitive  ...", "url_pdf": null, "num_citations": 36, "cluster_id": "7927999538251961442", "year": "2009", "url_citations": "http://scholar.google.com/scholar?cites=7927999538251961442&as_sdt=2005&sciodt=1,5&hl=en"}, {"num_versions": 4, "url_citation": null, "title": "Participation and cognitive quality profiles in an online discussion forum", "url": "http://onlinelibrary.wiley.com/doi/10.1111/j.1467-8535.2011.01179.x/full", "url_versions": "http://scholar.google.com/scholar?cluster=3752180842038746810&hl=en&as_sdt=1,5&sciodt=1,5&as_vis=1", "authors": "M Naranjo, J Onrubia\u2026 - British Journal of  \u2026", "excerpt": "Abstract A case study was used to analyse the relationships between participation in an online discussion forum and the cognitive quality of the contributions made. Participation was calculated using two dimensions: presence (who accesses the environment, how  ...", "url_pdf": null, "num_citations": 9, "cluster_id": "3752180842038746810", "year": "2012", "url_citations": "http://scholar.google.com/scholar?cites=3752180842038746810&as_sdt=2005&sciodt=1,5&hl=en"}, {"num_versions": 4, "url_citation": null, "title": "Comparison of restricted and traditional discussion boards on student critical thinking", "url": "http://search.proquest.com/openview/70e0428c43787792c89a930286645cf1/1?pq-origsite=gscholar", "url_versions": "http://scholar.google.com/scholar?cluster=8179566516273984042&hl=en&as_sdt=1,5&sciodt=1,5&as_vis=1", "authors": "JR Morrison, GS Watson\u2026 - Quarterly Review of  \u2026", "excerpt": "Abstract Interaction is a critical component of distance education and involves the transfer of information between the learner and content, learner and learner, or learner and instructor (Moore, 1989). Current distance education literature has examined the role of interaction,  ...", "url_pdf": null, "num_citations": 4, "cluster_id": "8179566516273984042", "year": "2012", "url_citations": "http://scholar.google.com/scholar?cites=8179566516273984042&as_sdt=2005&sciodt=1,5&hl=en"}, {"num_versions": 6, "url_citation": null, "title": "The Community of Inquiry framework meets the SOLO taxonomy: a process\u2010product model of online learning", "url": "http://www.tandfonline.com/doi/abs/10.1080/09523987.2011.576514", "url_versions": "http://scholar.google.com/scholar?cluster=11897230173163982026&hl=en&as_sdt=1,5&sciodt=1,5&as_vis=1", "authors": "P Shea, M Gozza\u2010Cohen, S Uzuner\u2026 - Educational Media  \u2026", "excerpt": "This paper presents both a conceptual and empirical investigation of teaching and learning in online courses. Employing both the Community of Inquiry framework (CoI) and the Structure of Observed Learning Outcomes (SOLO) taxonomy, two complete online  ...", "url_pdf": null, "num_citations": 12, "cluster_id": "11897230173163982026", "year": "2011", "url_citations": "http://scholar.google.com/scholar?cites=11897230173163982026&as_sdt=2005&sciodt=1,5&hl=en"}, {"num_versions": 8, "url_citation": null, "title": "La pr\u00e9sence en e-learning: mod\u00e8le th\u00e9orique et perspectives pour la recherche", "url": "http://ijede.ca/index.php/jde/article/view/777", "url_versions": "http://scholar.google.com/scholar?cluster=3518624613599331665&hl=en&as_sdt=1,5&sciodt=1,5&as_vis=1", "authors": "A J\u00e9z\u00e9gou - International Journal of E-Learning & Distance  \u2026", "excerpt": "Abstract L'auteure de cet article propose un mod\u00e8le de la pr\u00e9sence en e-learning. Ce mod\u00e8le comporte quelques similitudes avec le mod\u00e8le de community of inquiry en e-learning (Garrison & Anderson, 2003) mais \u00e9galement des diff\u00e9rences importantes. En  ...", "url_pdf": null, "num_citations": 15, "cluster_id": "3518624613599331665", "year": "2012", "url_citations": "http://scholar.google.com/scholar?cites=3518624613599331665&as_sdt=2005&sciodt=1,5&hl=en"}, {"num_versions": 5, "url_citation": null, "title": "Leveraging learning technologies for collaborative writing in an online pharmacotherapy course", "url": "http://www.tandfonline.com/doi/abs/10.1080/01587919.2012.667960", "url_versions": "http://scholar.google.com/scholar?cluster=18240320818694742350&hl=en&as_sdt=1,5&sciodt=1,5&as_vis=1", "authors": "AL Pittenger, B Olson-Kellogg - Distance Education", "excerpt": "The purpose of this project was to evaluate the development and delivery of a hypertext case scenario document to be used as the capstone assessment tool for doctoral-level physical therapy students. The integration of Web-based collaborative tools (PBworks\u2122  ...", "url_pdf": null, "num_citations": 5, "cluster_id": "18240320818694742350", "year": "2012", "url_citations": "http://scholar.google.com/scholar?cites=18240320818694742350&as_sdt=2005&sciodt=1,5&hl=en"}, {"num_versions": 2, "url_citation": null, "title": "How social are social media technologies (SMTs)? A linguistic analysis of university students' experiences of using SMTs for learning", "url": "http://www.sciencedirect.com/science/article/pii/S1096751613000699", "url_versions": "http://scholar.google.com/scholar?cluster=14113548066516811672&hl=en&as_sdt=1,5&sciodt=1,5&as_vis=1", "authors": "C Thompson, K Gray, H Kim - The Internet and Higher Education", "excerpt": "Abstract This study investigated how 20 university students described their collective and individual learning experiences using social media technologies (SMTs). Data consisted of transcribed focus group discussions, which were analysed for students' use of first person  ...", "url_pdf": null, "num_citations": 5, "cluster_id": "14113548066516811672", "year": "2014", "url_citations": "http://scholar.google.com/scholar?cites=14113548066516811672&as_sdt=2005&sciodt=1,5&hl=en"}, {"num_versions": 14, "url_citation": null, "title": "Presence in E-learning: Theoretical Model and Perspectives for Research (originally published in French in Vol. 26 (1))", "url": "http://ijede.ca/index.php/jde/article/view/809", "url_versions": "http://scholar.google.com/scholar?cluster=2685528076025452478&hl=en&as_sdt=1,5&sciodt=1,5&as_vis=1", "authors": "A J\u00e9z\u00e9gou - International Journal of E-Learning & Distance  \u2026", "excerpt": "Abstract This article proposes a model of presence in e-learning that has some similarities with but also some important distinctions from the model of community of inquiry in e-learning (Garrison & Anderson, 2003). It addresses the notion of presence from a different  ...", "url_pdf": null, "num_citations": 5, "cluster_id": "2685528076025452478", "year": "2012", "url_citations": "http://scholar.google.com/scholar?cites=2685528076025452478&as_sdt=2005&sciodt=1,5&hl=en"}, {"num_versions": 9, "url_citation": null, "title": "A re-examination of the community of inquiry framework: Social network and content analysis", "url": "http://www.sciencedirect.com/science/article/pii/S1096751609000682", "url_versions": "http://scholar.google.com/scholar?cluster=10426368705845576600&hl=en&as_sdt=1,5&sciodt=1,5&as_vis=1", "authors": "P Shea, S Hayes, J Vickers, M Gozza-Cohen\u2026 - The Internet and Higher  \u2026", "excerpt": "This study provides a simultaneous examination of all components of the Community of Inquiry (CoI) framework (Garrison, Anderson & Archer, 2000; Anderson, Rourke, Garrison & Archer, 2001; and Rourke, Garrison, Anderson & Archer, 1999) and seeks to extend  ...", "url_pdf": null, "num_citations": 99, "cluster_id": "10426368705845576600", "year": "2010", "url_citations": "http://scholar.google.com/scholar?cites=10426368705845576600&as_sdt=2005&sciodt=1,5&hl=en"}, {"num_versions": 8, "url_citation": null, "title": "Online Classroom or Community-in-the-Making? Instructor Conceptualizations and Teaching Presence in International Online Contexts (Winner 2011 Best Research  \u2026", "url": "http://www.ijede.ca/index.php/jde/article/view/721", "url_versions": "http://scholar.google.com/scholar?cluster=13323867433178194078&hl=en&as_sdt=1,5&sciodt=1,5&as_vis=1", "authors": "T Morgan - International Journal of E-Learning & Distance  \u2026", "excerpt": "Abstract The community of inquiry framework (Garrison, Anderson, & Archer, 2000) has been an important contribution to the online distance education field and has been useful in providing researchers with the construct of\" teaching presence\". Teaching presence as  ...", "url_pdf": null, "num_citations": 21, "cluster_id": "13323867433178194078", "year": "2011", "url_citations": "http://scholar.google.com/scholar?cites=13323867433178194078&as_sdt=2005&sciodt=1,5&hl=en"}]