[{"num_versions": 3, "url_citation": null, "title": "Action recognition with stacked fisher vectors", "url": "http://link.springer.com/chapter/10.1007/978-3-319-10602-1_38", "url_versions": "http://scholar.google.com/scholar?cluster=10147740393136481818&hl=en&as_sdt=1,5&sciodt=1,5&as_vis=1", "authors": "X Peng, C Zou, Y Qiao, Q Peng - Computer Vision\u2013ECCV", "excerpt": "Abstract Representation of video is a vital problem in action recognition. This paper proposes Stacked Fisher Vectors (SFV), a new representation with multi-layer nested Fisher vector encoding, for action recognition. In the first layer, we densely sample large  ...", "url_pdf": null, "num_citations": 28, "cluster_id": "10147740393136481818", "year": "2014", "url_citations": "http://scholar.google.com/scholar?cites=10147740393136481818&as_sdt=2005&sciodt=1,5&hl=en"}, {"num_versions": 10, "url_citation": null, "title": "Label consistent K-SVD: Learning a discriminative dictionary for recognition", "url": "http://ieeexplore.ieee.org/xpls/abs_all.jsp?arnumber=6516503", "url_versions": "http://scholar.google.com/scholar?cluster=9487375902027338416&hl=en&as_sdt=1,5&sciodt=1,5&as_vis=1", "authors": "Z Jiang, Z Lin, LS Davis - Pattern Analysis and Machine  \u2026", "excerpt": "Abstract\u2014A label consistent K-SVD (LC-KSVD) algorithm to learn a discriminative dictionary for sparse coding is presented. In addition to using class labels of training data, we also associate label information with each dictionary item (columns of the dictionary matrix) to  ...", "url_pdf": null, "num_citations": 118, "cluster_id": "9487375902027338416", "year": "2013", "url_citations": "http://scholar.google.com/scholar?cites=9487375902027338416&as_sdt=2005&sciodt=1,5&hl=en"}, {"num_versions": 3, "url_citation": null, "title": "Minimum class variance extreme learning machine for human action recognition", "url": "http://ieeexplore.ieee.org/xpls/abs_all.jsp?arnumber=6542653", "url_versions": "http://scholar.google.com/scholar?cluster=17509847378727996715&hl=en&as_sdt=1,5&sciodt=1,5&as_vis=1", "authors": "A Iosifidis, A Tefas, I Pitas - Circuits and Systems for Video  \u2026", "excerpt": "Abstract\u2014In this paper, we propose a novel method aiming at view-independent human action recognition. Action description is based on local shape and motion information appearing at spatiotemporal locations of interest in a video. Action representation involves  ...", "url_pdf": null, "num_citations": 33, "cluster_id": "17509847378727996715", "year": "2013", "url_citations": "http://scholar.google.com/scholar?cites=17509847378727996715&as_sdt=2005&sciodt=1,5&hl=en"}, {"num_versions": 10, "url_citation": null, "title": "Motionlets: Mid-level 3d parts for human motion recognition", "url": "http://ieeexplore.ieee.org/xpls/abs_all.jsp?arnumber=6619189", "url_versions": "http://scholar.google.com/scholar?cluster=18136417989058317857&hl=en&as_sdt=1,5&sciodt=1,5&as_vis=1", "authors": "LM Wang, Y Qiao, X Tang - Computer Vision and Pattern  \u2026", "excerpt": "Abstract This paper proposes motionlet, a mid-level and spatiotemporal part, for human motion recognition. Motionlet can be seen as a tight cluster in motion and appearance space, corresponding to the moving process of different body parts. We postulate three  ...", "url_pdf": null, "num_citations": 44, "cluster_id": "18136417989058317857", "year": "2013", "url_citations": "http://scholar.google.com/scholar?cites=18136417989058317857&as_sdt=2005&sciodt=1,5&hl=en"}, {"num_versions": 20, "url_citation": null, "title": "Learning and transferring mid-level image representations using convolutional neural networks", "url": "http://ieeexplore.ieee.org/xpls/abs_all.jsp?arnumber=6909618", "url_versions": "http://scholar.google.com/scholar?cluster=13115880976368523375&hl=en&as_sdt=1,5&sciodt=1,5&as_vis=1", "authors": "M Oquab, L Bottou, I Laptev\u2026 - Computer Vision and  \u2026", "excerpt": "Abstract Convolutional neural networks (CNN) have recently shown outstanding image classification performance in the largescale visual recognition challenge (ILSVRC2012). The success of CNNs is attributed to their ability to learn rich midlevel image  ...", "url_pdf": null, "num_citations": 143, "cluster_id": "13115880976368523375", "year": "2014", "url_citations": "http://scholar.google.com/scholar?cites=13115880976368523375&as_sdt=2005&sciodt=1,5&hl=en"}, {"num_versions": 42, "url_citation": null, "title": "Building high-level features using large scale unsupervised learning", "url": "http://ieeexplore.ieee.org/xpls/abs_all.jsp?arnumber=6639343", "url_versions": "http://scholar.google.com/scholar?cluster=13804624732817572151&hl=en&as_sdt=1,5&sciodt=1,5&as_vis=1", "authors": "QV Le - Acoustics, Speech and Signal Processing (ICASSP),  \u2026", "excerpt": "ABSTRACT We consider the problem of building high-level, class-specific feature detectors from only unlabeled data. For example, is it possible to learn a face detector using only unlabeled images? To answer this, we train a deep sparse autoencoder on a large  ...", "url_pdf": null, "num_citations": 605, "cluster_id": "13804624732817572151", "year": "2013", "url_citations": "http://scholar.google.com/scholar?cites=13804624732817572151&as_sdt=2005&sciodt=1,5&hl=en"}, {"num_versions": 10, "url_citation": null, "title": "State of the Art Report on Video\u2010Based Graphics and Video Visualization", "url": "http://onlinelibrary.wiley.com/doi/10.1111/j.1467-8659.2012.03158.x/full", "url_versions": "http://scholar.google.com/scholar?cluster=14543965034259943710&hl=en&as_sdt=1,5&sciodt=1,5&as_vis=1", "authors": "R Borgo, M Chen, B Daubney, E Grundy\u2026 - Computer Graphics  \u2026", "excerpt": "Abstract In recent years, a collection of new techniques which deal with video as input data, emerged in computer graphics and visualization. In this survey, we report the state of the art in video-based graphics and video visualization. We provide a review of techniques for  ...", "url_pdf": null, "num_citations": 22, "cluster_id": "14543965034259943710", "year": "2012", "url_citations": "http://scholar.google.com/scholar?cites=14543965034259943710&as_sdt=2005&sciodt=1,5&hl=en"}, {"num_versions": 9, "url_citation": null, "title": "Learning invariant feature hierarchies", "url": "http://link.springer.com/chapter/10.1007/978-3-642-33863-2_51", "url_versions": "http://scholar.google.com/scholar?cluster=11772628482504608570&hl=en&as_sdt=1,5&sciodt=1,5&as_vis=1", "authors": "Y LeCun - Computer vision\u2013ECCV", "excerpt": "Abstract Fast visual recognition in the mammalian cortex seems to be a hierarchical process by which the representation of the visual world is transformed in multiple stages from low-level retinotopic features to high-level, global and invariant features, and to object  ...", "url_pdf": null, "num_citations": 34, "cluster_id": "11772628482504608570", "year": "2012", "url_citations": "http://scholar.google.com/scholar?cites=11772628482504608570&as_sdt=2005&sciodt=1,5&hl=en"}, {"num_versions": 4, "url_citation": null, "title": "Spatio-temporal Laplacian pyramid coding for action recognition", "url": "http://ieeexplore.ieee.org/xpls/abs_all.jsp?arnumber=6572804", "url_versions": "http://scholar.google.com/scholar?cluster=16129396784217260451&hl=en&as_sdt=1,5&sciodt=1,5&as_vis=1", "authors": "L Shao, X Zhen, D Tao, X Li - Cybernetics, IEEE Transactions  \u2026", "excerpt": "Abstract\u2014We present a novel descriptor, called spatio-temporal Laplacian pyramid coding (STLPC), for holistic representation of human actions. In contrast to sparse representations based on detected local interest points, STLPC regards a video sequence as a whole with  ...", "url_pdf": null, "num_citations": 43, "cluster_id": "16129396784217260451", "year": "2014", "url_citations": "http://scholar.google.com/scholar?cites=16129396784217260451&as_sdt=2005&sciodt=1,5&hl=en"}, {"num_versions": 10, "url_citation": null, "title": "Motion interchange patterns for action recognition in unconstrained videos", "url": "http://link.springer.com/chapter/10.1007/978-3-642-33783-3_19", "url_versions": "http://scholar.google.com/scholar?cluster=8656563845886866236&hl=en&as_sdt=1,5&sciodt=1,5&as_vis=1", "authors": "O Kliper-Gross, Y Gurovich, T Hassner\u2026 - Computer Vision\u2013ECCV  \u2026", "excerpt": "Abstract Action Recognition in videos is an active research field that is fueled by an acute need, spanning several application domains. Still, existing systems fall short of the applications' needs in real-world scenarios, where the quality of the video is less than  ...", "url_pdf": null, "num_citations": 92, "cluster_id": "8656563845886866236", "year": "2012", "url_citations": "http://scholar.google.com/scholar?cites=8656563845886866236&as_sdt=2005&sciodt=1,5&hl=en"}, {"num_versions": 5, "url_citation": null, "title": "Prediction as a candidate for learning deep hierarchical models of data", "url": "http://www2.imm.dtu.dk/pubdb/views/edoc_download.php/6284/pdf/imm6284.pdf", "url_versions": "http://scholar.google.com/scholar?cluster=15523961553761323777&hl=en&as_sdt=1,5&sciodt=1,5&as_vis=1", "authors": "RB Palm - Technical University of Denmark", "excerpt": "Abstract Recent findings [HOT06] have made possible the learning of deep layered hierarchical representations of data mimicking the brains working. It is hoped that this paradigm will unlock some of the power of the brain and lead to advances towards true AI.", "url_pdf": "http://www2.imm.dtu.dk/pubdb/views/edoc_download.php/6284/pdf/imm6284.pdf", "num_citations": 80, "cluster_id": "15523961553761323777", "year": "2012", "url_citations": "http://scholar.google.com/scholar?cites=15523961553761323777&as_sdt=2005&sciodt=1,5&hl=en"}, {"num_versions": 11, "url_citation": null, "title": "Hierarchical aligned cluster analysis for temporal clustering of human motion", "url": "http://ieeexplore.ieee.org/xpls/abs_all.jsp?arnumber=6226420", "url_versions": "http://scholar.google.com/scholar?cluster=2536464090292897390&hl=en&as_sdt=1,5&sciodt=1,5&as_vis=1", "authors": "F Zhou, F De la Torre\u2026 - Pattern Analysis and  \u2026", "excerpt": "Abstract\u2014Temporal segmentation of human motion into plausible motion primitives is central to understanding and building computational models of human motion. Several issues contribute to the challenge of discovering motion primitives: the exponential nature  ...", "url_pdf": null, "num_citations": 79, "cluster_id": "2536464090292897390", "year": "2013", "url_citations": "http://scholar.google.com/scholar?cites=2536464090292897390&as_sdt=2005&sciodt=1,5&hl=en"}, {"num_versions": 14, "url_citation": null, "title": "End-to-end text recognition with convolutional neural networks", "url": "http://ieeexplore.ieee.org/xpls/abs_all.jsp?arnumber=6460871", "url_versions": "http://scholar.google.com/scholar?cluster=10277739624113789727&hl=en&as_sdt=1,5&sciodt=1,5&as_vis=1", "authors": "T Wang, DJ Wu, A Coates, AY Ng - Pattern Recognition (ICPR),  \u2026", "excerpt": "Abstract Full end-to-end text recognition in natural images is a challenging problem that has received much attention recently. Traditional systems in this area have relied on elaborate models incorporating carefully handengineered features or large amounts of prior  ...", "url_pdf": null, "num_citations": 91, "cluster_id": "10277739624113789727", "year": "2012", "url_citations": "http://scholar.google.com/scholar?cites=10277739624113789727&as_sdt=2005&sciodt=1,5&hl=en"}, {"num_versions": 16, "url_citation": null, "title": "High-level event recognition in unconstrained videos", "url": "http://link.springer.com/article/10.1007/s13735-012-0024-2", "url_versions": "http://scholar.google.com/scholar?cluster=17294848848237393145&hl=en&as_sdt=1,5&sciodt=1,5&as_vis=1", "authors": "YG Jiang, S Bhattacharya, SF Chang\u2026 - International Journal of  \u2026", "excerpt": "Abstract The goal of high-level event recognition is to automatically detect complex high-level events in a given video sequence. This is a difficult task especially when videos are captured under unconstrained conditions by non-professionals. Such videos depicting  ...", "url_pdf": null, "num_citations": 66, "cluster_id": "17294848848237393145", "year": "2013", "url_citations": "http://scholar.google.com/scholar?cites=17294848848237393145&as_sdt=2005&sciodt=1,5&hl=en"}, {"num_versions": 7, "url_citation": null, "title": "Discriminative deep metric learning for face verification in the wild", "url": "http://ieeexplore.ieee.org/xpls/abs_all.jsp?arnumber=6909638", "url_versions": "http://scholar.google.com/scholar?cluster=2945321669966143066&hl=en&as_sdt=1,5&sciodt=1,5&as_vis=1", "authors": "J Hu, J Lu, YP Tan - Computer Vision and Pattern Recognition ( \u2026", "excerpt": "Abstract This paper presents a new discriminative deep metric learning (DDML) method for face verification in the wild. Different from existing metric learning-based face verification methods which aim to learn a Mahalanobis distance metric to maximize the inter-class  ...", "url_pdf": null, "num_citations": 40, "cluster_id": "2945321669966143066", "year": "2014", "url_citations": "http://scholar.google.com/scholar?cites=2945321669966143066&as_sdt=2005&sciodt=1,5&hl=en"}, {"num_versions": 11, "url_citation": null, "title": "Decaf: A deep convolutional activation feature for generic visual recognition", "url": "http://arxiv.org/abs/1310.1531", "url_versions": "http://scholar.google.com/scholar?cluster=317747044817730463&hl=en&as_sdt=1,5&sciodt=1,5&as_vis=1", "authors": "J Donahue, Y Jia, O Vinyals, J Hoffman\u2026 - arXiv preprint arXiv: \u2026", "excerpt": "Abstract: We evaluate whether features extracted from the activation of a deep convolutional network trained in a fully supervised fashion on a large, fixed set of object recognition tasks can be re-purposed to novel generic tasks. Our generic tasks may differ significantly from  ...", "url_pdf": null, "num_citations": 398, "cluster_id": "317747044817730463", "year": "2013", "url_citations": "http://scholar.google.com/scholar?cites=317747044817730463&as_sdt=2005&sciodt=1,5&hl=en"}, {"num_versions": 7, "url_citation": null, "title": "Embedding motion and structure features for action recognition", "url": "http://ieeexplore.ieee.org/xpls/abs_all.jsp?arnumber=6413190", "url_versions": "http://scholar.google.com/scholar?cluster=8936581095705973601&hl=en&as_sdt=1,5&sciodt=1,5&as_vis=1", "authors": "X Zhen, L Shao, D Tao, X Li - Circuits and Systems for Video  \u2026", "excerpt": "Abstract\u2014We propose a novel method to model human actions by explicitly coding motion and structure features that are separately extracted from video sequences. Firstly, the motion template (one feature map) is applied to encode the motion information and image planes  ...", "url_pdf": null, "num_citations": 25, "cluster_id": "8936581095705973601", "year": "2013", "url_citations": "http://scholar.google.com/scholar?cites=8936581095705973601&as_sdt=2005&sciodt=1,5&hl=en"}, {"num_versions": 12, "url_citation": null, "title": "Action bank: A high-level representation of activity in video", "url": "http://ieeexplore.ieee.org/xpls/abs_all.jsp?arnumber=6247806", "url_versions": "http://scholar.google.com/scholar?cluster=15092762655906410417&hl=en&as_sdt=1,5&sciodt=1,5&as_vis=1", "authors": "S Sadanand, JJ Corso - Computer Vision and Pattern  \u2026", "excerpt": "Abstract Activity recognition in video is dominated by low-and mid-level features, and while demonstrably capable, by nature, these features carry little semantic meaning. Inspired by the recent object bank approach to image representation, we present Action Bank, a new  ...", "url_pdf": null, "num_citations": 303, "cluster_id": "15092762655906410417", "year": "2012", "url_citations": "http://scholar.google.com/scholar?cites=15092762655906410417&as_sdt=2005&sciodt=1,5&hl=en"}, {"num_versions": 11, "url_citation": null, "title": "Learning discriminative space-time actions from weakly labelled videos.", "url": "http://cms.brookes.ac.uk/staff/FabioCuzzolin/files/ijcv13mil.pdf", "url_versions": "http://scholar.google.com/scholar?cluster=2918966153595411580&hl=en&as_sdt=1,5&sciodt=1,5&as_vis=1", "authors": "M Sapienza, F Cuzzolin, PHS Torr - BMVC", "excerpt": "Abstract Current state-of-the-art action classification methods represent space-time features globally, from the entire video clip under consideration. However the features extracted may in part be due to irrelevant scene context and movements which are shared amongst  ...", "url_pdf": "http://cms.brookes.ac.uk/staff/FabioCuzzolin/files/ijcv13mil.pdf", "num_citations": 28, "cluster_id": "2918966153595411580", "year": "2012", "url_citations": "http://scholar.google.com/scholar?cites=2918966153595411580&as_sdt=2005&sciodt=1,5&hl=en"}, {"num_versions": 20, "url_citation": null, "title": "Dense trajectories and motion boundary descriptors for action recognition", "url": "http://link.springer.com/article/10.1007/s11263-012-0594-8", "url_versions": "http://scholar.google.com/scholar?cluster=12859820043041596852&hl=en&as_sdt=1,5&sciodt=1,5&as_vis=1", "authors": "H Wang, A Kl\u00e4ser, C Schmid, CL Liu - International journal of computer  \u2026", "excerpt": "Abstract This paper introduces a video representation based on dense trajectories and motion boundary descriptors. Trajectories capture the local motion information of the video. A dense representation guarantees a good coverage of foreground motion as well as of  ...", "url_pdf": null, "num_citations": 302, "cluster_id": "12859820043041596852", "year": "2013", "url_citations": "http://scholar.google.com/scholar?cites=12859820043041596852&as_sdt=2005&sciodt=1,5&hl=en"}, {"num_versions": 8, "url_citation": null, "title": "Deep learning face representation from predicting 10,000 classes", "url": "http://ieeexplore.ieee.org/xpls/abs_all.jsp?arnumber=6909640", "url_versions": "http://scholar.google.com/scholar?cluster=17555805949905028113&hl=en&as_sdt=1,5&sciodt=1,5&as_vis=1", "authors": "Y Sun, X Wang, X Tang - Computer Vision and Pattern  \u2026", "excerpt": "Abstract This paper proposes to learn a set of high-level feature representations through deep learning, referred to as Deep hidden IDentity features (DeepID), for face verification. We argue that DeepID can be effectively learned through challenging multi-class face  ...", "url_pdf": null, "num_citations": 74, "cluster_id": "17555805949905028113", "year": "2014", "url_citations": "http://scholar.google.com/scholar?cites=17555805949905028113&as_sdt=2005&sciodt=1,5&hl=en"}, {"num_versions": 24, "url_citation": null, "title": "3D convolutional neural networks for human action recognition", "url": "http://ieeexplore.ieee.org/xpls/abs_all.jsp?arnumber=6165309", "url_versions": "http://scholar.google.com/scholar?cluster=13950765072205054236&hl=en&as_sdt=1,5&sciodt=1,5&as_vis=1", "authors": "S Ji, W Xu, M Yang, K Yu - Pattern Analysis and Machine  \u2026", "excerpt": "Abstract\u2014We consider the automated recognition of human actions in surveillance videos. Most current methods build classifiers based on complex handcrafted features computed from the raw inputs. Convolutional neural networks (CNNs) are a type of deep model that  ...", "url_pdf": null, "num_citations": 218, "cluster_id": "13950765072205054236", "year": "2013", "url_citations": "http://scholar.google.com/scholar?cites=13950765072205054236&as_sdt=2005&sciodt=1,5&hl=en"}, {"num_versions": 8, "url_citation": null, "title": "Action recognition from video using feature covariance matrices", "url": "http://ieeexplore.ieee.org/xpls/abs_all.jsp?arnumber=6479703", "url_versions": "http://scholar.google.com/scholar?cluster=2437712212771110967&hl=en&as_sdt=1,5&sciodt=1,5&as_vis=1", "authors": "K Guo, P Ishwar, J Konrad - Image Processing, IEEE  \u2026", "excerpt": "Abstract\u2014We propose a general framework for fast and accu-rate recognition of actions in video using empirical covariance matrices of features. A dense set of spatio-temporal feature vectors are computed from video to provide a localized description of the action, and  ...", "url_pdf": null, "num_citations": 27, "cluster_id": "2437712212771110967", "year": "2013", "url_citations": "http://scholar.google.com/scholar?cites=2437712212771110967&as_sdt=2005&sciodt=1,5&hl=en"}, {"num_versions": 18, "url_citation": null, "title": "Social behavior recognition in continuous video", "url": "http://ieeexplore.ieee.org/xpls/abs_all.jsp?arnumber=6247817", "url_versions": "http://scholar.google.com/scholar?cluster=7156819523104276439&hl=en&as_sdt=1,5&sciodt=1,5&as_vis=1", "authors": "XP Burgos-Artizzu, P Doll\u00e1r, D Lin\u2026 - Computer Vision and \u2026", "excerpt": "Abstract We present a novel method for analyzing social behavior. Continuous videos are segmented into action 'bouts' by building a temporal context model that combines features from spatio-temporal energy and agent trajectories. The method is tested on an  ...", "url_pdf": null, "num_citations": 41, "cluster_id": "7156819523104276439", "year": "2012", "url_citations": "http://scholar.google.com/scholar?cites=7156819523104276439&as_sdt=2005&sciodt=1,5&hl=en"}, {"num_versions": 15, "url_citation": null, "title": "ICA with reconstruction cost for efficient overcomplete feature learning", "url": "http://papers.nips.cc/paper/4467-ica-with-reconstruction-cost-for-efficient-overcomplete-feature-learning", "url_versions": "http://scholar.google.com/scholar?cluster=10353415925673942557&hl=en&as_sdt=1,5&sciodt=1,5&as_vis=1", "authors": "QV Le, A Karpenko, J Ngiam, AY Ng - Advances in Neural  \u2026", "excerpt": "Abstract Independent Components Analysis (ICA) and its variants have been successfully used for unsupervised feature learning. However, standard ICA requires an orthonoramlity constraint to be enforced, which makes it dif\ufb01cult to learn overcomplete features. In  ...", "url_pdf": null, "num_citations": 100, "cluster_id": "10353415925673942557", "year": "2011", "url_citations": "http://scholar.google.com/scholar?cites=10353415925673942557&as_sdt=2005&sciodt=1,5&hl=en"}, {"num_versions": 13, "url_citation": null, "title": "Sparse filtering", "url": "http://papers.nips.cc/paper/4334-sparse-filtering", "url_versions": "http://scholar.google.com/scholar?cluster=15047733252691508486&hl=en&as_sdt=1,5&sciodt=1,5&as_vis=1", "authors": "J Ngiam, Z Chen, SA Bhaskar, PW Koh\u2026 - Advances in Neural  \u2026", "excerpt": "Abstract Unsupervised feature learning has been shown to be effective at learning representations that perform well on image, video and audio classification. However, many existing feature learning algorithms are hard to use and require extensive hyperparameter  ...", "url_pdf": null, "num_citations": 66, "cluster_id": "15047733252691508486", "year": "2011", "url_citations": "http://scholar.google.com/scholar?cites=15047733252691508486&as_sdt=2005&sciodt=1,5&hl=en"}, {"num_versions": 10, "url_citation": null, "title": "Sum-product networks for modeling activities with stochastic structure", "url": "http://ieeexplore.ieee.org/xpls/abs_all.jsp?arnumber=6247816", "url_versions": "http://scholar.google.com/scholar?cluster=10631875699192991209&hl=en&as_sdt=1,5&sciodt=1,5&as_vis=1", "authors": "MR Amer, S Todorovic - Computer Vision and Pattern  \u2026", "excerpt": "Abstract This paper addresses recognition of human activities with stochastic structure, characterized by variable spacetime arrangements of primitive actions, and conducted by a variable number of actors. We demonstrate that modeling aggregate counts of visual  ...", "url_pdf": null, "num_citations": 37, "cluster_id": "10631875699192991209", "year": "2012", "url_citations": "http://scholar.google.com/scholar?cites=10631875699192991209&as_sdt=2005&sciodt=1,5&hl=en"}, {"num_versions": 11, "url_citation": null, "title": "On multi-view feature learning", "url": "http://arxiv.org/abs/1206.4609", "url_versions": "http://scholar.google.com/scholar?cluster=115517699491029581&hl=en&as_sdt=1,5&sciodt=1,5&as_vis=1", "authors": "R Memisevic - arXiv preprint arXiv:1206.4609", "excerpt": "Abstract: Sparse coding is a common approach to learning local features for object recognition. Recently, there has been an increasing interest in learning features from spatio-temporal, binocular, or other multi-observation data, where the goal is to encode the  ...", "url_pdf": null, "num_citations": 24, "cluster_id": "115517699491029581", "year": "2012", "url_citations": "http://scholar.google.com/scholar?cites=115517699491029581&as_sdt=2005&sciodt=1,5&hl=en"}, {"num_versions": 14, "url_citation": null, "title": "Sparse modeling of human actions from motion imagery", "url": "http://link.springer.com/article/10.1007/s11263-012-0534-7", "url_versions": "http://scholar.google.com/scholar?cluster=12949887167654963603&hl=en&as_sdt=1,5&sciodt=1,5&as_vis=1", "authors": "A Castrodad, G Sapiro - International journal of computer vision", "excerpt": "Abstract An efficient sparse modeling pipeline for the classification of human actions from video is here developed. Spatio-temporal features that characterize local changes in the image are first extracted. This is followed by the learning of a class-structured dictionary  ...", "url_pdf": null, "num_citations": 48, "cluster_id": "12949887167654963603", "year": "2012", "url_citations": "http://scholar.google.com/scholar?cites=12949887167654963603&as_sdt=2005&sciodt=1,5&hl=en"}, {"num_versions": 16, "url_citation": null, "title": "Action and event recognition with Fisher vectors on a compact feature set", "url": "http://ieeexplore.ieee.org/xpls/abs_all.jsp?arnumber=6751336", "url_versions": "http://scholar.google.com/scholar?cluster=13776611580779471504&hl=en&as_sdt=1,5&sciodt=1,5&as_vis=1", "authors": "D Oneata, J Verbeek, C Schmid - Computer Vision (ICCV),  \u2026", "excerpt": "Abstract Action recognition in uncontrolled video is an important and challenging computer vision problem. Recent progress in this area is due to new local features and models that capture spatio-temporal structure between local features, or human-object interactions.  ...", "url_pdf": null, "num_citations": 85, "cluster_id": "13776611580779471504", "year": "2013", "url_citations": "http://scholar.google.com/scholar?cites=13776611580779471504&as_sdt=2005&sciodt=1,5&hl=en"}, {"num_versions": 8, "url_citation": null, "title": "Cross-view activity recognition using hankelets", "url": "http://ieeexplore.ieee.org/xpls/abs_all.jsp?arnumber=6247822", "url_versions": "http://scholar.google.com/scholar?cluster=13439949073318197356&hl=en&as_sdt=1,5&sciodt=1,5&as_vis=1", "authors": "B Li, O Camps, M Sznaier - Computer Vision and Pattern  \u2026", "excerpt": "Abstract Human activity recognition is central to many practical applications, ranging from visual surveillance to gaming interfacing. Most approaches addressing this problem are based on localized spatio-temporal features that can vary significantly when the viewpoint  ...", "url_pdf": null, "num_citations": 33, "cluster_id": "13439949073318197356", "year": "2012", "url_citations": "http://scholar.google.com/scholar?cites=13439949073318197356&as_sdt=2005&sciodt=1,5&hl=en"}, {"num_versions": 5, "url_citation": null, "title": "Learning discriminative key poses for action recognition", "url": "http://ieeexplore.ieee.org/xpls/abs_all.jsp?arnumber=6409441", "url_versions": "http://scholar.google.com/scholar?cluster=12986081293616355104&hl=en&as_sdt=1,5&sciodt=1,5&as_vis=1", "authors": "L Liu, L Shao, X Zhen, X Li - Cybernetics, IEEE Transactions on", "excerpt": "Abstract\u2014In this paper, we present a new approach for human action recognition based on key-pose selection and representation. Poses in video frames are described by the proposed extensive pyramidal features (EPFs), which include the Gabor, Gaussian, and  ...", "url_pdf": null, "num_citations": 24, "cluster_id": "12986081293616355104", "year": "2013", "url_citations": "http://scholar.google.com/scholar?cites=12986081293616355104&as_sdt=2005&sciodt=1,5&hl=en"}, {"num_versions": 10, "url_citation": null, "title": "Recognizing complex events using large margin joint low-level event model", "url": "http://link.springer.com/chapter/10.1007/978-3-642-33765-9_31", "url_versions": "http://scholar.google.com/scholar?cluster=14975765632309709200&hl=en&as_sdt=1,5&sciodt=1,5&as_vis=1", "authors": "H Izadinia, M Shah - Computer Vision\u2013ECCV", "excerpt": "Abstract In this paper we address the challenging problem of complex event recognition by using low-level events. In this problem, each complex event is captured by a long video in which several low-level events happen. The dataset contains several videos and due to  ...", "url_pdf": null, "num_citations": 47, "cluster_id": "14975765632309709200", "year": "2012", "url_citations": "http://scholar.google.com/scholar?cites=14975765632309709200&as_sdt=2005&sciodt=1,5&hl=en"}, {"num_versions": 33, "url_citation": null, "title": "Representation learning: A review and new perspectives", "url": "http://ieeexplore.ieee.org/xpls/abs_all.jsp?arnumber=6472238", "url_versions": "http://scholar.google.com/scholar?cluster=559463397382443088&hl=en&as_sdt=1,5&sciodt=1,5&as_vis=1", "authors": "Y Bengio, A Courville, P Vincent - Pattern Analysis and  \u2026", "excerpt": "Abstract\u2014The success of machine learning algorithms generally depends on data representation, and we hypothesize that this is because different representations can entangle and hide more or less the different explanatory factors of variation behind the  ...", "url_pdf": null, "num_citations": 685, "cluster_id": "559463397382443088", "year": "2013", "url_citations": "http://scholar.google.com/scholar?cites=559463397382443088&as_sdt=2005&sciodt=1,5&hl=en"}, {"num_versions": 14, "url_citation": null, "title": "Stacked autoencoders for unsupervised feature learning and multiple organ detection in a pilot study using 4D patient data", "url": "http://ieeexplore.ieee.org/xpls/abs_all.jsp?arnumber=6399478", "url_versions": "http://scholar.google.com/scholar?cluster=11055548843702499225&hl=en&as_sdt=1,5&sciodt=1,5&as_vis=1", "authors": "HC Shin, MR Orton, DJ Collins\u2026 - Pattern Analysis and  \u2026", "excerpt": "Abstract\u2014Medical image analysis remains a challenging application area for artificial intelligence. When applying machine learning, obtaining ground-truth labels for supervised learning is more difficult than in many more common applications of machine learning.  ...", "url_pdf": null, "num_citations": 24, "cluster_id": "11055548843702499225", "year": "2013", "url_citations": "http://scholar.google.com/scholar?cites=11055548843702499225&as_sdt=2005&sciodt=1,5&hl=en"}, {"num_versions": 10, "url_citation": null, "title": "Sampling strategies for real-time action recognition", "url": "http://ieeexplore.ieee.org/xpls/abs_all.jsp?arnumber=6619179", "url_versions": "http://scholar.google.com/scholar?cluster=16260552792033237819&hl=en&as_sdt=1,5&sciodt=1,5&as_vis=1", "authors": "F Shi, E Petriu, R Laganiere - Computer Vision and Pattern  \u2026", "excerpt": "Abstract Local spatio-temporal features and bag-of-features representations have become popular for action recognition. A recent trend is to use dense sampling for better performance. While many methods claimed to use dense feature sets, most of them are  ...", "url_pdf": null, "num_citations": 50, "cluster_id": "16260552792033237819", "year": "2013", "url_citations": "http://scholar.google.com/scholar?cites=16260552792033237819&as_sdt=2005&sciodt=1,5&hl=en"}, {"num_versions": 5, "url_citation": null, "title": "Supervised class-specific dictionary learning for sparse modeling in action recognition", "url": "http://www.sciencedirect.com/science/article/pii/S003132031200204X", "url_versions": "http://scholar.google.com/scholar?cluster=6380300526480851356&hl=en&as_sdt=1,5&sciodt=1,5&as_vis=1", "authors": "H Wang, C Yuan, W Hu, C Sun - Pattern Recognition", "excerpt": "In this paper, we propose a new supervised classification method based on a modified sparse model for action recognition. The main contributions are three-fold. First, a novel hierarchical descriptor is presented for action representation. To capture spatial  ...", "url_pdf": null, "num_citations": 40, "cluster_id": "6380300526480851356", "year": "2012", "url_citations": "http://scholar.google.com/scholar?cites=6380300526480851356&as_sdt=2005&sciodt=1,5&hl=en"}, {"num_versions": 11, "url_citation": null, "title": "Two-stream convolutional networks for action recognition in videos", "url": "http://papers.nips.cc/paper/5353-two-stream-convolutional-networks-for-action-recognition-in-videos", "url_versions": "http://scholar.google.com/scholar?cluster=582514008712420788&hl=en&as_sdt=1,5&sciodt=1,5&as_vis=1", "authors": "K Simonyan, A Zisserman - Advances in Neural Information  \u2026", "excerpt": "Abstract We investigate architectures of discriminatively trained deep Convolutional Networks (ConvNets) for action recognition in video. The challenge is to capture the complementary information on appearance from still frames and motion between frames.  ...", "url_pdf": null, "num_citations": 91, "cluster_id": "582514008712420788", "year": "2014", "url_citations": "http://scholar.google.com/scholar?cites=582514008712420788&as_sdt=2005&sciodt=1,5&hl=en"}, {"num_versions": 11, "url_citation": null, "title": "Trajectory-based modeling of human actions with motion reference points", "url": "http://link.springer.com/chapter/10.1007/978-3-642-33715-4_31", "url_versions": "http://scholar.google.com/scholar?cluster=16394866146783670899&hl=en&as_sdt=1,5&sciodt=1,5&as_vis=1", "authors": "YG Jiang, Q Dai, X Xue, W Liu, CW Ngo - Computer Vision\u2013ECCV", "excerpt": "Abstract Human action recognition in videos is a challenging problem with wide applications. State-of-the-art approaches often adopt the popular bag-of-features representation based on isolated local patches or temporal patch trajectories, where  ...", "url_pdf": null, "num_citations": 84, "cluster_id": "16394866146783670899", "year": "2012", "url_citations": "http://scholar.google.com/scholar?cites=16394866146783670899&as_sdt=2005&sciodt=1,5&hl=en"}, {"num_versions": 10, "url_citation": null, "title": "Action recognition by hierarchical sequence summarization", "url": "http://ieeexplore.ieee.org/xpls/abs_all.jsp?arnumber=6619301", "url_versions": "http://scholar.google.com/scholar?cluster=9599215880568341370&hl=en&as_sdt=1,5&sciodt=1,5&as_vis=1", "authors": "Y Song, LP Morency, RW Davis - Computer Vision and Pattern  \u2026", "excerpt": "Abstract Recent progress has shown that learning from hierarchical feature representations leads to improvements in various computer vision tasks. Motivated by the observation that human activity data contains information at various temporal resolutions, we present a  ...", "url_pdf": null, "num_citations": 20, "cluster_id": "9599215880568341370", "year": "2013", "url_citations": "http://scholar.google.com/scholar?cites=9599215880568341370&as_sdt=2005&sciodt=1,5&hl=en"}, {"num_versions": 3, "url_citation": null, "title": "Action recognition using context-constrained linear coding", "url": "http://ieeexplore.ieee.org/xpls/abs_all.jsp?arnumber=6172553", "url_versions": "http://scholar.google.com/scholar?cluster=11500886499243474570&hl=en&as_sdt=1,5&sciodt=1,5&as_vis=1", "authors": "Z Zhang, C Wang, B Xiao, W Zhou\u2026 - \u2026 Processing Letters, IEEE", "excerpt": "Abstract\u2014Although traditional bag-of-words model has shown promising results for action recognition, it takes no consideration of the relationship among spatio-temporal points; furthermore, it also suffers serious quantization error. In this paper, we propose a novel  ...", "url_pdf": null, "num_citations": 29, "cluster_id": "11500886499243474570", "year": "2012", "url_citations": "http://scholar.google.com/scholar?cites=11500886499243474570&as_sdt=2005&sciodt=1,5&hl=en"}, {"num_versions": 12, "url_citation": null, "title": "Reading digits in natural images with unsupervised feature learning", "url": "http://research.google.com/pubs/archive/37648.pdf", "url_versions": "http://scholar.google.com/scholar?cluster=7762358874624651999&hl=en&as_sdt=1,5&sciodt=1,5&as_vis=1", "authors": "Y Netzer, T Wang, A Coates\u2026 - NIPS workshop on  \u2026", "excerpt": "Abstract Detecting and reading text from natural images is a hard computer vision task that is central to a variety of emerging applications. Related problems like document character recognition have been widely studied by computer vision and machine learning  ...", "url_pdf": "http://research.google.com/pubs/archive/37648.pdf", "num_citations": 98, "cluster_id": "7762358874624651999", "year": "2011", "url_citations": "http://scholar.google.com/scholar?cites=7762358874624651999&as_sdt=2005&sciodt=1,5&hl=en"}, {"num_versions": 10, "url_citation": null, "title": "Action recognition via bio-inspired features: The richness of center\u2013surround interaction", "url": "http://www.sciencedirect.com/science/article/pii/S1077314212000185", "url_versions": "http://scholar.google.com/scholar?cluster=12820689130762783123&hl=en&as_sdt=1,5&sciodt=1,5&as_vis=1", "authors": "MJ Escobar, P Kornprobst - Computer Vision and Image Understanding", "excerpt": "Motion is a key feature for a wide class of computer vision approaches to recognize actions. In this article, we show how to define bio-inspired features for action recognition. To do so, we start from a well-established bio-inspired motion model of cortical areas V1 and MT.  ...", "url_pdf": null, "num_citations": 23, "cluster_id": "12820689130762783123", "year": "2012", "url_citations": "http://scholar.google.com/scholar?cites=12820689130762783123&as_sdt=2005&sciodt=1,5&hl=en"}, {"num_versions": 15, "url_citation": null, "title": "Augmenting bag-of-words: Data-driven discovery of temporal and structural information for activity recognition", "url": "http://ieeexplore.ieee.org/xpls/abs_all.jsp?arnumber=6619182", "url_versions": "http://scholar.google.com/scholar?cluster=13994568408406994751&hl=en&as_sdt=1,5&sciodt=1,5&as_vis=1", "authors": "V Bettadapura, G Schindler, T Pl\u00f6tz\u2026 - Computer Vision and  \u2026", "excerpt": "Abstract We present data-driven techniques to augment Bag of Words (BoW) models, which allow for more robust modeling and recognition of complex long-term activities, especially when the structure and topology of the activities are not known a priori. Our approach  ...", "url_pdf": null, "num_citations": 24, "cluster_id": "13994568408406994751", "year": "2013", "url_citations": "http://scholar.google.com/scholar?cites=13994568408406994751&as_sdt=2005&sciodt=1,5&hl=en"}, {"num_versions": 13, "url_citation": null, "title": "3d r transform on spatio-temporal interest points for action recognition", "url": "http://ieeexplore.ieee.org/xpls/abs_all.jsp?arnumber=6618943", "url_versions": "http://scholar.google.com/scholar?cluster=1223813896680382802&hl=en&as_sdt=1,5&sciodt=1,5&as_vis=1", "authors": "C Yuan, X Li, W Hu, H Ling\u2026 - Computer Vision and  \u2026", "excerpt": "Abstract Spatio-temporal interest points serve as an elementary building block in many modern action recognition algorithms, and most of them exploit the local spatio-temporal volume features using a Bag of Visual Words (BOVW) representation. Such representation ...", "url_pdf": null, "num_citations": 28, "cluster_id": "1223813896680382802", "year": "2013", "url_citations": "http://scholar.google.com/scholar?cites=1223813896680382802&as_sdt=2005&sciodt=1,5&hl=en"}, {"num_versions": 8, "url_citation": null, "title": "Space-variant descriptor sampling for action recognition based on saliency and eye movements", "url": "http://link.springer.com/chapter/10.1007/978-3-642-33786-4_7", "url_versions": "http://scholar.google.com/scholar?cluster=16517824985359312353&hl=en&as_sdt=1,5&sciodt=1,5&as_vis=1", "authors": "E Vig, M Dorr, D Cox - Computer Vision\u2013ECCV", "excerpt": "Abstract Algorithms using \u201cbag of features\u201d-style video representations currently achieve state-of-the-art performance on action recognition tasks, such as the challenging Hollywood2 benchmark [1, 2, 3]. These algorithms are based on local spatiotemporal  ...", "url_pdf": null, "num_citations": 44, "cluster_id": "16517824985359312353", "year": "2012", "url_citations": "http://scholar.google.com/scholar?cites=16517824985359312353&as_sdt=2005&sciodt=1,5&hl=en"}, {"num_versions": 10, "url_citation": null, "title": "Large-scale video classification with convolutional neural networks", "url": "http://ieeexplore.ieee.org/xpls/abs_all.jsp?arnumber=6909619", "url_versions": "http://scholar.google.com/scholar?cluster=6347340167805238853&hl=en&as_sdt=1,5&sciodt=1,5&as_vis=1", "authors": "A Karpathy, G Toderici, S Shetty\u2026 - Computer Vision and \u2026", "excerpt": "Abstract Convolutional Neural Networks (CNNs) have been established as a powerful class of models for image recognition problems. Encouraged by these results, we provide an extensive empirical evaluation of CNNs on largescale video classification using a new  ...", "url_pdf": null, "num_citations": 162, "cluster_id": "6347340167805238853", "year": "2014", "url_citations": "http://scholar.google.com/scholar?cites=6347340167805238853&as_sdt=2005&sciodt=1,5&hl=en"}, {"num_versions": 16, "url_citation": null, "title": "Learning to relate images", "url": "http://ieeexplore.ieee.org/xpls/abs_all.jsp?arnumber=6475945", "url_versions": "http://scholar.google.com/scholar?cluster=8796949542114513208&hl=en&as_sdt=1,5&sciodt=1,5&as_vis=1", "authors": "R Memisevic - Pattern Analysis and Machine Intelligence, IEEE  \u2026", "excerpt": "Abstract\u2014A fundamental operation in many vision tasks, including motion understanding, stereopsis, visual odometry, or invariant recognition, is establishing correspondences between images or between images and data from other modalities. Recently, there has  ...", "url_pdf": null, "num_citations": 25, "cluster_id": "8796949542114513208", "year": "2013", "url_citations": "http://scholar.google.com/scholar?cites=8796949542114513208&as_sdt=2005&sciodt=1,5&hl=en"}]