[{"num_versions": 8, "url_citation": null, "title": "Engaging students and evaluating learning progress using collaborative exams in introductory courses", "url": "http://www.nagt-jge.org/doi/abs/10.5408/1.3544241", "url_versions": "http://scholar.google.com/scholar?cluster=10748738360182580061&hl=en&as_sdt=1,5&sciodt=1,5&as_vis=1", "authors": "TT Eaton - Journal of Geoscience Education", "excerpt": "Collaborative exams, with subsections in which students have an opportunity to work with each other, are not yet widely used in introductory geoscience courses. This type of exam structure, with other participatory teaching strategies, was employed in two different  ...", "url_pdf": null, "num_citations": 8, "cluster_id": "10748738360182580061", "year": "2009", "url_citations": "http://scholar.google.com/scholar?cites=10748738360182580061&as_sdt=2005&sciodt=1,5&hl=en"}, {"num_versions": 8, "url_citation": null, "title": "Em Busca de Melhores MODUS de Realizar Din\u00e2micas Educacionais Colaborativas", "url": "http://www.researchgate.net/profile/Wallace_Ugulino/publication/267252668_Em_Busca_de_Melhores_MODUS_de_Realizar_Dinmicas_Educacionais_Colaborativas/links/5484af9d0cf283750c370940.pdf", "url_versions": "http://scholar.google.com/scholar?cluster=9646318506739310316&hl=en&as_sdt=1,5&sciodt=1,5&as_vis=1", "authors": "W Ugulino, RR Nunes, M Pimentel - Anais do Workshop de  \u2026", "excerpt": "Resumo. Os sistemas para educa\u00e7\u00e3o s\u00e3o compostos de diversas ferramentas para colabora\u00e7\u00e3o. Contudo, n\u00e3o h\u00e1 uma descri\u00e7\u00e3o de como o professor deve planejar o trabalho em grupo e que ferramentas deve usar em cada tarefa com os alunos. A influ\u00eancia da  ...", "url_pdf": "http://www.researchgate.net/profile/Wallace_Ugulino/publication/267252668_Em_Busca_de_Melhores_MODUS_de_Realizar_Dinmicas_Educacionais_Colaborativas/links/5484af9d0cf283750c370940.pdf", "num_citations": 0, "cluster_id": null, "year": "2009", "url_citations": null}, {"num_versions": 0, "url_citation": null, "title": "Avalia\u00e7\u00e3o Colaborativa: um Estudo com a Ferramenta Moodle Workshop", "url": "http://www.researchgate.net/profile/Wallace_Ugulino/publication/258507447_Avaliao_Colaborativa_um_Estudo_com_a_Ferramenta_Moodle_Workshop/links/5484b2760cf283750c370980.pdf", "url_versions": null, "authors": "W Ugulino, AM Marques, M Pimentel\u2026 - XX Simp\u03ccsio Brasileiro \u2026", "excerpt": "Resumo. Uma das maneiras de promover maior engajamento dos aprendizes nas atividades educacionais \u00e9 tornar o ambiente educacional colaborativo e fazer do aprendiz um agente ativo na busca do conhecimento. No ambiente de aprendizagem colaborativa,  ...", "url_pdf": "http://www.researchgate.net/profile/Wallace_Ugulino/publication/258507447_Avaliao_Colaborativa_um_Estudo_com_a_Ferramenta_Moodle_Workshop/links/5484b2760cf283750c370980.pdf", "num_citations": 4, "cluster_id": "18130802148138442974", "year": "2009", "url_citations": "http://scholar.google.com/scholar?cites=18130802148138442974&as_sdt=2005&sciodt=1,5&hl=en"}, {"num_versions": 5, "url_citation": null, "title": "Learning during a collaborative final exam", "url": "http://www.tandfonline.com/doi/abs/10.1080/13803611.2012.674689", "url_versions": "http://scholar.google.com/scholar?cluster=16477407841186547528&hl=en&as_sdt=1,5&sciodt=1,5&as_vis=1", "authors": "\u00d6 Dahlstr\u00f6m - Educational Research and Evaluation", "excerpt": "Collaborative testing has been suggested to serve as a good learning activity, for example, compared to individual testing. The aim of the present study was to measure learning at different levels of knowledge during a collaborative final exam in a course in basic  ...", "url_pdf": null, "num_citations": 2, "cluster_id": "16477407841186547528", "year": "2012", "url_citations": "http://scholar.google.com/scholar?cites=16477407841186547528&as_sdt=2005&sciodt=1,5&hl=en"}, {"num_versions": 10, "url_citation": null, "title": "First year university students' self-perception of ICT skills: Do learning styles matter?", "url": "http://link.springer.com/article/10.1007/s10639-010-9149-1", "url_versions": "http://scholar.google.com/scholar?cluster=3599870150215088005&hl=en&as_sdt=1,5&sciodt=1,5&as_vis=1", "authors": "JC Verhoeven, D Heerwegh, K De Wit - Education and Information  \u2026", "excerpt": "Abstract Do ICT skills of freshmen change in 6 months at the university? What is the contribution of learning styles (or patterns) to the explanation of the variance in self-perceived ICT skills and the possible change in these skills? And what is the contribution  ...", "url_pdf": null, "num_citations": 5, "cluster_id": "3599870150215088005", "year": "2012", "url_citations": "http://scholar.google.com/scholar?cites=3599870150215088005&as_sdt=2005&sciodt=1,5&hl=en"}, {"num_versions": 10, "url_citation": null, "title": "Media Naturalness Reduction and Compensatory Channel Expansion: A Study of Online and Face-to", "url": "http://scholar.google.com/https://books.google.com/books?hl=en&lr=&id=HLOeBQAAQBAJ&oi=fnd&pg=PA112&ots=X4uK-blMh9&sig=mfvmlkgpIEWW6q7oyBdreTcVC0s", "url_versions": "http://scholar.google.com/scholar?cluster=8726475503460201915&hl=en&as_sdt=1,5&sciodt=1,5&as_vis=1", "authors": "N Kock, V Garza - System and Technology Advancements in  \u2026", "excerpt": "ABSTRACT This study provides a combined test of the media naturalness and channel expansion theories with a study of communication media perceptions and use outcomes in the context of a college information systems course delivery. Data was collected from  ...", "url_pdf": null, "num_citations": 2, "cluster_id": "8726475503460201915", "year": "2012", "url_citations": "http://scholar.google.com/scholar?cites=8726475503460201915&as_sdt=2005&sciodt=1,5&hl=en"}, {"num_versions": 0, "url_citation": null, "title": "The transformative potential of blended learning using MIT edX's 6.002 x online MOOC content combined with student team-based learning in class", "url": "http://scholar.google.com/https://www.edx.org/sites/default/files/upload/ed-tech-paper.pdf", "url_versions": null, "authors": "K Ghadiri, MH Qayoumi, E Junn, P Hsu\u2026 - Environment", "excerpt": "Abstract\u2014This pilot implemented a blended model of learning by merging content from an online MOOC (Massive Open Online Course) with in-class, team-based instruction as part of a required undergraduate circuit theory course. The central objective of this pilot was to  ...", "url_pdf": "http://scholar.google.com/https://www.edx.org/sites/default/files/upload/ed-tech-paper.pdf", "num_citations": 7, "cluster_id": "1195415018183216814", "year": "2013", "url_citations": "http://scholar.google.com/scholar?cites=1195415018183216814&as_sdt=2005&sciodt=1,5&hl=en"}, {"num_versions": 0, "url_citation": null, "title": "Thinking styles, motivational orientations, and academic achievement in learning physics among Hong Kong secondary school students", "url": "http://hub.hku.hk/handle/10722/208076", "url_versions": null, "authors": "C Lau\uff0c \u5289\u667a\u8c6a -", "excerpt": "The purpose of this research was to investigate the nature of thinking styles as it relates to style value and style malleability through examining the relationships between thinking styles, motivational orientations, and academic achievement in learning physics among  ...", "url_pdf": null, "num_citations": 1, "cluster_id": "7522045683276150005", "year": "2014", "url_citations": "http://scholar.google.com/scholar?cites=7522045683276150005&as_sdt=2005&sciodt=1,5&hl=en"}, {"num_versions": 0, "url_citation": null, "title": "Intellectual styles: their malleability, their associations, and their relationships to ability and personality traits", "url": "http://hub.hku.hk/handle/10722/196018", "url_versions": null, "authors": "Q Xie\uff0c \u8b1d\u79cb\u829d - HKU Theses Online (HKUTO)", "excerpt": "\u201cIntellectual style\u201d, a term that encompasses all the existing style concepts, refers to one's preferred ways of processing information and approaching tasks. The present research has three purposes. First, it investigates the associations among styles in the three traditions:  ...", "url_pdf": null, "num_citations": 1, "cluster_id": "11962859470945597588", "year": "2013", "url_citations": "http://scholar.google.com/scholar?cites=11962859470945597588&as_sdt=2005&sciodt=1,5&hl=en"}, {"num_versions": 6, "url_citation": null, "title": "Web-Based Cooperative Learning and Application Solution Research", "url": "http://ieeexplore.ieee.org/xpls/abs_all.jsp?arnumber=4958797", "url_versions": "http://scholar.google.com/scholar?cluster=8913659100874818722&hl=en&as_sdt=1,5&sciodt=1,5&as_vis=1", "authors": "J Zhao, H Guo, N Jiang - Education Technology and Computer  \u2026", "excerpt": "Abstract\u2014Cooperative Learning is one of the basic characters of independent creative learning, and network environment is an important means of promoting Cooperative Learning. This paper not only analyses the theory of Web-based Cooperative Learning,  ...", "url_pdf": null, "num_citations": 1, "cluster_id": "8913659100874818722", "year": "2009", "url_citations": "http://scholar.google.com/scholar?cites=8913659100874818722&as_sdt=2005&sciodt=1,5&hl=en"}, {"num_versions": 2, "url_citation": null, "title": "Learning the Course of Design and Analyze of Computer Algorithms via Online Coding", "url": "http://www.iaesjournal.com/online/index.php/IJERE/article/view/2570", "url_versions": "http://scholar.google.com/scholar?cluster=13651181203596383694&hl=en&as_sdt=1,5&sciodt=1,5&as_vis=1", "authors": "J Liao, X Liu - International Journal of Evaluation and Research in  \u2026", "excerpt": "Abstract The course of design and analysis of computer algorithms is one of the core-course of computer science education; this paper presents an online coding framework to help students to learn the course of design and ananlysis of computer algorithms and other  ...", "url_pdf": null, "num_citations": 1, "cluster_id": "13651181203596383694", "year": "2013", "url_citations": "http://scholar.google.com/scholar?cites=13651181203596383694&as_sdt=2005&sciodt=1,5&hl=en"}, {"num_versions": 2, "url_citation": null, "title": "Constructivism learning theory for programming through an e-learning", "url": "http://ieeexplore.ieee.org/xpls/abs_all.jsp?arnumber=6528711", "url_versions": "http://scholar.google.com/scholar?cluster=17659961834800782558&hl=en&as_sdt=1,5&sciodt=1,5&as_vis=1", "authors": "AB Yacob, BM Saman, M Yazid\u2026 - \u2026  Science and Service  \u2026", "excerpt": "Abstract\u2014Evolutions are happening in teaching and learning process with the used of e-learning. It was an innovative technology that was implemented in many different fields regarding to its benefits. This paper presents a constructivism learning theory for  ...", "url_pdf": null, "num_citations": 1, "cluster_id": "17659961834800782558", "year": "2012", "url_citations": "http://scholar.google.com/scholar?cites=17659961834800782558&as_sdt=2005&sciodt=1,5&hl=en"}, {"num_versions": 8, "url_citation": null, "title": "A critical discussion of deep and surface processing: What it means, how it is measured, the role of context, and model specification", "url": "http://link.springer.com/article/10.1007/s10648-012-9198-7", "url_versions": "http://scholar.google.com/scholar?cluster=10707756886493239945&hl=en&as_sdt=1,5&sciodt=1,5&as_vis=1", "authors": "DL Dinsmore, PA Alexander - Educational Psychology Review", "excerpt": "Abstract The prevailing assumption by some that deep processing promotes stronger learning outcomes while surface processing promotes weaker learning outcomes has been called into question by the inconsistency and ambiguity of results in investigations of the  ...", "url_pdf": null, "num_citations": 25, "cluster_id": "10707756886493239945", "year": "2012", "url_citations": "http://scholar.google.com/scholar?cites=10707756886493239945&as_sdt=2005&sciodt=1,5&hl=en"}, {"num_versions": 10, "url_citation": null, "title": "Exploring assessment factors contributing to students' study strategies: Literature review", "url": "http://www.tandfonline.com/doi/abs/10.3109/0142159X.2012.656756", "url_versions": "http://scholar.google.com/scholar?cluster=10144279790467108920&hl=en&as_sdt=1,5&sciodt=1,5&as_vis=1", "authors": "HM Al-Kadri, MS Al-Moamary, C Roberts\u2026 - Medical  \u2026", "excerpt": "\u201cAssessment steers students' learning\u201d is a statement that has been used repeatedly without solid evidence in the literature. This manuscript aims to evaluate the published literatures on the effect of teaching learning environment in particular, the implemented assessment on  ...", "url_pdf": null, "num_citations": 18, "cluster_id": "10144279790467108920", "year": "2012", "url_citations": "http://scholar.google.com/scholar?cites=10144279790467108920&as_sdt=2005&sciodt=1,5&hl=en"}, {"num_versions": 3, "url_citation": null, "title": "Uso do Moodle como Refor\u00e7o ao Ensino Presencial de Parasitologia e Micologia no Curso de Gradua\u00e7\u00e3o em Medicina", "url": "http://www.scielo.br/pdf/rbem/v36n4/16.pdf", "url_versions": "http://scholar.google.com/scholar?cluster=2436864220675522763&hl=en&as_sdt=1,5&sciodt=1,5&as_vis=1", "authors": "AM Mezzari, I Iser, AMP Wiebbelling\u2026 - Rev Bras Educ Med", "excerpt": "RESUMO O ensino presencial nos cursos de gradua\u00e7\u00e3o continua sendo o foco do ensino e da aprendizagem. Com o advento de novas tecnologias de ensino, algumas ferramentas t\u00eam sido utilizadas como refor\u00e7o ao ensino presencial. A plataforma Moodle (Modular  ...", "url_pdf": "http://www.scielo.br/pdf/rbem/v36n4/16.pdf", "num_citations": 2, "cluster_id": "2436864220675522763", "year": "2012", "url_citations": "http://scholar.google.com/scholar?cites=2436864220675522763&as_sdt=2005&sciodt=1,5&hl=en"}, {"num_versions": 3, "url_citation": null, "title": "Current trends in industrial electronics education", "url": "http://ieeexplore.ieee.org/xpls/abs_all.jsp?arnumber=5504840", "url_versions": "http://scholar.google.com/scholar?cluster=6293812457823879119&hl=en&as_sdt=1,5&sciodt=1,5&as_vis=1", "authors": "JJ Rodriguez-Andina, L Gomes\u2026 - \u2026 , IEEE Transactions on", "excerpt": "Abstract\u2014Technology development creates many challenges in the education of industrial-electronics (IE)-related subjects. At the same time, it allows new educational paradigms to be implemented. The main contribution of this paper is to initiate a discussion for the  ...", "url_pdf": null, "num_citations": 23, "cluster_id": "6293812457823879119", "year": "2010", "url_citations": "http://scholar.google.com/scholar?cites=6293812457823879119&as_sdt=2005&sciodt=1,5&hl=en"}, {"num_versions": 9, "url_citation": null, "title": "Evaluating the use of two different models of collaborative tests in an online introductory statistics course", "url": "http://scholar.google.com/https://www.stat.auckland.ac.nz/%7Eiase/publications/dissertations/12.Bjornsdottir.Dissertation.pdf", "url_versions": "http://scholar.google.com/scholar?cluster=8504262359829615245&hl=en&as_sdt=1,5&sciodt=1,5&as_vis=1", "authors": "A Bjornsdottir -", "excerpt": "Abstract The purpose of this study was to explore how collaborative tests could be implemented successfully in online introductory statistics courses. The research questions set forth were (1) What is the impact of using collaborative tests in an online statistics  ...", "url_pdf": "http://scholar.google.com/https://www.stat.auckland.ac.nz/%7Eiase/publications/dissertations/12.Bjornsdottir.Dissertation.pdf", "num_citations": 1, "cluster_id": "8504262359829615245", "year": "2012", "url_citations": "http://scholar.google.com/scholar?cites=8504262359829615245&as_sdt=2005&sciodt=1,5&hl=en"}, {"num_versions": 3, "url_citation": null, "title": "Motivation Assessment Model for Constructivism Learning", "url": "http://www.researchgate.net/profile/Azliza_Yacob/publication/272623997_Motivation_Assessment_Model_for_Constructivism_Learning/links/54ead8d00cf25ba91c83d33b.pdf", "url_versions": "http://scholar.google.com/scholar?cluster=15915435002781529173&hl=en&as_sdt=1,5&sciodt=1,5&as_vis=1", "authors": "AB Yacob, MHB Yusoff\u2026 - International Journal of  \u2026", "excerpt": "Abstract Evolutions are happening in everyday life including teaching and learning process. With the used of e-learning, it was an innovative technology that was implemented in many different fields regarding to its benefits. This paper presents motivation assessment  ...", "url_pdf": "http://www.researchgate.net/profile/Azliza_Yacob/publication/272623997_Motivation_Assessment_Model_for_Constructivism_Learning/links/54ead8d00cf25ba91c83d33b.pdf", "num_citations": 1, "cluster_id": "15915435002781529173", "year": "2013", "url_citations": "http://scholar.google.com/scholar?cites=15915435002781529173&as_sdt=2005&sciodt=1,5&hl=en"}, {"num_versions": 2, "url_citation": null, "title": "The Moodle as a reinforcement to classroom teaching of course parasitology and mycology in undergraduate medical course", "url": "http://www.scielo.br/scielo.php?pid=S0100-55022012000600016&script=sci_arttext", "url_versions": "http://scholar.google.com/scholar?cluster=12345990870689303312&hl=en&as_sdt=1,5&sciodt=1,5&as_vis=1", "authors": "A Mezzari, I Iser, AMP Wiebbelling\u2026 - Revista Brasileira de  \u2026", "excerpt": "RESUMO O ensino presencial nos cursos de gradua\u00e7\u00e3o continua sendo o foco do ensino e da aprendizagem. Com o advento de novas tecnologias de ensino, algumas ferramentas t\u00eam sido utilizadas como refor\u00e7o ao ensino presencial. A plataforma Moodle (Modular  ...", "url_pdf": null, "num_citations": 1, "cluster_id": "12345990870689303312", "year": "2012", "url_citations": "http://scholar.google.com/scholar?cites=12345990870689303312&as_sdt=2005&sciodt=1,5&hl=en"}]