[{"num_versions": 9, "url_citation": null, "title": "Convolutional neural network based triangular crf for joint intent detection and slot filling", "url": "http://ieeexplore.ieee.org/xpls/abs_all.jsp?arnumber=6707709", "url_versions": "http://scholar.google.com/scholar?cluster=1928868324869021376&hl=en&as_sdt=1,5&sciodt=1,5&as_vis=1", "authors": "P Xu, R Sarikaya - Automatic Speech Recognition and  \u2026", "excerpt": "ABSTRACT We describe a joint model for intent detection and slot filling based on convolutional neural networks (CNN). The proposed architecture can be perceived as a neural network (NN) version of the triangular CRF model (TriCRF), in which the intent  ...", "url_pdf": null, "num_citations": 24, "cluster_id": "1928868324869021376", "year": "2013", "url_citations": "http://scholar.google.com/scholar?cites=1928868324869021376&as_sdt=2005&sciodt=1,5&hl=en"}, {"num_versions": 13, "url_citation": null, "title": "Machine learning paradigms for speech recognition: An overview", "url": "http://ieeexplore.ieee.org/xpls/abs_all.jsp?arnumber=6423821", "url_versions": "http://scholar.google.com/scholar?cluster=74307944265552935&hl=en&as_sdt=1,5&sciodt=1,5&as_vis=1", "authors": "L Deng, X Li - Audio, Speech, and Language Processing, IEEE \u2026", "excerpt": "Abstract\u2014Automatic Speech Recognition (ASR) has historically been a driving force behind many machine learning (ML) techniques, including the ubiquitously used hidden Markov model, discriminative learning, structured sequence learning, Bayesian learning, and  ...", "url_pdf": null, "num_citations": 47, "cluster_id": "74307944265552935", "year": "2013", "url_citations": "http://scholar.google.com/scholar?cites=74307944265552935&as_sdt=2005&sciodt=1,5&hl=en"}, {"num_versions": 0, "url_citation": null, "title": "Implementing Artificial Intelligence based DBN Models: An Experimental Analysis", "url": "http://www.researchgate.net/profile/Khaled_Alhawiti/publication/274252470_Implementing_Artificial_Intelligence_based_DBN_Models_An_Experimental_Analysis/links/5519a5750cf2f51a6fea2027.pdf", "url_versions": null, "authors": "KM Alhawiti - IJCST", "excerpt": "Abstract The Deep belief networks (DBNs) are found to be the most prominent techniques, which are being used in natural language understanding. Natural language understanding has become one of the greatest priorities for businesses, particularly for call centers and  ...", "url_pdf": "http://www.researchgate.net/profile/Khaled_Alhawiti/publication/274252470_Implementing_Artificial_Intelligence_based_DBN_Models_An_Experimental_Analysis/links/5519a5750cf2f51a6fea2027.pdf", "num_citations": 0, "cluster_id": null, "year": "2015", "url_citations": null}, {"num_versions": 0, "url_citation": null, "title": "Detecting and Analyzing Genomic Structural Variation Using Distributed Computing", "url": "http://digitalcommons.ohsu.edu/cgi/viewcontent.cgi?article=7928&context=etd", "url_versions": null, "authors": "C Whelan -", "excerpt": "The aim of the field of genomics is to characterize the structure and function of the DNA of an organism or population of organisms, with the ultimate goal of understanding how the sequences of nucleotides that make up the genome affect phenotypes and reveal  ...", "url_pdf": null, "num_citations": 1, "cluster_id": "17531519680676289502", "year": "2014", "url_citations": "http://scholar.google.com/scholar?cites=17531519680676289502&as_sdt=2005&sciodt=1,5&hl=en"}, {"num_versions": 2, "url_citation": null, "title": "Deep Learning For Sequential Pattern Recognition", "url": "http://upcommons.upc.edu/handle/2099.1/20268", "url_versions": "http://scholar.google.com/scholar?cluster=7579635460474112892&hl=en&as_sdt=1,5&sciodt=1,5&as_vis=1", "authors": "P Safari -", "excerpt": "In recent years, deep learning has opened a new research line in pattern recognition tasks. It has been hypothesized that this kind of learning would capture more abstract patterns concealed in data. It is motivated by the new findings both in biological aspects of the  ...", "url_pdf": null, "num_citations": 1, "cluster_id": "7579635460474112892", "year": "2013", "url_citations": "http://scholar.google.com/scholar?cites=7579635460474112892&as_sdt=2005&sciodt=1,5&hl=en"}, {"num_versions": 6, "url_citation": null, "title": "Backpropagation in sequential deep neural networks", "url": "http://scholar.google.com/https://homes.cs.washington.edu/%7Egalen/files/nips2013.pdf", "url_versions": "http://scholar.google.com/scholar?cluster=6108029000383313147&hl=en&as_sdt=1,5&sciodt=1,5&as_vis=1", "authors": "G Andrew, J Bilmes -", "excerpt": "Abstract Most previous work applying neural networks to problems in speech processing has combined the output of a static network trained over a sliding window of input with an HMM or CRF to model linear-chain dependencies in the output. The recently developed  ...", "url_pdf": "http://scholar.google.com/https://homes.cs.washington.edu/%7Egalen/files/nips2013.pdf", "num_citations": 1, "cluster_id": "6108029000383313147", "year": "2013", "url_citations": "http://scholar.google.com/scholar?cites=6108029000383313147&as_sdt=2005&sciodt=1,5&hl=en"}]