[{"num_versions": 3, "url_citation": null, "title": "Perceptions of underprepared community college students regarding their educational achievement", "url": "http://digitalcommons.fiu.edu/etd/183/", "url_versions": "http://scholar.google.com/scholar?cluster=7580503715874594011&hl=en&as_sdt=1,5&sciodt=1,5&as_vis=1", "authors": "P Barbatis -", "excerpt": "Abstract The purpose of this study was to understand the perceptions of underprepared college students who had participated in learning communities and who persisted to complete developmental classes and earned at least 30 college-level credit hours to  ...", "url_pdf": null, "num_citations": 5, "cluster_id": "7580503715874594011", "year": "2008", "url_citations": "http://scholar.google.com/scholar?cites=7580503715874594011&as_sdt=2005&sciodt=1,5&hl=en"}, {"num_versions": 3, "url_citation": null, "title": "Challenge of engagement inside and outside the classroom: the future for universities", "url": "http://wg85.portlandpress.com/pp/books/online/wg85/085/0067/0850067.pdf", "url_versions": "http://scholar.google.com/scholar?cluster=14824950168855816302&hl=en&as_sdt=1,5&sciodt=1,5&as_vis=1", "authors": "AJS Summerlee - \u2026 ; from Knowledge to Wisdom, E. de  \u2026", "excerpt": "The traditional model of higher education is failing students and society. In many jurisdictions, there is a tendency to mass education with greater participation and greater demands for university education, but less money available to support high\u2011quality  ...", "url_pdf": "http://wg85.portlandpress.com/pp/books/online/wg85/085/0067/0850067.pdf", "num_citations": 3, "cluster_id": "14824950168855816302", "year": "2010", "url_citations": "http://scholar.google.com/scholar?cites=14824950168855816302&as_sdt=2005&sciodt=1,5&hl=en"}, {"num_versions": 12, "url_citation": null, "title": "Student outcomes: The impact of varying living-learning community models", "url": "http://link.springer.com/article/10.1023/A:1025495309569", "url_versions": "http://scholar.google.com/scholar?cluster=2538318188614246580&hl=en&as_sdt=1,5&sciodt=1,5&as_vis=1", "authors": "MLA Stassen - Research in higher education", "excerpt": "Abstract This study explores the effect of three distinct living-learning community models on a variety of student experience and academic performance outcomes. Central to the analysis is an investigation of whether there are differences in outcomes for learning  ...", "url_pdf": null, "num_citations": 185, "cluster_id": "2538318188614246580", "year": "2003", "url_citations": "http://scholar.google.com/scholar?cites=2538318188614246580&as_sdt=2005&sciodt=1,5&hl=en"}, {"num_versions": 4, "url_citation": null, "title": "\u63a2\u7d22 [\u5efa\u69cb\u5b78\u7fd2\u884c\u70ba\u7279\u8cea] \u5c0d\u7dda\u4e0a\u5b78\u7fd2\u6210\u6548\u7684\u5f71\u97ff", "url": "http://lawdata.com.tw/tw/detail.aspx?no=50920", "url_versions": "http://scholar.google.com/scholar?cluster=16505276889955432307&hl=en&as_sdt=1,5&sciodt=1,5&as_vis=1", "authors": "\u738b\u601d\u5cf0\uff0c \u674e\u660c\u96c4 -", "excerpt": "\u4e2d\u6587\u6458\u8981\u6587\u737b\u50be\u5411\u65bc\u76f8\u4fe1: \u7dda\u4e0a\u5b78\u7fd2\u53ef\u5354\u52a9\u5be6\u73fe\u5efa\u69cb\u4e3b\u7fa9\u6559\u80b2\u7406\u60f3. \u4e0a\u8ff0\u4e3b\u5f35\u76ee\u524d\u4ecd\u7f3a\u4e4f\u6709\u529b\u4e14\u4e00\u81f4\u7684\u8b49\u64da, \u672c\u7814\u7a76\u56e0\u6b64\u63d0\u51fa\u53e6\u4e00\u7a2e\u89e3\u91cb: \u5b78\u7fd2\u8005\u5728\u83ef\u4eba\u6559\u80b2\u50b3\u7d71\u8ab2\u5802\u4e2d\u591a\u5e74\u6240\u7a4d\u7d2f\u7684\u5b78\u7fd2\u7fd2\u6163\u96e3\u4ee5\u77ed\u6642\u9593\u5167\u6539\u8b8a, \u5c0e\u81f4\u7121\u6cd5\u6709\u6548\u9069\u61c9\u5efa\u69cb\u4e3b\u7fa9\u5f0f\u7684\u7dda\u4e0a\u6559\u80b2. \u70ba\u4e86\u63a2\u7d22\u6b64\u4e00\u4e3b\u5f35, \u672c\u7814\u7a76\u63d0\u51fa ...", "url_pdf": null, "num_citations": 8, "cluster_id": "16505276889955432307", "year": "2004", "url_citations": "http://scholar.google.com/scholar?cites=16505276889955432307&as_sdt=2005&sciodt=1,5&hl=en"}, {"num_versions": 2, "url_citation": null, "title": "Development, implementation, and evaluation of a science learning community for underrepresented students", "url": "http://www.dl.begellhouse.com/journals/00551c876cc2f027,74c090f775255a3f,2fbc07952c3e843c.html", "url_versions": "http://scholar.google.com/scholar?cluster=9010238922966196836&hl=en&as_sdt=1,5&sciodt=1,5&as_vis=1", "authors": "S Garrett-Ruffin, DS Martsolf - Journal of Women and Minorities \u2026", "excerpt": "ABSTRACT Recruiting women, minorities, and first-generation students into the sciences, and retaining these students, is a challenge at many universities. Learning communities have been used in many university settings to promote the retention of students from the  ...", "url_pdf": null, "num_citations": 3, "cluster_id": "9010238922966196836", "year": "2005", "url_citations": "http://scholar.google.com/scholar?cites=9010238922966196836&as_sdt=2005&sciodt=1,5&hl=en"}, {"num_versions": 0, "url_citation": null, "title": "A tree grows in Brooklyn: Schools of education as brokers of social capital in low-income neighborhoods", "url": "http://scholar.google.com/https://books.google.com/books?hl=en&lr=&id=6GFR_ANpE2gC&oi=fnd&pg=PA65&ots=n5tqQmIdoc&sig=extksjruH03Xey0AulkzzpVS-C0", "url_versions": null, "authors": "WA Reed - Teaching teachers: Building a quality school of urban \u2026", "excerpt": "Schools of education in urban contexts are not typically defined by the role they play in revitalizing low-income neighborhoods. Busy preparing educators for classroom practice, these schools rarely consider the prospect that what they do influences community  ...", "url_pdf": null, "num_citations": 14, "cluster_id": "6766373341939354316", "year": "2004", "url_citations": "http://scholar.google.com/scholar?cites=6766373341939354316&as_sdt=2005&sciodt=1,5&hl=en"}, {"num_versions": 5, "url_citation": null, "title": "Stampidine as a novel nucleoside reverse transcriptase inhibit with potent anti-HIV activity.", "url": "http://europepmc.org/abstract/med/16570821", "url_versions": "http://scholar.google.com/scholar?cluster=15379662570903812526&hl=en&as_sdt=1,5&sciodt=1,5&as_vis=1", "authors": "FM Uckun - Arzneimittel-Forschung", "excerpt": "Stavudine (STV, d4T, 2', 3'-didehydro-3'-deoxythymidine, CAS 3056-17-5) is a standard anti-HIV drug. Stampidine (STAMP, DDE-113, HI-113, N-[p-(4-bromophenyl)-2', 3'-didehydro-3'-deoxy-5'-thymidylyl]-L-alanine methyl ester, CAS 217178-62-6) is a novel aryl phosphate  ...", "url_pdf": null, "num_citations": 4, "cluster_id": "15379662570903812526", "year": "2006", "url_citations": "http://scholar.google.com/scholar?cites=15379662570903812526&as_sdt=2005&sciodt=1,5&hl=en"}, {"num_versions": 8, "url_citation": null, "title": "Work In progress-Western Michigan University's effort to increase retention of first-time, first-year engineering and applied sciences students", "url": "http://ieeexplore.ieee.org/xpls/abs_all.jsp?arnumber=4418034", "url_versions": "http://scholar.google.com/scholar?cluster=17971307204706696779&hl=en&as_sdt=1,5&sciodt=1,5&as_vis=1", "authors": "E Tsang, C Halderson, K Kallen - Frontiers In Education  \u2026", "excerpt": "Abstract-This paper describes the activities, assessment results, and improvements to increase the retention of firsttime first-year students in Western Michigan University's College of Engineering and Applied Sciences. Retention strategies consist of student learning  ...", "url_pdf": null, "num_citations": 4, "cluster_id": "17971307204706696779", "year": "2007", "url_citations": "http://scholar.google.com/scholar?cites=17971307204706696779&as_sdt=2005&sciodt=1,5&hl=en"}, {"num_versions": 0, "url_citation": null, "title": "Constructing undergraduate psychology curricula: Promoting authentic learning and assessment in the teaching of psychology.", "url": "http://psycnet.apa.org/psycinfo/2009-18373-000/", "url_versions": null, "authors": "JA Mayo -", "excerpt": "Abstract 1. Although courses differ widely across undergraduate institutions, dedicated psychology educators at all academic levels share an interest in uncovering optimal teaching practices. To aid the process of pedagogical discovery, this book addresses  ...", "url_pdf": null, "num_citations": 9, "cluster_id": "9085838661566207112", "year": "2010", "url_citations": "http://scholar.google.com/scholar?cites=9085838661566207112&as_sdt=2005&sciodt=1,5&hl=en"}, {"num_versions": 4, "url_citation": null, "title": "We're born to learn: Using the brain's natural learning process to create today's curriculum", "url": "http://scholar.google.com/https://books.google.com/books?hl=en&lr=&id=e0tOAwAAQBAJ&oi=fnd&pg=PR1&ots=vrTuFT2XuC&sig=20r9cMw4xZXfjabROe3BKCKiCiA", "url_versions": "http://scholar.google.com/scholar?cluster=16769586537673519148&hl=en&as_sdt=1,5&sciodt=1,5&as_vis=1", "authors": "R Smilkstein -", "excerpt": "Teach students to take responsibility for their own success! This updated edition of the bestselling and award-winning book on the brain's natural learning process brings new research results and applications in a power-packed teacher tool kit. Rita Smilkstein  ...", "url_pdf": null, "num_citations": 77, "cluster_id": "16769586537673519148", "year": "2011", "url_citations": "http://scholar.google.com/scholar?cites=16769586537673519148&as_sdt=2005&sciodt=1,5&hl=en"}, {"num_versions": 2, "url_citation": null, "title": "Powerful learning communities: A guide to developing student, faculty, and professional learning communities to improve student success and organizational  \u2026", "url": "http://scholar.google.com/https://books.google.com/books?hl=en&lr=&id=_TGFAwAAQBAJ&oi=fnd&pg=PR1&ots=nDdgKKmDOP&sig=GC0pv5SFs8FCW8gd8PDLe-QI5oQ", "url_versions": "http://scholar.google.com/scholar?cluster=1028853631523535754&hl=en&as_sdt=1,5&sciodt=1,5&as_vis=1", "authors": "OT Lenning, DM Hill, KP Saunders, A Solan, A Stokes\u2026 -", "excerpt": "This book constitutes a comprehensive guide for readers who want a broad strategic view of learning communities, enabling them to identify which type of LC best meets the learning needs of their students, and the context and mission of their institution. It also provides the  ...", "url_pdf": null, "num_citations": 10, "cluster_id": "1028853631523535754", "year": "2013", "url_citations": "http://scholar.google.com/scholar?cites=1028853631523535754&as_sdt=2005&sciodt=1,5&hl=en"}, {"num_versions": 0, "url_citation": null, "title": "Blended learning and the classroom environment: A comparative analysis of students' perception of the classroom environment across community college courses  \u2026", "url": "http://gradworks.umi.com/33/44/3344753.html", "url_versions": null, "authors": "WL Comey -", "excerpt": "Abstract: This study examined how students' perception of the classroom environment differs across traditional face-to-face, online, and blended courses. The study compared feedback from students enrolled in courses taught in each format to determine if the blended  ...", "url_pdf": null, "num_citations": 11, "cluster_id": "18027706370424452684", "year": "2009", "url_citations": "http://scholar.google.com/scholar?cites=18027706370424452684&as_sdt=2005&sciodt=1,5&hl=en"}, {"num_versions": 2, "url_citation": null, "title": "Moving into Students' Spaces: The Impact of Location of Academic Advising on Student Engagement among Undecided Students.", "url": "http://eric.ed.gov/?id=EJ802473", "url_versions": "http://scholar.google.com/scholar?cluster=2982914453505744619&hl=en&as_sdt=1,5&sciodt=1,5&as_vis=1", "authors": "J Heiss-Arms, AF Cabrera, AM Brower - NACADA Journal", "excerpt": "University stakeholders recognize the importance of exposing all students to academic advising as a means to enhance their engagement with the institution. Living-learning communities are of particular promise. In this study, conducted at a mid-western land grant  ...", "url_pdf": null, "num_citations": 17, "cluster_id": "2982914453505744619", "year": "2008", "url_citations": "http://scholar.google.com/scholar?cites=2982914453505744619&as_sdt=2005&sciodt=1,5&hl=en"}, {"num_versions": 2, "url_citation": null, "title": "Writing with authority: Students' roles as writers in cross-national perspective", "url": "http://scholar.google.com/https://books.google.com/books?hl=en&lr=&id=RBXbBgAAQBAJ&oi=fnd&pg=PP1&ots=C7hrN_OIgw&sig=Mu9A4vLv9XYF8DFwI3I3i_3RbjM", "url_versions": "http://scholar.google.com/scholar?cluster=12822446623924889463&hl=en&as_sdt=1,5&sciodt=1,5&as_vis=1", "authors": "D Foster -", "excerpt": "Writing with Authority: Students' Roles as Writers in Cross-National Perspective offers a comparison of student writers in two university cultures\u2014one German and one American\u2014as the students learn to connect their writing to academic content. David Foster  ...", "url_pdf": null, "num_citations": 17, "cluster_id": "12822446623924889463", "year": "2006", "url_citations": "http://scholar.google.com/scholar?cites=12822446623924889463&as_sdt=2005&sciodt=1,5&hl=en"}, {"num_versions": 11, "url_citation": null, "title": "Integrating learning communities and distance education: Possibility or pipedream?", "url": "http://link.springer.com/article/10.1007/s10755-006-9011-y", "url_versions": "http://scholar.google.com/scholar?cluster=2885317084053818790&hl=en&as_sdt=1,5&sciodt=1,5&as_vis=1", "authors": "D DiRamio, M Wolverton - Innovative Higher Education", "excerpt": "ABSTRACT As demands for accountability continue and increase, higher education administrators require tools for evaluating campus programs. Learning communities, as a course design strategy, have proven successful in confronting challenges associated with  ...", "url_pdf": null, "num_citations": 63, "cluster_id": "2885317084053818790", "year": "2006", "url_citations": "http://scholar.google.com/scholar?cites=2885317084053818790&as_sdt=2005&sciodt=1,5&hl=en"}, {"num_versions": 5, "url_citation": null, "title": "A q-method study describing the diversity awareness of college students in theme housing", "url": "http://scholar.google.com/https://books.google.com/books?hl=en&lr=&id=28jeyi93UHoC&oi=fnd&pg=PA1&ots=Wh8XTwgXIW&sig=WcAs0kpLqbXYTBDt4jaKI1zMKOQ", "url_versions": "http://scholar.google.com/scholar?cluster=6443754578599812023&hl=en&as_sdt=1,5&sciodt=1,5&as_vis=1", "authors": "T Taylor -", "excerpt": "Findings and conclusions. Three distinct factor viewpoints emerged from the data analysis: Empathic Orientation, Relationship Orientation, and Experiential Orientation. The first view, defined by eight sorts, was named Empathy Orientation because participants with this  ...", "url_pdf": null, "num_citations": 3, "cluster_id": "6443754578599812023", "year": "2007", "url_citations": "http://scholar.google.com/scholar?cites=6443754578599812023&as_sdt=2005&sciodt=1,5&hl=en"}, {"num_versions": 6, "url_citation": null, "title": "When diversity and dollars collide: Challenges for higher education", "url": "http://link.springer.com/article/10.1023/B:IHIE.0000015108.11519.08", "url_versions": "http://scholar.google.com/scholar?cluster=13724217785152617627&hl=en&as_sdt=1,5&sciodt=1,5&as_vis=1", "authors": "MB Marcy - Innovative Higher Education", "excerpt": "Abstract The challenges of meeting the needs of diverse students have long been recognized in higher education. As many institutions wrestle with austere budgets, however, diversity programs are struggling to maintain their effectiveness amidst financial  ...", "url_pdf": null, "num_citations": 17, "cluster_id": "13724217785152617627", "year": "2004", "url_citations": "http://scholar.google.com/scholar?cites=13724217785152617627&as_sdt=2005&sciodt=1,5&hl=en"}, {"num_versions": 5, "url_citation": null, "title": "Developing an empirically based typology of attitudes of entering students toward participation in learning communities", "url": "http://www.tandfonline.com/doi/abs/10.1080/02602930500352766", "url_versions": "http://scholar.google.com/scholar?cluster=1974754833134006044&hl=en&as_sdt=1,5&sciodt=1,5&as_vis=1", "authors": "PR Jones, JL Laufgraben, N Morris - Assessment & Evaluation in  \u2026", "excerpt": "Learning communities (LC) seek to strengthen and enrich students' connections to each other, their teachers, and the subject matter they are studying. Their success depends on the nature of the learning community program, the learning styles of the students who  ...", "url_pdf": null, "num_citations": 26, "cluster_id": "1974754833134006044", "year": "2006", "url_citations": "http://scholar.google.com/scholar?cites=1974754833134006044&as_sdt=2005&sciodt=1,5&hl=en"}, {"num_versions": 0, "url_citation": null, "title": "Measuring Virtual Community: Using Principles from the Learning Communities Movement to Evaluate Online Courses", "url": "http://www.auburn.edu/%7Ediramdc/diramio-aera-paper.pdf", "url_versions": null, "authors": "D DiRamio - American Educational Research Association", "excerpt": "Abstract: While online education shows promise for setting collegiate learning free from the confines of the lecture hall, this new freedom also brings new challenges. For example, drop rates are double for online courses. In an era of declining resources and accountability,  ...", "url_pdf": "http://www.auburn.edu/%7Ediramdc/diramio-aera-paper.pdf", "num_citations": 2, "cluster_id": "8833479716872838686", "year": "2005", "url_citations": "http://scholar.google.com/scholar?cites=8833479716872838686&as_sdt=2005&sciodt=1,5&hl=en"}, {"num_versions": 13, "url_citation": null, "title": "The impact of enquiry-based learning on academic performance and student engagement", "url": "http://www.canlitsubmit.ca/index.php/cjhe/article/view/1919", "url_versions": "http://scholar.google.com/scholar?cluster=13388468140299085493&hl=en&as_sdt=1,5&sciodt=1,5&as_vis=1", "authors": "A Summerlee, J Murray - Canadian Journal of Higher Education", "excerpt": "Abstract Previously, we reported qualitative fi ndings showing that students who experienced a problem-or enquiry-based course (EBL) in a fi rst-year seminar program had greater confi dence in their academic abilities, were more engaged, and were better  ...", "url_pdf": null, "num_citations": 16, "cluster_id": "13388468140299085493", "year": "2010", "url_citations": "http://scholar.google.com/scholar?cites=13388468140299085493&as_sdt=2005&sciodt=1,5&hl=en"}, {"num_versions": 3, "url_citation": null, "title": "Does feeling part of a learning community help students to do well in their A levels?", "url": "http://www.educatejournal.org/index.php/educate/article/view/392", "url_versions": "http://scholar.google.com/scholar?cluster=18034831053759342721&hl=en&as_sdt=1,5&sciodt=1,5&as_vis=1", "authors": "JP Dziubinski - Educate~", "excerpt": "Abstract Learning communities are said to improve academic achievement, contribute to higher retention rates, enhance student satisfaction, develop their thinking and communication skills, help them to understand themselves better, and close the gap  ...", "url_pdf": null, "num_citations": 1, "cluster_id": "18034831053759342721", "year": "2014", "url_citations": "http://scholar.google.com/scholar?cites=18034831053759342721&as_sdt=2005&sciodt=1,5&hl=en"}, {"num_versions": 7, "url_citation": null, "title": "The Learning Communities Demonstration: Rationale, Sites, and Research Design. An NCPR Working Paper.", "url": "http://eric.ed.gov/?id=ED501563", "url_versions": "http://scholar.google.com/scholar?cluster=12779470976385264294&hl=en&as_sdt=1,5&sciodt=1,5&as_vis=1", "authors": "MG Visher, H Wathington, L Richburg-Hayes\u2026 - National Center for  \u2026", "excerpt": "Community colleges play a unique and indispensable role in higher education, each year offering millions a chance at a college education without regard to their level of academic preparation. Community colleges now serve close to half of all undergraduates and  ...", "url_pdf": null, "num_citations": 30, "cluster_id": "12779470976385264294", "year": "2008", "url_citations": "http://scholar.google.com/scholar?cites=12779470976385264294&as_sdt=2005&sciodt=1,5&hl=en"}, {"num_versions": 5, "url_citation": null, "title": "The pursuit of student success: The directions and challenges facing community colleges", "url": "http://link.springer.com/chapter/10.1007/978-90-481-8598-6_5", "url_versions": "http://scholar.google.com/scholar?cluster=17263134882294165706&hl=en&as_sdt=1,5&sciodt=1,5&as_vis=1", "authors": "LS Hagedorn - Higher education: Handbook of theory and research", "excerpt": "Abstract Community colleges are the postsecondary entry point for a diverse set of students including many students of color, those from low-income backgrounds, as well as students with postsecondary dreams but with academic records that will not merit admission to the  ...", "url_pdf": null, "num_citations": 26, "cluster_id": "17263134882294165706", "year": "2010", "url_citations": "http://scholar.google.com/scholar?cites=17263134882294165706&as_sdt=2005&sciodt=1,5&hl=en"}, {"num_versions": 0, "url_citation": null, "title": "Learning Communities and the Future of the Humanities", "url": "http://www.jstor.org/stable/25595839", "url_versions": null, "authors": "P Van Slyck - Profession", "excerpt": "Recently, a colleague of mine whose field is art historyand whose spe cialtyis non-Western art made a presentation to our faculty entitled\" Dis ciplining Art: The Effects of Museum Design on Art History Pedagogy.\" Through a provocative slide show, he demonstrated the  ...", "url_pdf": null, "num_citations": 3, "cluster_id": "13160774195593612426", "year": "2006", "url_citations": "http://scholar.google.com/scholar?cites=13160774195593612426&as_sdt=2005&sciodt=1,5&hl=en"}, {"num_versions": 3, "url_citation": null, "title": "The value of a learning community to support telepractice for infants and toddlers with hearing loss", "url": "http://search.proquest.com/openview/477a6d10934948b420cf375d8e5eb12e/1?pq-origsite=gscholar", "url_versions": "http://scholar.google.com/scholar?cluster=17561128507897407148&hl=en&as_sdt=1,5&sciodt=1,5&as_vis=1", "authors": "DD Behl, KT Houston, A Stredler-Brown - The Volta Review", "excerpt": "Abstract For a variety of reasons, professionals are taking greater control over their own professional development and demonstrating a commitment to lifelong learning. Online resources and social media outlets have provided new ways for professionals to connect  ...", "url_pdf": null, "num_citations": 8, "cluster_id": "17561128507897407148", "year": "2012", "url_citations": "http://scholar.google.com/scholar?cites=17561128507897407148&as_sdt=2005&sciodt=1,5&hl=en"}, {"num_versions": 7, "url_citation": null, "title": "Fostering faculty collaboration in learning communities: A developmental approach", "url": "http://link.springer.com/article/10.1007/s10755-005-3293-3", "url_versions": "http://scholar.google.com/scholar?cluster=12345328776920167647&hl=en&as_sdt=1,5&sciodt=1,5&as_vis=1", "authors": "CB Stevenson, RL Duran, KA Barrett\u2026 - Innovative Higher  \u2026", "excerpt": "Abstract Colleges and universities are adopting learning communities to increase student learning and build cohesion. As learning communities grow in popularity, institutions need to invest in faculty development (Oates, 2001) and understand faculty experiences (Mullen,  ...", "url_pdf": null, "num_citations": 42, "cluster_id": "12345328776920167647", "year": "2005", "url_citations": "http://scholar.google.com/scholar?cites=12345328776920167647&as_sdt=2005&sciodt=1,5&hl=en"}, {"num_versions": 0, "url_citation": null, "title": "Learning, engagement and technology", "url": "http://scholar.google.com/https://books.google.com/books?hl=en&lr=&id=iONFdyJk0DUC&oi=fnd&pg=PA169&ots=co_BrJ6bwB&sig=b29SZwdL2Q45hRTCqH8i_TY4Cd4", "url_versions": null, "authors": "JK Lippincott, C Gibson - Student Engagement and Information  \u2026", "excerpt": "T his chapter focuses on new ways of thinking about promoting information literacy, engaging students, and building community in technology-enabled environments, both physical and virtual. Whether or not a campus has a formal \u201clearning communities\u201d  ...", "url_pdf": null, "num_citations": 5, "cluster_id": "15952385983441640266", "year": "2006", "url_citations": "http://scholar.google.com/scholar?cites=15952385983441640266&as_sdt=2005&sciodt=1,5&hl=en"}, {"num_versions": 3, "url_citation": null, "title": "Longitudinal study of learning communities in agricultural and biosystems engineering", "url": "http://lib.dr.iastate.edu/abe_eng_conf/20/", "url_versions": "http://scholar.google.com/scholar?cluster=10643306663663377352&hl=en&as_sdt=1,5&sciodt=1,5&as_vis=1", "authors": "PC Harms, SK Mickelson, TJ Brumm -", "excerpt": "Abstract In 1998, our department turned to the pedagogical innovation termed \u201clearning communities\u201d in an effort to enhance student retention and to bring coherence and meaning to our first-year student curriculum. We have found that our learning community has  ...", "url_pdf": null, "num_citations": 3, "cluster_id": "10643306663663377352", "year": "2002", "url_citations": "http://scholar.google.com/scholar?cites=10643306663663377352&as_sdt=2005&sciodt=1,5&hl=en"}, {"num_versions": 4, "url_citation": null, "title": "Thinking through computing: The power of learning communities", "url": "http://www.tandfonline.com/doi/pdf/10.1080/0899340042000303456", "url_versions": "http://scholar.google.com/scholar?cluster=2126240174061574556&hl=en&as_sdt=1,5&sciodt=1,5&as_vis=1", "authors": "C Scharff, H Brown - Computer Science Education", "excerpt": "ABSTRACT A novel approach to improving instruction in an introductory computing course for freshmen non-computer-science majors is to couple it with a logic course as part of a Learning Community. Research has shown that effective Learning Communities can lead  ...", "url_pdf": null, "num_citations": 15, "cluster_id": "2126240174061574556", "year": "2004", "url_citations": "http://scholar.google.com/scholar?cites=2126240174061574556&as_sdt=2005&sciodt=1,5&hl=en"}, {"num_versions": 4, "url_citation": null, "title": "The impact of participation in a learning community at Indiana University of Pennsylvania: Crimson Connections", "url": "http://core.ac.uk/download/pdf/12208547.pdf", "url_versions": "http://scholar.google.com/scholar?cluster=8647047531144845598&hl=en&as_sdt=1,5&sciodt=1,5&as_vis=1", "authors": "MA Norwood -", "excerpt": "This dissertation is dedicated to my family in recognition of their support along the journey. A special thanks goes to my husband, Jim, and son, Zachary, for their never ending faith; to my mother, Gerry, for a life-time of encouragement and to my father, Bob. Although he never  ...", "url_pdf": "http://core.ac.uk/download/pdf/12208547.pdf", "num_citations": 1, "cluster_id": "8647047531144845598", "year": "2010", "url_citations": "http://scholar.google.com/scholar?cites=8647047531144845598&as_sdt=2005&sciodt=1,5&hl=en"}, {"num_versions": 2, "url_citation": null, "title": "Sustaining and improving learning communities", "url": "http://scholar.google.com/https://books.google.com/books?hl=en&lr=&id=YHKMow1USMAC&oi=fnd&pg=PP7&ots=03PySlMzE-&sig=TWfUN-Jq_KlM1thaDpT8uZaft4E", "url_versions": "http://scholar.google.com/scholar?cluster=3699678813738899059&hl=en&as_sdt=1,5&sciodt=1,5&as_vis=1", "authors": "JL Laufgraben, NS Shapiro -", "excerpt": "Sustaining and Improving Learning Communities is the long awaited follow-up to the groundbreaking book Creating Learning Communities. The authors continue their exploration of the concept of learning communities as an innovation in undergraduate  ...", "url_pdf": null, "num_citations": 137, "cluster_id": "3699678813738899059", "year": "2004", "url_citations": "http://scholar.google.com/scholar?cites=3699678813738899059&as_sdt=2005&sciodt=1,5&hl=en"}, {"num_versions": 0, "url_citation": null, "title": "Community college attrition of GED certificate holders and regular high school graduates: a comparative study using national BPS data", "url": "http://ir.library.oregonstate.edu/xmlui/handle/1957/30476", "url_versions": null, "authors": "AC Long -", "excerpt": "This study was purposed to extract, collate, and statistically format data contained in the national Beginning Postsecondary Students (BPS) Longitudinal Study: 1996-2001 database that pertained to persistence and attainment rates of GED recipients who began their  ...", "url_pdf": null, "num_citations": 2, "cluster_id": "3226686376599878508", "year": "2004", "url_citations": "http://scholar.google.com/scholar?cites=3226686376599878508&as_sdt=2005&sciodt=1,5&hl=en"}, {"num_versions": 2, "url_citation": null, "title": "Residential learning community peer mentors: A qualitative study of role construction/enactment and learning outcomes", "url": "http://www.lc.iastate.edu/pdfs-docs/Dissertationtotal8-27-03saved2-17.pdf", "url_versions": "http://scholar.google.com/scholar?cluster=11236285367811045527&hl=en&as_sdt=1,5&sciodt=1,5&as_vis=1", "authors": "M Benjamin -", "excerpt": "CHAPTER 1. INTRODUCTION Introduction and Purpose Residential learning community peer mentors are a relatively new group of paraprofessional undergraduate student employees who work in specified environments (the residence hall, and sometimes the  ...", "url_pdf": "http://www.lc.iastate.edu/pdfs-docs/Dissertationtotal8-27-03saved2-17.pdf", "num_citations": 3, "cluster_id": "11236285367811045527", "year": "2004", "url_citations": "http://scholar.google.com/scholar?cites=11236285367811045527&as_sdt=2005&sciodt=1,5&hl=en"}, {"num_versions": 4, "url_citation": null, "title": "A random assignment evaluation of learning communities at Kingsborough Community College\u2014Seven years later", "url": "http://www.tandfonline.com/doi/full/10.1080/19345747.2014.946634", "url_versions": "http://scholar.google.com/scholar?cluster=16557982657137493814&hl=en&as_sdt=1,5&sciodt=1,5&as_vis=1", "authors": "MJ Weiss, AK Mayer, D Cullinan\u2026 - Journal of Research  \u2026", "excerpt": "Abstract: Community colleges play a vital role in higher education, enrolling more than one in every three postsecondary students. While their market share has grown over the past 50 years, students' success rates remain low. Consequently, community college stakeholders  ...", "url_pdf": null, "num_citations": 3, "cluster_id": "16557982657137493814", "year": "2015", "url_citations": "http://scholar.google.com/scholar?cites=16557982657137493814&as_sdt=2005&sciodt=1,5&hl=en"}, {"num_versions": 9, "url_citation": null, "title": "Assessment of Faculty Mentoring Strategies of Student Learning Communities at Western Michigan University College of Engineering and Applied Sciences", "url": "http://ieeexplore.ieee.org/xpls/abs_all.jsp?arnumber=4116944", "url_versions": "http://scholar.google.com/scholar?cluster=6551444730565531234&hl=en&as_sdt=1,5&sciodt=1,5&as_vis=1", "authors": "E Tsang, C Halderson, I Abdel-Qader\u2026 - Frontiers in  \u2026", "excerpt": "Abstract\u2013Learning Communities involving 263 first-year students were created at Western Michigan University College of Engineering and Applied Sciences in Fall Semester 2005 to enhance student learning and improve first-year retention. Placing groups of students in  ...", "url_pdf": null, "num_citations": 1, "cluster_id": "6551444730565531234", "year": "2006", "url_citations": "http://scholar.google.com/scholar?cites=6551444730565531234&as_sdt=2005&sciodt=1,5&hl=en"}, {"num_versions": 5, "url_citation": null, "title": "A physical education learning community: Development and first-year assessment", "url": "http://search.proquest.com/openview/7877963d3f642d997cb3028e3f2a8405/1?pq-origsite=gscholar", "url_versions": "http://scholar.google.com/scholar?cluster=16300556398436178129&hl=en&as_sdt=1,5&sciodt=1,5&as_vis=1", "authors": "M LaVine, S Mitchell - Physical Educator", "excerpt": "Abstract The introduction of a living-learning community offers a new direction for recruitment and retention of physical education majors. A living learning community of physical education majors presents a unique opportunity for students to not only attend  ...", "url_pdf": null, "num_citations": 15, "cluster_id": "16300556398436178129", "year": "2006", "url_citations": "http://scholar.google.com/scholar?cites=16300556398436178129&as_sdt=2005&sciodt=1,5&hl=en"}, {"num_versions": 2, "url_citation": null, "title": "Double the Numbers: Increasing Postsecondary Credentials for Underrepresented Youth.", "url": "http://eric.ed.gov/?id=ED485403", "url_versions": "http://scholar.google.com/scholar?cluster=1530832977025068982&hl=en&as_sdt=1,5&sciodt=1,5&as_vis=1", "authors": "R Kazis, J Vargas, N Hoffman -", "excerpt": "Perhaps the most significant challenge facing our society today is the need to dramatically increase the number of Americans who graduate high school and go on to earn postsecondary credentials. This is an economic, social, and civic imperative? and it  ...", "url_pdf": null, "num_citations": 46, "cluster_id": "1530832977025068982", "year": "2004", "url_citations": "http://scholar.google.com/scholar?cites=1530832977025068982&as_sdt=2005&sciodt=1,5&hl=en"}, {"num_versions": 0, "url_citation": null, "title": "Course designs, instructional strategies, and support systems in K--8 online education: A case study", "url": "http://gradworks.umi.com/33/36/3336272.html", "url_versions": null, "authors": "TK Hemschik -", "excerpt": "Abstract: The purpose of this case study was to describe how K-8 online educators adapt the online venue to accommodate the learning and developmental needs of elementary and middle school students. The sample consisted of 27 online educators from Wisconsin with  ...", "url_pdf": null, "num_citations": 2, "cluster_id": "9490552858454612653", "year": "2008", "url_citations": "http://scholar.google.com/scholar?cites=9490552858454612653&as_sdt=2005&sciodt=1,5&hl=en"}, {"num_versions": 4, "url_citation": null, "title": "Assessing the efficacy of learning communities at four north Texas community colleges", "url": "http://digital.library.unt.edu/ark:/67531/metadc3255/m2/1/high_res_d/dissertation.pdf", "url_versions": "http://scholar.google.com/scholar?cluster=10234704643103344473&hl=en&as_sdt=1,5&sciodt=1,5&as_vis=1", "authors": "PM Dodd -", "excerpt": "Dodd, Patricia M., Assessing the efficacy of learning communities at four north Texas community colleges. Doctor of Philosophy (Applied Technology Training and Development), August 2002, 92 pp., 4 tables, references, 123 titles. This observational study involving  ...", "url_pdf": "http://digital.library.unt.edu/ark:/67531/metadc3255/m2/1/high_res_d/dissertation.pdf", "num_citations": 1, "cluster_id": "10234704643103344473", "year": "2002", "url_citations": "http://scholar.google.com/scholar?cites=10234704643103344473&as_sdt=2005&sciodt=1,5&hl=en"}, {"num_versions": 12, "url_citation": null, "title": "Action research for sustainable development in a turbulent world", "url": "http://scholar.google.com/https://books.google.com/books?hl=en&lr=&id=UCH12Ev3tC0C&oi=fnd&pg=PP1&ots=jxmxaMFA_Y&sig=tyGfd7-vNCaFxgLc9rlv1Un6OeU", "url_versions": "http://scholar.google.com/scholar?cluster=11001392002040840339&hl=en&as_sdt=1,5&sciodt=1,5&as_vis=1", "authors": "O Zuber-Skerritt -", "excerpt": "This book has been conceived by eight long-time action researchers/elders and written by them and four of their mentees after celebrating 20 years of action learning and action research (ALAR) at the Eighth World Congress on ALAR in Melbourne in September 2010 ...", "url_pdf": null, "num_citations": 18, "cluster_id": "11001392002040840339", "year": "2012", "url_citations": "http://scholar.google.com/scholar?cites=11001392002040840339&as_sdt=2005&sciodt=1,5&hl=en"}, {"num_versions": 2, "url_citation": null, "title": "Preparing for meaningful involvement in learning community work in the composition classroom", "url": "http://search.proquest.com/openview/122a0b4f2fedf21f1078ed73269d6418/1?pq-origsite=gscholar", "url_versions": "http://scholar.google.com/scholar?cluster=2741503886841162648&hl=en&as_sdt=1,5&sciodt=1,5&as_vis=1", "authors": "H Camp, T Bolstad - Teaching English in the Two Year  \u2026", "excerpt": "Abstract Many composition teachers are committed to peer collaboration and to fostering student accountability to a larger community of learners; they display an interest in transcending disciplinary boundaries (by, for example, teaching rhetorical skills that can  ...", "url_pdf": null, "num_citations": 1, "cluster_id": "2741503886841162648", "year": "2011", "url_citations": "http://scholar.google.com/scholar?cites=2741503886841162648&as_sdt=2005&sciodt=1,5&hl=en"}, {"num_versions": 4, "url_citation": null, "title": "First-generation college seniors: A phenomenological exploration of the transitional experience of the final college year", "url": "http://dspace.iup.edu/handle/2069/249", "url_versions": "http://scholar.google.com/scholar?cluster=1519575841680014713&hl=en&as_sdt=1,5&sciodt=1,5&as_vis=1", "authors": "J Overton-Healy -", "excerpt": "This study investigated the transitional experience of college seniors who are also first-generation status. This topic merits investigation because there is an increasing interest in various demographics of college students, and because college seniors represent an  ...", "url_pdf": null, "num_citations": 7, "cluster_id": "1519575841680014713", "year": "2010", "url_citations": "http://scholar.google.com/scholar?cites=1519575841680014713&as_sdt=2005&sciodt=1,5&hl=en"}, {"num_versions": 4, "url_citation": null, "title": "Professional connections through the technology learning community", "url": "http://lib.dr.iastate.edu/abe_eng_pubs/50/", "url_versions": "http://scholar.google.com/scholar?cluster=5060909351195078945&hl=en&as_sdt=1,5&sciodt=1,5&as_vis=1", "authors": "LQN Ancar, SA Freeman, DW Field - Journal of Technology Studies", "excerpt": "Abstract Have you heard? The new buzzword is \u201clearning communities.\u201d A learning community is a relatively old phenomenon that has resurfaced; it is making educators at institutions of higher education stand up and take notice. According to Angelo (1997),  ...", "url_pdf": null, "num_citations": 7, "cluster_id": "5060909351195078945", "year": "2007", "url_citations": "http://scholar.google.com/scholar?cites=5060909351195078945&as_sdt=2005&sciodt=1,5&hl=en"}, {"num_versions": 2, "url_citation": null, "title": "Evaluating academic and student affairs partnerships: the impact of living-learning communities on the development of critical thinking skills in college freshmen", "url": "http://ir.uiowa.edu/etd/927/", "url_versions": "http://scholar.google.com/scholar?cluster=11221560106737812368&hl=en&as_sdt=1,5&sciodt=1,5&as_vis=1", "authors": "AJ Borst -", "excerpt": "Abstract This dissertation was the first study to estimate the direct and indirect effects of living-learning community (LLC) participation on a standardized measure of critical thinking using a multi-institution longitudinal research design. It is possible that despite being lauded  ...", "url_pdf": null, "num_citations": 4, "cluster_id": "11221560106737812368", "year": "2011", "url_citations": "http://scholar.google.com/scholar?cites=11221560106737812368&as_sdt=2005&sciodt=1,5&hl=en"}, {"num_versions": 0, "url_citation": null, "title": "Student voices: the residential business learning community experience", "url": "http://lib.dr.iastate.edu/rtd/982/", "url_versions": null, "authors": "DL Burright -", "excerpt": "Abstract The College of Business at Iowa State University (ISU) implemented learning communities (LCs) in the fall of 1995. This program has since evolved to include residential LCs beginning in the fall of 1999. Since much of the data collected on LCs (at ISU and  ...", "url_pdf": null, "num_citations": 1, "cluster_id": "17877905247972173607", "year": "2002", "url_citations": "http://scholar.google.com/scholar?cites=17877905247972173607&as_sdt=2005&sciodt=1,5&hl=en"}]