[{"num_versions": 4, "url_citation": null, "title": "Identifying key actors for technology adoption in higher education: A social network approach", "url": "http://ascilite.org.au/conferences/wellington12/2012/images/custom/mirriahi,_negin_-_identifying_key.pdf", "url_versions": "http://scholar.google.com/scholar?cluster=12405582211322817774&hl=en&as_sdt=1,5&sciodt=1,5&as_vis=1", "year": "2012", "excerpt": "Higher education institutions are increasingly implementing strategies and practices aimed towards enhancing learning for the future by integrating educational technologies with classroom instruction. Despite the notable affordances these technologies bring to the  ...", "url_pdf": "http://ascilite.org.au/conferences/wellington12/2012/images/custom/mirriahi,_negin_-_identifying_key.pdf", "num_citations": 8, "cluster_id": "12405582211322817774", "authors": "N Mirriahi, S Dawson, D Hoven - Future challenges, sustainable  \u2026", "url_citations": "http://scholar.google.com/scholar?cites=12405582211322817774&as_sdt=2005&sciodt=1,5&hl=en"}, {"num_versions": 4, "url_citation": null, "title": "Comparison of student learning outcomes in online and traditional classroom environments in a psychology course", "url": "http://search.proquest.com/openview/6fe020f26d1d048af8e32f7f4036c296/1?pq-origsite=gscholar", "url_versions": "http://scholar.google.com/scholar?cluster=4305368490556171036&hl=en&as_sdt=1,5&sciodt=1,5&as_vis=1", "year": "2012", "excerpt": "Abstract Promoting distance education is an important policy on many college campuses, so evaluating to what extent online learning environment may affect learning outcomes and/or student satisfaction should continue to be a research priority. This study investigated  ...", "url_pdf": null, "num_citations": 2, "cluster_id": "4305368490556171036", "authors": "J Lyke, M Frank - Journal of Instructional Psychology", "url_citations": "http://scholar.google.com/scholar?cites=4305368490556171036&as_sdt=2005&sciodt=1,5&hl=en"}, {"num_versions": 2, "url_citation": null, "title": "A thematic analysis of the most highly cited scholarship in the first decade of blended learning research", "url": "http://www.sciencedirect.com/science/article/pii/S1096751613000444", "url_versions": "http://scholar.google.com/scholar?cluster=10263184426415518698&hl=en&as_sdt=1,5&sciodt=1,5&as_vis=1", "year": "2014", "excerpt": "Abstract Blended learning, which combines face-to-face and online learning modalities, is a heterogeneous and steadily developing area of design and inquiry. With the expansion and maturation of blended learning research, voices enter the conversation in increasing  ...", "url_pdf": null, "num_citations": 22, "cluster_id": "10263184426415518698", "authors": "LR Halverson, CR Graham, KJ Spring\u2026 - The Internet and Higher  \u2026", "url_citations": "http://scholar.google.com/scholar?cites=10263184426415518698&as_sdt=2005&sciodt=1,5&hl=en"}, {"num_versions": 9, "url_citation": null, "title": "Australian health professions student use of social media", "url": "http://www.sciencedirect.com/science/article/pii/S1322769614000274", "url_versions": "http://scholar.google.com/scholar?cluster=18008053012770706644&hl=en&as_sdt=1,5&sciodt=1,5&as_vis=1", "year": "2014", "excerpt": "Summary Increased bandwidth, broadband network availability and improved functionality have enhanced the accessibility and attractiveness of social media. The use of the Internet by higher education students has markedly increased. Social media are already used  ...", "url_pdf": null, "num_citations": 11, "cluster_id": "18008053012770706644", "authors": "K Usher, C Woods, E Casella, N Glass, R Wilson\u2026 - Collegian", "url_citations": "http://scholar.google.com/scholar?cites=18008053012770706644&as_sdt=2005&sciodt=1,5&hl=en"}, {"num_versions": 9, "url_citation": null, "title": "Examining the relationship among student perception of support, course satisfaction, and learning outcomes in online learning", "url": "http://www.sciencedirect.com/science/article/pii/S1096751611000236", "url_versions": "http://scholar.google.com/scholar?cluster=11820909295598017596&hl=en&as_sdt=1,5&sciodt=1,5&as_vis=1", "year": "2011", "excerpt": "Abstract Support for student learning is a key element in optimizing student learning experiences in any learning environment and its importance has been widely discussed. This study looked at student support, particularly in the course context, focusing mainly on  ...", "url_pdf": null, "num_citations": 71, "cluster_id": "11820909295598017596", "authors": "SJ Lee, S Srinivasan, T Trail, D Lewis\u2026 - The Internet and Higher  \u2026", "url_citations": "http://scholar.google.com/scholar?cites=11820909295598017596&as_sdt=2005&sciodt=1,5&hl=en"}, {"num_versions": 5, "url_citation": null, "title": "Tablet technology to facilitate improved interaction and communication with students studying mathematics at a distance", "url": "http://www.editlib.org/p/40575/", "url_versions": "http://scholar.google.com/scholar?cluster=4154896553817242669&hl=en&as_sdt=1,5&sciodt=1,5&as_vis=1", "year": "2012", "excerpt": "Abstract Teaching and learning of mathematics is challenging when lecturer and students are separated geographically. While student engagement and interaction with the course, with other students and with the lecturer is vital to mathematics learning, it is difficult to  ...", "url_pdf": null, "num_citations": 6, "cluster_id": "4154896553817242669", "authors": "L Galligan, C Hobohm, B Loch - Journal of Computers in Mathematics  \u2026", "url_citations": "http://scholar.google.com/scholar?cites=4154896553817242669&as_sdt=2005&sciodt=1,5&hl=en"}, {"num_versions": 6, "url_citation": null, "title": "Investigating Real-time Predictors of Engagement: Implications for Adaptive Videogames and Online Training", "url": "http://www.igi-global.com/article/investigating-real-time-predictors-of-engagement/125444", "url_versions": "http://scholar.google.com/scholar?cluster=7030096194174445031&hl=en&as_sdt=1,5&sciodt=1,5&as_vis=1", "year": "2015", "excerpt": "Abstract Engagement is a worthwhile psychological construct to examine in the context of video games and online training. In this context, previous research suggests that the more engaged a person is, the more likely they are to experience overall positive affect while  ...", "url_pdf": null, "num_citations": 4, "cluster_id": "7030096194174445031", "authors": "D Sharek, E Wiebe - International Journal of Gaming and Computer- \u2026", "url_citations": "http://scholar.google.com/scholar?cites=7030096194174445031&as_sdt=2005&sciodt=1,5&hl=en"}, {"num_versions": 3, "url_citation": null, "title": "Exploiting the e-Serialization of nano-fiction to enhance undergraduate health and safety lectures: A back to the future perspective", "url": "http://www.sciencedirect.com/science/article/pii/S1871553211000934", "url_versions": "http://scholar.google.com/scholar?cluster=5406798271860745629&hl=en&as_sdt=1,5&sciodt=1,5&as_vis=1", "year": "2012", "excerpt": "The use of comic pictograms to encourage the proactive engagement of undergraduates in acquiring a greater appreciation of health and safety issues has been investigated. In contrast to the single event induction lectures and e-learning systems, the work describes  ...", "url_pdf": null, "num_citations": 2, "cluster_id": "5406798271860745629", "authors": "C McCormac, GR Dale, J Phair, K McHugh\u2026 - Journal of Chemical  \u2026", "url_citations": "http://scholar.google.com/scholar?cites=5406798271860745629&as_sdt=2005&sciodt=1,5&hl=en"}, {"num_versions": 0, "url_citation": null, "title": "Me, myself, and my university: a multilevel analysis of individual and institutional determinants of academic performance", "url": "http://link.springer.com/article/10.1007/s11573-014-0735-3", "url_versions": null, "year": "2014", "excerpt": "Abstract Academic performance is widely considered a major predictor of a university's success. Matching individual primary data from an online questionnaire (N= 1,057 doctoral and postdoctoral junior faculty members of German business and economics faculties at  ...", "url_pdf": null, "num_citations": 1, "cluster_id": "6252511076534344187", "authors": "J Wollersheim, A Lenz, IM Welpe, M Sp\u00f6rrle - Journal of Business  \u2026", "url_citations": "http://scholar.google.com/scholar?cites=6252511076534344187&as_sdt=2005&sciodt=1,5&hl=en"}, {"num_versions": 7, "url_citation": null, "title": "Do Podcasts Engage and Educate College Students?", "url": "http://stp.wildapricot.org/Resources/Documents/ebooks/pse2011vol1.pdf#page=174", "url_versions": "http://scholar.google.com/scholar?cluster=4133578551390457174&hl=en&as_sdt=1,5&sciodt=1,5&as_vis=1", "year": "2011", "excerpt": "Advocates of higher education strive to promote student engagement in all aspects of college life. This e-book reflects the current trend by documenting the efforts of psychologists to engage students in our discipline and in college. Teachers of psychology have  ...", "url_pdf": null, "num_citations": 2, "cluster_id": "4133578551390457174", "authors": "BF Peden, BZ Domask - Promoting Student Engagement", "url_citations": "http://scholar.google.com/scholar?cites=4133578551390457174&as_sdt=2005&sciodt=1,5&hl=en"}, {"num_versions": 3, "url_citation": null, "title": "Analytics of the effects of video use and instruction to support reflective learning", "url": "http://dl.acm.org/citation.cfm?id=2567590", "url_versions": "http://scholar.google.com/scholar?cluster=7081592872634620724&hl=en&as_sdt=1,5&sciodt=1,5&as_vis=1", "year": "2014", "excerpt": "Abstract Although video annotation software is no longer considered as a new innovation, its application in promoting student self-regulated learning and reflection skills has only begun to emerge in the research literature. Advances in text and video analytics provide the  ...", "url_pdf": null, "num_citations": 6, "cluster_id": "7081592872634620724", "authors": "D Ga\u0161evi\u0107, N Mirriahi, S Dawson - Proceedings of the Fourth  \u2026", "url_citations": "http://scholar.google.com/scholar?cites=7081592872634620724&as_sdt=2005&sciodt=1,5&hl=en"}, {"num_versions": 10, "url_citation": null, "title": "The relationship between frequency of Facebook use, participation in Facebook activities, and student engagement", "url": "http://www.sciencedirect.com/science/article/pii/S0360131511001825", "url_versions": "http://scholar.google.com/scholar?cluster=16797709126569750415&hl=en&as_sdt=1,5&sciodt=1,5&as_vis=1", "year": "2012", "excerpt": "Educators and others are interested in the effects of social media on college students, with a specific focus on the most popular social media website\u2014Facebook. Two previous studies have examined the relationship between Facebook use and student engagement, a  ...", "url_pdf": null, "num_citations": 405, "cluster_id": "16797709126569750415", "authors": "R Junco - Computers & Education", "url_citations": "http://scholar.google.com/scholar?cites=16797709126569750415&as_sdt=2005&sciodt=1,5&hl=en"}, {"num_versions": 10, "url_citation": null, "title": "Student engagement in pharmacology courses using online learning tools", "url": "http://www.ncbi.nlm.nih.gov/pmc/articles/PMC3748306/", "url_versions": "http://scholar.google.com/scholar?cluster=5849617518515397792&hl=en&as_sdt=1,5&sciodt=1,5&as_vis=1", "year": "2013", "excerpt": "Objective. To assess factors influencing student engagement with e-tools used as a learning supplement to the standard curriculum in pharmacology courses. Design. A suite of 148 e-tools (interactive online teaching materials encompassing the basic mechanisms of action  ...", "url_pdf": null, "num_citations": 4, "cluster_id": "5849617518515397792", "authors": "A Karaksha, G Grant, S Anoopkumar-Dukie\u2026 - American journal of  \u2026", "url_citations": "http://scholar.google.com/scholar?cites=5849617518515397792&as_sdt=2005&sciodt=1,5&hl=en"}, {"num_versions": 8, "url_citation": null, "title": "Cognitive Communication 2.0 in Higher Education: To Tweet or Not to Tweet?.", "url": "http://eric.ed.gov/?id=EJ985431", "url_versions": "http://scholar.google.com/scholar?cluster=17421254810375863809&hl=en&as_sdt=1,5&sciodt=1,5&as_vis=1", "year": "2012", "excerpt": "Abstract: Research has been fertile in producing studies on pedagogical change and innovation through technology in Higher Education Institutions, namely the integration of the social media in pedagogical practice. However, there is a lack of studies on the integration  ...", "url_pdf": null, "num_citations": 10, "cluster_id": "17421254810375863809", "authors": "A Andrade, C Castro, SA Ferreira - Electronic Journal of e-Learning", "url_citations": "http://scholar.google.com/scholar?cites=17421254810375863809&as_sdt=2005&sciodt=1,5&hl=en"}, {"num_versions": 3, "url_citation": null, "title": "The Blended Advising Model: Transforming Advising with ePortfolios", "url": "http://www.researchgate.net/profile/G_Alex_Ambrose/publication/264666460_The_Blended_Advising_Model_Transforming_Advising_with_ePortfolios/links/53ea55d90cf2fb1b9b677762.pdf", "url_versions": "http://scholar.google.com/scholar?cluster=6507033048549281578&hl=en&as_sdt=1,5&sciodt=1,5&as_vis=1", "year": "2013", "excerpt": "This paper provides the rationale and framework for the blended advising model, a coherent approach to fusing technology\u2014particularly the ePortfolio\u2014into advising. The proposed term,\u201cblended advising,\u201d is based on blended learning theory and incorporates the  ...", "url_pdf": "http://www.researchgate.net/profile/G_Alex_Ambrose/publication/264666460_The_Blended_Advising_Model_Transforming_Advising_with_ePortfolios/links/53ea55d90cf2fb1b9b677762.pdf", "num_citations": 6, "cluster_id": "6507033048549281578", "authors": "GA Ambrose, AL Williamson - International Journal of ePortfolio", "url_citations": "http://scholar.google.com/scholar?cites=6507033048549281578&as_sdt=2005&sciodt=1,5&hl=en"}, {"num_versions": 2, "url_citation": null, "title": "Investigating the Effectiveness of Virtual Laboratories in an Undergraduate Biology Course", "url": "http://search.proquest.com/openview/4a33816cdced194ee53da54aa893bb3f/1?pq-origsite=gscholar", "url_versions": "http://scholar.google.com/scholar?cluster=5228439757486612459&hl=en&as_sdt=1,5&sciodt=1,5&as_vis=1", "year": "2011", "excerpt": "Abstract In the last 20 years online distance education has become a valuable andragogical tool. The purpose of the current study was designed to investigate student perceptions of biology virtual laboratories. Research findings indicate that students prefer to participate in  ...", "url_pdf": null, "num_citations": 4, "cluster_id": "5228439757486612459", "authors": "LO Flowers - The Journal of Human Resource and Adult  \u2026", "url_citations": "http://scholar.google.com/scholar?cites=5228439757486612459&as_sdt=2005&sciodt=1,5&hl=en"}, {"num_versions": 4, "url_citation": null, "title": "Inclusive technology enhanced learning: overcoming cognitive, physical, emotional, and geographic challenges", "url": "http://scholar.google.com/https://books.google.com/books?hl=en&lr=&id=SU3hAQAAQBAJ&oi=fnd&pg=PP1&ots=pSTwWXK2VQ&sig=ZC18esxLgGgxUKPLk5aKjhzOG9M", "url_versions": "http://scholar.google.com/scholar?cluster=2211608530799991486&hl=en&as_sdt=1,5&sciodt=1,5&as_vis=1", "year": "2013", "excerpt": "Inclusive Technology Enhanced Learning draws together a remarkable breadth of research findings from across the field, providing useful data on the power of technology to solve cognitive, physical, emotional or geographic challenges in education. A far-ranging  ...", "url_pdf": null, "num_citations": 8, "cluster_id": "2211608530799991486", "authors": "D Passey -", "url_citations": "http://scholar.google.com/scholar?cites=2211608530799991486&as_sdt=2005&sciodt=1,5&hl=en"}, {"num_versions": 2, "url_citation": null, "title": "Effects of student engagement with social media on student learning: A review of literature", "url": "http://www.studentaffairs.com/ejournal/Summer_2013/EffectsOfStudentEngagementWithSocialMedia.pdf", "url_versions": "http://scholar.google.com/scholar?cluster=3504030571092741027&hl=en&as_sdt=1,5&sciodt=1,5&as_vis=1", "year": "2013", "excerpt": "Abstract Social media, Internet-based tools that promote collaboration and information sharing (Junco, Helbergert, & Loken, 2011), can be used in academic settings to promote student engagement and facilitate better student learning (Kabilan, Ahmad, & Abidin,  ...", "url_pdf": "http://www.studentaffairs.com/ejournal/Summer_2013/EffectsOfStudentEngagementWithSocialMedia.pdf", "num_citations": 8, "cluster_id": "3504030571092741027", "authors": "K Tarantino, J McDonough, M Hua - The Journal of Technology  \u2026", "url_citations": "http://scholar.google.com/scholar?cites=3504030571092741027&as_sdt=2005&sciodt=1,5&hl=en"}, {"num_versions": 5, "url_citation": null, "title": "The acceptance of microblogging in the learning process: The \u00b5BAM model", "url": "http://www.jotse.org/index.php/jotse/article/view/65", "url_versions": "http://scholar.google.com/scholar?cluster=11746539807177386471&hl=en&as_sdt=1,5&sciodt=1,5&as_vis=1", "year": "2013", "excerpt": "Abstract Microblogging social networks (\u00b5BSNs) provide the opportunity to communicate worldwide making use of a small number of characters; an apparent limitation that forces users to share only essential information when linking to the world with which they interact ...", "url_pdf": null, "num_citations": 2, "cluster_id": "11746539807177386471", "authors": "F Rej\u00f3n-Guardia, J S\u00e1nchez-Fern\u00e1ndez\u2026 - Journal of Technology  \u2026", "url_citations": "http://scholar.google.com/scholar?cites=11746539807177386471&as_sdt=2005&sciodt=1,5&hl=en"}, {"num_versions": 2, "url_citation": null, "title": "Engagement in online social networks: The impact of self-disclosure and humor", "url": "http://www.tandfonline.com/doi/abs/10.1080/10447318.2013.839901", "url_versions": "http://scholar.google.com/scholar?cluster=14324631054558018569&hl=en&as_sdt=1,5&sciodt=1,5&as_vis=1", "year": "2014", "excerpt": "This study proposes an engagement model that supports acceptance and use of course-based online social networks for engaging student, hence improving the instructor's credibility. This research demonstrates that instructors who create course-based online  ...", "url_pdf": null, "num_citations": 3, "cluster_id": "14324631054558018569", "authors": "J Imlawi, D Gregg - International Journal of Human-Computer  \u2026", "url_citations": "http://scholar.google.com/scholar?cites=14324631054558018569&as_sdt=2005&sciodt=1,5&hl=en"}, {"num_versions": 4, "url_citation": null, "title": "Shaping the online experience: How administrators can influence student and instructor perceptions through policy and practice", "url": "http://www.sciencedirect.com/science/article/pii/S1096751612000619", "url_versions": "http://scholar.google.com/scholar?cluster=16757726513972280486&hl=en&as_sdt=1,5&sciodt=1,5&as_vis=1", "year": "2013", "excerpt": "To maximize the quality of the online experience and actualize the potential of alternative learning environments at their institutions, administrators must explore the perceived experiences of the members of their online learning communities. The overall purpose of  ...", "url_pdf": null, "num_citations": 21, "cluster_id": "16757726513972280486", "authors": "T Roby, S Ashe, N Singh, C Clark - The Internet and Higher Education", "url_citations": "http://scholar.google.com/scholar?cites=16757726513972280486&as_sdt=2005&sciodt=1,5&hl=en"}, {"num_versions": 5, "url_citation": null, "title": "Automatic Generation of the Domain Module from Electronic Textbooks: Method and Validation", "url": "http://ieeexplore.ieee.org/xpls/abs_all.jsp?arnumber=6466326", "url_versions": "http://scholar.google.com/scholar?cluster=3261363937477268246&hl=en&as_sdt=1,5&sciodt=1,5&as_vis=1", "year": "2014", "excerpt": "Abstract\u2014Technology-supported learning systems have proved to be helpful in many learning situations. These systems require an appropriate representation of the knowledge to be learned, the Domain Module. The authoring of the Domain Module is cost and labor  ...", "url_pdf": null, "num_citations": 7, "cluster_id": "3261363937477268246", "authors": "M Larranaga, A Conde, I Calvo\u2026 - Knowledge and Data \u2026", "url_citations": "http://scholar.google.com/scholar?cites=3261363937477268246&as_sdt=2005&sciodt=1,5&hl=en"}, {"num_versions": 4, "url_citation": null, "title": "Help or Hindrance: blended approaches and student engagement", "url": "http://scholar.google.com/https://www.akoaotearoa.ac.nz/download/ng/file/group-3089/help-or-hindrance-final-report.pdf", "url_versions": "http://scholar.google.com/scholar?cluster=4126956760325952731&hl=en&as_sdt=1,5&sciodt=1,5&as_vis=1", "year": "2012", "excerpt": "Executive Summary The main purpose of this project was to identify student engagement strategies in a blended environment that would enable teachers to give focussed pedagogical support to enhance learner engagement and achievement. In addition, we  ...", "url_pdf": "http://scholar.google.com/https://www.akoaotearoa.ac.nz/download/ng/file/group-3089/help-or-hindrance-final-report.pdf", "num_citations": 4, "cluster_id": "4126956760325952731", "authors": "LM Jeffrey, J Milne, G Suddaby, A Higgins -", "url_citations": "http://scholar.google.com/scholar?cites=4126956760325952731&as_sdt=2005&sciodt=1,5&hl=en"}, {"num_versions": 5, "url_citation": null, "title": "Factors Influencing Student Engagement and the Role of Technology in Student Engagement in Higher Education: Campus-Class-Technology Theory", "url": "http://dergipark.ulakbim.gov.tr/tojqi/article/download/5000093519/5000087057", "url_versions": "http://scholar.google.com/scholar?cluster=14798033761359623780&hl=en&as_sdt=1,5&sciodt=1,5&as_vis=1", "year": "2014", "excerpt": "Abstract The purpose of the present study was to determine both the factors influencing student engagement and the role and influence of technology on student engagement. The study is important as it aimed at determining the views of students about student  ...", "url_pdf": null, "num_citations": 2, "cluster_id": "14798033761359623780", "authors": "A Kuzu - Turkish Online Journal of Qualitative Inquiry", "url_citations": "http://scholar.google.com/scholar?cites=14798033761359623780&as_sdt=2005&sciodt=1,5&hl=en"}, {"num_versions": 5, "url_citation": null, "title": "Using time-on-task measurements to understand student performance in a physics class: A four-year study", "url": "http://journals.aps.org/prstper/abstract/10.1103/PhysRevSTPER.8.010114", "url_versions": "http://scholar.google.com/scholar?cluster=13407894072228944160&hl=en&as_sdt=1,5&sciodt=1,5&as_vis=1", "year": "2012", "excerpt": "Abstract Student use of out-of-class time was measured for four years in the introductory second-semester calculus-based physics course at the University of Arkansas. Two versions of the course were presented during the time of the measurement. In both versions, the  ...", "url_pdf": null, "num_citations": 5, "cluster_id": "13407894072228944160", "authors": "J Stewart, G Stewart, J Taylor - Physical Review Special Topics-Physics  \u2026", "url_citations": "http://scholar.google.com/scholar?cites=13407894072228944160&as_sdt=2005&sciodt=1,5&hl=en"}, {"num_versions": 10, "url_citation": null, "title": "Exploring problem solving patterns and their impact on learning achievement in a blended learning environment", "url": "http://www.sciencedirect.com/science/article/pii/S0360131510002332", "url_versions": "http://scholar.google.com/scholar?cluster=235341227392751569&hl=en&as_sdt=1,5&sciodt=1,5&as_vis=1", "year": "2011", "excerpt": "Blended learning, thoughtfully combining the best elements of online and face-to-face education, is likely to emerge as the predominant teaching model of the future. In this paper, we present a blended learning environment combining mobile learning, web-based  ...", "url_pdf": null, "num_citations": 32, "cluster_id": "235341227392751569", "authors": "JC Yen, CY Lee - Computers & Education", "url_citations": "http://scholar.google.com/scholar?cites=235341227392751569&as_sdt=2005&sciodt=1,5&hl=en"}, {"num_versions": 0, "url_citation": null, "title": "The modern university in the digital age", "url": "http://eprints.lse.ac.uk/56219/", "url_versions": null, "year": "2012", "excerpt": "The Brief:-Investigate the current thinking, research, practice and theoretical frameworks around the question,'What does a modern university look like in the digital age?'---The Method:-An extensive review of the recent literature was conducted using search terms  ...", "url_pdf": null, "num_citations": 1, "cluster_id": "14214723994493635810", "authors": "P Bryant -", "url_citations": "http://scholar.google.com/scholar?cites=14214723994493635810&as_sdt=2005&sciodt=1,5&hl=en"}, {"num_versions": 22, "url_citation": null, "title": "Public speaking anxiety: comparing face-to-face and web-based speeches", "url": "http://t.www.aabri.com/manuscripts/121343.pdf", "url_versions": "http://scholar.google.com/scholar?cluster=5473405099921175463&hl=en&as_sdt=1,5&sciodt=1,5&as_vis=1", "year": "2012", "excerpt": "ABSTRACT This study is to determine whether or not students have a different level of anxiety between giving a speech to a group of people in a traditional face-to-face classroom setting to a speech given to an audience (visible on a projected screen) into a camera  ...", "url_pdf": "http://t.www.aabri.com/manuscripts/121343.pdf", "num_citations": 2, "cluster_id": "5473405099921175463", "authors": "S Campbell, J Larson - Journal of Instructional Pedagogies", "url_citations": "http://scholar.google.com/scholar?cites=5473405099921175463&as_sdt=2005&sciodt=1,5&hl=en"}, {"num_versions": 5, "url_citation": null, "title": "The influence of the use of technology on student outcomes in a blended learning context", "url": "http://link.springer.com/article/10.1007/s11423-013-9303-8", "url_versions": "http://scholar.google.com/scholar?cluster=6767173003427520558&hl=en&as_sdt=1,5&sciodt=1,5&as_vis=1", "year": "2013", "excerpt": "Abstract In blended learning, the internet acts as an instrument to complement traditional forms of instruction, in the belief that the incorporation of new information and communication technologies may lead to more efficient and effective education. This  ...", "url_pdf": null, "num_citations": 9, "cluster_id": "6767173003427520558", "authors": "MV L\u00f3pez-P\u00e9rez, MC P\u00e9rez-L\u00f3pez\u2026 - Educational Technology  \u2026", "url_citations": "http://scholar.google.com/scholar?cites=6767173003427520558&as_sdt=2005&sciodt=1,5&hl=en"}, {"num_versions": 5, "url_citation": null, "title": "BUSINESS STUDENTS'LEARNING ENGAGEMENT AS A FUNCTION OF READING ASSIGNED E-TEXTBOOKS", "url": "http://scholar.google.com/https://books.google.com/books?hl=en&lr=&id=HHbYMtJ3VoMC&oi=fnd&pg=PA239&ots=58Ri5ISDQV&sig=UAMgA4g2sbPKkALwuEONZjAtgaA", "url_versions": "http://scholar.google.com/scholar?cluster=11036920114613875554&hl=en&as_sdt=1,5&sciodt=1,5&as_vis=1", "year": "2013", "excerpt": "ABSTRACT In this chapter we report \ufb01ndings from a quantitative and qualitative pilot study of students from a single university setting in the northeastern United States. The majority of participants were enrolled in either faceto-face or online sections of a business course in  ...", "url_pdf": null, "num_citations": 3, "cluster_id": "11036920114613875554", "authors": "JL Kegler - Increasing Student Engagement and Retention using \u2026", "url_citations": "http://scholar.google.com/scholar?cites=11036920114613875554&as_sdt=2005&sciodt=1,5&hl=en"}, {"num_versions": 0, "url_citation": null, "title": "Measuring student engagement in technology-mediated learning: A review", "url": "http://www.sciencedirect.com/science/article/pii/S0360131515300427", "url_versions": null, "year": "2015", "excerpt": "Abstract Using digital technology to deliver content, connect learners, and enable anytime, anywhere learning is increasing, but keeping students engaged in technology-mediated learning is challenging. Instructional practices that encourage greater engagement are  ...", "url_pdf": null, "num_citations": 1, "cluster_id": "18241193609205035359", "authors": "CR Henrie, LR Halverson, CR Graham - Computers & Education", "url_citations": "http://scholar.google.com/scholar?cites=18241193609205035359&as_sdt=2005&sciodt=1,5&hl=en"}, {"num_versions": 0, "url_citation": null, "title": "Student Engagement in Online Learning: What Works and Why", "url": "http://onlinelibrary.wiley.com/doi/10.1002/aehe.20018/full", "url_versions": null, "year": "2014", "excerpt": "WITH PRESSURES TO INCREASE ACCESS to higher education, colleges and universities have focused on increasing the number of online courses and programs offered. Higher education is also being criticized for its retention and graduation rates, and pressure is  ...", "url_pdf": null, "num_citations": 1, "cluster_id": "18379981549153944366", "authors": "KA Meyer - ASHE Higher Education Report", "url_citations": "http://scholar.google.com/scholar?cites=18379981549153944366&as_sdt=2005&sciodt=1,5&hl=en"}, {"num_versions": 6, "url_citation": null, "title": "Student satisfaction with a web-based dissertation course: Findings from an international distance learning master's programme in public health", "url": "http://www.irrodl.org/index.php/irrodl/article/view/1665", "url_versions": "http://scholar.google.com/scholar?cluster=4133217259428626938&hl=en&as_sdt=1,5&sciodt=1,5&as_vis=1", "year": "2014", "excerpt": "Methods All students submitting a dissertation as part of their master's programme in Public Health were sent an electronic survey to complete, in September 2012. The 34 item questionnaire used a four point Likert scale for students to rate levels of satisfaction across  ...", "url_pdf": null, "num_citations": 2, "cluster_id": "4133217259428626938", "authors": "R Harrison, I Gemmell, K Reed - The International Review of Research in  \u2026", "url_citations": "http://scholar.google.com/scholar?cites=4133217259428626938&as_sdt=2005&sciodt=1,5&hl=en"}, {"num_versions": 5, "url_citation": null, "title": "Facebook as an academic learning platform: A case study in Mathematics", "url": "http://papers.ssrn.com/sol3/papers.cfm?abstract_id=2016139", "url_versions": "http://scholar.google.com/scholar?cluster=5711313768569059667&hl=en&as_sdt=1,5&sciodt=1,5&as_vis=1", "year": "2012", "excerpt": "Abstract: The paper discusses the impact of the use of Facebook as a supporting learning platform for a course in Mathematics at the undergraduate level. After the examination of some critical issues of Facebook in a learning framework, we analyze data on the usage  ...", "url_pdf": null, "num_citations": 4, "cluster_id": "5711313768569059667", "authors": "P Pellizzari - University Ca'Foscari of Venice, Dept. of Economics  \u2026", "url_citations": "http://scholar.google.com/scholar?cites=5711313768569059667&as_sdt=2005&sciodt=1,5&hl=en"}, {"num_versions": 7, "url_citation": null, "title": "Face-to-face or face-to-screen? Undergraduates' opinions and test performance in classroom vs. online learning", "url": "http://www.ncbi.nlm.nih.gov/pmc/articles/PMC4228829/", "url_versions": "http://scholar.google.com/scholar?cluster=18195625904395614822&hl=en&as_sdt=1,5&sciodt=1,5&as_vis=1", "year": "2014", "excerpt": "Abstract As electronic communication becomes increasingly common, and as students juggle study, work, and family life, many universities are offering their students more flexible learning opportunities. Classes once delivered face-to-face are often replaced by online  ...", "url_pdf": null, "num_citations": 2, "cluster_id": "18195625904395614822", "authors": "N Kemp, R Grieve - Frontiers in psychology", "url_citations": "http://scholar.google.com/scholar?cites=18195625904395614822&as_sdt=2005&sciodt=1,5&hl=en"}, {"num_versions": 5, "url_citation": null, "title": "The use of digital technologies across the adult life span in distance education", "url": "http://onlinelibrary.wiley.com/doi/10.1111/j.1467-8535.2012.01308.x/pdf", "url_versions": "http://scholar.google.com/scholar?cluster=15924275823029608448&hl=en&as_sdt=1,5&sciodt=1,5&as_vis=1", "year": "2013", "excerpt": "Abstract In June 2010, a survey was carried out to explore access to digital technology, attitudes to digital technology and approaches to studying across the adult life span in students taking courses with the UK Open University. In total, 7000 people were surveyed,  ...", "url_pdf": null, "num_citations": 20, "cluster_id": "15924275823029608448", "authors": "A Jelfs, JTE Richardson - British Journal of Educational  \u2026", "url_citations": "http://scholar.google.com/scholar?cites=15924275823029608448&as_sdt=2005&sciodt=1,5&hl=en"}, {"num_versions": 4, "url_citation": null, "title": "Engaging higher education students through tweeting", "url": "http://www.editlib.org/p/37197/", "url_versions": "http://scholar.google.com/scholar?cluster=2645308236010067733&hl=en&as_sdt=1,5&sciodt=1,5&as_vis=1", "year": "2011", "excerpt": "Abstract Social media such as Twitter helps engage learners and promotes interation wth course content. Twitter allows learners and educators to interact via \u201ctweets\u201d via Smartphones, laptops, or any device with internet access. This presentation will  ...", "url_pdf": null, "num_citations": 11, "cluster_id": "2645308236010067733", "authors": "A Szapkiw, M Szapkiw - Global Learn", "url_citations": "http://scholar.google.com/scholar?cites=2645308236010067733&as_sdt=2005&sciodt=1,5&hl=en"}, {"num_versions": 2, "url_citation": null, "title": "A Mobile Game-based Insect Learning System for improving the learning achievements", "url": "http://www.sciencedirect.com/science/article/pii/S1877042813037506", "url_versions": "http://scholar.google.com/scholar?cluster=12511468502589988846&hl=en&as_sdt=1,5&sciodt=1,5&as_vis=1", "year": "2013", "excerpt": "Abstract This paper aimed to investigate how gamified learning approach influence science learning achievement through a context-aware mobile learning environment and to explain effects on student learning outcome. A mobile learning environment has been developed  ...", "url_pdf": null, "num_citations": 4, "cluster_id": "12511468502589988846", "authors": "CH Su, CH Cheng - Procedia-Social and Behavioral Sciences", "url_citations": "http://scholar.google.com/scholar?cites=12511468502589988846&as_sdt=2005&sciodt=1,5&hl=en"}, {"num_versions": 6, "url_citation": null, "title": "African American students' participation in online distance education in STEM disciplines", "url": "http://sgo.sagepub.com/content/2/2/2158244012443544.short", "url_versions": "http://scholar.google.com/scholar?cluster=9174124860850558014&hl=en&as_sdt=1,5&sciodt=1,5&as_vis=1", "year": "2012", "excerpt": "Abstract Despite the increase in online distant learning initiatives at many of the nation's colleges and universities, collectively, Historically Black Colleges and Universities (HBCUs) continue to lag behind non-HBCUs in the development and implementation of online  ...", "url_pdf": null, "num_citations": 6, "cluster_id": "9174124860850558014", "authors": "LO Flowers, EN White, JE Raynor, S Bhattacharya - SAGE Open", "url_citations": "http://scholar.google.com/scholar?cites=9174124860850558014&as_sdt=2005&sciodt=1,5&hl=en"}, {"num_versions": 2, "url_citation": null, "title": "Promoting and Teaching Information Literacy on the Internet: Surveying the Web Sites of 264 Academic Libraries in North America", "url": "http://www.tandfonline.com/doi/abs/10.1080/19322909.2014.855586", "url_versions": "http://scholar.google.com/scholar?cluster=8103435956229631699&hl=en&as_sdt=1,5&sciodt=1,5&as_vis=1", "year": "2014", "excerpt": "A survey was conducted between July and November 2012 to determine how academic libraries in the United States and Canada marketed and delivered information literacy on the Web. A random sample of 264 institutions was taken from Peterson's Four-Year Colleges  ...", "url_pdf": null, "num_citations": 2, "cluster_id": "8103435956229631699", "authors": "SQ Yang, M Chou - Journal of Web Librarianship", "url_citations": "http://scholar.google.com/scholar?cites=8103435956229631699&as_sdt=2005&sciodt=1,5&hl=en"}, {"num_versions": 0, "url_citation": null, "title": "Supporting Online Students: A Practical Guide to Planning, Implementing, and Evaluating Services", "url": "http://scholar.google.com/https://books.google.com/books?hl=en&lr=&id=r6xzyMwAFuAC&oi=fnd&pg=PT9&ots=CD1gXaiwCt&sig=byAXmePsPVFnptRMVykkH-dGQHA", "url_versions": null, "year": "2012", "excerpt": "Supporting Online Students shows how effective and efficiently delivered support services improve academic success and course retention for online learners. Drawing on a decade's worth of research, Crawley describes the scope of services that should be made available  ...", "url_pdf": null, "num_citations": 7, "cluster_id": "14853138116179745578", "authors": "A Crawley -", "url_citations": "http://scholar.google.com/scholar?cites=14853138116179745578&as_sdt=2005&sciodt=1,5&hl=en"}, {"num_versions": 21, "url_citation": null, "title": "The effect of Twitter on college student engagement and grades", "url": "http://onlinelibrary.wiley.com/doi/10.1111/j.1365-2729.2010.00387.x/pdf", "url_versions": "http://scholar.google.com/scholar?cluster=203218866829890772&hl=en&as_sdt=1,5&sciodt=1,5&as_vis=1", "year": "2011", "excerpt": "Abstract Despite the widespread use of social media by students and its increased use by instructors, very little empirical evidence is available concerning the impact of social media use on student learning and engagement. This paper describes our semester-long  ...", "url_pdf": null, "num_citations": 595, "cluster_id": "203218866829890772", "authors": "R Junco, G Heiberger, E Loken - Journal of computer assisted  \u2026", "url_citations": "http://scholar.google.com/scholar?cites=203218866829890772&as_sdt=2005&sciodt=1,5&hl=en"}, {"num_versions": 3, "url_citation": null, "title": "Comparing student and faculty perceptions of online and traditional courses", "url": "http://www.sciencedirect.com/science/article/pii/S1096751613000286", "url_versions": "http://scholar.google.com/scholar?cluster=18405653799437850638&hl=en&as_sdt=1,5&sciodt=1,5&as_vis=1", "year": "2013", "excerpt": "Abstract The use of online courses on college campuses has grown substantially in recent years, despite limited information on how these courses are perceived by faculty and students, compared to traditional (classroom) classes. In this study, two separate, but  ...", "url_pdf": null, "num_citations": 7, "cluster_id": "18405653799437850638", "authors": "RR Otter, S Seipel, T Graeff, B Alexander\u2026 - The Internet and Higher  \u2026", "url_citations": "http://scholar.google.com/scholar?cites=18405653799437850638&as_sdt=2005&sciodt=1,5&hl=en"}, {"num_versions": 6, "url_citation": null, "title": "An analysis of high impact scholarship and publication trends in blended learning", "url": "http://www.tandfonline.com/doi/abs/10.1080/01587919.2012.723166", "url_versions": "http://scholar.google.com/scholar?cluster=5578660960038239172&hl=en&as_sdt=1,5&sciodt=1,5&as_vis=1", "year": "2012", "excerpt": "Blended learning is a diverse and expanding area of design and inquiry that combines face-to-face and online modalities. As blended learning research matures, numerous voices enter the conversation. This study begins the search for the center of this emerging area of  ...", "url_pdf": null, "num_citations": 36, "cluster_id": "5578660960038239172", "authors": "LR Halverson, CR Graham, KJ Spring\u2026 - Distance  \u2026", "url_citations": "http://scholar.google.com/scholar?cites=5578660960038239172&as_sdt=2005&sciodt=1,5&hl=en"}, {"num_versions": 13, "url_citation": null, "title": "Research and Development in Higher Education: Connections in Higher Education Volume 35", "url": "http://scholar.google.com/https://www.herdsa.org.au/wp-content/uploads/conference/2012/HERDSA_2012_Sanderson.pdf", "url_versions": "http://scholar.google.com/scholar?cluster=7862884656992154000&hl=en&as_sdt=1,5&sciodt=1,5&as_vis=1", "year": "2012", "excerpt": "This study investigates the issues academics face when they accept positions which label them as 'expatriate'. It looks at the many challenges they face from a social perspective (Richardson, 2000; Schermerhorn, 1999) and focuses on these in relation to connections;  ...", "url_pdf": "http://scholar.google.com/https://www.herdsa.org.au/wp-content/uploads/conference/2012/HERDSA_2012_Sanderson.pdf", "num_citations": 2, "cluster_id": "7862884656992154000", "authors": "HG Chancellor - Annual Conference", "url_citations": "http://scholar.google.com/scholar?cites=7862884656992154000&as_sdt=2005&sciodt=1,5&hl=en"}, {"num_versions": 5, "url_citation": null, "title": "A model for measuring e-learning systems success in universities", "url": "http://www.sciencedirect.com/science/article/pii/S0957417412004988", "url_versions": "http://scholar.google.com/scholar?cluster=1766718665285202460&hl=en&as_sdt=1,5&sciodt=1,5&as_vis=1", "year": "2012", "excerpt": "In the era of internet, universities and higher education institutions are increasingly tend to provide e-learning. For suitable planning and more enjoying the benefits of this educational approach, a model for measuring success of e-learning systems is essential. So in this  ...", "url_pdf": null, "num_citations": 44, "cluster_id": "1766718665285202460", "authors": "A Hassanzadeh, F Kanaani, S Elahi - Expert Systems with Applications", "url_citations": "http://scholar.google.com/scholar?cites=1766718665285202460&as_sdt=2005&sciodt=1,5&hl=en"}, {"num_versions": 7, "url_citation": null, "title": "What higher educational professionals need to know about today's students: Online social networks", "url": "http://tojet.net/articles/v12i3/12316.pdf", "url_versions": "http://scholar.google.com/scholar?cluster=11899050284136029770&hl=en&as_sdt=1,5&sciodt=1,5&as_vis=1", "year": "2013", "excerpt": "ABSTRACT In this study, the author specifically focused on the most popular social media website\u2014Facebook\u2014and investigated the nature of student learning engagement associated with Facebook activity. Data pertaining to student Facebook use and activities  ...", "url_pdf": "http://tojet.net/articles/v12i3/12316.pdf", "num_citations": 5, "cluster_id": "11899050284136029770", "authors": "W Jenny - TOJET", "url_citations": "http://scholar.google.com/scholar?cites=11899050284136029770&as_sdt=2005&sciodt=1,5&hl=en"}, {"num_versions": 5, "url_citation": null, "title": "Massive Open Online Courses in Nursing Education", "url": "http://www.sciencedirect.com/science/article/pii/S0882596313003588/pdf?md5=54518500edb8c090803c1263e5379e31&pid=1-s2.0-S0882596313003588-main.pdf&_valck=1", "url_versions": "http://scholar.google.com/scholar?cluster=16477271234147901747&hl=en&as_sdt=1,5&sciodt=1,5&as_vis=1", "year": "2014", "excerpt": "UNIVERSITIES ARE NOW offering massive open online courses (MOOCs), which have been called a \u201cdisruptive innovation\u201d in higher education (Martin, 2012 and Miller, 2012, December 12). MOOCs have been offered in business, education, engineering, genetics,  ...", "url_pdf": null, "num_citations": 2, "cluster_id": "16477271234147901747", "authors": "K Goldschmidt, J Greene-Ryan - Journal of pediatric nursing", "url_citations": "http://scholar.google.com/scholar?cites=16477271234147901747&as_sdt=2005&sciodt=1,5&hl=en"}]