[{"num_versions": 6, "url_citation": null, "title": "Unravelling the unknowns of reflection in classroom teaching", "url": "http://onlinelibrary.wiley.com/doi/10.1046/j.1365-2648.2002.02157.x/full", "url_versions": "http://scholar.google.com/scholar?cluster=18211256581120953742&hl=en&as_sdt=1,5&sciodt=1,5&as_vis=1", "year": "2002", "excerpt": "Background. The use of reflection in education has emerged as an effective means of connecting theory with practice. However, the literature reveals limited empirical work on the conceptualization of reflection.   ... Aim of the study. The purpose of this qualitative research study was to  ... ", "url_pdf": null, "num_citations": 72, "cluster_id": "18211256581120953742", "authors": "JM Scanlan, WD Care, S Udod - Journal of Advanced Nursing", "url_citations": "http://scholar.google.com/scholar?cites=18211256581120953742&as_sdt=2005&sciodt=1,5&hl=en"}, {"num_versions": 3, "url_citation": null, "title": "Going beyond training: Theory and practice in managing learning", "url": "http://www.tandfonline.com/doi/abs/10.1080/0261547042000244991", "url_versions": "http://scholar.google.com/scholar?cluster=11901786646933723618&hl=en&as_sdt=1,5&sciodt=1,5&as_vis=1", "year": "2004", "excerpt": "The establishment of new bodies to replace the Central Council for Training and Education in Social Work (CCETSW) and to regulate the social work profession provides the opportunity to establish an improved progressive system of qualifications and continued  ...", "url_pdf": null, "num_citations": 25, "cluster_id": "11901786646933723618", "authors": "K Skinner, B Whyte - Social Work Education", "url_citations": "http://scholar.google.com/scholar?cites=11901786646933723618&as_sdt=2005&sciodt=1,5&hl=en"}, {"num_versions": 3, "url_citation": null, "title": "Nurses' perceptions of their preparation for beginning professional practice: an evaluative study", "url": "http://eprints.usq.edu.au/1491", "url_versions": "http://scholar.google.com/scholar?cluster=9593586867109584464&hl=en&as_sdt=1,5&sciodt=1,5&as_vis=1", "year": "2005", "excerpt": "It is now twenty years since the Federal Government mandated the transfer of nurse education to the tertiary sector. The conflict surrounding the issue of educational preparation for entry to professional nursing practice remains, supported by the oft-repeated comment  ...", "url_pdf": null, "num_citations": 4, "cluster_id": "9593586867109584464", "authors": "RC Reilly -", "url_citations": "http://scholar.google.com/scholar?cites=9593586867109584464&as_sdt=2005&sciodt=1,5&hl=en"}, {"num_versions": 4, "url_citation": null, "title": "The use of reflection in a palliative care programme: a quantitative study of the development of reflective skills over an academic year", "url": "http://onlinelibrary.wiley.com/doi/10.1046/j.1365-2648.2000.01604.x/pdf", "url_versions": "http://scholar.google.com/scholar?cluster=14991972496350693186&hl=en&as_sdt=1,5&sciodt=1,5&as_vis=1", "year": "2000", "excerpt": "Reflection has gained a reputation for encouraging the integration between theory and practice within professional education. However, this reputation is based on an evidence base that mostly consists of theoretical debate. The aim of this study was to test our  ...", "url_pdf": null, "num_citations": 88, "cluster_id": "14991972496350693186", "authors": "S Duke, J Appleton - Journal of Advanced Nursing", "url_citations": "http://scholar.google.com/scholar?cites=14991972496350693186&as_sdt=2005&sciodt=1,5&hl=en"}, {"num_versions": 2, "url_citation": null, "title": "Making Classrooms Better: 50 Practical Applications of Mind, Brain, and Education Science", "url": "http://scholar.google.com/https://books.google.com/books?hl=en&lr=&id=7SceAAAAQBAJ&oi=fnd&pg=PR19&ots=sqrCtqaNH4&sig=lJrmXX9eDFo91CRaDDm2Wn2H8bU", "url_versions": "http://scholar.google.com/scholar?cluster=2182984665588122837&hl=en&as_sdt=1,5&sciodt=1,5&as_vis=1", "year": "2014", "excerpt": "A practical, classroom-oriented guide to best-practice teaching. Learning specialist Leslie Hart once wrote that designing educational experiences without knowledge of the brain is like designing a glove without knowledge of the hand. Making Classrooms Better takes  ...", "url_pdf": null, "num_citations": 4, "cluster_id": "2182984665588122837", "authors": "T Tokuhama-Espinosa -", "url_citations": "http://scholar.google.com/scholar?cites=2182984665588122837&as_sdt=2005&sciodt=1,5&hl=en"}, {"num_versions": 2, "url_citation": null, "title": "Evaluation of nursing students' work experience through the use of reflective journals: Positive learning outcomes can be achieved by combining clinical community  \u2026", "url": "http://journals.rcni.com/doi/abs/10.7748/mhp2014.03.17.6.21.e823?mobileUi=0", "url_versions": "http://scholar.google.com/scholar?cluster=6826342943143456454&hl=en&as_sdt=1,5&sciodt=1,5&as_vis=1", "year": "2014", "excerpt": "Aims The aim of this study was to explore the effects of a pilot clinical community mental health placement on general nursing students' lived experiences throughout that placement. Method A qualitative thematic analysis was undertaken on general nursing students'  ...", "url_pdf": null, "num_citations": 5, "cluster_id": "6826342943143456454", "authors": "C Ross, K Mahal, Y Chinnapen, M Kolar\u2026 - Mental Health  \u2026", "url_citations": "http://scholar.google.com/scholar?cites=6826342943143456454&as_sdt=2005&sciodt=1,5&hl=en"}, {"num_versions": 3, "url_citation": null, "title": "Nursing Students' Comprehension of Community Health Nursing Training in Field: A Qualitative Research", "url": "http://ijme.mui.ac.ir/browse.php?a_code=A-10-621-1&slc_lang=en&sid=1&sw=%D8%AC%D9%85%D8%B9%D9%8A%D8%AA", "url_versions": "http://scholar.google.com/scholar?cluster=9563209602782162143&hl=en&as_sdt=1,5&sciodt=1,5&as_vis=1", "year": "2011", "excerpt": "Introduction: Community health nursing education in filed is one of the main courses of Iranian nursing education curriculum; however, little scientific attention has been paid to the evaluation of community health nursing process so far. Therefore, the present study was  ...", "url_pdf": null, "num_citations": 4, "cluster_id": "9563209602782162143", "authors": "M Heravi, N Rejeh, M Anoosheh\u2026 - Iranian Journal of Medical  \u2026", "url_citations": "http://scholar.google.com/scholar?cites=9563209602782162143&as_sdt=2005&sciodt=1,5&hl=en"}, {"num_versions": 4, "url_citation": null, "title": "The cultural realities of clinical supervision in an acute inpatient mental health setting", "url": "http://www.tandfonline.com/doi/abs/10.1080/01612840590931948", "url_versions": "http://scholar.google.com/scholar?cluster=10358006876361351124&hl=en&as_sdt=1,5&sciodt=1,5&as_vis=1", "year": "2005", "excerpt": "In this paper, the cultural realities of clinical supervision (CS) in acute inpatient mental health settings are explored using an ethnographic approach. Findings suggest that there is a verbal acceptance of CS by mental health nurses but a cultural belief that it has limited  ...", "url_pdf": null, "num_citations": 45, "cluster_id": "10358006876361351124", "authors": "M Cleary, A Freeman - Issues in Mental Health Nursing", "url_citations": "http://scholar.google.com/scholar?cites=10358006876361351124&as_sdt=2005&sciodt=1,5&hl=en"}, {"num_versions": 0, "url_citation": null, "title": "Processus de facilitation d'une pratique r\u00e9flexive, de type cod\u00e9veloppement, aupr\u00e8s d'infirmi\u00e8res pivots en oncologie et son influence sur leur pratique professionnelle", "url": "http://scholar.google.com/https://papyrus.bib.umontreal.ca/xmlui/handle/1866/8580", "url_versions": null, "year": "2012", "excerpt": "Deux cat\u00e9gories de comp\u00e9tences influenceraient toute pratique professionnelle, les comp\u00e9tences disciplinaires et relationnelles. Selon le cadre th\u00e9orique de ce projet, la pratique r\u00e9flexive (PR) aiderait le professionnel \u00e0 d\u00e9velopper les comp\u00e9tences  ...", "url_pdf": null, "num_citations": 1, "cluster_id": "10417127429561386782", "authors": "A Turcotte -", "url_citations": "http://scholar.google.com/scholar?cites=10417127429561386782&as_sdt=2005&sciodt=1,5&hl=en"}, {"num_versions": 6, "url_citation": null, "title": "Reflective practice and clinical outcomes: practitioners' views on how reflective practice has influenced their clinical practice", "url": "http://onlinelibrary.wiley.com/doi/10.1111/j.1365-2702.2001.00482.x/full", "url_versions": "http://scholar.google.com/scholar?cluster=10668422933547553535&hl=en&as_sdt=1,5&sciodt=1,5&as_vis=1", "year": "2001", "excerpt": "Abstract\u00b7 There has been a recent increasing interest in reflective practice in nursing. There is a wealth of literature about its apparent advantages and benefits, but very little empirical research into clinical outcomes consequent to reflective practice.", "url_pdf": null, "num_citations": 107, "cluster_id": "10668422933547553535", "authors": "T Paget - Journal of clinical nursing", "url_citations": "http://scholar.google.com/scholar?cites=10668422933547553535&as_sdt=2005&sciodt=1,5&hl=en"}, {"num_versions": 4, "url_citation": null, "title": "Interprofessional education in palliative care: a pilot project using popular literature", "url": "http://www.tandfonline.com/doi/abs/10.1080/13561820600555952", "url_versions": "http://scholar.google.com/scholar?cluster=3512583821936229913&hl=en&as_sdt=1,5&sciodt=1,5&as_vis=1", "year": "2006", "excerpt": "Summary A need to introduce the concepts of death and dying to the medical and health sciences undergraduate curriculum was identified at the University of Ottawa, Ontario, Canada. As care of the terminally ill is complex and requires the collaborative involvement  ...", "url_pdf": null, "num_citations": 12, "cluster_id": "3512583821936229913", "authors": "P Hall, L Weaver, F Fothergill-Bourbonnais\u2026 - Journal of  \u2026", "url_citations": "http://scholar.google.com/scholar?cites=3512583821936229913&as_sdt=2005&sciodt=1,5&hl=en"}, {"num_versions": 5, "url_citation": null, "title": "Biosciences within the pre-registration (pre-requisite) curriculum: An integrative literature review of curriculum interventions 1990\u20132012", "url": "http://www.sciencedirect.com/science/article/pii/S0260691713003031", "url_versions": "http://scholar.google.com/scholar?cluster=4176785391043570284&hl=en&as_sdt=1,5&sciodt=1,5&as_vis=1", "year": "2014", "excerpt": "Background The learning of biosciences is well-documented to be problematic as students find the subjects amongst the most difficult and anxiety-provoking of their pre-registration programme. Studies suggest that learning consequently is not at the level anticipated by  ...", "url_pdf": null, "num_citations": 8, "cluster_id": "4176785391043570284", "authors": "A McVicar, S Andrew, R Kemble - Nurse education today", "url_citations": "http://scholar.google.com/scholar?cites=4176785391043570284&as_sdt=2005&sciodt=1,5&hl=en"}, {"num_versions": 3, "url_citation": null, "title": "Using reflection strategies to link course knowledge to clinical practice: the RN-to-BSN student experience.", "url": "http://europepmc.org/abstract/med/21210605", "url_versions": "http://scholar.google.com/scholar?cluster=5979112643166317343&hl=en&as_sdt=1,5&sciodt=1,5&as_vis=1", "year": "2011", "excerpt": "Reflection is viewed as an essential element of professional practice. However, there is limited research exploring practice changes as a result of reflection within the context of new knowledge. In addition, literature suggests that nursing students may have difficulty linking  ...", "url_pdf": null, "num_citations": 22, "cluster_id": "5979112643166317343", "authors": "ME Asselin - The Journal of nursing education", "url_citations": "http://scholar.google.com/scholar?cites=5979112643166317343&as_sdt=2005&sciodt=1,5&hl=en"}, {"num_versions": 5, "url_citation": null, "title": "Reflective practice: A critical analysis of data-based studies and implications for nursing education", "url": "http://www.coloradonursingcenter.org/documents/clinical%20scholar/Resources/Reflective%20Practice.pdf", "url_versions": "http://scholar.google.com/scholar?cluster=4829568556651553922&hl=en&as_sdt=1,5&sciodt=1,5&as_vis=1", "year": "2003", "excerpt": "ABSTRACT Reflective practice has become part of the discourse of nursing education classrooms, conferences, and journals, and are popular features of nursing continuing education programs. Yet, the idea of reflective practice has become increasingly more  ...", "url_pdf": "http://www.coloradonursingcenter.org/documents/clinical%20scholar/Resources/Reflective%20Practice.pdf", "num_citations": 123, "cluster_id": "4829568556651553922", "authors": "LA Ruth-Sahd - Journal of Nursing Education", "url_citations": "http://scholar.google.com/scholar?cites=4829568556651553922&as_sdt=2005&sciodt=1,5&hl=en"}, {"num_versions": 3, "url_citation": null, "title": "Toward a profession", "url": "http://ethesis.helsinki.fi/julkaisut/kas/kasva/vk/raij/towardap.pdf", "url_versions": "http://scholar.google.com/scholar?cluster=6859520717048498170&hl=en&as_sdt=1,5&sciodt=1,5&as_vis=1", "year": "2000", "excerpt": "Abstract The aim of this study is to describe clinical learning according to the student nurses' own conceptions. Clinical studies form the essential part of student nurses' education and most of them take place in hospital environments. Learning a profession in nursing  ...", "url_pdf": "http://ethesis.helsinki.fi/julkaisut/kas/kasva/vk/raij/towardap.pdf", "num_citations": 42, "cluster_id": "6859520717048498170", "authors": "K Raij - Clinical learning in a hospital environment as", "url_citations": "http://scholar.google.com/scholar?cites=6859520717048498170&as_sdt=2005&sciodt=1,5&hl=en"}, {"num_versions": 2, "url_citation": null, "title": "Learning through reflective practice: a professional approach to effective continuing professional development among healthcare professionals", "url": "http://www.tandfonline.com/doi/abs/10.1080/13596740000200067", "url_versions": "http://scholar.google.com/scholar?cluster=1988419832548856417&hl=en&as_sdt=1,5&sciodt=1,5&as_vis=1", "year": "2000", "excerpt": "Abstract Continuing Professional Development (CPD) should aim to develop the individual practitioner, their profession (through architectonics and the dissemination of 'best practice'), and (as a consequence of the above) the delivery of the service itself. However, many  ...", "url_pdf": null, "num_citations": 8, "cluster_id": "1988419832548856417", "authors": "M Cole - Research in Post-Compulsory Education", "url_citations": "http://scholar.google.com/scholar?cites=1988419832548856417&as_sdt=2005&sciodt=1,5&hl=en"}, {"num_versions": 9, "url_citation": null, "title": "Conflict and coping strategies: a qualitative study of student attitudes to significant event analysis", "url": "http://onlinelibrary.wiley.com/doi/10.1046/j.1365-2923.2003.01490.x/full", "url_versions": "http://scholar.google.com/scholar?cluster=11957773405528372991&hl=en&as_sdt=1,5&sciodt=1,5&as_vis=1", "year": "2003", "excerpt": "Objectives To explore the attitudes of students to reflection in the form of significant event analysis (SEA), to categorise the factors influencing these attitudes and to develop a conceptual framework from the data to help ensure future students have a positive  ...", "url_pdf": null, "num_citations": 34, "cluster_id": "11957773405528372991", "authors": "E Henderson, H Hogan, A Grant, A Berlin - Medical Education", "url_citations": "http://scholar.google.com/scholar?cites=11957773405528372991&as_sdt=2005&sciodt=1,5&hl=en"}, {"num_versions": 9, "url_citation": null, "title": "Practising Critical Reflection: A Resource Handbook: A Handbook", "url": "http://scholar.google.com/https://books.google.com/books?hl=en&lr=&id=zOZRwQ8I5gUC&oi=fnd&pg=PP1&ots=5tvl3f4Zuo&sig=NHUK5ezk8JTzCQxxqlueEbi0z2s", "url_versions": "http://scholar.google.com/scholar?cluster=18059446672557938092&hl=en&as_sdt=1,5&sciodt=1,5&as_vis=1", "year": "2007", "excerpt": "Focuses on a description and analysis of the theoretical input as well as the approach involved in critical reflection. his work also demonstrates some skills, strategies and tools which might be used to practise it. It is suitable for students across social work, and health  ...", "url_pdf": null, "num_citations": 245, "cluster_id": "18059446672557938092", "authors": "J Fook, F Gardner -", "url_citations": "http://scholar.google.com/scholar?cites=18059446672557938092&as_sdt=2005&sciodt=1,5&hl=en"}, {"num_versions": 3, "url_citation": null, "title": "Reflection: an educational strategy to develop emotionally\u2010competent nurse leaders", "url": "http://onlinelibrary.wiley.com/doi/10.1111/j.1365-2834.2008.00957.x/full", "url_versions": "http://scholar.google.com/scholar?cluster=3561748635020445873&hl=en&as_sdt=1,5&sciodt=1,5&as_vis=1", "year": "2008", "excerpt": "Aim This paper explores educational strategies for nurses that focus on reflectivity and promote the development of self-awareness, relationship and communication skills and ability to lead with presence and compassion in the midst of change. Background Today  ...", "url_pdf": null, "num_citations": 79, "cluster_id": "3561748635020445873", "authors": "S HORTON\u2010DEUTSCH\u2026 - Journal of Nursing  \u2026", "url_citations": "http://scholar.google.com/scholar?cites=3561748635020445873&as_sdt=2005&sciodt=1,5&hl=en"}, {"num_versions": 10, "url_citation": null, "title": "Usefulness of patient studies in learning family medicine at postgraduate level", "url": "http://www.ajol.info/index.php/safp/article/view/13107", "url_versions": "http://scholar.google.com/scholar?cluster=1935048344992124212&hl=en&as_sdt=1,5&sciodt=1,5&as_vis=1", "year": "2004", "excerpt": "Background: The Master's in Family Medicine (M Fam Med) is a postgraduate training programme in family medicine at Medunsa. M Fam Med students have to write patient studies as part of requirements to complete their degree. This research was undertaken to  ...", "url_pdf": null, "num_citations": 0, "cluster_id": null, "authors": "SN Jaffri, GJO Marincowitz, NHB Malete - South African Family Practice", "url_citations": null}, {"num_versions": 11, "url_citation": null, "title": "Work engagement, moral distress, education level, and critical reflective practice in intensive care nurses", "url": "http://onlinelibrary.wiley.com/doi/10.1111/j.1744-6198.2011.00237.x/full", "url_versions": "http://scholar.google.com/scholar?cluster=460982700400127473&hl=en&as_sdt=1,5&sciodt=1,5&as_vis=1", "year": "2011", "excerpt": "AIM. The purpose of this study was to examine how nurses' moral distress, education level, and critical reflective practice (CRP) related to their work engagement. The study is relevant to nursing, given registered nurse (RN) documented experiences of job-related distress  ...", "url_pdf": null, "num_citations": 41, "cluster_id": "460982700400127473", "authors": "LA Lawrence - Nursing Forum", "url_citations": "http://scholar.google.com/scholar?cites=460982700400127473&as_sdt=2005&sciodt=1,5&hl=en"}, {"num_versions": 0, "url_citation": null, "title": "Bridging the gap between learning at work and in the classroom through a structured post-placement seminar", "url": "http://www.apjce.org/files/APJCE_11_3_103_113.pdf", "url_versions": null, "year": "2010", "excerpt": "Schon's concept of the reflective practitioner has been a foundation for teaching in professions such as law, education, and nursing for a number of years (Schon, 1983, 1987; Jay & Johnson, 2002; Drevdahl, 2002; Kenny, Styles & Zariski, 2004). The abundant  ...", "url_pdf": "http://www.apjce.org/files/APJCE_11_3_103_113.pdf", "num_citations": 2, "cluster_id": "18257196821760695924", "authors": "JA Maire - Asia-Pacific Journal of Cooperative Education", "url_citations": "http://scholar.google.com/scholar?cites=18257196821760695924&as_sdt=2005&sciodt=1,5&hl=en"}, {"num_versions": 4, "url_citation": null, "title": "Advancing the quality of oncology nursing care: Interlink Community Cancer Nurses' model for reflective practice", "url": "http://www.canadianoncologynursingjournal.com/index.php/conj/article/viewFile/420/421", "url_versions": "http://scholar.google.com/scholar?cluster=7828598134366352812&hl=en&as_sdt=1,5&sciodt=1,5&as_vis=1", "year": "2001", "excerpt": "Abstract Since 1996, Interlink Community Cancer Nurses have been using reflective practice as a team to share knowledge and experience amongst peers. The use of reflective practice enables the nurse to examine decision-making in patient situations and uncover the  ...", "url_pdf": null, "num_citations": 4, "cluster_id": "7828598134366352812", "authors": "D Howell, B Pelton - \u2026  Oncology Nursing Journal/ \u2026", "url_citations": "http://scholar.google.com/scholar?cites=7828598134366352812&as_sdt=2005&sciodt=1,5&hl=en"}, {"num_versions": 7, "url_citation": null, "title": "Reflection in higher education: A concept analysis", "url": "http://link.springer.com/article/10.1023/A:1010986404527", "url_versions": "http://scholar.google.com/scholar?cluster=6612352868861510404&hl=en&as_sdt=1,5&sciodt=1,5&as_vis=1", "year": "2001", "excerpt": "Abstract Despite the widespread adoption of reflective practices across many fields of study, a critical analysis of the concept of reflection and its application within higher education has been lacking. This article provides an examination of several major theoretical  ...", "url_pdf": null, "num_citations": 242, "cluster_id": "6612352868861510404", "authors": "RR Rogers - Innovative higher education", "url_citations": "http://scholar.google.com/scholar?cites=6612352868861510404&as_sdt=2005&sciodt=1,5&hl=en"}, {"num_versions": 6, "url_citation": null, "title": "Teaching on the spiritual dimension in care to undergraduate nursing students: The content and teaching methods", "url": "http://www.sciencedirect.com/science/article/pii/S0260691707001347", "url_versions": "http://scholar.google.com/scholar?cluster=872404224732261674&hl=en&as_sdt=1,5&sciodt=1,5&as_vis=1", "year": "2008", "excerpt": "The study unit on 'The spiritual dimension in care'had a Judeo\u2013Christian orientation. It was introduced to the Diploma nursing curriculum at the University of Malta in the academic year 2002\u20132003. The aim was to increase students' awareness about the essence of  ...", "url_pdf": null, "num_citations": 37, "cluster_id": "872404224732261674", "authors": "DR Baldacchino - Nurse Education Today", "url_citations": "http://scholar.google.com/scholar?cites=872404224732261674&as_sdt=2005&sciodt=1,5&hl=en"}, {"num_versions": 3, "url_citation": null, "title": "O uso dos jogos como estrat\u00e9gia de aprendizagem para alunos do 1\u00ba ciclo do ensino b\u00e1sico: o caso do CD-ROM\" Escola digital\"", "url": "http://scholar.google.com/https://ria.ua.pt/handle/10773/1514", "url_versions": "http://scholar.google.com/scholar?cluster=4175989654657289124&hl=en&as_sdt=1,5&sciodt=1,5&as_vis=1", "year": "2007", "excerpt": "O e-learning surge da aplica\u00e7\u00e3o das Tecnologias de Informa\u00e7\u00e3o e Comunica\u00e7\u00e3o (TIC) aos processos de ensino e aprendizagem levando \u00e0 cria\u00e7\u00e3o de novas formas de aprendizagem \u00e0 dist\u00e2ncia, que contribuem para um repensar no desenvolvimento do capital humano. Os  ...", "url_pdf": null, "num_citations": 2, "cluster_id": "4175989654657289124", "authors": "SL Abrantes -", "url_citations": "http://scholar.google.com/scholar?cites=4175989654657289124&as_sdt=2005&sciodt=1,5&hl=en"}, {"num_versions": 3, "url_citation": null, "title": "Using Computer-Based Clinical Simulations to Improve Student Scores on the Paramedic National Credenti1aling Examination", "url": "http://rave.ohiolink.edu/etdc/view?acc_num=osu1272488998", "url_versions": "http://scholar.google.com/scholar?cluster=10672341238679615334&hl=en&as_sdt=1,5&sciodt=1,5&as_vis=1", "year": "2010", "excerpt": "Abstract There is an impending shortage of paramedics within the United States, complicated by low success rates on the national credentialing examination and decreased access to clinical and field internship opportunities. The use of computer based-clinical  ...", "url_pdf": null, "num_citations": 1, "cluster_id": "10672341238679615334", "authors": "PDW Dickison -", "url_citations": "http://scholar.google.com/scholar?cites=10672341238679615334&as_sdt=2005&sciodt=1,5&hl=en"}, {"num_versions": 10, "url_citation": null, "title": "Exploring new nurse teachers' perception and understanding of reflection: An exploratory study", "url": "http://www.sciencedirect.com/science/article/pii/S1471595308000978", "url_versions": "http://scholar.google.com/scholar?cluster=4120665377797747612&hl=en&as_sdt=1,5&sciodt=1,5&as_vis=1", "year": "2009", "excerpt": "Reflection and the development of reflective practitioners are integral in many nursing programmes. This study set out to explore new lecturers' perception and understanding of reflection and how well they are preparing nurses to be reflective practitioners. Using a  ...", "url_pdf": null, "num_citations": 32, "cluster_id": "4120665377797747612", "authors": "ME Braine - Nurse Education in Practice", "url_citations": "http://scholar.google.com/scholar?cites=4120665377797747612&as_sdt=2005&sciodt=1,5&hl=en"}, {"num_versions": 5, "url_citation": null, "title": "Critical thinking and evidence-based practice in problem-based learning tutorial groups: A critical case study", "url": "http://digitalcommons.sacredheart.edu/ot_fac/1/", "url_versions": "http://scholar.google.com/scholar?cluster=7834375024042212428&hl=en&as_sdt=1,5&sciodt=1,5&as_vis=1", "year": "2007", "excerpt": "Abstract Little research has investigated how problembased learning (PBL) instruction influences students' critical thinking and evidence-based practice. This research sought to ascertain if PBL instructional practices facilitated critical thinking and EBP; identify those  ...", "url_pdf": null, "num_citations": 1, "cluster_id": "7834375024042212428", "authors": "JM Bortone -", "url_citations": "http://scholar.google.com/scholar?cites=7834375024042212428&as_sdt=2005&sciodt=1,5&hl=en"}, {"num_versions": 2, "url_citation": null, "title": "The effect of reflective activities on instrumental learning in adult work-related education: A critical review of the empirical research", "url": "http://www.sciencedirect.com/science/article/pii/S1747938X14000165", "url_versions": "http://scholar.google.com/scholar?cluster=11023521083747568245&hl=en&as_sdt=1,5&sciodt=1,5&as_vis=1", "year": "2014", "excerpt": "Abstract Structured learning events termed reflective activities are now widely used throughout work-related learning. These activities are thought to occasion reflection, critical reflection and reflective practice. Although researchers have established benefits and  ...", "url_pdf": null, "num_citations": 1, "cluster_id": "11023521083747568245", "authors": "KM Roessger - Educational Research Review", "url_citations": "http://scholar.google.com/scholar?cites=11023521083747568245&as_sdt=2005&sciodt=1,5&hl=en"}, {"num_versions": 4, "url_citation": null, "title": "16 Critical reflection: possibilities for developing effectiveness in conditions of uncertainty", "url": "http://scholar.google.com/https://books.google.com/books?hl=en&lr=&id=ijxEBgAAQBAJ&oi=fnd&pg=PA228&ots=aQgikQNH43&sig=N3bi0H4KYyFJXEIGCy3b1X9v3oo", "url_versions": "http://scholar.google.com/scholar?cluster=4360657024594774654&hl=en&as_sdt=1,5&sciodt=1,5&as_vis=1", "year": "2006", "excerpt": "Open-mindedness [is] an attitude of mind which actively welcomes suggestions and relevant information from all sides... The worst thing about stubbornness of mind, about prejudices, is that they arrest development; they shut off the mind from new stimuli. Open-mindedness  ...", "url_pdf": null, "num_citations": 13, "cluster_id": "4360657024594774654", "authors": "F Gardner, J Fook, S White - Critical reflection in health and social \u2026", "url_citations": "http://scholar.google.com/scholar?cites=4360657024594774654&as_sdt=2005&sciodt=1,5&hl=en"}, {"num_versions": 6, "url_citation": null, "title": "Understanding and integrating mindfulness into psychiatric mental health nursing practice", "url": "http://www.sciencedirect.com/science/article/pii/S0883941708001775", "url_versions": "http://scholar.google.com/scholar?cluster=2489295667871430069&hl=en&as_sdt=1,5&sciodt=1,5&as_vis=1", "year": "2009", "excerpt": "The practice of mindfulness is increasingly being integrated into Western clinical practice within the context of psychotherapy and stress management. Although it is based in ancient Buddhist philosophy, there remains confusion about the definition, antecedents,  ...", "url_pdf": null, "num_citations": 23, "cluster_id": "2489295667871430069", "authors": "K Tusaie, K Edds - Archives of psychiatric nursing", "url_citations": "http://scholar.google.com/scholar?cites=2489295667871430069&as_sdt=2005&sciodt=1,5&hl=en"}, {"num_versions": 2, "url_citation": null, "title": "Investigating the Impact of Formal Reflective Activities on Skill Adaptation in a Work-Related Instrumental Learning Setting", "url": "http://dc.uwm.edu/etd/305/", "url_versions": "http://scholar.google.com/scholar?cluster=4893810589508903374&hl=en&as_sdt=1,5&sciodt=1,5&as_vis=1", "year": "2013", "excerpt": "Abstract In work-related, instrumental learning contexts the role of reflective activities is unclear. Kolb's (1985) experiential learning theory and Mezirow's transformative learning theory (2000) predict skill-adaptation as a possible outcome. This prediction was  ...", "url_pdf": null, "num_citations": 1, "cluster_id": "4893810589508903374", "authors": "KM Roessger -", "url_citations": "http://scholar.google.com/scholar?cites=4893810589508903374&as_sdt=2005&sciodt=1,5&hl=en"}, {"num_versions": 16, "url_citation": null, "title": "Doctors of interrogation", "url": "http://onlinelibrary.wiley.com/doi/10.1353/hcr.2005.0044/full", "url_versions": "http://scholar.google.com/scholar?cluster=18032155703284482826&hl=en&as_sdt=1,5&sciodt=1,5&as_vis=1", "year": "2005", "excerpt": "According to Colonel Thomas Pappas, head of military intelligence (MI) at Abu Ghraib, a physician worked alongside the psychiatrist. In his testimony to the Taguba inquiry, Pappas explained that military intelligence teams\u2014also known as \u201ctiger teams\u201d\u2014prepare  ...", "url_pdf": null, "num_citations": 17, "cluster_id": "18032155703284482826", "authors": "JH Marks - Hastings Center Report", "url_citations": "http://scholar.google.com/scholar?cites=18032155703284482826&as_sdt=2005&sciodt=1,5&hl=en"}, {"num_versions": 4, "url_citation": null, "title": "SIMPRAC: A web-based virtual patient to support learning through reflection", "url": "http://sydney.edu.au/engineering/it/research/tr/tr562.pdf", "url_versions": "http://scholar.google.com/scholar?cluster=14348967074654236409&hl=en&as_sdt=1,5&sciodt=1,5&as_vis=1", "year": "2005", "excerpt": "Abstract Patient simulations have been used for medical education and assessment for a number of years. Computer-based simulations, in particular, have been developed with the goal of improving medical education and continuing professional development by  ...", "url_pdf": "http://sydney.edu.au/engineering/it/research/tr/tr562.pdf", "num_citations": 1, "cluster_id": "14348967074654236409", "authors": "D Chesher, J Kay, NJC King -", "url_citations": "http://scholar.google.com/scholar?cites=14348967074654236409&as_sdt=2005&sciodt=1,5&hl=en"}, {"num_versions": 3, "url_citation": null, "title": "The effects of reflective activities on skill adaptation in a work-related instrumental learning setting", "url": "http://aeq.sagepub.com/content/64/4/323.short", "url_versions": "http://scholar.google.com/scholar?cluster=16601520780748086274&hl=en&as_sdt=1,5&sciodt=1,5&as_vis=1", "year": "2014", "excerpt": "Abstract In work-related instrumental learning contexts, the role of reflective activities is unclear. Kolb's experiential learning theory and Mezirow's transformative learning theory predict skill adaptation as an outcome. This prediction was tested by manipulating  ...", "url_pdf": null, "num_citations": 2, "cluster_id": "16601520780748086274", "authors": "KM Roessger - Adult Education Quarterly", "url_citations": "http://scholar.google.com/scholar?cites=16601520780748086274&as_sdt=2005&sciodt=1,5&hl=en"}, {"num_versions": 2, "url_citation": null, "title": "A aprendizagem pela reflex\u00e3o em ensino cl\u00ednico: estudo qualitativo na forma\u00e7\u00e3o inicial em enfermagem", "url": "http://ria.ua.pt/handle/10773/1487", "url_versions": "http://scholar.google.com/scholar?cluster=14125990475787605123&hl=en&as_sdt=1,5&sciodt=1,5&as_vis=1", "year": "2009", "excerpt": "ENQUADRAMENTO: A presta\u00e7\u00e3o de cuidados de sa\u00fade coloca osenfermeiros face a situa\u00e7\u00f5es complexas, exigindo a mobiliza\u00e7\u00e3o de umconjunto de saberes pr\u00f3priosque lhes permita responder de modo criativo e adequado \u00e0 diversidade e singularidade dos  ...", "url_pdf": null, "num_citations": 12, "cluster_id": "14125990475787605123", "authors": "EMM Santos -", "url_citations": "http://scholar.google.com/scholar?cites=14125990475787605123&as_sdt=2005&sciodt=1,5&hl=en"}, {"num_versions": 6, "url_citation": null, "title": "Misrepresenting random sampling? A systematic review of research papers in the Journal of Advanced Nursing", "url": "http://onlinelibrary.wiley.com/doi/10.1046/j.1365-2648.2003.02803.x/pdf", "url_versions": "http://scholar.google.com/scholar?cluster=4985535628107342279&hl=en&as_sdt=1,5&sciodt=1,5&as_vis=1", "year": "2003", "excerpt": "Aim. This paper discusses the theoretical limitations of the use of random sampling and probability theory in the production of a significance level (or P-value) in nursing research. Potential alternatives, in the form of randomization tests, are proposed. Background.  ...", "url_pdf": null, "num_citations": 28, "cluster_id": "4985535628107342279", "authors": "GR Williamson - Journal of advanced nursing", "url_citations": "http://scholar.google.com/scholar?cites=4985535628107342279&as_sdt=2005&sciodt=1,5&hl=en"}]