[{"num_versions": 5, "url_citation": null, "title": "An investigation of the use of simulation tools in management education", "url": "http://ieeexplore.ieee.org/xpls/abs_all.jsp?arnumber=6465054", "url_versions": "http://scholar.google.com/scholar?cluster=10916595914338842491&hl=en&as_sdt=1,5&sciodt=1,5&as_vis=1", "year": "2012", "excerpt": "ABSTRACT This paper investigates the use of simulation tools for business education, including Management School education and managerial training. The paper provides an overview of the need for non-traditional tools for learning, and the importance of  ...", "url_pdf": null, "num_citations": 8, "cluster_id": "10916595914338842491", "authors": "I Ezz, C Loureiro-Koechlin\u2026 - \u2026  (WSC), Proceedings of  \u2026", "url_citations": "http://scholar.google.com/scholar?cites=10916595914338842491&as_sdt=2005&sciodt=1,5&hl=en"}, {"num_versions": 3, "url_citation": null, "title": "Simulations \u00e2\u20ac\u201cBridging from Thwarted Innovation to Disruptive Technology", "url": "http://scholar.google.com/https://absel-ojs-ttu.tdl.org/absel/index.php/absel/article/view/510", "url_versions": "http://scholar.google.com/scholar?cluster=8436138031745103719&hl=en&as_sdt=1,5&sciodt=1,5&as_vis=1", "year": "2014", "excerpt": "Abstract Gartner Research dubbed simulation the new\" killer application\" in e-learning (Lundy et al., 2002) but even assuming the best estimates for the adoption of simulations, they represent a tiny proportion of the annual spend in training and education.  ...", "url_pdf": null, "num_citations": 1, "cluster_id": "8436138031745103719", "authors": "J Kenworthy - \u2026 in Business Simulation and Experiential Learning", "url_citations": "http://scholar.google.com/scholar?cites=8436138031745103719&as_sdt=2005&sciodt=1,5&hl=en"}, {"num_versions": 2, "url_citation": null, "title": "Making the most of an internship: An empirical study of internship satisfaction", "url": "http://amle.aom.org/content/8/4/527.short", "url_versions": "http://scholar.google.com/scholar?cluster=2162185281005532031&hl=en&as_sdt=1,5&sciodt=1,5&as_vis=1", "year": "2009", "excerpt": "Abstract Since internships are becoming more widely used as learning tools for students to help fill the gap between classroom learning and the practice of business, it is important to understand what aspects of these experiences make them the most worthwhile. This study  ...", "url_pdf": null, "num_citations": 75, "cluster_id": "2162185281005532031", "authors": "CP D'abate, MA Youndt, KE Wenzel - Academy of Management  \u2026", "url_citations": "http://scholar.google.com/scholar?cites=2162185281005532031&as_sdt=2005&sciodt=1,5&hl=en"}, {"num_versions": 2, "url_citation": null, "title": "Why has feedback systems thinking struggled to influence strategy and policy formulation? Suggestive evidence, explanations and solutions", "url": "http://onlinelibrary.wiley.com/doi/10.1002/sres.651/abstract", "url_versions": "http://scholar.google.com/scholar?cluster=16256628247617276630&hl=en&as_sdt=1,5&sciodt=1,5&as_vis=1", "year": "2004", "excerpt": "Abstract Proponents of system dynamics expound its benefits for understanding and managing complex social systems. However, usage of system dynamics remains low, which questions the true value that policy-makers gain from the approach as currently delivered.  ...", "url_pdf": null, "num_citations": 43, "cluster_id": "16256628247617276630", "authors": "K Warren - Systems Research and Behavioral Science", "url_citations": "http://scholar.google.com/scholar?cites=16256628247617276630&as_sdt=2005&sciodt=1,5&hl=en"}, {"num_versions": 10, "url_citation": null, "title": "Using the decentralized and liberalized electricity market microworld (LEMM) as an educational tool", "url": "http://www.sciencedirect.com/science/article/pii/S0301421510007184", "url_versions": "http://scholar.google.com/scholar?cluster=8383345504285298789&hl=en&as_sdt=1,5&sciodt=1,5&as_vis=1", "year": "2011", "excerpt": "Decentralized and liberalized electricity market involves a great deal of interdisciplinary concepts, including economic, commercial, environmental and technological issues. Consequently, the system is complicated. Accordingly, nowadays introductory courses  ...", "url_pdf": null, "num_citations": 1, "cluster_id": "8383345504285298789", "authors": "G Pa\u015fao\u011flu - Energy Policy", "url_citations": "http://scholar.google.com/scholar?cites=8383345504285298789&as_sdt=2005&sciodt=1,5&hl=en"}, {"num_versions": 4, "url_citation": null, "title": "Knowledge Management and Management Learning:: Extending the Horizons of Knowledge-Based Management", "url": "http://scholar.google.com/https://books.google.com/books?hl=en&lr=&id=NZEvJU_oqRQC&oi=fnd&pg=PR13&ots=4_JaZtiJ3j&sig=mtWgF1OjpKIErvreZXt1tsYqh6A", "url_versions": "http://scholar.google.com/scholar?cluster=13160941589744760246&hl=en&as_sdt=1,5&sciodt=1,5&as_vis=1", "year": "2006", "excerpt": "Recently knowledge management and management learning has received considerable published coverage; however, most of this exposure is based on a rational, mechanistic view of knowledge management. Practice, on the other hand, has taught us that  ...", "url_pdf": null, "num_citations": 51, "cluster_id": "13160941589744760246", "authors": "WRJ Baets -", "url_citations": "http://scholar.google.com/scholar?cites=13160941589744760246&as_sdt=2005&sciodt=1,5&hl=en"}, {"num_versions": 3, "url_citation": null, "title": "Measuring MBA learning outcomes using business simulations", "url": "http://www.swdsi.org/swdsi07/2007_proceedings/papers/329.pdf", "url_versions": "http://scholar.google.com/scholar?cluster=13396322468984465291&hl=en&as_sdt=1,5&sciodt=1,5&as_vis=1", "year": "2008", "excerpt": "ABSTRACT Business schools are under increased pressure from the marketplace to make curriculum more relevant and timely. For AACSB accredited b-schools there is also the requirement to provide learning assurance. Simulations, which are used extensively  ...", "url_pdf": "http://www.swdsi.org/swdsi07/2007_proceedings/papers/329.pdf", "num_citations": 1, "cluster_id": "13396322468984465291", "authors": "O Hall, K Ko -", "url_citations": "http://scholar.google.com/scholar?cites=13396322468984465291&as_sdt=2005&sciodt=1,5&hl=en"}, {"num_versions": 3, "url_citation": null, "title": "Business simulation games: Effective teaching tools or window dressing?", "url": "http://www.cluteinstitute.com/ojs/index.php/AJBE/article/view/6814", "url_versions": "http://scholar.google.com/scholar?cluster=2922716493773037167&hl=en&as_sdt=1,5&sciodt=1,5&as_vis=1", "year": "2012", "excerpt": "Abstract Business simulations serve as learning platforms that stimulate the \u201cgaming\u201d interest of students, that provide a structured learning environment, and that should help manage the time resources of faculty. Simulations appear to provide a context where  ...", "url_pdf": null, "num_citations": 5, "cluster_id": "2922716493773037167", "authors": "JR Tanner, G Stewart, MW Totaro\u2026 - American Journal of  \u2026", "url_citations": "http://scholar.google.com/scholar?cites=2922716493773037167&as_sdt=2005&sciodt=1,5&hl=en"}, {"num_versions": 5, "url_citation": null, "title": "Applying dramaturgy to management course design", "url": "http://jme.sagepub.com/content/29/2/319.short", "url_versions": "http://scholar.google.com/scholar?cluster=3913189681578811033&hl=en&as_sdt=1,5&sciodt=1,5&as_vis=1", "year": "2005", "excerpt": "Abstract This article discusses the holistic method of experiential course design called dramaturgy as applied to an undergraduate 3rd-year management course\u2014the Action Learning Management Practicum (ALMP). Dramaturgy, a theater term, involves the  ...", "url_pdf": null, "num_citations": 22, "cluster_id": "3913189681578811033", "authors": "SI Leberman, AJ Martin - Journal of Management Education", "url_citations": "http://scholar.google.com/scholar?cites=3913189681578811033&as_sdt=2005&sciodt=1,5&hl=en"}, {"num_versions": 9, "url_citation": null, "title": "Om m\u00f6jligheterna att replikera professionella utmaningar i lektionssalen: Datorbaserad simulering av barnav\u00e5rdsutredningar", "url": "http://www.pjos.org/index.php/hus/article/viewFile/5398/4792", "url_versions": "http://scholar.google.com/scholar?cluster=2226552438281656026&hl=en&as_sdt=1,5&sciodt=1,5&as_vis=1", "year": "2012", "excerpt": "SIM-CHILD utg\u00e5r fr\u00e5n den datorbaserade struktur barnav\u00e5rdsutredningar numera f\u00e5tt i flera europeiska l\u00e4nder. Socionomstudenterna ges tillg\u00e5ng till ett fiktivt barnav\u00e5rds\u00e4rende som presenteras genom alla de dokument\u2013journaler, anm\u00e4lningar, specialistutredningar\u2013som  ...", "url_pdf": null, "num_citations": 5, "cluster_id": "2226552438281656026", "authors": "K Borell, G Egonsdotter - H\u00f6gre utbildning", "url_citations": "http://scholar.google.com/scholar?cites=2226552438281656026&as_sdt=2005&sciodt=1,5&hl=en"}, {"num_versions": 4, "url_citation": null, "title": "The relationship between student perceptions of team dynamics and simulation game outcomes: an individual-level analysis", "url": "http://www.tandfonline.com/doi/abs/10.3200/JOEB.81.2.85-90", "url_versions": "http://scholar.google.com/scholar?cluster=17729008087682166833&hl=en&as_sdt=1,5&sciodt=1,5&as_vis=1", "year": "2005", "excerpt": "In many business courses, computer-based simulations are becoming a popular choice of pedagogical technique, yet research is only beginning to consider how these simulation games impact student outcomes. In this study, the author investigated individual  ...", "url_pdf": null, "num_citations": 64, "cluster_id": "17729008087682166833", "authors": "JR Anderson - Journal of Education for Business", "url_citations": "http://scholar.google.com/scholar?cites=17729008087682166833&as_sdt=2005&sciodt=1,5&hl=en"}, {"num_versions": 4, "url_citation": null, "title": "Pedagogia participativa na forma\u00e7\u00e3o de administradores", "url": "http://www.teses.usp.br/teses/disponiveis/12/12139/tde-20042007-085536/en.php", "url_versions": "http://scholar.google.com/scholar?cluster=3013755367902126329&hl=en&as_sdt=1,5&sciodt=1,5&as_vis=1", "year": "2006", "excerpt": "Este trabalho foi desenvolvido tendo como tema principal a metodologia de simula\u00e7\u00e3o chamada Jogos de Empresas. Este tema ganhou destaque no cen\u00e1rio empresarial e acad\u00eamico nas \u00faltimas d\u00e9cadas e tem sido utilizado como ferramenta de treinamento no  ...", "url_pdf": null, "num_citations": 6, "cluster_id": "3013755367902126329", "authors": "FN Pretto -", "url_citations": "http://scholar.google.com/scholar?cites=3013755367902126329&as_sdt=2005&sciodt=1,5&hl=en"}, {"num_versions": 8, "url_citation": null, "title": "Simulating entrepreneurial learning integrating experiential and collaborative approaches to learning", "url": "http://mlq.sagepub.com/content/38/2/211.short", "url_versions": "http://scholar.google.com/scholar?cluster=10314297137120915908&hl=en&as_sdt=1,5&sciodt=1,5&as_vis=1", "year": "2007", "excerpt": "Abstract Theorizing about entrepreneurial learning is examined in this article to determine key learning processes within this body of research. It explores how these processes might be simulated in a student-learning environment and highlights the role of emotional  ...", "url_pdf": null, "num_citations": 172, "cluster_id": "10314297137120915908", "authors": "L Pittaway, J Cope - Management learning", "url_citations": "http://scholar.google.com/scholar?cites=10314297137120915908&as_sdt=2005&sciodt=1,5&hl=en"}, {"num_versions": 2, "url_citation": null, "title": "Effects of interactivity in educational games: A mediating role of social presence on learning outcomes", "url": "http://www.tandfonline.com/doi/abs/10.1080/10447318.2011.555302", "url_versions": "http://scholar.google.com/scholar?cluster=2750154427204317934&hl=en&as_sdt=1,5&sciodt=1,5&as_vis=1", "year": "2011", "excerpt": "Networked interactivity is one of the essential factors that differentiate recent online educational games from traditional stand-alone CD-based games. Despite the growing popularity of online educational games, empirical studies about the effects of networked  ...", "url_pdf": null, "num_citations": 15, "cluster_id": "2750154427204317934", "authors": "KM Lee, EJ Jeong, N Park, S Ryu - Intl. Journal of Human\u2013 \u2026", "url_citations": "http://scholar.google.com/scholar?cites=2750154427204317934&as_sdt=2005&sciodt=1,5&hl=en"}, {"num_versions": 3, "url_citation": null, "title": "Simulating entrepreneurial learning: assessing the utility of experiential learning designs", "url": "http://eprints.lancs.ac.uk/48739/", "url_versions": "http://scholar.google.com/scholar?cluster=15678996750554400294&hl=en&as_sdt=1,5&sciodt=1,5&as_vis=1", "year": "2004", "excerpt": "Current research exploring entrepreneurial learning is explored in this paper to identify the key factors that are considered to be important. It looks at how these factors can be simulated in a student learning environment and highlights the role of emotional exposure ...", "url_pdf": null, "num_citations": 14, "cluster_id": "15678996750554400294", "authors": "LA Pittaway -", "url_citations": "http://scholar.google.com/scholar?cites=15678996750554400294&as_sdt=2005&sciodt=1,5&hl=en"}, {"num_versions": 3, "url_citation": null, "title": "Mentoring as a learning tool: Enhancing the effectiveness of an undergraduate business mentoring program", "url": "http://www.tandfonline.com/doi/abs/10.1080/13611260802433692", "url_versions": "http://scholar.google.com/scholar?cluster=16538139804206875622&hl=en&as_sdt=1,5&sciodt=1,5&as_vis=1", "year": "2008", "excerpt": "Mentoring can be used as a pedagogical alternative both to extend and augment the educational experience of business students. This article addresses a gap in the literature regarding the use and effectiveness of mentoring in undergraduate business education by  ...", "url_pdf": null, "num_citations": 30, "cluster_id": "16538139804206875622", "authors": "CP D'Abate, ER Eddy - Mentoring & tutoring: partnership in  \u2026", "url_citations": "http://scholar.google.com/scholar?cites=16538139804206875622&as_sdt=2005&sciodt=1,5&hl=en"}, {"num_versions": 8, "url_citation": null, "title": "Perceptions of the effectiveness of system dynamics-based interactive learning environments: an empirical study", "url": "http://www.sciencedirect.com/science/article/pii/S0360131510001570", "url_versions": "http://scholar.google.com/scholar?cluster=12964134693542309815&hl=en&as_sdt=1,5&sciodt=1,5&as_vis=1", "year": "2010", "excerpt": "The use of simulations in general and of system dynamics simulation based interactive learning environments (SDILEs) in particular is well recognized as an effective way of improving users' decision making and learning in complex, dynamic tasks. However, the  ...", "url_pdf": null, "num_citations": 18, "cluster_id": "12964134693542309815", "authors": "H Qudrat-Ullah - Computers & Education", "url_citations": "http://scholar.google.com/scholar?cites=12964134693542309815&as_sdt=2005&sciodt=1,5&hl=en"}, {"num_versions": 13, "url_citation": null, "title": "Learning to foster builders of knowledge economy", "url": "http://eprints.usq.edu.au/18043", "url_versions": "http://scholar.google.com/scholar?cluster=1559009179541496166&hl=en&as_sdt=1,5&sciodt=1,5&as_vis=1", "year": "2005", "excerpt": "Graduates' capacity for dealing with the six challenges of the knowledge era is critical for their success as builders of knowledge economy. This paper argues that developing such a capacity requires authentic learning models that are grounded in interdisciplinarity. The  ...", "url_pdf": null, "num_citations": 1, "cluster_id": "1559009179541496166", "authors": "M Avdjieva - International Journal of Learning", "url_citations": "http://scholar.google.com/scholar?cites=1559009179541496166&as_sdt=2005&sciodt=1,5&hl=en"}, {"num_versions": 7, "url_citation": null, "title": "The Finnish Team Academy model: implications for management education", "url": "http://mlq.sagepub.com/content/early/2013/09/26/1350507613498334.abstract", "url_versions": "http://scholar.google.com/scholar?cluster=4052073648417117051&hl=en&as_sdt=1,5&sciodt=1,5&as_vis=1", "year": "2013", "excerpt": "Abstract This article explores an innovative model of management education, the Team Academy based in Finland, in which teams of learners create and operate real enterprises, supported by coaches. The contributions of the article are to provide insights into how the  ...", "url_pdf": null, "num_citations": 1, "cluster_id": "4052073648417117051", "authors": "P Tosey, S Dhaliwal, J Hassinen - Management Learning", "url_citations": "http://scholar.google.com/scholar?cites=4052073648417117051&as_sdt=2005&sciodt=1,5&hl=en"}, {"num_versions": 3, "url_citation": null, "title": "A New E-learning Model for IS Education: How Chinese Students Learn Business Management from Simulation Game", "url": "http://www.jcisme.org/paperInfo.aspx?ID=110", "url_versions": "http://scholar.google.com/scholar?cluster=5888657879458649993&hl=en&as_sdt=1,5&sciodt=1,5&as_vis=1", "year": "2011", "excerpt": "Abstract: Now more business schools use simulation technology to develop their students' capabilities. However, there is a few framework and methodology one needs to understand the mechanisms of the student learning process in business simulation games. Based on  ...", "url_pdf": null, "num_citations": 0, "cluster_id": null, "authors": "S Han, J Cai, X Liu, Q Wang - Communications in Information Science  \u2026", "url_citations": null}, {"num_versions": 2, "url_citation": null, "title": "Notice of Retraction What can students learn by playing business simulation game: An empirical study in China", "url": "http://ieeexplore.ieee.org/xpls/abs_all.jsp?arnumber=5882277", "url_versions": "http://scholar.google.com/scholar?cluster=1669696528202558824&hl=en&as_sdt=1,5&sciodt=1,5&as_vis=1", "year": "2011", "excerpt": "Abstract\u2014Today more and more business schools use simulation technology to develop their students' capabilities. The BizSim game developed by Peking University is an innovative education platform, which trains students to learn in a simulated business  ...", "url_pdf": null, "num_citations": 1, "cluster_id": "1669696528202558824", "authors": "S Han, J Cai, X Liu, Q Wang - E-Business and E-Government ( \u2026", "url_citations": "http://scholar.google.com/scholar?cites=1669696528202558824&as_sdt=2005&sciodt=1,5&hl=en"}, {"num_versions": 2, "url_citation": null, "title": "Keeping up with the play: Practicum, partnership and practice", "url": "http://www.researchgate.net/profile/Sarah_Leberman/publication/228944368_Keeping_up_with_the_play_Practicum_partnership_and_practice/links/004635281807ed3bc9000000.pdf", "url_versions": "http://scholar.google.com/scholar?cluster=6174415879588824974&hl=en&as_sdt=1,5&sciodt=1,5&as_vis=1", "year": "2005", "excerpt": "This paper reports an inquiry into a Sport Management Program at Massey University. It provides program evaluation based on feedback from sport organizations and graduates related to their experiences of the Sport Management Practicum, a for credit double  ...", "url_pdf": "http://www.researchgate.net/profile/Sarah_Leberman/publication/228944368_Keeping_up_with_the_play_Practicum_partnership_and_practice/links/004635281807ed3bc9000000.pdf", "num_citations": 38, "cluster_id": "6174415879588824974", "authors": "AJ Martin, SI Leberman - Asia-Pacific Journal of Cooperative  \u2026", "url_citations": "http://scholar.google.com/scholar?cites=6174415879588824974&as_sdt=2005&sciodt=1,5&hl=en"}, {"num_versions": 6, "url_citation": null, "title": "The impact of a simulation game on operations management education", "url": "http://www.sciencedirect.com/science/article/pii/S0360131511000029", "url_versions": "http://scholar.google.com/scholar?cluster=14223803809235059882&hl=en&as_sdt=1,5&sciodt=1,5&as_vis=1", "year": "2011", "excerpt": "This study presents a new simulation game and analyzes its impact on operations management education. The proposed simulation was empirically tested by comparing the number of mistakes during the first and second halves of the game. Data were gathered  ...", "url_pdf": null, "num_citations": 80, "cluster_id": "14223803809235059882", "authors": "F Pasin, H Giroux - Computers & Education", "url_citations": "http://scholar.google.com/scholar?cites=14223803809235059882&as_sdt=2005&sciodt=1,5&hl=en"}, {"num_versions": 12, "url_citation": null, "title": "Ethical issues in second life", "url": "http://www.springerlink.com/index/043482G728155X8X.pdf", "url_versions": "http://scholar.google.com/scholar?cluster=3936092248890576834&hl=en&as_sdt=1,5&sciodt=1,5&as_vis=1", "year": "2009", "excerpt": "Miss Avatar initially came into SL for a professional conference. Miss Avatar had never heard of Second Life or virtual environments, but being curious and adventurous, she virtually flew in (avatars possess the ability to fly in SL). She dutifully attended the  ...", "url_pdf": "http://www.springerlink.com/index/043482G728155X8X.pdf", "num_citations": 13, "cluster_id": "3936092248890576834", "authors": "HR Botterbusch, RS Talab - TechTrends", "url_citations": "http://scholar.google.com/scholar?cites=3936092248890576834&as_sdt=2005&sciodt=1,5&hl=en"}, {"num_versions": 2, "url_citation": null, "title": "Perceptions of the effectiveness of interactive learning environments: An empirical study", "url": "http://www.editlib.org/p/25917/", "url_versions": "http://scholar.google.com/scholar?cluster=9282445576749772555&hl=en&as_sdt=1,5&sciodt=1,5&as_vis=1", "year": "2007", "excerpt": "Abstract The effectiveness of system dynamics simulation based interactive learning environments (SDILEs) in classroom has rarely been evaluated. This article describes the construction and the integration of an interactive learning environment in two educational  ...", "url_pdf": null, "num_citations": 1, "cluster_id": "9282445576749772555", "authors": "H Qudrat-Ullah - World Conference on Educational Multimedia,  \u2026", "url_citations": "http://scholar.google.com/scholar?cites=9282445576749772555&as_sdt=2005&sciodt=1,5&hl=en"}, {"num_versions": 3, "url_citation": null, "title": "Blended learning: Issues, benefits and challenges", "url": "http://search.informit.com.au/documentSummary;dn=273763855930484;res=IELBus", "url_versions": "http://scholar.google.com/scholar?cluster=12603998257505726181&hl=en&as_sdt=1,5&sciodt=1,5&as_vis=1", "year": "2011", "excerpt": "This paper discusses the use of'blended'learning where the use of traditional lectures and tutorials is supplemented, and often replaced to some extent, by new approaches to learning such as computer and on-line simulations, and other interactive on-line packages  ...", "url_pdf": null, "num_citations": 9, "cluster_id": "12603998257505726181", "authors": "C O'Connor, D Mortimer, S Bond - International Journal of  \u2026", "url_citations": "http://scholar.google.com/scholar?cites=12603998257505726181&as_sdt=2005&sciodt=1,5&hl=en"}, {"num_versions": 7, "url_citation": null, "title": "Computer gaming and interactive simulations for learning: A meta-analysis", "url": "http://jec.sagepub.com/content/34/3/229.short", "url_versions": "http://scholar.google.com/scholar?cluster=16713948195877819589&hl=en&as_sdt=1,5&sciodt=1,5&as_vis=1", "year": "2006", "excerpt": "Abstract Substantial disagreement exists in the literature regarding which educational technology results in the highest cognitive gain for learners. In an attempt to resolve this dispute, we conducted a meta-analysis to decipher which teaching method, games and  ...", "url_pdf": null, "num_citations": 359, "cluster_id": "16713948195877819589", "authors": "JJ Vogel, DS Vogel, J Cannon-Bowers\u2026 - Journal of  \u2026", "url_citations": "http://scholar.google.com/scholar?cites=16713948195877819589&as_sdt=2005&sciodt=1,5&hl=en"}, {"num_versions": 7, "url_citation": null, "title": "Designing a web-driven retail marketing simulation", "url": "http://www.tandfonline.com/doi/abs/10.1362/026725705774538435", "url_versions": "http://scholar.google.com/scholar?cluster=501181368656143199&hl=en&as_sdt=1,5&sciodt=1,5&as_vis=1", "year": "2005", "excerpt": "This paper examines the benefits of adopting an experiential and integrated approach to marketing education on a first year undergraduate programme through the development of a simulation. It is demonstrated that embedding the simulation in the learning process and  ...", "url_pdf": null, "num_citations": 7, "cluster_id": "501181368656143199", "authors": "J Pal, M Stubbs, A Lee - Journal of marketing management", "url_citations": "http://scholar.google.com/scholar?cites=501181368656143199&as_sdt=2005&sciodt=1,5&hl=en"}, {"num_versions": 2, "url_citation": null, "title": "Alternatives to'Chalk and Talk': Active Vs. Passive Learning-A Literature Review of the Debate", "url": "http://papers.ssrn.com/sol3/papers.cfm?abstract_id=977283", "url_versions": "http://scholar.google.com/scholar?cluster=5488097278373481651&hl=en&as_sdt=1,5&sciodt=1,5&as_vis=1", "year": "2006", "excerpt": "Abstract: In this paper we review the literature about the use of the lecture teaching method and its alternatives in Economics, Finance, Accounting, and Business studies, and compare and contrast the findings upon specifically formulated hypotheses. The enrichment of  ...", "url_pdf": null, "num_citations": 4, "cluster_id": "5488097278373481651", "authors": "C Siriopoulos, GA Pomonis - \u2026  Learning-A Literature Review of the  \u2026", "url_citations": "http://scholar.google.com/scholar?cites=5488097278373481651&as_sdt=2005&sciodt=1,5&hl=en"}, {"num_versions": 5, "url_citation": null, "title": "Developing managerial effectiveness: assessing and comparing the impact of development programmes using a management simulation or a management game", "url": "http://scholar.google.com/https://absel-ojs-ttu.tdl.org/absel/index.php/absel/article/view/576", "url_versions": "http://scholar.google.com/scholar?cluster=11463199364070170033&hl=en&as_sdt=1,5&sciodt=1,5&as_vis=1", "year": "2014", "excerpt": "Abstract\" This research evaluates the effectiveness of using a management simulation, a management game or case studies within a strategic management training programme. The literature suggests that there is anecdotal evidence that both simulations and games  ...", "url_pdf": null, "num_citations": 19, "cluster_id": "11463199364070170033", "authors": "J Kenworthy, A Wong - Developments in Business Simulation  \u2026", "url_citations": "http://scholar.google.com/scholar?cites=11463199364070170033&as_sdt=2005&sciodt=1,5&hl=en"}, {"num_versions": 6, "url_citation": null, "title": "Learning to make more effective decisions: changing beliefs as a prelude to action", "url": "http://www.emeraldinsight.com/doi/pdf/10.1108/09696470410521583", "url_versions": "http://scholar.google.com/scholar?cluster=15560165487432679293&hl=en&as_sdt=1,5&sciodt=1,5&as_vis=1", "year": "2004", "excerpt": "Decision-makers in organizations often make what appear as being intuitively obviously and reasonable decisions, which often turn out to yield unintended outcomes. The cause of such ineffective decisions can be a combination of cognitive biases, poor mental models of  ...", "url_pdf": null, "num_citations": 32, "cluster_id": "15560165487432679293", "authors": "S Friedman - The Learning Organization", "url_citations": "http://scholar.google.com/scholar?cites=15560165487432679293&as_sdt=2005&sciodt=1,5&hl=en"}, {"num_versions": 4, "url_citation": null, "title": "Teaching New Product Development Using the 'CityCar'Simulation", "url": "http://onlinelibrary.wiley.com/doi/10.1111/j.1467-8691.2009.00527.x/full", "url_versions": "http://scholar.google.com/scholar?cluster=15797558393577692985&hl=en&as_sdt=1,5&sciodt=1,5&as_vis=1", "year": "2009", "excerpt": "Innovation management is an important subject which needs to be taught effectively in business schools and on engineering degrees. One of the key topics\u2013new product development (NPD)\u2013is complex and is challenging to teach. Management simulations are  ...", "url_pdf": null, "num_citations": 5, "cluster_id": "15797558393577692985", "authors": "A Cousens, K Goffin, R Mitchell\u2026 - Creativity and  \u2026", "url_citations": "http://scholar.google.com/scholar?cites=15797558393577692985&as_sdt=2005&sciodt=1,5&hl=en"}, {"num_versions": 3, "url_citation": null, "title": "Model-based learning with system dynamics", "url": "http://link.springer.com/content/pdf/10.1007/978-1-4419-1428-6_909.pdf", "url_versions": "http://scholar.google.com/scholar?cluster=15506729382295156629&hl=en&as_sdt=1,5&sciodt=1,5&as_vis=1", "year": "2012", "excerpt": "Elaborated originally in the study of primates, the \u201cMachiavellian intelligence hypothesis\u201d(Byrne and Whiten 1988, 1997) is that the large brains of humans grew over the millennia because of intense social competition for reproduction. Competitors evolved  ...", "url_pdf": "http://link.springer.com/content/pdf/10.1007/978-1-4419-1428-6_909.pdf", "num_citations": 4, "cluster_id": "15506729382295156629", "authors": "SN Gr\u00f6sser - Encyclopedia of the Sciences of Learning", "url_citations": "http://scholar.google.com/scholar?cites=15506729382295156629&as_sdt=2005&sciodt=1,5&hl=en"}, {"num_versions": 5, "url_citation": null, "title": "Development of Management Policies for an Environmental Contingency Allowance: Facilitating the Understanding of Complexity and Uncertainty", "url": "http://www.tandfonline.com/doi/abs/10.1080/14486563.2005.9725092", "url_versions": "http://scholar.google.com/scholar?cluster=14732402964675508506&hl=en&as_sdt=1,5&sciodt=1,5&as_vis=1", "year": "2005", "excerpt": "The management of environmental water resources continues to be a highly complex and uncertain field of natural resource management. As a result, there may be significant gaps in shared understanding of issues that are critical to decision-making. This article reports on  ...", "url_pdf": null, "num_citations": 4, "cluster_id": "14732402964675508506", "authors": "M Evans, J Wolfenden - Australasian Journal of Environmental  \u2026", "url_citations": "http://scholar.google.com/scholar?cites=14732402964675508506&as_sdt=2005&sciodt=1,5&hl=en"}, {"num_versions": 4, "url_citation": null, "title": "\u30d0\u30e9\u30f3\u30b9\u30c8\u30fb\u30b9\u30b3\u30a2\u30ab\u30fc\u30c9\u3068\u30de\u30a4\u30af\u30ed\u30ef\u30fc\u30eb\u30c9\u306b\u3088\u308b\u7d4c\u55b6\u6559\u80b2", "url": "http://sucra.saitama-u.ac.jp/modules/xoonips/download.php?id=BKS0000025", "url_versions": "http://scholar.google.com/scholar?cluster=18108170478247226298&hl=en&as_sdt=1,5&sciodt=1,5&as_vis=1", "year": "2003", "excerpt": "Abstract In this paper the concepts and characteristics of the balanced scorecard (BSC) developed by Kaplan-Norton are first discussed. Microworlds are confirmed to be useful tools for management education with the BSC. Microworlds mean management simulation  ...", "url_pdf": null, "num_citations": 1, "cluster_id": "18108170478247226298", "authors": "\u5bcc\u7530\u8f1d\u535a - \u60c5\u5831\u7814\u7a76 (Information and Communication Studies \u2026", "url_citations": "http://scholar.google.com/scholar?cites=18108170478247226298&as_sdt=2005&sciodt=1,5&hl=en"}, {"num_versions": 5, "url_citation": null, "title": "Using virtual reality with and without gaming attributes for academic achievement", "url": "http://www.tandfonline.com/doi/abs/10.1080/15391523.2006.10782475", "url_versions": "http://scholar.google.com/scholar?cluster=968122542105125878&hl=en&as_sdt=1,5&sciodt=1,5&as_vis=1", "year": "2006", "excerpt": "Abstract A subcategory of computer-assisted instruction (CAI), games have additional attributes such as motivation, reward, interactivity, score, and challenge. This study used a quasi-experimental design to determine if previous findings generalize to non simulation- ...", "url_pdf": null, "num_citations": 58, "cluster_id": "968122542105125878", "authors": "JJ Vogel, A Greenwood-Ericksen\u2026 - Journal of Research  \u2026", "url_citations": "http://scholar.google.com/scholar?cites=968122542105125878&as_sdt=2005&sciodt=1,5&hl=en"}, {"num_versions": 3, "url_citation": null, "title": "Student perceptions of the effectiveness of system dynamics-based interactive learning environments: a case study", "url": "http://citeseerx.ist.psu.edu/viewdoc/download?doi=10.1.1.373.1134&rep=rep1&type=pdf", "url_versions": "http://scholar.google.com/scholar?cluster=288257033674220404&hl=en&as_sdt=1,5&sciodt=1,5&as_vis=1", "year": "2008", "excerpt": "Abstract: The aim of this article are (i) to describe the construction and the integration of an interactive learning environment in two educational settings, and (ii) to explore how undergraduate business students perceive SDILEs and SDILEs-based course approach.  ...", "url_pdf": null, "num_citations": 1, "cluster_id": "288257033674220404", "authors": "H Qudrat-Ullah - Proceeding from the 16th International Conference on  \u2026", "url_citations": "http://scholar.google.com/scholar?cites=288257033674220404&as_sdt=2005&sciodt=1,5&hl=en"}]