[{"num_versions": 16, "url_citation": null, "title": "Organs-on-a-chip: a focus on compartmentalized microdevices", "url": "http://link.springer.com/article/10.1007/s10439-011-0455-6", "url_versions": "http://scholar.google.com/scholar?cluster=14393657751466491344&hl=en&as_sdt=1,5&sciodt=1,5&as_vis=1", "year": "2012", "excerpt": "Abstract Advances in microengineering technologies have enabled a variety of insights into biomedical sciences that would not have been possible with conventional techniques. Engineering microenvironments that simulate in vivo organ systems may provide critical  ...", "url_pdf": null, "num_citations": 67, "cluster_id": "14393657751466491344", "authors": "C Moraes, G Mehta, SC Lesher-Perez\u2026 - Annals of biomedical  \u2026", "url_citations": "http://scholar.google.com/scholar?cites=14393657751466491344&as_sdt=2005&sciodt=1,5&hl=en"}, {"num_versions": 2, "url_citation": null, "title": "Learning computer ethics and social responsibility with tabletop role-playing games", "url": "http://www.emeraldinsight.com/doi/pdf/10.1108/JICES-09-2013-0038", "url_versions": "http://scholar.google.com/scholar?cluster=5247361656026811330&hl=en&as_sdt=1,5&sciodt=1,5&as_vis=1", "year": "2014", "excerpt": "Purpose\u2013Tabletop online role-playing games enable active learning appropriate for different ages and learner capabilities. They have also been implemented in computer and engineering ethics courses. The paper aims to discuss these issues. Design/methodology/ ...", "url_pdf": null, "num_citations": 0, "cluster_id": null, "authors": "K Zdravkova - \u2026  of Information, Communication and Ethics in  \u2026", "url_citations": null}]