[{"num_versions": 13, "url_citation": null, "title": "Students' and teachers' perceptions of clinical assessment program: A qualitative study in a PBL curriculum", "url": "http://www.biomedcentral.com/1756-0500/2/263/", "url_versions": "http://scholar.google.com/scholar?cluster=14561093253021787081&hl=en&as_sdt=1,5&sciodt=1,5&as_vis=1", "year": "2009", "excerpt": "Background\" Examinations drive students' learning.\" This statement refers to what is assumed to be one of the strongest relationships in education. We explored in this research how and why students differ in their approaches to learning, how assessment affects deep  ...", "url_pdf": null, "num_citations": 23, "cluster_id": "14561093253021787081", "authors": "HMF Al Kadri, MS Al-Moamary\u2026 - BMC research  \u2026", "url_citations": "http://scholar.google.com/scholar?cites=14561093253021787081&as_sdt=2005&sciodt=1,5&hl=en"}, {"num_versions": 2, "url_citation": null, "title": "Evaluaci\u00f3n del objeto virtual de aprendizaje \u201cRaciocinio diagn\u00f3stico en enfermer\u00eda aplicado al prematuro\u201d", "url": "http://www.scielo.br/pdf/rlae/v19n4/es_07.pdf", "url_versions": "http://scholar.google.com/scholar?cluster=12122890553569237894&hl=en&as_sdt=1,5&sciodt=1,5&as_vis=1", "year": "2011", "excerpt": "Vislumbrando o potencial de uso da inform\u00e1tica, na forma\u00e7\u00e3o e educa\u00e7\u00e3o permanente em enfermagem, realizou-se o presente estudo com o objetivo de avaliar objeto virtual de aprendizagem racioc\u00ednio diagn\u00f3stico em enfermagem aplicado ao prematuro, em  ...", "url_pdf": "http://www.scielo.br/pdf/rlae/v19n4/es_07.pdf", "num_citations": 0, "cluster_id": null, "authors": "FSN de G\u00f3es, LMM Fonseca, MC de Carvalho Furtado\u2026 -", "url_citations": null}, {"num_versions": 4, "url_citation": null, "title": "Developing an e-learning resource in clinical risk assessment: Staff in a specialist addictions service taking part in an online training pilot found the resource easy to  \u2026", "url": "http://journals.rcni.com/doi/abs/10.7748/nm2012.09.19.5.26.c9262?url_ver=Z39.88-2003&rfr_id=ori:rid:crossref.org&rfr_dat=cr_pub%3Dpubmed", "url_versions": "http://scholar.google.com/scholar?cluster=10581294055079450060&hl=en&as_sdt=1,5&sciodt=1,5&as_vis=1", "year": "2012", "excerpt": "This article describes a project in which computer-centred technology was used to deliver clinical risk assessment training to staff in a specialist addictions unit. The difficulty in releasing staff from already stretched services led to the development of an in-house e- ...", "url_pdf": null, "num_citations": 1, "cluster_id": "10581294055079450060", "authors": "L Saunder - Nursing Management", "url_citations": "http://scholar.google.com/scholar?cites=10581294055079450060&as_sdt=2005&sciodt=1,5&hl=en"}, {"num_versions": 4, "url_citation": null, "title": "Development of web-based multimedia contents for the critical care practice of nursing students through inter-college collaboration", "url": "http://www.koreascience.or.kr/article/ArticleFullRecord.jsp?cn=SOKHBY_2008_v20n5_778", "url_versions": "http://scholar.google.com/scholar?cluster=434566106929349905&hl=en&as_sdt=1,5&sciodt=1,5&as_vis=1", "year": "2008", "excerpt": "Purpose: This study was conducted to develop Web-based multimedia contents for supporting student nurses' clinical practice on critical care, and to evaluate learners' responses. Methods: Based on the steps of Assessment, Design, Development,  ...", "url_pdf": null, "num_citations": 2, "cluster_id": "434566106929349905", "authors": "HS So, YS Bae, YO Kim, SM Kim\u2026 - Korean Journal of  \u2026", "url_citations": "http://scholar.google.com/scholar?cites=434566106929349905&as_sdt=2005&sciodt=1,5&hl=en"}, {"num_versions": 0, "url_citation": null, "title": "Medulator Comparison of Methods Study (MedCoMS)", "url": "http://www.medantic.com/welcome/html/MedCoMS_summary.pdf", "url_versions": null, "year": "2005", "excerpt": "BACKGROUND E-Learning has been shown to compare favorably to traditional teaching methods as measured by standard achievement tests and learner satisfaction.(1, 2, 3, 28) And though there is a paucity of such studies demonstrating that the increased knowledge  ...", "url_pdf": "http://www.medantic.com/welcome/html/MedCoMS_summary.pdf", "num_citations": 1, "cluster_id": "5645618620087543419", "authors": "G Thompson - MD Informatics, LLC. Retrieved September", "url_citations": "http://scholar.google.com/scholar?cites=5645618620087543419&as_sdt=2005&sciodt=1,5&hl=en"}, {"num_versions": 4, "url_citation": null, "title": "Development and Validation of an Online Interactive, Multimedia Wound Care Algorithms Program", "url": "http://journals.lww.com/jwocnonline/Abstract/2012/01000/Development_and_Validation_of_an_Online.5.aspx", "url_versions": "http://scholar.google.com/scholar?cluster=16918228195633131020&hl=en&as_sdt=1,5&sciodt=1,5&as_vis=1", "year": "2012", "excerpt": "PURPOSE: To provide education based on evidence-based and validated wound care algorithms we designed and implemented an interactive, Web-based learning program for teaching wound care. DESIGN: A mixed methods quantitative pilot study design with  ...", "url_pdf": null, "num_citations": 3, "cluster_id": "16918228195633131020", "authors": "JM Beitz, L Van Rijswijk - Journal of Wound Ostomy & Continence  \u2026", "url_citations": "http://scholar.google.com/scholar?cites=16918228195633131020&as_sdt=2005&sciodt=1,5&hl=en"}, {"num_versions": 6, "url_citation": null, "title": "The development of a computer based learning (CBL) program in diabetes management.", "url": "http://europepmc.org/abstract/med/17128851", "url_versions": "http://scholar.google.com/scholar?cluster=15104055773899162848&hl=en&as_sdt=1,5&sciodt=1,5&as_vis=1", "year": "2006", "excerpt": "OBJECTIVE: To develop a computer based learning (CBL) program in diabetes management for health care providers and academic staff MATERIAL AND METHOD: A CBL program was developed using\" Authorware Professional ver. 6. 0\" software. Content  ...", "url_pdf": null, "num_citations": 8, "cluster_id": "15104055773899162848", "authors": "A Chaikoolvatana, P Haddawy - Journal of the Medical Association  \u2026", "url_citations": "http://scholar.google.com/scholar?cites=15104055773899162848&as_sdt=2005&sciodt=1,5&hl=en"}, {"num_versions": 6, "url_citation": null, "title": "Evaluation of the virtual learning object\" Diagnostic reasoning in nursing applied to preterm newborns\"", "url": "http://www.scielo.br/scielo.php?pid=S0104-11692011000400007&script=sci_arttext", "url_versions": "http://scholar.google.com/scholar?cluster=16503663846001356031&hl=en&as_sdt=1,5&sciodt=1,5&as_vis=1", "year": "2011", "excerpt": "ABSTRACT The potential use of computer technology in teaching and continuous education for nursing motivated the development of this study to evaluate the virtual learning object,\" Diagnostic Reasoning in Nursing Applied to Preterm Newborns\" at an intermediate  ...", "url_pdf": null, "num_citations": 15, "cluster_id": "16503663846001356031", "authors": "FSN G\u00f3es, LMM Fonseca, MCC Furtado\u2026 - \u2026  latino-americana de  \u2026", "url_citations": "http://scholar.google.com/scholar?cites=16503663846001356031&as_sdt=2005&sciodt=1,5&hl=en"}, {"num_versions": 9, "url_citation": null, "title": "Taking the patient to the classroom: Applying theoretical frameworks to simulation in nursing education", "url": "http://www.degruyter.com/view/j/ijnes.2007.4.1/ijnes.2007.4.1.1317/ijnes.2007.4.1.1317.xml", "url_versions": "http://scholar.google.com/scholar?cluster=12031110188432914136&hl=en&as_sdt=1,5&sciodt=1,5&as_vis=1", "year": "2007", "excerpt": "Abstract Upon completion of their education, nursing students are expected to practice safely and competently. Societal changes and revisions to nursing education have altered the way nursing students learn to competently care for patients. Increasingly, simulation  ...", "url_pdf": null, "num_citations": 123, "cluster_id": "12031110188432914136", "authors": "MH Waldner, JK Olson - International Journal of Nursing Education  \u2026", "url_citations": "http://scholar.google.com/scholar?cites=12031110188432914136&as_sdt=2005&sciodt=1,5&hl=en"}, {"num_versions": 2, "url_citation": null, "title": "\ub300\ud559 \uac04 \ud1b5\ud569 \uc6f9\uae30\ubc18 \uc911\ud658\uc790\uac04\ud638\uc2e4\uc2b5 \ucf58\ud150\uce20 \uac1c\ubc1c \ubc0f \uc801\uc6a9", "url": "http://dev02.dbpia.co.kr/1/54/80/1548029.pdf?article=1548029", "url_versions": "http://scholar.google.com/scholar?cluster=14487036014304170586&hl=en&as_sdt=1,5&sciodt=1,5&as_vis=1", "year": "2008", "excerpt": "Purpose: This study was conducted to develop Web-based multimedia contents for supporting student nurses' clinical practice on critical care, and to evaluate learners' responses. Methods: Based on the steps of Assessment, Design, Development,  ...", "url_pdf": null, "num_citations": 8, "cluster_id": "14487036014304170586", "authors": "\uc18c\ud5a5\uc219\uff0c \ubc30\uc601\uc219\uff0c \uae40\uc601\uc625\uff0c \uae40\uc218\ubbf8\uff0c \uac15\ud76c\uc601\u2026 - \uc131\uc778\uac04\ud638 \u2026", "url_citations": "http://scholar.google.com/scholar?cites=14487036014304170586&as_sdt=2005&sciodt=1,5&hl=en"}, {"num_versions": 4, "url_citation": null, "title": "An organizing framework for nursing informatics research", "url": "http://journals.lww.com/cinjournal/Abstract/2003/11000/An_Organizing_Framework_for_Nursing_Informatics.10.aspx", "url_versions": "http://scholar.google.com/scholar?cluster=1685864879182277577&hl=en&as_sdt=1,5&sciodt=1,5&as_vis=1", "year": "2003", "excerpt": "Abstract Because nursing informatics is a young specialty, perhaps it is not surprising that much of the research done to date has been problem-driven, as opposed to model-driven. Continuing to struggle with definitions, nursing informatics lacks a theoretical base on  ...", "url_pdf": null, "num_citations": 43, "cluster_id": "1685864879182277577", "authors": "JA Effken - Computers Informatics Nursing", "url_citations": "http://scholar.google.com/scholar?cites=1685864879182277577&as_sdt=2005&sciodt=1,5&hl=en"}, {"num_versions": 3, "url_citation": null, "title": "Internet teaching methods for use in baccalaureate nursing education", "url": "http://journals.lww.com/cinjournal/Abstract/2004/05000/Internet_Teaching_Methods_for_Use_in_Baccalaureate.7.aspx", "url_versions": "http://scholar.google.com/scholar?cluster=776600061895700422&hl=en&as_sdt=1,5&sciodt=1,5&as_vis=1", "year": "2004", "excerpt": "Abstract The advent of technology has had a profound influence on nursing education. As an example, use of the Internet is continually gaining importance. The Internet allows students to learn in a classroom, via distance education, or at home. Many nurse  ...", "url_pdf": null, "num_citations": 49, "cluster_id": "776600061895700422", "authors": "AJ Chaffin, CD MADDUX - Computers Informatics Nursing", "url_citations": "http://scholar.google.com/scholar?cites=776600061895700422&as_sdt=2005&sciodt=1,5&hl=en"}, {"num_versions": 3, "url_citation": null, "title": "Simulation as a strategy to teach clinical pediatrics within a nursing curriculum", "url": "http://www.sciencedirect.com/science/article/pii/S1876139908000121", "url_versions": "http://scholar.google.com/scholar?cluster=16810172151261056464&hl=en&as_sdt=1,5&sciodt=1,5&as_vis=1", "year": "2008", "excerpt": "BACKGROUND: This article describes an exploratory study of communication, collaboration, confidence, learning opportunity, and error recognition in a sample of second-semester, Junior-level baccalaureate nursing students in their pediatric rotation. METHODS: Forty- ...", "url_pdf": null, "num_citations": 22, "cluster_id": "16810172151261056464", "authors": "J Lambton, SP O'Neill, T Dudum - Clinical Simulation in Nursing", "url_citations": "http://scholar.google.com/scholar?cites=16810172151261056464&as_sdt=2005&sciodt=1,5&hl=en"}, {"num_versions": 5, "url_citation": null, "title": "Avalia\u00e7\u00e3o do objeto virtual de aprendizagem \u201cRacioc\u00ednio diagn\u00f3stico em enfermagem aplicado ao prematuro\u201d", "url": "http://www.scielo.br/pdf/rlae/v19n4/pt_07", "url_versions": "http://scholar.google.com/scholar?cluster=6003010432780247298&hl=en&as_sdt=1,5&sciodt=1,5&as_vis=1", "year": "2011", "excerpt": "Vislumbrando o potencial de uso da inform\u00e1tica, na forma\u00e7\u00e3o e educa\u00e7\u00e3o permanente em enfermagem, realizou-se o presente estudo com o objetivo de avaliar objeto virtual de aprendizagem racioc\u00ednio diagn\u00f3stico em enfermagem aplicado ao prematuro, em  ...", "url_pdf": null, "num_citations": 9, "cluster_id": "6003010432780247298", "authors": "FSN G\u00f3es, LMM Fonseca, MCC Furtado\u2026 - Rev. Latino-Am.  \u2026", "url_citations": "http://scholar.google.com/scholar?cites=6003010432780247298&as_sdt=2005&sciodt=1,5&hl=en"}]