[{"num_versions": 3, "url_citation": null, "title": "Hierarchical cascade of classifiers for efficient poselet evaluation", "url": "http://www.bmva.org/bmvc/2014/files/paper096.pdf", "url_versions": "http://scholar.google.com/scholar?cluster=13199226797757857891&hl=en&as_sdt=1,5&sciodt=1,5&as_vis=1", "year": "2014", "excerpt": "Abstract Poselets have been used in a variety of computer vision tasks, such as detection, segmentation, action classification, pose estimation and action recognition, often achieving state-of-the-art performance. Poselet evaluation, however, is computationally intensive as  ...", "url_pdf": "http://www.bmva.org/bmvc/2014/files/paper096.pdf", "num_citations": 1, "cluster_id": "13199226797757857891", "authors": "B Chen, P Perona, L Bourdev - Proceedings of the British Machine Vision  \u2026", "url_citations": "http://scholar.google.com/scholar?cites=13199226797757857891&as_sdt=2005&sciodt=1,5&hl=en"}, {"num_versions": 3, "url_citation": null, "title": "Fashion Apparel Detection: The Role of Deep Convolutional Neural Network and Pose-dependent Priors", "url": "http://arxiv.org/abs/1411.5319", "url_versions": "http://scholar.google.com/scholar?cluster=2910354914828579499&hl=en&as_sdt=1,5&sciodt=1,5&as_vis=1", "year": "2014", "excerpt": "Abstract: In this work, we propose and address a new computer vision task, which we call fashion item detection, where the aim is to detect various fashion items a person in the image is wearing or carrying. The types of fashion items we consider in this work include  ...", "url_pdf": null, "num_citations": 2, "cluster_id": "2910354914828579499", "authors": "K Hara, V Jagadeesh, R Piramuthu - arXiv preprint arXiv:1411.5319", "url_citations": "http://scholar.google.com/scholar?cites=2910354914828579499&as_sdt=2005&sciodt=1,5&hl=en"}, {"num_versions": 4, "url_citation": null, "title": "Deep Learning Face Attributes in the Wild", "url": "http://arxiv.org/abs/1411.7766", "url_versions": "http://scholar.google.com/scholar?cluster=14402655430399485587&hl=en&as_sdt=1,5&sciodt=1,5&as_vis=1", "year": "2014", "excerpt": "Abstract: Predicting face attributes from web images is challenging due to background clutters and face variations. A novel deep learning framework is proposed for face attribute prediction in the wild. It cascades two CNNs (LNet and ANet) for face localization and  ...", "url_pdf": null, "num_citations": 1, "cluster_id": "14402655430399485587", "authors": "Z Liu, P Luo, X Wang, X Tang - arXiv preprint arXiv:1411.7766", "url_citations": "http://scholar.google.com/scholar?cites=14402655430399485587&as_sdt=2005&sciodt=1,5&hl=en"}, {"num_versions": 7, "url_citation": null, "title": "Visual Turing test for computer vision systems", "url": "http://www.pnas.org/content/112/12/3618.short", "url_versions": "http://scholar.google.com/scholar?cluster=17479308807682331866&hl=en&as_sdt=1,5&sciodt=1,5&as_vis=1", "year": "2015", "excerpt": "Abstract Today, computer vision systems are tested by their accuracy in detecting and localizing instances of objects. As an alternative, and motivated by the ability of humans to provide far richer descriptions and even tell a story about an image, we construct a \u201cvisual  ...", "url_pdf": null, "num_citations": 14, "cluster_id": "17479308807682331866", "authors": "D Geman, S Geman, N Hallonquist\u2026 - Proceedings of the  \u2026", "url_citations": "http://scholar.google.com/scholar?cites=17479308807682331866&as_sdt=2005&sciodt=1,5&hl=en"}, {"num_versions": 6, "url_citation": null, "title": "Part Detector Discovery in Deep Convolutional Neural Networks", "url": "http://link.springer.com/chapter/10.1007/978-3-319-16808-1_12", "url_versions": "http://scholar.google.com/scholar?cluster=7236655810647010479&hl=en&as_sdt=1,5&sciodt=1,5&as_vis=1", "year": "2014", "excerpt": "Abstract Current fine-grained classification approaches often rely on a robust localization of object parts to extract localized feature representations suitable for discrimination. However, part localization is a challenging task due to the large variation of appearance and pose.  ...", "url_pdf": null, "num_citations": 4, "cluster_id": "7236655810647010479", "authors": "M Simon, E Rodner, J Denzler - Computer Vision--ACCV", "url_citations": "http://scholar.google.com/scholar?cites=7236655810647010479&as_sdt=2005&sciodt=1,5&hl=en"}, {"num_versions": 7, "url_citation": null, "title": "Deeply learned face representations are sparse, selective, and robust", "url": "http://arxiv.org/abs/1412.1265", "url_versions": "http://scholar.google.com/scholar?cluster=2636255252425486233&hl=en&as_sdt=1,5&sciodt=1,5&as_vis=1", "year": "2014", "excerpt": "Abstract: This paper designs a high-performance deep convolutional network (DeepID2+) for face recognition. It is learned with the identification-verification supervisory signal. By increasing the dimension of hidden representations and adding supervision to early  ...", "url_pdf": null, "num_citations": 12, "cluster_id": "2636255252425486233", "authors": "Y Sun, X Wang, X Tang - arXiv preprint arXiv:1412.1265", "url_citations": "http://scholar.google.com/scholar?cites=2636255252425486233&as_sdt=2005&sciodt=1,5&hl=en"}, {"num_versions": 6, "url_citation": null, "title": "Deformable part models are convolutional neural networks", "url": "http://arxiv.org/abs/1409.5403", "url_versions": "http://scholar.google.com/scholar?cluster=8774363972263802138&hl=en&as_sdt=1,5&sciodt=1,5&as_vis=1", "year": "2014", "excerpt": "Abstract: Deformable part models (DPMs) and convolutional neural networks (CNNs) are two widely used tools for visual recognition. They are typically viewed as distinct approaches: DPMs are graphical models (Markov random fields), while CNNs are\" black- ...", "url_pdf": null, "num_citations": 16, "cluster_id": "8774363972263802138", "authors": "R Girshick, F Iandola, T Darrell, J Malik - arXiv preprint arXiv:1409.5403", "url_citations": "http://scholar.google.com/scholar?cites=8774363972263802138&as_sdt=2005&sciodt=1,5&hl=en"}, {"num_versions": 3, "url_citation": null, "title": "Deep Domain Adaptation for Describing People Based on Fine-Grained Clothing Attributes", "url": "http://www.cv-foundation.org/openaccess/content_cvpr_2015/app/3B_095.pdf", "url_versions": "http://scholar.google.com/scholar?cluster=15119993148313317568&hl=en&as_sdt=1,5&sciodt=1,5&as_vis=1", "year": "2015", "excerpt": "Abstract We address the problem of describing people based on fine-grained clothing attributes. This is an important problem for many practical applications, such as identifying target suspects or finding missing people based on detailed clothing descriptions in  ...", "url_pdf": "http://www.cv-foundation.org/openaccess/content_cvpr_2015/app/3B_095.pdf", "num_citations": 2, "cluster_id": "15119993148313317568", "authors": "Q Chen, J Huang, R Feris, LM Brown\u2026 - Proceedings of the  \u2026", "url_citations": "http://scholar.google.com/scholar?cites=15119993148313317568&as_sdt=2005&sciodt=1,5&hl=en"}, {"num_versions": 3, "url_citation": null, "title": "Integrating Parametric and Non-parametric Models For Scene Labeling", "url": "http://www.ntu.edu.sg/home/wanggang/ShuaiCVPR2015.pdf", "url_versions": "http://scholar.google.com/scholar?cluster=14723626341781260684&hl=en&as_sdt=1,5&sciodt=1,5&as_vis=1", "year": "2015", "excerpt": "Abstract We adopt Convolutional Neural Networks (CNN) as our parametric model to learn discriminative features and classifier for local patch classification. As visual similar pixels are indistinguishable from limited context, we eliminate such ambiguity by introducing a global  ...", "url_pdf": "http://www.ntu.edu.sg/home/wanggang/ShuaiCVPR2015.pdf", "num_citations": 3, "cluster_id": "14723626341781260684", "authors": "B Shuai, G Wang, Z Zuo, B Wang, L Zhao - CRF", "url_citations": "http://scholar.google.com/scholar?cites=14723626341781260684&as_sdt=2005&sciodt=1,5&hl=en"}, {"num_versions": 0, "url_citation": null, "title": "Deep semantic pyramids for human attributes and action recognition", "url": "http://link.springer.com/chapter/10.1007/978-3-319-19665-7_28", "url_versions": null, "year": "2015", "excerpt": "Abstract Describing persons and their actions is a challenging problem due to variations in pose, scale and viewpoint in real-world images. Recently, semantic pyramids approach 1 for pose normalization has shown to provide excellent results for gender and action  ...", "url_pdf": null, "num_citations": 1, "cluster_id": "15360805280146861506", "authors": "FS Khan, RM Anwer, J van de Weijer, M Felsberg\u2026 - Image Analysis", "url_citations": "http://scholar.google.com/scholar?cites=15360805280146861506&as_sdt=2005&sciodt=1,5&hl=en"}, {"num_versions": 8, "url_citation": null, "title": "Caffe: Convolutional architecture for fast feature embedding", "url": "http://dl.acm.org/citation.cfm?id=2654889", "url_versions": "http://scholar.google.com/scholar?cluster=1739257544589912763&hl=en&as_sdt=1,5&sciodt=1,5&as_vis=1", "year": "2014", "excerpt": "Abstract Caffe provides multimedia scientists and practitioners with a clean and modifiable framework for state-of-the-art deep learning algorithms and a collection of reference models. The framework is a BSD-licensed C++ library with Python and MATLAB bindings for  ...", "url_pdf": null, "num_citations": 384, "cluster_id": "1739257544589912763", "authors": "Y Jia, E Shelhamer, J Donahue, S Karayev\u2026 - Proceedings of the  \u2026", "url_citations": "http://scholar.google.com/scholar?cites=1739257544589912763&as_sdt=2005&sciodt=1,5&hl=en"}, {"num_versions": 2, "url_citation": null, "title": "Fisher kernel for deep neural activations", "url": "http://arxiv.org/abs/1412.1628", "url_versions": "http://scholar.google.com/scholar?cluster=647015071452369823&hl=en&as_sdt=1,5&sciodt=1,5&as_vis=1", "year": "2014", "excerpt": "Abstract: Compared to image representation based on low-level local descriptors, deep neural activations of Convolutional Neural Networks (CNNs) are richer in mid-level representation, but poorer in geometric invariance properties. In this paper, we present a  ...", "url_pdf": null, "num_citations": 5, "cluster_id": "647015071452369823", "authors": "D Yoo, S Park, JY Lee, IS Kweon - arXiv preprint arXiv:1412.1628", "url_citations": "http://scholar.google.com/scholar?cites=647015071452369823&as_sdt=2005&sciodt=1,5&hl=en"}, {"num_versions": 0, "url_citation": null, "title": "Learning a Representative and Discriminative Part Model with Deep Convolutional Features for Scene Recognition", "url": "http://link.springer.com/chapter/10.1007/978-3-319-16865-4_42", "url_versions": null, "year": "2014", "excerpt": "Abstract The discovery of key and distinctive parts is critical for scene parsing and understanding. However, it is a challenging problem due to the weakly supervised condition, ie, no annotation for parts is available. To address above issues, we propose a unified  ...", "url_pdf": null, "num_citations": 0, "cluster_id": null, "authors": "B Liu, J Liu, J Wang, H Lu - Computer Vision--ACCV", "url_citations": null}, {"num_versions": 4, "url_citation": null, "title": "Energy-efficient vision on the PULP platform for ultra-low power parallel computing", "url": "http://ieeexplore.ieee.org/xpls/abs_all.jsp?arnumber=6986099", "url_versions": "http://scholar.google.com/scholar?cluster=9582033487691369151&hl=en&as_sdt=1,5&sciodt=1,5&as_vis=1", "year": "2014", "excerpt": "Abstract\u2014Many-core architectures structured as fabrics of tightly-coupled clusters have shown promising results on embedded computer vision benchmarks, providing state-of-art performance with a reduced power budget. We propose PULP (Parallel processing Ultra- ...", "url_pdf": null, "num_citations": 5, "cluster_id": "9582033487691369151", "authors": "F Conti, D Rossi, A Pullini, I Loi\u2026 - \u2026  Systems (SiPS)", "url_citations": "http://scholar.google.com/scholar?cites=9582033487691369151&as_sdt=2005&sciodt=1,5&hl=en"}, {"num_versions": 11, "url_citation": null, "title": "Spatial pyramid pooling in deep convolutional networks for visual recognition", "url": "http://link.springer.com/chapter/10.1007/978-3-319-10578-9_23", "url_versions": "http://scholar.google.com/scholar?cluster=7257947180306013591&hl=en&as_sdt=1,5&sciodt=1,5&as_vis=1", "year": "2014", "excerpt": "Abstract Existing deep convolutional neural networks (CNNs) require a fixed-size (eg 224\u00d7 224) input image. This requirement is \u201cartificial\u201d and may hurt the recognition accuracy for the images or sub-images of an arbitrary size/scale. In this work, we equip the networks  ...", "url_pdf": null, "num_citations": 117, "cluster_id": "7257947180306013591", "authors": "K He, X Zhang, S Ren, J Sun - Computer Vision\u2013ECCV", "url_citations": "http://scholar.google.com/scholar?cites=7257947180306013591&as_sdt=2005&sciodt=1,5&hl=en"}, {"num_versions": 6, "url_citation": null, "title": "Don't Just Listen, Use Your Imagination: Leveraging Visual Common Sense for Non-Visual Tasks", "url": "http://arxiv.org/abs/1502.06108", "url_versions": "http://scholar.google.com/scholar?cluster=9358643169758436915&hl=en&as_sdt=1,5&sciodt=1,5&as_vis=1", "year": "2015", "excerpt": "Abstract: Artificial agents today can answer factual questions. But they fall short on questions that require common sense reasoning. Perhaps this is because most existing common sense databases rely on text to learn and represent knowledge. But much of common  ...", "url_pdf": null, "num_citations": 4, "cluster_id": "9358643169758436915", "authors": "X Lin, D Parikh - arXiv preprint arXiv:1502.06108", "url_citations": "http://scholar.google.com/scholar?cites=9358643169758436915&as_sdt=2005&sciodt=1,5&hl=en"}, {"num_versions": 6, "url_citation": null, "title": "DeepEdge: A Multi-Scale Bifurcated Deep Network for Top-Down Contour Detection", "url": "http://arxiv.org/abs/1412.1123", "url_versions": "http://scholar.google.com/scholar?cluster=2089551699301366907&hl=en&as_sdt=1,5&sciodt=1,5&as_vis=1", "year": "2014", "excerpt": "Abstract: Contour detection has been a fundamental component in many image segmentation and object detection systems. Most previous work utilizes low-level features such as texture or saliency to detect contours and then use them as cues for a higher-level  ...", "url_pdf": null, "num_citations": 7, "cluster_id": "2089551699301366907", "authors": "G Bertasius, J Shi, L Torresani - arXiv preprint arXiv:1412.1123", "url_citations": "http://scholar.google.com/scholar?cites=2089551699301366907&as_sdt=2005&sciodt=1,5&hl=en"}, {"num_versions": 3, "url_citation": null, "title": "Towards deep neural network architectures robust to adversarial examples", "url": "http://arxiv.org/abs/1412.5068", "url_versions": "http://scholar.google.com/scholar?cluster=7272126668483974670&hl=en&as_sdt=1,5&sciodt=1,5&as_vis=1", "year": "2014", "excerpt": "Abstract: Recent work has shown deep neural networks (DNNs) to be highly susceptible to well-designed, small perturbations at the input layer, or so-called adversarial examples. Taking images as an example, such distortions are often imperceptible, but can result in  ...", "url_pdf": null, "num_citations": 7, "cluster_id": "7272126668483974670", "authors": "S Gu, L Rigazio - arXiv preprint arXiv:1412.5068", "url_citations": "http://scholar.google.com/scholar?cites=7272126668483974670&as_sdt=2005&sciodt=1,5&hl=en"}, {"num_versions": 2, "url_citation": null, "title": "Actions and attributes from wholes and parts", "url": "http://arxiv.org/abs/1412.2604", "url_versions": "http://scholar.google.com/scholar?cluster=14680517192830791832&hl=en&as_sdt=1,5&sciodt=1,5&as_vis=1", "year": "2014", "excerpt": "Abstract: We investigate the importance of parts for the tasks of action and attribute classification. We develop a part-based approach by leveraging convolutional network features inspired by recent advances in computer vision. Our part detectors are a deep  ...", "url_pdf": null, "num_citations": 2, "cluster_id": "14680517192830791832", "authors": "G Gkioxari, R Girshick, J Malik - arXiv preprint arXiv:1412.2604", "url_citations": "http://scholar.google.com/scholar?cites=14680517192830791832&as_sdt=2005&sciodt=1,5&hl=en"}, {"num_versions": 2, "url_citation": null, "title": "Multi-Scale Pyramid Pooling for Deep Convolutional Representation", "url": "http://www.cv-foundation.org/openaccess/content_cvpr_workshops_2015/W03/papers/Yoo_Multi-Scale_Pyramid_Pooling_2015_CVPR_paper.pdf", "url_versions": "http://scholar.google.com/scholar?cluster=5897358979480286206&hl=en&as_sdt=1,5&sciodt=1,5&as_vis=1", "year": "2015", "excerpt": "Abstract Compared to image representation based on low-level local descriptors, deep neural activations of Convolutional Neural Networks (CNNs) are richer in mid-level representation, but poorer in geometric invariance properties. In this paper, we present a  ...", "url_pdf": "http://www.cv-foundation.org/openaccess/content_cvpr_workshops_2015/W03/papers/Yoo_Multi-Scale_Pyramid_Pooling_2015_CVPR_paper.pdf", "num_citations": 1, "cluster_id": "5897358979480286206", "authors": "D Yoo, S Park, JY Lee, I Kweon - Proceedings of the IEEE  \u2026", "url_citations": "http://scholar.google.com/scholar?cites=5897358979480286206&as_sdt=2005&sciodt=1,5&hl=en"}, {"num_versions": 2, "url_citation": null, "title": "C3D: generic features for video analysis", "url": "http://arxiv.org/abs/1412.0767", "url_versions": "http://scholar.google.com/scholar?cluster=11185204804331957918&hl=en&as_sdt=1,5&sciodt=1,5&as_vis=1", "year": "2014", "excerpt": "Abstract: Videos have become ubiquitous due to the ease of capturing and sharing via social platforms like Youtube, Facebook, Instagram, and others. The computer vision community has tried to tackle various video analysis problems independently. As a  ...", "url_pdf": null, "num_citations": 12, "cluster_id": "11185204804331957918", "authors": "D Tran, L Bourdev, R Fergus, L Torresani\u2026 - arXiv preprint arXiv: \u2026", "url_citations": "http://scholar.google.com/scholar?cites=11185204804331957918&as_sdt=2005&sciodt=1,5&hl=en"}, {"num_versions": 0, "url_citation": null, "title": "Persistent evidence of local image properties in generic convnets", "url": "http://link.springer.com/chapter/10.1007/978-3-319-19665-7_21", "url_versions": null, "year": "2015", "excerpt": "Abstract Supervised training of a convolutional network for object classification should make explicit any information related to the class of objects and disregard any auxiliary information associated with the capture of the image or the variation within the object class. Does this  ...", "url_pdf": null, "num_citations": 2, "cluster_id": "12025080744072966336", "authors": "AS Razavian, H Azizpour, A Maki, J Sullivan, CH Ek\u2026 - Image Analysis", "url_citations": "http://scholar.google.com/scholar?cites=12025080744072966336&as_sdt=2005&sciodt=1,5&hl=en"}, {"num_versions": 5, "url_citation": null, "title": "The treasure beneath convolutional layers: Cross-convolutional-layer pooling for image classification", "url": "http://arxiv.org/abs/1411.7466", "url_versions": "http://scholar.google.com/scholar?cluster=17256385345153457665&hl=en&as_sdt=1,5&sciodt=1,5&as_vis=1", "year": "2014", "excerpt": "Abstract: A number of recent studies have shown that a Deep Convolutional Neural Network (DCNN) pretrained on a large dataset can be adopted as a universal image description which leads to astounding performance in many visual classification tasks. Most of these  ...", "url_pdf": null, "num_citations": 4, "cluster_id": "17256385345153457665", "authors": "L Liu, C Shen, A Hengel - arXiv preprint arXiv:1411.7466", "url_citations": "http://scholar.google.com/scholar?cites=17256385345153457665&as_sdt=2005&sciodt=1,5&hl=en"}, {"num_versions": 10, "url_citation": null, "title": "CNN features off-the-shelf: an astounding baseline for recognition", "url": "http://ieeexplore.ieee.org/xpls/abs_all.jsp?arnumber=6910029", "url_versions": "http://scholar.google.com/scholar?cluster=17033753497019217631&hl=en&as_sdt=1,5&sciodt=1,5&as_vis=1", "year": "2014", "excerpt": "Abstract Recent results indicate that the generic descriptors extracted from the convolutional neural networks are very powerful. This paper adds to the mounting evidence that this is indeed the case. We report on a series of experiments conducted for different recognition  ...", "url_pdf": null, "num_citations": 253, "cluster_id": "17033753497019217631", "authors": "AS Razavian, H Azizpour, J Sullivan\u2026 - Computer Vision and  \u2026", "url_citations": "http://scholar.google.com/scholar?cites=17033753497019217631&as_sdt=2005&sciodt=1,5&hl=en"}, {"num_versions": 4, "url_citation": null, "title": "Beyond Frontal Faces: Improving Person Recognition Using Multiple Cues", "url": "http://arxiv.org/abs/1501.05703", "url_versions": "http://scholar.google.com/scholar?cluster=4032136205953773331&hl=en&as_sdt=1,5&sciodt=1,5&as_vis=1", "year": "2015", "excerpt": "Abstract: We explore the task of recognizing peoples' identities in photo albums in an unconstrained setting. To facilitate this, we introduce the new People In Photo Albums (PIPA) dataset, consisting of over 60000 instances of 2000 individuals collected from  ...", "url_pdf": null, "num_citations": 1, "cluster_id": "4032136205953773331", "authors": "N Zhang, M Paluri, Y Tagiman, R Fergus\u2026 - arXiv preprint arXiv: \u2026", "url_citations": "http://scholar.google.com/scholar?cites=4032136205953773331&as_sdt=2005&sciodt=1,5&hl=en"}, {"num_versions": 4, "url_citation": null, "title": "Part-based R-CNNs for fine-grained category detection", "url": "http://link.springer.com/chapter/10.1007/978-3-319-10590-1_54", "url_versions": "http://scholar.google.com/scholar?cluster=12769648265287552825&hl=en&as_sdt=1,5&sciodt=1,5&as_vis=1", "year": "2014", "excerpt": "Abstract Semantic part localization can facilitate fine-grained categorization by explicitly isolating subtle appearance differences associated with specific object parts. Methods for pose-normalized representations have been proposed, but generally presume bounding  ...", "url_pdf": null, "num_citations": 55, "cluster_id": "12769648265287552825", "authors": "N Zhang, J Donahue, R Girshick, T Darrell - Computer Vision\u2013ECCV", "url_citations": "http://scholar.google.com/scholar?cites=12769648265287552825&as_sdt=2005&sciodt=1,5&hl=en"}, {"num_versions": 2, "url_citation": null, "title": "Learning to classify gender from four million images", "url": "http://www.sciencedirect.com/science/article/pii/S0167865515000549", "url_versions": "http://scholar.google.com/scholar?cluster=5709901266790956251&hl=en&as_sdt=1,5&sciodt=1,5&as_vis=1", "year": "2015", "excerpt": "Abstract The application of learning algorithms to big datasets has been identified for a long time as an effective way to attack important tasks in pattern recognition, but the generation of large annotated datasets has a significant cost. We present a simple and effective method  ...", "url_pdf": null, "num_citations": 4, "cluster_id": "5709901266790956251", "authors": "S Jia, N Cristianini - Pattern Recognition Letters", "url_citations": "http://scholar.google.com/scholar?cites=5709901266790956251&as_sdt=2005&sciodt=1,5&hl=en"}, {"num_versions": 0, "url_citation": null, "title": "Caffe: Convolutional Architecture for Fast Feature Embedding.", "url": "http://dl.acm.org/ft_gateway.cfm?ftid=1510335&id=2654889", "url_versions": null, "year": "2014", "excerpt": "ABSTRACT Caffe provides multimedia scientists and practitioners with a clean and modifiable framework for state-of-the-art deep learning algorithms and a collection of reference models. The framework is a BSD-licensed C++ library with Python and MATLAB  ...", "url_pdf": null, "num_citations": 86, "cluster_id": "13809727849475560145", "authors": "Y Jia, E Shelhamer, J Donahue, S Karayev, J Long\u2026 - ACM Multimedia", "url_citations": "http://scholar.google.com/scholar?cites=13809727849475560145&as_sdt=2005&sciodt=1,5&hl=en"}]