[{"num_versions": 19, "url_citation": null, "title": "Tensor deep stacking networks", "url": "http://ieeexplore.ieee.org/xpls/abs_all.jsp?arnumber=6389679", "url_versions": "http://scholar.google.com/scholar?cluster=15658651564109086508&hl=en&as_sdt=1,5&sciodt=1,5&as_vis=1", "year": "2013", "excerpt": "Abstract\u2014A novel deep architecture, the Tensor Deep Stacking Network (T-DSN), is presented. The T-DSN consists of multiple, stacked blocks, where each block contains a bilinear mapping from two hidden layers to the output layer, using a weight tensor to  ...", "url_pdf": null, "num_citations": 41, "cluster_id": "15658651564109086508", "authors": "B Hutchinson, L Deng, D Yu - Pattern Analysis and Machine  \u2026", "url_citations": "http://scholar.google.com/scholar?cites=15658651564109086508&as_sdt=2005&sciodt=1,5&hl=en"}, {"num_versions": 16, "url_citation": null, "title": "On rectified linear units for speech processing", "url": "http://ieeexplore.ieee.org/xpls/abs_all.jsp?arnumber=6638312", "url_versions": "http://scholar.google.com/scholar?cluster=3491817755087647337&hl=en&as_sdt=1,5&sciodt=1,5&as_vis=1", "year": "2013", "excerpt": "ABSTRACT Deep neural networks have recently become the gold standard for acoustic modeling in speech recognition systems. The key computational unit of a deep network is a linear projection followed by a point-wise non-linearity, which is typically a logistic function ...", "url_pdf": null, "num_citations": 103, "cluster_id": "3491817755087647337", "authors": "MD Zeiler, MA Ranzato, R Monga\u2026 - \u2026 , Speech and Signal  \u2026", "url_citations": "http://scholar.google.com/scholar?cites=3491817755087647337&as_sdt=2005&sciodt=1,5&hl=en"}, {"num_versions": 16, "url_citation": null, "title": "Deep learning and its applications to signal and information processing [exploratory dsp]", "url": "http://ieeexplore.ieee.org/xpls/abs_all.jsp?arnumber=5670617", "url_versions": "http://scholar.google.com/scholar?cluster=8204927965135636530&hl=en&as_sdt=1,5&sciodt=1,5&as_vis=1", "year": "2011", "excerpt": "IEEE SIGNAL PROCESSING MAGAZINE [146] JANUARY 2011 [exploratory DSP] continued alleviated when a reasonably efficient, unsupervised learning algorithm was introduced in 2006 by Hinton et al.[7] for a class of deep generative models that they called deep belief  ...", "url_pdf": null, "num_citations": 74, "cluster_id": "8204927965135636530", "authors": "D Yu, L Deng - Signal Processing Magazine, IEEE", "url_citations": "http://scholar.google.com/scholar?cites=8204927965135636530&as_sdt=2005&sciodt=1,5&hl=en"}, {"num_versions": 10, "url_citation": null, "title": "A deep neural network for acoustic-articulatory speech inversion", "url": "http://www.researchgate.net/profile/Korin_Richmond/publication/267781456_A_Deep_Neural_Network_for_Acoustic-Articulatory_Speech_Inversion/links/0a85e53396bb224fef000000.pdf", "url_versions": "http://scholar.google.com/scholar?cluster=1119642883054912685&hl=en&as_sdt=1,5&sciodt=1,5&as_vis=1", "year": "2011", "excerpt": "Abstract In this work, we implement a deep belief network for the acoustic-articulatory inversion mapping problem. We find that adding up to 3 hidden-layers improves inversion accuracy. We also show that this improvement is due to the higher expressive capability of  ...", "url_pdf": "http://www.researchgate.net/profile/Korin_Richmond/publication/267781456_A_Deep_Neural_Network_for_Acoustic-Articulatory_Speech_Inversion/links/0a85e53396bb224fef000000.pdf", "num_citations": 21, "cluster_id": "1119642883054912685", "authors": "B Uria, S Renals, K Richmond - NIPS", "url_citations": "http://scholar.google.com/scholar?cites=1119642883054912685&as_sdt=2005&sciodt=1,5&hl=en"}, {"num_versions": 10, "url_citation": null, "title": "Deep neural network language models", "url": "http://dl.acm.org/citation.cfm?id=2390943", "url_versions": "http://scholar.google.com/scholar?cluster=4468244189311398188&hl=en&as_sdt=1,5&sciodt=1,5&as_vis=1", "year": "2012", "excerpt": "Abstract In recent years, neural network language models (NNLMs) have shown success in both peplexity and word error rate (WER) compared to conventional n-gram language models. Most NNLMs are trained with one hidden layer. Deep neural networks (DNNs)  ...", "url_pdf": null, "num_citations": 60, "cluster_id": "4468244189311398188", "authors": "E Arisoy, TN Sainath, B Kingsbury\u2026 - Proceedings of the  \u2026", "url_citations": "http://scholar.google.com/scholar?cites=4468244189311398188&as_sdt=2005&sciodt=1,5&hl=en"}, {"num_versions": 14, "url_citation": null, "title": "Large vocabulary continuous speech recognition with context-dependent DBN-HMMs", "url": "http://ieeexplore.ieee.org/xpls/abs_all.jsp?arnumber=5947401", "url_versions": "http://scholar.google.com/scholar?cluster=9041183940158392374&hl=en&as_sdt=1,5&sciodt=1,5&as_vis=1", "year": "2011", "excerpt": "ABSTRACT The context-independent deep belief network (DBN) hidden Markov model (HMM) hybrid architecture has recently achieved promising results for phone recognition. In this work, we propose a context-dependent DBN-HMM system that dramatically  ...", "url_pdf": null, "num_citations": 73, "cluster_id": "9041183940158392374", "authors": "GE Dahl, D Yu, L Deng, A Acero - Acoustics, Speech and  \u2026", "url_citations": "http://scholar.google.com/scholar?cites=9041183940158392374&as_sdt=2005&sciodt=1,5&hl=en"}, {"num_versions": 5, "url_citation": null, "title": "Fast speaker adaptation of hybrid NN/HMM model for speech recognition based on discriminative learning of speaker code", "url": "http://ieeexplore.ieee.org/xpls/abs_all.jsp?arnumber=6639211", "url_versions": "http://scholar.google.com/scholar?cluster=592434749424056765&hl=en&as_sdt=1,5&sciodt=1,5&as_vis=1", "year": "2013", "excerpt": "ABSTRACT In this paper, we propose a new fast speaker adaptation method for the hybrid NN-HMM speech recognition model. The adaptation method depends on a joint learning of a large generic adaptation neural network for all speakers as well as multiple small  ...", "url_pdf": null, "num_citations": 52, "cluster_id": "592434749424056765", "authors": "O Abdel-Hamid, H Jiang - Acoustics, Speech and Signal  \u2026", "url_citations": "http://scholar.google.com/scholar?cites=592434749424056765&as_sdt=2005&sciodt=1,5&hl=en"}, {"num_versions": 14, "url_citation": null, "title": "Feature engineering in context-dependent deep neural networks for conversational speech transcription", "url": "http://ieeexplore.ieee.org/xpls/abs_all.jsp?arnumber=6163899", "url_versions": "http://scholar.google.com/scholar?cluster=3304895706525742312&hl=en&as_sdt=1,5&sciodt=1,5&as_vis=1", "year": "2011", "excerpt": "Deep-Neural-Network HMMs, or CD-DNN-HMMs, from a feature-engineering perspective. Recently, we had shown that for speaker-independent transcription of phone calls (NIST RT03S Fisher data), CD-DNN-HMMs reduced the word error rate by as much as one third ...", "url_pdf": null, "num_citations": 256, "cluster_id": "3304895706525742312", "authors": "F Seide, G Li, X Chen, D Yu - Automatic Speech Recognition  \u2026", "url_citations": "http://scholar.google.com/scholar?cites=3304895706525742312&as_sdt=2005&sciodt=1,5&hl=en"}, {"num_versions": 13, "url_citation": null, "title": "Deep, big, simple neural nets for handwritten digit recognition", "url": "http://www.mitpressjournals.org/doi/full/10.1162/NECO_a_00052", "url_versions": "http://scholar.google.com/scholar?cluster=13600643183134598798&hl=en&as_sdt=1,5&sciodt=1,5&as_vis=1", "year": "2010", "excerpt": "Good old online backpropagation for plain multilayer perceptrons yields a very low 0.35% error rate on the MNIST handwritten digits benchmark. All we need to achieve this best result so far are many hidden layers, many neurons per layer, numerous deformed training  ...", "url_pdf": null, "num_citations": 253, "cluster_id": "13600643183134598798", "authors": "DC Ciresan, U Meier, LM Gambardella\u2026 - Neural  \u2026", "url_citations": "http://scholar.google.com/scholar?cites=13600643183134598798&as_sdt=2005&sciodt=1,5&hl=en"}, {"num_versions": 17, "url_citation": null, "title": "Measuring the gap between HMM-based ASR and TTS", "url": "http://ieeexplore.ieee.org/xpls/abs_all.jsp?arnumber=5585692", "url_versions": "http://scholar.google.com/scholar?cluster=12359774306188810471&hl=en&as_sdt=1,5&sciodt=1,5&as_vis=1", "year": "2010", "excerpt": "Abstract\u2014The EMIME European project is conducting re-search in the development of technologies for mobile, personalized speech-to-speech translation systems. The hidden Markov model (HMM) is being used as the underlying technology in both automatic  ...", "url_pdf": null, "num_citations": 27, "cluster_id": "12359774306188810471", "authors": "J Dines, J Yamagishi, S King - Selected Topics in Signal  \u2026", "url_citations": "http://scholar.google.com/scholar?cites=12359774306188810471&as_sdt=2005&sciodt=1,5&hl=en"}, {"num_versions": 8, "url_citation": null, "title": "Analyzing Drum Patterns Using Conditional Deep Belief Networks.", "url": "http://citeseerx.ist.psu.edu/viewdoc/download?doi=10.1.1.294.1032&rep=rep1&type=pdf", "url_versions": "http://scholar.google.com/scholar?cluster=5755106401698806670&hl=en&as_sdt=1,5&sciodt=1,5&as_vis=1", "year": "2012", "excerpt": "ABSTRACT We present a system for the high-level analysis of beatsynchronous drum patterns to be used as part of a comprehensive rhythmic understanding system. We use a multilayer neural network, which is greedily pre-trained layerby-layer using restriced  ...", "url_pdf": null, "num_citations": 15, "cluster_id": "5755106401698806670", "authors": "E Battenberg, D Wessel - ISMIR", "url_citations": "http://scholar.google.com/scholar?cites=5755106401698806670&as_sdt=2005&sciodt=1,5&hl=en"}, {"num_versions": 22, "url_citation": null, "title": "In all likelihood, deep belief is not enough", "url": "http://dl.acm.org/citation.cfm?id=2078204", "url_versions": "http://scholar.google.com/scholar?cluster=1332656949906887819&hl=en&as_sdt=1,5&sciodt=1,5&as_vis=1", "year": "2011", "excerpt": "Abstract Statistical models of natural images provide an important tool for researchers in the fields of machine learning and computational neuroscience. The canonical measure to quantitatively assess and compare the performance of statistical models is given by the  ...", "url_pdf": null, "num_citations": 20, "cluster_id": "1332656949906887819", "authors": "L Theis, S Gerwinn, F Sinz, M Bethge - The Journal of Machine Learning  \u2026", "url_citations": "http://scholar.google.com/scholar?cites=1332656949906887819&as_sdt=2005&sciodt=1,5&hl=en"}, {"num_versions": 14, "url_citation": null, "title": "Deep learning in neural networks: An overview", "url": "http://www.sciencedirect.com/science/article/pii/S0893608014002135", "url_versions": "http://scholar.google.com/scholar?cluster=15932869302045479284&hl=en&as_sdt=1,5&sciodt=1,5&as_vis=1", "year": "2015", "excerpt": "Abstract In recent years, deep artificial neural networks (including recurrent ones) have won numerous contests in pattern recognition and machine learning. This historical survey compactly summarizes relevant work, much of it from the previous millennium. Shallow  ...", "url_pdf": null, "num_citations": 143, "cluster_id": "15932869302045479284", "authors": "J Schmidhuber - Neural Networks", "url_citations": "http://scholar.google.com/scholar?cites=15932869302045479284&as_sdt=2005&sciodt=1,5&hl=en"}, {"num_versions": 6, "url_citation": null, "title": "Roles of pre-training and fine-tuning in context-dependent DBN-HMMs for real-world speech recognition", "url": "http://www.msr-waypoint.com/pubs/143619/dbn4asr-nips2010.pdf", "url_versions": "http://scholar.google.com/scholar?cluster=2085230840263552626&hl=en&as_sdt=1,5&sciodt=1,5&as_vis=1", "year": "2010", "excerpt": "Abstract Recently, deep learning techniques have been successfully applied to automatic speech recognition tasks--first to phonetic recognition with context-independent deep belief network (DBN) hidden Markov models (HMMs) and later to large vocabulary continuous  ...", "url_pdf": "http://www.msr-waypoint.com/pubs/143619/dbn4asr-nips2010.pdf", "num_citations": 99, "cluster_id": "2085230840263552626", "authors": "D Yu, L Deng, G Dahl - Proc. NIPS Workshop on Deep Learning  \u2026", "url_citations": "http://scholar.google.com/scholar?cites=2085230840263552626&as_sdt=2005&sciodt=1,5&hl=en"}, {"num_versions": 5, "url_citation": null, "title": "Semi-supervised training of deep neural networks", "url": "http://ieeexplore.ieee.org/xpls/abs_all.jsp?arnumber=6707741", "url_versions": "http://scholar.google.com/scholar?cluster=5065429690404301421&hl=en&as_sdt=1,5&sciodt=1,5&as_vis=1", "year": "2013", "excerpt": "ABSTRACT In this paper we search for an optimal strategy for semisupervised Deep Neural Network (DNN) training. We assume that a small part of the data is transcribed, while the majority of the data is untranscribed. We explore self-training strategies with data selection  ...", "url_pdf": null, "num_citations": 20, "cluster_id": "5065429690404301421", "authors": "K Vesely, M Hannemann\u2026 - \u2026  Speech Recognition and  \u2026", "url_citations": "http://scholar.google.com/scholar?cites=5065429690404301421&as_sdt=2005&sciodt=1,5&hl=en"}, {"num_versions": 9, "url_citation": null, "title": "Retrieving tract variables from acoustics: a comparison of different machine learning strategies", "url": "http://ieeexplore.ieee.org/xpls/abs_all.jsp?arnumber=5570879", "url_versions": "http://scholar.google.com/scholar?cluster=17831100691932562171&hl=en&as_sdt=1,5&sciodt=1,5&as_vis=1", "year": "2010", "excerpt": "Abstract\u2014Many different studies have claimed that articulatory information can be used to improve the performance of automatic speech recognition systems. Unfortunately, such articulatory information is not readily available in typical speaker-listener situations.  ...", "url_pdf": null, "num_citations": 35, "cluster_id": "17831100691932562171", "authors": "V Mitra, H Nam, CY Espy-Wilson\u2026 - Selected Topics in  \u2026", "url_citations": "http://scholar.google.com/scholar?cites=17831100691932562171&as_sdt=2005&sciodt=1,5&hl=en"}, {"num_versions": 7, "url_citation": null, "title": "Deep big multilayer perceptrons for digit recognition", "url": "http://link.springer.com/chapter/10.1007/978-3-642-35289-8_31", "url_versions": "http://scholar.google.com/scholar?cluster=10245927254263365611&hl=en&as_sdt=1,5&sciodt=1,5&as_vis=1", "year": "2012", "excerpt": "Abstract The competitive MNIST handwritten digit recognition benchmark has a long history of broken records since 1998. The most recent advancement by others dates back 8 years (error rate 0.4 old on-line back-propagation for plain multi-layer perceptrons yields a very  ...", "url_pdf": null, "num_citations": 13, "cluster_id": "10245927254263365611", "authors": "DC Cire\u015fan, U Meier, LM Gambardella\u2026 - Neural Networks: Tricks  \u2026", "url_citations": "http://scholar.google.com/scholar?cites=10245927254263365611&as_sdt=2005&sciodt=1,5&hl=en"}, {"num_versions": 16, "url_citation": null, "title": "New types of deep neural network learning for speech recognition and related applications: An overview", "url": "http://ieeexplore.ieee.org/xpls/abs_all.jsp?arnumber=6639344", "url_versions": "http://scholar.google.com/scholar?cluster=10871829039953032247&hl=en&as_sdt=1,5&sciodt=1,5&as_vis=1", "year": "2013", "excerpt": "ABSTRACT In this paper, we provide an overview of the invited and contributed papers presented at the special session at ICASSP-2013, entitled \u201cNew Types of Deep Neural Network Learning for Speech Recognition and Related Applications,\u201d as organized by the  ...", "url_pdf": null, "num_citations": 82, "cluster_id": "10871829039953032247", "authors": "L Deng, G Hinton, B Kingsbury - Acoustics, Speech and Signal  \u2026", "url_citations": "http://scholar.google.com/scholar?cites=10871829039953032247&as_sdt=2005&sciodt=1,5&hl=en"}, {"num_versions": 4, "url_citation": null, "title": "An empirical study of learning rates in deep neural networks for speech recognition", "url": "http://ieeexplore.ieee.org/xpls/abs_all.jsp?arnumber=6638963", "url_versions": "http://scholar.google.com/scholar?cluster=13453388075529867697&hl=en&as_sdt=1,5&sciodt=1,5&as_vis=1", "year": "2013", "excerpt": "ABSTRACT Recent deep neural network systems for large vocabulary speech recognition are trained with minibatch stochastic gradient descent but use a variety of learning rate scheduling schemes. We investigate several of these schemes, particularly AdaGrad.  ...", "url_pdf": null, "num_citations": 34, "cluster_id": "13453388075529867697", "authors": "A Senior, G Heigold, MA Ranzato\u2026 - Acoustics, Speech and  \u2026", "url_citations": "http://scholar.google.com/scholar?cites=13453388075529867697&as_sdt=2005&sciodt=1,5&hl=en"}, {"num_versions": 16, "url_citation": null, "title": "Binary coding of speech spectrograms using a deep auto-encoder.", "url": "http://citeseerx.ist.psu.edu/viewdoc/download?doi=10.1.1.185.1908&rep=rep1&type=pdf", "url_versions": "http://scholar.google.com/scholar?cluster=11751390378439452975&hl=en&as_sdt=1,5&sciodt=1,5&as_vis=1", "year": "2010", "excerpt": "Abstract This paper reports our recent exploration of the layer-by-layer learning strategy for training a multi-layer generative model of patches of speech spectrograms. The top layer of the generative model learns binary codes that can be used for efficient compression of  ...", "url_pdf": null, "num_citations": 99, "cluster_id": "11751390378439452975", "authors": "L Deng, ML Seltzer, D Yu, A Acero, A Mohamed\u2026 - Interspeech", "url_citations": "http://scholar.google.com/scholar?cites=11751390378439452975&as_sdt=2005&sciodt=1,5&hl=en"}, {"num_versions": 13, "url_citation": null, "title": "A practical guide to training restricted Boltzmann machines", "url": "http://www.csri.utoronto.ca/%7Ehinton/absps/guideTR.pdf", "url_versions": "http://scholar.google.com/scholar?cluster=9159967085620289305&hl=en&as_sdt=1,5&sciodt=1,5&as_vis=1", "year": "2010", "excerpt": "Restricted Boltzmann machines (RBMs) have been used as generative models of many different types of data including labeled or unlabeled images (Hinton et al., 2006a), windows of mel-cepstral coefficients that represent speech (Mohamed et al., 2009), bags of words  ...", "url_pdf": "http://www.csri.utoronto.ca/%7Ehinton/absps/guideTR.pdf", "num_citations": 532, "cluster_id": "9159967085620289305", "authors": "G Hinton - Momentum", "url_citations": "http://scholar.google.com/scholar?cites=9159967085620289305&as_sdt=2005&sciodt=1,5&hl=en"}, {"num_versions": 2, "url_citation": null, "title": "A practical guide to training restricted boltzmann machines", "url": "http://link.springer.com/chapter/10.1007/978-3-642-35289-8_32", "url_versions": "http://scholar.google.com/scholar?cluster=8776454925350419030&hl=en&as_sdt=1,5&sciodt=1,5&as_vis=1", "year": "2012", "excerpt": "Abstract Restricted Boltzmann machines (RBMs) have been used as generative models of many different types of data. RBMs are usually trained using the contrastive divergence learning procedure. This requires a certain amount of practical experience to decide how  ...", "url_pdf": null, "num_citations": 138, "cluster_id": "8776454925350419030", "authors": "GE Hinton - Neural Networks: Tricks of the Trade", "url_citations": "http://scholar.google.com/scholar?cites=8776454925350419030&as_sdt=2005&sciodt=1,5&hl=en"}, {"num_versions": 6, "url_citation": null, "title": "Modular combination of deep neural networks for acoustic modeling.", "url": "http://www.cs.cmu.edu/%7Eymiao/pub/modular_is13.pdf", "url_versions": "http://scholar.google.com/scholar?cluster=17206990506388246472&hl=en&as_sdt=1,5&sciodt=1,5&as_vis=1", "year": "2013", "excerpt": "Abstract In this work, we propose a modular combination of two popular applications of neural networks to large-vocabulary continuous speech recognition. First, a deep neural network is trained to extract bottleneck features from frames of mel scale filterbank  ...", "url_pdf": "http://www.cs.cmu.edu/%7Eymiao/pub/modular_is13.pdf", "num_citations": 20, "cluster_id": "17206990506388246472", "authors": "J Gehring, W Lee, K Kilgour, IR Lane, Y Miao\u2026 -  \u2026", "url_citations": "http://scholar.google.com/scholar?cites=17206990506388246472&as_sdt=2005&sciodt=1,5&hl=en"}, {"num_versions": 12, "url_citation": null, "title": "Phoneme recognition with large hierarchical reservoirs", "url": "http://papers.nips.cc/paper/4056-phoneme-recognition-with-large-hierarchical-reservoirs", "url_versions": "http://scholar.google.com/scholar?cluster=17934256879012066802&hl=en&as_sdt=1,5&sciodt=1,5&as_vis=1", "year": "2010", "excerpt": "Abstract Automatic speech recognition has gradually improved over the years, but the reliable recognition of unconstrained speech is still not within reach. In order to achieve a breakthrough, many research groups are now investigating new methodologies that have  ...", "url_pdf": null, "num_citations": 45, "cluster_id": "17934256879012066802", "authors": "F Triefenbach, A Jalalvand, B Schrauwen\u2026 - Advances in neural  \u2026", "url_citations": "http://scholar.google.com/scholar?cites=17934256879012066802&as_sdt=2005&sciodt=1,5&hl=en"}, {"num_versions": 0, "url_citation": null, "title": "Investigation on dimensionality reduction of concatenated features with deep neural network for LVCSR systems", "url": "http://ieeexplore.ieee.org/xpls/abs_all.jsp?arnumber=6491550", "url_versions": null, "year": "2012", "excerpt": "Abstract\u2014The hybrid model, context-dependent deep neural network hidden Markov models (CD-DNN-HMMs), has received significant improvements on various challenging large vocabulary continuous speech recognition (LVCSR) tasks just in these few years.  ...", "url_pdf": null, "num_citations": 19, "cluster_id": "764643878397967872", "authors": "Y Bao, H Jiang, C Liu, Y Hu\u2026 - Signal Processing (ICSP),  \u2026", "url_citations": "http://scholar.google.com/scholar?cites=764643878397967872&as_sdt=2005&sciodt=1,5&hl=en"}, {"num_versions": 12, "url_citation": null, "title": "Investigation of full-sequence training of deep belief networks for speech recognition.", "url": "http://www.msr-waypoint.net/pubs/135406/MMI-DBN-interspeech2010.pdf", "url_versions": "http://scholar.google.com/scholar?cluster=10530866246102627292&hl=en&as_sdt=1,5&sciodt=1,5&as_vis=1", "year": "2010", "excerpt": "Abstract Recently, Deep Belief Networks (DBNs) have been proposed for phone recognition and were found to achieve highly competitive performance. In the original DBNs, only framelevel information was used for training DBN weights while it has been known for  ...", "url_pdf": "http://www.msr-waypoint.net/pubs/135406/MMI-DBN-interspeech2010.pdf", "num_citations": 110, "cluster_id": "10530866246102627292", "authors": "A Mohamed, D Yu, L Deng - INTERSPEECH", "url_citations": "http://scholar.google.com/scholar?cites=10530866246102627292&as_sdt=2005&sciodt=1,5&hl=en"}, {"num_versions": 11, "url_citation": null, "title": "Application of Pretrained Deep Neural Networks to Large Vocabulary Speech Recognition.", "url": "http://scholar.google.com/https://i.jyg8.eu.org/files/5094ed6686ff718e-u-AHR0cHM6Ly9yZXNlYXJjAC5nb29nbGuUY29tL3B1YnMvYXJjAGl2Zs8zODezMC5wZGY.pdf", "url_versions": "http://scholar.google.com/scholar?cluster=7186663852152848363&hl=en&as_sdt=1,5&sciodt=1,5&as_vis=1", "year": "2012", "excerpt": "Abstract The use of Deep Belief Networks (DBN) to pretrain Neural Networks has recently led to a resurgence in the use of Artificial Neural Network-Hidden Markov Model (ANN/HMM) hybrid systems for Automatic Speech Recognition (ASR). In this paper we  ...", "url_pdf": "http://scholar.google.com/https://i.jyg8.eu.org/files/5094ed6686ff718e-u-AHR0cHM6Ly9yZXNlYXJjAC5nb29nbGuUY29tL3B1YnMvYXJjAGl2Zs8zODezMC5wZGY.pdf", "num_citations": 119, "cluster_id": "7186663852152848363", "authors": "N Jaitly, P Nguyen, AW Senior, V Vanhoucke - INTERSPEECH", "url_citations": "http://scholar.google.com/scholar?cites=7186663852152848363&as_sdt=2005&sciodt=1,5&hl=en"}, {"num_versions": 13, "url_citation": null, "title": "Machine learning paradigms for speech recognition: An overview", "url": "http://ieeexplore.ieee.org/xpls/abs_all.jsp?arnumber=6423821", "url_versions": "http://scholar.google.com/scholar?cluster=74307944265552935&hl=en&as_sdt=1,5&sciodt=1,5&as_vis=1", "year": "2013", "excerpt": "Abstract\u2014Automatic Speech Recognition (ASR) has historically been a driving force behind many machine learning (ML) techniques, including the ubiquitously used hidden Markov model, discriminative learning, structured sequence learning, Bayesian learning, and  ...", "url_pdf": null, "num_citations": 47, "cluster_id": "74307944265552935", "authors": "L Deng, X Li - Audio, Speech, and Language Processing, IEEE \u2026", "url_citations": "http://scholar.google.com/scholar?cites=74307944265552935&as_sdt=2005&sciodt=1,5&hl=en"}, {"num_versions": 16, "url_citation": null, "title": "Calibration of confidence measures in speech recognition", "url": "http://ieeexplore.ieee.org/xpls/abs_all.jsp?arnumber=5749278", "url_versions": "http://scholar.google.com/scholar?cluster=5560410413509102780&hl=en&as_sdt=1,5&sciodt=1,5&as_vis=1", "year": "2011", "excerpt": "Abstract\u2014Most speech recognition applications in use today rely heavily on confidence measure for making optimal decisions. In this paper, we aim to answer the question: what can be done to improve the quality of confidence measure if we cannot modify the speech  ...", "url_pdf": null, "num_citations": 16, "cluster_id": "5560410413509102780", "authors": "D Yu, J Li, L Deng - Audio, Speech, and Language Processing, \u2026", "url_citations": "http://scholar.google.com/scholar?cites=5560410413509102780&as_sdt=2005&sciodt=1,5&hl=en"}, {"num_versions": 13, "url_citation": null, "title": "Resource configurable spoken query detection using deep Boltzmann machines", "url": "http://ieeexplore.ieee.org/xpls/abs_all.jsp?arnumber=6289082", "url_versions": "http://scholar.google.com/scholar?cluster=12130264507628632270&hl=en&as_sdt=1,5&sciodt=1,5&as_vis=1", "year": "2012", "excerpt": "ABSTRACT In this paper we present a spoken query detection method based on posteriorgrams generated from Deep Boltzmann Machines (DBMs). The proposed method can be deployed in both semi-supervised and unsupervised training scenarios. The DBM- ...", "url_pdf": null, "num_citations": 17, "cluster_id": "12130264507628632270", "authors": "Y Zhang, R Salakhutdinov, HA Chang\u2026 - Acoustics, Speech and \u2026", "url_citations": "http://scholar.google.com/scholar?cites=12130264507628632270&as_sdt=2005&sciodt=1,5&hl=en"}, {"num_versions": 6, "url_citation": null, "title": "Universal attribute characterization of spoken languages for automatic spoken language recognition", "url": "http://www.sciencedirect.com/science/article/pii/S0885230812000307", "url_versions": "http://scholar.google.com/scholar?cluster=4756557515560686397&hl=en&as_sdt=1,5&sciodt=1,5&as_vis=1", "year": "2013", "excerpt": "We propose a novel universal acoustic characterization approach to spoken language recognition (LRE). The key idea is to describe any spoken language with a common set of fundamental units that can be defined \u201cuniversally\u201d across all spoken languages. In this  ...", "url_pdf": null, "num_citations": 19, "cluster_id": "4756557515560686397", "authors": "SM Siniscalchi, J Reed, T Svendsen, CH Lee - Computer Speech &  \u2026", "url_citations": "http://scholar.google.com/scholar?cites=4756557515560686397&as_sdt=2005&sciodt=1,5&hl=en"}, {"num_versions": 11, "url_citation": null, "title": "Phone recognition with the mean-covariance restricted Boltzmann machine", "url": "http://papers.nips.cc/paper/4169-phone-recognition-with-the-mean-covariance-restricted-boltzmann-machine", "url_versions": "http://scholar.google.com/scholar?cluster=8615607536818380937&hl=en&as_sdt=1,5&sciodt=1,5&as_vis=1", "year": "2010", "excerpt": "Abstract Straightforward application of Deep Belief Nets (DBNs) to acoustic modeling produces a rich distributed representation of speech data that is useful for recognition and yields impressive results on the speaker-independent TIMIT phone recognition task.  ...", "url_pdf": null, "num_citations": 127, "cluster_id": "8615607536818380937", "authors": "G Dahl, A Mohamed, GE Hinton - Advances in neural information  \u2026", "url_citations": "http://scholar.google.com/scholar?cites=8615607536818380937&as_sdt=2005&sciodt=1,5&hl=en"}, {"num_versions": 15, "url_citation": null, "title": "Context-dependent pre-trained deep neural networks for large-vocabulary speech recognition", "url": "http://ieeexplore.ieee.org/xpls/abs_all.jsp?arnumber=5740583", "url_versions": "http://scholar.google.com/scholar?cluster=1536831630272977838&hl=en&as_sdt=1,5&sciodt=1,5&as_vis=1", "year": "2012", "excerpt": "Abstract\u2014We propose a novel context-dependent (CD) model for large-vocabulary speech recognition (LVSR) that leverages recent advances in using deep belief networks for phone recognition. We describe a pre-trained deep neural network hidden Markov model (DNN- ...", "url_pdf": null, "num_citations": 739, "cluster_id": "1536831630272977838", "authors": "GE Dahl, D Yu, L Deng, A Acero - Audio, Speech, and  \u2026", "url_citations": "http://scholar.google.com/scholar?cites=1536831630272977838&as_sdt=2005&sciodt=1,5&hl=en"}, {"num_versions": 10, "url_citation": null, "title": "Gnumpy: an easy way to use GPU boards in Python", "url": "http://www.cs.toronto.edu/%7Etijmen/gnumpyTr.pdf", "url_versions": "http://scholar.google.com/scholar?cluster=4429485589236573646&hl=en&as_sdt=1,5&sciodt=1,5&as_vis=1", "year": "2010", "excerpt": "Page 1. Department of Computer Science 6 King's College Rd, Toronto University of TorontoM5S 3G4, Canada http://learning.cs.toronto.edu fax: +1 416 978 1455 July 9, 2010 UTMLTR 2010\u2013002 Gnumpy: an easy way to use GPU boards in Python ...", "url_pdf": "http://www.cs.toronto.edu/%7Etijmen/gnumpyTr.pdf", "num_citations": 31, "cluster_id": "4429485589236573646", "authors": "T Tieleman - Department of Computer Science, University of Toronto", "url_citations": "http://scholar.google.com/scholar?cites=4429485589236573646&as_sdt=2005&sciodt=1,5&hl=en"}, {"num_versions": 9, "url_citation": null, "title": "Deep convex net: A scalable architecture for speech pattern classification", "url": "http://www.msr-waypoint.com/pubs/152133/DeepConvexNetwork-Interspeech2011-pub.pdf", "url_versions": "http://scholar.google.com/scholar?cluster=16678799834570093422&hl=en&as_sdt=1,5&sciodt=1,5&as_vis=1", "year": "2011", "excerpt": "Abstract We recently developed context-dependent DNN-HMM (Deep-Neural-Net/Hidden-Markov-Model) for large-vocabulary speech recognition. While achieving impressive recognition error rate reduction, we face the insurmountable problem of scalability in  ...", "url_pdf": "http://www.msr-waypoint.com/pubs/152133/DeepConvexNetwork-Interspeech2011-pub.pdf", "num_citations": 72, "cluster_id": "16678799834570093422", "authors": "L Deng, D Yu - Proceedings of the Interspeech", "url_citations": "http://scholar.google.com/scholar?cites=16678799834570093422&as_sdt=2005&sciodt=1,5&hl=en"}, {"num_versions": 4, "url_citation": null, "title": "Preliminary investigation of boltzmann machine classifiers for speaker recognition", "url": "http://www.crim.ca/perso/patrick.kenny/Stafylakis_Odyssey2012_v2.pdf", "url_versions": "http://scholar.google.com/scholar?cluster=2484160041926074575&hl=en&as_sdt=1,5&sciodt=1,5&as_vis=1", "year": "2012", "excerpt": "Abstract We propose a novel generative approach to speaker recognition using Boltzmann machines, a fledgeling non-Gaussian probabilistic framework that is increasingly gaining attention in several machine learning fields. We show how a modified i-vector  ...", "url_pdf": "http://www.crim.ca/perso/patrick.kenny/Stafylakis_Odyssey2012_v2.pdf", "num_citations": 17, "cluster_id": "2484160041926074575", "authors": "T Stafylakis, P Kenny, M Senoussaoui\u2026 - \u2026  Odyssey Speaker and  \u2026", "url_citations": "http://scholar.google.com/scholar?cites=2484160041926074575&as_sdt=2005&sciodt=1,5&hl=en"}, {"num_versions": 11, "url_citation": null, "title": "A deep convolutional neural network using heterogeneous pooling for trading acoustic invariance with phonetic confusion", "url": "http://ieeexplore.ieee.org/xpls/abs_all.jsp?arnumber=6638952", "url_versions": "http://scholar.google.com/scholar?cluster=6202733932875270331&hl=en&as_sdt=1,5&sciodt=1,5&as_vis=1", "year": "2013", "excerpt": "ABSTRACT We develop and present a novel deep convolutional neural network architecture, where heterogeneous pooling is used to provide constrained frequency-shift invariance in the speech spectrogram while minimizing speech-class confusion induced  ...", "url_pdf": null, "num_citations": 42, "cluster_id": "6202733932875270331", "authors": "L Deng, O Abdel-Hamid, D Yu - Acoustics, Speech and Signal  \u2026", "url_citations": "http://scholar.google.com/scholar?cites=6202733932875270331&as_sdt=2005&sciodt=1,5&hl=en"}, {"num_versions": 17, "url_citation": null, "title": "Revisiting recurrent neural networks for robust ASR", "url": "http://ieeexplore.ieee.org/xpls/abs_all.jsp?arnumber=6288816", "url_versions": "http://scholar.google.com/scholar?cluster=9222172846140017196&hl=en&as_sdt=1,5&sciodt=1,5&as_vis=1", "year": "2012", "excerpt": "ABSTRACT In this paper, we show how new training principles and optimization techniques for neural networks can be used for different network structures. In particular, we revisit the Recurrent Neural Network (RNN), which explicitly models the Markovian dynamics of a set  ...", "url_pdf": null, "num_citations": 49, "cluster_id": "9222172846140017196", "authors": "O Vinyals, SV Ravuri, D Povey - Acoustics, Speech and Signal  \u2026", "url_citations": "http://scholar.google.com/scholar?cites=9222172846140017196&as_sdt=2005&sciodt=1,5&hl=en"}, {"num_versions": 9, "url_citation": null, "title": "Convolutional neural networks for speech recognition", "url": "http://ieeexplore.ieee.org/xpls/abs_all.jsp?arnumber=6857341", "url_versions": "http://scholar.google.com/scholar?cluster=1312499869604546054&hl=en&as_sdt=1,5&sciodt=1,5&as_vis=1", "year": "2014", "excerpt": "Abstract\u2014Recently, the hybrid deep neural network (DNN)-hidden Markov model (HMM) has been shown to significantly improve speech recognition performance over the conventional Gaussian mixture model (GMM)-HMM. The performance improvement is  ...", "url_pdf": null, "num_citations": 26, "cluster_id": "1312499869604546054", "authors": "O Abdel-Hamid, A Mohamed, H Jiang\u2026 - Audio, Speech, and  \u2026", "url_citations": "http://scholar.google.com/scholar?cites=1312499869604546054&as_sdt=2005&sciodt=1,5&hl=en"}, {"num_versions": 10, "url_citation": null, "title": "Conversational Speech Transcription Using Context-Dependent Deep Neural Networks.", "url": "http://msr-waypoint.com/pubs/153169/CD-DNN-HMM-SWB-Interspeech2011-Pub.pdf", "url_versions": "http://scholar.google.com/scholar?cluster=1258381348179019463&hl=en&as_sdt=1,5&sciodt=1,5&as_vis=1", "year": "2011", "excerpt": "Abstract We apply the recently proposed Context-Dependent Deep-Neural-Network HMMs, or CD-DNN-HMMs, to speech-to-text transcription. For single-pass speaker-independent recognition on the RT03S Fisher portion of phone-call transcription benchmark ( ...", "url_pdf": "http://msr-waypoint.com/pubs/153169/CD-DNN-HMM-SWB-Interspeech2011-Pub.pdf", "num_citations": 353, "cluster_id": "1258381348179019463", "authors": "F Seide, G Li, D Yu - Interspeech", "url_citations": "http://scholar.google.com/scholar?cites=1258381348179019463&as_sdt=2005&sciodt=1,5&hl=en"}, {"num_versions": 9, "url_citation": null, "title": "Comparing multilayer perceptron to deep belief network tandem features for robust ASR", "url": "http://ieeexplore.ieee.org/xpls/abs_all.jsp?arnumber=5947378", "url_versions": "http://scholar.google.com/scholar?cluster=7945190250205665539&hl=en&as_sdt=1,5&sciodt=1,5&as_vis=1", "year": "2011", "excerpt": "ABSTRACT In this paper, we extend the work done on integrating multilayer perceptron (MLP) networks with HMM systems via the Tandem approach. In particular, we explore whether the use of Deep Belief Networks (DBN) adds any substantial gain over MLPs on  ...", "url_pdf": null, "num_citations": 29, "cluster_id": "7945190250205665539", "authors": "O Vinyals, SV Ravuri - Acoustics, Speech and Signal  \u2026", "url_citations": "http://scholar.google.com/scholar?cites=7945190250205665539&as_sdt=2005&sciodt=1,5&hl=en"}, {"num_versions": 3, "url_citation": null, "title": "Deep learning using linear support vector machines", "url": "http://arxiv.org/abs/1306.0239", "url_versions": "http://scholar.google.com/scholar?cluster=15737743364903648230&hl=en&as_sdt=1,5&sciodt=1,5&as_vis=1", "year": "2013", "excerpt": "Abstract: Recently, fully-connected and convolutional neural networks have been trained to achieve state-of-the-art performance on a wide variety of tasks such as speech recognition, image classification, natural language processing, and bioinformatics. For classification  ...", "url_pdf": null, "num_citations": 32, "cluster_id": "15737743364903648230", "authors": "Y Tang - arXiv preprint arXiv:1306.0239", "url_citations": "http://scholar.google.com/scholar?cites=15737743364903648230&as_sdt=2005&sciodt=1,5&hl=en"}, {"num_versions": 11, "url_citation": null, "title": "Hidden-unit conditional random fields", "url": "http://machinelearning.wustl.edu/mlpapers/paper_files/AISTATS2011_MaatenWS11.pdf", "url_versions": "http://scholar.google.com/scholar?cluster=12451591680071192337&hl=en&as_sdt=1,5&sciodt=1,5&as_vis=1", "year": "2011", "excerpt": "Abstract The paper explores a generalization of conditional random fields (CRFs) in which binary stochastic hidden units appear between the data and the labels. Hidden-unit CRFs are potentially more powerful than standard CRFs because they can represent nonlinear  ...", "url_pdf": "http://machinelearning.wustl.edu/mlpapers/paper_files/AISTATS2011_MaatenWS11.pdf", "num_citations": 34, "cluster_id": "12451591680071192337", "authors": "L Maaten, M Welling, LK Saul - International  \u2026", "url_citations": "http://scholar.google.com/scholar?cites=12451591680071192337&as_sdt=2005&sciodt=1,5&hl=en"}, {"num_versions": 27, "url_citation": null, "title": "Deep neural networks for acoustic modeling in speech recognition: The shared views of four research groups", "url": "http://ieeexplore.ieee.org/xpls/abs_all.jsp?arnumber=6296526", "url_versions": "http://scholar.google.com/scholar?cluster=3674494786452480182&hl=en&as_sdt=1,5&sciodt=1,5&as_vis=1", "year": "2012", "excerpt": "Gaussian mixture models (GMMs) to determine how well each state of each HMM fits a frame or a short window of frames of coefficients that represents the acoustic input. An alternative way to evaluate the fit is to use a feed-forward neural network that takes  ...", "url_pdf": null, "num_citations": 1010, "cluster_id": "3674494786452480182", "authors": "G Hinton, L Deng, D Yu, GE Dahl\u2026 - Signal Processing  \u2026", "url_citations": "http://scholar.google.com/scholar?cites=3674494786452480182&as_sdt=2005&sciodt=1,5&hl=en"}, {"num_versions": 3, "url_citation": null, "title": "An application of pretrained deep neural networks to large vocabulary conversational speech recognition", "url": "http://www.cs.toronto.edu/%7Endjaitly/techrep.pdf", "url_versions": "http://scholar.google.com/scholar?cluster=8006690752471345729&hl=en&as_sdt=1,5&sciodt=1,5&as_vis=1", "year": "2012", "excerpt": "The ANN/HMM hybrid model was first used for automatic speech recognition (ASR) over two decades ago [Morgan and Bourlard, 1990]. This model computes generative emission probabilities for acoustic data from the states of an HMM using Bayes rule to invert  ...", "url_pdf": "http://www.cs.toronto.edu/%7Endjaitly/techrep.pdf", "num_citations": 16, "cluster_id": "8006690752471345729", "authors": "N Jaitly, P Nguyen, A Senior, V Vanhoucke - Proc. Interspeech", "url_citations": "http://scholar.google.com/scholar?cites=8006690752471345729&as_sdt=2005&sciodt=1,5&hl=en"}, {"num_versions": 6, "url_citation": null, "title": "A bottom-up modular search approach to large vocabulary continuous speech recognition", "url": "http://ieeexplore.ieee.org/xpls/abs_all.jsp?arnumber=6384711", "url_versions": "http://scholar.google.com/scholar?cluster=645353042824084710&hl=en&as_sdt=1,5&sciodt=1,5&as_vis=1", "year": "2013", "excerpt": "Abstract\u2014A novel bottom-up decoding framework for large vocabulary continuous speech recognition (LVCSR) with a modular search strategy is presented. Weighted finite state machines (WFSMs) are utilized to accomplish stage-by-stage acoustic-tolinguistic  ...", "url_pdf": null, "num_citations": 13, "cluster_id": "645353042824084710", "authors": "SM Siniscalchi, T Svendsen\u2026 - Audio, Speech, and  \u2026", "url_citations": "http://scholar.google.com/scholar?cites=645353042824084710&as_sdt=2005&sciodt=1,5&hl=en"}, {"num_versions": 27, "url_citation": null, "title": "Speech recognitionwith segmental conditional random fields: A summary of the JHU CLSP 2010 summer workshop", "url": "http://ieeexplore.ieee.org/xpls/abs_all.jsp?arnumber=5947490", "url_versions": "http://scholar.google.com/scholar?cluster=16071337879802050512&hl=en&as_sdt=1,5&sciodt=1,5&as_vis=1", "year": "2011", "excerpt": "ABSTRACT This paper summarizes the 2010 CLSP Summer Workshop on speech recognition at Johns Hopkins University. The key theme of the workshop was to improve on state-of-the-art speech recognition systems by using Segmental Conditional Random  ...", "url_pdf": null, "num_citations": 38, "cluster_id": "16071337879802050512", "authors": "G Zweig, P Nguyen, D Van Compernolle\u2026 - \u2026 , Speech and Signal  \u2026", "url_citations": "http://scholar.google.com/scholar?cites=16071337879802050512&as_sdt=2005&sciodt=1,5&hl=en"}, {"num_versions": 10, "url_citation": null, "title": "Learning a better representation of speech soundwaves using restricted boltzmann machines", "url": "http://ieeexplore.ieee.org/xpls/abs_all.jsp?arnumber=5947700", "url_versions": "http://scholar.google.com/scholar?cluster=7549225993736779276&hl=en&as_sdt=1,5&sciodt=1,5&as_vis=1", "year": "2011", "excerpt": "ABSTRACT State of the art speech recognition systems rely on preprocessed speech features such as Mel cepstrum or linear predictive coding coefficients that collapse high dimensional speech sound waves into low dimensional encodings. While these have  ...", "url_pdf": null, "num_citations": 54, "cluster_id": "7549225993736779276", "authors": "N Jaitly, G Hinton - Acoustics, Speech and Signal Processing ( \u2026", "url_citations": "http://scholar.google.com/scholar?cites=7549225993736779276&as_sdt=2005&sciodt=1,5&hl=en"}, {"num_versions": 10, "url_citation": null, "title": "Deep-structured hidden conditional random fields for phonetic recognition.", "url": "http://research.microsoft.com:8082/pubs/135407/deepCRF-interspeech2010.pdf", "url_versions": "http://scholar.google.com/scholar?cluster=16474928451016936275&hl=en&as_sdt=1,5&sciodt=1,5&as_vis=1", "year": "2010", "excerpt": "Abstract We extend our earlier work on deep-structured conditional random field (DCRF) and develop deep-structured hidden conditional random field (DHCRF). We investigate the use of this new sequential deep-learning model for phonetic recognition. DHCRF is a  ...", "url_pdf": "http://research.microsoft.com:8082/pubs/135407/deepCRF-interspeech2010.pdf", "num_citations": 38, "cluster_id": "16474928451016936275", "authors": "D Yu, L Deng - INTERSPEECH", "url_citations": "http://scholar.google.com/scholar?cites=16474928451016936275&as_sdt=2005&sciodt=1,5&hl=en"}, {"num_versions": 4, "url_citation": null, "title": "Cocktail party processing via structured prediction", "url": "http://papers.nips.cc/paper/4838-cocktail-party-processing-via-structured-prediction", "url_versions": "http://scholar.google.com/scholar?cluster=1540512681771727565&hl=en&as_sdt=1,5&sciodt=1,5&as_vis=1", "year": "2012", "excerpt": "Abstract While human listeners excel at selectively attending to a conversation in a cocktail party, machine performance is still far inferior by comparison. We show that the cocktail party problem, or the speech separation problem, can be effectively approached via structured  ...", "url_pdf": null, "num_citations": 14, "cluster_id": "1540512681771727565", "authors": "Y Wang, DL Wang - Advances in Neural Information Processing  \u2026", "url_citations": "http://scholar.google.com/scholar?cites=1540512681771727565&as_sdt=2005&sciodt=1,5&hl=en"}]