[{"num_versions": 6, "url_citation": null, "title": "The relative effectiveness of computer\u2010based and traditional resources for education in anatomy", "url": "http://onlinelibrary.wiley.com/doi/10.1002/ase.1355/full", "url_versions": "http://scholar.google.com/scholar?cluster=17883774348259271350&hl=en&as_sdt=1,5&sciodt=1,5&as_vis=1", "year": "2013", "excerpt": "There is increasing use of computer\u2013based resources to teach anatomy, although no study has compared computer-based learning to traditional. In this study, we examine the effectiveness of three formats of anatomy learning:(1) a virtual reality (VR) computer- ...", "url_pdf": null, "num_citations": 20, "cluster_id": "17883774348259271350", "authors": "Z Khot, K Quinlan, GR Norman\u2026 - Anatomical sciences  \u2026", "url_citations": "http://scholar.google.com/scholar?cites=17883774348259271350&as_sdt=2005&sciodt=1,5&hl=en"}, {"num_versions": 0, "url_citation": null, "title": "Design studios: online", "url": "http://citeseerx.ist.psu.edu/viewdoc/download?doi=10.1.1.124.3548&rep=rep1&type=pdf", "url_versions": null, "year": "2003", "excerpt": "Abstract The term Design Studio has come to inherit two commonly used definitions. It is seen as actual physical space where designing occurs and/or the conceptual and practical process of designing: one that sometimes incorporates a method of teaching centred on  ...", "url_pdf": null, "num_citations": 17, "cluster_id": "11813335861322662839", "authors": "O Broadfoot, R Bennett - Apple University Consortium Academic and  \u2026", "url_citations": "http://scholar.google.com/scholar?cites=11813335861322662839&as_sdt=2005&sciodt=1,5&hl=en"}, {"num_versions": 9, "url_citation": null, "title": "Case based learning\u2014a review of the literature: is there scope for this educational paradigm in prehospital education?", "url": "http://emj.bmj.com/content/22/8/577.short", "url_versions": "http://scholar.google.com/scholar?cluster=11928114867361742825&hl=en&as_sdt=1,5&sciodt=1,5&as_vis=1", "year": "2005", "excerpt": "Abstract This paper discusses the findings of a literature review of case based learning (CBL) from a multidisciplinary health science education perspective and attempts to draw comparisons with the available literature relating to prehospital education and CBL.", "url_pdf": null, "num_citations": 130, "cluster_id": "11928114867361742825", "authors": "B Williams - Emergency Medicine Journal", "url_citations": "http://scholar.google.com/scholar?cites=11928114867361742825&as_sdt=2005&sciodt=1,5&hl=en"}, {"num_versions": 11, "url_citation": null, "title": "The effectiveness of case-based learning in health professional education. A BEME systematic review: BEME Guide No. 23", "url": "http://www.tandfonline.com/doi/abs/10.3109/0142159X.2012.680939", "url_versions": "http://scholar.google.com/scholar?cluster=3010205982047003373&hl=en&as_sdt=1,5&sciodt=1,5&as_vis=1", "year": "2012", "excerpt": "Background: Case-based learning (CBL) is a long established pedagogical method, which is defined in a number of ways depending on the discipline and type of 'case'employed. In health professional education, learning activities are commonly based on patient cases.  ...", "url_pdf": null, "num_citations": 105, "cluster_id": "3010205982047003373", "authors": "JE Thistlethwaite, D Davies, S Ekeocha, JM Kidd\u2026 - Medical  \u2026", "url_citations": "http://scholar.google.com/scholar?cites=3010205982047003373&as_sdt=2005&sciodt=1,5&hl=en"}, {"num_versions": 0, "url_citation": null, "title": "Journal of Contemporary Medical Education", "url": "http://www.ejmanager.com/mnstemps/63/63-1352988077.pdf", "url_versions": null, "year": "2012", "excerpt": "ABSTRACT Professional and pre-professional education in medical and allied health fields have undergone significant changes in the last century. In response to the calls for transformative education an undergraduate clinical parasitology class was created to produce a significant ( ... ", "url_pdf": "http://www.ejmanager.com/mnstemps/63/63-1352988077.pdf", "num_citations": 0, "cluster_id": null, "authors": "PJP Brown -", "url_citations": null}, {"num_versions": 6, "url_citation": null, "title": "Case Based Learning Versus Problem Based Learning: A Direct Comparison from First Year Medical Students Perspective", "url": "http://scholar.google.com/https://www.webmedcentral.com/article_view/1976", "url_versions": "http://scholar.google.com/scholar?cluster=3455868750628466483&hl=en&as_sdt=1,5&sciodt=1,5&as_vis=1", "year": "2011", "excerpt": "Background: Case-based learning (CBL) is an educational paradigm closely related to the problem based learning (PBL) that uses a guided inquiry method and provides structure during small-group discussions. To date, no studies have directly compared PBL and CBL  ...", "url_pdf": null, "num_citations": 11, "cluster_id": "3455868750628466483", "authors": "S Setia, Z Bobby, PH Ananthanarayanan, MR Radhika\u2026 -", "url_citations": "http://scholar.google.com/scholar?cites=3455868750628466483&as_sdt=2005&sciodt=1,5&hl=en"}, {"num_versions": 5, "url_citation": null, "title": "Using independent research projects to foster learning in the comparative vertebrate anatomy laboratory.", "url": "http://eric.ed.gov/?id=EJ876512", "url_versions": "http://scholar.google.com/scholar?cluster=3756753803852557793&hl=en&as_sdt=1,5&sciodt=1,5&as_vis=1", "year": "2005", "excerpt": "Abstract: This paper presents a teaching methodology involving an independent research project component for use in undergraduate Comparative Vertebrate Anatomy laboratory courses. The proposed project introduces cooperative, active learning in a research  ...", "url_pdf": null, "num_citations": 3, "cluster_id": "3756753803852557793", "authors": "MJ Ghedotti, C Fielitz, DJ Leonard - Bioscene: Journal of College Biology  \u2026", "url_citations": "http://scholar.google.com/scholar?cites=3756753803852557793&as_sdt=2005&sciodt=1,5&hl=en"}, {"num_versions": 0, "url_citation": null, "title": "Using case-based guided-inquiry instruction to produce significant learning in an undergraduate clinical parasitology class", "url": "http://www.scopemed.org/?mno=28567", "url_versions": null, "year": "2013", "excerpt": "Abstract Professional and pre-professional education in medical and allied health fields have undergone significant changes in the last century. In response to the calls for transformative education an undergraduate clinical parasitology class was created to  ...", "url_pdf": null, "num_citations": 2, "cluster_id": "14449878565201243791", "authors": "PJP Brown - Journal of Contemporary Medical Education", "url_citations": "http://scholar.google.com/scholar?cites=14449878565201243791&as_sdt=2005&sciodt=1,5&hl=en"}, {"num_versions": 4, "url_citation": null, "title": "Effect of visual\u2013spatial ability on medical students' performance in a gross anatomy course", "url": "http://onlinelibrary.wiley.com/doi/10.1002/ase.264/full", "url_versions": "http://scholar.google.com/scholar?cluster=5969491449195642246&hl=en&as_sdt=1,5&sciodt=1,5&as_vis=1", "year": "2012", "excerpt": "Abstract The ability to mentally manipulate objects in three dimensions is essential to the practice of many clinical medical specialties. The relationship between this type of visual\u2013spatial ability and performance in preclinical courses such as medical gross anatomy is  ...", "url_pdf": null, "num_citations": 25, "cluster_id": "5969491449195642246", "authors": "RS Lufler, AC Zumwalt, CA Romney\u2026 - Anatomical sciences  \u2026", "url_citations": "http://scholar.google.com/scholar?cites=5969491449195642246&as_sdt=2005&sciodt=1,5&hl=en"}, {"num_versions": 4, "url_citation": null, "title": "Students' responses to the introduction of a digital laboratory guide in medical neuroscience", "url": "http://informahealthcare.com/doi/abs/10.1080/01421590310001605651", "url_versions": "http://scholar.google.com/scholar?cluster=9966948663109115458&hl=en&as_sdt=1,5&sciodt=1,5&as_vis=1", "year": "2003", "excerpt": "This study investigated student acceptance of a digital laboratory guide in a medical neuroscience course. The guide was created in Macromedia\u2122 Authorware 5.2 by transforming a text-based lab manual into a comprehensive multimedia program. Student  ...", "url_pdf": null, "num_citations": 6, "cluster_id": "9966948663109115458", "authors": "JK Brueckner, H Traurig - Medical teacher", "url_citations": "http://scholar.google.com/scholar?cites=9966948663109115458&as_sdt=2005&sciodt=1,5&hl=en"}, {"num_versions": 6, "url_citation": null, "title": "Linking theory to practice in an undergraduate veterinary curriculum: students' perspectives", "url": "http://jvme.utpjournals.press/doi/abs/10.3138/jvme.36.3.291", "url_versions": "http://scholar.google.com/scholar?cluster=7915703779015970675&hl=en&as_sdt=1,5&sciodt=1,5&as_vis=1", "year": "2009", "excerpt": "Facilitated clinical relevance (FCR) at the University of Nottingham School of Veterinary Medicine and Science is a small-group educational model that promotes student-centered learning. The objectives of this study were:(1) to examine students' opinions of FCR as a  ...", "url_pdf": null, "num_citations": 8, "cluster_id": "7915703779015970675", "authors": "HM Elsheikha, NR Kendall - Journal of veterinary medical  \u2026", "url_citations": "http://scholar.google.com/scholar?cites=7915703779015970675&as_sdt=2005&sciodt=1,5&hl=en"}]