[{"num_versions": 5, "url_citation": null, "title": "Creating and diffusing a technology champion course", "url": "http://jmd.sagepub.com/content/26/3/208.short", "url_versions": "http://scholar.google.com/scholar?cluster=11416627823651954246&hl=en&as_sdt=1,5&sciodt=1,5&as_vis=1", "year": "2004", "excerpt": "Abstract Excitement has been generated for using Internet technology as a vehicle to further numerous educational objectives, including enhanced student learning, greater integration of business school functional areas, and increased job market relevance. This article  ...", "url_pdf": null, "num_citations": 19, "cluster_id": "11416627823651954246", "authors": "N Granitz, P Hugstad - Journal of marketing education", "url_citations": "http://scholar.google.com/scholar?cites=11416627823651954246&as_sdt=2005&sciodt=1,5&hl=en"}, {"num_versions": 5, "url_citation": null, "title": "The impact of preparing faculty in the effective use of student teams", "url": "http://search.proquest.com/openview/19446ed2740327372c589d496daf35ef/1?pq-origsite=gscholar", "url_versions": "http://scholar.google.com/scholar?cluster=880311661429823149&hl=en&as_sdt=1,5&sciodt=1,5&as_vis=1", "year": "2010", "excerpt": "Abstract Companies increasingly rely on teams to improve productivity, and consequently employers expect colleges and universities to prepare graduates to effectively work in teams. To help with this need, instructors must be equipped to prepare students to fully  ...", "url_pdf": null, "num_citations": 13, "cluster_id": "880311661429823149", "authors": "ME Burbach, GS Matkin, KM Gambrell\u2026 - College Student  \u2026", "url_citations": "http://scholar.google.com/scholar?cites=880311661429823149&as_sdt=2005&sciodt=1,5&hl=en"}, {"num_versions": 6, "url_citation": null, "title": "Group assessments: dilemmas facing lecturers in multicultural tertiary classrooms", "url": "http://www.tandfonline.com/doi/abs/10.1080/07294360701310789", "url_versions": "http://scholar.google.com/scholar?cluster=514976821297530861&hl=en&as_sdt=1,5&sciodt=1,5&as_vis=1", "year": "2007", "excerpt": "'Group is good, and group is good for curing all social ills' was the cynical observation of one of the lecturers in this study. Her comment reflects the uneasiness of lecturers at tertiary institutions with the notion that the educational advantages of group assessments far  ...", "url_pdf": null, "num_citations": 57, "cluster_id": "514976821297530861", "authors": "P Strauss, AU - High Education Research & Development", "url_citations": "http://scholar.google.com/scholar?cites=514976821297530861&as_sdt=2005&sciodt=1,5&hl=en"}, {"num_versions": 5, "url_citation": null, "title": "The motivational effects of the classroom environment in facilitating self-regulated learning", "url": "http://jmd.sagepub.com/content/27/1/25.short", "url_versions": "http://scholar.google.com/scholar?cluster=4063884529438300677&hl=en&as_sdt=1,5&sciodt=1,5&as_vis=1", "year": "2005", "excerpt": "Abstract Students can be proactive and engaged or, alternatively, lack initiative and responsibility for their learning. Self-regulated learning involves learning strategies and mental processes that learners deliberately engage to help themselves learn and perform  ...", "url_pdf": null, "num_citations": 197, "cluster_id": "4063884529438300677", "authors": "MR Young - Journal of Marketing Education", "url_citations": "http://scholar.google.com/scholar?cites=4063884529438300677&as_sdt=2005&sciodt=1,5&hl=en"}, {"num_versions": 3, "url_citation": null, "title": "Experiential learning: impact of two instructional methods on student-instructor interaction, student critical thinking, and student course evaluations", "url": "http://www.mmaglobal.org/publications/JAME/JAME-Issues/JAME-Summer-2008/JAMESummer2008v.12p.63-78.pdf", "url_versions": "http://scholar.google.com/scholar?cluster=13817897204496177624&hl=en&as_sdt=1,5&sciodt=1,5&as_vis=1", "year": "2008", "excerpt": "ABSTRACT The objective of this study is to examine whether a Problem-Based Learning pedagogy will produce greater student\u2013instructor interaction and more critical thinking than a Project-based Learning pedagogy in an undergraduate introductory marketing class.  ...", "url_pdf": "http://www.mmaglobal.org/publications/JAME/JAME-Issues/JAME-Summer-2008/JAMESummer2008v.12p.63-78.pdf", "num_citations": 11, "cluster_id": "13817897204496177624", "authors": "R Wheeler - Journal for Advancement of Marketing Education", "url_citations": "http://scholar.google.com/scholar?cites=13817897204496177624&as_sdt=2005&sciodt=1,5&hl=en"}, {"num_versions": 11, "url_citation": null, "title": "Action research and reflection on student approaches to learning in large first year university classes", "url": "http://link.springer.com/article/10.1007/BF03246292", "url_versions": "http://scholar.google.com/scholar?cluster=12166270147843241558&hl=en&as_sdt=1,5&sciodt=1,5&as_vis=1", "year": "2008", "excerpt": "Abstract This paper presents an action research approach to exploring methods of improving the learning styles and outcomes of first year university students within large class environments. The genesis of this project stemmed from an observation that entire tutorial  ...", "url_pdf": null, "num_citations": 31, "cluster_id": "12166270147843241558", "authors": "C Herington, S Weaven - The Australian Educational Researcher", "url_citations": "http://scholar.google.com/scholar?cites=12166270147843241558&as_sdt=2005&sciodt=1,5&hl=en"}, {"num_versions": 5, "url_citation": null, "title": "Wikis in the classroom: Opportunities and challenges", "url": "http://jpworkman.com/wiki/images/f/f8/MER_2008_Wikis_in_the_Classroom.pdf", "url_versions": "http://scholar.google.com/scholar?cluster=6779528322642106740&hl=en&as_sdt=1,5&sciodt=1,5&as_vis=1", "year": "2008", "excerpt": "This paper describes the development of a wiki in a Principles of Marketing class. Over the course of the semester students in two sections of the class created over 1,300 articles about the city of Omaha. Over 20 guests from a variety of organizations attended at least one  ...", "url_pdf": "http://jpworkman.com/wiki/images/f/f8/MER_2008_Wikis_in_the_Classroom.pdf", "num_citations": 33, "cluster_id": "6779528322642106740", "authors": "JP Workman - Marketing Education Review", "url_citations": "http://scholar.google.com/scholar?cites=6779528322642106740&as_sdt=2005&sciodt=1,5&hl=en"}, {"num_versions": 12, "url_citation": null, "title": "Active learning in a year 2 pathology curriculum", "url": "http://onlinelibrary.wiley.com/doi/10.1111/j.1365-2929.2005.02248.x/full", "url_versions": "http://scholar.google.com/scholar?cluster=13298306353665000817&hl=en&as_sdt=1,5&sciodt=1,5&as_vis=1", "year": "2005", "excerpt": "Purpose Team-based learning (TBL) has been successfully used in non-medical curricula, but its effectiveness in medical education has not been studied extensively. We evaluated the impact of TBL on the academic performance of Year 2 medical students at Wright State  ...", "url_pdf": null, "num_citations": 123, "cluster_id": "13298306353665000817", "authors": "P Koles, S Nelson, A Stolfi, D Parmelee\u2026 - Medical  \u2026", "url_citations": "http://scholar.google.com/scholar?cites=13298306353665000817&as_sdt=2005&sciodt=1,5&hl=en"}, {"num_versions": 13, "url_citation": null, "title": "Team-based learning in therapeutics workshop sessions", "url": "http://www.ncbi.nlm.nih.gov/pmc/articles/PMC2769522/", "url_versions": "http://scholar.google.com/scholar?cluster=5159672341930502971&hl=en&as_sdt=1,5&sciodt=1,5&as_vis=1", "year": "2009", "excerpt": "Objectives To implement team-based learning in the workshop portion of a pathophysiology and therapeutics sequence of courses to promote integration of concepts across the pharmacy curriculum, provide a consistent problem-solving approach to patient care, and  ...", "url_pdf": null, "num_citations": 87, "cluster_id": "5159672341930502971", "authors": "SJ Beatty, KA Kelley, AH Metzger\u2026 - American journal of  \u2026", "url_citations": "http://scholar.google.com/scholar?cites=5159672341930502971&as_sdt=2005&sciodt=1,5&hl=en"}, {"num_versions": 2, "url_citation": null, "title": "Achieving desirable group-work outcomes through the group allocation process", "url": "http://www.emeraldinsight.com/doi/full/10.1108/13527590810860186", "url_versions": "http://scholar.google.com/scholar?cluster=11886077704472865877&hl=en&as_sdt=1,5&sciodt=1,5&as_vis=1", "year": "2008", "excerpt": "Purpose-The purpose of this paper is to consider how to form and compose work-groups for teaching and learning in diverse classrooms comprising internationally mobile students. Design/methodology/approach-This study uses survey data from 150 MBA students from  ...", "url_pdf": null, "num_citations": 20, "cluster_id": "11886077704472865877", "authors": "P Kelly - Team Performance Management: An International  \u2026", "url_citations": "http://scholar.google.com/scholar?cites=11886077704472865877&as_sdt=2005&sciodt=1,5&hl=en"}, {"num_versions": 5, "url_citation": null, "title": "Empowering students through project-based learning: Perceptions of Instructors and students in vocational education institutes in Thailand", "url": "http://cluteinstitute.com/ojs/index.php/TLC/article/view/6618", "url_versions": "http://scholar.google.com/scholar?cluster=11114333621525700506&hl=en&as_sdt=1,5&sciodt=1,5&as_vis=1", "year": "2011", "excerpt": "Abstract The purpose of this study was to identify and compare instructors' and students' perceptions of factors that contribute to the effective use of Project-Based Learning (PBL) in Thailand. The sample for the study consisted of 247 electrical technology instructors from  ...", "url_pdf": null, "num_citations": 8, "cluster_id": "11114333621525700506", "authors": "A Tongsakul, K Jitgarun\u2026 - Journal of College  \u2026", "url_citations": "http://scholar.google.com/scholar?cites=11114333621525700506&as_sdt=2005&sciodt=1,5&hl=en"}, {"num_versions": 7, "url_citation": null, "title": "Examining the linkages between team learning behaviors and team performance", "url": "http://www.emeraldinsight.com/doi/pdf/10.1108/09696470310476990", "url_versions": "http://scholar.google.com/scholar?cluster=17169333645901852557&hl=en&as_sdt=1,5&sciodt=1,5&as_vis=1", "year": "2003", "excerpt": "Despite a plethora of studies purporting that learning could occur at the individual, team and organizational levels, there is still a lack of reported empirical evidence on these linkages. Accordingly, these theoretical assumptions will be tested with empirical evidences in this  ...", "url_pdf": null, "num_citations": 61, "cluster_id": "17169333645901852557", "authors": "CCA Chan, L Lim\u2026 - The Learning  \u2026", "url_citations": "http://scholar.google.com/scholar?cites=17169333645901852557&as_sdt=2005&sciodt=1,5&hl=en"}, {"num_versions": 3, "url_citation": null, "title": "Ten anchor points for teaching principles of marketing", "url": "http://jmd.sagepub.com/content/26/2/109.short", "url_versions": "http://scholar.google.com/scholar?cluster=15295789553220093796&hl=en&as_sdt=1,5&sciodt=1,5&as_vis=1", "year": "2004", "excerpt": "Abstract Effective marketing instructors commonly share a love for their students, an affinity for the subject matter, and a devotion to continuous quality improvement. The purpose of this article is to highlight 10 anchor points for teaching Principles of Marketing, which are  ...", "url_pdf": null, "num_citations": 22, "cluster_id": "15295789553220093796", "authors": "C Tomkovick - Journal of Marketing Education", "url_citations": "http://scholar.google.com/scholar?cites=15295789553220093796&as_sdt=2005&sciodt=1,5&hl=en"}, {"num_versions": 4, "url_citation": null, "title": "Examining the effects of internal and external team learning on team performance", "url": "http://www.emeraldinsight.com/doi/pdf/10.1108/13527590310507426", "url_versions": "http://scholar.google.com/scholar?cluster=4372450888216907631&hl=en&as_sdt=1,5&sciodt=1,5&as_vis=1", "year": "2003", "excerpt": "The effectiveness of using team learning to improve team performance has been well documented in the literature, and this notion makes intuitive sense. However, little empirical research has been dedicated to the relationship between team learning and team  ...", "url_pdf": null, "num_citations": 81, "cluster_id": "4372450888216907631", "authors": "CCA Chan, C Pearson\u2026 - \u2026 : an international journal", "url_citations": "http://scholar.google.com/scholar?cites=4372450888216907631&as_sdt=2005&sciodt=1,5&hl=en"}, {"num_versions": 3, "url_citation": null, "title": "Group-based assessment as a dynamic approach to marketing education", "url": "http://jmd.sagepub.com/content/early/2009/04/02/0273475309334037.short", "url_versions": "http://scholar.google.com/scholar?cluster=15535199056186198430&hl=en&as_sdt=1,5&sciodt=1,5&as_vis=1", "year": "2009", "excerpt": "Abstract Assessment is a prominent issue in education today. However, assessment of learning often occurs only at the end of the semester to satisfy accreditation agencies. An alternative is to conduct assessments during the course, not only to assess if learning  ...", "url_pdf": null, "num_citations": 12, "cluster_id": "15535199056186198430", "authors": "P Bicen, DA Laverie - Journal of Marketing Education", "url_citations": "http://scholar.google.com/scholar?cites=15535199056186198430&as_sdt=2005&sciodt=1,5&hl=en"}, {"num_versions": 18, "url_citation": null, "title": "Medical students' attitudes about team-based learning in a pre-clinical curriculum", "url": "http://www.ncbi.nlm.nih.gov/pmc/articles/PMC2779620/", "url_versions": "http://scholar.google.com/scholar?cluster=3082785014417945468&hl=en&as_sdt=1,5&sciodt=1,5&as_vis=1", "year": "2009", "excerpt": "Background: Team-Based Learning is relatively new in medical education. Team-Based Learning was integrated into one medical school's pre-clinical curriculum in 2002. Purpose: This study compared how medical students' attitudes about the Team-Based Learning  ...", "url_pdf": null, "num_citations": 100, "cluster_id": "3082785014417945468", "authors": "DX Parmelee, D DeStephen\u2026 - Medical education online", "url_citations": "http://scholar.google.com/scholar?cites=3082785014417945468&as_sdt=2005&sciodt=1,5&hl=en"}, {"num_versions": 5, "url_citation": null, "title": "A systemic framework for case\u2010based classroom experiential learning", "url": "http://onlinelibrary.wiley.com/doi/10.1002/sres.858/abstract", "url_versions": "http://scholar.google.com/scholar?cluster=13355985687510934487&hl=en&as_sdt=1,5&sciodt=1,5&as_vis=1", "year": "2008", "excerpt": "Abstract This paper presents the two general types of cases designed for use in the classroom. It discusses how each type implies a particular instructional approach, and outlines the learning consequences of each approach. In doing so, it shows how each  ...", "url_pdf": null, "num_citations": 18, "cluster_id": "13355985687510934487", "authors": "I Georgiou, C Zahn, BJ Meira - Systems Research and  \u2026", "url_citations": "http://scholar.google.com/scholar?cites=13355985687510934487&as_sdt=2005&sciodt=1,5&hl=en"}, {"num_versions": 3, "url_citation": null, "title": "Team-based learning in an industrial/organizational psychology course", "url": "http://scholar.google.com/https://www.questia.com/library/journal/1G1-164638529/team-based-learning-in-an-industrial-organizational", "url_versions": "http://scholar.google.com/scholar?cluster=12417421139397166569&hl=en&as_sdt=1,5&sciodt=1,5&as_vis=1", "year": "2007", "excerpt": "A team-based learning approach used in an undergraduate Industrial/Organizational Psychology course required students to develop their own company using industrial/organizational psychological principles. The course structure as well as a pretest/posttest  ...", "url_pdf": null, "num_citations": 41, "cluster_id": "12417421139397166569", "authors": "A Haberyan - North American Journal of Psychology", "url_citations": "http://scholar.google.com/scholar?cites=12417421139397166569&as_sdt=2005&sciodt=1,5&hl=en"}, {"num_versions": 3, "url_citation": null, "title": "Gender differences in college of business educational experiences", "url": "http://www.tandfonline.com/doi/abs/10.3200/JOEB.83.2.95-100", "url_versions": "http://scholar.google.com/scholar?cluster=12893549629922048366&hl=en&as_sdt=1,5&sciodt=1,5&as_vis=1", "year": "2007", "excerpt": "In this article, the authors examine the effect of gender on the learning experiences of students majoring in business. The development of behaviors and attitudes, which will affect the professional practices of graduates, is crucial in the education of business majors.  ...", "url_pdf": null, "num_citations": 33, "cluster_id": "12893549629922048366", "authors": "R Kaenzig, E Hyatt, S Anderson - Journal of Education for  \u2026", "url_citations": "http://scholar.google.com/scholar?cites=12893549629922048366&as_sdt=2005&sciodt=1,5&hl=en"}, {"num_versions": 4, "url_citation": null, "title": "Metacognition and transfer: Keys to improving marketing education", "url": "http://jmd.sagepub.com/content/29/1/18.short", "url_versions": "http://scholar.google.com/scholar?cluster=5984943929120307422&hl=en&as_sdt=1,5&sciodt=1,5&as_vis=1", "year": "2007", "excerpt": "Abstract A primary purpose of marketing education is to prepare students to perform throughout their careers, and performance largely relies on transferability of knowledge. It has been demonstrated that training in metacognition, along with emphasis on transfer,  ...", "url_pdf": null, "num_citations": 20, "cluster_id": "5984943929120307422", "authors": "SP Ramocki - Journal of marketing Education", "url_citations": "http://scholar.google.com/scholar?cites=5984943929120307422&as_sdt=2005&sciodt=1,5&hl=en"}, {"num_versions": 14, "url_citation": null, "title": "Cooperative learning in the first year of undergraduate medical education", "url": "http://www.biomedcentral.com/content/pdf/1477-7819-5-136.pdf", "url_versions": "http://scholar.google.com/scholar?cluster=5794302407342357554&hl=en&as_sdt=1,5&sciodt=1,5&as_vis=1", "year": "2007", "excerpt": "Abstract Background: Despite extensive research data indicating that cooperative learning promotes higher achievement, the creation of positive relationships, and greater psychological health for students at all levels in their education, cooperative learning as a  ...", "url_pdf": "http://www.biomedcentral.com/content/pdf/1477-7819-5-136.pdf", "num_citations": 18, "cluster_id": "5794302407342357554", "authors": "R Kanthan, S Mills - World J Surg Oncol", "url_citations": "http://scholar.google.com/scholar?cites=5794302407342357554&as_sdt=2005&sciodt=1,5&hl=en"}, {"num_versions": 12, "url_citation": null, "title": "Fundamental principles and practices of team-based learning", "url": "http://scholar.google.com/https://books.google.com/books?hl=en&lr=&id=EoYBYFf38zsC&oi=fnd&pg=PA9&ots=grDPVDSJE_&sig=uCmXRHEsW2DhVsjpZlt1iklqtHY", "url_versions": "http://scholar.google.com/scholar?cluster=10350320656825736882&hl=en&as_sdt=1,5&sciodt=1,5&as_vis=1", "year": "2008", "excerpt": "Team-based learning (TBL) differs from other forms of small-group work in that it involves developing and using learning teams as an instructional strategy. As a result, implementing TBL typically requires linking each learning activity to the next and explicitly designing  ...", "url_pdf": null, "num_citations": 76, "cluster_id": "10350320656825736882", "authors": "LK Michaelsen, M Sweet - \u2026  education: A guide to using small  \u2026", "url_citations": "http://scholar.google.com/scholar?cites=10350320656825736882&as_sdt=2005&sciodt=1,5&hl=en"}, {"num_versions": 9, "url_citation": null, "title": "Teamwork orientation, group cohesiveness, and student learning: A study of the use of teams in online distance education", "url": "http://jme.sagepub.com/content/30/4/592.short", "url_versions": "http://scholar.google.com/scholar?cluster=740024224704258042&hl=en&as_sdt=1,5&sciodt=1,5&as_vis=1", "year": "2006", "excerpt": "Abstract This research examines computer-supported collaborative learning. Master's of business administration (MBA) students in an online program were surveyed to examine the extent to which an orientation toward teamwork and the development of group  ...", "url_pdf": null, "num_citations": 98, "cluster_id": "740024224704258042", "authors": "EA Williams, R Duray, V Reddy - Journal of Management  \u2026", "url_citations": "http://scholar.google.com/scholar?cites=740024224704258042&as_sdt=2005&sciodt=1,5&hl=en"}, {"num_versions": 3, "url_citation": null, "title": "Structuring the Classroom for Performance: Cooperative Learning with Instructor\u2010Assigned Teams*", "url": "http://onlinelibrary.wiley.com/doi/10.1111/1540-5915.00002/full", "url_versions": "http://scholar.google.com/scholar?cluster=13343450943167079808&hl=en&as_sdt=1,5&sciodt=1,5&as_vis=1", "year": "2003", "excerpt": "ABSTRACT The main concern is a longstanding one in classroom instruction\u2014the determinants of effective team performance. The paper explicitly examines the effect of teacher-controlled factors on the use and functioning of student teams. From a sample of  ...", "url_pdf": null, "num_citations": 64, "cluster_id": "13343450943167079808", "authors": "GD Koppenhaver, CB Shrader - Decision sciences Journal of  \u2026", "url_citations": "http://scholar.google.com/scholar?cites=13343450943167079808&as_sdt=2005&sciodt=1,5&hl=en"}, {"num_versions": 3, "url_citation": null, "title": "Student\u2010to\u2010Student Interaction Revisited: A Case Study of Working Adult Business Students in Online Courses*", "url": "http://onlinelibrary.wiley.com/doi/10.1111/j.1540-4609.2009.00224.x/pdf", "url_versions": "http://scholar.google.com/scholar?cluster=16057898560609292589&hl=en&as_sdt=1,5&sciodt=1,5&as_vis=1", "year": "2009", "excerpt": "ABSTRACT Faculty teaching in online environments are universally encouraged to incorporate a variety of student-to-student learning activities into their courses. Although there is a body of both theoretical and empirical work supporting this, adult professional  ...", "url_pdf": null, "num_citations": 40, "cluster_id": "16057898560609292589", "authors": "DL Kellogg, MA Smith - Decision Sciences Journal of  \u2026", "url_citations": "http://scholar.google.com/scholar?cites=16057898560609292589&as_sdt=2005&sciodt=1,5&hl=en"}, {"num_versions": 3, "url_citation": null, "title": "Benefits and problems with student teams: Suggestions for improving team projects", "url": "http://www.tandfonline.com/doi/abs/10.3200/JOEB.82.1.11-19", "url_versions": "http://scholar.google.com/scholar?cluster=16583422390959150189&hl=en&as_sdt=1,5&sciodt=1,5&as_vis=1", "year": "2006", "excerpt": "Business school faculty have been placing students into teams for group projects for many years, with mixed results. Obvious benefits accrue in using teams, but so do numerous problems. One of the main issues is that many business faculty often place students in  ...", "url_pdf": null, "num_citations": 169, "cluster_id": "16583422390959150189", "authors": "RS Hansen - Journal of Education for Business", "url_citations": "http://scholar.google.com/scholar?cites=16583422390959150189&as_sdt=2005&sciodt=1,5&hl=en"}, {"num_versions": 6, "url_citation": null, "title": "Increasing international and domestic student interaction through group work: a case study from the humanities", "url": "http://www.tandfonline.com/doi/abs/10.1080/07294360.2012.669748", "url_versions": "http://scholar.google.com/scholar?cluster=12557460629186049171&hl=en&as_sdt=1,5&sciodt=1,5&as_vis=1", "year": "2012", "excerpt": "This article explores the use of group work strategies to increase student interaction and learning. Despite the growing linguistic and cultural diversity in tertiary institutions, there is strong evidence of minimal interaction between 'domestic'and 'international'students in  ...", "url_pdf": null, "num_citations": 14, "cluster_id": "12557460629186049171", "authors": "K Cruickshank, H Chen, S Warren - Higher Education Research &  \u2026", "url_citations": "http://scholar.google.com/scholar?cites=12557460629186049171&as_sdt=2005&sciodt=1,5&hl=en"}, {"num_versions": 22, "url_citation": null, "title": "Improving students' critica", "url": "http://citeseerx.ist.psu.edu/viewdoc/download?doi=10.1.1.365.8609&rep=rep1&type=pdf", "url_versions": "http://scholar.google.com/scholar?cluster=4470145681017235375&hl=en&as_sdt=1,5&sciodt=1,5&as_vis=1", "year": "2012", "excerpt": "ABSTRACT Business professors continue to fac students for the workplace. College studen employers, such as critical thinking, creati teamwork skills. Traditional classroom me adequate student participation and skill de client-based, classroom projects, are yield To  ...", "url_pdf": null, "num_citations": 7, "cluster_id": "4470145681017235375", "authors": "GL Geissler, SW Edison, JP Wayland -", "url_citations": "http://scholar.google.com/scholar?cites=4470145681017235375&as_sdt=2005&sciodt=1,5&hl=en"}, {"num_versions": 6, "url_citation": null, "title": "Multicultural influences on group learning: A qualitative higher education study", "url": "http://www.tandfonline.com/doi/abs/10.1080/02602930601125665", "url_versions": "http://scholar.google.com/scholar?cluster=15637964010759477454&hl=en&as_sdt=1,5&sciodt=1,5&as_vis=1", "year": "2008", "excerpt": "Although the literature examining the usefulness of group projects is extensive, the link between cooperative learning, group performance and skills transfer in multicultural contexts remains unclear. Focus groups were conducted with a sample of 107 international and  ...", "url_pdf": null, "num_citations": 54, "cluster_id": "15637964010759477454", "authors": "A Sweeney, S Weaven, C Herington - Assessment & evaluation in  \u2026", "url_citations": "http://scholar.google.com/scholar?cites=15637964010759477454&as_sdt=2005&sciodt=1,5&hl=en"}, {"num_versions": 2, "url_citation": null, "title": "Enhancing Undergraduates' Capabilities Through Team\u2010Based Competitions: The Edward Jones Challenge", "url": "http://onlinelibrary.wiley.com/doi/10.1111/j.1540-4609.2007.00164.x/pdf", "url_versions": "http://scholar.google.com/scholar?cluster=14610645695515119502&hl=en&as_sdt=1,5&sciodt=1,5&as_vis=1", "year": "2008", "excerpt": "ABSTRACT The Edward Jones Company recently initiated financial sponsorship of team-based competitions in six undergraduate business core classes at Baylor University. The challenges were chosen to take place in an introductory freshman business class,  ...", "url_pdf": null, "num_citations": 29, "cluster_id": "14610645695515119502", "authors": "EJ Umble, M Umble, K Artz - Decision Sciences Journal of  \u2026", "url_citations": "http://scholar.google.com/scholar?cites=14610645695515119502&as_sdt=2005&sciodt=1,5&hl=en"}, {"num_versions": 4, "url_citation": null, "title": "Student Identification With Business Education Models Measurement and Relationship to Educational Outcomes", "url": "http://jme.sagepub.com/content/33/2/166.short", "url_versions": "http://scholar.google.com/scholar?cluster=6379059997422540149&hl=en&as_sdt=1,5&sciodt=1,5&as_vis=1", "year": "2009", "excerpt": "Abstract Although management scholars have provided a variety of metaphors to describe the role of students in management courses, researchers have yet to explore students' identification with the models and how they are linked to educational outcomes. This  ...", "url_pdf": null, "num_citations": 19, "cluster_id": "6379059997422540149", "authors": "JRB Halbesleben, AR Wheeler - Journal of Management  \u2026", "url_citations": "http://scholar.google.com/scholar?cites=6379059997422540149&as_sdt=2005&sciodt=1,5&hl=en"}, {"num_versions": 5, "url_citation": null, "title": "\" Teach us to learn\": Multivariate analysis of perception of success in team learning", "url": "http://www.tandfonline.com/doi/abs/10.3200/JOEB.81.1.21-28", "url_versions": "http://scholar.google.com/scholar?cluster=9074401955479734853&hl=en&as_sdt=1,5&sciodt=1,5&as_vis=1", "year": "2005", "excerpt": "Considerable attention has been given to the efficacy of team-learning pedagogy, yet the methodology remains underused among educators in institutions of higher education. We suggest that the perception of success is antecedent to greater acceptance and use of this  ...", "url_pdf": null, "num_citations": 68, "cluster_id": "9074401955479734853", "authors": "A Rassuli, JP Manzer - Journal of Education for Business", "url_citations": "http://scholar.google.com/scholar?cites=9074401955479734853&as_sdt=2005&sciodt=1,5&hl=en"}, {"num_versions": 2, "url_citation": null, "title": "Using the CPPD method of analysis for teaching case studies in the marketing management class", "url": "http://papers.ssrn.com/sol3/papers.cfm?abstract_id=2170551", "url_versions": "http://scholar.google.com/scholar?cluster=14442991104523397498&hl=en&as_sdt=1,5&sciodt=1,5&as_vis=1", "year": "2006", "excerpt": "Abstract: Teaching and research in marketing draw on tools from a number of disciplines. This paper adapts a framework from literary criticism, the CPPD Method, for use in teaching case study and demonstrates its role in enhancing the development of critical thinking  ...", "url_pdf": null, "num_citations": 7, "cluster_id": "14442991104523397498", "authors": "L Hershey, S Walker - Marketing Education Review", "url_citations": "http://scholar.google.com/scholar?cites=14442991104523397498&as_sdt=2005&sciodt=1,5&hl=en"}, {"num_versions": 3, "url_citation": null, "title": "Developing pedagogical competence: Issues and implications for marketing education", "url": "http://jmd.sagepub.com/content/early/2010/02/23/0273475309360162.abstract", "url_versions": "http://scholar.google.com/scholar?cluster=7971196323998074736&hl=en&as_sdt=1,5&sciodt=1,5&as_vis=1", "year": "2010", "excerpt": "Abstract Competence in pedagogy and research is the sine qua non of marketing educators' careers. However, there is evidence in the literature that marketing academics focus more on and are more competent in research than teaching. This imbalance, in a majority of  ...", "url_pdf": null, "num_citations": 20, "cluster_id": "7971196323998074736", "authors": "S Madhavaram, DA Laverie - Journal of Marketing Education", "url_citations": "http://scholar.google.com/scholar?cites=7971196323998074736&as_sdt=2005&sciodt=1,5&hl=en"}, {"num_versions": 2, "url_citation": null, "title": "Group work and multicultural management education", "url": "http://www.tandfonline.com/doi/abs/10.1080/08975930802671273", "url_versions": "http://scholar.google.com/scholar?cluster=12808770407575577655&hl=en&as_sdt=1,5&sciodt=1,5&as_vis=1", "year": "2009", "excerpt": "Globalization changes the composition of the adult classroom, increasing diversity and bringing new associated teaching and learning problems; problems with group work. Educators may have goals to teach transferable multicultural group working skills yet  ...", "url_pdf": null, "num_citations": 14, "cluster_id": "12808770407575577655", "authors": "P Kelly - Journal of Teaching in International Business", "url_citations": "http://scholar.google.com/scholar?cites=12808770407575577655&as_sdt=2005&sciodt=1,5&hl=en"}, {"num_versions": 3, "url_citation": null, "title": "Should business game players choose their teammates: A study with pedagogical implications", "url": "http://scholar.google.com/https://journals.tdl.org/absel/index.php/absel/article/view/419", "url_versions": "http://scholar.google.com/scholar?cluster=10494959688750062132&hl=en&as_sdt=1,5&sciodt=1,5&as_vis=1", "year": "2014", "excerpt": "Abstract Most top management business games have been designed to be team experiences. Despite the ramifications of this mandate, little research has been conducted on how the team\u00e2\u20ac\u2122 s members should be selected. The company staffing method may  ...", "url_pdf": null, "num_citations": 11, "cluster_id": "10494959688750062132", "authors": "J Wolfe, R McCoy - Developments in Business Simulation and  \u2026", "url_citations": "http://scholar.google.com/scholar?cites=10494959688750062132&as_sdt=2005&sciodt=1,5&hl=en"}, {"num_versions": 3, "url_citation": null, "title": "Experiential learning: A course design process for critical thinking", "url": "http://www.cluteinstitute.com/ojs/index.php/AJBE/article/view/6608", "url_versions": "http://scholar.google.com/scholar?cluster=11779168670967854044&hl=en&as_sdt=1,5&sciodt=1,5&as_vis=1", "year": "2011", "excerpt": "Abstract This article describes a course design process to improve the effectiveness of using experiential learning techniques to foster critical thinking skills. The authors examine prior research to identify essential dimensions of experiential learning in relation to higher  ...", "url_pdf": null, "num_citations": 9, "cluster_id": "11779168670967854044", "authors": "JG Hamilton, JM Klebba - American Journal of Business Education \u2026", "url_citations": "http://scholar.google.com/scholar?cites=11779168670967854044&as_sdt=2005&sciodt=1,5&hl=en"}, {"num_versions": 36, "url_citation": null, "title": "The essential elements of team\u2010based learning", "url": "http://onlinelibrary.wiley.com/doi/10.1002/tl.330/abstract", "url_versions": "http://scholar.google.com/scholar?cluster=16611622834530576624&hl=en&as_sdt=1,5&sciodt=1,5&as_vis=1", "year": "2008", "excerpt": "Team-based learning (TBL) possibly relies on small group interaction more heavily than any other commonly used instructional strategy in postsecondary education (for comparative discussion of different approaches, see Fink, 2004; Johnson, Johnson, and Smith, 2007; Millis and  ... ", "url_pdf": null, "num_citations": 189, "cluster_id": "16611622834530576624", "authors": "LK Michaelsen, M Sweet - New directions for teaching and  \u2026", "url_citations": "http://scholar.google.com/scholar?cites=16611622834530576624&as_sdt=2005&sciodt=1,5&hl=en"}, {"num_versions": 3, "url_citation": null, "title": "Cash for Comment Participation Money as a Mechanism for Measurement, Reward, and Formative Feedback in Active Class Participation", "url": "http://jmd.sagepub.com/content/32/1/25.short", "url_versions": "http://scholar.google.com/scholar?cluster=7866758716322947725&hl=en&as_sdt=1,5&sciodt=1,5&as_vis=1", "year": "2010", "excerpt": "Abstract An unconditioned stimulus in the form of \u201cparticipation money\u201d serves to keep track of students' comments during class discussions and extrinsically to reinforce their class participation behaviors. Using a longitudinal experiment to investigate the effect of the  ...", "url_pdf": null, "num_citations": 11, "cluster_id": "7866758716322947725", "authors": "M Chylinski - Journal of Marketing Education", "url_citations": "http://scholar.google.com/scholar?cites=7866758716322947725&as_sdt=2005&sciodt=1,5&hl=en"}, {"num_versions": 3, "url_citation": null, "title": "Enhancing student team effectiveness: Application of Myers-Briggs personality assessment in business courses", "url": "http://jmd.sagepub.com/content/27/1/41.short", "url_versions": "http://scholar.google.com/scholar?cluster=13925441757257121332&hl=en&as_sdt=1,5&sciodt=1,5&as_vis=1", "year": "2005", "excerpt": "Abstract This article examines the relationship between student perceptions of team learning experience and communication style. Student group learning perceptions were evaluated and team communication style was measured using dyads derived from Myers-Briggs  ...", "url_pdf": null, "num_citations": 51, "cluster_id": "13925441757257121332", "authors": "CH Amato, LH Amato - Journal of Marketing Education", "url_citations": "http://scholar.google.com/scholar?cites=13925441757257121332&as_sdt=2005&sciodt=1,5&hl=en"}, {"num_versions": 3, "url_citation": null, "title": "Designing a marketing course with field site visits", "url": "http://jmd.sagepub.com/content/30/3/189.short", "url_versions": "http://scholar.google.com/scholar?cluster=2429403898064854970&hl=en&as_sdt=1,5&sciodt=1,5&as_vis=1", "year": "2008", "excerpt": "Abstract A key goal of including field site visits in marketing courses is to give business students increased interaction with industry professionals and community leaders. Site visits give students a concrete idea of how different marketing disciplines work in the business  ...", "url_pdf": null, "num_citations": 11, "cluster_id": "2429403898064854970", "authors": "D Van Doren, HB Corrigan - Journal of Marketing Education", "url_citations": "http://scholar.google.com/scholar?cites=2429403898064854970&as_sdt=2005&sciodt=1,5&hl=en"}, {"num_versions": 17, "url_citation": null, "title": "Student-initiated group management strategies for more effective and enjoyable group work experiences", "url": "http://bestskills.co.uk/publications/2010Cumming%20%28Student-initiated%20group%20management%20strategies%29%20%281%29%281%29.pdf", "url_versions": "http://scholar.google.com/scholar?cluster=16957378432258910848&hl=en&as_sdt=1,5&sciodt=1,5&as_vis=1", "year": "2010", "excerpt": "Abstract This study examined whether group processes and task cohesion mediated the relationship between student-initiated group management strategies and three specific outcomes of working in groups. Undergraduate students completed a multi-section  ...", "url_pdf": "http://bestskills.co.uk/publications/2010Cumming%20%28Student-initiated%20group%20management%20strategies%29%20%281%29%281%29.pdf", "num_citations": 12, "cluster_id": "16957378432258910848", "authors": "J Cumming - Journal of Leisure, Sport & Tourism Education", "url_citations": "http://scholar.google.com/scholar?cites=16957378432258910848&as_sdt=2005&sciodt=1,5&hl=en"}, {"num_versions": 4, "url_citation": null, "title": "A model for easily incorporating team-based learning into nursing education", "url": "http://www.degruyter.com/view/j/ijnes.2010.7.1/ijnes.2010.7.1.1924/ijnes.2010.7.1.1924.xml", "url_versions": "http://scholar.google.com/scholar?cluster=15497315189149543103&hl=en&as_sdt=1,5&sciodt=1,5&as_vis=1", "year": "2010", "excerpt": "Abstract A sense of urgency exists among nurse educators to determine the best possible teaching strategies to create a rich, engaging learning environment for students. With the calls for transformation, innovation, and excellence in nursing education from the  ...", "url_pdf": null, "num_citations": 40, "cluster_id": "15497315189149543103", "authors": "HA Mennenga, T Smyer - International Journal of Nursing Education  \u2026", "url_citations": "http://scholar.google.com/scholar?cites=15497315189149543103&as_sdt=2005&sciodt=1,5&hl=en"}, {"num_versions": 3, "url_citation": null, "title": "Using the Voeks method to improve student learning in principles of marketing classes", "url": "http://jmd.sagepub.com/content/25/2/108.short", "url_versions": "http://scholar.google.com/scholar?cluster=1904615335561493307&hl=en&as_sdt=1,5&sciodt=1,5&as_vis=1", "year": "2003", "excerpt": "Abstract Inspired by the observation that most introductory marketing texts seem to contain an ever-growing list of facts and concepts, this article describes a method that helps students develop a set of study skills that will improve their learning and comprehension, as well as  ...", "url_pdf": null, "num_citations": 8, "cluster_id": "1904615335561493307", "authors": "DE Hansen - Journal of Marketing Education", "url_citations": "http://scholar.google.com/scholar?cites=1904615335561493307&as_sdt=2005&sciodt=1,5&hl=en"}, {"num_versions": 5, "url_citation": null, "title": "The use of team-based learning as an approach to increased engagement and learning for marketing students: A case study", "url": "http://jmd.sagepub.com/content/early/2012/06/28/0273475312450388.abstract", "url_versions": "http://scholar.google.com/scholar?cluster=16212428675933622366&hl=en&as_sdt=1,5&sciodt=1,5&as_vis=1", "year": "2012", "excerpt": "Abstract Marketing educators are often faced with poor preclass preparation by students, declining student interest in attending classes as the semester progresses, and student complaints regarding previous bad experiences with team assessment activities. Team- ...", "url_pdf": null, "num_citations": 12, "cluster_id": "16212428675933622366", "authors": "P Chad - Journal of Marketing Education", "url_citations": "http://scholar.google.com/scholar?cites=16212428675933622366&as_sdt=2005&sciodt=1,5&hl=en"}]