[{"num_versions": 8, "url_citation": null, "title": "Briefing in Application of Machine Learning Methods in Ion Channel Prediction", "url": "http://www.hindawi.com/journals/tswj/2015/945927/abs/", "url_versions": "http://scholar.google.com/scholar?cluster=1632615114451329326&hl=en&as_sdt=1,5&sciodt=1,5&as_vis=1", "year": "2015", "excerpt": "In cells, ion channels are one of the most important classes of membrane proteins which allow inorganic ions to move across the membrane. A wide range of biological processes are involved and regulated by the opening and closing of ion channels. Ion channels can  ...", "url_pdf": null, "num_citations": 0, "cluster_id": null, "authors": "H Lin, W Chen - The Scientific World Journal", "url_citations": null}, {"num_versions": 4, "url_citation": null, "title": "Deep learning", "url": "http://www.nature.com/nature/journal/v521/n7553/abs/nature14539.html", "url_versions": "http://scholar.google.com/scholar?cluster=5362332738201102290&hl=en&as_sdt=1,5&sciodt=1,5&as_vis=1", "year": "2015", "excerpt": "Deep learning allows computational models that are composed of multiple processing layers to learn representations of data with multiple levels of abstraction. These methods have dramatically improved the state-of-the-art in speech recognition, visual object  ...", "url_pdf": null, "num_citations": 45, "cluster_id": "5362332738201102290", "authors": "Y LeCun, Y Bengio, G Hinton - Nature", "url_citations": "http://scholar.google.com/scholar?cites=5362332738201102290&as_sdt=2005&sciodt=1,5&hl=en"}]