[{"num_versions": 3, "url_citation": null, "title": "M\u00e9tacognition et croyances motivationnelles: un mariage de raison", "url": "http://www.cairn.info/resume.php?ID_ARTICLE=RFPED_179_0095", "url_versions": "http://scholar.google.com/scholar?cluster=10607021755243903408&hl=en&as_sdt=1,5&sciodt=1,5&as_vis=1", "year": "2012", "excerpt": "Bien que l'importance des croyances motivationnelles pour l'apprentissage et la r\u00e9ussite scolaire soit passablement reconnue, les chercheurs ne se sont que r\u00e9cemment int\u00e9ress\u00e9s aux relations entre ces croyances et les aspects m\u00e9tacognitifs de l'apprentissage,  ...", "url_pdf": null, "num_citations": 9, "cluster_id": "10607021755243903408", "authors": "JL Berger, F B\u00fcchel - Revue fran\u00e7aise de p\u00e9dagogie", "url_citations": "http://scholar.google.com/scholar?cites=10607021755243903408&as_sdt=2005&sciodt=1,5&hl=en"}, {"num_versions": 2, "url_citation": null, "title": "Antecedents and consequences of students' achievement goals: A mediation analysis", "url": "http://www.sciencedirect.com/science/article/pii/S1041608013001210", "url_versions": "http://scholar.google.com/scholar?cluster=11726769330212658720&hl=en&as_sdt=1,5&sciodt=1,5&as_vis=1", "year": "2013", "excerpt": "Abstract The present study investigated the role that students' implicit theory of intelligence, achievement motives, and perceived competence jointly play as antecedents of their achievement goals and, as a consequence, of their intrinsic motivation and academic  ...", "url_pdf": null, "num_citations": 4, "cluster_id": "11726769330212658720", "authors": "FC Dinger, O Dickh\u00e4user, B Spinath\u2026 - Learning and Individual  \u2026", "url_citations": "http://scholar.google.com/scholar?cites=11726769330212658720&as_sdt=2005&sciodt=1,5&hl=en"}, {"num_versions": 2, "url_citation": null, "title": "A multidimensional investigation of deep and surface processing", "url": "http://drum.lib.umd.edu/handle/1903/11908", "url_versions": "http://scholar.google.com/scholar?cluster=6713964698919624978&hl=en&as_sdt=1,5&sciodt=1,5&as_vis=1", "year": "2011", "excerpt": "Within the psychological literature, there is the general assumption that deeper-level processing should be consistently associated with better academic performance (eg, Block, 2009). However, studies exploring the relation between depth of processing (eg, deep  ...", "url_pdf": null, "num_citations": 2, "cluster_id": "6713964698919624978", "authors": "DL Dinsmore -", "url_citations": "http://scholar.google.com/scholar?cites=6713964698919624978&as_sdt=2005&sciodt=1,5&hl=en"}, {"num_versions": 6, "url_citation": null, "title": "The relationship between affective response to social comparison and academic performance in high school", "url": "http://www.sciencedirect.com/science/article/pii/S0361476X10000044", "url_versions": "http://scholar.google.com/scholar?cluster=7967132826729752384&hl=en&as_sdt=1,5&sciodt=1,5&as_vis=1", "year": "2010", "excerpt": "The goal of the present study was to study the relationship between affective responses to social comparison and test scores among high school students. Our analyses showed that three types of responses to social comparison could be distinguished: an empathic,  ...", "url_pdf": null, "num_citations": 8, "cluster_id": "7967132826729752384", "authors": "MJPW Wehrens, AP Buunk, MJ Lubbers\u2026 - Contemporary  \u2026", "url_citations": "http://scholar.google.com/scholar?cites=7967132826729752384&as_sdt=2005&sciodt=1,5&hl=en"}, {"num_versions": 4, "url_citation": null, "title": "Buffering against performance classroom goal structures: The importance of autonomy support and classroom community", "url": "http://www.sciencedirect.com/science/article/pii/S0361476X09000423", "url_versions": "http://scholar.google.com/scholar?cluster=5639255220197416019&hl=en&as_sdt=1,5&sciodt=1,5&as_vis=1", "year": "2010", "excerpt": "The culture of schooling in the United States has become increasingly focused on outwardly proving student competence. Some achievement goal theorists suggest that a major casualty of performance-oriented classroom environments may be student motivation for  ...", "url_pdf": null, "num_citations": 59, "cluster_id": "5639255220197416019", "authors": "KD Ciani, MJ Middleton, JJ Summers\u2026 - Contemporary  \u2026", "url_citations": "http://scholar.google.com/scholar?cites=5639255220197416019&as_sdt=2005&sciodt=1,5&hl=en"}, {"num_versions": 7, "url_citation": null, "title": "To master or perform? Exploring relations between achievement goals and conceptual change learning", "url": "http://onlinelibrary.wiley.com/doi/10.1111/j.2044-8279.2012.02072.x/full", "url_versions": "http://scholar.google.com/scholar?cluster=6066245805920594310&hl=en&as_sdt=1,5&sciodt=1,5&as_vis=1", "year": "2013", "excerpt": "Background. Research is needed to explore conceptual change in relation to achievement goal orientations and depth of processing. Aims. To address this need, we examined relations between achievement goals, use of deep versus shallow processing strategies,  ...", "url_pdf": null, "num_citations": 9, "cluster_id": "6066245805920594310", "authors": "J Ranellucci, KR Muis, M Duffy, X Wang\u2026 - British Journal of  \u2026", "url_citations": "http://scholar.google.com/scholar?cites=6066245805920594310&as_sdt=2005&sciodt=1,5&hl=en"}, {"num_versions": 5, "url_citation": null, "title": "How do veterinary students' motivation and study practices relate to academic success?", "url": "http://jvme.utpjournals.press/doi/abs/10.3138/jvme.38.3.298", "url_versions": "http://scholar.google.com/scholar?cluster=17824001942602424550&hl=en&as_sdt=1,5&sciodt=1,5&as_vis=1", "year": "2011", "excerpt": "ABSTRACT The aim of the present study was to explore the factors associated with veterinary students' study success. All veterinary students who began their studies at the University of Helsinki in 2005 participated in this qualitative longitudinal study (N= 52).  ...", "url_pdf": null, "num_citations": 5, "cluster_id": "17824001942602424550", "authors": "J Mikkonen, M Ruohoniemi - Journal of veterinary medical  \u2026", "url_citations": "http://scholar.google.com/scholar?cites=17824001942602424550&as_sdt=2005&sciodt=1,5&hl=en"}, {"num_versions": 3, "url_citation": null, "title": "The Relationship among Achievement Motivation Orientations, Achievement Goals, and Academic Achievement and Interest: A Multiple Mediation Analysis.", "url": "http://eric.ed.gov/?id=EJ960227", "url_versions": "http://scholar.google.com/scholar?cluster=5073080013951925067&hl=en&as_sdt=1,5&sciodt=1,5&as_vis=1", "year": "2011", "excerpt": "ABSTRACT The aim of the present study is to examine the relationships among achievement motivation orientations and academic achievement and interest and whether achievement goals mediate these relationships. A sample of 503 students aged 14-16  ...", "url_pdf": null, "num_citations": 11, "cluster_id": "5073080013951925067", "authors": "SM Abd-El-Fattah, RR Patrick - Australian Journal of Educational &  \u2026", "url_citations": "http://scholar.google.com/scholar?cites=5073080013951925067&as_sdt=2005&sciodt=1,5&hl=en"}, {"num_versions": 4, "url_citation": null, "title": "The role of individual interest and future goals during the first years of university studies", "url": "http://www.tandfonline.com/doi/abs/10.1080/03075079.2011.564608", "url_versions": "http://scholar.google.com/scholar?cluster=202991102646564590&hl=en&as_sdt=1,5&sciodt=1,5&as_vis=1", "year": "2013", "excerpt": "In this study, 28 university students from two different fields\u2013the humanities and veterinary medicine\u2013were interviewed. The aim was to explore the role of individual interest and future goals during the first two years of university study through retrospective interviews. The  ...", "url_pdf": null, "num_citations": 12, "cluster_id": "202991102646564590", "authors": "J Mikkonen, M Ruohoniemi\u2026 - Studies in Higher  \u2026", "url_citations": "http://scholar.google.com/scholar?cites=202991102646564590&as_sdt=2005&sciodt=1,5&hl=en"}, {"num_versions": 5, "url_citation": null, "title": "The psychology of academic achievement", "url": "http://www.annualreviews.org/doi/abs/10.1146/annurev.psych.093008.100348", "url_versions": "http://scholar.google.com/scholar?cluster=10868188226345885619&hl=en&as_sdt=1,5&sciodt=1,5&as_vis=1", "year": "2010", "excerpt": "Educational psychology has generated a prolific array of findings about factors that influence and correlate with academic achievement. We review select findings from this voluminous literature and identify two domains of psychology: heuristics that describe generic  ...", "url_pdf": null, "num_citations": 98, "cluster_id": "10868188226345885619", "authors": "PH Winne, JC Nesbit - Annual review of psychology", "url_citations": "http://scholar.google.com/scholar?cites=10868188226345885619&as_sdt=2005&sciodt=1,5&hl=en"}, {"num_versions": 4, "url_citation": null, "title": "Perceived competence and autonomy as moderators of the effects of achievement goal orientations", "url": "http://www.tandfonline.com/doi/abs/10.1080/01443410.2011.560597", "url_versions": "http://scholar.google.com/scholar?cluster=18257661931871157408&hl=en&as_sdt=1,5&sciodt=1,5&as_vis=1", "year": "2011", "excerpt": "The primary purpose of this study was to investigate the roles of two moderators\u2013perceived competence and perceived autonomy\u2013in the relationships of achievement goal orientations with a broad range of learning\u2010related variables, including interest, effort, learning  ...", "url_pdf": null, "num_citations": 15, "cluster_id": "18257661931871157408", "authors": "YJ Cho, CE Weinstein, F Wicker - Educational Psychology", "url_citations": "http://scholar.google.com/scholar?cites=18257661931871157408&as_sdt=2005&sciodt=1,5&hl=en"}, {"num_versions": 8, "url_citation": null, "title": "Needs and incentives as sources of goals", "url": "http://scholar.google.com/https://books.google.com/books?hl=en&lr=&id=xNKy-jZEw6YC&oi=fnd&pg=PA115&ots=1mC9TBPLYY&sig=SsKigNzkRuEZSLae0gRFI0k3X1I", "url_versions": "http://scholar.google.com/scholar?cluster=3495300554813093814&hl=en&as_sdt=1,5&sciodt=1,5&as_vis=1", "year": "2011", "excerpt": "T o clarify what researchers may have in mind when referring to needs (motives), incentives, and goals, let us start with a historical overview of how these terms have been used in research on motivation. Based on learning theory advanced by early animal psychologists  ...", "url_pdf": null, "num_citations": 6, "cluster_id": "3495300554813093814", "authors": "PM Gollwitzer, HB Kappes, G Oettingen - Goal-directed behavior", "url_citations": "http://scholar.google.com/scholar?cites=3495300554813093814&as_sdt=2005&sciodt=1,5&hl=en"}, {"num_versions": 2, "url_citation": null, "title": "Achievement goal systems: An application of goal systems theory to achievement goal research", "url": "http://www.cairn.info/resume.php?ID_ARTICLE=RIPSO_211_0071", "url_versions": "http://scholar.google.com/scholar?cluster=4177651268252687310&hl=en&as_sdt=1,5&sciodt=1,5&as_vis=1", "year": "2008", "excerpt": "Abstract Achievement goal researchers have demonstrated that performanceapproach goals predict grades but do not affect interest, whereas mastery-approach goals predict interest in academic subjects but do not usually predict grades (Harackiewicz, Barron,  ...", "url_pdf": null, "num_citations": 9, "cluster_id": "4177651268252687310", "authors": "S Bodmann, CS Hulleman, JM Harackiewicz - Revue internationale de  \u2026", "url_citations": "http://scholar.google.com/scholar?cites=4177651268252687310&as_sdt=2005&sciodt=1,5&hl=en"}, {"num_versions": 5, "url_citation": null, "title": "Validade incremental da Escala de Abordagens de Aprendizagem (EABAP)", "url": "http://www.scielo.br/pdf/prc/v25n4/01.pdf", "url_versions": "http://scholar.google.com/scholar?cluster=4350264507044323110&hl=en&as_sdt=1,5&sciodt=1,5&as_vis=1", "year": "2012", "excerpt": "Resumo Este trabalho investiga a validade incremental da abordagem \u00e0 aprendizagem (AbA) sobre o desempenho escolar, al\u00e9m da intelig\u00eancia. S\u00e3o analisados dados de 684 estudantes da sexta s\u00e9rie ao terceiro ano do ensino m\u00e9dio de uma escola particular de  ...", "url_pdf": "http://www.scielo.br/pdf/prc/v25n4/01.pdf", "num_citations": 3, "cluster_id": "4350264507044323110", "authors": "CMA Gomes, HF Golino - Psicologia: Reflex\u00e3o e Cr\u00edtica", "url_citations": "http://scholar.google.com/scholar?cites=4350264507044323110&as_sdt=2005&sciodt=1,5&hl=en"}, {"num_versions": 3, "url_citation": null, "title": "Self-directed learning and higher education practices: Implications for student performance and engagement", "url": "http://0-mountainrise.wcu.edu.wncln.wncln.org/index.php/MtnRise/article/view/166", "url_versions": "http://scholar.google.com/scholar?cluster=16453076433478718699&hl=en&as_sdt=1,5&sciodt=1,5&as_vis=1", "year": "2012", "excerpt": "Abstract Self-directed learning (SDL) is associated with a number of characteristics which are emphasized within the higher education curriculum. There is some question, however, regarding the degree to which higher education is compatible with SDL. We consider that  ...", "url_pdf": null, "num_citations": 4, "cluster_id": "16453076433478718699", "authors": "A Francis, A Flanigan - Mountain Rise", "url_citations": "http://scholar.google.com/scholar?cites=16453076433478718699&as_sdt=2005&sciodt=1,5&hl=en"}, {"num_versions": 0, "url_citation": null, "title": "The interactive effects of personal achievement goals and performance feedback in an undergraduate science class", "url": "http://www.tandfonline.com/doi/abs/10.1080/00220973.2012.738257", "url_versions": null, "year": "2013", "excerpt": "The authors explored whether manipulating feedback influenced cognition, motivation, and achievement in an undergraduate chemistry course. They measured students'(N= 250) achievement goals, test anxiety, self-efficacy, and metacognitive strategy use at the  ...", "url_pdf": null, "num_citations": 2, "cluster_id": "7115571447623301472", "authors": "KR Muis, J Ranellucci, GM Franco\u2026 - The Journal of  \u2026", "url_citations": "http://scholar.google.com/scholar?cites=7115571447623301472&as_sdt=2005&sciodt=1,5&hl=en"}, {"num_versions": 6, "url_citation": null, "title": "Stability and change in adolescents' task-specific achievement goals and implications for learning mathematics with intelligent tutors", "url": "http://www.sciencedirect.com/science/article/pii/S0747563214002180", "url_versions": "http://scholar.google.com/scholar?cluster=9361414481670790711&hl=en&as_sdt=1,5&sciodt=1,5&as_vis=1", "year": "2014", "excerpt": "Abstract Individuals' achievement goals are known to influence learning behaviors and academic achievement. However, prior research also indicates that undergraduates' achievement goals for psychology coursework vary from assignment to assignment. The  ...", "url_pdf": null, "num_citations": 5, "cluster_id": "9361414481670790711", "authors": "ML Bernacki, V Aleven, TJ Nokes-Malach - Computers in Human Behavior", "url_citations": "http://scholar.google.com/scholar?cites=9361414481670790711&as_sdt=2005&sciodt=1,5&hl=en"}, {"num_versions": 3, "url_citation": null, "title": "Predictive relationships between adult students' achievement goal orientations, course evaluations, and performance", "url": "http://www.sciencedirect.com/science/article/pii/S0883035513000359", "url_versions": "http://scholar.google.com/scholar?cluster=11472548791916924691&hl=en&as_sdt=1,5&sciodt=1,5&as_vis=1", "year": "2013", "excerpt": "Abstract We examined the predictive relations between adult students' achievement goal orientations, course evaluations and performance. The data were collected from 88 Finnish National Defence University students during one course that comprised of two distinct  ...", "url_pdf": null, "num_citations": 10, "cluster_id": "11472548791916924691", "authors": "AT Pulkka, M Niemivirta - International journal of educational research", "url_citations": "http://scholar.google.com/scholar?cites=11472548791916924691&as_sdt=2005&sciodt=1,5&hl=en"}, {"num_versions": 3, "url_citation": null, "title": "Development of achievement motivation and engagement", "url": "http://onlinelibrary.wiley.com/doi/10.1002/9781118963418.childpsy316/full", "url_versions": "http://scholar.google.com/scholar?cluster=10939020500193898796&hl=en&as_sdt=1,5&sciodt=1,5&as_vis=1", "year": "2015", "excerpt": "Abstract In this chapter we review the research on the development of children's motivation and engagement. We organize our review into four major sections: the development of children's achievement motivation; gender, cultural, and ethnic differences in children's  ...", "url_pdf": null, "num_citations": 5, "cluster_id": "10939020500193898796", "authors": "A Wigfield, JS Eccles, JA Fredricks\u2026 - Handbook of Child  \u2026", "url_citations": "http://scholar.google.com/scholar?cites=10939020500193898796&as_sdt=2005&sciodt=1,5&hl=en"}, {"num_versions": 10, "url_citation": null, "title": "The role of working memory in achievement goal pursuit", "url": "http://www.sciencedirect.com/science/article/pii/S0001691813001649", "url_versions": "http://scholar.google.com/scholar?cluster=1448734740629035292&hl=en&as_sdt=1,5&sciodt=1,5&as_vis=1", "year": "2013", "excerpt": "Abstract The present research examined the role of working memory in the pursuit of qualitatively different achievement goals. Pursuit of a mastery-approach goal entails a focus on developing self-referential competence while a performance-approach goal entails a  ...", "url_pdf": null, "num_citations": 2, "cluster_id": "1448734740629035292", "authors": "RE Avery, LD Smillie, JW de Fockert - Acta psychologica", "url_citations": "http://scholar.google.com/scholar?cites=1448734740629035292&as_sdt=2005&sciodt=1,5&hl=en"}, {"num_versions": 8, "url_citation": null, "title": "A critical discussion of deep and surface processing: What it means, how it is measured, the role of context, and model specification", "url": "http://link.springer.com/article/10.1007/s10648-012-9198-7", "url_versions": "http://scholar.google.com/scholar?cluster=10707756886493239945&hl=en&as_sdt=1,5&sciodt=1,5&as_vis=1", "year": "2012", "excerpt": "Abstract The prevailing assumption by some that deep processing promotes stronger learning outcomes while surface processing promotes weaker learning outcomes has been called into question by the inconsistency and ambiguity of results in investigations of the  ...", "url_pdf": null, "num_citations": 25, "cluster_id": "10707756886493239945", "authors": "DL Dinsmore, PA Alexander - Educational Psychology Review", "url_citations": "http://scholar.google.com/scholar?cites=10707756886493239945&as_sdt=2005&sciodt=1,5&hl=en"}, {"num_versions": 0, "url_citation": null, "title": "Interest in university studies: Its role and relation to other motivational variables", "url": "http://scholar.google.com/https://helda.helsinki.fi/handle/10138/28957", "url_versions": null, "year": "2012", "excerpt": "This dissertation empirically explored interest as a motivational force in university studies, including the role it currently plays and possible ways of enhancing this role as a student motivator. The general research questions were as follows: 1) What role does interest play  ...", "url_pdf": null, "num_citations": 1, "cluster_id": "3450662532223223302", "authors": "J Mikkonen -", "url_citations": "http://scholar.google.com/scholar?cites=3450662532223223302&as_sdt=2005&sciodt=1,5&hl=en"}, {"num_versions": 5, "url_citation": null, "title": "Achievement goal orientations and identity formation styles", "url": "http://www.sciencedirect.com/science/article/pii/S1747938X09000347", "url_versions": "http://scholar.google.com/scholar?cluster=11497568912290533877&hl=en&as_sdt=1,5&sciodt=1,5&as_vis=1", "year": "2010", "excerpt": "The present article points to shared underlying theoretical assumptions and central processes of a prominent academic motivation perspective\u2013achievement goal theory\u2013and recent process perspectives in the identity formation literature, and more specifically,  ...", "url_pdf": null, "num_citations": 37, "cluster_id": "11497568912290533877", "authors": "A Kaplan, H Flum - Educational Research Review", "url_citations": "http://scholar.google.com/scholar?cites=11497568912290533877&as_sdt=2005&sciodt=1,5&hl=en"}, {"num_versions": 8, "url_citation": null, "title": "Achievement goals and achievement emotions: A meta-analysis", "url": "http://link.springer.com/article/10.1007/s10648-011-9155-x", "url_versions": "http://scholar.google.com/scholar?cluster=15770524512412232035&hl=en&as_sdt=1,5&sciodt=1,5&as_vis=1", "year": "2011", "excerpt": "Abstract This meta-analysis synthesized 93 independent samples (N= 30,003) in 77 studies that reported in 78 articles examining correlations between achievement goals and achievement emotions. Achievement goals were meaningfully associated with different  ...", "url_pdf": null, "num_citations": 41, "cluster_id": "15770524512412232035", "authors": "C Huang - Educational Psychology Review", "url_citations": "http://scholar.google.com/scholar?cites=15770524512412232035&as_sdt=2005&sciodt=1,5&hl=en"}, {"num_versions": 4, "url_citation": null, "title": "Fear of failure, disorganization, and subjective well-being in the context of preparing for an exam", "url": "http://econtent.hogrefe.com/doi/full/10.1024/1421-0185/a000074", "url_versions": "http://scholar.google.com/scholar?cluster=544180324275505754&hl=en&as_sdt=1,5&sciodt=1,5&as_vis=1", "year": "2015", "excerpt": "The present study investigated the relationships between fear of failure, disorganization, and affective well-being while preparing for a college exam. The study comprised a sample of N= 280 students and used a longitudinal crosslagged design. The results of structural  ...", "url_pdf": null, "num_citations": 4, "cluster_id": "544180324275505754", "authors": "S Berger, AM Freund - Swiss Journal of Psychology/ \u2026", "url_citations": "http://scholar.google.com/scholar?cites=544180324275505754&as_sdt=2005&sciodt=1,5&hl=en"}, {"num_versions": 4, "url_citation": null, "title": "Mastery-approach goals and knowledge transfer: An investigation into the effects of task structure and framing instructions", "url": "http://www.sciencedirect.com/science/article/pii/S1041608013000228", "url_versions": "http://scholar.google.com/scholar?cluster=8889084407633572489&hl=en&as_sdt=1,5&sciodt=1,5&as_vis=1", "year": "2013", "excerpt": "Although prior work has shown that mastery-approach achievement goals are related to positive learning behaviors (eg, more interest, perseverance, and self-regulation), less is known about how these goals interact with instruction to influence knowledge transfer. To  ...", "url_pdf": null, "num_citations": 12, "cluster_id": "8889084407633572489", "authors": "DM Belenky, TJ Nokes-Malach - Learning and individual differences", "url_citations": "http://scholar.google.com/scholar?cites=8889084407633572489&as_sdt=2005&sciodt=1,5&hl=en"}, {"num_versions": 2, "url_citation": null, "title": "From perfectionism to academic adjustment: The mediating role of achievement goals", "url": "http://www.sciencedirect.com/science/article/pii/S0191886910001637", "url_versions": "http://scholar.google.com/scholar?cluster=16248668296797693673&hl=en&as_sdt=1,5&sciodt=1,5&as_vis=1", "year": "2010", "excerpt": "This study examined the mediating role of achievement goals in the differential association of self-oriented perfectionism (SOP) and socially prescribed perfectionism (SPP) with academic achievement and satisfaction of university students. Results showed that the  ...", "url_pdf": null, "num_citations": 26, "cluster_id": "16248668296797693673", "authors": "J Verner-Filion, P Gaudreau - Personality and Individual Differences", "url_citations": "http://scholar.google.com/scholar?cites=16248668296797693673&as_sdt=2005&sciodt=1,5&hl=en"}, {"num_versions": 2, "url_citation": null, "title": "Achievement goals, approaches to studying and academic attainment", "url": "http://scholar.google.com/https://books.google.com/books?hl=en&lr=&id=nWe_AAAAQBAJ&oi=fnd&pg=PA125&ots=2KPukfnYGT&sig=_iL4fc1fSmuIU0nKSh_xJvAwYhw", "url_versions": "http://scholar.google.com/scholar?cluster=7441631136266859558&hl=en&as_sdt=1,5&sciodt=1,5&as_vis=1", "year": "2014", "excerpt": "Interview-based research carried out in the 1970s demonstrated that students in higher education can adopt different approaches to their studies: a deep approach oriented towards the meaning of their course materials; a surface approach oriented towards being  ...", "url_pdf": null, "num_citations": 2, "cluster_id": "7441631136266859558", "authors": "JTE Richardson, R Remedios - Learning patterns in higher  \u2026", "url_citations": "http://scholar.google.com/scholar?cites=7441631136266859558&as_sdt=2005&sciodt=1,5&hl=en"}]