[{"num_versions": 9, "url_citation": null, "title": "Building large-scale twitter-specific sentiment lexicon: A representation learning approach", "url": "http://www.aclweb.org/website/old_anthology/C/C14/C14-1018.pdf", "url_versions": "http://scholar.google.com/scholar?cluster=18125990280299119044&hl=en&as_sdt=1,5&sciodt=1,5&as_vis=1", "year": "2014", "excerpt": "Abstract In this paper, we propose to build large-scale sentiment lexicon from Twitter with a representation learning approach. We cast sentiment lexicon learning as a phrase-level sentiment classification task. The challenges are developing effective feature  ...", "url_pdf": "http://www.aclweb.org/website/old_anthology/C/C14/C14-1018.pdf", "num_citations": 13, "cluster_id": "18125990280299119044", "authors": "D Tang, F Wei, B Qin, M Zhou, T Liu - Proceedings of COLING", "url_citations": "http://scholar.google.com/scholar?cites=18125990280299119044&as_sdt=2005&sciodt=1,5&hl=en"}, {"num_versions": 0, "url_citation": null, "title": "On metric embedding for boosting semantic similarity computations", "url": "http://scholar.google.com/https://hal.archives-ouvertes.fr/hal-01166163/", "url_versions": null, "year": "2015", "excerpt": "Computing pairwise word semantic similarity is widely used and serves as a building block in many tasks in NLP. In this paper, we explore the embedding of the shortest-path metrics from a knowledge base (Wordnet) into the Hamming hyper-cube, in order to enhance the  ...", "url_pdf": null, "num_citations": 1, "cluster_id": "14082177098634776302", "authors": "J Subercaze, C Gravier\u2026 - Association of  \u2026", "url_citations": "http://scholar.google.com/scholar?cites=14082177098634776302&as_sdt=2005&sciodt=1,5&hl=en"}, {"num_versions": 0, "url_citation": null, "title": "Learning Contextualized Semantics from Co-occurring Terms via a Siamese Architecture", "url": "http://arxiv.org/abs/1506.05514", "url_versions": null, "year": "2015", "excerpt": "Abstract: One of the biggest challenges in Multimedia information retrieval and understanding is to bridge the semantic gap by properly modeling concept semantics in context. The presence of out of vocabulary (OOV) concepts exacerbates this difficulty. To  ...", "url_pdf": null, "num_citations": 0, "cluster_id": null, "authors": "U Sandouk, K Chen - arXiv preprint arXiv:1506.05514", "url_citations": null}, {"num_versions": 6, "url_citation": null, "title": "Enriching Word Embeddings Using Knowledge Graph for Semantic Tagging in Conversational Dialog Systems", "url": "http://research.microsoft.com/pubs/238362/Celikyilmaz.pdf", "url_versions": "http://scholar.google.com/scholar?cluster=8876099795802303339&hl=en&as_sdt=1,5&sciodt=1,5&as_vis=1", "year": "2010", "excerpt": "Abstract Unsupervised word embeddings provide rich linguistic and conceptual information about words. However, they may provide weak information about domain specific semantic relations for certain tasks such as semantic parsing of natural language queries, where  ...", "url_pdf": "http://research.microsoft.com/pubs/238362/Celikyilmaz.pdf", "num_citations": 2, "cluster_id": "8876099795802303339", "authors": "A Celikyilmaz, D Hakkani-Tur, P Pasupat\u2026 - genre", "url_citations": "http://scholar.google.com/scholar?cites=8876099795802303339&as_sdt=2005&sciodt=1,5&hl=en"}]