[{"num_versions": 2, "url_citation": null, "title": "Deep Learning and its Effects on Achievement", "url": "http://www.sciencedirect.com/science/article/pii/S187704281400771X", "url_versions": "http://scholar.google.com/scholar?cluster=7646736407307039427&hl=en&as_sdt=1,5&sciodt=1,5&as_vis=1", "year": "2014", "excerpt": "Abstract Deep learning increases attention especially in studying among university students because studying in higher education focuses on knowledge synthesis, so they need to study deeply. The aims of this research were to analyze the degrees of Chulalongkorn  ...", "url_pdf": null, "num_citations": 1, "cluster_id": "7646736407307039427", "authors": "S Chotitham, S Wongwanich, N Wiratchai - Procedia-Social and Behavioral \u2026", "url_citations": "http://scholar.google.com/scholar?cites=7646736407307039427&as_sdt=2005&sciodt=1,5&hl=en"}, {"num_versions": 2, "url_citation": null, "title": "Evaluation of a Conceptual Model of Student Retention at a Public Urban Commuter University", "url": "http://ecommons.luc.edu/luc_diss/1092/", "url_versions": "http://scholar.google.com/scholar?cluster=9070755959433185811&hl=en&as_sdt=1,5&sciodt=1,5&as_vis=1", "year": "2014", "excerpt": "Abstract A new conceptual model of student retention was developed and evaluated for first-year retention and for second-year retention of students at an urban, mid-western commuter university. The model captured the joint effects of academic engagement and  ...", "url_pdf": null, "num_citations": 0, "cluster_id": null, "authors": "H Khuong -", "url_citations": null}, {"num_versions": 3, "url_citation": null, "title": "Making the mark: are grades and deep learning related?", "url": "http://link.springer.com/article/10.1007/s11162-013-9323-6", "url_versions": "http://scholar.google.com/scholar?cluster=16261450183304802282&hl=en&as_sdt=1,5&sciodt=1,5&as_vis=1", "year": "2014", "excerpt": "Abstract Assessing gains in learning has received increased attention as one dimension of institutional accountability both in the USA (Arum and Roksa, Academically adrift: Limited learning on college campuses, 2011) and abroad (OECD, http://www. oecd. org/document ...", "url_pdf": null, "num_citations": 6, "cluster_id": "16261450183304802282", "authors": "CM Campbell, AF Cabrera - Research in Higher Education", "url_citations": "http://scholar.google.com/scholar?cites=16261450183304802282&as_sdt=2005&sciodt=1,5&hl=en"}, {"num_versions": 4, "url_citation": null, "title": "The First\u2010Year Experience in Community Colleges", "url": "http://onlinelibrary.wiley.com/doi/10.1002/ir.20062/pdf", "url_versions": "http://scholar.google.com/scholar?cluster=508031765183605611&hl=en&as_sdt=1,5&sciodt=1,5&as_vis=1", "year": "2014", "excerpt": "This chapter will examine characteristics of first-year experience programs in community colleges, with specific attention to the extant research about their effectiveness, the ways in which research and program delivery can be integrated, and the unique challenges of  ...", "url_pdf": null, "num_citations": 1, "cluster_id": "508031765183605611", "authors": "T Bers, D Younger - New Directions for Institutional Research", "url_citations": "http://scholar.google.com/scholar?cites=508031765183605611&as_sdt=2005&sciodt=1,5&hl=en"}, {"num_versions": 2, "url_citation": null, "title": "Redesigning America's Community Colleges: A Clearer Path to Student Success", "url": "http://scholar.google.com/https://books.google.com/books?hl=en&lr=&id=a7O7CAAAQBAJ&oi=fnd&pg=PR5&ots=zUGu9SMfL8&sig=S7gyk6SVzELDlXl45q9i77agTAE", "url_versions": "http://scholar.google.com/scholar?cluster=18262588384936966349&hl=en&as_sdt=1,5&sciodt=1,5&as_vis=1", "year": "2015", "excerpt": "In the United States, 1,200 community colleges enroll over ten million students each year\u00e2e\" nearly half of the nation\u00e2e (tm) s undergraduates. Yet fewer than 40 percent of entrants complete an undergraduate degree within six years. This fact has put pressure on  ...", "url_pdf": null, "num_citations": 10, "cluster_id": "18262588384936966349", "authors": "TR Bailey, SS Jaggars, D Jenkins -", "url_citations": "http://scholar.google.com/scholar?cites=18262588384936966349&as_sdt=2005&sciodt=1,5&hl=en"}]