[{"num_versions": 6, "url_citation": null, "title": "Influencing undergraduate nursing students' attitudes toward mental health nursing: Acknowledging the role of theory", "url": "http://www.tandfonline.com/doi/abs/10.1080/01612840802557113", "url_versions": "http://scholar.google.com/scholar?cluster=9486142485366946379&hl=en&as_sdt=1,5&sciodt=1,5&as_vis=1", "year": "2009", "excerpt": "Most research designed to explore undergraduate nursing students' attitudes towards mental health nursing tends to uphold clinical experience as the decisive factor, with much less attention paid to the theoretical component. This paper presents the findings of a state ...", "url_pdf": null, "num_citations": 35, "cluster_id": "9486142485366946379", "authors": "B Happell - Issues in Mental Health Nursing", "url_citations": "http://scholar.google.com/scholar?cites=9486142485366946379&as_sdt=2005&sciodt=1,5&hl=en"}, {"num_versions": 9, "url_citation": null, "title": "Understanding the optimal learning environment in palliative care", "url": "http://www.sciencedirect.com/science/article/pii/S0260691710001619", "url_versions": "http://scholar.google.com/scholar?cluster=124983369273258060&hl=en&as_sdt=1,5&sciodt=1,5&as_vis=1", "year": "2011", "excerpt": "The learning experiences of student nurses undertaking clinical placement are reported widely, however little is known about the learning experiences of health professionals undertaking continuing professional development (CPD) in a clinical setting, especially in  ...", "url_pdf": null, "num_citations": 2, "cluster_id": "124983369273258060", "authors": "SE Connell, P Yates, L Barrett - Nurse education today", "url_citations": "http://scholar.google.com/scholar?cites=124983369273258060&as_sdt=2005&sciodt=1,5&hl=en"}, {"num_versions": 4, "url_citation": null, "title": "La motivation en formation: une dimension r\u00e9habilit\u00e9e dans un environnement d'apprentissage en mutation", "url": "http://www.pedagogie-medicale.org/articles/pmed/abs/2008/02/pmed20089p103/pmed20089p103.html", "url_versions": "http://scholar.google.com/scholar?cluster=7145617158730350494&hl=en&as_sdt=1,5&sciodt=1,5&as_vis=1", "year": "2008", "excerpt": "R\u00e9sum\u00e9\u2022 L'environnement d'apprentissage des \u00e9tudiants des fili\u00e8res de sant\u00e9 est en mutation dans un contexte d'usage croissant de m\u00e9thodes d'enseignement actives et d'introduction massive des technologies de l'information et de la communication.\u2022 Dans  ...", "url_pdf": null, "num_citations": 16, "cluster_id": "7145617158730350494", "authors": "T Pelaccia, H Delplancq, E Triby\u2026 - P\u00e9dagogie  \u2026", "url_citations": "http://scholar.google.com/scholar?cites=7145617158730350494&as_sdt=2005&sciodt=1,5&hl=en"}, {"num_versions": 3, "url_citation": null, "title": "The relationship between students' preferred approaches to learning and behaviors during learning: An examination of the process stage of the 3P model", "url": "http://link.springer.com/article/10.1007/s11251-013-9308-z", "url_versions": "http://scholar.google.com/scholar?cluster=12291755096040771897&hl=en&as_sdt=1,5&sciodt=1,5&as_vis=1", "year": "2014", "excerpt": "Abstract Student approaches to learning have been a popular area of research in educational psychology. One useful framework for understanding student approaches to learning is through Biggs' presage\u2013process\u2013product model. The purpose of this study is to  ...", "url_pdf": null, "num_citations": 3, "cluster_id": "12291755096040771897", "authors": "V Clinton - Instructional Science", "url_citations": "http://scholar.google.com/scholar?cites=12291755096040771897&as_sdt=2005&sciodt=1,5&hl=en"}, {"num_versions": 9, "url_citation": null, "title": "The importance of vocational and social aspects of approaches to learning for medical students", "url": "http://link.springer.com/article/10.1007/s10459-008-9143-1", "url_versions": "http://scholar.google.com/scholar?cluster=9614115471176212260&hl=en&as_sdt=1,5&sciodt=1,5&as_vis=1", "year": "2009", "excerpt": "Abstract Having performed research using approaches to learning and studying inventories and become familiar with the concepts they purport to measure, the authors were concerned that existing inventories might not capture the full range of intentions and motivations for  ...", "url_pdf": null, "num_citations": 11, "cluster_id": "9614115471176212260", "authors": "K Mattick, L Knight - Advances in health sciences education", "url_citations": "http://scholar.google.com/scholar?cites=9614115471176212260&as_sdt=2005&sciodt=1,5&hl=en"}, {"num_versions": 7, "url_citation": null, "title": "An Application of the Decision-Making Model for Democracy Education: A Sample of a Third Grade Social Sciences Lesson.", "url": "http://eric.ed.gov/?id=EJ837776", "url_versions": "http://scholar.google.com/scholar?cluster=12894394776150487342&hl=en&as_sdt=1,5&sciodt=1,5&as_vis=1", "year": "2009", "excerpt": "Abstract This research which aims at sampling the solution of a life problem using the decision making model and showing the contribution of this application to democracy education was planned in accordance with the objective research technique. Student  ...", "url_pdf": null, "num_citations": 2, "cluster_id": "12894394776150487342", "authors": "ZN Baysal - Educational sciences: theory and practice", "url_citations": "http://scholar.google.com/scholar?cites=12894394776150487342&as_sdt=2005&sciodt=1,5&hl=en"}, {"num_versions": 5, "url_citation": null, "title": "Aprender ense\u00f1ando: Elaboraci\u00f3n de materiales did\u00e1cticos que facilitan el aprendizaje aut\u00f3nomo", "url": "http://www.scielo.cl/scielo.php?pid=S0718-50062008000600004&script=sci_arttext&tlng=en", "url_versions": "http://scholar.google.com/scholar?cluster=12295455259005264074&hl=en&as_sdt=1,5&sciodt=1,5&as_vis=1", "year": "2008", "excerpt": "This paper presents an educational method developed by students and instructors from three engineering majors and two secondary schools. During the semester students were instructed to make eight videos on practical topics covered in geomatics classes. Working  ...", "url_pdf": null, "num_citations": 7, "cluster_id": "12295455259005264074", "authors": "F \u00c1lvarez, JR Rodr\u00edguez-Perez\u2026 - Formaci\u00f3n  \u2026", "url_citations": "http://scholar.google.com/scholar?cites=12295455259005264074&as_sdt=2005&sciodt=1,5&hl=en"}, {"num_versions": 4, "url_citation": null, "title": "Effects of problem-based learning combined with simulation on the basic nursing competency of nursing students", "url": "http://www.koreascience.or.kr/article/ArticleFullRecord.jsp?cn=GBGHC1_2009_v16n1_64", "url_versions": "http://scholar.google.com/scholar?cluster=1942003227793321880&hl=en&as_sdt=1,5&sciodt=1,5&as_vis=1", "year": "2009", "excerpt": "Purpose: The objective of this study was to identify the effects of problem based learning (PBL) combined with simulation on the basic nursing competency of nursing students. Method: A pretest-posttest design with a nonequivalent control group was used to  ...", "url_pdf": null, "num_citations": 48, "cluster_id": "1942003227793321880", "authors": "WS Lee, KC Cho, SH Yang, YS Roh\u2026 - Journal of Korean  \u2026", "url_citations": "http://scholar.google.com/scholar?cites=1942003227793321880&as_sdt=2005&sciodt=1,5&hl=en"}, {"num_versions": 0, "url_citation": null, "title": "Student nurse transition from traditional to problem\u2010based learning", "url": "http://onlinelibrary.wiley.com/doi/10.1111/j.1473-6861.2008.00177.x/full", "url_versions": null, "year": "2008", "excerpt": "Abstract Problem-based learning (PBL) continues to be a feature of many nursing programmes and has been the subject of a number of empirical studies. This study explored the experience of PBL of a group of registered nurses undertaking a 1 year children's  ...", "url_pdf": null, "num_citations": 18, "cluster_id": "3024376585979757926", "authors": "L Smith, V Coleman - Learning in Health and Social Care", "url_citations": "http://scholar.google.com/scholar?cites=3024376585979757926&as_sdt=2005&sciodt=1,5&hl=en"}, {"num_versions": 8, "url_citation": null, "title": "The early benefits of a problem-based approach to teaching social inclusion using an online virtual town", "url": "http://www.sciencedirect.com/science/article/pii/S1471595307000650", "url_versions": "http://scholar.google.com/scholar?cluster=5492830609101433588&hl=en&as_sdt=1,5&sciodt=1,5&as_vis=1", "year": "2008", "excerpt": "This article describes the delivery of a core pre-registration nursing and midwifery module centred on social inclusion. The module was previously delivered using a classroom-based problem-based learning approach. Difficulties with this approach led to changes to the  ...", "url_pdf": null, "num_citations": 26, "cluster_id": "5492830609101433588", "authors": "M Beadle, J Santy - Nurse Education in Practice", "url_citations": "http://scholar.google.com/scholar?cites=5492830609101433588&as_sdt=2005&sciodt=1,5&hl=en"}, {"num_versions": 0, "url_citation": null, "title": "EFFECT OF PROBLEM-BASED LEARNING ON NURSING STUDENTS'APPROACHES TO LEARNING AND THEIR SELF DIRECTED LEARNING ABILITIES.", "url": "http://search.ebscohost.com/login.aspx?direct=true&profile=ehost&scope=site&authtype=crawler&jrnl=20754124&AN=52917629&h=%2FK0sEpFA1eg699GPR43Kumw0%2Fz8hGWL9a9Bms1cy2ovCih85xCnogIxr61O9%2Bzhl9nV9lLbl0qQMlVx2hdGUdQ%3D%3D&crl=c", "url_versions": null, "year": "2010", "excerpt": "Abstract Background: Increasingly complex needs and expanding roles in the delivery of health care require professional nurses to be capable critical thinkers and self-directed learners. Problem-based learning (PBL) is promoted as a mean to facilitate critical  ...", "url_pdf": null, "num_citations": 13, "cluster_id": "13150524043209271419", "authors": "M Ali, W Gameel, NAM El Sebai - International Journal of  \u2026", "url_citations": "http://scholar.google.com/scholar?cites=13150524043209271419&as_sdt=2005&sciodt=1,5&hl=en"}, {"num_versions": 4, "url_citation": null, "title": "The effects of problem-based learning on pre-service teachers achievement, approaches and attitudes towards learning physics", "url": "http://www.academicjournals.org/journal/IJPS/article-abstract/5E5E0B126729", "url_versions": "http://scholar.google.com/scholar?cluster=5392935113630132063&hl=en&as_sdt=1,5&sciodt=1,5&as_vis=1", "year": "2010", "excerpt": "The purpose of this study was to evaluate the effects of the Problem Based Learning (PBL) method on students' achievement in and approaches and attitudes towards an introductory physics course. With the control group, a quasi-experimental pretest\u2013posttest design was  ...", "url_pdf": null, "num_citations": 23, "cluster_id": "5392935113630132063", "authors": "GS Selccedil - International Journal of Physical Sciences", "url_citations": "http://scholar.google.com/scholar?cites=5392935113630132063&as_sdt=2005&sciodt=1,5&hl=en"}, {"num_versions": 5, "url_citation": null, "title": "Mobile learning in nursing practical training: an applicability analysis", "url": "http://www.inderscienceonline.com/doi/abs/10.1504/IJMLO.2007.016175", "url_versions": "http://scholar.google.com/scholar?cluster=919402118711393442&hl=en&as_sdt=1,5&sciodt=1,5&as_vis=1", "year": "2007", "excerpt": "As the economic condition improves for most of the countries around the world, the demand for healthcare and nursing professionals have increased. However, the supply of the nurses could not keep up with the demand. Although this problem is many-fold, the necessity of  ...", "url_pdf": null, "num_citations": 5, "cluster_id": "919402118711393442", "authors": "SHM Guo, PP Chong\u2026 - International Journal of  \u2026", "url_citations": "http://scholar.google.com/scholar?cites=919402118711393442&as_sdt=2005&sciodt=1,5&hl=en"}, {"num_versions": 5, "url_citation": null, "title": "CBS \u8054\u5408 PBL \u7528\u4e8e\u5b9e\u4e60\u62a4\u751f\u4e3b\u67e5\u623f\u6559\u5b66\u7684\u7814\u7a76", "url": "http://cc.shutcm.edu.cn/G2S/eWebEditor/uploadfile/20141117132803787.pdf", "url_versions": "http://scholar.google.com/scholar?cluster=13731295629684375970&hl=en&as_sdt=1,5&sciodt=1,5&as_vis=1", "year": "2011", "excerpt": "\u6458\u8981: \u76ee\u7684\u63a2\u8ba8\u4ee5\u75c5\u4f8b\u4e3a\u5f15\u5bfc(CBS) \u8054\u5408\u4ee5\u95ee\u9898\u4e3a\u57fa\u7840\u7684\u5b66\u4e60(PBL) \u6a21\u5f0f\u6307\u5bfc\u4e0b\u7684\u5b9e\u4e60\u62a4\u751f\u4e3b\u67e5\u623f\u5728\u4e34\u5e8a\u5e26\u6559\u4e2d\u7684\u5e94\u7528\u6548\u679c. \u65b9\u6cd5\u5c06\u8f6e\u8f6c\u5b9e\u4e60\u7684\u62a4\u751f80 \u540d\u968f\u673a\u5206\u6210\u89c2\u5bdf\u7ec4\u548c\u5bf9\u7167\u7ec4\u540440 \u540d. \u89c2\u5bdf\u7ec4\u91c7\u7528\u4ee5\u62a4\u751f\u4e3a\u4e3b\u67e5\u4eba\u7684\u6559\u5b66\u67e5\u623f, \u67e5\u623f\u4e2d\u5e94\u7528CBS \u8054\u5408", "url_pdf": "http://cc.shutcm.edu.cn/G2S/eWebEditor/uploadfile/20141117132803787.pdf", "num_citations": 5, "cluster_id": "13731295629684375970", "authors": "\u5f20\u96c5\u4e3d\uff0c \u6c6a\u5c0f\u51ac\uff0c \u7ae0\u4e3d\u4e3d - \u62a4\u7406\u5b66\u6742\u5fd7", "url_citations": "http://scholar.google.com/scholar?cites=13731295629684375970&as_sdt=2005&sciodt=1,5&hl=en"}, {"num_versions": 3, "url_citation": null, "title": "Learning for practice: an analysis of the education process of graduate nurses in Malawi", "url": "http://wiredspace.wits.ac.za/handle/10539/14308", "url_versions": "http://scholar.google.com/scholar?cluster=13166477152698614115&hl=en&as_sdt=1,5&sciodt=1,5&as_vis=1", "year": "2013", "excerpt": "An analysis of the educational processes of graduate nurses followed anecdotal reports from stakeholders in Malawi on low levels of clinical performance and poor patient management skills among graduate nurses. Stakeholder observations pointed to issues  ...", "url_pdf": null, "num_citations": 1, "cluster_id": "13166477152698614115", "authors": "EB Chilemba -", "url_citations": "http://scholar.google.com/scholar?cites=13166477152698614115&as_sdt=2005&sciodt=1,5&hl=en"}, {"num_versions": 6, "url_citation": null, "title": "The Influence of two PBL curricular contexts on first-year students' understandings of PBL, approaches to learning and outcomes", "url": "http://link.springer.com/chapter/10.1007/978-94-007-2515-7_5", "url_versions": "http://scholar.google.com/scholar?cluster=10345824000226695898&hl=en&as_sdt=1,5&sciodt=1,5&as_vis=1", "year": "2012", "excerpt": "Abstract PBL curricular design aims to support students to think and act as practitioners. Therefore, students need to understand the learning context as it is designed. First-year dental students' understandings of PBL, learning approaches, and student performance at  ...", "url_pdf": null, "num_citations": 2, "cluster_id": "10345824000226695898", "authors": "T Winning, V Skinner, A Kinnell, G Townsend\u2026 - \u2026 -Based Learning in  \u2026", "url_citations": "http://scholar.google.com/scholar?cites=10345824000226695898&as_sdt=2005&sciodt=1,5&hl=en"}, {"num_versions": 5, "url_citation": null, "title": "Review of teaching methods and critical thinking skills", "url": "http://www.radiologictechnology.org/content/83/2/120.short", "url_versions": "http://scholar.google.com/scholar?cluster=13681817880563300377&hl=en&as_sdt=1,5&sciodt=1,5&as_vis=1", "year": "2011", "excerpt": "Background Critical information is needed to inform radiation science educators regarding successful critical thinking educational strategies. From an evidence-based research perspective, systematic reviews are identified as the most current and highest level of  ...", "url_pdf": null, "num_citations": 32, "cluster_id": "13681817880563300377", "authors": "N Kowalczyk - Radiologic technology", "url_citations": "http://scholar.google.com/scholar?cites=13681817880563300377&as_sdt=2005&sciodt=1,5&hl=en"}, {"num_versions": 2, "url_citation": null, "title": "Approaches to studying and study tactics of baccalaureate nursing students", "url": "http://scholar.google.com/https://books.google.com/books?hl=en&lr=&id=KxaYQf5GQP4C&oi=fnd&pg=PR8&ots=bYdkIMXUDJ&sig=PHFoE91uvy8LyVJNPpZjH3XJMCc", "url_versions": "http://scholar.google.com/scholar?cluster=14830990870270298778&hl=en&as_sdt=1,5&sciodt=1,5&as_vis=1", "year": "2007", "excerpt": "The Approaches to Study Skills Inventory for Students (ASSIST) was administered to 174 students in Anatomy and Physiology, Pathophysiology, and Nursing Care of the Adult Client. Failing students were less likely to participate. The ASSIST bad acceptable internal  ...", "url_pdf": null, "num_citations": 5, "cluster_id": "14830990870270298778", "authors": "LD Brodersen -", "url_citations": "http://scholar.google.com/scholar?cites=14830990870270298778&as_sdt=2005&sciodt=1,5&hl=en"}, {"num_versions": 4, "url_citation": null, "title": "Anatomy and physiology for nursing students: is problem-based learning effective?", "url": "http://www.profinf.net/pro3/index.php/IN/article/view/40", "url_versions": "http://scholar.google.com/scholar?cluster=1957303765674664309&hl=en&as_sdt=1,5&sciodt=1,5&as_vis=1", "year": "2013", "excerpt": "Abstract This study investigated whether problem-based learning (PBL) was an effective strategy for nursing students learning anatomy and physiology. Anatomy and physiology are subject areas that have posed long standing difficulty for nursing students. Since anatomy  ...", "url_pdf": null, "num_citations": 2, "cluster_id": "1957303765674664309", "authors": "L Mayner, D Gillham, J Sansoni - Professioni infermieristiche", "url_citations": "http://scholar.google.com/scholar?cites=1957303765674664309&as_sdt=2005&sciodt=1,5&hl=en"}, {"num_versions": 2, "url_citation": null, "title": "\u4ee5 PBL \u6a21\u5f0f\u4e3a\u5f15\u5bfc\u7684\u62a4\u751f\u4e3b\u67e5\u623f\u6548\u679c\u7814\u7a76", "url": "http://www.cqvip.com/qk/90740x/201204/42648718.html", "url_versions": "http://scholar.google.com/scholar?cluster=15142287238729266828&hl=en&as_sdt=1,5&sciodt=1,5&as_vis=1", "year": "2012", "excerpt": "\u76ee\u7684\u89c2\u5bdf\u7814\u7a76\u4ee5PBL \u6a21\u5f0f\u4e3a\u5f15\u5bfc\u7684\u62a4\u751f\u4e3b\u67e5\u623f\u5728\u4e34\u5e8a\u5e26\u6559\u4e2d\u7684\u6548\u679c. \u65b9\u6cd52009 \u5e746 \u6708-2011 \u5e743 \u6708\u5728\u957f\u6d77\u533b\u9662\u795e\u7ecf\u79d1\u5b9e\u4e60\u7684\u62a4\u751f40 \u540d, \u968f\u673a\u5206\u6210\u8bd5\u9a8c\u7ec4\u548c\u5bf9\u7167\u7ec4\u6bcf\u7ec4\u540420 \u4eba. \u8bd5\u9a8c\u7ec4\u5f00\u5c55\u4ee5\u62a4\u751f\u4e3a\u4e3b\u4f53\u5e26\u6559\u6559\u5e08\u4e3a\u5f15\u5bfc, \u5f00\u5c55PBL \u6a21\u5f0f\u7684\u6559\u5b66\u67e5\u623f. \u5bf9\u7167\u7ec4\u62a4\u751f\u4e0d\u5355\u72ec\u8d1f\u8d23 ...", "url_pdf": null, "num_citations": 3, "cluster_id": "15142287238729266828", "authors": "\u674e\u51ac\u6885\uff0c \u5218\u71d5\uff0c \u4ec7\u6b63\u82ac\uff0c \u5434\u4e1c\u7ea2\uff0c \u8096\u59ae\u59ae\uff0c \u6731\u5efa\u82f1 - \u897f\u5317\u533b\u5b66\u6559\u80b2", "url_citations": "http://scholar.google.com/scholar?cites=15142287238729266828&as_sdt=2005&sciodt=1,5&hl=en"}, {"num_versions": 9, "url_citation": null, "title": "A Conceptual Analysis on the Approaches to Learning.", "url": "http://eric.ed.gov/?id=EJ837764", "url_versions": "http://scholar.google.com/scholar?cluster=10991264949089592627&hl=en&as_sdt=1,5&sciodt=1,5&as_vis=1", "year": "2008", "excerpt": "Abstract The concept of approach to learning was first identified by Marton and Saljo in 1976. Numerous researchers have conducted studies on students' approaches to learning since 1976. There appears considerable confusion in the literature concerning the terms  ...", "url_pdf": null, "num_citations": 20, "cluster_id": "10991264949089592627", "authors": "S Ak - Educational Sciences: Theory and Practice", "url_citations": "http://scholar.google.com/scholar?cites=10991264949089592627&as_sdt=2005&sciodt=1,5&hl=en"}, {"num_versions": 2, "url_citation": null, "title": "Exploring the foundations for problem-based learning", "url": "http://scholar.google.com/https://books.google.com/books?hl=en&lr=&id=-oC98Yl0V2AC&oi=fnd&pg=PA9&ots=ad-7E7AOu4&sig=M8mF2Ce6AJjlTpq1hHM-VAo1bTU", "url_versions": "http://scholar.google.com/scholar?cluster=12267491522411690745&hl=en&as_sdt=1,5&sciodt=1,5&as_vis=1", "year": "2010", "excerpt": "This chapter provides the reader with a foundation for understanding the evolution of problem-based learning (PBL) from its beginning to current thinking on the same. It begins with a definition of PBL and considers why this is an appropriate approach for the  ...", "url_pdf": null, "num_citations": 6, "cluster_id": "12267491522411690745", "authors": "R Matheson, B Haas - Problem-based learning in health and  \u2026", "url_citations": "http://scholar.google.com/scholar?cites=12267491522411690745&as_sdt=2005&sciodt=1,5&hl=en"}, {"num_versions": 2, "url_citation": null, "title": "Factors influencing self-directed learning readiness amongst Taiwanese nursing students", "url": "http://eprints.qut.edu.au/20709/", "url_versions": "http://scholar.google.com/scholar?cluster=10797696920459587800&hl=en&as_sdt=1,5&sciodt=1,5&as_vis=1", "year": "2008", "excerpt": "Rapid scientific and technological advances in health care mean that nurses need to keep learning and engage in professional education so that they can continue to provide safe and quality care. Education programs which prepare nurses for practice as a registered nurse  ...", "url_pdf": null, "num_citations": 8, "cluster_id": "10797696920459587800", "authors": "M Huang -", "url_citations": "http://scholar.google.com/scholar?cites=10797696920459587800&as_sdt=2005&sciodt=1,5&hl=en"}, {"num_versions": 3, "url_citation": null, "title": "Problem solving strategies used by RN-to-BSN students in an online problem-based learning course", "url": "http://search.proquest.com/openview/e577477445160a3c5d0430700f37aaa5/1?pq-origsite=gscholar", "url_versions": "http://scholar.google.com/scholar?cluster=11069325917046769490&hl=en&as_sdt=1,5&sciodt=1,5&as_vis=1", "year": "2010", "excerpt": "Abstract It is essential that nursing students develop the problem solving and critical thinking skills required in the current health care environment. Problem-based learning has been promoted as a way to help students acquire those skills; however, gaps exist in the  ...", "url_pdf": null, "num_citations": 19, "cluster_id": "11069325917046769490", "authors": "NL Oldenburg, WC Hung - Journal of Nursing Education", "url_citations": "http://scholar.google.com/scholar?cites=11069325917046769490&as_sdt=2005&sciodt=1,5&hl=en"}, {"num_versions": 2, "url_citation": null, "title": "\u62a4\u58eb\u89c4\u8303\u5316\u57f9\u8bad\u5b66\u5458\u7684\u4e34\u5e8a\u7ba1\u7406", "url": "http://www.cqvip.com/qk/98596a/200705x/25336630.html", "url_versions": "http://scholar.google.com/scholar?cluster=5286362247146545886&hl=en&as_sdt=1,5&sciodt=1,5&as_vis=1", "year": "2007", "excerpt": "\u793e\u4f1a\u7684\u4e0d\u65ad\u8fdb\u6b65, \u4eba\u7c7b\u751f\u6d3b\u8d28\u91cf\u7684\u4e0d\u65ad\u6539\u5584, \u4eba\u4eec\u5bf9\u533b\u7597\u62a4\u7406\u6c34\u5e73\u7684\u8981\u6c42\u65e5\u76ca\u63d0\u9ad8. \u4e0e\u4e4b\u76f8\u5bf9\u5e94\u7684\u62a4\u7406\u4e13\u4e1a\u5728\u804c\u7ee7\u7eed\u6559\u80b2\u5374\u6ca1\u6709\u5f97\u5230\u5f88\u597d\u7684\u53d1\u5c55. \u4e3a\u4e86\u9002\u5e94\u793e\u4f1a\u7684\u9700\u8981, \u6ee1\u8db3\u4eba\u4eec\u7684\u9ad8\u5c42\u6b21\u5065\u5eb7\u9700\u6c42, \u4fc3\u8fdb\u62a4\u7406\u4e13\u4e1a\u7684\u5065\u5eb7\u53d1\u5c55, \u5728\u591a\u65b9\u8bba\u8bc1\u7684\u60c5\u51b5\u4e0b, \u6211\u9662\u8fdb\u884c\u4e86\u62a4\u58eb ...", "url_pdf": null, "num_citations": 16, "cluster_id": "5286362247146545886", "authors": "\u5ed6\u706f\u5f6c\uff0c \u5b81\u5b81\uff0c \u6e38\u6842\u82f1\uff0c \u7533\u6587\u6b66 - \u73b0\u4ee3\u62a4\u7406", "url_citations": "http://scholar.google.com/scholar?cites=5286362247146545886&as_sdt=2005&sciodt=1,5&hl=en"}, {"num_versions": 2, "url_citation": null, "title": "Learner Perception and Performance in a Problem\u2010Based Clinical Nutrition Course", "url": "http://journals.lww.com/topicsinclinicalnutrition/Abstract/2007/04000/Learner_Perception_and_Performance_in_a.2.aspx", "url_versions": "http://scholar.google.com/scholar?cluster=1061521054526041366&hl=en&as_sdt=1,5&sciodt=1,5&as_vis=1", "year": "2007", "excerpt": "Abstract Problem-based learning (PBL) for graduate-level clinical nutrition education was examined over 7 separate semesters with a test of knowledge, measures of self-perceived clinical competence, learning strategies, cognitive behaviors (eg, use of memorization,  ...", "url_pdf": null, "num_citations": 4, "cluster_id": "1061521054526041366", "authors": "B Lohse, K Shafer - Topics in Clinical Nutrition", "url_citations": "http://scholar.google.com/scholar?cites=1061521054526041366&as_sdt=2005&sciodt=1,5&hl=en"}, {"num_versions": 8, "url_citation": null, "title": "Effects of differences in problem-based learning course length on academic motivation and self-directed learning readiness in medical school students.", "url": "http://europepmc.org/abstract/med/25813616", "url_versions": "http://scholar.google.com/scholar?cluster=11687991542334414044&hl=en&as_sdt=1,5&sciodt=1,5&as_vis=1", "year": "2010", "excerpt": "PURPOSE: Problem-based learning (PBL) is an educational approach in which complex authentic problems serve as the context and stimulus for learning. PBL is designed to encourage active participation during learning. The goal of this study was to study the  ...", "url_pdf": null, "num_citations": 8, "cluster_id": "11687991542334414044", "authors": "SJ Yune, SJ Im, SH Lee, SY Baek\u2026 - Korean journal of medical  \u2026", "url_citations": "http://scholar.google.com/scholar?cites=11687991542334414044&as_sdt=2005&sciodt=1,5&hl=en"}, {"num_versions": 4, "url_citation": null, "title": "Working together: A joint initiative between academics and clinicians to prepare undergraduate nursing students to work in mental health settings", "url": "http://onlinelibrary.wiley.com/doi/10.1111/j.1447-0349.2007.00478.x/pdf", "url_versions": "http://scholar.google.com/scholar?cluster=2921506171956223074&hl=en&as_sdt=1,5&sciodt=1,5&as_vis=1", "year": "2007", "excerpt": "ABSTRACT: There is ongoing concern among mental health professionals regarding the recruitment of newly graduated nurses to this specialist nursing area. Many reasons for the problem have been identified, including the perceived inadequate preparation by the  ...", "url_pdf": null, "num_citations": 57, "cluster_id": "2921506171956223074", "authors": "J Curtis - International Journal of Mental Health Nursing", "url_citations": "http://scholar.google.com/scholar?cites=2921506171956223074&as_sdt=2005&sciodt=1,5&hl=en"}, {"num_versions": 6, "url_citation": null, "title": "The effect of problem-based learning in nursing education: a meta-analysis", "url": "http://link.springer.com/article/10.1007/s10459-012-9436-2", "url_versions": "http://scholar.google.com/scholar?cluster=15637332520852556229&hl=en&as_sdt=1,5&sciodt=1,5&as_vis=1", "year": "2013", "excerpt": "Abstract Problem-based learning (PBL) has been identified as an approach that improves the training of nurses by teaching them how to apply theory to clinical practice and by developing their problem-solving skills, which could be used to overcome environmental  ...", "url_pdf": null, "num_citations": 24, "cluster_id": "15637332520852556229", "authors": "IS Shin, JH Kim - Advances in Health Sciences Education", "url_citations": "http://scholar.google.com/scholar?cites=15637332520852556229&as_sdt=2005&sciodt=1,5&hl=en"}, {"num_versions": 7, "url_citation": null, "title": "\u62a4\u7406\u672c\u79d1\u5b9e\u4e60\u751f\u5bf9\u75c5\u4eba\u5b9e\u65bd\u4e2a\u4f53\u5316\u5065\u5eb7\u5ba3\u6559\u7684\u6548\u679c\u8bc4\u4ef7", "url": "http://cc.shutcm.edu.cn/G2S/eWebEditor/uploadfile/20141117133517449.pdf", "url_versions": "http://scholar.google.com/scholar?cluster=4675306988912638244&hl=en&as_sdt=1,5&sciodt=1,5&as_vis=1", "year": "2012", "excerpt": "\u6458\u8981:[\u76ee\u7684] \u89c2\u5bdf\u4ee5\u75c5\u4f8b\u4e3a\u5f15\u5bfc(CBS)+ \u4ee5\u95ee\u9898\u4e3a\u57fa\u7840\u7684\u6559\u5b66(PBL) \u6a21\u5f0f\u6307\u5bfc\u4e0b\u7684\u75c5\u4eba\u4e2a\u4f53\u5316\u5065\u5eb7\u5ba3\u6559\u5728\u62a4\u751f\u4e34\u5e8a\u5b9e\u4e60\u5e26\u6559\u4e2d\u7684\u5e94\u7528\u6548\u679c.[\u65b9\u6cd5] \u5c062009 \u5e746 \u6708\u20142010 \u5e743 \u6708\u5728\u6211\u9662\u8f6e\u8f6c\u5b9e\u4e60\u7684\u62a4\u751f48 \u4eba\u968f\u673a\u5206\u6210\u5b9e\u9a8c\u7ec4\u548c\u5bf9\u7167\u7ec4\u540424 \u4eba, \u5b9e\u9a8c\u7ec4\u62a4\u751f\u5bf9\u75c5\u4eba\u5b9e\u65bd\u4e2a\u4f53 ...", "url_pdf": "http://cc.shutcm.edu.cn/G2S/eWebEditor/uploadfile/20141117133517449.pdf", "num_citations": 5, "cluster_id": "4675306988912638244", "authors": "\u5f20\u96c5\u4e3d\uff0c \u6c6a\u5c0f\u51ac\uff0c \u8521\u4fca\u840d - \u62a4\u7406\u7814\u7a76", "url_citations": "http://scholar.google.com/scholar?cites=4675306988912638244&as_sdt=2005&sciodt=1,5&hl=en"}, {"num_versions": 3, "url_citation": null, "title": "Framework for adopting a problem-based learning approach in a simulated clinical setting", "url": "http://search.proquest.com/openview/6729e962c38c1027e8020d4a3c3ecb3f/1?pq-origsite=gscholar", "url_versions": "http://scholar.google.com/scholar?cluster=5065382705480918058&hl=en&as_sdt=1,5&sciodt=1,5&as_vis=1", "year": "2008", "excerpt": "Abstract The problem-based learning (PBL) approach applied in the clinical setting is different from that applied in the classroom setting. This study analyzed a learning and teaching episode in a simulated clinical situation using the PBL approach. Conversation  ...", "url_pdf": null, "num_citations": 30, "cluster_id": "5065382705480918058", "authors": "RN Frances KamYuet Wong PhD\u2026 - Journal of Nursing  \u2026", "url_citations": "http://scholar.google.com/scholar?cites=5065382705480918058&as_sdt=2005&sciodt=1,5&hl=en"}, {"num_versions": 8, "url_citation": null, "title": "Training nurses for CPR: Support for the problem-based approach", "url": "http://cnu.sagepub.com/content/9/1/50.short", "url_versions": "http://scholar.google.com/scholar?cluster=1305285377147100744&hl=en&as_sdt=1,5&sciodt=1,5&as_vis=1", "year": "2010", "excerpt": "Aim: to assess whether problem-based learning (PBL) is more effective over conventional teaching methods by comparing final resuscitation exam results of nursing students who received cardiopulmonary resuscitation (CPR) training either by traditional or by a PBL  ...", "url_pdf": null, "num_citations": 14, "cluster_id": "1305285377147100744", "authors": "I Sz\u00f6gedi, M Zr\u00ednyi, J Betlehem\u2026 - European Journal of  \u2026", "url_citations": "http://scholar.google.com/scholar?cites=1305285377147100744&as_sdt=2005&sciodt=1,5&hl=en"}, {"num_versions": 8, "url_citation": null, "title": "Migrating successful student engagement strategies online: Opportunities and challenges using jigsaw groups and problem-based learning", "url": "http://digitalcommons.uri.edu/nrs_facpubs/42/", "url_versions": "http://scholar.google.com/scholar?cluster=5830456584491929272&hl=en&as_sdt=1,5&sciodt=1,5&as_vis=1", "year": "2013", "excerpt": "Abstract Online courses may be criticized for failing to engage students. Faculty members teaching in the classroom often employ a number of strategies that capture the interest of students, but may find the migration to the online environment a daunting prospect. This  ...", "url_pdf": null, "num_citations": 7, "cluster_id": "5830456584491929272", "authors": "JA Amador, H Mederer -", "url_citations": "http://scholar.google.com/scholar?cites=5830456584491929272&as_sdt=2005&sciodt=1,5&hl=en"}, {"num_versions": 4, "url_citation": null, "title": "Critical thinking at the bedside: providing safe passage to patients", "url": "http://www.sonoma.edu/users/k/koshar/n414/Robert_Critical%20thnking%20at%20bedside.pdf", "url_versions": "http://scholar.google.com/scholar?cluster=14327815300027356374&hl=en&as_sdt=1,5&sciodt=1,5&as_vis=1", "year": "2013", "excerpt": "Between the categories of logi-cal and illogical opinions lies reasoned opinion. This process has dominion over emotion and focuses equally on process and outcome; it is called critical thinking (Paul & Elder, 2008). Critical thinking skills are widely sought in modern society.  ...", "url_pdf": "http://www.sonoma.edu/users/k/koshar/n414/Robert_Critical%20thnking%20at%20bedside.pdf", "num_citations": 7, "cluster_id": "14327815300027356374", "authors": "RR Robert, S Petersen - Med Surg Nurs", "url_citations": "http://scholar.google.com/scholar?cites=14327815300027356374&as_sdt=2005&sciodt=1,5&hl=en"}, {"num_versions": 3, "url_citation": null, "title": "Approaches to studying across the adult life span: Evidence from distance education", "url": "http://www.sciencedirect.com/science/article/pii/S104160801300071X", "url_versions": "http://scholar.google.com/scholar?cluster=1136926399046326733&hl=en&as_sdt=1,5&sciodt=1,5&as_vis=1", "year": "2013", "excerpt": "Abstract Older students in higher education exhibit more desirable forms of study behaviour than do younger students. This study investigated whether this trend continued across the adult life span, whether it was due to confounded variations in gender, subject and level of  ...", "url_pdf": null, "num_citations": 8, "cluster_id": "1136926399046326733", "authors": "JTE Richardson - Learning and individual differences", "url_citations": "http://scholar.google.com/scholar?cites=1136926399046326733&as_sdt=2005&sciodt=1,5&hl=en"}, {"num_versions": 2, "url_citation": null, "title": "The effects of Problem Based Learning (PBL) in nursing students studying through PBL curriculum", "url": "http://www.koreascience.or.kr/article/ArticleFullRecord.jsp?cn=HGHOBN_2007_v13n2_155", "url_versions": "http://scholar.google.com/scholar?cluster=15180930060024904502&hl=en&as_sdt=1,5&sciodt=1,5&as_vis=1", "year": "2007", "excerpt": "Purpose: The purpose of this research was to evaluate the effects of Problem-Based Learning (PBL) in nursing students. Method: Data was collected from 70 junior nursing students who studied through PBL curriculum from C college, by 3 times from August to  ...", "url_pdf": null, "num_citations": 11, "cluster_id": "15180930060024904502", "authors": "YY Hwang, MS Chu, CS Park - The Journal of Korean Academic  \u2026", "url_citations": "http://scholar.google.com/scholar?cites=15180930060024904502&as_sdt=2005&sciodt=1,5&hl=en"}, {"num_versions": 2, "url_citation": null, "title": "PBL \ud1b5\ud569\uad50\uacfc\uacfc\uc815\uc5d0\uc11c \ud559\uc2b5\ud55c \uac04\ud638\ud559\uc0dd\uc758 \ubb38\uc81c\uc911\uc2ec\ud559\uc2b5 \ud6a8\uacfc", "url": "http://www.papersearch.net/view/detail.asp?detail_key=1q100278", "url_versions": "http://scholar.google.com/scholar?cluster=18147608221454529648&hl=en&as_sdt=1,5&sciodt=1,5&as_vis=1", "year": "2007", "excerpt": "Purpose: The purpose of this research was to evaluate the effects of Problem-Based Learning (PBL) in nursing students. Method: Data was collected from 70 junior nursing students who studied through PBL curriculum from C college, by 3 times from August to  ...", "url_pdf": null, "num_citations": 7, "cluster_id": "18147608221454529648", "authors": "\ud669\uc724\uc601\uff0c \uc8fc\ubbfc\uc120\uff0c \ubc15\ucc3d\uc2b9 - \ud55c\uad6d\uac04\ud638\uad50\uc721\ud559\ud68c\uc9c0", "url_citations": "http://scholar.google.com/scholar?cites=18147608221454529648&as_sdt=2005&sciodt=1,5&hl=en"}, {"num_versions": 16, "url_citation": null, "title": "Doctors of interrogation", "url": "http://onlinelibrary.wiley.com/doi/10.1353/hcr.2005.0044/full", "url_versions": "http://scholar.google.com/scholar?cluster=18032155703284482826&hl=en&as_sdt=1,5&sciodt=1,5&as_vis=1", "year": "2005", "excerpt": "According to Colonel Thomas Pappas, head of military intelligence (MI) at Abu Ghraib, a physician worked alongside the psychiatrist. In his testimony to the Taguba inquiry, Pappas explained that military intelligence teams\u2014also known as \u201ctiger teams\u201d\u2014prepare  ...", "url_pdf": null, "num_citations": 17, "cluster_id": "18032155703284482826", "authors": "JH Marks - Hastings Center Report", "url_citations": "http://scholar.google.com/scholar?cites=18032155703284482826&as_sdt=2005&sciodt=1,5&hl=en"}, {"num_versions": 14, "url_citation": null, "title": "Alternative formats", "url": "http://synapse.koreamed.org/DOIx.php?id=10.3346/jkms.2014.29.2.292&vmode=PUBREADER", "url_versions": "http://scholar.google.com/scholar?cluster=359057912985162800&hl=en&as_sdt=1,5&sciodt=1,5&as_vis=1", "year": "1994", "excerpt": "Abstract A 53-yr-old man underwent radiofrequency ablation to treat persistent atrial flutter. After the procedure, the chest pain was getting worse, and the electrocardiogram showed ST-segment elevation in inferior leads with reciprocal changes. Immediate coronary  ...", "url_pdf": null, "num_citations": 10, "cluster_id": "359057912985162800", "authors": "S Yune, WJ Lee, J Hwang, E Kim\u2026 - J Korean Soc Spine \u2026", "url_citations": "http://scholar.google.com/scholar?cites=359057912985162800&as_sdt=2005&sciodt=1,5&hl=en"}, {"num_versions": 7, "url_citation": null, "title": "El ocio y los enfoques de aprendizaje en estudiantes universitarios", "url": "http://scholar.google.com/https://digitum.um.es/xmlui/handle/10201/44341", "url_versions": "http://scholar.google.com/scholar?cluster=16220982987591993942&hl=en&as_sdt=1,5&sciodt=1,5&as_vis=1", "year": "2011", "excerpt": "Se analiza la relaci\u00f3n establecida entre percepci\u00f3n de tiempo libre y ocio y enfoques de aprendizaje en estudiantes universitarios. Para ello se realiza una investigaci\u00f3n por encuesta en la que participan 210 alumnos de la Escuela de Ciencias de la Salud de la  ...", "url_pdf": null, "num_citations": 8, "cluster_id": "16220982987591993942", "authors": "AI L\u00f3pez Alonso, M L\u00f3pez-Aguado, I Gonz\u00e1lez-Mill\u00e1n\u2026 -", "url_citations": "http://scholar.google.com/scholar?cites=16220982987591993942&as_sdt=2005&sciodt=1,5&hl=en"}, {"num_versions": 8, "url_citation": null, "title": "Students' perceptions of clinical teaching and learning strategies: A Pakistani perspective", "url": "http://www.sciencedirect.com/science/article/pii/S0260691711000293", "url_versions": "http://scholar.google.com/scholar?cluster=5805247588637397119&hl=en&as_sdt=1,5&sciodt=1,5&as_vis=1", "year": "2012", "excerpt": "The complexity of the health care environment is increasing with the explosion of technology, coupled with the issues of patients' access, equity, time efficiency, and cost containment. Nursing education must focus on means that enable students to develop the  ...", "url_pdf": null, "num_citations": 14, "cluster_id": "5805247588637397119", "authors": "BA Khan, F Ali, N Vazir, R Barolia, S Rehan - Nurse education today", "url_citations": "http://scholar.google.com/scholar?cites=5805247588637397119&as_sdt=2005&sciodt=1,5&hl=en"}, {"num_versions": 2, "url_citation": null, "title": "The construction and validation of a new scale for measuring features of constructivist learning environments in higher education", "url": "http://journals.sfu.ca/flr/flr/index.php/journal/article/view/68", "url_versions": "http://scholar.google.com/scholar?cluster=13910424634542474941&hl=en&as_sdt=1,5&sciodt=1,5&as_vis=1", "year": "2014", "excerpt": "Abstract This study was aimed at mapping features of constructivist activities in higher education settings, constructing and validating a new scale for measuring their presence in lecture face-to-face based environments (LBE), seminars (SM), and distance learning  ...", "url_pdf": null, "num_citations": 3, "cluster_id": "13910424634542474941", "authors": "D Alt - Frontline learning research", "url_citations": "http://scholar.google.com/scholar?cites=13910424634542474941&as_sdt=2005&sciodt=1,5&hl=en"}]