[{"num_versions": 5, "url_citation": null, "title": "\u5927\u5b66\u6559\u5b66\u65b9\u6cd5\u4e2d\u7684\u6559\u80b2\u529f\u80fd", "url": "http://mxgc.lyu.edu.cn/uploadfile/2014415144626262.pdf", "url_versions": "http://scholar.google.com/scholar?cluster=4418220723967467854&hl=en&as_sdt=1,5&sciodt=1,5&as_vis=1", "year": "2012", "excerpt": "\u6458\u8981: \u6559\u5b66\u65b9\u6cd5\u5f80\u5f80\u53ea\u88ab\u4f5c\u4e3a\u5b9e\u73b0\u6559\u5b66\u76ee\u7684\u6216\u5b8c\u6210\u6559\u5b66\u4efb\u52a1\u7684\u624b\u6bb5, \u4e8b\u5b9e\u4e0a, \u6559\u5b66\u65b9\u6cd5\u672c\u8eab\u4e5f\u5177\u6709\u6559\u80b2\u529f\u80fd, \u9009\u62e9\u6b63\u786e\u7684\u6559\u5b66\u65b9\u6cd5\u548c\u6b63\u786e\u5730\u8fd0\u7528\u6559\u5b66\u65b9\u6cd5, \u6709\u52a9\u4e8e\u6240\u6709\u7684\u5927\u5b66\u8bfe\u7a0b\u53d1\u6325\u7efc\u5408\u7684\u6559\u80b2\u529f\u80fd, \u5c24\u5176\u662f\u5fb7\u80b2\u529f\u80fd, \u4ece\u800c\u4fc3\u8fdb\u5b66\u751f\u77e5\u8bc6, \u667a\u529b\u548c\u54c1\u5fb7\u7b49\u65b9\u9762\u7684\u7efc\u5408\u53d1\u5c55, \u6210\u4e3a\u65e2\u6709\u51fa\u8272\u7684 ...", "url_pdf": "http://mxgc.lyu.edu.cn/uploadfile/2014415144626262.pdf", "num_citations": 5, "cluster_id": "4418220723967467854", "authors": "\u53f6\u4fe1\u6cbb - \u4e2d\u56fd\u5927\u5b66\u6559\u5b66", "url_citations": "http://scholar.google.com/scholar?cites=4418220723967467854&as_sdt=2005&sciodt=1,5&hl=en"}, {"num_versions": 0, "url_citation": null, "title": "Valintakokeen ja lukion opintomenestyksen merkitys yliopisto-opintojen menestyksen ennustajina", "url": "http://scholar.google.com/https://jyx.jyu.fi/dspace/handle/123456789/26836", "url_versions": null, "year": "2011", "excerpt": "Utriainen, J. Valintakokeen ja lukion opintomenestyksen merkitys yliopisto-opintojen menestyksen ennustajina. Jyv\u00e4skyl\u00e4n yliopisto. Opettajankoulutuslaitos. Kasvatustieteen pro gradu-tutkielma (63 s.) Tutkimus oli osa Koulutuksen tutkimuslaitoksen  ...", "url_pdf": null, "num_citations": 2, "cluster_id": "17767781339078051578", "authors": "J Utriainen -", "url_citations": "http://scholar.google.com/scholar?cites=17767781339078051578&as_sdt=2005&sciodt=1,5&hl=en"}, {"num_versions": 2, "url_citation": null, "title": "The Effectiveness of Aural Instructions with Visualisations in E-Learning Environments", "url": "http://etheses.dur.ac.uk/3201/", "url_versions": "http://scholar.google.com/scholar?cluster=15935879255836835663&hl=en&as_sdt=1,5&sciodt=1,5&as_vis=1", "year": "2011", "excerpt": "Based on Mayer's (2001) model for more effective learning by exploiting the brain's dual sensory channels for information processing, this research investigates the effectiveness of using aural instructions together with visualisation in teaching the difficult concepts of data  ...", "url_pdf": null, "num_citations": 2, "cluster_id": "15935879255836835663", "authors": "F ALHOSBAN, M HAMAD -", "url_citations": "http://scholar.google.com/scholar?cites=15935879255836835663&as_sdt=2005&sciodt=1,5&hl=en"}, {"num_versions": 5, "url_citation": null, "title": "Assessing levels of student understanding in pre-service teachers using a two-cycle SOLO model", "url": "http://www.tandfonline.com/doi/abs/10.1080/13598660903052282", "url_versions": "http://scholar.google.com/scholar?cluster=1014703148060092710&hl=en&as_sdt=1,5&sciodt=1,5&as_vis=1", "year": "2009", "excerpt": "This paper reports the findings of an exploratory study concerning the development of higher-order conceptual understanding of Teaching Games for Understanding (TGfU) among physical education pre-service teachers. The development of such understandings has  ...", "url_pdf": null, "num_citations": 11, "cluster_id": "1014703148060092710", "authors": "D Dudley, D Baxter - Asia-Pacific Journal of Teacher Education", "url_citations": "http://scholar.google.com/scholar?cites=1014703148060092710&as_sdt=2005&sciodt=1,5&hl=en"}, {"num_versions": 3, "url_citation": null, "title": "Dialogic struggles and pedagogic innovation", "url": "http://www.tandfonline.com/doi/abs/10.1080/14681366.2014.891641", "url_versions": "http://scholar.google.com/scholar?cluster=11604254061258607276&hl=en&as_sdt=1,5&sciodt=1,5&as_vis=1", "year": "2014", "excerpt": "The aim of this research was to explore the way in which talk is used in teacher focus group discussions. The data from these discussions belong to a wider study on the challenges teachers face when introducing foreign-language mediated education. The research  ...", "url_pdf": null, "num_citations": 2, "cluster_id": "11604254061258607276", "authors": "J Moate - Pedagogy, Culture & Society", "url_citations": "http://scholar.google.com/scholar?cites=11604254061258607276&as_sdt=2005&sciodt=1,5&hl=en"}, {"num_versions": 3, "url_citation": null, "title": "Perspectives on decisions of researchers who examine the efficacy of the advanced certification system of the National Board for Professional Teaching Standards", "url": "http://www.sciencedirect.com/science/article/pii/S0191491X1100006X", "url_versions": "http://scholar.google.com/scholar?cluster=10906219556935566334&hl=en&as_sdt=1,5&sciodt=1,5&as_vis=1", "year": "2010", "excerpt": "Hundreds of millions of dollars in public and private funding have been spent to develop, research, and evaluate the assessment system of the National Board for Professional Teaching Standards (NBPTS). In an effort to determine if this has been money well spent,  ...", "url_pdf": null, "num_citations": 1, "cluster_id": "10906219556935566334", "authors": "TW Smith, SA Colby - Studies in Educational Evaluation", "url_citations": "http://scholar.google.com/scholar?cites=10906219556935566334&as_sdt=2005&sciodt=1,5&hl=en"}, {"num_versions": 3, "url_citation": null, "title": "Examining the mediating effect of learning strategies on the relationship between students' history interest and achievement", "url": "http://www.tandfonline.com/doi/abs/10.1080/01443410.2013.792331", "url_versions": "http://scholar.google.com/scholar?cluster=12655109499490754982&hl=en&as_sdt=1,5&sciodt=1,5&as_vis=1", "year": "2014", "excerpt": "Research into the effect of interest consistently indicated that interest positively related to students' achievement; however, the mechanism through which it affected the learning result remained an open question. This study intended to examine how learning strategies  ...", "url_pdf": null, "num_citations": 1, "cluster_id": "12655109499490754982", "authors": "Y Dan, R Todd - Educational Psychology", "url_citations": "http://scholar.google.com/scholar?cites=12655109499490754982&as_sdt=2005&sciodt=1,5&hl=en"}, {"num_versions": 2, "url_citation": null, "title": "Developing and implementing asynchronous online discussions to facilitate deep learning among trainee teachers in a non-western and non-native English speaking  \u2026", "url": "http://eprints.usq.edu.au/19613", "url_versions": "http://scholar.google.com/scholar?cluster=16968820301955028530&hl=en&as_sdt=1,5&sciodt=1,5&as_vis=1", "year": "2011", "excerpt": "This study examined how to develop and implement asynchronous online discussions using design principles and guidelines drawn from constructivist principles such that deep learning is facilitated among non-western trainee teachers who are non-native English  ...", "url_pdf": null, "num_citations": 0, "cluster_id": null, "authors": "B Oogarah-Pratap -", "url_citations": null}, {"num_versions": 2, "url_citation": null, "title": "Perspektiv p\u00e5 den svenska skolans kunskapsdiskussion", "url": "http://www.diva-portal.org/smash/record.jsf?pid=diva2:371489", "url_versions": "http://scholar.google.com/scholar?cluster=14448363315927238885&hl=en&as_sdt=1,5&sciodt=1,5&as_vis=1", "year": "2009", "excerpt": "L\u00e4roplaner och kursplaner bygger bl. a. p\u00e5 f\u00f6rest\u00e4llningar om kunskap och l\u00e4rande. Fr\u00e5gan om'kunskapssynen'har alltid varit viktig i l\u00e4roplanskonstruktion s\u00e5v\u00e4l som l\u00e4roplansforskningen. Inte endast vad som anses som viktig kunskap utan ocks\u00e5  ...", "url_pdf": null, "num_citations": 30, "cluster_id": "14448363315927238885", "authors": "I Carlgren, E Forsberg, V Lindberg -", "url_citations": "http://scholar.google.com/scholar?cites=14448363315927238885&as_sdt=2005&sciodt=1,5&hl=en"}, {"num_versions": 3, "url_citation": null, "title": "\u5b66\u4e60\u79d1\u5b66\u89c6\u57df\u4e2d\u9762\u5411\u6df1\u5ea6\u5b66\u4e60\u7684\u4fe1\u606f\u5316\u6559\u5b66\u65b9\u5f0f\u53d8\u9769", "url": "http://www.cqvip.com/qk/81536x/201304/45203830.html", "url_versions": "http://scholar.google.com/scholar?cluster=9914991248165029815&hl=en&as_sdt=1,5&sciodt=1,5&as_vis=1", "year": "2013", "excerpt": "\u4fe1\u606f\u6280\u672f\u5728\u6559\u5b66\u4e2d\u7684\u5e94\u7528\u9700\u8981\u4ece\u8fb9\u7f18\u5316\u7684\u65b9\u5f0f\u8d70\u5411\u5185\u6838\u5f0f\u7684\u5b66\u4e60\u652f\u6301, \u628a\u8d85\u8d8a\u6d45\u5c42\u5b66\u4e60, \u9762\u5411\u6df1\u5ea6\u5b66\u4e60\u89c6\u4e3a\u4fe1\u606f\u5316\u6559\u5b66\u7684\u8bc9\u6c42\u548c\u65e8\u8da3. \u8be5\u6587\u9996\u5148\u9488\u5bf9\u4fe1\u606f\u5316\u6559\u5b66\u5b9e\u8df5\u4e2d\u51fa\u73b0\u7684\u6d45\u5c42\u5b66\u4e60\u95ee\u9898, \u9610\u91ca\u4e86\u6df1\u5ea6\u5b66\u4e60\u7684\u5185\u6db5, \u5e76\u4ece\u5b66\u4e60\u79d1\u5b66\u7684\u89c6\u89d2\u5bf9\u6df1\u5ea6\u5b66\u4e60\u7684\u5185\u5728\u673a\u5236\u505a\u51fa\u4e86\u8be0\u91ca. \u8fdb\u800c\u4ece ...", "url_pdf": null, "num_citations": 5, "cluster_id": "9914991248165029815", "authors": "\u5f20\u9759\uff0c \u9648\u4f51\u6e05 - \u4e2d\u56fd\u7535\u5316\u6559\u80b2", "url_citations": "http://scholar.google.com/scholar?cites=9914991248165029815&as_sdt=2005&sciodt=1,5&hl=en"}, {"num_versions": 6, "url_citation": null, "title": "Deep education", "url": "http://jett.labosfor.com/index.php/jett/article/view/6", "url_versions": "http://scholar.google.com/scholar?cluster=12865047961536110949&hl=en&as_sdt=1,5&sciodt=1,5&as_vis=1", "year": "2010", "excerpt": "Abstract This theoretical essay is to clarify what could be a deeper approach to education and its characteristics. The deep approach is a broad phenomenon that encompasses several domains. It manifest a turning point in the way we reflect on a variety of disciplines  ...", "url_pdf": null, "num_citations": 13, "cluster_id": "12865047961536110949", "authors": "FV Tochon - Journal for Educators, Teachers and Trainers", "url_citations": "http://scholar.google.com/scholar?cites=12865047961536110949&as_sdt=2005&sciodt=1,5&hl=en"}, {"num_versions": 2, "url_citation": null, "title": "The Emergent Use of Online Learning in Secondary Education: A Preliminary Review of the Literature", "url": "http://digitalcommons.liberty.edu/cgi/viewcontent.cgi?article=1034&context=cpe", "url_versions": "http://scholar.google.com/scholar?cluster=4031967846223995492&hl=en&as_sdt=1,5&sciodt=1,5&as_vis=1", "year": "2009", "excerpt": "Abstract While the preponderance of online learning is geared toward adult learners, its use in the United States for secondary education students has been around for over a decade and has a growing literature. As online learning for adolescents gains popularity,  ...", "url_pdf": null, "num_citations": 1, "cluster_id": "4031967846223995492", "authors": "MA Lamport, K Metz - Christian Perspectives in  \u2026", "url_citations": "http://scholar.google.com/scholar?cites=4031967846223995492&as_sdt=2005&sciodt=1,5&hl=en"}, {"num_versions": 8, "url_citation": null, "title": "Learning through learning: experiential resonance in an online management course", "url": "http://www.ceeol.com/aspx/getdocument.aspx?logid=5&id=b4f149acbd384d2b919572bcc5f764e5", "url_versions": "http://scholar.google.com/scholar?cluster=5998159737741180703&hl=en&as_sdt=1,5&sciodt=1,5&as_vis=1", "year": "2013", "excerpt": "Experiential resonance is a pedagogic approach that allows learners to gain a deeper understanding of the subject matter theory by using that theory directly in the structure, dynamics, and learning spaces of the course. Learners informed about the application of  ...", "url_pdf": null, "num_citations": 2, "cluster_id": "5998159737741180703", "authors": "D Starr-Glass - International Journal of Management, Knowledge and  \u2026", "url_citations": "http://scholar.google.com/scholar?cites=5998159737741180703&as_sdt=2005&sciodt=1,5&hl=en"}, {"num_versions": 4, "url_citation": null, "title": "\u6df1\u5c42\u5b66\u4e60\u4e0e\u652f\u6301\u6df1\u5c42\u5b66\u4e60\u7684\u6559\u5b66\u7b56\u7565", "url": "http://202.205.112.35/drms_bfa/resShow/%E5%AD%A6%E7%A7%91%E5%9B%BE%E4%B9%A6%E6%83%85%E6%8A%A5/%E7%94%B5%E5%BD%B1%E5%AD%A6%E7%A7%91%E7%9A%84%E7%94%B5%E5%AD%90%E8%B5%84%E6%BA%90%E4%BF%A1%E6%81%AF/hylw_jm/H056691/pdf/h056691036.pdf", "url_versions": "http://scholar.google.com/scholar?cluster=2267317280590339882&hl=en&as_sdt=1,5&sciodt=1,5&as_vis=1", "year": "2008", "excerpt": "\u6458\u8981: \u5927\u5b66\u751f\u7684\u5b66\u4e60\u53ef\u4ee5\u5206\u4e3a\u8868\u5c42\u5b66\u4e60\u548c\u6df1\u5c42\u5b66\u4e60. \u524d\u8005\u662f\u4fe1\u606f\u590d\u5236\u578b\u5b66\u4e60. \u4f9d\u9760\u8bb0\u5fc6. \u540e\u8005\u662f\u610f\u4e49\u63a2\u5bfb\u578b\u5b66\u4e60, \u57fa\u4e8e\u7406\u89e3. \u6df1\u5c42\u5b66\u4e60\u5bf9\u5927\u5b66\u751fJl'\u5fc3\u7684\u5168\u9762\u53d1\u5c55. \u7279\u522b\u662f\u5b9e\u8df5\u80fd\u529b\u548c\u521b\u65b0\u80fd\u529b\u7684\u53d1\u5c55\u5177\u6709\u91cd\u8981\u610f\u4e49. \u56e0\u6b64. \u5927\u5b66\u5e94\u8be5\u91c7\u53d6\u4e00\u4e9b\u6709\u6548\u7684\u6559\u5b66\u7b56\u7565\u9f13\u52b1\u548c\u652f\u6301\u5927\u5b66\u751f\u8fdb\u884c ...", "url_pdf": "http://202.205.112.35/drms_bfa/resShow/%E5%AD%A6%E7%A7%91%E5%9B%BE%E4%B9%A6%E6%83%85%E6%8A%A5/%E7%94%B5%E5%BD%B1%E5%AD%A6%E7%A7%91%E7%9A%84%E7%94%B5%E5%AD%90%E8%B5%84%E6%BA%90%E4%BF%A1%E6%81%AF/hylw_jm/H056691/pdf/h056691036.pdf", "num_citations": 12, "cluster_id": "2267317280590339882", "authors": "\u53f6\u4fe1\u6cbb\uff0c \u6768\u65ed\u8f89 - \u4e2d\u56fd\u5927\u5b66\u6559\u5b66", "url_citations": "http://scholar.google.com/scholar?cites=2267317280590339882&as_sdt=2005&sciodt=1,5&hl=en"}, {"num_versions": 4, "url_citation": null, "title": "The evolution of student identity: A case of caveat emptor", "url": "http://www.tandfonline.com/doi/abs/10.1080/0309877X.2012.722200", "url_versions": "http://scholar.google.com/scholar?cluster=3690669887955334658&hl=en&as_sdt=1,5&sciodt=1,5&as_vis=1", "year": "2014", "excerpt": "Engaging students has been seen as the key to promoting their achievement in higher education institutions. However, there is an important stage prior to this: the development of a positive student identity which influences students' motivation to engage. As the student  ...", "url_pdf": null, "num_citations": 2, "cluster_id": "3690669887955334658", "authors": "L Martin, G Spolander, I Ali, B Maas - Journal of Further and Higher \u2026", "url_citations": "http://scholar.google.com/scholar?cites=3690669887955334658&as_sdt=2005&sciodt=1,5&hl=en"}, {"num_versions": 2, "url_citation": null, "title": "\u4fc3\u8fdb\u6df1\u5ea6\u5b66\u4e60\u7684\u8bfe\u5802\u6559\u5b66\u7b56\u7565\u7814\u7a76", "url": "http://www.cqvip.com/qk/81817x/201411/662418698.html", "url_versions": "http://scholar.google.com/scholar?cluster=3957590212479422441&hl=en&as_sdt=1,5&sciodt=1,5&as_vis=1", "year": "2014", "excerpt": "\u6df1\u5ea6\u5b66\u4e60\u662f\u4e00\u79cd\u57fa\u4e8e\u9ad8\u9636\u601d\u7ef4\u53d1\u5c55\u7684\u7406\u89e3\u6027\u5b66\u4e60, \u5177\u6709\u6ce8\u91cd\u6279\u5224\u7406\u89e3, \u5f3a\u8c03\u5185\u5bb9\u6574\u5408, \u4fc3\u8fdb\u77e5\u8bc6\u5efa\u6784, \u7740\u610f\u8fc1\u79fb\u8fd0\u7528\u7b49\u7279\u5f81. \u6df1\u5ea6\u5b66\u4e60\u4e0d\u4ec5\u9700\u8981\u5b66\u751f\u79ef\u6781\u4e3b\u52a8\u7684\u53c2\u4e0e, \u8fd8\u9700\u8981\u6559\u5e08\u901a\u8fc7\u786e\u7acb\u9ad8\u9636\u601d\u7ef4\u53d1\u5c55\u7684\u6559\u5b66\u76ee\u6807, \u6574\u5408\u610f\u4e49\u8054\u63a5\u7684\u5b66\u4e60\u5185\u5bb9, \u521b\u8bbe\u4fc3\u8fdb\u6df1\u5ea6\u5b66\u4e60 ...", "url_pdf": null, "num_citations": 1, "cluster_id": "3957590212479422441", "authors": "\u5b89\u5bcc\u6d77 - \u8bfe\u7a0b. \u6559\u6750. \u6559\u6cd5", "url_citations": "http://scholar.google.com/scholar?cites=3957590212479422441&as_sdt=2005&sciodt=1,5&hl=en"}]