[{"num_versions": 0, "url_citation": null, "title": "Vers un mod\u00e8le d'intervention individualis\u00e9 visant la r\u00e9ussite des \u00e9tudiants en premi\u00e8re ann\u00e9e d'\u00e9tudes postsecondaires: vue sur les facteurs reli\u00e9s \u00e0 l' \u2026", "url": "http://scholar.google.com/https://era.library.ualberta.ca/public/view/item/uuid:9575f733-43f3-4382-9985-06b64317a171/DS1/Sallustio-Jarvis_Gioia_201409.pdf", "url_versions": null, "year": "2014", "excerpt": "ABSTRACT Canada is faced with a shortage of workers in order for it to remain competitive in today's global and ferocious market place. One of the reasons which explains this problem is that Baby Boomers are retiring in hoards. As such, the State is now faced with  ...", "url_pdf": "http://scholar.google.com/https://era.library.ualberta.ca/public/view/item/uuid:9575f733-43f3-4382-9985-06b64317a171/DS1/Sallustio-Jarvis_Gioia_201409.pdf", "num_citations": 0, "cluster_id": null, "authors": "G Sallustio-Jarvis -", "url_citations": null}, {"num_versions": 2, "url_citation": null, "title": "Learner dispositions, self-theories and student engagement", "url": "http://www.tandfonline.com/doi/abs/10.1080/00071005.2014.904038", "url_versions": "http://scholar.google.com/scholar?cluster=7958893000983587461&hl=en&as_sdt=1,5&sciodt=1,5&as_vis=1", "year": "2014", "excerpt": "ABSTRACT This paper examines the concept of learner dispositions empirically and theoretically based on two related studies: one undertaken in the United Kingdom exploring students learning power, identity and their engagement in learning; and one undertaken  ...", "url_pdf": null, "num_citations": 6, "cluster_id": "7958893000983587461", "authors": "R Deakin Crick, C Goldspink - British Journal of Educational  \u2026", "url_citations": "http://scholar.google.com/scholar?cites=7958893000983587461&as_sdt=2005&sciodt=1,5&hl=en"}, {"num_versions": 6, "url_citation": null, "title": "Casualties of Schooling? 18 to 22 Year Old Students in a Tertiary Bridging Program.", "url": "http://eric.ed.gov/?id=EJ910395", "url_versions": "http://scholar.google.com/scholar?cluster=12545379217505035050&hl=en&as_sdt=1,5&sciodt=1,5&as_vis=1", "year": "2010", "excerpt": "Abstract: A sample of 81 students between the ages of 18 and 22 years in a tertiary bridging program at a regional university completed a questionnaire examining how demographics, social context, academic engagement and the ability to cope with the curriculum  ...", "url_pdf": null, "num_citations": 16, "cluster_id": "12545379217505035050", "authors": "R Whannell, B Allen, K Lynch - Australian journal of teacher education", "url_citations": "http://scholar.google.com/scholar?cites=12545379217505035050&as_sdt=2005&sciodt=1,5&hl=en"}, {"num_versions": 0, "url_citation": null, "title": "Building Success from the Ground Up: The Three-Year Student Success Initiative at Elmwood High School", "url": "http://icieworld.net/en/images/IJTDC%2012%20December%202013.pdf#page=141", "url_versions": null, "year": "2013", "excerpt": "The true value of the Student Success Initiative:\u201cWhen I first came to this school, I didn't know anything and if it wasn't for SSI, I would have left school like my cousin did, but you helped me and now I am the first one to graduate in my whole family.\u201d An SSI Graduate Keywords:  ...", "url_pdf": null, "num_citations": 1, "cluster_id": "12881929392660832148", "authors": "M Babb, J Sabourin, G Andruchuk\u2026 - International Journal for  \u2026", "url_citations": "http://scholar.google.com/scholar?cites=12881929392660832148&as_sdt=2005&sciodt=1,5&hl=en"}, {"num_versions": 8, "url_citation": null, "title": "The three block model of universal design for learning (UDL): Engaging students in inclusive education", "url": "http://cje-rce.ca/index.php/cje-rce/article/view/1159", "url_versions": "http://scholar.google.com/scholar?cluster=6730907803820321575&hl=en&as_sdt=1,5&sciodt=1,5&as_vis=1", "year": "2013", "excerpt": "Abstract Outcomes related to student academic and social engagement when the Three Block Model of Universal Design for Learning (Author, 2012) is implemented were investigated. Six hundred and seventy-one students from grades one to twelve attending  ...", "url_pdf": null, "num_citations": 18, "cluster_id": "6730907803820321575", "authors": "JN Katz - Canadian Journal of Education/Revue canadienne de l \u2026", "url_citations": "http://scholar.google.com/scholar?cites=6730907803820321575&as_sdt=2005&sciodt=1,5&hl=en"}, {"num_versions": 2, "url_citation": null, "title": "Effective Teaching and Student Engagement in the College Classroom: Using the Instructional Practices Inventory (IPI) as a Tool for Peer Observation and Self- \u2026", "url": "http://eric.ed.gov/?id=EJ972559", "url_versions": "http://scholar.google.com/scholar?cluster=16000182141576422168&hl=en&as_sdt=1,5&sciodt=1,5&as_vis=1", "year": "2012", "excerpt": "The authors present initial findings from a collaborative self-study exploring student engagement as a measure of teaching effectiveness. Focused on their college classrooms during one semester, the study pilots a peer observation model of the Instructional  ...", "url_pdf": null, "num_citations": 1, "cluster_id": "16000182141576422168", "authors": "J Hunzicker, T Lukowiak - Journal on Excellence in College Teaching", "url_citations": "http://scholar.google.com/scholar?cites=16000182141576422168&as_sdt=2005&sciodt=1,5&hl=en"}, {"num_versions": 9, "url_citation": null, "title": "Understanding how and why college students engage in learning", "url": "http://uncw.edu/cte/et/articles/vol13_1/lukowiak.pdf", "url_versions": "http://scholar.google.com/scholar?cluster=408208526764367569&hl=en&as_sdt=1,5&sciodt=1,5&as_vis=1", "year": "2013", "excerpt": "Abstract Part of a larger research project, this article presents a phenomenological self-study exploring the qualities of student engagement that occurred in one professors' college classroom over two semesters' time. The purpose of the study was to better understand  ...", "url_pdf": "http://uncw.edu/cte/et/articles/vol13_1/lukowiak.pdf", "num_citations": 1, "cluster_id": "408208526764367569", "authors": "T Lukowiak, J Hunzicker - The Journal of Effective Teaching", "url_citations": "http://scholar.google.com/scholar?cites=408208526764367569&as_sdt=2005&sciodt=1,5&hl=en"}, {"num_versions": 7, "url_citation": null, "title": "Perceptions of the effects of clicker technology on student learning and engagement: a study of freshmen Chemistry students", "url": "http://journals.co-action.net/index.php/rlt/article/view/16150", "url_versions": "http://scholar.google.com/scholar?cluster=1099007278581669650&hl=en&as_sdt=1,5&sciodt=1,5&as_vis=1", "year": "2012", "excerpt": "Abstract While technology\u2013in the form of laptops and cellphones\u2013may be the cause of much of the distraction in university and college classrooms, some, including the personal or classroom response system (PRS/CRS) or clicker, also present pedagogical opportunities  ...", "url_pdf": null, "num_citations": 22, "cluster_id": "1099007278581669650", "authors": "JL Terrion, V Aceti - Research in Learning Technology", "url_citations": "http://scholar.google.com/scholar?cites=1099007278581669650&as_sdt=2005&sciodt=1,5&hl=en"}, {"num_versions": 2, "url_citation": null, "title": "A conceptual model and set of instruments for measuring student engagement in learning", "url": "http://www.tandfonline.com/doi/abs/10.1080/0305764X.2013.776513", "url_versions": "http://scholar.google.com/scholar?cluster=6303804093591712485&hl=en&as_sdt=1,5&sciodt=1,5&as_vis=1", "year": "2013", "excerpt": "This work has its origins with research into the effects of pedagogy on student engagement and learning outcomes. It summarises the development of self-report and observation instruments for measuring student engagement suitable for early years to senior  ...", "url_pdf": null, "num_citations": 6, "cluster_id": "6303804093591712485", "authors": "C Goldspink, M Foster - Cambridge Journal of Education", "url_citations": "http://scholar.google.com/scholar?cites=6303804093591712485&as_sdt=2005&sciodt=1,5&hl=en"}, {"num_versions": 4, "url_citation": null, "title": "Szko\u0142a w cyfrowym u\u015bcisku\u2013z nadziej\u0105 nie tylko na igrzyska\u2026", "url": "http://scholar.google.com/https://www.repozytorium.amu.edu.pl/jspui/handle/10593/5937", "url_versions": "http://scholar.google.com/scholar?cluster=5412963825898105799&hl=en&as_sdt=1,5&sciodt=1,5&as_vis=1", "year": "2012", "excerpt": "Events which take place in cyberspace complement or even fi ll the day-to-day non-school social life of school-age adolescents. Within cyberspace they have access to limitless amounts of knowledge that assists the solving of any problem. The hours these  ...", "url_pdf": null, "num_citations": 1, "cluster_id": "5412963825898105799", "authors": "S Dylak -", "url_citations": "http://scholar.google.com/scholar?cites=5412963825898105799&as_sdt=2005&sciodt=1,5&hl=en"}, {"num_versions": 5, "url_citation": null, "title": "The Three-Block Model of Universal Design for Learning Implementation in a High School.", "url": "http://eric.ed.gov/?id=EJ1008728", "url_versions": "http://scholar.google.com/scholar?cluster=13876096567371477969&hl=en&as_sdt=1,5&sciodt=1,5&as_vis=1", "year": "2013", "excerpt": "The role of the school leader (principal) in supporting educational reform is explored through a case study of one high school implementing the Three Block Model of UDL (Katz, 2012a) in an effort to meet the needs of a diverse student population. This case study is a part of a  ...", "url_pdf": null, "num_citations": 6, "cluster_id": "13876096567371477969", "authors": "J Katz, R Sugden - Canadian Journal of Educational Administration and  \u2026", "url_citations": "http://scholar.google.com/scholar?cites=13876096567371477969&as_sdt=2005&sciodt=1,5&hl=en"}]