[{"num_versions": 6, "url_citation": null, "title": "Understanding student interactions with tutorial dialogues in EER-Tutor", "url": "http://ir.canterbury.ac.nz/handle/10092/8804", "url_versions": "http://scholar.google.com/scholar?cluster=7678144065830921002&hl=en&as_sdt=1,5&sciodt=1,5&as_vis=1", "year": "2014", "excerpt": "Intelligent Tutoring Systems (ITSs) have been shown to significantly improve students' learning in a variety of domains, including physics, mathematics, and thermodynamics. Tutorial dialogues is one of the strategies used by ITSs and has been empirically shown to  ...", "url_pdf": null, "num_citations": 5, "cluster_id": "7678144065830921002", "authors": "MA Elmadani -", "url_citations": "http://scholar.google.com/scholar?cites=7678144065830921002&as_sdt=2005&sciodt=1,5&hl=en"}, {"num_versions": 3, "url_citation": null, "title": "A Teaching Case for a Distance Learning Course: Teaching Digital Image Processing", "url": "http://www.igi-global.com/article/teaching-case-distance-learning-course/3211", "url_versions": "http://scholar.google.com/scholar?cluster=11760220931759500230&hl=en&as_sdt=1,5&sciodt=1,5&as_vis=1", "year": "2007", "excerpt": "Abstract Tsinghua University in Beijing, China reported a teaching case related to the experience of conducting a distance-learning course entitled \u201cDigital Image Processing.\u201d The course is at the graduate level for students of continuing education who are  ...", "url_pdf": null, "num_citations": 1, "cluster_id": "11760220931759500230", "authors": "YJ Zhang - Journal of Cases on Information Technology (JCIT)", "url_citations": "http://scholar.google.com/scholar?cites=11760220931759500230&as_sdt=2005&sciodt=1,5&hl=en"}, {"num_versions": 5, "url_citation": null, "title": "Learning by teaching agents", "url": "http://etd.library.vanderbilt.edu/ETD-db/available/etd-11282005-152744/", "url_versions": "http://scholar.google.com/scholar?cluster=2927627399048545659&hl=en&as_sdt=1,5&sciodt=1,5&as_vis=1", "year": "2005", "excerpt": "Abstract We present the design and implementation of an intelligent learning environment using an innovative multi-agent architecture scheme derived from the learning by teaching paradigm. Sixth grade students, who are domain-novices, take on the challenge of  ...", "url_pdf": null, "num_citations": 9, "cluster_id": "2927627399048545659", "authors": "T Katzlberger -", "url_citations": "http://scholar.google.com/scholar?cites=2927627399048545659&as_sdt=2005&sciodt=1,5&hl=en"}, {"num_versions": 10, "url_citation": null, "title": "Scaffolding answer explanation in a data normalization tutor", "url": "http://www.doiserbia.nb.rs/Article.aspx?ID=0353-36700502151M", "url_versions": "http://scholar.google.com/scholar?cluster=5093393565800918924&hl=en&as_sdt=1,5&sciodt=1,5&as_vis=1", "year": "2005", "excerpt": "Self-explanation is one of the most effective learning strategies, resulting in deep knowledge. In this paper, we discuss how NORMIT supports self-explanation. NORMIT is a constraint-based tutor that teaches data normalization. We present the system first, and  ...", "url_pdf": null, "num_citations": 6, "cluster_id": "5093393565800918924", "authors": "A Mitrovi\u0107 - Facta universitatis-series: Electronics and Energetics", "url_citations": "http://scholar.google.com/scholar?cites=5093393565800918924&as_sdt=2005&sciodt=1,5&hl=en"}, {"num_versions": 8, "url_citation": null, "title": "A Constraint-Based ITS for the Java Programming Language", "url": "http://scholar.google.com/https://www.csse.canterbury.ac.nz/research/reports/MastTheses/2009/mast_0906.pdf", "url_versions": "http://scholar.google.com/scholar?cluster=1954026628117976466&hl=en&as_sdt=1,5&sciodt=1,5&as_vis=1", "year": "2009", "excerpt": "Abstract Programming is one of the core skills required by Computer Science undergraduates in tertiary institutions worldwide, whether for study itself, or to be used as a tool to explore other relevant areas. Unfortunately, programming can be incredibly difficult;  ...", "url_pdf": "http://scholar.google.com/https://www.csse.canterbury.ac.nz/research/reports/MastTheses/2009/mast_0906.pdf", "num_citations": 1, "cluster_id": "1954026628117976466", "authors": "J Holland -", "url_citations": "http://scholar.google.com/scholar?cites=1954026628117976466&as_sdt=2005&sciodt=1,5&hl=en"}]