[{"num_versions": 5, "url_citation": null, "title": "GPU-NB: A Fast CUDA-Based Implementation of Na\u00efve Bayes", "url": "http://ieeexplore.ieee.org/xpls/abs_all.jsp?arnumber=6702594", "url_versions": "http://scholar.google.com/scholar?cluster=1983972852222713200&hl=en&as_sdt=1,5&sciodt=1,5&as_vis=1", "year": "2013", "excerpt": "Abstract\u2014The advent of the WEB 2.0 has given rise to an interesting phenomenon: there is currently much more data than what can be effectively analyzed without relying on sophisticated automatic tools. Some of these tools, which target the organization and  ...", "url_pdf": null, "num_citations": 4, "cluster_id": "1983972852222713200", "authors": "F Viegas, G Andrade, J Almeida\u2026 - \u2026  (SBAC-PAD)", "url_citations": "http://scholar.google.com/scholar?cites=1983972852222713200&as_sdt=2005&sciodt=1,5&hl=en"}, {"num_versions": 18, "url_citation": null, "title": "On the expressive power of deep architectures", "url": "http://link.springer.com/chapter/10.1007/978-3-642-24412-4_3", "url_versions": "http://scholar.google.com/scholar?cluster=3647764731908872051&hl=en&as_sdt=1,5&sciodt=1,5&as_vis=1", "year": "2011", "excerpt": "Abstract Deep architectures are families of functions corresponding to deep circuits. Deep Learning algorithms are based on parametrizing such circuits and tuning their parameters so as to approximately optimize some training objective. Whereas it was thought too  ...", "url_pdf": null, "num_citations": 59, "cluster_id": "3647764731908872051", "authors": "Y Bengio, O Delalleau - Algorithmic Learning Theory", "url_citations": "http://scholar.google.com/scholar?cites=3647764731908872051&as_sdt=2005&sciodt=1,5&hl=en"}, {"num_versions": 11, "url_citation": null, "title": "Co-training for domain adaptation", "url": "http://papers.nips.cc/paper/4433-co-training-for-domain-adaptation", "url_versions": "http://scholar.google.com/scholar?cluster=6437352312869659389&hl=en&as_sdt=1,5&sciodt=1,5&as_vis=1", "year": "2011", "excerpt": "Abstract Domain adaptation algorithms seek to generalize a model trained in a source domain to a new target domain. In many practical cases, the source and target distributions can differ substantially, and in some cases crucial target features may not have support in  ...", "url_pdf": null, "num_citations": 84, "cluster_id": "6437352312869659389", "authors": "M Chen, KQ Weinberger, J Blitzer - Advances in neural information  \u2026", "url_citations": "http://scholar.google.com/scholar?cites=6437352312869659389&as_sdt=2005&sciodt=1,5&hl=en"}, {"num_versions": 14, "url_citation": null, "title": "Stacked autoencoders for unsupervised feature learning and multiple organ detection in a pilot study using 4D patient data", "url": "http://ieeexplore.ieee.org/xpls/abs_all.jsp?arnumber=6399478", "url_versions": "http://scholar.google.com/scholar?cluster=11055548843702499225&hl=en&as_sdt=1,5&sciodt=1,5&as_vis=1", "year": "2013", "excerpt": "Abstract\u2014Medical image analysis remains a challenging application area for artificial intelligence. When applying machine learning, obtaining ground-truth labels for supervised learning is more difficult than in many more common applications of machine learning.  ...", "url_pdf": null, "num_citations": 24, "cluster_id": "11055548843702499225", "authors": "HC Shin, MR Orton, DJ Collins\u2026 - Pattern Analysis and  \u2026", "url_citations": "http://scholar.google.com/scholar?cites=11055548843702499225&as_sdt=2005&sciodt=1,5&hl=en"}, {"num_versions": 33, "url_citation": null, "title": "Representation learning: A review and new perspectives", "url": "http://ieeexplore.ieee.org/xpls/abs_all.jsp?arnumber=6472238", "url_versions": "http://scholar.google.com/scholar?cluster=559463397382443088&hl=en&as_sdt=1,5&sciodt=1,5&as_vis=1", "year": "2013", "excerpt": "Abstract\u2014The success of machine learning algorithms generally depends on data representation, and we hypothesize that this is because different representations can entangle and hide more or less the different explanatory factors of variation behind the  ...", "url_pdf": null, "num_citations": 685, "cluster_id": "559463397382443088", "authors": "Y Bengio, A Courville, P Vincent - Pattern Analysis and  \u2026", "url_citations": "http://scholar.google.com/scholar?cites=559463397382443088&as_sdt=2005&sciodt=1,5&hl=en"}, {"num_versions": 0, "url_citation": null, "title": "Unsupervised morphology induction using word embeddings", "url": "http://www.aclweb.org/anthology/N/N15/N15-1186.pdf", "url_versions": null, "year": "2015", "excerpt": "Abstract We present a language agnostic, unsupervised method for inducing morphological transformations between words. The method relies on certain regularities manifest in highdimensional vector spaces. We show that this method is capable of discovering a  ...", "url_pdf": "http://www.aclweb.org/anthology/N/N15/N15-1186.pdf", "num_citations": 3, "cluster_id": "10558631520687401106", "authors": "R Soricut, F Och - Proc. NAACL", "url_citations": "http://scholar.google.com/scholar?cites=10558631520687401106&as_sdt=2005&sciodt=1,5&hl=en"}, {"num_versions": 14, "url_citation": null, "title": "Deep learning of representations for unsupervised and transfer learning", "url": "http://feed.mtome.com/Publications/CiML/CiML-v7-book.pdf#page=29", "url_versions": "http://scholar.google.com/scholar?cluster=11002680367384151173&hl=en&as_sdt=1,5&sciodt=1,5&as_vis=1", "year": "2012", "excerpt": "Abstract Deep learning algorithms seek to exploit the unknown structure in the input distribution in order to discover good representations, often at multiple levels, with higherlevel learned features defined in terms of lower-level features. The objective is to  ...", "url_pdf": null, "num_citations": 76, "cluster_id": "11002680367384151173", "authors": "Y Bengio - Unsupervised and Transfer Learning Challenges in  \u2026", "url_citations": "http://scholar.google.com/scholar?cites=11002680367384151173&as_sdt=2005&sciodt=1,5&hl=en"}, {"num_versions": 5, "url_citation": null, "title": "Document-level sentiment classification: An empirical comparison between SVM and ANN", "url": "http://www.sciencedirect.com/science/article/pii/S0957417412009153", "url_versions": "http://scholar.google.com/scholar?cluster=5735099984457949318&hl=en&as_sdt=1,5&sciodt=1,5&as_vis=1", "year": "2013", "excerpt": "Document-level sentiment classification aims to automate the task of classifying a textual review, which is given on a single topic, as expressing a positive or negative sentiment. In general, supervised methods consist of two stages:(i) extraction/selection of informative  ...", "url_pdf": null, "num_citations": 70, "cluster_id": "5735099984457949318", "authors": "R Moraes, JF Valiati, WPG Neto - Expert Systems with Applications", "url_citations": "http://scholar.google.com/scholar?cites=5735099984457949318&as_sdt=2005&sciodt=1,5&hl=en"}, {"num_versions": 12, "url_citation": null, "title": "Recursive Autoencoders for ITG-Based Translation.", "url": "http://www.aclweb.org/website/old_anthology/D/D13/D13-1054.pdf", "url_versions": "http://scholar.google.com/scholar?cluster=399142427261570955&hl=en&as_sdt=1,5&sciodt=1,5&as_vis=1", "year": "2013", "excerpt": "Abstract While inversion transduction grammar (ITG) is well suited for modeling ordering shifts between languages, how to make applying the two reordering rules (ie, straight and inverted) dependent on actual blocks being merged remains a challenge. Unlike previous  ...", "url_pdf": "http://www.aclweb.org/website/old_anthology/D/D13/D13-1054.pdf", "num_citations": 23, "cluster_id": "399142427261570955", "authors": "P Li, Y Liu, M Sun - EMNLP", "url_citations": "http://scholar.google.com/scholar?cites=399142427261570955&as_sdt=2005&sciodt=1,5&hl=en"}, {"num_versions": 9, "url_citation": null, "title": "Learning invariant feature hierarchies", "url": "http://link.springer.com/chapter/10.1007/978-3-642-33863-2_51", "url_versions": "http://scholar.google.com/scholar?cluster=11772628482504608570&hl=en&as_sdt=1,5&sciodt=1,5&as_vis=1", "year": "2012", "excerpt": "Abstract Fast visual recognition in the mammalian cortex seems to be a hierarchical process by which the representation of the visual world is transformed in multiple stages from low-level retinotopic features to high-level, global and invariant features, and to object  ...", "url_pdf": null, "num_citations": 34, "cluster_id": "11772628482504608570", "authors": "Y LeCun - Computer vision\u2013ECCV", "url_citations": "http://scholar.google.com/scholar?cites=11772628482504608570&as_sdt=2005&sciodt=1,5&hl=en"}, {"num_versions": 12, "url_citation": null, "title": "Information-theoretical learning of discriminative clusters for unsupervised domain adaptation", "url": "http://arxiv.org/abs/1206.6438", "url_versions": "http://scholar.google.com/scholar?cluster=397812939886638244&hl=en&as_sdt=1,5&sciodt=1,5&as_vis=1", "year": "2012", "excerpt": "Abstract: We study the problem of unsupervised domain adaptation, which aims to adapt classifiers trained on a labeled source domain to an unlabeled target domain. Many existing approaches first learn domain-invariant features and then construct classifiers with them.  ...", "url_pdf": null, "num_citations": 33, "cluster_id": "397812939886638244", "authors": "Y Shi, F Sha - arXiv preprint arXiv:1206.6438", "url_citations": "http://scholar.google.com/scholar?cites=397812939886638244&as_sdt=2005&sciodt=1,5&hl=en"}, {"num_versions": 10, "url_citation": null, "title": "Deep learning of representations: Looking forward", "url": "http://link.springer.com/chapter/10.1007/978-3-642-39593-2_1", "url_versions": "http://scholar.google.com/scholar?cluster=16988628068303769209&hl=en&as_sdt=1,5&sciodt=1,5&as_vis=1", "year": "2013", "excerpt": "Abstract Deep learning research aims at discovering learning algorithms that discover multiple levels of distributed representations, with higher levels representing more abstract concepts. Although the study of deep learning has already led to impressive theoretical  ...", "url_pdf": null, "num_citations": 86, "cluster_id": "16988628068303769209", "authors": "Y Bengio - Statistical Language and Speech Processing", "url_citations": "http://scholar.google.com/scholar?cites=16988628068303769209&as_sdt=2005&sciodt=1,5&hl=en"}, {"num_versions": 9, "url_citation": null, "title": "Marginalized denoising auto-encoders for nonlinear representations", "url": "http://machinelearning.wustl.edu/mlpapers/papers/icml2014c2_cheng14", "url_versions": "http://scholar.google.com/scholar?cluster=1549955917453958823&hl=en&as_sdt=1,5&sciodt=1,5&as_vis=1", "year": "2014", "excerpt": "Abstract: Denoising auto-encoders (DAEs) have been successfully used to learn new representations for a wide range of machine learning tasks. During training, DAEs make many passes over the training dataset and reconstruct it from partial corruption generated  ...", "url_pdf": null, "num_citations": 12, "cluster_id": "1549955917453958823", "authors": "M Chen, KQ Weinberger, F Sha\u2026 - Proceedings of the  \u2026", "url_citations": "http://scholar.google.com/scholar?cites=1549955917453958823&as_sdt=2005&sciodt=1,5&hl=en"}, {"num_versions": 9, "url_citation": null, "title": "Learning Entity Representation for Entity Disambiguation.", "url": "http://www.aclweb.org/website/old_anthology/P/P13/P13-2.pdf#page=78", "url_versions": "http://scholar.google.com/scholar?cluster=15768302156641071325&hl=en&as_sdt=1,5&sciodt=1,5&as_vis=1", "year": "2013", "excerpt": "Abstract We propose a novel entity disambiguation model, based on Deep Neural Network (DNN). Instead of utilizing simple similarity measures and their disjoint combinations, our method directly optimizes document and entity representations for a given similarity  ...", "url_pdf": null, "num_citations": 21, "cluster_id": "15768302156641071325", "authors": "Z He, S Liu, M Li, M Zhou, L Zhang, H Wang - ACL (2)", "url_citations": "http://scholar.google.com/scholar?cites=15768302156641071325&as_sdt=2005&sciodt=1,5&hl=en"}, {"num_versions": 4, "url_citation": null, "title": "How to construct deep recurrent neural networks", "url": "http://arxiv.org/abs/1312.6026", "url_versions": "http://scholar.google.com/scholar?cluster=3032210598922213468&hl=en&as_sdt=1,5&sciodt=1,5&as_vis=1", "year": "2013", "excerpt": "Abstract: In this paper, we explore different ways to extend a recurrent neural network (RNN) to a\\ textit {deep} RNN. We start by arguing that the concept of depth in an RNN is not as clear as it is in feedforward neural networks. By carefully analyzing and understanding the  ...", "url_pdf": null, "num_citations": 56, "cluster_id": "3032210598922213468", "authors": "R Pascanu, C Gulcehre, K Cho, Y Bengio - arXiv preprint arXiv:1312.6026", "url_citations": "http://scholar.google.com/scholar?cites=3032210598922213468&as_sdt=2005&sciodt=1,5&hl=en"}, {"num_versions": 4, "url_citation": null, "title": "Automatic detection of invasive ductal carcinoma in whole slide images with convolutional neural networks", "url": "http://proceedings.spiedigitallibrary.org/proceeding.aspx?articleid=1852284", "url_versions": "http://scholar.google.com/scholar?cluster=3407861418144856050&hl=en&as_sdt=1,5&sciodt=1,5&as_vis=1", "year": "2014", "excerpt": "abstract This paper presents a deep learning approach for automatic detection and visual analysis of invasive ductal carcinoma (IDC) tissue regions in whole slide images (WSI) of breast cancer (BCa). Deep learning approaches are learn-from-data methods involving  ...", "url_pdf": null, "num_citations": 5, "cluster_id": "3407861418144856050", "authors": "A Cruz-Roa, A Basavanhally\u2026 - SPIE Medical \u2026", "url_citations": "http://scholar.google.com/scholar?cites=3407861418144856050&as_sdt=2005&sciodt=1,5&hl=en"}, {"num_versions": 2, "url_citation": null, "title": "Cutting recursive autoencoder trees", "url": "http://arxiv.org/abs/1301.2811", "url_versions": "http://scholar.google.com/scholar?cluster=15488133804779797318&hl=en&as_sdt=1,5&sciodt=1,5&as_vis=1", "year": "2013", "excerpt": "Abstract: Deep Learning models enjoy considerable success in Natural Language Processing. While deep architectures produce useful representations that lead to improvements in various tasks, they are often difficult to interpret. This makes the analysis  ...", "url_pdf": null, "num_citations": 6, "cluster_id": "15488133804779797318", "authors": "C Scheible, H Sch\u00fctze - arXiv preprint arXiv:1301.2811", "url_citations": "http://scholar.google.com/scholar?cites=15488133804779797318&as_sdt=2005&sciodt=1,5&hl=en"}, {"num_versions": 10, "url_citation": null, "title": "Distributed representations of words and phrases and their compositionality", "url": "http://papers.nips.cc/paper/5021-di", "url_versions": "http://scholar.google.com/scholar?cluster=2410615501856807729&hl=en&as_sdt=1,5&sciodt=1,5&as_vis=1", "year": "2013", "excerpt": "Abstract The recently introduced continuous Skip-gram model is an efficient method for learning high-quality distributed vector representations that capture a large number of precise syntactic and semantic word relationships. In this paper we present several  ...", "url_pdf": null, "num_citations": 757, "cluster_id": "2410615501856807729", "authors": "T Mikolov, I Sutskever, K Chen, GS Corrado\u2026 - Advances in neural  \u2026", "url_citations": "http://scholar.google.com/scholar?cites=2410615501856807729&as_sdt=2005&sciodt=1,5&hl=en"}, {"num_versions": 17, "url_citation": null, "title": "Learning with marginalized corrupted features", "url": "http://machinelearning.wustl.edu/mlpapers/papers/ICML2013_vandermaaten13", "url_versions": "http://scholar.google.com/scholar?cluster=6142503578748153832&hl=en&as_sdt=1,5&sciodt=1,5&as_vis=1", "year": "2013", "excerpt": "Abstract: The goal of machine learning is to develop predictors that generalize well to test data. Ideally, this is achieved by training on very large (infinite) training data sets that capture all variations in the data distribution. In the case of finite training data, an effective solution  ...", "url_pdf": null, "num_citations": 40, "cluster_id": "6142503578748153832", "authors": "L Maaten, M Chen, S Tyree\u2026 - Proceedings of the  \u2026", "url_citations": "http://scholar.google.com/scholar?cites=6142503578748153832&as_sdt=2005&sciodt=1,5&hl=en"}, {"num_versions": 0, "url_citation": null, "title": "Joint hierarchical domain adaptation and feature learning", "url": "http://www.umiacs.umd.edu/%7Ehuytho/papers/DASHN_PAMI.pdf", "url_versions": null, "year": "2013", "excerpt": "Abstract\u2014Complex visual data contain discriminative struc-tures that are difficult to be fully captured by any single feature descriptor. While recent work in domain adaptation focuses on adapting a single hand-crafted feature, it is important to perform adaptation on a  ...", "url_pdf": "http://www.umiacs.umd.edu/%7Ehuytho/papers/DASHN_PAMI.pdf", "num_citations": 6, "cluster_id": "17617267226963069257", "authors": "HV Nguyen, HT Ho, VM Patel\u2026 - IEEE Transactions on  \u2026", "url_citations": "http://scholar.google.com/scholar?cites=17617267226963069257&as_sdt=2005&sciodt=1,5&hl=en"}, {"num_versions": 2, "url_citation": null, "title": "Deep learning of scene-specific classifier for pedestrian detection", "url": "http://link.springer.com/chapter/10.1007/978-3-319-10578-9_31", "url_versions": "http://scholar.google.com/scholar?cluster=9235851118938078263&hl=en&as_sdt=1,5&sciodt=1,5&as_vis=1", "year": "2014", "excerpt": "Abstract The performance of a detector depends much on its training dataset and drops significantly when the detector is applied to a new scene due to the large variations between the source training dataset and the target scene. In order to bridge this appearance gap,  ...", "url_pdf": null, "num_citations": 9, "cluster_id": "9235851118938078263", "authors": "X Zeng, W Ouyang, M Wang, X Wang - Computer Vision\u2013ECCV", "url_citations": "http://scholar.google.com/scholar?cites=9235851118938078263&as_sdt=2005&sciodt=1,5&hl=en"}, {"num_versions": 4, "url_citation": null, "title": "Optimizing deep bottleneck feature extraction", "url": "http://ieeexplore.ieee.org/xpls/abs_all.jsp?arnumber=6719885", "url_versions": "http://scholar.google.com/scholar?cluster=2665832489538267341&hl=en&as_sdt=1,5&sciodt=1,5&as_vis=1", "year": "2013", "excerpt": "Abstract\u2014We investigate several optimizations to a recently published architecture for extracting bottleneck features for large-vocabulary speech recognition with deep neural networks. We are able to improve recognition performance of first-pass systems from a 12 ...", "url_pdf": null, "num_citations": 4, "cluster_id": "2665832489538267341", "authors": "QB Nguyen, J Gehring, K Kilgour\u2026 - \u2026 , Innovation, and Vision  \u2026", "url_citations": "http://scholar.google.com/scholar?cites=2665832489538267341&as_sdt=2005&sciodt=1,5&hl=en"}, {"num_versions": 0, "url_citation": null, "title": "Dlid: Deep learning for domain adaptation by interpolating between domains", "url": "http://deeplearning.net/wp-content/uploads/2013/03/dlid.pdf", "url_versions": null, "year": "2013", "excerpt": "Abstract In many real world applications of machine learning, the distribution of the training data (on which the machine learning model is trained) is different from the distribution of the test data (where the learnt model is actually deployed). This is known as the problem of  ...", "url_pdf": "http://deeplearning.net/wp-content/uploads/2013/03/dlid.pdf", "num_citations": 20, "cluster_id": "15084025333175491407", "authors": "S Chopra, S Balakrishnan\u2026 - ICML workshop on  \u2026", "url_citations": "http://scholar.google.com/scholar?cites=15084025333175491407&as_sdt=2005&sciodt=1,5&hl=en"}, {"num_versions": 6, "url_citation": null, "title": "Big data deep learning: Challenges and perspectives", "url": "http://ieeexplore.ieee.org/xpls/abs_all.jsp?arnumber=6817512", "url_versions": "http://scholar.google.com/scholar?cluster=3358700578142176214&hl=en&as_sdt=1,5&sciodt=1,5&as_vis=1", "year": "2014", "excerpt": "Abstract\u2014Deep learning is currently an extremely active research area in machine learning and pattern recognition society. It has gained huge successes in a broad area of applications such as speech recognition, computer vision, and natural language  ...", "url_pdf": null, "num_citations": 18, "cluster_id": "3358700578142176214", "authors": "XW Chen, X Lin - Access, IEEE", "url_citations": "http://scholar.google.com/scholar?cites=3358700578142176214&as_sdt=2005&sciodt=1,5&hl=en"}, {"num_versions": 12, "url_citation": null, "title": "Zero-shot learning through cross-modal transfer", "url": "http://papers.nips.cc/paper/5027-zero-shot-learning-through-cross-modal-transfer", "url_versions": "http://scholar.google.com/scholar?cluster=14330626598474812204&hl=en&as_sdt=1,5&sciodt=1,5&as_vis=1", "year": "2013", "excerpt": "Abstract This work introduces a model that can recognize objects in images even if no training data is available for the object class. The only necessary knowledge about unseen categories comes from unsupervised text corpora. Unlike previous zero-shot learning  ...", "url_pdf": null, "num_citations": 71, "cluster_id": "14330626598474812204", "authors": "R Socher, M Ganjoo, CD Manning\u2026 - Advances in neural  \u2026", "url_citations": "http://scholar.google.com/scholar?cites=14330626598474812204&as_sdt=2005&sciodt=1,5&hl=en"}, {"num_versions": 12, "url_citation": null, "title": "Learning sentence representation for emotion classification on microblogs", "url": "http://link.springer.com/chapter/10.1007/978-3-642-41644-6_20", "url_versions": "http://scholar.google.com/scholar?cluster=14008967771880501719&hl=en&as_sdt=1,5&sciodt=1,5&as_vis=1", "year": "2013", "excerpt": "Abstract This paper studies the emotion classification task on microblogs. Given a message, we classify its emotion as happy, sad, angry or surprise. Existing methods mostly use the bag-of-word representation or manually designed features to train supervised or distant  ...", "url_pdf": null, "num_citations": 6, "cluster_id": "14008967771880501719", "authors": "D Tang, B Qin, T Liu, Z Li - Natural Language Processing and Chinese  \u2026", "url_citations": "http://scholar.google.com/scholar?cites=14008967771880501719&as_sdt=2005&sciodt=1,5&hl=en"}, {"num_versions": 10, "url_citation": null, "title": "Better mixing via deep representations", "url": "http://arxiv.org/abs/1207.4404", "url_versions": "http://scholar.google.com/scholar?cluster=4580414999413913548&hl=en&as_sdt=1,5&sciodt=1,5&as_vis=1", "year": "2012", "excerpt": "Abstract: It has previously been hypothesized, and supported with some experimental evidence, that deeper representations, when well trained, tend to do a better job at disentangling the underlying factors of variation. We study the following related conjecture ...", "url_pdf": null, "num_citations": 42, "cluster_id": "4580414999413913548", "authors": "Y Bengio, G Mesnil, Y Dauphin, S Rifai - arXiv preprint arXiv:1207.4404", "url_citations": "http://scholar.google.com/scholar?cites=4580414999413913548&as_sdt=2005&sciodt=1,5&hl=en"}, {"num_versions": 5, "url_citation": null, "title": "Big social data analysis", "url": "http://scholar.google.com/https://books.google.com/books?hl=en&lr=&id=mXr6AQAAQBAJ&oi=fnd&pg=PA401&ots=E0CtTvFFkl&sig=bHdQEwJuza6oMPmKy8iHD-kDf-Y", "url_versions": "http://scholar.google.com/scholar?cluster=11264747674187917231&hl=en&as_sdt=1,5&sciodt=1,5&as_vis=1", "year": "2013", "excerpt": "As the Web rapidly evolves, Web users too are evolving with it. In an era of social connectedness, people are becoming increasingly enthusiastic about interacting, sharing, and collaborating through social networks, online communities, blogs, Wikis, and other  ...", "url_pdf": null, "num_citations": 42, "cluster_id": "11264747674187917231", "authors": "E Cambria, D Rajagopal, D Olsher, D Das - Big data computing", "url_citations": "http://scholar.google.com/scholar?cites=11264747674187917231&as_sdt=2005&sciodt=1,5&hl=en"}, {"num_versions": 14, "url_citation": null, "title": "Cross-domain co-extraction of sentiment and topic lexicons", "url": "http://dl.acm.org/citation.cfm?id=2390582", "url_versions": "http://scholar.google.com/scholar?cluster=1905052830533806779&hl=en&as_sdt=1,5&sciodt=1,5&as_vis=1", "year": "2012", "excerpt": "Abstract Extracting sentiment and topic lexicons is important for opinion mining. Previous works have showed that supervised learning methods are superior for this task. However, the performance of supervised methods highly relies on manually labeled training data. In  ...", "url_pdf": null, "num_citations": 27, "cluster_id": "1905052830533806779", "authors": "F Li, SJ Pan, O Jin, Q Yang, X Zhu - \u2026  of the 50th Annual Meeting of the  \u2026", "url_citations": "http://scholar.google.com/scholar?cites=1905052830533806779&as_sdt=2005&sciodt=1,5&hl=en"}, {"num_versions": 15, "url_citation": null, "title": "Marginalized denoising autoencoders for domain adaptation", "url": "http://arxiv.org/abs/1206.4683", "url_versions": "http://scholar.google.com/scholar?cluster=6344703355217664124&hl=en&as_sdt=1,5&sciodt=1,5&as_vis=1", "year": "2012", "excerpt": "Abstract: Stacked denoising autoencoders (SDAs) have been successfully used to learn new representations for domain adaptation. Recently, they have attained record accuracy on standard benchmark tasks of sentiment analysis across different text domains. SDAs learn  ...", "url_pdf": null, "num_citations": 80, "cluster_id": "6344703355217664124", "authors": "M Chen, Z Xu, K Weinberger, F Sha - arXiv preprint arXiv:1206.4683", "url_citations": "http://scholar.google.com/scholar?cites=6344703355217664124&as_sdt=2005&sciodt=1,5&hl=en"}, {"num_versions": 12, "url_citation": null, "title": "Topic\u2010based sentiment analysis for the social web: The role of mood and issue\u2010related words", "url": "http://onlinelibrary.wiley.com/doi/10.1002/asi.22872/full", "url_versions": "http://scholar.google.com/scholar?cluster=3192910648543382919&hl=en&as_sdt=1,5&sciodt=1,5&as_vis=1", "year": "2013", "excerpt": "General sentiment analysis for the social web has become increasingly useful for shedding light on the role of emotion in online communication and offline events in both academic research and data journalism. Nevertheless, existing general-purpose social web  ...", "url_pdf": null, "num_citations": 34, "cluster_id": "3192910648543382919", "authors": "M Thelwall, K Buckley - Journal of the American Society for  \u2026", "url_citations": "http://scholar.google.com/scholar?cites=3192910648543382919&as_sdt=2005&sciodt=1,5&hl=en"}, {"num_versions": 13, "url_citation": null, "title": "Revisiting The Old Kitchen Sink: Do We Need Sentiment Domain Adaptation?", "url": "http://research-srv.microsoft.com/pubs/202304/camera-ready%20version-final.pdf", "url_versions": "http://scholar.google.com/scholar?cluster=444375527262149815&hl=en&as_sdt=1,5&sciodt=1,5&as_vis=1", "year": "2013", "excerpt": "Abstract In this paper we undertake a large crossdomain investigation of sentiment domain adaptation, challenging the practical necessity of sentiment domain adaptation algorithms. We first show that across a wide set of domains, a simple \u201call-in-one\u201d classifier that utilizes  ...", "url_pdf": "http://research-srv.microsoft.com/pubs/202304/camera-ready%20version-final.pdf", "num_citations": 4, "cluster_id": "444375527262149815", "authors": "R Mansour, N Refaei, M Gamon\u2026 -  \u2026", "url_citations": "http://scholar.google.com/scholar?cites=444375527262149815&as_sdt=2005&sciodt=1,5&hl=en"}, {"num_versions": 8, "url_citation": null, "title": "Sparse autoencoder-based feature transfer learning for speech emotion recognition", "url": "http://ieeexplore.ieee.org/xpls/abs_all.jsp?arnumber=6681481", "url_versions": "http://scholar.google.com/scholar?cluster=15437629213049968455&hl=en&as_sdt=1,5&sciodt=1,5&as_vis=1", "year": "2013", "excerpt": "Abstract\u2014In speech emotion recognition, training and test data used for system development usually tend to fit each other perfectly, but further 'similar'data may be available. Transfer learning helps to exploit such similar data for training despite the  ...", "url_pdf": null, "num_citations": 21, "cluster_id": "15437629213049968455", "authors": "J Deng, Z Zhang, E Marchi\u2026 - Affective Computing and  \u2026", "url_citations": "http://scholar.google.com/scholar?cites=15437629213049968455&as_sdt=2005&sciodt=1,5&hl=en"}, {"num_versions": 2, "url_citation": null, "title": "Incorporating appraisal expression patterns into topic modeling for aspect and sentiment word identification", "url": "http://www.sciencedirect.com/science/article/pii/S0950705114000434", "url_versions": "http://scholar.google.com/scholar?cluster=13732912305144311855&hl=en&as_sdt=1,5&sciodt=1,5&as_vis=1", "year": "2014", "excerpt": "Abstract With the considerable growth of user-generated content, online reviews are becoming extremely valuable sources for mining customers' opinions on products and services. However, most of the traditional opinion mining methods are coarse-grained and  ...", "url_pdf": null, "num_citations": 7, "cluster_id": "13732912305144311855", "authors": "X Zheng, Z Lin, X Wang, KJ Lin, M Song - Knowledge-Based Systems", "url_citations": "http://scholar.google.com/scholar?cites=13732912305144311855&as_sdt=2005&sciodt=1,5&hl=en"}, {"num_versions": 15, "url_citation": null, "title": "Better word representations with recursive neural networks for morphology", "url": "http://citeseerx.ist.psu.edu/viewdoc/download?doi=10.1.1.377.5234&rep=rep1&type=pdf#page=116", "url_versions": "http://scholar.google.com/scholar?cluster=1597118553999846859&hl=en&as_sdt=1,5&sciodt=1,5&as_vis=1", "year": "2013", "excerpt": "Abstract Vector-space word representations have been very successful in recent years at improving performance across a variety of NLP tasks. However, common to most existing work, words are regarded as independent entities without any explicit relationship among  ...", "url_pdf": null, "num_citations": 77, "cluster_id": "1597118553999846859", "authors": "MT Luong, R Socher, CD Manning - CoNLL-", "url_citations": "http://scholar.google.com/scholar?cites=1597118553999846859&as_sdt=2005&sciodt=1,5&hl=en"}, {"num_versions": 16, "url_citation": null, "title": "Damping sentiment analysis in online communication: discussions, monologs and dialogs", "url": "http://link.springer.com/chapter/10.1007/978-3-642-37256-8_1", "url_versions": "http://scholar.google.com/scholar?cluster=12199089851825872937&hl=en&as_sdt=1,5&sciodt=1,5&as_vis=1", "year": "2013", "excerpt": "Abstract Sentiment analysis programs are now sometimes used to detect patterns of sentiment use over time in online communication and to help automated systems interact better with users. Nevertheless, it seems that no previous published study has assessed  ...", "url_pdf": null, "num_citations": 15, "cluster_id": "12199089851825872937", "authors": "M Thelwall, K Buckley, G Paltoglou, M Skowron\u2026 - \u2026 linguistics and intelligent \u2026", "url_citations": "http://scholar.google.com/scholar?cites=12199089851825872937&as_sdt=2005&sciodt=1,5&hl=en"}, {"num_versions": 4, "url_citation": null, "title": "Biographies or blenders: Which resource is best for cross-domain sentiment analysis?", "url": "http://link.springer.com/chapter/10.1007/978-3-642-28604-9_40", "url_versions": "http://scholar.google.com/scholar?cluster=1171674281392267555&hl=en&as_sdt=1,5&sciodt=1,5&as_vis=1", "year": "2012", "excerpt": "Abstract Domain adaptation is usually discussed from the point of view of new algorithms that minimise performance loss when applying a classifier trained on one domain to another. However, finding pertinent data similar to the test domain is equally important for  ...", "url_pdf": null, "num_citations": 19, "cluster_id": "1171674281392267555", "authors": "N Ponomareva, M Thelwall - Computational Linguistics and Intelligent  \u2026", "url_citations": "http://scholar.google.com/scholar?cites=1171674281392267555&as_sdt=2005&sciodt=1,5&hl=en"}, {"num_versions": 3, "url_citation": null, "title": "Improving performance on problems with few labelled data by reusing stacked auto-encoders", "url": "http://ieeexplore.ieee.org/xpls/abs_all.jsp?arnumber=7033142", "url_versions": "http://scholar.google.com/scholar?cluster=10278938714663142942&hl=en&as_sdt=1,5&sciodt=1,5&as_vis=1", "year": "2014", "excerpt": "Abstract\u2014Deep architectures have been used in transfer learning applications, with the aim of improving the performance of networks designed for a given problem by reusing knowledge from another problem. In this work we addressed the transfer of knowledge  ...", "url_pdf": null, "num_citations": 5, "cluster_id": "10278938714663142942", "authors": "T Amaral, C Kandaswamy, LM Silva\u2026 - \u2026  (ICMLA)", "url_citations": "http://scholar.google.com/scholar?cites=10278938714663142942&as_sdt=2005&sciodt=1,5&hl=en"}, {"num_versions": 5, "url_citation": null, "title": "Low-rank transfer subspace learning", "url": "http://ieeexplore.ieee.org/xpls/abs_all.jsp?arnumber=6413801", "url_versions": "http://scholar.google.com/scholar?cluster=14011756863316959564&hl=en&as_sdt=1,5&sciodt=1,5&as_vis=1", "year": "2012", "excerpt": "Abstract\u2014One of the most important challenges in machine learning is performing effective learning when there are limited training data available. However, there is an important case when there are sufficient training data coming from other domains (source). Transfer  ...", "url_pdf": null, "num_citations": 15, "cluster_id": "14011756863316959564", "authors": "M Shao, C Castillo, Z Gu, Y Fu - Data Mining (ICDM)", "url_citations": "http://scholar.google.com/scholar?cites=14011756863316959564&as_sdt=2005&sciodt=1,5&hl=en"}, {"num_versions": 8, "url_citation": null, "title": "Video tracking using learned hierarchical features", "url": "http://ieeexplore.ieee.org/xpls/abs_all.jsp?arnumber=7041176", "url_versions": "http://scholar.google.com/scholar?cluster=3359749743072072270&hl=en&as_sdt=1,5&sciodt=1,5&as_vis=1", "year": "2015", "excerpt": "Abstract\u2014In this paper, we propose an approach to learn hierarchical features for visual object tracking. First, we offline learn features robust to diverse motion patterns from auxiliary video sequences. The hierarchical features are learned via a twolayer convolutional  ...", "url_pdf": null, "num_citations": 5, "cluster_id": "3359749743072072270", "authors": "L Wang, T Liu, G Wang, KL Chan\u2026 - Image Processing, IEEE  \u2026", "url_citations": "http://scholar.google.com/scholar?cites=3359749743072072270&as_sdt=2005&sciodt=1,5&hl=en"}, {"num_versions": 18, "url_citation": null, "title": "Feature ensemble plus sample selection: domain adaptation for sentiment classification", "url": "http://ieeexplore.ieee.org/xpls/abs_all.jsp?arnumber=6461869", "url_versions": "http://scholar.google.com/scholar?cluster=10231809401375128783&hl=en&as_sdt=1,5&sciodt=1,5&as_vis=1", "year": "2013", "excerpt": "Method Overview In formulating our SS-FE method, we first propose a labeling adaptation method based on feature ensemble (FE). This idea is based on the observation that, features with different type of part-of-speech (POS) tags have a distinct change in  ...", "url_pdf": null, "num_citations": 42, "cluster_id": "10231809401375128783", "authors": "R Xia, C Zong, X Hu, E Cambria - Intelligent Systems, IEEE", "url_citations": "http://scholar.google.com/scholar?cites=10231809401375128783&as_sdt=2005&sciodt=1,5&hl=en"}, {"num_versions": 9, "url_citation": null, "title": "Compete to compute", "url": "http://papers.nips.cc/paper/5059-compete-to-compute", "url_versions": "http://scholar.google.com/scholar?cluster=12509522841452930880&hl=en&as_sdt=1,5&sciodt=1,5&as_vis=1", "year": "2013", "excerpt": "Abstract Local competition among neighboring neurons is common in biological neural networks (NNs). We apply the concept to gradient-based, backprop-trained artificial multilayer NNs. NNs with competing linear units tend to outperform those with non- ...", "url_pdf": null, "num_citations": 18, "cluster_id": "12509522841452930880", "authors": "RK Srivastava, J Masci, S Kazerounian\u2026 - Advances in Neural  \u2026", "url_citations": "http://scholar.google.com/scholar?cites=12509522841452930880&as_sdt=2005&sciodt=1,5&hl=en"}, {"num_versions": 6, "url_citation": null, "title": "Practical recommendations for gradient-based training of deep architectures", "url": "http://link.springer.com/chapter/10.1007/978-3-642-35289-8_26", "url_versions": "http://scholar.google.com/scholar?cluster=13214514639523956782&hl=en&as_sdt=1,5&sciodt=1,5&as_vis=1", "year": "2012", "excerpt": "Abstract Learning algorithms related to artificial neural networks and in particular for Deep Learning may seem to involve many bells and whistles, called hyper-parameters. This chapter is meant as a practical guide with recommendations for some of the most  ...", "url_pdf": null, "num_citations": 91, "cluster_id": "13214514639523956782", "authors": "Y Bengio - Neural Networks: Tricks of the Trade", "url_citations": "http://scholar.google.com/scholar?cites=13214514639523956782&as_sdt=2005&sciodt=1,5&hl=en"}, {"num_versions": 5, "url_citation": null, "title": "Training recurrent neural networks", "url": "http://www.cs.utoronto.ca/%7Eilya/pubs/ilya_sutskever_phd_thesis.pdf", "url_versions": "http://scholar.google.com/scholar?cluster=11547556497378421036&hl=en&as_sdt=1,5&sciodt=1,5&as_vis=1", "year": "2013", "excerpt": "Recurrent Neural Networks (RNNs) are artificial neural network models that are well-suited for pattern classification tasks whose inputs and outputs are sequences. The importance of developing methods for mapping sequences to sequences is exemplified by tasks such as  ...", "url_pdf": "http://www.cs.utoronto.ca/%7Eilya/pubs/ilya_sutskever_phd_thesis.pdf", "num_citations": 43, "cluster_id": "11547556497378421036", "authors": "I Sutskever -", "url_citations": "http://scholar.google.com/scholar?cites=11547556497378421036&as_sdt=2005&sciodt=1,5&hl=en"}, {"num_versions": 5, "url_citation": null, "title": "ML \u578b\u8fc1\u79fb\u5b66\u4e60\u6a21\u7cca\u7cfb\u7edf", "url": "http://d.wanfangdata.com.cn/periodical_zdhxb201209001.aspx", "url_versions": "http://scholar.google.com/scholar?cluster=6016438943657447244&hl=en&as_sdt=1,5&sciodt=1,5&as_vis=1", "year": "2012", "excerpt": "\u6458\u8981: \u7ecf\u5178\u6a21\u7cca\u7cfb\u7edf\u6784\u5efa\u65b9\u6cd5\u8bad\u7ec3\u65f6\u901a\u5e38\u4ec5\u8003\u8651\u5355\u4e00\u7684\u573a\u666f, \u5176\u4f34\u968f\u7684\u4e00\u4e2a\u91cd\u8981\u7f3a\u9677\u662f: \u5982\u5f53\u524d\u573a\u666f\u91cd\u8981\u4fe1\u606f\u7f3a\u5931, \u5219\u53d7\u8bad\u6240\u5f97\u7cfb\u7edf\u6cdb\u5316\u80fd\u529b\u8f83\u5dee. \u9488\u5bf9\u6b64\u95ee\u9898, \u4ee5Mamdani-Larsen (ML) \u578b\u6a21\u7cca\u7cfb\u7edf\u4e3a\u5bf9\u8c61, \u63a2\u8ba8\u4e86\u5177\u6709\u8fc1\u79fb\u5b66\u4e60\u80fd\u529b\u7684\u6a21\u7cca\u7cfb\u7edf, \u5373ML \u578b\u8fc1\u79fb\u5b66\u4e60\u6a21\u7cca\u7cfb\u7edf. ML \u578b ...", "url_pdf": null, "num_citations": 16, "cluster_id": "6016438943657447244", "authors": "\u848b\u4ea6\u6a1f\uff0c \u9093\u8d75\u7ea2\uff0c \u738b\u58eb\u540c - \u81ea\u52a8\u5316\u5b66\u62a5", "url_citations": "http://scholar.google.com/scholar?cites=6016438943657447244&as_sdt=2005&sciodt=1,5&hl=en"}, {"num_versions": 11, "url_citation": null, "title": "Unsupervised adaptation across domain shifts by generating intermediate data representations", "url": "http://ieeexplore.ieee.org/xpls/abs_all.jsp?arnumber=6684145", "url_versions": "http://scholar.google.com/scholar?cluster=3501973813078791914&hl=en&as_sdt=1,5&sciodt=1,5&as_vis=1", "year": "2014", "excerpt": "Abstract\u2014With unconstrained data acquisition scenarios widely prevalent, the ability to handle changes in data distribution across training and testing data sets becomes important. One way to approach this problem is through domain adaptation, and in this paper we  ...", "url_pdf": null, "num_citations": 17, "cluster_id": "3501973813078791914", "authors": "R Gopalan, R Li, R Chellappa - Pattern Analysis and Machine  \u2026", "url_citations": "http://scholar.google.com/scholar?cites=3501973813078791914&as_sdt=2005&sciodt=1,5&hl=en"}, {"num_versions": 4, "url_citation": null, "title": "Generalized transfer subspace learning through low-rank constraint", "url": "http://link.springer.com/article/10.1007/s11263-014-0696-6", "url_versions": "http://scholar.google.com/scholar?cluster=1903784126233969309&hl=en&as_sdt=1,5&sciodt=1,5&as_vis=1", "year": "2014", "excerpt": "Abstract It is expensive to obtain labeled real-world visual data for use in training of supervised algorithms. Therefore, it is valuable to leverage existing databases of labeled data. However, the data in the source databases is often obtained under conditions that  ...", "url_pdf": null, "num_citations": 15, "cluster_id": "1903784126233969309", "authors": "M Shao, D Kit, Y Fu - International Journal of Computer Vision", "url_citations": "http://scholar.google.com/scholar?cites=1903784126233969309&as_sdt=2005&sciodt=1,5&hl=en"}, {"num_versions": 8, "url_citation": null, "title": "Sentiment classification with supervised sequence embedding", "url": "http://link.springer.com/chapter/10.1007/978-3-642-33460-3_16", "url_versions": "http://scholar.google.com/scholar?cluster=15389721683907448581&hl=en&as_sdt=1,5&sciodt=1,5&as_vis=1", "year": "2012", "excerpt": "Abstract In this paper, we introduce a novel approach for modeling n-grams in a latent space learned from supervised signals. The proposed procedure uses only unigram features to model short phrases (n-grams) in the latent space. The phrases are then combined to form  ...", "url_pdf": null, "num_citations": 6, "cluster_id": "15389721683907448581", "authors": "D Bespalov, Y Qi, B Bai, A Shokoufandeh - Machine Learning and  \u2026", "url_citations": "http://scholar.google.com/scholar?cites=15389721683907448581&as_sdt=2005&sciodt=1,5&hl=en"}, {"num_versions": 8, "url_citation": null, "title": "Linguistic structured sparsity in text categorization", "url": "http://www.aclweb.org/anthology/P/P14/P14-1074.pdf", "url_versions": "http://scholar.google.com/scholar?cluster=10520186392727230218&hl=en&as_sdt=1,5&sciodt=1,5&as_vis=1", "year": "2014", "excerpt": "Abstract We introduce three linguistically motivated structured regularizers based on parse trees, topics, and hierarchical word clusters for text categorization. These regularizers impose linguistic bias in feature weights, enabling us to incorporate prior knowledge into  ...", "url_pdf": "http://www.aclweb.org/anthology/P/P14/P14-1074.pdf", "num_citations": 11, "cluster_id": "10520186392727230218", "authors": "D Yogatama, NA Smith - Proceedings of the Annual Meeting of the  \u2026", "url_citations": "http://scholar.google.com/scholar?cites=10520186392727230218&as_sdt=2005&sciodt=1,5&hl=en"}]