[{"num_versions": 2, "url_citation": null, "title": "Deep learning in Biology: A design-based research approach", "url": "http://www.editlib.org/p/29949/", "url_versions": "http://scholar.google.com/scholar?cluster=12809444910877004018&hl=en&as_sdt=1,5&sciodt=1,5&as_vis=1", "year": "2008", "excerpt": "Abstract Students tend to adopt a surface approach when they learn biological concepts by rote memorization, thus they are less able to integrate concepts and apply them to solve real-life problems which are often complex. A proposed solution to this problem is the use of  ...", "url_pdf": null, "num_citations": 1, "cluster_id": "12809444910877004018", "authors": "CW Yip - World Conference on E-Learning in Corporate,  \u2026", "url_citations": "http://scholar.google.com/scholar?cites=12809444910877004018&as_sdt=2005&sciodt=1,5&hl=en"}, {"num_versions": 2, "url_citation": null, "title": "Developing and implementing asynchronous online discussions to facilitate deep learning among trainee teachers in a non-western and non-native English speaking  \u2026", "url": "http://eprints.usq.edu.au/19613", "url_versions": "http://scholar.google.com/scholar?cluster=16968820301955028530&hl=en&as_sdt=1,5&sciodt=1,5&as_vis=1", "year": "2011", "excerpt": "This study examined how to develop and implement asynchronous online discussions using design principles and guidelines drawn from constructivist principles such that deep learning is facilitated among non-western trainee teachers who are non-native English  ...", "url_pdf": null, "num_citations": 0, "cluster_id": null, "authors": "B Oogarah-Pratap -", "url_citations": null}, {"num_versions": 4, "url_citation": null, "title": "Education students use of The Le@ rning Federation's digital curriculum resources", "url": "http://researchonline.nd.edu.au/edu_conference/34/", "url_versions": "http://scholar.google.com/scholar?cluster=5529206862001049751&hl=en&as_sdt=1,5&sciodt=1,5&as_vis=1", "year": "2010", "excerpt": "Abstract The Le@ rning Federation was created in order to assist educational facilities to provide 21st century education to school students. This study introduced and investigated the use of learning objects that were created by, and digital resources that were  ...", "url_pdf": null, "num_citations": 1, "cluster_id": "5529206862001049751", "authors": "C Campbell -", "url_citations": "http://scholar.google.com/scholar?cites=5529206862001049751&as_sdt=2005&sciodt=1,5&hl=en"}, {"num_versions": 6, "url_citation": null, "title": "Mass-customisation and self-reflective frameworks: early developments in New Zealand", "url": "http://www.researchinlearningtechnology.net/index.php/rlt/article/view/19187", "url_versions": "http://scholar.google.com/scholar?cluster=4933887256975610621&hl=en&as_sdt=1,5&sciodt=1,5&as_vis=1", "year": "2012", "excerpt": "Abstract Education has long been regarded as the foundation stone of national growth and international competitiveness. In the last three decades national educational reforms to improve access to higher education qualifications, individual higher education institutions'  ...", "url_pdf": null, "num_citations": 6, "cluster_id": "4933887256975610621", "authors": "J Clayton - Research in Learning Technology", "url_citations": "http://scholar.google.com/scholar?cites=4933887256975610621&as_sdt=2005&sciodt=1,5&hl=en"}, {"num_versions": 2, "url_citation": null, "title": "The development and evaluation of online stories to enhance clinical learning experiences across health professions in rural Australia", "url": "http://www.sciencedirect.com/science/article/pii/S1322769614000821", "url_versions": "http://scholar.google.com/scholar?cluster=12113110476904797025&hl=en&as_sdt=1,5&sciodt=1,5&as_vis=1", "year": "2014", "excerpt": "Summary Clinical placement learning experiences are integral to all health and medical curricula as a means of integrating theory into practice and preparing graduates to deliver safe, high-quality care to health consumers. A growing challenge for education providers  ...", "url_pdf": null, "num_citations": 3, "cluster_id": "12113110476904797025", "authors": "PS Paliadelis, I Stupans, V Parker, D Piper, P Gillan\u2026 - Collegian", "url_citations": "http://scholar.google.com/scholar?cites=12113110476904797025&as_sdt=2005&sciodt=1,5&hl=en"}, {"num_versions": 5, "url_citation": null, "title": "Computer-supported learning tools: A bi-circular bi-directional framework", "url": "http://www.sciencedirect.com/science/article/pii/S0732118X07000578", "url_versions": "http://scholar.google.com/scholar?cluster=6960400423450868474&hl=en&as_sdt=1,5&sciodt=1,5&as_vis=1", "year": "2008", "excerpt": "The paper proposes a psychological framework aimed at integrating software developers' and teachers' opinions about computer-supported learning tools (CSLT) with learners' beliefs. The framework highlights how a mental model of CSLT modulates the needs and  ...", "url_pdf": null, "num_citations": 12, "cluster_id": "6960400423450868474", "authors": "A Antonietti, B Colombo - New Ideas in Psychology", "url_citations": "http://scholar.google.com/scholar?cites=6960400423450868474&as_sdt=2005&sciodt=1,5&hl=en"}, {"num_versions": 6, "url_citation": null, "title": "Individual differences in computer-mediated communication for web-based learning", "url": "http://www.researchgate.net/profile/Lih_Juan_Chanlin/publication/26542205_Individual_Differences_in_Computer-Mediated_Communication_for_Web-Based_Learning/links/553197870cf2f2a588ad4d67.pdf", "url_versions": "http://scholar.google.com/scholar?cluster=15547406727611469971&hl=en&as_sdt=1,5&sciodt=1,5&as_vis=1", "year": "2008", "excerpt": "Abstract The learning process in online learning environment involves interactions among students, interaction between instructor and students, and collaborations in learning that result from these interactions. Students' involvement in online interaction might relate to  ...", "url_pdf": "http://www.researchgate.net/profile/Lih_Juan_Chanlin/publication/26542205_Individual_Differences_in_Computer-Mediated_Communication_for_Web-Based_Learning/links/553197870cf2f2a588ad4d67.pdf", "num_citations": 3, "cluster_id": "15547406727611469971", "authors": "LJ ChanLin - Journal of Educational Media & Library Sciences", "url_citations": "http://scholar.google.com/scholar?cites=15547406727611469971&as_sdt=2005&sciodt=1,5&hl=en"}, {"num_versions": 0, "url_citation": null, "title": "\u201cPostcards from practice\u201d: development of an innovative learner-centred online interprofessional learning program", "url": "http://www.editlib.org/p/115073/", "url_versions": null, "year": "2013", "excerpt": "Abstract This paper reports on the design and development of an innovative online learning program for clinical educators in Australia. The design was based on a story telling framework to engage learners. Each story had links to relevant multi-media resources to  ...", "url_pdf": null, "num_citations": 3, "cluster_id": "609419082068198613", "authors": "I Stupans - World Conference on E-Learning in Corporate,  \u2026", "url_citations": "http://scholar.google.com/scholar?cites=609419082068198613&as_sdt=2005&sciodt=1,5&hl=en"}, {"num_versions": 0, "url_citation": null, "title": "Investigating Learning Approaches of Confucian Heritage Culture Students and Teachers' Perspectives in Hong Kong", "url": "http://www.tandfonline.com/doi/abs/10.1080/15313220.2014.872903", "url_versions": null, "year": "2014", "excerpt": "The study presents a comparison between the learning approaches of first and final year students, supplemented with the teachers' perspective at a university in Hong Kong. The study examines the learning approaches of Confucian heritage culture students and the  ...", "url_pdf": null, "num_citations": 1, "cluster_id": "9300460786204714251", "authors": "P Penfold, R van der Veen - Journal of Teaching in Travel &  \u2026", "url_citations": "http://scholar.google.com/scholar?cites=9300460786204714251&as_sdt=2005&sciodt=1,5&hl=en"}, {"num_versions": 7, "url_citation": null, "title": "The subject librarian and the virtual learning environment: A study of UK universities", "url": "http://www.emeraldinsight.com/doi/abs/10.1108/00330331111107385", "url_versions": "http://scholar.google.com/scholar?cluster=17557516452459892677&hl=en&as_sdt=1,5&sciodt=1,5&as_vis=1", "year": "2011", "excerpt": "Purpose-The prevalence of virtual learning environments (VLEs) in higher education is well documented and has been promoted in the UK by government funded projects, but there has been little empirical research on the level of involvement of subject librarians with  ...", "url_pdf": null, "num_citations": 27, "cluster_id": "17557516452459892677", "authors": "S Corrall, J Keates - Program", "url_citations": "http://scholar.google.com/scholar?cites=17557516452459892677&as_sdt=2005&sciodt=1,5&hl=en"}, {"num_versions": 3, "url_citation": null, "title": "The Effectiveness of Using E-learning, Blended Learning and Traditional Learning on Students' Achievement and Attitudes in a Course on Islamic Culture: an  \u2026", "url": "http://etheses.dur.ac.uk/817/", "url_versions": "http://scholar.google.com/scholar?cluster=8182104048774520274&hl=en&as_sdt=1,5&sciodt=1,5&as_vis=1", "year": "2010", "excerpt": "This study is mainly concerned with establishing the benefits of e-learning (studying through an asynchronous classroom only) and blended learning (studying through an asynchronous virtual classroom in addition to a traditional learning) as compared to traditional learning ( ...", "url_pdf": null, "num_citations": 5, "cluster_id": "8182104048774520274", "authors": "A AL-SORAIEY-ALQAHTANI -", "url_citations": "http://scholar.google.com/scholar?cites=8182104048774520274&as_sdt=2005&sciodt=1,5&hl=en"}, {"num_versions": 9, "url_citation": null, "title": "Interaction equivalency in self-paced online learning environments: An exploration of learner preferences", "url": "http://www.irrodl.org/index.php/irrodl/article/viewArticle/603", "url_versions": "http://scholar.google.com/scholar?cluster=14548270979571727877&hl=en&as_sdt=1,5&sciodt=1,5&as_vis=1", "year": "2009", "excerpt": "Abstract This mixed methods study explored the dynamics of interaction within a self-paced online learning environment. It used rich media and a mix of traditional and emerging asynchronous computer-mediated communication tools to determine what forms of  ...", "url_pdf": null, "num_citations": 78, "cluster_id": "14548270979571727877", "authors": "J Rhode - The International Review of Research in Open and  \u2026", "url_citations": "http://scholar.google.com/scholar?cites=14548270979571727877&as_sdt=2005&sciodt=1,5&hl=en"}, {"num_versions": 0, "url_citation": null, "title": "STUDENTS'PERCEPTIONS OF COLLABORATION TOOLS IN A HIGHER EDUCATION ONLINE COLLABORATIVE LEARNING ENVIRONMENT", "url": "http://etd.fcla.edu/CF/CFE0003187/Henry_Kirk_C_201008_PhD.pdf", "url_versions": null, "year": "2010", "excerpt": "ABSTRACT Higher education funding and student behavior has been changing rapidly (Dervarics, 2008). Because of this, there has been an increased focus on the use of alternative tools for course delivery. One of the emerging areas of focus has been an  ...", "url_pdf": "http://etd.fcla.edu/CF/CFE0003187/Henry_Kirk_C_201008_PhD.pdf", "num_citations": 1, "cluster_id": "6493235448603336422", "authors": "KC Henry -", "url_citations": "http://scholar.google.com/scholar?cites=6493235448603336422&as_sdt=2005&sciodt=1,5&hl=en"}, {"num_versions": 6, "url_citation": null, "title": "Building VR learning environment: an ontology based approach", "url": "http://ieeexplore.ieee.org/xpls/abs_all.jsp?arnumber=4959282", "url_versions": "http://scholar.google.com/scholar?cluster=8098587621891298078&hl=en&as_sdt=1,5&sciodt=1,5&as_vis=1", "year": "2009", "excerpt": "Abstract\u2014In this paper we describe an ontology based framework for describing VR Objects and VR environment, reasoning and building of virtual learning environment scenario. A method is firstly proposed to semantically annotate according to the learning domain  ...", "url_pdf": null, "num_citations": 3, "cluster_id": "8098587621891298078", "authors": "W Xuesong, Z Mingquan\u2026 - Education Technology and  \u2026", "url_citations": "http://scholar.google.com/scholar?cites=8098587621891298078&as_sdt=2005&sciodt=1,5&hl=en"}, {"num_versions": 7, "url_citation": null, "title": "Building cost-efficient computer-aided learning environments via virtualization and service-based software", "url": "http://link.springer.com/chapter/10.1007/978-3-642-23339-5_96", "url_versions": "http://scholar.google.com/scholar?cluster=6592947468100240947&hl=en&as_sdt=1,5&sciodt=1,5&as_vis=1", "year": "2011", "excerpt": "Abstract With increasing and various pedagogical activities are conducted within them, computer-aided learning environments play significant roles in educational institutes, enterprises, and organizations. The cost of operating computer-aided learning  ...", "url_pdf": null, "num_citations": 3, "cluster_id": "6592947468100240947", "authors": "SC Hu, IC Chen, YL Lin - Advances in Computer Science, Environment,  \u2026", "url_citations": "http://scholar.google.com/scholar?cites=6592947468100240947&as_sdt=2005&sciodt=1,5&hl=en"}]