[{"num_versions": 2, "url_citation": null, "title": "Seeing the big picture: Deep embedding with contextual evidences", "url": "http://arxiv.org/abs/1406.0132", "url_versions": "http://scholar.google.com/scholar?cluster=11718442055581563370&hl=en&as_sdt=1,5&sciodt=1,5&as_vis=1", "year": "2014", "excerpt": "Abstract: In the Bag-of-Words (BoW) model based image retrieval task, the precision of visual matching plays a critical role in improving retrieval performance. Conventionally, local cues of a keypoint are employed. However, such strategy does not consider the contextual  ...", "url_pdf": null, "num_citations": 6, "cluster_id": "11718442055581563370", "authors": "L Zheng, S Wang, F He, Q Tian - arXiv preprint arXiv:1406.0132", "url_citations": "http://scholar.google.com/scholar?cites=11718442055581563370&as_sdt=2005&sciodt=1,5&hl=en"}, {"num_versions": 5, "url_citation": null, "title": "Sparse representation based fisher discrimination dictionary learning for image classification", "url": "http://link.springer.com/article/10.1007/s11263-014-0722-8", "url_versions": "http://scholar.google.com/scholar?cluster=110443067608513178&hl=en&as_sdt=1,5&sciodt=1,5&as_vis=1", "year": "2014", "excerpt": "Abstract The employed dictionary plays an important role in sparse representation or sparse coding based image reconstruction and classification, while learning dictionaries from the training data has led to state-of-the-art results in image classification tasks. However,  ...", "url_pdf": null, "num_citations": 22, "cluster_id": "110443067608513178", "authors": "M Yang, L Zhang, X Feng, D Zhang - International Journal of Computer  \u2026", "url_citations": "http://scholar.google.com/scholar?cites=110443067608513178&as_sdt=2005&sciodt=1,5&hl=en"}, {"num_versions": 13, "url_citation": null, "title": "Unsupervised learning of hierarchical representations with convolutional deep belief networks", "url": "http://dl.acm.org/citation.cfm?id=2001295", "url_versions": "http://scholar.google.com/scholar?cluster=482673234204412644&hl=en&as_sdt=1,5&sciodt=1,5&as_vis=1", "year": "2011", "excerpt": "Abstract There has been much interest in unsupervised learning of hierarchical generative models such as deep belief networks (DBNs); however, scaling such models to full-sized, high-dimensional images remains a difficult problem. To address this problem, we present  ...", "url_pdf": null, "num_citations": 96, "cluster_id": "482673234204412644", "authors": "H Lee, R Grosse, R Ranganath, AY Ng - Communications of the ACM", "url_citations": "http://scholar.google.com/scholar?cites=482673234204412644&as_sdt=2005&sciodt=1,5&hl=en"}, {"num_versions": 18, "url_citation": null, "title": "Efficient match kernel between sets of features for visual recognition", "url": "http://papers.nips.cc/paper/3874-efficient-match-kernel-between-sets-of-features-for-visual-recognition", "url_versions": "http://scholar.google.com/scholar?cluster=7384361018375060169&hl=en&as_sdt=1,5&sciodt=1,5&as_vis=1", "year": "2009", "excerpt": "Abstract In visual recognition, the images are frequently modeled as sets of local features (bags). We show that bag of words, a common method to handle such cases, can be viewed as a special match kernel, which counts 1 if two local features fall into the same regions  ...", "url_pdf": null, "num_citations": 129, "cluster_id": "7384361018375060169", "authors": "L Bo, C Sminchisescu - Advances in neural information processing  \u2026", "url_citations": "http://scholar.google.com/scholar?cites=7384361018375060169&as_sdt=2005&sciodt=1,5&hl=en"}, {"num_versions": 17, "url_citation": null, "title": "Supervised translation-invariant sparse coding", "url": "http://ieeexplore.ieee.org/xpls/abs_all.jsp?arnumber=5539958", "url_versions": "http://scholar.google.com/scholar?cluster=14557711357601940419&hl=en&as_sdt=1,5&sciodt=1,5&as_vis=1", "year": "2010", "excerpt": "Abstract In this paper, we propose a novel supervised hierarchical sparse coding model based on local image descriptors for classification tasks. The supervised dictionary training is performed via back-projection, by minimizing the training error of classifying the image  ...", "url_pdf": null, "num_citations": 171, "cluster_id": "14557711357601940419", "authors": "J Yang, K Yu, T Huang - Computer Vision and Pattern  \u2026", "url_citations": "http://scholar.google.com/scholar?cites=14557711357601940419&as_sdt=2005&sciodt=1,5&hl=en"}, {"num_versions": 25, "url_citation": null, "title": "Convolutional deep belief networks for scalable unsupervised learning of hierarchical representations", "url": "http://dl.acm.org/citation.cfm?id=1553453", "url_versions": "http://scholar.google.com/scholar?cluster=14272331216913182998&hl=en&as_sdt=1,5&sciodt=1,5&as_vis=1", "year": "2009", "excerpt": "Abstract There has been much interest in unsupervised learning of hierarchical generative models such as deep belief networks. Scaling such models to full-sized, high-dimensional images remains a difficult problem. To address this problem, we present the convolutional  ...", "url_pdf": null, "num_citations": 805, "cluster_id": "14272331216913182998", "authors": "H Lee, R Grosse, R Ranganath, AY Ng - Proceedings of the 26th Annual  \u2026", "url_citations": "http://scholar.google.com/scholar?cites=14272331216913182998&as_sdt=2005&sciodt=1,5&hl=en"}, {"num_versions": 0, "url_citation": null, "title": "Extreme learning classifier with deep concepts", "url": "http://link.springer.com/chapter/10.1007/978-3-642-41822-8_23", "url_versions": null, "year": "2013", "excerpt": "Abstract The text below describes a short introduction to extreme learning machines (ELM) enlightened by new developed applications. It also includes an introduction to deep belief networks (DBN), noticeably tuned into the pattern recognition problems. Essentially, the  ...", "url_pdf": null, "num_citations": 6, "cluster_id": "10947574608562744008", "authors": "B Ribeiro, N Lopes - Progress in Pattern Recognition, Image Analysis,  \u2026", "url_citations": "http://scholar.google.com/scholar?cites=10947574608562744008&as_sdt=2005&sciodt=1,5&hl=en"}, {"num_versions": 2, "url_citation": null, "title": "Redes neurais com extra\u00e7\u00e3o impl\u00edcita de caracter\u00edsticas para reconhecimento de padr\u00f5es visuais", "url": "http://repositorio.ufpe.br/handle/123456789/12245", "url_versions": "http://scholar.google.com/scholar?cluster=7047865700107664428&hl=en&as_sdt=1,5&sciodt=1,5&as_vis=1", "year": "2013", "excerpt": "O desenvolvimento de modelos baseados em teorias sobre a estrutura do c\u00e9rebro humano tem se mostrado como uma importante ferramenta para a inspira\u00e7\u00e3o de novas abordagens para problemas de reconhecimento de padr\u00f5es visuais. Apesar do c\u00e9rebro humano n\u00e3o  ...", "url_pdf": null, "num_citations": 0, "cluster_id": null, "authors": "BJT Fernandes, TI Ren -", "url_citations": null}, {"num_versions": 7, "url_citation": null, "title": "Detecting human actions in surveillance videos", "url": "http://www-nlpir.nist.gov/projects/tvpubs/tv9.papers/nec-uiuc.pdf", "url_versions": "http://scholar.google.com/scholar?cluster=8073232427502093756&hl=en&as_sdt=1,5&sciodt=1,5&as_vis=1", "year": "2009", "excerpt": "Abstract This notebook paper summarizes Team NEC-UIUC's approaches for TRECVid 2009 Evaluation of Surveillance Event Detection. Our submissions include two types of systems. One system employs the brute force search method to test each space-time  ...", "url_pdf": "http://www-nlpir.nist.gov/projects/tvpubs/tv9.papers/nec-uiuc.pdf", "num_citations": 7, "cluster_id": "8073232427502093756", "authors": "M Yang, S Ji, W Xu, J Wang, F Lv, K Yu\u2026 - TREC Video  \u2026", "url_citations": "http://scholar.google.com/scholar?cites=8073232427502093756&as_sdt=2005&sciodt=1,5&hl=en"}, {"num_versions": 21, "url_citation": null, "title": "Kernel descriptors for visual recognition", "url": "http://papers.nips.cc/paper/4147-kernel-descriptors-for-visual-recognition", "url_versions": "http://scholar.google.com/scholar?cluster=17529357756697140548&hl=en&as_sdt=1,5&sciodt=1,5&as_vis=1", "year": "2010", "excerpt": "Abstract The design of low-level image features is critical for computer vision algorithms. Orientation histograms, such as those in SIFT~\\ cite {Lowe2004Distinctive} and HOG~\\ cite {Dalal2005Histograms}, are the most successful and popular features for visual object and  ...", "url_pdf": null, "num_citations": 150, "cluster_id": "17529357756697140548", "authors": "L Bo, X Ren, D Fox - Advances in Neural Information Processing  \u2026", "url_citations": "http://scholar.google.com/scholar?cites=17529357756697140548&as_sdt=2005&sciodt=1,5&hl=en"}, {"num_versions": 4, "url_citation": null, "title": "Sparse modeling of high-dimensional data for learning and vision", "url": "http://www.ideals.illinois.edu/handle/2142/29816", "url_versions": "http://scholar.google.com/scholar?cluster=11749142186415290254&hl=en&as_sdt=1,5&sciodt=1,5&as_vis=1", "year": "2012", "excerpt": "Sparse representations account for most or all of the information of a signal by a linear combination of a few elementary signals called atoms, and have increasingly become recognized as providing high performance for applications as diverse as noise reduction,  ...", "url_pdf": null, "num_citations": 1, "cluster_id": "11749142186415290254", "authors": "J Yang -", "url_citations": "http://scholar.google.com/scholar?cites=11749142186415290254&as_sdt=2005&sciodt=1,5&hl=en"}, {"num_versions": 5, "url_citation": null, "title": "Discriminative deep belief networks for visual data classification", "url": "http://www.sciencedirect.com/science/article/pii/S0031320310005789", "url_versions": "http://scholar.google.com/scholar?cluster=7462932946346232415&hl=en&as_sdt=1,5&sciodt=1,5&as_vis=1", "year": "2011", "excerpt": "Visual data classification using insufficient labeled data is a well-known hard problem. Semi-supervise learning, which attempts to exploit the unlabeled data in additional to the labeled ones, has attracted much attention in recent years. This paper proposes a novel semi- ...", "url_pdf": null, "num_citations": 14, "cluster_id": "7462932946346232415", "authors": "Y Liu, S Zhou, Q Chen - Pattern Recognition", "url_citations": "http://scholar.google.com/scholar?cites=7462932946346232415&as_sdt=2005&sciodt=1,5&hl=en"}, {"num_versions": 24, "url_citation": null, "title": "3D convolutional neural networks for human action recognition", "url": "http://ieeexplore.ieee.org/xpls/abs_all.jsp?arnumber=6165309", "url_versions": "http://scholar.google.com/scholar?cluster=13950765072205054236&hl=en&as_sdt=1,5&sciodt=1,5&as_vis=1", "year": "2013", "excerpt": "Abstract\u2014We consider the automated recognition of human actions in surveillance videos. Most current methods build classifiers based on complex handcrafted features computed from the raw inputs. Convolutional neural networks (CNNs) are a type of deep model that  ...", "url_pdf": null, "num_citations": 218, "cluster_id": "13950765072205054236", "authors": "S Ji, W Xu, M Yang, K Yu - Pattern Analysis and Machine  \u2026", "url_citations": "http://scholar.google.com/scholar?cites=13950765072205054236&as_sdt=2005&sciodt=1,5&hl=en"}, {"num_versions": 16, "url_citation": null, "title": "Image classification using super-vector coding of local image descriptors", "url": "http://link.springer.com/chapter/10.1007/978-3-642-15555-0_11", "url_versions": "http://scholar.google.com/scholar?cluster=1025936899566614527&hl=en&as_sdt=1,5&sciodt=1,5&as_vis=1", "year": "2010", "excerpt": "Abstract This paper introduces a new framework for image classification using local visual descriptors. The pipeline first performs a nonlinear feature transformation on descriptors, then aggregates the results together to form image-level representations, and finally  ...", "url_pdf": null, "num_citations": 310, "cluster_id": "1025936899566614527", "authors": "X Zhou, K Yu, T Zhang, TS Huang - Computer Vision\u2013ECCV", "url_citations": "http://scholar.google.com/scholar?cites=1025936899566614527&as_sdt=2005&sciodt=1,5&hl=en"}, {"num_versions": 14, "url_citation": null, "title": "Stacked autoencoders for unsupervised feature learning and multiple organ detection in a pilot study using 4D patient data", "url": "http://ieeexplore.ieee.org/xpls/abs_all.jsp?arnumber=6399478", "url_versions": "http://scholar.google.com/scholar?cluster=11055548843702499225&hl=en&as_sdt=1,5&sciodt=1,5&as_vis=1", "year": "2013", "excerpt": "Abstract\u2014Medical image analysis remains a challenging application area for artificial intelligence. When applying machine learning, obtaining ground-truth labels for supervised learning is more difficult than in many more common applications of machine learning.  ...", "url_pdf": null, "num_citations": 24, "cluster_id": "11055548843702499225", "authors": "HC Shin, MR Orton, DJ Collins\u2026 - Pattern Analysis and  \u2026", "url_citations": "http://scholar.google.com/scholar?cites=11055548843702499225&as_sdt=2005&sciodt=1,5&hl=en"}, {"num_versions": 15, "url_citation": null, "title": "Speech perception under adverse conditions: insights from behavioral, computational, and neuroscience research", "url": "http://www.ncbi.nlm.nih.gov/pmc/articles/PMC3879477/", "url_versions": "http://scholar.google.com/scholar?cluster=9813223711113650880&hl=en&as_sdt=1,5&sciodt=1,5&as_vis=1", "year": "2013", "excerpt": "Abstract Adult speech perception reflects the long-term regularities of the native language, but it is also flexible such that it accommodates and adapts to adverse listening conditions and short-term deviations from native-language norms. The purpose of this article is to  ...", "url_pdf": null, "num_citations": 4, "cluster_id": "9813223711113650880", "authors": "S Guediche, SE Blumstein, JA Fiez\u2026 - Frontiers in systems  \u2026", "url_citations": "http://scholar.google.com/scholar?cites=9813223711113650880&as_sdt=2005&sciodt=1,5&hl=en"}, {"num_versions": 9, "url_citation": null, "title": "Latent dictionary learning for sparse representation based classification", "url": "http://ieeexplore.ieee.org/xpls/abs_all.jsp?arnumber=6909923", "url_versions": "http://scholar.google.com/scholar?cluster=2301620839177279382&hl=en&as_sdt=1,5&sciodt=1,5&as_vis=1", "year": "2014", "excerpt": "Abstract Dictionary learning (DL) for sparse coding has shown promising results in classification tasks, while how to adaptively build the relationship between dictionary atoms and class labels is still an important open question. The existing dictionary learning  ...", "url_pdf": null, "num_citations": 13, "cluster_id": "2301620839177279382", "authors": "M Yang, D Dai, L Shen\u2026 - Computer Vision and  \u2026", "url_citations": "http://scholar.google.com/scholar?cites=2301620839177279382&as_sdt=2005&sciodt=1,5&hl=en"}, {"num_versions": 0, "url_citation": null, "title": "Semi-supervised ensemble methods for computer vision", "url": "http://citeseerx.ist.psu.edu/viewdoc/download?doi=10.1.1.384.3071&rep=rep1&type=pdf", "url_versions": null, "year": "2010", "excerpt": "Abstract Visual object classification and tracking are two of the cardinal problems in computer vision. Both tasks are extremely complicated and far from being solved. Recent advances towards building better detection and tracking systems were mainly achieved by  ...", "url_pdf": null, "num_citations": 3, "cluster_id": "1362704761211220149", "authors": "C Leistner -", "url_citations": "http://scholar.google.com/scholar?cites=1362704761211220149&as_sdt=2005&sciodt=1,5&hl=en"}, {"num_versions": 3, "url_citation": null, "title": "Deep Belief Networks for Financial Prediction", "url": "http://link.springer.com/chapter/10.1007/978-3-642-24965-5_86", "url_versions": "http://scholar.google.com/scholar?cluster=15640282216574682347&hl=en&as_sdt=1,5&sciodt=1,5&as_vis=1", "year": "2011", "excerpt": "Abstract Financial business prediction has lately raised a great interest due to the recent world crisis events. In spite of the many advanced shallow computational methods that have extensively been proposed, most algorithms have not yet attained a desirable level of  ...", "url_pdf": null, "num_citations": 3, "cluster_id": "15640282216574682347", "authors": "B Ribeiro, N Lopes - Neural Information Processing", "url_citations": "http://scholar.google.com/scholar?cites=15640282216574682347&as_sdt=2005&sciodt=1,5&hl=en"}, {"num_versions": 5, "url_citation": null, "title": "Deep learning networks for off-line handwritten signature recognition", "url": "http://link.springer.com/chapter/10.1007/978-3-642-25085-9_62", "url_versions": "http://scholar.google.com/scholar?cluster=7246518415879892085&hl=en&as_sdt=1,5&sciodt=1,5&as_vis=1", "year": "2011", "excerpt": "Abstract Reliable identification and verification of off-line handwritten signatures from images is a difficult problem with many practical applications. This task is a difficult vision problem within the field of biometrics because a signature may change depending on  ...", "url_pdf": null, "num_citations": 8, "cluster_id": "7246518415879892085", "authors": "B Ribeiro, I Gon\u00e7alves, S Santos, A Kovacec - Progress in Pattern  \u2026", "url_citations": "http://scholar.google.com/scholar?cites=7246518415879892085&as_sdt=2005&sciodt=1,5&hl=en"}, {"num_versions": 5, "url_citation": null, "title": "Unsupervised feature learning via sparse hierarchical representations", "url": "http://scholar.google.com/https://books.google.com/books?hl=en&lr=&id=lQF3-rtHO7IC&oi=fnd&pg=PR4&ots=2THW_Z52Xi&sig=gSipBP89n25b-99LTlBduaGo0Xw", "url_versions": "http://scholar.google.com/scholar?cluster=17817464495239422139&hl=en&as_sdt=1,5&sciodt=1,5&as_vis=1", "year": "2010", "excerpt": "Machine learning has proved a powerful tool for artificial intelligence and data mining problems. However, its success has usually relied on having a good feature representation of the data, and having a poor representation can severely limit the performance of  ...", "url_pdf": null, "num_citations": 7, "cluster_id": "17817464495239422139", "authors": "H Lee -", "url_citations": "http://scholar.google.com/scholar?cites=17817464495239422139&as_sdt=2005&sciodt=1,5&hl=en"}]