[{"num_versions": 2, "url_citation": null, "title": "Students' Big Three Personality Traits, Perceptions of Teacher Interpersonal Behavior, and Mathematics Achievement: An Application of the Model of Reciprocal  \u2026", "url": "http://www.tandfonline.com/doi/abs/10.1080/03634523.2014.917688", "url_versions": "http://scholar.google.com/scholar?cluster=8298077189174296854&hl=en&as_sdt=1,5&sciodt=1,5&as_vis=1", "year": "2014", "excerpt": "The purpose of the present study was to investigate the application of the Model of Reciprocal Causation (MRC) in examining the relationship between student personality (personal factors), student-perceived teacher interpersonal behavior (environment), and  ...", "url_pdf": null, "num_citations": 1, "cluster_id": "8298077189174296854", "authors": "K Charalampous, CM Kokkinos - Communication Education", "url_citations": "http://scholar.google.com/scholar?cites=8298077189174296854&as_sdt=2005&sciodt=1,5&hl=en"}, {"num_versions": 5, "url_citation": null, "title": "The making of heroes: A grounded theory on student development", "url": "http://xsite.dlsu.edu.ph/research/journals/apssr/pdf/200712/2Bernardo.pdf", "url_versions": "http://scholar.google.com/scholar?cluster=6316950104737793616&hl=en&as_sdt=1,5&sciodt=1,5&as_vis=1", "year": "2007", "excerpt": "The study explores the nature and extent of educational intervention in public universities in the form of the non-academic inputs of student affairs or services. A multi-site case study of seven Philippine state universities was conducted using grounded theory as a vehicle for  ...", "url_pdf": "http://xsite.dlsu.edu.ph/research/journals/apssr/pdf/200712/2Bernardo.pdf", "num_citations": 4, "cluster_id": "6316950104737793616", "authors": "MAC Bernardo - Asia-Pacific Social Science Review", "url_citations": "http://scholar.google.com/scholar?cites=6316950104737793616&as_sdt=2005&sciodt=1,5&hl=en"}, {"num_versions": 0, "url_citation": null, "title": "A Cross-contextual Analysis of EFL Learners' Perceptions of Classroom Activities", "url": "http://profdoc.um.ac.ir/paper-abstract-1048165.html", "url_versions": null, "year": "2015", "excerpt": "Abstract This study aims at exploring English as a Foreign Language (EFL) learners' perceptions of classroom activities across three different milieus of English learning in Iran, namely, high schools, universities, and language institutes. It also seeks to examine the  ...", "url_pdf": null, "num_citations": 0, "cluster_id": null, "authors": "B Ghonsooly - Journal of Applied Linguistics and Language  \u2026", "url_citations": null}, {"num_versions": 5, "url_citation": null, "title": "Teaching critical management skills: the role of problem-based learning", "url": "http://www.tandfonline.com/doi/abs/10.1080/13562517.2011.590975", "url_versions": "http://scholar.google.com/scholar?cluster=9182776079381500109&hl=en&as_sdt=1,5&sciodt=1,5&as_vis=1", "year": "2012", "excerpt": "This paper explores problem-based learning (PBL) as a vehicle for developing critical management skills and preparing students for their future careers. Using student reflections and facilitator observations the paper presents the nature of individuals' experiences with  ...", "url_pdf": null, "num_citations": 13, "cluster_id": "9182776079381500109", "authors": "C Joham, M Clarke - Teaching in Higher Education", "url_citations": "http://scholar.google.com/scholar?cites=9182776079381500109&as_sdt=2005&sciodt=1,5&hl=en"}, {"num_versions": 2, "url_citation": null, "title": "A Cross-contextual Analysis of EFL Learners' Perceptions of Classroom Activities", "url": "http://www.jallr.ir/index.php/JALLR/article/view/153", "url_versions": "http://scholar.google.com/scholar?cluster=17793592909199098507&hl=en&as_sdt=1,5&sciodt=1,5&as_vis=1", "year": "2015", "excerpt": "Abstract This study aims at exploring English as a Foreign Language (EFL) learners' perceptions of classroom activities across three different milieus of English learning in Iran, namely, high schools, universities, and language institutes. It also seeks to examine the  ...", "url_pdf": null, "num_citations": 1, "cluster_id": "17793592909199098507", "authors": "S Jahedizadeh, B Ghonsooly, A Ghanizadeh\u2026 - Journal of Applied  \u2026", "url_citations": "http://scholar.google.com/scholar?cites=17793592909199098507&as_sdt=2005&sciodt=1,5&hl=en"}, {"num_versions": 6, "url_citation": null, "title": "The mediator effects of conceiving imagination on academic performance of design students", "url": "http://link.springer.com/article/10.1007/s10798-013-9244-x", "url_versions": "http://scholar.google.com/scholar?cluster=4203816861617456864&hl=en&as_sdt=1,5&sciodt=1,5&as_vis=1", "year": "2014", "excerpt": "Abstract Three studies were combined to examine the effects of creativity and imagination on the academic performance of design students. Study 1 conducted an exploratory factor analysis to determine the most appropriate structure of the Creativity Capability Scale ( ...", "url_pdf": null, "num_citations": 12, "cluster_id": "4203816861617456864", "authors": "WS Lin, Y Hsu, C Liang - International Journal of Technology and Design  \u2026", "url_citations": "http://scholar.google.com/scholar?cites=4203816861617456864&as_sdt=2005&sciodt=1,5&hl=en"}, {"num_versions": 0, "url_citation": null, "title": "Reliability, validity, and factor structure of the imaginative capability scale", "url": "http://www.tandfonline.com/doi/abs/10.1080/10400419.2014.873671", "url_versions": null, "year": "2014", "excerpt": "Three studies were combined to test the reliability, validity, and factor structure of the imaginative capability scale (ICS). The ICS was a new self-report measure, which was developed to be empirically valid and easy to administer. Study 1 consisted in an  ...", "url_pdf": null, "num_citations": 6, "cluster_id": "9193686022612794576", "authors": "C Liang, TL Chia - Creativity Research Journal", "url_citations": "http://scholar.google.com/scholar?cites=9193686022612794576&as_sdt=2005&sciodt=1,5&hl=en"}, {"num_versions": 3, "url_citation": null, "title": "A longitudinal study on internship effectiveness in vocational higher education", "url": "http://www.tandfonline.com/doi/abs/10.1080/00131911.2011.634969", "url_versions": "http://scholar.google.com/scholar?cluster=14004973093932467004&hl=en&as_sdt=1,5&sciodt=1,5&as_vis=1", "year": "2013", "excerpt": "A cooperative education experience (or internship placement) is an essential component of the curricula of vocational higher education. The efficacy of internship placements has become one of the major concerns facing those who develop education curricula. The  ...", "url_pdf": null, "num_citations": 7, "cluster_id": "14004973093932467004", "authors": "CS Wan, J Yang, S Cheng, C Su - Educational Review", "url_citations": "http://scholar.google.com/scholar?cites=14004973093932467004&as_sdt=2005&sciodt=1,5&hl=en"}, {"num_versions": 2, "url_citation": null, "title": "Creating a Learning Climate For The 21st Century: Applying transformative learning to teaching methods in Business schools", "url": "http://www.kpu.ca/sites/default/files/Teaching%20and%20Learning/TD.5.3.2_Brock%26Abel_Creating_a_Learning_Climate.pdf", "url_versions": "http://scholar.google.com/scholar?cluster=534198016542092622&hl=en&as_sdt=1,5&sciodt=1,5&as_vis=1", "year": "2012", "excerpt": "Abstract: Students in an undergraduate business school reported incidences of transformative learning in this quantitative study of 256 students. Learning activities previously associated with transformative learning, eg, writing and talking about concerns,  ...", "url_pdf": "http://www.kpu.ca/sites/default/files/Teaching%20and%20Learning/TD.5.3.2_Brock%26Abel_Creating_a_Learning_Climate.pdf", "num_citations": 2, "cluster_id": "534198016542092622", "authors": "AL Abel -", "url_citations": "http://scholar.google.com/scholar?cites=534198016542092622&as_sdt=2005&sciodt=1,5&hl=en"}, {"num_versions": 6, "url_citation": null, "title": "Perceptions by medical students of their educational environment for obstetrics and gynaecology in metropolitan and rural teaching sites", "url": "http://www.tandfonline.com/doi/abs/10.3109/01421590903193596", "url_versions": "http://scholar.google.com/scholar?cluster=1960602157872533907&hl=en&as_sdt=1,5&sciodt=1,5&as_vis=1", "year": "2009", "excerpt": "Background: Medical student education in Western Australia is expanding to secondary level metropolitan hospitals and rural sites to accommodate workforce demands and increasing medical student numbers. Aims: To determine if students' perceptions of the  ...", "url_pdf": null, "num_citations": 14, "cluster_id": "1960602157872533907", "authors": "DF Carmody, A Jacques, H Denz-Penhey\u2026 - Medical  \u2026", "url_citations": "http://scholar.google.com/scholar?cites=1960602157872533907&as_sdt=2005&sciodt=1,5&hl=en"}, {"num_versions": 8, "url_citation": null, "title": "The elaboration and empirical evaluation of the De Goede learning potential structural model", "url": "http://reference.sabinet.co.za/sa_epublication_article/busman_v45_n3_a1", "url_versions": "http://scholar.google.com/scholar?cluster=12414438155953822845&hl=en&as_sdt=1,5&sciodt=1,5&as_vis=1", "year": "2014", "excerpt": "As a direct result of having segregated amenities and public services during the Apartheid era where Black individuals were provided with services inferior to those of White individuals, the country is currently challenged by serious and a debilitating skills shortage  ...", "url_pdf": null, "num_citations": 3, "cluster_id": "12414438155953822845", "authors": "S Van Heerden, C Theron - South African Journal of  \u2026", "url_citations": "http://scholar.google.com/scholar?cites=12414438155953822845&as_sdt=2005&sciodt=1,5&hl=en"}, {"num_versions": 2, "url_citation": null, "title": "Associations of the university learning environment with academic engagement and satisfaction among science majors in Taiwan", "url": "http://www.ejournals.ph/index.php?journal=TAPER&page=article&op=viewArticle&path%5B%5D=3055", "url_versions": "http://scholar.google.com/scholar?cluster=16347113367188404203&hl=en&as_sdt=1,5&sciodt=1,5&as_vis=1", "year": "2011", "excerpt": "Abstract The research described in this paper investigated science students' perceptions of their university learning environments and associations of these perceptions with their academic engagement and satisfaction. Data were collected from 1,169 junior students  ...", "url_pdf": null, "num_citations": 6, "cluster_id": "16347113367188404203", "authors": "SL Huang, DL Fisher - The Asia-Pacific Education Researcher", "url_citations": "http://scholar.google.com/scholar?cites=16347113367188404203&as_sdt=2005&sciodt=1,5&hl=en"}, {"num_versions": 4, "url_citation": null, "title": "Psychometric validation of the Spanish version of the Dundee Ready Education Environment Measure applied to dental students", "url": "http://onlinelibrary.wiley.com/doi/10.1111/eje.12073/full", "url_versions": "http://scholar.google.com/scholar?cluster=9130939656297461684&hl=en&as_sdt=1,5&sciodt=1,5&as_vis=1", "year": "2014", "excerpt": "Aim To carry out a psychometric evaluation of the Spanish-language version of the Dundee Ready Education Environment Measure (DREEM) applied to dental students. Methods A total of 1,391 students from nine Spanish public schools of dentistry responded to the  ...", "url_pdf": null, "num_citations": 1, "cluster_id": "9130939656297461684", "authors": "I Tom\u00e1s, MA Casares\u2010De\u2010Cal\u2026 - European Journal of  \u2026", "url_citations": "http://scholar.google.com/scholar?cites=9130939656297461684&as_sdt=2005&sciodt=1,5&hl=en"}, {"num_versions": 2, "url_citation": null, "title": "Elaboration and empirical evaluation of the De Goede learning potential structural model", "url": "http://scholar.sun.ac.za/handle/10019.1/19960", "url_versions": "http://scholar.google.com/scholar?cluster=14760608414605347758&hl=en&as_sdt=1,5&sciodt=1,5&as_vis=1", "year": "2012", "excerpt": "ENGLISH ABSTRACT: South Africa's past has shaped the way Human Resource management should look to the future. South Africa has a history of racial discrimination that was lead by the Apartheid system. The effects of the past have left members of the  ...", "url_pdf": null, "num_citations": 15, "cluster_id": "14760608414605347758", "authors": "R Burger -", "url_citations": "http://scholar.google.com/scholar?cites=14760608414605347758&as_sdt=2005&sciodt=1,5&hl=en"}, {"num_versions": 4, "url_citation": null, "title": "Analysis of the 'Educational Climate'in Spanish Public Schools of Dentistry using the Dundee Ready Education Environment Measure: a multicenter study", "url": "http://onlinelibrary.wiley.com/doi/10.1111/eje.12025/full", "url_versions": "http://scholar.google.com/scholar?cluster=503653609152251033&hl=en&as_sdt=1,5&sciodt=1,5&as_vis=1", "year": "2013", "excerpt": "Methods The study group consisted of 1391 students from nine Spanish Public Schools of Dentistry, who responded to the questionnaire based on 'Dundee Ready Education Environment Measure'(DREEM). This questionnaire has 50 items that are grouped into  ...", "url_pdf": null, "num_citations": 4, "cluster_id": "503653609152251033", "authors": "I Tomas, U Millan, MA Casares, M Abad\u2026 - European Journal of  \u2026", "url_citations": "http://scholar.google.com/scholar?cites=503653609152251033&as_sdt=2005&sciodt=1,5&hl=en"}, {"num_versions": 7, "url_citation": null, "title": "Exploring the combined relationships of student and teacher factors on learning approaches and self\u2010directed learning readiness at a Malaysian university", "url": "http://www.tandfonline.com/doi/abs/10.1080/03075070903519210", "url_versions": "http://scholar.google.com/scholar?cluster=15060896547076562972&hl=en&as_sdt=1,5&sciodt=1,5&as_vis=1", "year": "2011", "excerpt": "This article presents the findings of a study of the interrelationships between students' individual characteristics, self\u2010efficacy beliefs, parental involvement, university and classroom learning environments; teachers' individual characteristics, teaching efficacies,  ...", "url_pdf": null, "num_citations": 27, "cluster_id": "15060896547076562972", "authors": "M Kek, H Huijser - Studies in higher education", "url_citations": "http://scholar.google.com/scholar?cites=15060896547076562972&as_sdt=2005&sciodt=1,5&hl=en"}, {"num_versions": 8, "url_citation": null, "title": "Como os acad\u00e9micos se adaptam a um ensino baseado em pbl numa licenciatura tradicional em contabilidade", "url": "http://ria.ua.pt/handle/10773/6642", "url_versions": "http://scholar.google.com/scholar?cluster=9748173809149418726&hl=en&as_sdt=1,5&sciodt=1,5&as_vis=1", "year": "2011", "excerpt": "O objetivo geral do presente trabalho \u00e9 o de procurar contribuir para a discuss\u00e3o te\u00f3rica sobre a forma como a utiliza\u00e7\u00e3o de metodologias PBL produz implica\u00e7\u00f5es ao n\u00edvel das formas de atuar dos docentes no ensino superior profi ssionalizante. Em termos mais  ...", "url_pdf": null, "num_citations": 1, "cluster_id": "9748173809149418726", "authors": "MM Pinheiro, CS Sarrico, RA Santiago -", "url_citations": "http://scholar.google.com/scholar?cites=9748173809149418726&as_sdt=2005&sciodt=1,5&hl=en"}]