[{"num_versions": 7, "url_citation": null, "title": "The impact of on-line multi-choice questions on undergraduate student nurses' learning", "url": "http://ascilite.org.au/conferences/adelaide03/docs/pdf/236.pdf", "url_versions": "http://scholar.google.com/scholar?cluster=16314684989031544746&hl=en&as_sdt=1,5&sciodt=1,5&as_vis=1", "year": "2003", "excerpt": "Abstract This study investigates second year undergraduate student nurses' use of on-line Multi Choice Questions (MCQ) to support learning. Drawing on a sample of 42 second year undergraduate nursing students enrolled in a Bachelor of Nursing Degree, a descriptive  ...", "url_pdf": "http://ascilite.org.au/conferences/adelaide03/docs/pdf/236.pdf", "num_citations": 10, "cluster_id": "16314684989031544746", "authors": "M Honey, D Marshall - Interact, Integrate, Impact: Proceedings 20th  \u2026", "url_citations": "http://scholar.google.com/scholar?cites=16314684989031544746&as_sdt=2005&sciodt=1,5&hl=en"}, {"num_versions": 3, "url_citation": null, "title": "Tester og testtilbakemeldinger som direkte bidragsytere til dypere l\u00e6ring blant studenter", "url": "http://www.idunn.no/uniped/2014/04/tester_og_testtilbakemeldinger_som_direkte_bidragsytere_til", "url_versions": "http://scholar.google.com/scholar?cluster=8181331801417814287&hl=en&as_sdt=1,5&sciodt=1,5&as_vis=1", "year": "2014", "excerpt": "Abstract This article discusses research supporting that tests and test feedback are learning tools that may promote deeper learning among students. Testing improves long-term retention of knowledge compared to repeated study, a phenomenon known as the testing  ...", "url_pdf": null, "num_citations": 0, "cluster_id": null, "authors": "H Herrebr\u00f8den - Uniped", "url_citations": null}, {"num_versions": 4, "url_citation": null, "title": "Integration von E-Assessment und Content-Management.", "url": "http://cs.emis.de/LNI/Proceedings/Proceedings66/GI-Proceedings.66-13.pdf", "url_versions": "http://scholar.google.com/scholar?cluster=12316013538752067382&hl=en&as_sdt=1,5&sciodt=1,5&as_vis=1", "year": "2005", "excerpt": "Abstract: Formative Tests k\u00f6nnen f\u00fcr Lehrende und Lernende gleicherma\u00dfen n\u00fctzlich sein. Webbasierte Multiple-Choice-Tests k\u00f6nnen helfen, den Aufwand f\u00fcr formative Tests zu senken und somit einen breiteren und h\u00e4ufigeren Einsatz zu erm\u00f6glichen. Wir stellen ein  ...", "url_pdf": "http://cs.emis.de/LNI/Proceedings/Proceedings66/GI-Proceedings.66-13.pdf", "num_citations": 11, "cluster_id": "12316013538752067382", "authors": "M Piotrowski, D R\u00f6sner - DeLFI", "url_citations": "http://scholar.google.com/scholar?cites=12316013538752067382&as_sdt=2005&sciodt=1,5&hl=en"}, {"num_versions": 11, "url_citation": null, "title": "Implementation of computer assisted assessment: lessons from the literature", "url": "http://www.researchinlearningtechnology.net/index.php/rlt/article/download/11255/12948", "url_versions": "http://scholar.google.com/scholar?cluster=15529384946162849207&hl=en&as_sdt=1,5&sciodt=1,5&as_vis=1", "year": "2004", "excerpt": "Abstract This paper draws attention to literature surrounding the subject of computer-assisted assessment (CAA). A brief overview of traditional methods of assessment is presented, highlighting areas of concern in existing techniques. CAA is then defined, and  ...", "url_pdf": null, "num_citations": 56, "cluster_id": "15529384946162849207", "authors": "G Sim, P Holifield, M Brown - Research in  \u2026", "url_citations": "http://scholar.google.com/scholar?cites=15529384946162849207&as_sdt=2005&sciodt=1,5&hl=en"}, {"num_versions": 9, "url_citation": null, "title": "How shall we assess this?", "url": "http://dl.acm.org/citation.cfm?id=960539", "url_versions": "http://scholar.google.com/scholar?cluster=4692726524646958898&hl=en&as_sdt=1,5&sciodt=1,5&as_vis=1", "year": "2003", "excerpt": "Abstract Increased class sizes are forcing academics to reconsider approaches to setting and marking assessments for their students. Distributed and distance learning are creating some of the biggest changes. Some educators are embracing new technologies but  ...", "url_pdf": null, "num_citations": 84, "cluster_id": "4692726524646958898", "authors": "J Carter, K Ala-Mutka, U Fuller, M Dick, J English\u2026 - ACM SIGCSE  \u2026", "url_citations": "http://scholar.google.com/scholar?cites=4692726524646958898&as_sdt=2005&sciodt=1,5&hl=en"}, {"num_versions": 2, "url_citation": null, "title": "A First-Year Social Sciences Inquiry Course: The Interplay of Inquiry and Metacognition to Enhance Student Learning", "url": "http://www.emeraldinsight.com/doi/abs/10.1108/S2055-364120140000002015", "url_versions": "http://scholar.google.com/scholar?cluster=16318826692530676665&hl=en&as_sdt=1,5&sciodt=1,5&as_vis=1", "year": "2014", "excerpt": "ABSTRACT This chapter highlights inquiry-based learning in action in a first-year Social Sciences inquiry course. Focusing on the continued development of this course over eight years, we present a practical example of fostering an inquiry-based teaching and learning  ...", "url_pdf": null, "num_citations": 1, "cluster_id": "16318826692530676665", "authors": "CC Swanson, A Ahmad\u2026 - Inquiry-Based Learning for \u2026", "url_citations": "http://scholar.google.com/scholar?cites=16318826692530676665&as_sdt=2005&sciodt=1,5&hl=en"}, {"num_versions": 7, "url_citation": null, "title": "The light applications in science and engineering research collaborative undergraduate laboratory for teaching (LASER CULT)-relevant experiential learning in  \u2026", "url": "http://ieeexplore.ieee.org/xpls/abs_all.jsp?arnumber=1427875", "url_versions": "http://scholar.google.com/scholar?cluster=502679133657935187&hl=en&as_sdt=1,5&sciodt=1,5&as_vis=1", "year": "2005", "excerpt": "Abstract\u2014An integrative undergraduate photonics curriculum has been developed that utilizes three active learning methods: case studies, team learning, and project-based learning (PBL). This two-course sequence at Oklahoma State University's Light  ...", "url_pdf": null, "num_citations": 27, "cluster_id": "502679133657935187", "authors": "RA Cheville, A McGovern\u2026 - \u2026 , IEEE Transactions on", "url_citations": "http://scholar.google.com/scholar?cites=502679133657935187&as_sdt=2005&sciodt=1,5&hl=en"}, {"num_versions": 8, "url_citation": null, "title": "QUEST-Um Sistema de Avalia\u00e7\u00e3o Educacional para a Web", "url": "http://www.secondlab.inf.puc-rio.br/public/papers/teseChoren.pdf", "url_versions": "http://scholar.google.com/scholar?cluster=7310928807297549079&hl=en&as_sdt=1,5&sciodt=1,5&as_vis=1", "year": "1998", "excerpt": "Abstract The Internet has a great potential for educational purposes. In 1997, the Software Engineering Laboratory at PUC-Rio implemented a first version of AulaNet\u2122, a web-based educational environment. This year, some of the teaching staff will be using this  ...", "url_pdf": "http://www.secondlab.inf.puc-rio.br/public/papers/teseChoren.pdf", "num_citations": 7, "cluster_id": "7310928807297549079", "authors": "RC Noya - Rio de Janeiro: Disserta\u00e7\u00e3o de Mestrado-PUC- \u2026", "url_citations": "http://scholar.google.com/scholar?cites=7310928807297549079&as_sdt=2005&sciodt=1,5&hl=en"}, {"num_versions": 3, "url_citation": null, "title": "Predictors of success in solving programming tasks", "url": "http://elib.mi.sanu.ac.rs/files/journals/tm/22/tm1214.pdf", "url_versions": "http://scholar.google.com/scholar?cluster=9549051820377268983&hl=en&as_sdt=1,5&sciodt=1,5&as_vis=1", "year": "2009", "excerpt": "Abstract. Based on a sample of 79 third-grade high school students, this study found that success in solving programming tasks at higher level of knowledge depends on success in solving programming tasks at lower level of knowledge, intellectual abilities of students  ...", "url_pdf": "http://elib.mi.sanu.ac.rs/files/journals/tm/22/tm1214.pdf", "num_citations": 2, "cluster_id": "9549051820377268983", "authors": "J Milic - The Teaching of Mathematics", "url_citations": "http://scholar.google.com/scholar?cites=9549051820377268983&as_sdt=2005&sciodt=1,5&hl=en"}, {"num_versions": 7, "url_citation": null, "title": "A survey of automated assessment approaches for programming assignments", "url": "http://www.tandfonline.com/doi/abs/10.1080/08993400500150747", "url_versions": "http://scholar.google.com/scholar?cluster=1337097013979919194&hl=en&as_sdt=1,5&sciodt=1,5&as_vis=1", "year": "2005", "excerpt": "Practical programming is one of the basic skills pursued in computer science education. On programming courses, the coursework consists of programming assignments that need to be assessed from different points of view. Since the submitted assignments are executable  ...", "url_pdf": null, "num_citations": 199, "cluster_id": "1337097013979919194", "authors": "KM Ala-Mutka - Computer science education", "url_citations": "http://scholar.google.com/scholar?cites=1337097013979919194&as_sdt=2005&sciodt=1,5&hl=en"}, {"num_versions": 4, "url_citation": null, "title": "Measuring Student Learning: An Empirical Solution with Implications for IS Education and Beyond", "url": "http://muse.jhu.edu/journals/esj/summary/v001/1.2taylor.html", "url_versions": "http://scholar.google.com/scholar?cluster=18415982146226641931&hl=en&as_sdt=1,5&sciodt=1,5&as_vis=1", "year": "2002", "excerpt": "Abstract As we enter the twenty-first century, the organizational role of IS continues to expand and evolve at a dizzying pace. An understanding of and appreciation for that role is becoming mandatory for all managers and executives, not just IS professionals. This  ...", "url_pdf": null, "num_citations": 4, "cluster_id": "18415982146226641931", "authors": "DS Taylor, T Goles, WW Chin - e-Service Journal", "url_citations": "http://scholar.google.com/scholar?cites=18415982146226641931&as_sdt=2005&sciodt=1,5&hl=en"}, {"num_versions": 3, "url_citation": null, "title": "Improving Learning in First\u2010Year Engineering Courses through Interdisciplinary Collaborative Assessment", "url": "http://onlinelibrary.wiley.com/doi/10.1002/j.2168-9830.2008.tb00952.x/abstract", "url_versions": "http://scholar.google.com/scholar?cluster=8894544773547111207&hl=en&as_sdt=1,5&sciodt=1,5&as_vis=1", "year": "2008", "excerpt": "ABSTRACT This paper describes a feedback process that assessed first-year engineering student learning using a mastery exam. The results were used to improve learning and teaching in first-year courses. To design the initial exam, basic knowledge and concepts  ...", "url_pdf": null, "num_citations": 22, "cluster_id": "8894544773547111207", "authors": "DM Qualters, TC Sheahan, EJ Mason\u2026 - Journal of  \u2026", "url_citations": "http://scholar.google.com/scholar?cites=8894544773547111207&as_sdt=2005&sciodt=1,5&hl=en"}, {"num_versions": 2, "url_citation": null, "title": "Normative perception of the role of is within the organization: an empirical test of measuring student learning", "url": "http://aisel.aisnet.org/cgi/viewcontent.cgi?article=1742&context=amcis2000", "url_versions": "http://scholar.google.com/scholar?cluster=9071906346259198367&hl=en&as_sdt=1,5&sciodt=1,5&as_vis=1", "year": "2000", "excerpt": "Abstract As we enter the 21st century, the organizational role of IS continues to expand and evolve at a dizzying pace. An understanding of and appreciation for that role is becoming mandatory for all managers and executives, not just IS professionals. This paper first  ...", "url_pdf": null, "num_citations": 1, "cluster_id": "9071906346259198367", "authors": "DS Taylor, T Goles, W Chin - AMCIS", "url_citations": "http://scholar.google.com/scholar?cites=9071906346259198367&as_sdt=2005&sciodt=1,5&hl=en"}, {"num_versions": 8, "url_citation": null, "title": "ICT and pupil assessment", "url": "http://www.tandfonline.com/doi/abs/10.1080/0958517042000226793", "url_versions": "http://scholar.google.com/scholar?cluster=9873374167763196035&hl=en&as_sdt=1,5&sciodt=1,5&as_vis=1", "year": "2004", "excerpt": "The role of pupil assessment in ICT is often seen by teachers as problematic. This article will explore the relationship of the two and will argue that research in assessment has not kept up with the opportunities offered by ICT. Conversely, some of the new developments in ' ...", "url_pdf": null, "num_citations": 18, "cluster_id": "9873374167763196035", "authors": "R McCormick - Curriculum journal", "url_citations": "http://scholar.google.com/scholar?cites=9873374167763196035&as_sdt=2005&sciodt=1,5&hl=en"}, {"num_versions": 6, "url_citation": null, "title": "An integrated framework for improved computer science education: Strategies, implementations, and results", "url": "http://www.tandfonline.com/doi/abs/10.1080/08993400701203782", "url_versions": "http://scholar.google.com/scholar?cluster=15816979787392933063&hl=en&as_sdt=1,5&sciodt=1,5&as_vis=1", "year": "2007", "excerpt": "This paper describes the Reinventing Computer Science Curriculum Project at the University of Nebraska-Lincoln. Motivated by rapid and significant changes in the information technology and computing areas, high diversity in student aptitudes, and high  ...", "url_pdf": null, "num_citations": 16, "cluster_id": "15816979787392933063", "authors": "LK Soh, A Samal, G Nugent - Computer Science Education", "url_citations": "http://scholar.google.com/scholar?cites=15816979787392933063&as_sdt=2005&sciodt=1,5&hl=en"}, {"num_versions": 8, "url_citation": null, "title": "Creating a learning community of postgraduate nurses through online discussion", "url": "http://scholar.google.com/https://www.ascilite.org.au/conferences/perth04/procs/honey.html", "url_versions": "http://scholar.google.com/scholar?cluster=13594972500611871187&hl=en&as_sdt=1,5&sciodt=1,5&as_vis=1", "year": "2004", "excerpt": "This paper considers the process of developing a virtual learning community amongst a diverse group of postgraduate nurses, inexperienced with technology and online learning. Strategies used to promote the creation of the community are described and evidence of  ...", "url_pdf": null, "num_citations": 8, "cluster_id": "13594972500611871187", "authors": "M Honey, C Gunn, N North - ASCILITE conference, Perth, Australia", "url_citations": "http://scholar.google.com/scholar?cites=13594972500611871187&as_sdt=2005&sciodt=1,5&hl=en"}, {"num_versions": 3, "url_citation": null, "title": "Bulu\u015f yoluyla fen \u00f6\u011fretiminin \u00f6\u011frencilerin akademik ba\u015far\u0131lar\u0131na, \u00f6\u011frenme yakla\u015f\u0131mlar\u0131na ve tutumlar\u0131na etkisi", "url": "http://www.tused.org/internet/tufed/arsiv/v3/i1/metin/tufedv3i1s3.pdf", "url_versions": "http://scholar.google.com/scholar?cluster=11345097828883984252&hl=en&as_sdt=1,5&sciodt=1,5&as_vis=1", "year": "2006", "excerpt": "\u00d6ZET Bu \u00e7al\u0131\u015fman\u0131n ba\u015fl\u0131ca amac\u0131, yap\u0131land\u0131rmac\u0131 yakla\u015f\u0131ma uygun olarak bulu\u015f yoluyla yap\u0131land\u0131r\u0131lm\u0131\u015f etkinlikler i\u00e7eren\" S\u0131v\u0131lar\u0131n ve Gazlar\u0131n Bas\u0131nc\u0131\" konulu fen dersinin, \u00f6\u011frencilerin akademik ba\u015far\u0131lar\u0131na, feni \u00f6\u011frenme yakla\u015f\u0131mlar\u0131na ve fene y\u00f6nelik  ...", "url_pdf": "http://www.tused.org/internet/tufed/arsiv/v3/i1/metin/tufedv3i1s3.pdf", "num_citations": 44, "cluster_id": "11345097828883984252", "authors": "G \u00dcnal, \u00d6 Ergin - T\u00fcrk Fen E\u011fitimi Dergisi", "url_citations": "http://scholar.google.com/scholar?cites=11345097828883984252&as_sdt=2005&sciodt=1,5&hl=en"}, {"num_versions": 3, "url_citation": null, "title": "Computer-based testing-the ideal tool to assess on the different levels of Bloom's taxonomy", "url": "http://ieeexplore.ieee.org/xpls/abs_all.jsp?arnumber=6059623", "url_versions": "http://scholar.google.com/scholar?cluster=13355039508096045667&hl=en&as_sdt=1,5&sciodt=1,5&as_vis=1", "year": "2011", "excerpt": "Abstract\u2014Computer-based assessment became one of the most common forms of technology enhanced assessment since the 1990s. Bloom's Taxonomy is widely used as a classification scheme to determine different levels of cognitive competencies. Using CBT  ...", "url_pdf": null, "num_citations": 7, "cluster_id": "13355039508096045667", "authors": "E de Bruyn, E Mostert\u2026 - \u2026  Learning (ICL)", "url_citations": "http://scholar.google.com/scholar?cites=13355039508096045667&as_sdt=2005&sciodt=1,5&hl=en"}, {"num_versions": 6, "url_citation": null, "title": "Teaching and learning with technology as enabler: A case study on flexible learning for postgraduate nurses", "url": "http://scholar.google.com/https://researchspace.auckland.ac.nz/handle/2292/2383", "url_versions": "http://scholar.google.com/scholar?cluster=17707574540296392660&hl=en&as_sdt=1,5&sciodt=1,5&as_vis=1", "year": "2007", "excerpt": "The aim of this study was to explore the practice of flexible learning for postgraduate nurses. Flexible learning is a contemporary approach to learning that utilises the benefits of technology. Flexible learning can be understood as a continuum, from fully on-line or web- ...", "url_pdf": null, "num_citations": 1, "cluster_id": "17707574540296392660", "authors": "MLL Honey -", "url_citations": "http://scholar.google.com/scholar?cites=17707574540296392660&as_sdt=2005&sciodt=1,5&hl=en"}, {"num_versions": 2, "url_citation": null, "title": "CADAL Quiz: Providing support for self-managed learning?", "url": "http://www.editlib.org/p/6407/", "url_versions": "http://scholar.google.com/scholar?cluster=12317934114730525496&hl=en&as_sdt=1,5&sciodt=1,5&as_vis=1", "year": "2000", "excerpt": "Abstract A Web-based multiple choice quiz generator and assessment tool, CADAL Quiz (Computer Aided Dynamic Assessment and Learning Quiz), was developed at Monash University and has been incorporated into a number of subjects within the Faculty of  ...", "url_pdf": null, "num_citations": 4, "cluster_id": "12317934114730525496", "authors": "J Sheard, A Carbone - WebNet World Conference on the WWW and  \u2026", "url_citations": "http://scholar.google.com/scholar?cites=12317934114730525496&as_sdt=2005&sciodt=1,5&hl=en"}]