[{"num_versions": 3, "url_citation": null, "title": "SRRank: leveraging semantic roles for extractive multi-document summarization", "url": "http://ieeexplore.ieee.org/xpls/abs_all.jsp?arnumber=6913538", "url_versions": "http://scholar.google.com/scholar?cluster=4165390333224870945&hl=en&as_sdt=1,5&sciodt=1,5&as_vis=1", "year": "2014", "excerpt": "Abstract\u2014Extractive multi-document summarization systems usually rank sentences in a document set with some ranking strategy and then select a few highly ranked sentences into the summary. One of the most popular ranking algorithms is the graph-based ranking  ...", "url_pdf": null, "num_citations": 4, "cluster_id": "4165390333224870945", "authors": "S Yan, X Wan - \u2026  Speech, and Language Processing, IEEE/ACM \u2026", "url_citations": "http://scholar.google.com/scholar?cites=4165390333224870945&as_sdt=2005&sciodt=1,5&hl=en"}, {"num_versions": 0, "url_citation": null, "title": "News event summarization complemented by micropoints", "url": "http://ieeexplore.ieee.org/xpls/abs_all.jsp?arnumber=7129575", "url_versions": null, "year": "2015", "excerpt": "Abstract\u2014In this paper, we propose a framework to produce comprehensive summarization of news event complemented by microblog. Given a basic summary extracted from traditional news articles, we extract micropoints from microblog to complement it. A  ...", "url_pdf": null, "num_citations": 0, "cluster_id": null, "authors": "P Lin, R Xiao, Y Zhang - Data Engineering Workshops (ICDEW \u2026", "url_citations": null}, {"num_versions": 3, "url_citation": null, "title": "Reader-Aware Multi-Document Summarization via Sparse Coding", "url": "http://arxiv.org/abs/1504.07324", "url_versions": "http://scholar.google.com/scholar?cluster=12688329039340079563&hl=en&as_sdt=1,5&sciodt=1,5&as_vis=1", "year": "2015", "excerpt": "Abstract: We propose a new MDS paradigm called reader-aware multi-document summarization (RA-MDS). Specifically, a set of reader comments associated with the news reports are also collected. The generated summaries from the reports for the event should  ...", "url_pdf": null, "num_citations": 1, "cluster_id": "12688329039340079563", "authors": "P Li, L Bing, W Lam, H Li, Y Liao - arXiv preprint arXiv:1504.07324", "url_citations": "http://scholar.google.com/scholar?cites=12688329039340079563&as_sdt=2005&sciodt=1,5&hl=en"}, {"num_versions": 0, "url_citation": null, "title": "Abstractive Multi-Document Summarization via Phrase Selection and", "url": "http://arxiv.org/abs/1506.01597", "url_versions": null, "year": "2015", "excerpt": "Abstract: We propose an abstraction-based multi-document summarization framework that can construct new sentences by exploring more fine-grained syntactic units than sentences, namely, noun/verb phrases. Different from existing abstraction-based approaches, our  ...", "url_pdf": null, "num_citations": 2, "cluster_id": "28277060897177657", "authors": "L Bing, P Li, Y Liao, W Lam, W Guo\u2026 - arXiv preprint arXiv: \u2026", "url_citations": "http://scholar.google.com/scholar?cites=28277060897177657&as_sdt=2005&sciodt=1,5&hl=en"}, {"num_versions": 0, "url_citation": null, "title": "CTSUM: extracting more certain summaries for news articles", "url": "http://dl.acm.org/citation.cfm?id=2609559", "url_versions": null, "year": "2014", "excerpt": "Abstract People often read summaries of news articles in order to get reliable information about an event or a topic. However, the information expressed in news articles is not always certain, and some sentences contain uncertain information about the event. Existing  ...", "url_pdf": null, "num_citations": 3, "cluster_id": "13359845732012330640", "authors": "X Wan, J Zhang - Proceedings of the 37th international ACM SIGIR  \u2026", "url_citations": "http://scholar.google.com/scholar?cites=13359845732012330640&as_sdt=2005&sciodt=1,5&hl=en"}]