[{"num_versions": 6, "url_citation": null, "title": "Impacts of teaching approaches on learning approaches of construction engineering students: A comparative study between Hong Kong and Mainland China", "url": "http://onlinelibrary.wiley.com/doi/10.1002/j.2168-9830.2008.tb00963.x/abstract", "url_versions": "http://scholar.google.com/scholar?cluster=8459430947715350943&hl=en&as_sdt=1,5&sciodt=1,5&as_vis=1", "year": "2008", "excerpt": "Abstract Teaching and learning contexts influence the learning process and determine the learning outcome or product. Teaching approaches may vary across different engineering and science courses and students. This study was aimed at understanding the differences  ...", "url_pdf": null, "num_citations": 20, "cluster_id": "8459430947715350943", "authors": "M Leung, X Lu, D Chen, M Lu - Journal of Engineering  \u2026", "url_citations": "http://scholar.google.com/scholar?cites=8459430947715350943&as_sdt=2005&sciodt=1,5&hl=en"}, {"num_versions": 3, "url_citation": null, "title": "Assessing the approaches to learning of twinning programme students in Malaysia", "url": "http://repo.uum.edu.my/1066/1/Pauline_Goh_Swee_Choo.pdf", "url_versions": "http://scholar.google.com/scholar?cluster=12052840141230094019&hl=en&as_sdt=1,5&sciodt=1,5&as_vis=1", "year": "2006", "excerpt": "Abstract: The study set out to examine the psychometric properties of the scores obtained on the modified 20-item Revised Two Factor Study Process Questionnaire (R-SPQ-2F). The study also investigated the relationship between scores on the R-SPQ-2F and students'  ...", "url_pdf": "http://repo.uum.edu.my/1066/1/Pauline_Goh_Swee_Choo.pdf", "num_citations": 6, "cluster_id": "12052840141230094019", "authors": "PGS Choo - Malaysian Journal of Learning & Instruction", "url_citations": "http://scholar.google.com/scholar?cites=12052840141230094019&as_sdt=2005&sciodt=1,5&hl=en"}, {"num_versions": 10, "url_citation": null, "title": "Academic achievement in first\u2010year Portuguese college students: The role of academic preparation and learning strategies", "url": "http://www.tandfonline.com/doi/abs/10.1080/00207590701700545", "url_versions": "http://scholar.google.com/scholar?cluster=12769383433455310848&hl=en&as_sdt=1,5&sciodt=1,5&as_vis=1", "year": "2009", "excerpt": "This paper analyses the role of academic preparation and learning strategies in the prediction of first\u2010year Portuguese college students' academic achievement, considering students' sex and academic field attended. A sample of 445 first\u2010year college students ( ...", "url_pdf": null, "num_citations": 30, "cluster_id": "12769383433455310848", "authors": "AP Soares, AM Guisande, LS Almeida\u2026 - International Journal of \u2026", "url_citations": "http://scholar.google.com/scholar?cites=12769383433455310848&as_sdt=2005&sciodt=1,5&hl=en"}, {"num_versions": 2, "url_citation": null, "title": "\u00d6\u011frenme Yakla\u015f\u0131mlar\u0131 Envanterinin Dilsel E\u015fde\u011ferlik G\u00fcvenirlik Ve Ge\u00e7erlik \u00c7al\u0131\u015fmas\u0131", "url": "http://dergipark.ulakbim.gov.tr/cusosbil/article/view/5000001178/0", "url_versions": "http://scholar.google.com/scholar?cluster=2676218659663054805&hl=en&as_sdt=1,5&sciodt=1,5&as_vis=1", "year": "2007", "excerpt": "\u00d6zet Bu \u00e7al\u0131\u015fma; \u00d6\u011frenme Yakla\u015f\u0131mlar\u0131 Envanteri'nin dilsel e\u015fde\u011ferlik ge\u00e7erlik ve g\u00fcvenirlik analizlerini yapmak \u00fczere ger\u00e7ekle\u015ftirilmi\u015ftir Envanter Biggs Kember ve Leung 2004 taraf\u0131ndan orta\u00f6\u011fretim seviyesindeki \u00f6\u011frenciler i\u00e7in geli\u015ftirilmi\u015ftir Bu envanter pek \u00e7ok  ...", "url_pdf": null, "num_citations": 18, "cluster_id": "2676218659663054805", "authors": "E \u00c7OLAK, FER Seval - \u00c7ukurova \u00dcniversitesi Sosyal  \u2026", "url_citations": "http://scholar.google.com/scholar?cites=2676218659663054805&as_sdt=2005&sciodt=1,5&hl=en"}, {"num_versions": 8, "url_citation": null, "title": "Percepci\u00f3n del proceso de ense\u00f1anza-aprendizaje y rendimiento acad\u00e9mico en diferentes contextos instruccionales de la Educaci\u00f3n Superior", "url": "http://www.unioviedo.es/reunido/index.php/PST/article/view/8956", "url_versions": "http://scholar.google.com/scholar?cluster=11700636704117211287&hl=en&as_sdt=1,5&sciodt=1,5&as_vis=1", "year": "2010", "excerpt": "Resumen En la actual Educaci\u00f3n Superior, el rendimiento y los contextos de ense\u00f1anza-aprendizaje (EA) tienen gran actualidad. A partir del modelo DIDEPRO se pretendi\u00f3 establecer la interdependencia entre diferentes contextos instruccionales y el nivel de  ...", "url_pdf": null, "num_citations": 29, "cluster_id": "11700636704117211287", "authors": "JDLF Arias, JMM Vicente, FJP S\u00e1nchez, ABG Berb\u00e9n - Psicothema", "url_citations": "http://scholar.google.com/scholar?cites=11700636704117211287&as_sdt=2005&sciodt=1,5&hl=en"}, {"num_versions": 3, "url_citation": null, "title": "Cross-cultural learning approaches in students from the USA, Japan and Taiwan", "url": "http://spi.sagepub.com/content/28/5/592.short", "url_versions": "http://scholar.google.com/scholar?cluster=8061920741820790733&hl=en&as_sdt=1,5&sciodt=1,5&as_vis=1", "year": "2007", "excerpt": "Abstract The purpose of this study is to examine the relationship between approaches to learning and locus of control of students from the USA, Japan, and Taiwan. The results show that students from the USA utilized more rote memory learning compared to students from  ...", "url_pdf": null, "num_citations": 12, "cluster_id": "8061920741820790733", "authors": "MB Brown, M Aoshima, LM Bolen, R Chia\u2026 - School Psychology  \u2026", "url_citations": "http://scholar.google.com/scholar?cites=8061920741820790733&as_sdt=2005&sciodt=1,5&hl=en"}, {"num_versions": 4, "url_citation": null, "title": "The effects of problem-based learning on pre-service teachers achievement, approaches and attitudes towards learning physics", "url": "http://www.academicjournals.org/journal/IJPS/article-abstract/5E5E0B126729", "url_versions": "http://scholar.google.com/scholar?cluster=5392935113630132063&hl=en&as_sdt=1,5&sciodt=1,5&as_vis=1", "year": "2010", "excerpt": "The purpose of this study was to evaluate the effects of the Problem Based Learning (PBL) method on students' achievement in and approaches and attitudes towards an introductory physics course. With the control group, a quasi-experimental pretest\u2013posttest design was  ...", "url_pdf": null, "num_citations": 23, "cluster_id": "5392935113630132063", "authors": "GS Selccedil - International Journal of Physical Sciences", "url_citations": "http://scholar.google.com/scholar?cites=5392935113630132063&as_sdt=2005&sciodt=1,5&hl=en"}, {"num_versions": 7, "url_citation": null, "title": "Differentiating Low Performance of the Gifted Learner Achieving, Underachieving, and Selective Consuming Students", "url": "http://joa.sagepub.com/content/23/1/53.short", "url_versions": "http://scholar.google.com/scholar?cluster=14336563681379390110&hl=en&as_sdt=1,5&sciodt=1,5&as_vis=1", "year": "2012", "excerpt": "Abstract The study aimed to empirically verify findings from qualitative studies that showed selective consumers could be distinguished from underachievers with regard to academic self-perception and thinking style preference. Participants, gifted males from an  ...", "url_pdf": null, "num_citations": 14, "cluster_id": "14336563681379390110", "authors": "SD Figg, KB Rogers, J McCormick\u2026 - Journal of Advanced  \u2026", "url_citations": "http://scholar.google.com/scholar?cites=14336563681379390110&as_sdt=2005&sciodt=1,5&hl=en"}, {"num_versions": 6, "url_citation": null, "title": "Learning approaches and career personality types: Biggs and Holland united", "url": "http://www.sciencedirect.com/science/article/pii/S0191886903003192", "url_versions": "http://scholar.google.com/scholar?cluster=13617953213956019274&hl=en&as_sdt=1,5&sciodt=1,5&as_vis=1", "year": "2004", "excerpt": "For the past decade or so, empirically testing the relationships between style constructs with different underlying theoretical models has been one of the major endeavors of many scholars. The present study is the first that investigates the relationships between learning  ...", "url_pdf": null, "num_citations": 28, "cluster_id": "13617953213956019274", "authors": "L Zhang - Personality and Individual Differences", "url_citations": "http://scholar.google.com/scholar?cites=13617953213956019274&as_sdt=2005&sciodt=1,5&hl=en"}, {"num_versions": 5, "url_citation": null, "title": "Predicting cognitive development, intellectual styles, and personaltiy traits from self-rated abilities", "url": "http://www.sciencedirect.com/science/article/pii/S1041608004000408", "url_versions": "http://scholar.google.com/scholar?cluster=18149733329518037656&hl=en&as_sdt=1,5&sciodt=1,5&as_vis=1", "year": "2005", "excerpt": "The present paper reports a series of six studies, each investigating the power of self-rated analytical, creative, and practical abilities for predicting one of six individual-difference variables: cognitive development, modes of thinking, career interests, learning  ...", "url_pdf": null, "num_citations": 27, "cluster_id": "18149733329518037656", "authors": "L Zhang - Learning and Individual Differences", "url_citations": "http://scholar.google.com/scholar?cites=18149733329518037656&as_sdt=2005&sciodt=1,5&hl=en"}, {"num_versions": 2, "url_citation": null, "title": "BIGGS'S 3P MODEL OF LEARNING: THE ROLE OF PERSONAL CHARACTERISTICS AND ENVIRONMENTAL INFLUENCES ON APPROACHES TO  \u2026", "url": "http://scholar.google.com/https://www120.secure.griffith.edu.au/rch/file/7244b89c-72f1-b20c-f305-273f3a6a68be/1/02Whole.pdf", "url_versions": "http://scholar.google.com/scholar?cluster=11708528570730532431&hl=en&as_sdt=1,5&sciodt=1,5&as_vis=1", "year": "2002", "excerpt": "ABSTRACT The aim of this research programme was to examine the 3P model of learning (Biggs, 1987a, 1999). The first stage necessarily involved an examination of the Study Process Questionnaire (SPQ)(Biggs, 1987a), an instrument developed to measure the  ...", "url_pdf": "http://scholar.google.com/https://www120.secure.griffith.edu.au/rch/file/7244b89c-72f1-b20c-f305-273f3a6a68be/1/02Whole.pdf", "num_citations": 18, "cluster_id": "11708528570730532431", "authors": "C Jones -", "url_citations": "http://scholar.google.com/scholar?cites=11708528570730532431&as_sdt=2005&sciodt=1,5&hl=en"}, {"num_versions": 8, "url_citation": null, "title": "Understanding learning behaviour of Malaysian adult learners: a cross-cultural sensitive framework", "url": "http://link.springer.com/article/10.1007/s10671-007-9039-5", "url_versions": "http://scholar.google.com/scholar?cluster=10924143249511857550&hl=en&as_sdt=1,5&sciodt=1,5&as_vis=1", "year": "2008", "excerpt": "Abstract The link between learning and the knowledge-economy is so crucial that the Organisation for Economic Co-Operation and Development has reconceptualised the term knowledge-economy to call it \u201clearning economy\u201d. Ultimately, one of the main challenges  ...", "url_pdf": null, "num_citations": 8, "cluster_id": "10924143249511857550", "authors": "PL Tan, H Pillay - Educational Research for Policy and Practice", "url_citations": "http://scholar.google.com/scholar?cites=10924143249511857550&as_sdt=2005&sciodt=1,5&hl=en"}, {"num_versions": 7, "url_citation": null, "title": "Estudio de los enfoques de aprendizaje en estudiantes de Magisterio y Psicopedagog\u00eda", "url": "http://dialnet.unirioja.es/servlet/articulo?codigo=1302863&orden=53343&info=link", "url_versions": "http://scholar.google.com/scholar?cluster=4456692884721227629&hl=en&as_sdt=1,5&sciodt=1,5&as_vis=1", "year": "2005", "excerpt": "Resumen Introducci\u00f3n. La nueva cultura de la calidad de las universidades y las reformas en los planes de estudios provocan la necesidad de conocer la realidad educativa, especialmente los procesos de estudio que los estudiantes universitarios desempe\u00f1an  ...", "url_pdf": null, "num_citations": 40, "cluster_id": "4456692884721227629", "authors": "ABG Berb\u00e9n - Electronic journal of research in educational  \u2026", "url_citations": "http://scholar.google.com/scholar?cites=4456692884721227629&as_sdt=2005&sciodt=1,5&hl=en"}, {"num_versions": 7, "url_citation": null, "title": "Smart utilization of tertiary instructional modes", "url": "http://www.sciencedirect.com/science/article/pii/S0360131509002942", "url_versions": "http://scholar.google.com/scholar?cluster=5586653967422449295&hl=en&as_sdt=1,5&sciodt=1,5&as_vis=1", "year": "2010", "excerpt": "This empirical research surveys first year tertiary business students across different campuses regarding their perceived views concerning traditional, blended and flexible instructional approaches. A structural equation modeling approach shows traditional  ...", "url_pdf": null, "num_citations": 18, "cluster_id": "5586653967422449295", "authors": "J Hamilton, S Tee - Computers & Education", "url_citations": "http://scholar.google.com/scholar?cites=5586653967422449295&as_sdt=2005&sciodt=1,5&hl=en"}, {"num_versions": 16, "url_citation": null, "title": "SYSTEMATIC INFLUENCES ON TEACHING EVALUATIONS: THE CASE FOR CAUTION*", "url": "http://onlinelibrary.wiley.com/doi/10.1111/j.1467-8454.2007.00303.x/abstract", "url_versions": "http://scholar.google.com/scholar?cluster=17764779781619963579&hl=en&as_sdt=1,5&sciodt=1,5&as_vis=1", "year": "2007", "excerpt": "In this paper, we examine eight years of Quality of Teaching (QOT) responses from an Economics Department in an Australian University. This is done to determine what factors, besides the instructor, have an impact on the raw average student evaluation scores. Most  ...", "url_pdf": null, "num_citations": 66, "cluster_id": "17764779781619963579", "authors": "M Davies, J Hirschberg, J Lye\u2026 - Australian Economic  \u2026", "url_citations": "http://scholar.google.com/scholar?cites=17764779781619963579&as_sdt=2005&sciodt=1,5&hl=en"}, {"num_versions": 5, "url_citation": null, "title": "Mathophobic students' perspectives on quantitative material in the undergraduate geography curriculum", "url": "http://www.tandfonline.com/doi/abs/10.1080/0309826042000242459", "url_versions": "http://scholar.google.com/scholar?cluster=15281186654751392828&hl=en&as_sdt=1,5&sciodt=1,5&as_vis=1", "year": "2004", "excerpt": "Results are presented of a series of focus\u2010group sessions held at Lancaster University during May 2002. Participants consisted of 12 undergraduate geography students chosen from amongst those identified as having strong antipathy towards quantitative material.  ...", "url_pdf": null, "num_citations": 5, "cluster_id": "15281186654751392828", "authors": "AM Folkard - Journal of Geography in Higher Education", "url_citations": "http://scholar.google.com/scholar?cites=15281186654751392828&as_sdt=2005&sciodt=1,5&hl=en"}, {"num_versions": 3, "url_citation": null, "title": "Twenty-Five Years of Gifted Education Research in Hong Kong 1984\u20132008: What Lessons Have We Learned?", "url": "http://www.researchgate.net/profile/David_Chan8/publication/228862974_Twenty-Five_Years_of_Gifted_Education_Research_in_Hong_Kong_19842008_What_Lessons_Have_We_Learned/links/00b4951830842ddde3000000.pdf", "url_versions": "http://scholar.google.com/scholar?cluster=14366066080177204775&hl=en&as_sdt=1,5&sciodt=1,5&as_vis=1", "year": "2009", "excerpt": "Published research studies in gifted education in Hong Kong based on two databases from 1984 to 2008 were surveyed to identify the field's critical priorities and practices. Research studies within the period were briefly reviewed to shed light on what we have learned  ...", "url_pdf": "http://www.researchgate.net/profile/David_Chan8/publication/228862974_Twenty-Five_Years_of_Gifted_Education_Research_in_Hong_Kong_19842008_What_Lessons_Have_We_Learned/links/00b4951830842ddde3000000.pdf", "num_citations": 4, "cluster_id": "14366066080177204775", "authors": "DW Chan, L Chan, Y Zhao - Educational Research Journal", "url_citations": "http://scholar.google.com/scholar?cites=14366066080177204775&as_sdt=2005&sciodt=1,5&hl=en"}, {"num_versions": 2, "url_citation": null, "title": "Approaches to learning and learning values: An investigation of adult learners in Malaysia", "url": "http://eprints.qut.edu.au/16295/", "url_versions": "http://scholar.google.com/scholar?cluster=11298047547517746196&hl=en&as_sdt=1,5&sciodt=1,5&as_vis=1", "year": "2006", "excerpt": "This research was inspired by a pressing question which formed the main aim of the current study--What factors contribute to the differential academic performance of adult learners in the formal setting in Malaysia? It is hoped that by addressing this question, insights  ...", "url_pdf": null, "num_citations": 17, "cluster_id": "11298047547517746196", "authors": "PL Tan -", "url_citations": "http://scholar.google.com/scholar?cites=11298047547517746196&as_sdt=2005&sciodt=1,5&hl=en"}, {"num_versions": 3, "url_citation": null, "title": "Moderation effects of personality and organizational support on the relationship between prior job experience and academic performance of management students", "url": "http://www.tandfonline.com/doi/abs/10.1080/03075079.2013.777411", "url_versions": "http://scholar.google.com/scholar?cluster=6314557436744347001&hl=en&as_sdt=1,5&sciodt=1,5&as_vis=1", "year": "2014", "excerpt": "The study investigates the relationship between prior job experience and current academic performance among management students in India. It further explores the impact of individual and situational factors on the above relationship. Based on a longitudinal study  ...", "url_pdf": null, "num_citations": 5, "cluster_id": "6314557436744347001", "authors": "N Uppal, SK Mishra - Studies in Higher Education", "url_citations": "http://scholar.google.com/scholar?cites=6314557436744347001&as_sdt=2005&sciodt=1,5&hl=en"}, {"num_versions": 2, "url_citation": null, "title": "Factors influencing self-directed learning readiness amongst Taiwanese nursing students", "url": "http://eprints.qut.edu.au/20709/", "url_versions": "http://scholar.google.com/scholar?cluster=10797696920459587800&hl=en&as_sdt=1,5&sciodt=1,5&as_vis=1", "year": "2008", "excerpt": "Rapid scientific and technological advances in health care mean that nurses need to keep learning and engage in professional education so that they can continue to provide safe and quality care. Education programs which prepare nurses for practice as a registered nurse  ...", "url_pdf": null, "num_citations": 8, "cluster_id": "10797696920459587800", "authors": "M Huang -", "url_citations": "http://scholar.google.com/scholar?cites=10797696920459587800&as_sdt=2005&sciodt=1,5&hl=en"}, {"num_versions": 5, "url_citation": null, "title": "Who gets the best grades at top universities? An exploratory analysis of institution-wide interviews with the highest achievers at a top Korean University", "url": "http://link.springer.com/article/10.1007/s12564-012-9227-8", "url_versions": "http://scholar.google.com/scholar?cluster=6807787990312979943&hl=en&as_sdt=1,5&sciodt=1,5&as_vis=1", "year": "2012", "excerpt": "Abstract This study explores what makes high achievement at a top university in order to gain insights into college learning. For this purpose, institution-wide in-depth interviews were conducted with the 45 highest achievers (GPA of 4.0/4.3 or higher) at a top Korean  ...", "url_pdf": null, "num_citations": 6, "cluster_id": "6807787990312979943", "authors": "HJ Lee, J Lee - Asia Pacific Education Review", "url_citations": "http://scholar.google.com/scholar?cites=6807787990312979943&as_sdt=2005&sciodt=1,5&hl=en"}, {"num_versions": 4, "url_citation": null, "title": "Does the big five predict learning approaches?", "url": "http://www.sciencedirect.com/science/article/pii/S0191886902001253", "url_versions": "http://scholar.google.com/scholar?cluster=2090883651950700760&hl=en&as_sdt=1,5&sciodt=1,5&as_vis=1", "year": "2003", "excerpt": "The present study examines if the big five personality traits can statistically predict learning approaches. Four hundred and twenty (286 female and 134 male) university students from Shanghai, PR China volunteered to participate in the study. The participants responded to  ...", "url_pdf": null, "num_citations": 128, "cluster_id": "2090883651950700760", "authors": "L Zhang - Personality and individual differences", "url_citations": "http://scholar.google.com/scholar?cites=2090883651950700760&as_sdt=2005&sciodt=1,5&hl=en"}, {"num_versions": 2, "url_citation": null, "title": "Teaching and learning in accounting Education: Students' perceptions of the linkages between teaching context, approaches to learning and outcomes", "url": "http://ro.uow.edu.au/cgi/viewcontent.cgi?article=1219&context=commpapers", "url_versions": "http://scholar.google.com/scholar?cluster=17107762305290789939&hl=en&as_sdt=1,5&sciodt=1,5&as_vis=1", "year": "2006", "excerpt": "Abstract Research in accounting education has almost neglected both student perceptions of the learning context and their approaches to learning. Instead, studies have focused on either the teaching context or the outcomes of learning. This omission has meant that  ...", "url_pdf": null, "num_citations": 7, "cluster_id": "17107762305290789939", "authors": "A Abraham - Faculty of Commerce-Papers", "url_citations": "http://scholar.google.com/scholar?cites=17107762305290789939&as_sdt=2005&sciodt=1,5&hl=en"}, {"num_versions": 5, "url_citation": null, "title": "The Perry scheme: Across cultures, across approaches to the study of human psychology", "url": "http://link.springer.com/article/10.1023/B:JADE.0000024545.11904.81", "url_versions": "http://scholar.google.com/scholar?cluster=5066624541249896216&hl=en&as_sdt=1,5&sciodt=1,5&as_vis=1", "year": "2004", "excerpt": "Abstract This paper presents a series of five studies conducted between the year 1994 and the year 2000. A common goal shared by all five studies is to validate the Perry scheme as measured by the Zhang Cognitive Development Inventory. Involved in the studies were  ...", "url_pdf": null, "num_citations": 18, "cluster_id": "5066624541249896216", "authors": "L Zhang - Journal of Adult Development", "url_citations": "http://scholar.google.com/scholar?cites=5066624541249896216&as_sdt=2005&sciodt=1,5&hl=en"}, {"num_versions": 0, "url_citation": null, "title": "Perceptions of learning environments, learning approaches, and learning outcomes: A study of private higher education students in Malaysia from twinning  \u2026", "url": "http://scholar.google.com/https://digital.library.adelaide.edu.au/dspace/handle/2440/37753", "url_versions": null, "year": "2005", "excerpt": "It has been well documented that the deep/surface approaches to learning is an important construct in trying to describe differences in students' experiences of tertiary education contexts, and in trying to understand variations in the quality of their learning outcomes.  ...", "url_pdf": null, "num_citations": 10, "cluster_id": "11967796607795544800", "authors": "PSC Goh -", "url_citations": "http://scholar.google.com/scholar?cites=11967796607795544800&as_sdt=2005&sciodt=1,5&hl=en"}, {"num_versions": 4, "url_citation": null, "title": "Effects of learning approaches, locus of control, socio-economic status and self-efficacy on academic achievement: a Turkish perspective", "url": "http://www.tandfonline.com/doi/abs/10.1080/03055698.2011.643107", "url_versions": "http://scholar.google.com/scholar?cluster=14476547843034707229&hl=en&as_sdt=1,5&sciodt=1,5&as_vis=1", "year": "2012", "excerpt": "In this study the effects of learning approaches, locus of control (LOC), socio-economic status and self-efficacy on undergraduate students in North Cyprus was investigated. Four questionnaires were administered on 99 students in order to collect data regarding the  ...", "url_pdf": null, "num_citations": 6, "cluster_id": "14476547843034707229", "authors": "N Suphi, H Yaratan - Educational Studies", "url_citations": "http://scholar.google.com/scholar?cites=14476547843034707229&as_sdt=2005&sciodt=1,5&hl=en"}, {"num_versions": 4, "url_citation": null, "title": "Blended teaching and learning: a two-way systems approach", "url": "http://www.tandfonline.com/doi/abs/10.1080/07294360.2012.711301", "url_versions": "http://scholar.google.com/scholar?cluster=15813555909670184121&hl=en&as_sdt=1,5&sciodt=1,5&as_vis=1", "year": "2013", "excerpt": "A first-year tertiary-student structural equation modelling approach builds understanding of blended learning. The Biggs' 3P teaching-and-learning-systems model displays significant two-way interactions between each of its presage, process and product constructs. This  ...", "url_pdf": null, "num_citations": 9, "cluster_id": "15813555909670184121", "authors": "J Hamilton, SW Tee - Higher Education Research & Development", "url_citations": "http://scholar.google.com/scholar?cites=15813555909670184121&as_sdt=2005&sciodt=1,5&hl=en"}, {"num_versions": 4, "url_citation": null, "title": "Towards a culturally sensitive and deeper understanding of \u201crote learning\u201d and memorization of adult learners", "url": "http://jsi.sagepub.com/content/early/2010/01/19/1028315309357940.abstract", "url_versions": "http://scholar.google.com/scholar?cluster=7579895242168778586&hl=en&as_sdt=1,5&sciodt=1,5&as_vis=1", "year": "2010", "excerpt": "Abstract This article aims to provide evidence that \u201crote learning\u201d or \u201cmemorisation\u201d is a complex construct and is deeply embedded in the East Asian culture. An in-depth understanding of this learning approach is increasingly crucial considering the complex  ...", "url_pdf": null, "num_citations": 21, "cluster_id": "7579895242168778586", "authors": "PL Tan - Journal of Studies in International Education", "url_citations": "http://scholar.google.com/scholar?cites=7579895242168778586&as_sdt=2005&sciodt=1,5&hl=en"}, {"num_versions": 5, "url_citation": null, "title": "Moral reasoning and student perceptions of the Middle East: Observations on student learning from an internet dialog", "url": "http://www.tandfonline.com/doi/abs/10.1080/15512160500484176", "url_versions": "http://scholar.google.com/scholar?cluster=14450238791997420384&hl=en&as_sdt=1,5&sciodt=1,5&as_vis=1", "year": "2006", "excerpt": "ABSTRACT This article explores the relationship between the religious based moral reasoning of Judaism and Islam and college student subjects' attitudes toward political entities involved in Middle East conflict, Israel and Arab states. Subjects learn about the  ...", "url_pdf": null, "num_citations": 9, "cluster_id": "14450238791997420384", "authors": "WJ Stover - Journal of Political Science Education", "url_citations": "http://scholar.google.com/scholar?cites=14450238791997420384&as_sdt=2005&sciodt=1,5&hl=en"}]