[{"num_versions": 16, "url_citation": null, "title": "Approaches to learning accounting: A cross-cultural study", "url": "http://www.emeraldinsight.com/doi/pdf/10.1108/13217340710823341", "url_versions": "http://scholar.google.com/scholar?cluster=6685967029571209078&hl=en&as_sdt=1,5&sciodt=1,5&as_vis=1", "year": "2007", "excerpt": "Purpose-The purpose of this study is to examine the relationship between the cultural background of students and their learning approaches in a first year undergraduate accounting program. Design/methodology/approach-While prior research in this area has  ...", "url_pdf": null, "num_citations": 29, "cluster_id": "6685967029571209078", "authors": "J Donald, B Jackling - Asian Review of Accounting", "url_citations": "http://scholar.google.com/scholar?cites=6685967029571209078&as_sdt=2005&sciodt=1,5&hl=en"}, {"num_versions": 2, "url_citation": null, "title": "Tell me a story: Using creative writing in introductory accounting courses to enhance and assess student learning", "url": "http://www.sciencedirect.com/science/article/pii/S0748575112000334", "url_versions": "http://scholar.google.com/scholar?cluster=10279523057998048137&hl=en&as_sdt=1,5&sciodt=1,5&as_vis=1", "year": "2011", "excerpt": "Low student motivation, apprehension and anxiety towards accounting, and diversity in learning styles are a few incentives for employing non-traditional tools for teaching introductory accounting courses. Three modes of storytelling\u2013fairy tales, fables, and poetry ...", "url_pdf": null, "num_citations": 10, "cluster_id": "10279523057998048137", "authors": "CL Krom, SV Williams - Journal of Accounting Education", "url_citations": "http://scholar.google.com/scholar?cites=10279523057998048137&as_sdt=2005&sciodt=1,5&hl=en"}, {"num_versions": 3, "url_citation": null, "title": "The effect of students' cultural values on their student-driven learning preference", "url": "http://www.crie.org.nz/research-papers/MitsisFoley_WP11.pdf", "url_versions": "http://scholar.google.com/scholar?cluster=4367904984541376753&hl=en&as_sdt=1,5&sciodt=1,5&as_vis=1", "year": "2005", "excerpt": "Abstract This study examined the relationship between business students' cultural orientation and Student-Driven learning styles of 364 higher education business students from Victoria University, Melbourne, Australia. Two previously existing inventories were  ...", "url_pdf": "http://www.crie.org.nz/research-papers/MitsisFoley_WP11.pdf", "num_citations": 7, "cluster_id": "4367904984541376753", "authors": "A Mitsis, P Foley, AIS St Helens -", "url_citations": "http://scholar.google.com/scholar?cites=4367904984541376753&as_sdt=2005&sciodt=1,5&hl=en"}, {"num_versions": 9, "url_citation": null, "title": "The impact of curriculum change on health sciences first year students' approaches to learning", "url": "http://link.springer.com/article/10.1007/s11251-009-9092-y", "url_versions": "http://scholar.google.com/scholar?cluster=5909924075275390539&hl=en&as_sdt=1,5&sciodt=1,5&as_vis=1", "year": "2010", "excerpt": "Abstract This study aimed to use a learning inventory (the Approaches and Study Skills Inventory for Students, ASSIST) to measure the impact of a curriculum change on students' approaches to learning in two large courses in a health sciences first year programme.  ...", "url_pdf": null, "num_citations": 14, "cluster_id": "5909924075275390539", "authors": "R Walker, R Spronken-Smith, C Bond, F McDonald\u2026 - Instructional  \u2026", "url_citations": "http://scholar.google.com/scholar?cites=5909924075275390539&as_sdt=2005&sciodt=1,5&hl=en"}, {"num_versions": 5, "url_citation": null, "title": "Conceptions of learning and approaches to learning\u2014a phenomenographic study of a group of overseas accounting students from Sri Lanka", "url": "http://www.tandfonline.com/doi/abs/10.1080/09639284.2010.502651", "url_versions": "http://scholar.google.com/scholar?cluster=14005903801651338041&hl=en&as_sdt=1,5&sciodt=1,5&as_vis=1", "year": "2010", "excerpt": "This study explores conceptions of learning (SCL) and approaches to learning (SAL) of a group of Sri Lankan students studying accounting in an Australian university. The focus is on how cultural background and home country learning experiences shape SCL and SAL of  ...", "url_pdf": null, "num_citations": 18, "cluster_id": "14005903801651338041", "authors": "S Abhayawansa, L Fonseca - Accounting Education: an  \u2026", "url_citations": "http://scholar.google.com/scholar?cites=14005903801651338041&as_sdt=2005&sciodt=1,5&hl=en"}, {"num_versions": 3, "url_citation": null, "title": "Optimizing business education: A strategic response to global challenges", "url": "http://www.emeraldinsight.com/doi/abs/10.1108/17537980911001125", "url_versions": "http://scholar.google.com/scholar?cluster=12540966989301026572&hl=en&as_sdt=1,5&sciodt=1,5&as_vis=1", "year": "2009", "excerpt": "Purpose-The purpose of this paper is to identify the challenges facing business education in providing students with the knowledge and skills that raise their competency level to meet that required by the market. Design/methodology/approach-The paper presents a  ...", "url_pdf": null, "num_citations": 4, "cluster_id": "12540966989301026572", "authors": "EKA Mohamed - Education, Business and Society:  \u2026", "url_citations": "http://scholar.google.com/scholar?cites=12540966989301026572&as_sdt=2005&sciodt=1,5&hl=en"}, {"num_versions": 2, "url_citation": null, "title": "TEACHER EDUCATION STUDENTS'PERCEPTIONS OF USE OF MS POWERPOINT AND THE VALUE OF ACCOMPANYING HANDOUTS", "url": "http://drum.lib.umd.edu/handle/1903/7270", "url_versions": "http://scholar.google.com/scholar?cluster=8291981460978695104&hl=en&as_sdt=1,5&sciodt=1,5&as_vis=1", "year": "2007", "excerpt": "This research study investigated issues related to use of Microsoft (MS) PowerPoint presentation software program in teacher education and drew attention to the significant value of handouts that accompany PowerPoint presentations. Graduate and  ...", "url_pdf": null, "num_citations": 2, "cluster_id": "8291981460978695104", "authors": "Y Yilmazel-Sahin -", "url_citations": "http://scholar.google.com/scholar?cites=8291981460978695104&as_sdt=2005&sciodt=1,5&hl=en"}, {"num_versions": 2, "url_citation": null, "title": "The role of cognitive learning styles in accounting education: developing learning competencies", "url": "http://www.sciencedirect.com/science/article/pii/S0748575103000423", "url_versions": "http://scholar.google.com/scholar?cluster=8565317203717976385&hl=en&as_sdt=1,5&sciodt=1,5&as_vis=1", "year": "2004", "excerpt": "The potential for cognitive learning style (CLS) to develop students' learning competencies is limited by the variety of conceptualizations, constructs and instruments. This paper contrasts two models for operationalizing CLS: Furnham's [Furnham, A.(1995). The  ...", "url_pdf": null, "num_citations": 47, "cluster_id": "8565317203717976385", "authors": "A Duff - Journal of Accounting Education", "url_citations": "http://scholar.google.com/scholar?cites=8565317203717976385&as_sdt=2005&sciodt=1,5&hl=en"}, {"num_versions": 2, "url_citation": null, "title": "Perceptions of online learning in an Australian university: Malaysian students' perspectives", "url": "http://eprints.qut.edu.au/46133", "url_versions": "http://scholar.google.com/scholar?cluster=14949136217499122185&hl=en&as_sdt=1,5&sciodt=1,5&as_vis=1", "year": "2011", "excerpt": "Several researchers have reported that cultural and language differences can affect online interactions and communications between students from different cultural backgrounds. Other researchers have asserted that online learning is a tool that can improve teaching  ...", "url_pdf": null, "num_citations": 2, "cluster_id": "14949136217499122185", "authors": "SY Chew -", "url_citations": "http://scholar.google.com/scholar?cites=14949136217499122185&as_sdt=2005&sciodt=1,5&hl=en"}, {"num_versions": 6, "url_citation": null, "title": "Factors affecting Southern African students' success in CIMA examinations", "url": "http://www.emeraldinsight.com/doi/abs/10.1108/10222529200900004", "url_versions": "http://scholar.google.com/scholar?cluster=17958930401907058638&hl=en&as_sdt=1,5&sciodt=1,5&as_vis=1", "year": "2009", "excerpt": "This study explores the factors affecting the results obtained by Southern African students in the professional qualification examinations of the Chartered Institute of Management Accountants (CIMA). Thirteen variables were identified and included in a questionnaire  ...", "url_pdf": null, "num_citations": 11, "cluster_id": "17958930401907058638", "authors": "S Roos - Meditari Accountancy Research", "url_citations": "http://scholar.google.com/scholar?cites=17958930401907058638&as_sdt=2005&sciodt=1,5&hl=en"}, {"num_versions": 7, "url_citation": null, "title": "Impact of Entry Mode on Students' Approaches to Learning: A Study of Accounting Students", "url": "http://www.tandfonline.com/doi/abs/10.1080/09639284.2012.661605", "url_versions": "http://scholar.google.com/scholar?cluster=17862630501936876015&hl=en&as_sdt=1,5&sciodt=1,5&as_vis=1", "year": "2012", "excerpt": "This study examines the impact of prior learning experience on students' approaches to learning (SAL). It compares SAL of accounting students admitted to university in Australia on the basis of Institutes of Technical and Further Education (TAFE) qualifications (TAFE-to- ...", "url_pdf": null, "num_citations": 5, "cluster_id": "17862630501936876015", "authors": "S Abhayawansa, I Tempone, S Pillay - Accounting Education", "url_citations": "http://scholar.google.com/scholar?cites=17862630501936876015&as_sdt=2005&sciodt=1,5&hl=en"}, {"num_versions": 7, "url_citation": null, "title": "Approaches to learning of Indonesian accounting students", "url": "http://www.inderscienceonline.com/doi/abs/10.1504/IJAF.2008.020236", "url_versions": "http://scholar.google.com/scholar?cluster=7863131469617941688&hl=en&as_sdt=1,5&sciodt=1,5&as_vis=1", "year": "2008", "excerpt": "Numerous calls for improved learning outcomes in accounting graduates have been made by the accounting education bodies and the accounting profession. It has been claimed that the quality of student learning can be enhanced by encouraging a deep approach to  ...", "url_pdf": null, "num_citations": 2, "cluster_id": "7863131469617941688", "authors": "HG Djajadikerta, H Djajadikerta\u2026 - \u2026 Journal of Accounting \u2026", "url_citations": "http://scholar.google.com/scholar?cites=7863131469617941688&as_sdt=2005&sciodt=1,5&hl=en"}, {"num_versions": 2, "url_citation": null, "title": "Gendered perceptions of learning and fairness when choice between exam types is offered", "url": "http://alh.sagepub.com/content/10/3/253.short", "url_versions": "http://scholar.google.com/scholar?cluster=17086256909426239146&hl=en&as_sdt=1,5&sciodt=1,5&as_vis=1", "year": "2009", "excerpt": "Abstract This study examined the differences in male and female students' perceptions of how much they had learned and how fairly their performance had been measured when choice between constructed response, selective response, or mixed testing formats was  ...", "url_pdf": null, "num_citations": 5, "cluster_id": "17086256909426239146", "authors": "RK Mauldin - Active Learning in Higher Education", "url_citations": "http://scholar.google.com/scholar?cites=17086256909426239146&as_sdt=2005&sciodt=1,5&hl=en"}, {"num_versions": 3, "url_citation": null, "title": "Using simulations to enhance students' learning in management accounting", "url": "http://www.tandfonline.com/doi/abs/10.1080/10963758.2006.10696872", "url_versions": "http://scholar.google.com/scholar?cluster=8966663691236053744&hl=en&as_sdt=1,5&sciodt=1,5&as_vis=1", "year": "2006", "excerpt": "In moving from teaching to learning, the use of simulations is a viable alternative. This paper presents the uses of a simulation game in management accounting to promote deep learning as opposed to surface learning. The authors find that students develop a number  ...", "url_pdf": null, "num_citations": 9, "cluster_id": "8966663691236053744", "authors": "M Chen, L Downing - Journal of Hospitality & Tourism Education", "url_citations": "http://scholar.google.com/scholar?cites=8966663691236053744&as_sdt=2005&sciodt=1,5&hl=en"}, {"num_versions": 6, "url_citation": null, "title": "An exploration into factors that impact upon the learning of students from non-traditional backgrounds", "url": "http://www.tandfonline.com/doi/abs/10.1080/09639280600850836", "url_versions": "http://scholar.google.com/scholar?cluster=6543264641567391157&hl=en&as_sdt=1,5&sciodt=1,5&as_vis=1", "year": "2006", "excerpt": "Abstract UK higher education institutes (HEIs) have widened participation of students from non-traditional backgrounds. These include students who are aged over 21, students in paid employment, and those with non-traditional qualifications, perhaps from other countries or  ...", "url_pdf": null, "num_citations": 17, "cluster_id": "6543264641567391157", "authors": "J Lyons - Accounting Education: an international journal", "url_citations": "http://scholar.google.com/scholar?cites=6543264641567391157&as_sdt=2005&sciodt=1,5&hl=en"}, {"num_versions": 10, "url_citation": null, "title": "Do students' perceptions matter? A study of the effect of students' perceptions on academic performance", "url": "http://onlinelibrary.wiley.com/doi/10.1111/j.1467-629X.2007.00239.x/full", "url_versions": "http://scholar.google.com/scholar?cluster=2436583196468703338&hl=en&as_sdt=1,5&sciodt=1,5&as_vis=1", "year": "2008", "excerpt": "Abstract Prior accounting education literature documents that students typically associate accounting subjects with negative perceptions, but there are also recent suggestions that the stereotype of the accountant has positive associations. These perceptions of accounting  ...", "url_pdf": null, "num_citations": 50, "cluster_id": "2436583196468703338", "authors": "A Ferreira, A Santoso - Accounting & Finance", "url_citations": "http://scholar.google.com/scholar?cites=2436583196468703338&as_sdt=2005&sciodt=1,5&hl=en"}, {"num_versions": 2, "url_citation": null, "title": "Student characteristics and approaches to learning: a cross-cultural study", "url": "http://dro.deakin.edu.au/view/DU:30007916", "url_versions": "http://scholar.google.com/scholar?cluster=9997334254288861239&hl=en&as_sdt=1,5&sciodt=1,5&as_vis=1", "year": "2007", "excerpt": "The principal aim of this study is to examine the relationship between the cultural background of students and their learning approaches in a tertiary accounting program. While prior research in this area has more generally focused on the investigation of the  ...", "url_pdf": null, "num_citations": 3, "cluster_id": "9997334254288861239", "authors": "J Donald, B Jackling - \u2026 : proceedings of the second innovation in  \u2026", "url_citations": "http://scholar.google.com/scholar?cites=9997334254288861239&as_sdt=2005&sciodt=1,5&hl=en"}, {"num_versions": 0, "url_citation": null, "title": "Learning styles and approaches in accounting education", "url": "http://scholar.google.com/https://books.google.com/books?hl=en&lr=&id=kC1zAwAAQBAJ&oi=fnd&pg=PA163&ots=AEf-PQRsJd&sig=u2MSBKED4bYQjB_xELRPXQyYDuU", "url_versions": null, "year": "2014", "excerpt": "Abstract An interest in students' learning, alongside more pragmatic concerns such as the need to teach ever-increasing numbers of accounting students efficiently and effectively, has motivated a longstanding interest by accounting educators in learning styles and students'  ...", "url_pdf": null, "num_citations": 1, "cluster_id": "17625041286545327454", "authors": "A Duff - The Routledge Companion to Accounting Education", "url_citations": "http://scholar.google.com/scholar?cites=17625041286545327454&as_sdt=2005&sciodt=1,5&hl=en"}, {"num_versions": 3, "url_citation": null, "title": "Competencias personales y su aprendizaje: un an\u00e1lisis emp\u00edrico aplicado al sector turismo", "url": "http://www.cegea.upv.es/congresos_y_jornadas/2007_Empresa_y_Sociedad/cd/20c.pdf", "url_versions": "http://scholar.google.com/scholar?cluster=7351154551540127561&hl=en&as_sdt=1,5&sciodt=1,5&as_vis=1", "year": "2007", "excerpt": "Resumen Ante los nuevos e importantes retos que debe afrontar el Sector Turismo, el factor humano es el recurso m\u00e1s importante con el que va a contar. Por ello, las competencias que deben poseer sus profesionales se muestran como el elemento clave que va a  ...", "url_pdf": "http://www.cegea.upv.es/congresos_y_jornadas/2007_Empresa_y_Sociedad/cd/20c.pdf", "num_citations": 0, "cluster_id": null, "authors": "JMR Ant\u00f3n, MA Almeida, LR Andrada\u2026 - Empresa y sociedad [ \u2026", "url_citations": null}, {"num_versions": 2, "url_citation": null, "title": "Publishing and utilizing relevant research in accounting: The impact on the perception of effective teaching", "url": "http://scholar.google.com/https://books.google.com/books?hl=en&lr=&id=UZtzS3OV2wcC&oi=fnd&pg=PA221&ots=k6u6_bLXBn&sig=Tn5fbnjwbnwnBx27sOY091u7Jjk", "url_versions": "http://scholar.google.com/scholar?cluster=3613896517041958594&hl=en&as_sdt=1,5&sciodt=1,5&as_vis=1", "year": "2010", "excerpt": "ABSTRACT Prior research that attempts to empirically correlate research activity and effective teaching generates conflicting results. These contradictory findings contribute to the scrutiny that currently threatens to undermine accounting education and to impact funds  ...", "url_pdf": null, "num_citations": 1, "cluster_id": "3613896517041958594", "authors": "KC Miller, MH Stocks, TY Proctor - Advances in Accounting  \u2026", "url_citations": "http://scholar.google.com/scholar?cites=3613896517041958594&as_sdt=2005&sciodt=1,5&hl=en"}, {"num_versions": 3, "url_citation": null, "title": "Key predictors of creative MBA students' performance: Personality type and learning approaches", "url": "http://www.emeraldinsight.com/doi/abs/10.1108/17468771111105659", "url_versions": "http://scholar.google.com/scholar?cluster=1483239654566845653&hl=en&as_sdt=1,5&sciodt=1,5&as_vis=1", "year": "2011", "excerpt": "Purpose-The purpose of this paper is to establish the key predictors of Master of Business Administration (MBA) students' performance, considering the interaction between personality type, learning approaches and educational achievement. A structural equation  ...", "url_pdf": null, "num_citations": 12, "cluster_id": "1483239654566845653", "authors": "L Lu, A Moulaye M'Hamed Taher\u2026 - Journal of  \u2026", "url_citations": "http://scholar.google.com/scholar?cites=1483239654566845653&as_sdt=2005&sciodt=1,5&hl=en"}, {"num_versions": 5, "url_citation": null, "title": "How well adapted are accounting students for Bologna? A comparative analysis of learning styles of Spanish social sciences students", "url": "http://dialnet.unirioja.es/servlet/articulo?codigo=3965478", "url_versions": "http://scholar.google.com/scholar?cluster=17558692338178439534&hl=en&as_sdt=1,5&sciodt=1,5&as_vis=1", "year": "2011", "excerpt": "Background-University education in Spain is facing a major change in order to converge with the rest of Europe. Among the challenges the new pedagogy is based upon three principles:(I) increased autonomy and involvement of students in their own learning  ...", "url_pdf": null, "num_citations": 1, "cluster_id": "17558692338178439534", "authors": "JLA Monta\u00f1o, CT Rioja - Educade: revista de educaci\u00f3n en  \u2026", "url_citations": "http://scholar.google.com/scholar?cites=17558692338178439534&as_sdt=2005&sciodt=1,5&hl=en"}, {"num_versions": 2, "url_citation": null, "title": "Teaching and learning in accounting Education: Students' perceptions of the linkages between teaching context, approaches to learning and outcomes", "url": "http://ro.uow.edu.au/cgi/viewcontent.cgi?article=1219&context=commpapers", "url_versions": "http://scholar.google.com/scholar?cluster=17107762305290789939&hl=en&as_sdt=1,5&sciodt=1,5&as_vis=1", "year": "2006", "excerpt": "Abstract Research in accounting education has almost neglected both student perceptions of the learning context and their approaches to learning. Instead, studies have focused on either the teaching context or the outcomes of learning. This omission has meant that  ...", "url_pdf": null, "num_citations": 7, "cluster_id": "17107762305290789939", "authors": "A Abraham - Faculty of Commerce-Papers", "url_citations": "http://scholar.google.com/scholar?cites=17107762305290789939&as_sdt=2005&sciodt=1,5&hl=en"}, {"num_versions": 2, "url_citation": null, "title": "Comparing Chinese and Canadian Accounting Students' Expectations and Experiences", "url": "http://www.ccsenet.org/journal/index.php/ijbm/article/view/29199", "url_versions": "http://scholar.google.com/scholar?cluster=15941159835461502398&hl=en&as_sdt=1,5&sciodt=1,5&as_vis=1", "year": "2013", "excerpt": "Abstract This paper examines differences between Chinese and Canadian accounting students' perceptions of academicexperiences and expectations. The emerging adults from Chinese (n= 862) and Canadian (n= 434) universitiesexpressed their opinions by  ...", "url_pdf": null, "num_citations": 2, "cluster_id": "15941159835461502398", "authors": "CH Belanger, K McCartney, VM Leonard\u2026 - International Journal of  \u2026", "url_citations": "http://scholar.google.com/scholar?cites=15941159835461502398&as_sdt=2005&sciodt=1,5&hl=en"}, {"num_versions": 5, "url_citation": null, "title": "Learning approaches to the study of auditing followed by prospective South African chartered accountants", "url": "http://www.ajol.info/index.php/sabr/article/view/85461", "url_versions": "http://scholar.google.com/scholar?cluster=3120415398841652629&hl=en&as_sdt=1,5&sciodt=1,5&as_vis=1", "year": "2013", "excerpt": "Abstract 5Learning approaches in accounting, distinguishing between deep, surface and strategic approaches, have been widely researched. This study provides a South African perspective by investigating the learning approaches to the study of auditing of  ...", "url_pdf": null, "num_citations": 1, "cluster_id": "3120415398841652629", "authors": "K Barac - Southern African Business Review", "url_citations": "http://scholar.google.com/scholar?cites=3120415398841652629&as_sdt=2005&sciodt=1,5&hl=en"}, {"num_versions": 9, "url_citation": null, "title": "Facilitating Lesson Study within the Postgraduate Accounting Student Workgroup: An Australian Case", "url": "http://www.ijl.cgpublisher.com/product/pub.30/prod.2070", "url_versions": "http://scholar.google.com/scholar?cluster=3978577510784263456&hl=en&as_sdt=1,5&sciodt=1,5&as_vis=1", "year": "2009", "excerpt": "Lesson study has been practiced by teachers and lecturers as a form of professional development across a broad content area. However, there has not been any research that explores the implementation of lesson study within the university student workgroup  ...", "url_pdf": null, "num_citations": 1, "cluster_id": "3978577510784263456", "authors": "HG Djajadikerta - International Journal of Learning", "url_citations": "http://scholar.google.com/scholar?cites=3978577510784263456&as_sdt=2005&sciodt=1,5&hl=en"}, {"num_versions": 2, "url_citation": null, "title": "EFFECTS OF CONVERTING STUDENT EVALUATIONS OF TEACHING FROM PAPER TO ONLINE ADMINISTRATION", "url": "http://www.emeraldinsight.com/doi/abs/10.1108/S1085-4622%282011%290000012010", "url_versions": "http://scholar.google.com/scholar?cluster=10297832835142478601&hl=en&as_sdt=1,5&sciodt=1,5&as_vis=1", "year": "2011", "excerpt": "ABSTRACT Because of the potential cost savings that online teaching evaluations can deliver, many universities are converting their student evaluations of teaching to this mode of administration. In this study, we examine the effects of transitioning administration of  ...", "url_pdf": null, "num_citations": 2, "cluster_id": "10297832835142478601", "authors": "SM Bruns, TJ Rupert -", "url_citations": "http://scholar.google.com/scholar?cites=10297832835142478601&as_sdt=2005&sciodt=1,5&hl=en"}, {"num_versions": 0, "url_citation": null, "title": "Identical instructor, different teaching methodologies: Contrasting outcomes", "url": "http://scholar.google.com/https://books.google.com/books?hl=en&lr=&id=DeNbAAAAQBAJ&oi=fnd&pg=PA193&ots=NnCE1IGKE5&sig=vt0t1MbckhuZwVJt5hOT9Hy9drQ", "url_versions": null, "year": "2013", "excerpt": "ABSTRACT This chapter examines whether students' perceptions of learning, attitudes, and performance are a\ufb02ected by the use of multimedia technology. Both traditional and multimedia methodologies were used in the \ufb01nancial accounting 11 course offered at one  ...", "url_pdf": null, "num_citations": 1, "cluster_id": "11120105721973036789", "authors": "DM Mattar, RM El Khoury - Advances in Accounting Education:  \u2026", "url_citations": "http://scholar.google.com/scholar?cites=11120105721973036789&as_sdt=2005&sciodt=1,5&hl=en"}, {"num_versions": 0, "url_citation": null, "title": "The effect of students' cultural values on the teacher-driven learning style preference", "url": "http://researchbank.swinburne.edu.au/vital/access/services/Download/swin:12367/SOURCE1", "url_versions": null, "year": "2004", "excerpt": "ABSTRACT This study examined the relationship between business students' cultural values profile and the Teacher-Driven learning preferences of 364 higher education business students from Victoria University, Melbourne Australia. Two empirically driven  ...", "url_pdf": null, "num_citations": 4, "cluster_id": "7899077676741856090", "authors": "A Mitsis, P Foley - \u2026  of the 18th Australian and New  \u2026", "url_citations": "http://scholar.google.com/scholar?cites=7899077676741856090&as_sdt=2005&sciodt=1,5&hl=en"}, {"num_versions": 5, "url_citation": null, "title": "APRENDIZAJES, COMPETENCIAS Y RENDIMIENTO ACAD\u00c9MICO EN LA TITULACI\u00d3N DE ESTUDIOS SOCIOCULTURALES DE LA UNIVERSIDAD DE  \u2026", "url": "http://hera.ugr.es/tesisugr/18709576.pdf", "url_versions": "http://scholar.google.com/scholar?cluster=11805302202935229546&hl=en&as_sdt=1,5&sciodt=1,5&as_vis=1", "year": "2010", "excerpt": "1.1. 1. Etapa Colonial\u2026\u2026\u2026\u2026\u2026\u2026\u2026\u2026\u2026\u2026\u2026\u2026\u2026\u2026\u2026\u2026\u2026\u2026\u2026\u2026\u2026............ 1.1. 2. Etapa de Ocupaci\u00f3n Norteamericana y Neocolonial\u2026\u2026\u2026\u2026\u2026........... 1.1. 3. Etapa Revolucionaria\u2026\u2026\u2026\u2026\u2026\u2026\u2026\u2026\u2026\u2026\u2026\u2026\u2026\u2026\u2026\u2026.\u2026\u2026...........", "url_pdf": "http://hera.ugr.es/tesisugr/18709576.pdf", "num_citations": 2, "cluster_id": "11805302202935229546", "authors": "DEMH Moreno, EB de Luna -", "url_citations": "http://scholar.google.com/scholar?cites=11805302202935229546&as_sdt=2005&sciodt=1,5&hl=en"}, {"num_versions": 0, "url_citation": null, "title": "An investigation of the relationship between students' perceptions of workload and their approaches to learning at a regional polytechnic: a thesis presented in partial  \u2026", "url": "http://mro.massey.ac.nz/handle/10179/1171", "url_versions": null, "year": "2009", "excerpt": "This thesis investigates students? perceptions about their workload and their approaches to learning, employing a regional polytechnic as a case study. Data was collected using a mixed methods approach. The convenience sample consisted of 269 full-time  ...", "url_pdf": null, "num_citations": 1, "cluster_id": "15020629646118039698", "authors": "L Giles -", "url_citations": "http://scholar.google.com/scholar?cites=15020629646118039698&as_sdt=2005&sciodt=1,5&hl=en"}, {"num_versions": 4, "url_citation": null, "title": "Assessing learning approaches of Chinese local MBA students: an investigation using the Revised Two-factor Study Process Questionnaire (R-SPQ-2F)", "url": "http://www.academicjournals.org/article/article1379937782_Taher%20and%20Jin.pdf", "url_versions": "http://scholar.google.com/scholar?cluster=4012037153877565653&hl=en&as_sdt=1,5&sciodt=1,5&as_vis=1", "year": "2011", "excerpt": "This study empirically investigated learning approaches of management graduate students in China. The representative sample consisted of 208 MBA students in a professional accreditation business program in careers, namely the part-time MBA program, provided  ...", "url_pdf": "http://www.academicjournals.org/article/article1379937782_Taher%20and%20Jin.pdf", "num_citations": 4, "cluster_id": "4012037153877565653", "authors": "A Taher, C Jin - Educational Research and Reviews", "url_citations": "http://scholar.google.com/scholar?cites=4012037153877565653&as_sdt=2005&sciodt=1,5&hl=en"}]