[{"num_versions": 5, "url_citation": null, "title": "The effect of illustrations in arithmetic problem-solving: Effects of increased cognitive load", "url": "http://www.sciencedirect.com/science/article/pii/S0959475208000777", "url_versions": "http://scholar.google.com/scholar?cluster=4333730952637074855&hl=en&as_sdt=1,5&sciodt=1,5&as_vis=1", "year": "2009", "excerpt": "Arithmetic word problems are often presented accompanied by illustrations. The present study examined how different types of illustrations influence the speed and accuracy of performance of both good (n= 67) and poor arithmeticians (n= 63). Twenty-four arithmetic  ...", "url_pdf": null, "num_citations": 50, "cluster_id": "4333730952637074855", "authors": "IE Berends, ECDM van Lieshout - Learning and Instruction", "url_citations": "http://scholar.google.com/scholar?cites=4333730952637074855&as_sdt=2005&sciodt=1,5&hl=en"}, {"num_versions": 7, "url_citation": null, "title": "Learner performance in multimedia learning arrangements: An analysis across instructional approaches", "url": "http://aer.sagepub.com/content/46/4/1107.short", "url_versions": "http://scholar.google.com/scholar?cluster=15701436603167887026&hl=en&as_sdt=1,5&sciodt=1,5&as_vis=1", "year": "2009", "excerpt": "Abstract In this study, the authors compared four multimedia learning arrangements differing in instructional approach on effectiveness and efficiency for learning:(a) hypermedia learning,(b) observational learning,(c) self-explanation\u2013based learning, and (d) inquiry  ...", "url_pdf": null, "num_citations": 85, "cluster_id": "15701436603167887026", "authors": "THS Eysink, T de Jong, K Berthold\u2026 - American Educational \u2026", "url_citations": "http://scholar.google.com/scholar?cites=15701436603167887026&as_sdt=2005&sciodt=1,5&hl=en"}, {"num_versions": 11, "url_citation": null, "title": "The effects of presentation formats and task complexity on online consumers' product understanding", "url": "http://www.jstor.org/stable/25148804", "url_versions": "http://scholar.google.com/scholar?cluster=2878048735054170693&hl=en&as_sdt=1,5&sciodt=1,5&as_vis=1", "year": "2007", "excerpt": "This study assesses and compares four product presentation formats currently used online: static pictures, videos without narration, videos with narration, and virtual product experience (VPE), where consumers are able to virtually feel, touch, and try products. The effects of  ...", "url_pdf": null, "num_citations": 210, "cluster_id": "2878048735054170693", "authors": "Z Jiang, I Benbasat - Mis Quarterly", "url_citations": "http://scholar.google.com/scholar?cites=2878048735054170693&as_sdt=2005&sciodt=1,5&hl=en"}, {"num_versions": 5, "url_citation": null, "title": "Use of a simulation game in delivering blended lifelong learning in the construction industry\u2013Opportunities and Challenges", "url": "http://www.sciencedirect.com/science/article/pii/S0360131507000036", "url_versions": "http://scholar.google.com/scholar?cluster=14729218468274758223&hl=en&as_sdt=1,5&sciodt=1,5&as_vis=1", "year": "2008", "excerpt": "Continuing professional development (CPD) and life-long learning are vital to both individual and organisational success. For higher education, the intensive resource requirements requisite in the development of e-learning content and the challenges in  ...", "url_pdf": null, "num_citations": 53, "cluster_id": "14729218468274758223", "authors": "J Wall, V Ahmed - Computers & Education", "url_citations": "http://scholar.google.com/scholar?cites=14729218468274758223&as_sdt=2005&sciodt=1,5&hl=en"}, {"num_versions": 6, "url_citation": null, "title": "Promoting self-regulated learning in web-based learning environments", "url": "http://www.sciencedirect.com/science/article/pii/S0747563206001294", "url_versions": "http://scholar.google.com/scholar?cluster=18315817314629000494&hl=en&as_sdt=1,5&sciodt=1,5&as_vis=1", "year": "2007", "excerpt": "Self-regulated learning with the Internet or hypermedia requires not only cognitive learning strategies, but also specific and general meta-cognitive strategies. The purposes of the Study2000 project, carried out at the TU Dresden, were to develop and evaluate authoring  ...", "url_pdf": null, "num_citations": 146, "cluster_id": "18315817314629000494", "authors": "S Narciss, A Proske, H Koerndle - Computers in Human Behavior", "url_citations": "http://scholar.google.com/scholar?cites=18315817314629000494&as_sdt=2005&sciodt=1,5&hl=en"}, {"num_versions": 6, "url_citation": null, "title": "Towards a new generation of multimedia learning research", "url": "http://www.editlib.org/p/5858/", "url_versions": "http://scholar.google.com/scholar?cluster=5302439867899787236&hl=en&as_sdt=1,5&sciodt=1,5&as_vis=1", "year": "2006", "excerpt": "Empirical research regarding the impact of multimedia on learning can be traced back several decades before the largescale invasion of multimedia learning resources (like CDROM titles and Internet applications) into the educational field and originated from  ...", "url_pdf": null, "num_citations": 55, "cluster_id": "5302439867899787236", "authors": "H Samaras, T Giouvanakis, D Bousiou, K Tarabanis - AACE Journal", "url_citations": "http://scholar.google.com/scholar?cites=5302439867899787236&as_sdt=2005&sciodt=1,5&hl=en"}, {"num_versions": 13, "url_citation": null, "title": "Re-examining cognition during student-centered, Web-based learning", "url": "http://link.springer.com/article/10.1007/s11423-009-9117-x", "url_versions": "http://scholar.google.com/scholar?cluster=11038137793904229428&hl=en&as_sdt=1,5&sciodt=1,5&as_vis=1", "year": "2009", "excerpt": "Abstract During student-centered learning, the individual assumes responsibility for determining learning goals, monitoring progress toward meeting goals, adjusting or adapting approaches as warranted, and determining when individual goals have been  ...", "url_pdf": null, "num_citations": 46, "cluster_id": "11038137793904229428", "authors": "M Hannafin, K Hannafin, B Gabbitas - Educational Technology Research  \u2026", "url_citations": "http://scholar.google.com/scholar?cites=11038137793904229428&as_sdt=2005&sciodt=1,5&hl=en"}, {"num_versions": 14, "url_citation": null, "title": "Embedding ICT in the literacy and numeracy strategies: final report.", "url": "http://dro.dur.ac.uk/1899/", "url_versions": "http://scholar.google.com/scholar?cluster=6985277975228327099&hl=en&as_sdt=1,5&sciodt=1,5&as_vis=1", "year": "2005", "excerpt": "The purpose of this document is to present the findings from the evaluation of the 'Embedding ICT in the Literacy and Numeracy Strategies' pilot project. In this project interactive whiteboards (IWBs) were installed in Year 5 and Year 6 classes in 12-15  ...", "url_pdf": null, "num_citations": 120, "cluster_id": "6985277975228327099", "authors": "S Higgins, C Falzon, I Hall, D Moseley, F Smith\u2026 -", "url_citations": "http://scholar.google.com/scholar?cites=6985277975228327099&as_sdt=2005&sciodt=1,5&hl=en"}, {"num_versions": 2, "url_citation": null, "title": "ICT supporting the learning process: The premise, reality, and promise", "url": "http://link.springer.com/chapter/10.1007/978-0-387-73315-9_13", "url_versions": "http://scholar.google.com/scholar?cluster=10864213442551429100&hl=en&as_sdt=1,5&sciodt=1,5&as_vis=1", "year": "2008", "excerpt": "Abstract With the advent of information and communication technology (ICT) in the classroom how, and under what conditions, it can be successfully adopted to further enhance a student-cantered learning process in schools has become a key concern in  ...", "url_pdf": null, "num_citations": 55, "cluster_id": "10864213442551429100", "authors": "KW Lai - International handbook of information technology in  \u2026", "url_citations": "http://scholar.google.com/scholar?cites=10864213442551429100&as_sdt=2005&sciodt=1,5&hl=en"}, {"num_versions": 5, "url_citation": null, "title": "What kinds of perceptions and daily learning behaviors promote students' use of diagrams in mathematics problem solving?", "url": "http://www.sciencedirect.com/science/article/pii/S0959475207000321", "url_versions": "http://scholar.google.com/scholar?cluster=12341480615495241411&hl=en&as_sdt=1,5&sciodt=1,5&as_vis=1", "year": "2007", "excerpt": "This study investigated factors promoting the use of self-constructed diagrams by examining students' perceptions and daily class activities, and comparing Japanese (n= 291) and New Zealand (n= 323) students. Algebra word problems and a questionnaire were  ...", "url_pdf": null, "num_citations": 61, "cluster_id": "12341480615495241411", "authors": "Y Uesaka, E Manalo, S Ichikawa - Learning and Instruction", "url_citations": "http://scholar.google.com/scholar?cites=12341480615495241411&as_sdt=2005&sciodt=1,5&hl=en"}, {"num_versions": 9, "url_citation": null, "title": "A disciplinary discourse perspective on university science learning: Achieving fluency in a critical constellation of modes", "url": "http://www.diva-portal.org/smash/record.jsf?pid=diva2:114033", "url_versions": "http://scholar.google.com/scholar?cluster=18279654961412057017&hl=en&as_sdt=1,5&sciodt=1,5&as_vis=1", "year": "2008", "excerpt": "Abstract: In this theoretical article we use an interpretative study with physics undergraduates to exemplify a proposed characterization of student learning in university science in terms of fluency in disciplinary discourse. Drawing on ideas from a number of  ...", "url_pdf": null, "num_citations": 121, "cluster_id": "18279654961412057017", "authors": "J Airey, C Linder - Journal of Research in Science Teaching", "url_citations": "http://scholar.google.com/scholar?cites=18279654961412057017&as_sdt=2005&sciodt=1,5&hl=en"}, {"num_versions": 12, "url_citation": null, "title": "The evidence-based policing matrix", "url": "http://link.springer.com/article/10.1007/s11292-010-9108-2", "url_versions": "http://scholar.google.com/scholar?cluster=6832690909677245734&hl=en&as_sdt=1,5&sciodt=1,5&as_vis=1", "year": "2011", "excerpt": "Abstract The next phase of evidence-based policing requires both scholars and practitioners to move from lists of specific studies about \u201cwhat works\u201d to using that information strategically. This requires developing generalizations or principles on the nature of  ...", "url_pdf": null, "num_citations": 103, "cluster_id": "6832690909677245734", "authors": "C Lum, CS Koper, CW Telep - Journal of Experimental Criminology", "url_citations": "http://scholar.google.com/scholar?cites=6832690909677245734&as_sdt=2005&sciodt=1,5&hl=en"}, {"num_versions": 6, "url_citation": null, "title": "The importance of visual literacy in the education of biochemists*", "url": "http://onlinelibrary.wiley.com/doi/10.1002/bmb.2006.49403402094/full", "url_versions": "http://scholar.google.com/scholar?cluster=8060979721585711101&hl=en&as_sdt=1,5&sciodt=1,5&as_vis=1", "year": "2006", "excerpt": "Abstract Visualization is an essential skill for all students and biochemists studying and researching the molecular and cellular biosciences. In this study, we discuss the nature and importance of visualization in biochemistry education and argue that students should be  ...", "url_pdf": null, "num_citations": 82, "cluster_id": "8060979721585711101", "authors": "KJ Sch\u00f6nborn, TR Anderson - Biochemistry and Molecular  \u2026", "url_citations": "http://scholar.google.com/scholar?cites=8060979721585711101&as_sdt=2005&sciodt=1,5&hl=en"}, {"num_versions": 6, "url_citation": null, "title": "Students becoming chemists: Developing representationl competence", "url": "http://link.springer.com/chapter/10.1007/1-4020-3613-2_8", "url_versions": "http://scholar.google.com/scholar?cluster=7883908476861851279&hl=en&as_sdt=1,5&sciodt=1,5&as_vis=1", "year": "2005", "excerpt": "Abstract This chapter examines the role that representations and visualizations can play in the chemical curriculum. Two types of curricular goals are examined: students' acquisition of important chemical concepts and principles and students' participation in the investigative  ...", "url_pdf": null, "num_citations": 198, "cluster_id": "7883908476861851279", "authors": "R Kozma, J Russell - Visualization in science education", "url_citations": "http://scholar.google.com/scholar?cites=7883908476861851279&as_sdt=2005&sciodt=1,5&hl=en"}, {"num_versions": 10, "url_citation": null, "title": "Impact of podcasting on student motivation in the online learning environment", "url": "http://www.sciencedirect.com/science/article/pii/S0360131510000746", "url_versions": "http://scholar.google.com/scholar?cluster=16186458499122853497&hl=en&as_sdt=1,5&sciodt=1,5&as_vis=1", "year": "2010", "excerpt": "Researchers investigated the impact of podcasting on student motivation in the online environment during fall 2008 and spring 2009. Data were collected from students enrolled in fourteen online courses at a research university in the United States. One hundred and  ...", "url_pdf": null, "num_citations": 117, "cluster_id": "16186458499122853497", "authors": "DU Bolliger, S Supanakorn, C Boggs - Computers & Education", "url_citations": "http://scholar.google.com/scholar?cites=16186458499122853497&as_sdt=2005&sciodt=1,5&hl=en"}, {"num_versions": 8, "url_citation": null, "title": "Online discussion and self-regulated learning: Effects of instructional methods on mathematical literacy", "url": "http://www.tandfonline.com/doi/abs/10.3200/JOER.99.4.218-231", "url_versions": "http://scholar.google.com/scholar?cluster=14243903125883134555&hl=en&as_sdt=1,5&sciodt=1,5&as_vis=1", "year": "2006", "excerpt": "ABSTRACT The authors investigated the effects of online discussion embedded within metacognitive guidance on mathematical literacy and self-regulated learning (SRL). They compared 4 instructional methods: online discussion embedded within metacognitive  ...", "url_pdf": null, "num_citations": 96, "cluster_id": "14243903125883134555", "authors": "B Kramarski, N Mizrachi - The Journal of Educational Research", "url_citations": "http://scholar.google.com/scholar?cites=14243903125883134555&as_sdt=2005&sciodt=1,5&hl=en"}, {"num_versions": 8, "url_citation": null, "title": "Working memory and the design of health materials: a cognitive factors perspective", "url": "http://www.sciencedirect.com/science/article/pii/S0738399108005879", "url_versions": "http://scholar.google.com/scholar?cluster=10715706542309072608&hl=en&as_sdt=1,5&sciodt=1,5&as_vis=1", "year": "2009", "excerpt": "OBJECTIVE: Working memory and other supportive cognitive processes involved in learning are reviewed in the context of developing patient education materials. We specifically focus on the impact of certain design factors such as text format and syntax, the inclusion of  ...", "url_pdf": null, "num_citations": 59, "cluster_id": "10715706542309072608", "authors": "EAH Wilson, MS Wolf - Patient education and counseling", "url_citations": "http://scholar.google.com/scholar?cites=10715706542309072608&as_sdt=2005&sciodt=1,5&hl=en"}, {"num_versions": 5, "url_citation": null, "title": "Student representational competence and self-assessment when solving physics problems", "url": "http://journals.aps.org/prstper/abstract/10.1103/PhysRevSTPER.1.010104", "url_versions": "http://scholar.google.com/scholar?cluster=14203435687561795457&hl=en&as_sdt=1,5&sciodt=1,5&as_vis=1", "year": "2005", "excerpt": "Abstract Student success in solving physics problems is related to the representational format of the problem. We study student representational competence in two large-lecture algebra-based introductory university physics courses with approximately 600 participants  ...", "url_pdf": null, "num_citations": 63, "cluster_id": "14203435687561795457", "authors": "PB Kohl, ND Finkelstein - Physical Review Special Topics-Physics Education  \u2026", "url_citations": "http://scholar.google.com/scholar?cites=14203435687561795457&as_sdt=2005&sciodt=1,5&hl=en"}, {"num_versions": 6, "url_citation": null, "title": "Metacognitive regulation of text learning: on screen versus on paper.", "url": "http://psycnet.apa.org/journals/xap/17/1/18/", "url_versions": "http://scholar.google.com/scholar?cluster=8991866525652597237&hl=en&as_sdt=1,5&sciodt=1,5&as_vis=1", "year": "2011", "excerpt": "Abstract 1. Despite immense technological advances, learners still prefer studying text from printed hardcopy rather than from computer screens. Subjective and objective differences between on-screen and on-paper learning were examined in terms of a set of cognitive  ...", "url_pdf": null, "num_citations": 75, "cluster_id": "8991866525652597237", "authors": "R Ackerman, M Goldsmith - Journal of Experimental Psychology:  \u2026", "url_citations": "http://scholar.google.com/scholar?cites=8991866525652597237&as_sdt=2005&sciodt=1,5&hl=en"}, {"num_versions": 5, "url_citation": null, "title": "Does more interpretation lead to greater outcomes? An assessment of the impacts of multiple layers of interpretation in a zoo context", "url": "http://www.tandfonline.com/doi/abs/10.1080/09669580802359319", "url_versions": "http://scholar.google.com/scholar?cluster=10806705194200271556&hl=en&as_sdt=1,5&sciodt=1,5&as_vis=1", "year": "2009", "excerpt": "This study investigates the relationship between the level of exposure to interpretive media and the cognition, affect and behaviour of zoo visitors, ie what they report knowing, feeling and doing following their interpretive experience at the zoo. Visitors were surveyed at the  ...", "url_pdf": null, "num_citations": 50, "cluster_id": "10806705194200271556", "authors": "B Weiler, L Smith - Journal of Sustainable Tourism", "url_citations": "http://scholar.google.com/scholar?cites=10806705194200271556&as_sdt=2005&sciodt=1,5&hl=en"}, {"num_versions": 4, "url_citation": null, "title": "Science, language, and literacy: Case studies of learning in Swedish university physics", "url": "http://www.diva-portal.org/smash/record.jsf?pid=diva2:173193", "url_versions": "http://scholar.google.com/scholar?cluster=15812260135163547061&hl=en&as_sdt=1,5&sciodt=1,5&as_vis=1", "year": "2009", "excerpt": "Abstract Airey, J. 2009. Science, Language and Literacy. Case Studies of Learning in Swedish University Physics. Acta Universitatis Upsaliensis. Uppsala Dissertations from the Faculty of Science and Technology 81. Uppsala. xviii+ 256 pp. ISBN 978-91-554-7401-0.", "url_pdf": null, "num_citations": 133, "cluster_id": "15812260135163547061", "authors": "J Airey -", "url_citations": "http://scholar.google.com/scholar?cites=15812260135163547061&as_sdt=2005&sciodt=1,5&hl=en"}, {"num_versions": 15, "url_citation": null, "title": "Learning object design considerations for small-screen handheld devices", "url": "http://www.sciencedirect.com/science/article/pii/S0360131506001412", "url_versions": "http://scholar.google.com/scholar?cluster=16697565383968817399&hl=en&as_sdt=1,5&sciodt=1,5&as_vis=1", "year": "2008", "excerpt": "The key limitation of handheld technology for the delivery of learning objects is the small screen that is available for effective display. The smallness of the screen not only adversely affects the clarity, but it also negatively impacts on the acceptance and integration of this  ...", "url_pdf": null, "num_citations": 101, "cluster_id": "16697565383968817399", "authors": "D Churchill, J Hedberg - Computers & Education", "url_citations": "http://scholar.google.com/scholar?cites=16697565383968817399&as_sdt=2005&sciodt=1,5&hl=en"}, {"num_versions": 10, "url_citation": null, "title": "Software scaffolds to promote regulation during scientific inquiry learning", "url": "http://link.springer.com/article/10.1007/s11409-007-9012-y", "url_versions": "http://scholar.google.com/scholar?cluster=7126431245249072320&hl=en&as_sdt=1,5&sciodt=1,5&as_vis=1", "year": "2007", "excerpt": "Abstract This research addresses issues in the design of online scaffolds for regulation within inquiry learning environments. The learning environment in this study included a physics simulation, data analysis tools, and a model editor for students to create runnable  ...", "url_pdf": null, "num_citations": 62, "cluster_id": "7126431245249072320", "authors": "S Manlove, AW Lazonder, T de Jong - Metacognition and Learning", "url_citations": "http://scholar.google.com/scholar?cites=7126431245249072320&as_sdt=2005&sciodt=1,5&hl=en"}, {"num_versions": 3, "url_citation": null, "title": "The role of explanatory models in teaching for conceptual change", "url": "http://scholar.google.com/https://books.google.com/books?hl=en&lr=&id=sdyOAgAAQBAJ&oi=fnd&pg=PA417&ots=qzY3Pkf2ok&sig=cjtb0_COmnI2Z4QWG2HKx9iuNss", "url_versions": "http://scholar.google.com/scholar?cluster=514746964626168120&hl=en&as_sdt=1,5&sciodt=1,5&as_vis=1", "year": "2008", "excerpt": "In the space allowed for this chapter, I will concentrate on model based, cognitive strategies for fostering conceptual change as an outcome in individual students. Most recent strategies will involve considering the roles that group discussions and co-construction with a  ...", "url_pdf": null, "num_citations": 64, "cluster_id": "514746964626168120", "authors": "J Clement - International handbook of research on conceptual  \u2026", "url_citations": "http://scholar.google.com/scholar?cites=514746964626168120&as_sdt=2005&sciodt=1,5&hl=en"}, {"num_versions": 8, "url_citation": null, "title": "McKeachie's teaching tips", "url": "http://scholar.google.com/https://books.google.com/books?hl=en&lr=&id=dWsWAAAAQBAJ&oi=fnd&pg=PP1&ots=1a2IC0aOdQ&sig=-QkBjAhRbA2xfdx6IT_DyqRxzWM", "url_versions": "http://scholar.google.com/scholar?cluster=4838502821952965898&hl=en&as_sdt=1,5&sciodt=1,5&as_vis=1", "year": "2013", "excerpt": "This indispensable handbook provides helpful strategies for dealing with both the everyday challenges of university teaching and those that arise in efforts to maximize learning for every student. The suggested strategies are supported by research and adaptable to  ...", "url_pdf": null, "num_citations": 3332, "cluster_id": "4838502821952965898", "authors": "W McKeachie, M Svinicki -", "url_citations": "http://scholar.google.com/scholar?cites=4838502821952965898&as_sdt=2005&sciodt=1,5&hl=en"}, {"num_versions": 12, "url_citation": null, "title": "Cognitive strategies for learning from static and dynamic visuals", "url": "http://www.sciencedirect.com/science/article/pii/S0959475202000191", "url_versions": "http://scholar.google.com/scholar?cluster=5286507161183710748&hl=en&as_sdt=1,5&sciodt=1,5&as_vis=1", "year": "2003", "excerpt": "An experimental study with 60 students investigated the effects of including static or dynamic visuals in an expository text on a learning outcome and the use of learning strategies while working with those visuals. For the study, two illustrated and one text-only version of a  ...", "url_pdf": null, "num_citations": 207, "cluster_id": "5286507161183710748", "authors": "D Lewalter - Learning and Instruction", "url_citations": "http://scholar.google.com/scholar?cites=5286507161183710748&as_sdt=2005&sciodt=1,5&hl=en"}, {"num_versions": 6, "url_citation": null, "title": "Volitional aspects of multimedia learning", "url": "http://www.editlib.org/p/6140/", "url_versions": "http://scholar.google.com/scholar?cluster=163108390081935980&hl=en&as_sdt=1,5&sciodt=1,5&as_vis=1", "year": "2006", "excerpt": "Abstract Research on multimedia learning has produced a vast body of findings which, however, are not yet being integrated into a comprehensive framework of reference. For a considerable time, cognitive centered approaches have dominated the literature. Although  ...", "url_pdf": null, "num_citations": 58, "cluster_id": "163108390081935980", "authors": "M Deimann, J Keller - Journal of Educational Multimedia and Hypermedia", "url_citations": "http://scholar.google.com/scholar?cites=163108390081935980&as_sdt=2005&sciodt=1,5&hl=en"}, {"num_versions": 5, "url_citation": null, "title": "Why instructional explanations often do not work: A framework for understanding the effectiveness of instructional explanations", "url": "http://www.tandfonline.com/doi/abs/10.1080/00461520701756420", "url_versions": "http://scholar.google.com/scholar?cluster=7716073082977871019&hl=en&as_sdt=1,5&sciodt=1,5&as_vis=1", "year": "2008", "excerpt": "Although explanations are a common means of instruction, research shows that they often do not contribute to learning. To unravel the factors giving rise to the ineffectiveness of instructional explanations, we propose a framework that brings together empirical work on  ...", "url_pdf": null, "num_citations": 82, "cluster_id": "7716073082977871019", "authors": "J Wittwer, A Renkl - Educational Psychologist", "url_citations": "http://scholar.google.com/scholar?cites=7716073082977871019&as_sdt=2005&sciodt=1,5&hl=en"}, {"num_versions": 10, "url_citation": null, "title": "Mobile English learning: An evidence-based study with fifth graders", "url": "http://www.sciencedirect.com/science/article/pii/S0360131511000327", "url_versions": "http://scholar.google.com/scholar?cluster=7039853777917711452&hl=en&as_sdt=1,5&sciodt=1,5&as_vis=1", "year": "2011", "excerpt": "Three groups participated in a study on the added value of mobile technology for learning English as a second language for primary school students. The first group had classroom lessons in English about zoo animals and their characteristics. The second group took  ...", "url_pdf": null, "num_citations": 116, "cluster_id": "7039853777917711452", "authors": "J Sandberg, M Maris, K de Geus - Computers & Education", "url_citations": "http://scholar.google.com/scholar?cites=7039853777917711452&as_sdt=2005&sciodt=1,5&hl=en"}, {"num_versions": 6, "url_citation": null, "title": "A model of factors determining students' ability to interpret external representations in biochemistry", "url": "http://www.tandfonline.com/doi/abs/10.1080/09500690701670535", "url_versions": "http://scholar.google.com/scholar?cluster=767264839682795980&hl=en&as_sdt=1,5&sciodt=1,5&as_vis=1", "year": "2009", "excerpt": "The aim of this research was to develop a model of factors affecting students' ability to interpret external representations (ERs) in biochemistry. The study was qualitative in design and was guided by the modelling framework of Justi and Gilbert. Application of the  ...", "url_pdf": null, "num_citations": 63, "cluster_id": "767264839682795980", "authors": "KJ Sch\u00f6nborn, TR Anderson - International Journal of Science  \u2026", "url_citations": "http://scholar.google.com/scholar?cites=767264839682795980&as_sdt=2005&sciodt=1,5&hl=en"}, {"num_versions": 0, "url_citation": null, "title": "Multimedia learning of chemistry", "url": "http://chemsense.sri.com/about/papers/KozmaRussellMultimedia2004.pdf", "url_versions": null, "year": "2005", "excerpt": "Abstract This chapter proposes the use of a \u201csituative\u201d theory to complement the cognitive theory of multimedia learning of chemistry. The chapter applies situative theory to examine the practices of chemists and to derive implications for the use of various kinds of  ...", "url_pdf": "http://chemsense.sri.com/about/papers/KozmaRussellMultimedia2004.pdf", "num_citations": 62, "cluster_id": "16212338681493532304", "authors": "R Kozma, J Russell - The Cambridge handbook of multimedia  \u2026", "url_citations": "http://scholar.google.com/scholar?cites=16212338681493532304&as_sdt=2005&sciodt=1,5&hl=en"}, {"num_versions": 6, "url_citation": null, "title": "Effect of bead and illustrations models on high school students' achievement in molecular genetics", "url": "http://onlinelibrary.wiley.com/doi/10.1002/tea.20144/full", "url_versions": "http://scholar.google.com/scholar?cluster=2011509106642249858&hl=en&as_sdt=1,5&sciodt=1,5&as_vis=1", "year": "2006", "excerpt": "Abstract Our main goal in this study was to explore whether the use of models in molecular genetics instruction in high school can contribute to students' understanding of concepts and processes in genetics. Three comparable groups of 11th and 12th graders participated:  ...", "url_pdf": null, "num_citations": 51, "cluster_id": "2011509106642249858", "authors": "Y Rotbain, G Marbach\u2010Ad\u2026 - Journal of Research in  \u2026", "url_citations": "http://scholar.google.com/scholar?cites=2011509106642249858&as_sdt=2005&sciodt=1,5&hl=en"}, {"num_versions": 12, "url_citation": null, "title": "An eye-tracking study of how color coding affects multimedia learning", "url": "http://www.sciencedirect.com/science/article/pii/S0360131509000712", "url_versions": "http://scholar.google.com/scholar?cluster=3048408933656372850&hl=en&as_sdt=1,5&sciodt=1,5&as_vis=1", "year": "2009", "excerpt": "Color coding has been proposed to promote more effective learning. However, insufficient evidence currently exists to show how color coding leads to better learning. The goal of this study was to investigate the underlying cause of the color coding effect by utilizing eye  ...", "url_pdf": null, "num_citations": 64, "cluster_id": "3048408933656372850", "authors": "E Ozcelik, T Karakus, E Kursun, K Cagiltay - Computers & Education", "url_citations": "http://scholar.google.com/scholar?cites=3048408933656372850&as_sdt=2005&sciodt=1,5&hl=en"}, {"num_versions": 3, "url_citation": null, "title": "Learning from text with diagrams: Promoting mental model development and inference generation.", "url": "http://psycnet.apa.org/journals/edu/98/1/182/", "url_versions": "http://scholar.google.com/scholar?cluster=11460707988796796130&hl=en&as_sdt=1,5&sciodt=1,5&as_vis=1", "year": "2006", "excerpt": "Abstract 1. Two experiments investigated learning outcomes and comprehension processes when students learned about the heart and circulatory system using (a) text only,(b) text with simplified diagrams designed to highlight important structural relations, or (c) text with  ...", "url_pdf": null, "num_citations": 184, "cluster_id": "11460707988796796130", "authors": "KR Butcher - Journal of Educational Psychology", "url_citations": "http://scholar.google.com/scholar?cites=11460707988796796130&as_sdt=2005&sciodt=1,5&hl=en"}, {"num_versions": 5, "url_citation": null, "title": "Podcasts in support of experiential field learning", "url": "http://www.tandfonline.com/doi/abs/10.1080/03098260903093653", "url_versions": "http://scholar.google.com/scholar?cluster=4292789285297039765&hl=en&as_sdt=1,5&sciodt=1,5&as_vis=1", "year": "2010", "excerpt": "The paper introduces a library of video podcasts (vodcasts) used to support the learning and teaching of geographical methods and techniques relating to physical geography and GIScience in particular. While the notion of video learning is not new, the accessibility of  ...", "url_pdf": null, "num_citations": 50, "cluster_id": "4292789285297039765", "authors": "C Jarvis, J Dickie - Journal of Geography in Higher Education", "url_citations": "http://scholar.google.com/scholar?cites=4292789285297039765&as_sdt=2005&sciodt=1,5&hl=en"}, {"num_versions": 12, "url_citation": null, "title": "The material features of multiple representations and their cognitive and social affordances for science understanding", "url": "http://www.sciencedirect.com/science/article/pii/S095947520200021X", "url_versions": "http://scholar.google.com/scholar?cluster=144492377637286365&hl=en&as_sdt=1,5&sciodt=1,5&as_vis=1", "year": "2003", "excerpt": "This article reviews experimental and naturalistic studies conducted by our research group to examine the role of multiple representations in understanding science. It examines the differences between expert chemists and chemistry students in their representational skills  ...", "url_pdf": null, "num_citations": 370, "cluster_id": "144492377637286365", "authors": "R Kozma - Learning and Instruction", "url_citations": "http://scholar.google.com/scholar?cites=144492377637286365&as_sdt=2005&sciodt=1,5&hl=en"}, {"num_versions": 10, "url_citation": null, "title": "Active-learning processes used in US pharmacy education", "url": "http://www.ncbi.nlm.nih.gov/pmc/articles/PMC3138343/", "url_versions": "http://scholar.google.com/scholar?cluster=3610185655529726599&hl=en&as_sdt=1,5&sciodt=1,5&as_vis=1", "year": "2011", "excerpt": "Objective To document the type and extent of active-learning techniques used in US colleges and schools of pharmacy as well as factors associated with use of these techniques. Methods A survey instrument was developed to assess whether and to what  ...", "url_pdf": null, "num_citations": 53, "cluster_id": "3610185655529726599", "authors": "DW Stewart, CW Clavier, J Wyatt - American journal of  \u2026", "url_citations": "http://scholar.google.com/scholar?cites=3610185655529726599&as_sdt=2005&sciodt=1,5&hl=en"}, {"num_versions": 13, "url_citation": null, "title": "Towards a useful classification of learning objects", "url": "http://link.springer.com/article/10.1007/s11423-006-9000-y", "url_versions": "http://scholar.google.com/scholar?cluster=17598492547728121803&hl=en&as_sdt=1,5&sciodt=1,5&as_vis=1", "year": "2007", "excerpt": "Abstract The learning object remains an ill-defined concept, despite numerous and extensive discussion in the literature. This paper attempts to address this problem by providing a classification that potentially brings together various perspectives of what a  ...", "url_pdf": null, "num_citations": 114, "cluster_id": "17598492547728121803", "authors": "D Churchill - Educational Technology Research and Development", "url_citations": "http://scholar.google.com/scholar?cites=17598492547728121803&as_sdt=2005&sciodt=1,5&hl=en"}, {"num_versions": 11, "url_citation": null, "title": "A review of e-learning in Canada: A rough sketch of the evidence, gaps and promising directions", "url": "http://cjlt.csj.ualberta.ca/index.php/cjlt/article/viewArticle/27", "url_versions": "http://scholar.google.com/scholar?cluster=6623037705505431065&hl=en&as_sdt=1,5&sciodt=1,5&as_vis=1", "year": "2008", "excerpt": "Abstract This review provides a rough sketch of the evidence, gaps and promising directions in e-learning from 2000 onwards, with a particular focus on Canada. We searched a wide range of sources and document types to ensure that we represented, comprehensively,  ...", "url_pdf": null, "num_citations": 105, "cluster_id": "6623037705505431065", "authors": "PC Abrami, R Bernard, A Wade\u2026 - Canadian Journal of  \u2026", "url_citations": "http://scholar.google.com/scholar?cites=6623037705505431065&as_sdt=2005&sciodt=1,5&hl=en"}, {"num_versions": 5, "url_citation": null, "title": "Learning strategies and performance in a technology integrated classroom", "url": "http://www.tandfonline.com/doi/abs/10.1080/15391523.2006.10782461", "url_versions": "http://scholar.google.com/scholar?cluster=17029341554776206760&hl=en&as_sdt=1,5&sciodt=1,5&as_vis=1", "year": "2006", "excerpt": "Abstract This study examines students' use of technology for learning (accessing the course Web site to download PowerPoint slides for note taking and exam preparation) relative to more traditional learning methods (reading the textbook and taking notes in class and  ...", "url_pdf": null, "num_citations": 85, "cluster_id": "17029341554776206760", "authors": "K Debevec, MY Shih, V Kashyap - Journal of Research on  \u2026", "url_citations": "http://scholar.google.com/scholar?cites=17029341554776206760&as_sdt=2005&sciodt=1,5&hl=en"}, {"num_versions": 4, "url_citation": null, "title": "Saying the wrong thing: Improving learning with multimedia by including misconceptions", "url": "http://onlinelibrary.wiley.com/doi/10.1111/j.1365-2729.2007.00248.x/full", "url_versions": "http://scholar.google.com/scholar?cluster=16498291235233334876&hl=en&as_sdt=1,5&sciodt=1,5&as_vis=1", "year": "2008", "excerpt": "Abstract In this study, 364 first-year physics students were randomly assigned to one of four online multimedia treatments on Newton's First and Second Laws of Motion:(1) the 'Exposition', a concise lecture-style presentation;(2) the 'Extended Exposition', the  ...", "url_pdf": null, "num_citations": 50, "cluster_id": "16498291235233334876", "authors": "DA Muller, J Bewes, MD Sharma\u2026 - Journal of Computer  \u2026", "url_citations": "http://scholar.google.com/scholar?cites=16498291235233334876&as_sdt=2005&sciodt=1,5&hl=en"}, {"num_versions": 18, "url_citation": null, "title": "Paradigms regained: Toward integrating objectivism and constructivism in instructional design and the learning sciences", "url": "http://link.springer.com/article/10.1007/s11423-006-9605-1", "url_versions": "http://scholar.google.com/scholar?cluster=5270965917119318578&hl=en&as_sdt=1,5&sciodt=1,5&as_vis=1", "year": "2006", "excerpt": "Abstract This article proposes a model that integrates the traditionally conflicting objectivist and constructivist approaches to instructional design. I argue that these two approaches are complementary rather than oppositional. I present and analyze two learning programs in  ...", "url_pdf": null, "num_citations": 79, "cluster_id": "5270965917119318578", "authors": "J Cronj\u00e9 - Educational technology research and development", "url_citations": "http://scholar.google.com/scholar?cites=5270965917119318578&as_sdt=2005&sciodt=1,5&hl=en"}, {"num_versions": 8, "url_citation": null, "title": "Examining the impact of student use of multiple modal representations in constructing arguments in organic chemistry laboratory classes", "url": "http://link.springer.com/article/10.1007/s11165-009-9155-8", "url_versions": "http://scholar.google.com/scholar?cluster=18184610226713755939&hl=en&as_sdt=1,5&sciodt=1,5&as_vis=1", "year": "2010", "excerpt": "Abstract This study was designed to examine students' use of multiple modal representations within their written arguments as a consequence of completing a series of investigations of an organic chemistry laboratory course. One hundred and eleven  ...", "url_pdf": null, "num_citations": 50, "cluster_id": "18184610226713755939", "authors": "B Hand, A Choi - Research in Science Education", "url_citations": "http://scholar.google.com/scholar?cites=18184610226713755939&as_sdt=2005&sciodt=1,5&hl=en"}]