[{"num_versions": 3, "url_citation": null, "title": "Academic factors affecting learning at a nursing college in the Western Cape", "url": "http://scholar.google.com/https://scholar.sun.ac.za/handle/10019.1/6648", "url_versions": "http://scholar.google.com/scholar?cluster=12950309466317639578&hl=en&as_sdt=1,5&sciodt=1,5&as_vis=1", "year": "2011", "excerpt": "ENGLISH ABSTRACT: Nursing education, including the individual nurse educator, has a responsibility to society and to students for providing quality education, for maintaining the highest academic standards, for the proficient use of teaching strategies and for ensuring  ...", "url_pdf": null, "num_citations": 4, "cluster_id": "12950309466317639578", "authors": "YN Magerman -", "url_citations": "http://scholar.google.com/scholar?cites=12950309466317639578&as_sdt=2005&sciodt=1,5&hl=en"}, {"num_versions": 2, "url_citation": null, "title": "The Relationship among Learning Psychological Process, Learning Behavior and Learning Outcome", "url": "http://www.atlantis-press.com/php/download_paper.php?id=10021", "url_versions": "http://scholar.google.com/scholar?cluster=7522914356575988978&hl=en&as_sdt=1,5&sciodt=1,5&as_vis=1", "year": "2013", "excerpt": "Abstract\u2014We develop and test a theoretical model to investigate the relationship among learning psychology process, learning behavior and learning outcome. Structural Equation Model was used to estimate the relationship. Results by analyzing selfcognitive data of  ...", "url_pdf": null, "num_citations": 0, "cluster_id": null, "authors": "F Li -", "url_citations": null}, {"num_versions": 5, "url_citation": null, "title": "Using behavioral analysis to improve student confidence with analog circuits", "url": "http://ieeexplore.ieee.org/xpls/abs_all.jsp?arnumber=4589061", "url_versions": "http://scholar.google.com/scholar?cluster=6239893397642118443&hl=en&as_sdt=1,5&sciodt=1,5&as_vis=1", "year": "2008", "excerpt": "Abstract\u2014This paper investigates the impact of teaching the be-havior of analog circuits before proceeding to the formal, mathematical analysis, with the goal of improving student confidence with analog circuits. The behavioral analysis of two circuits is presented to  ...", "url_pdf": null, "num_citations": 5, "cluster_id": "6239893397642118443", "authors": "T Hudson, M Goldman, SM Sexton - \u2026 , IEEE Transactions on", "url_citations": "http://scholar.google.com/scholar?cites=6239893397642118443&as_sdt=2005&sciodt=1,5&hl=en"}, {"num_versions": 7, "url_citation": null, "title": "An analog computer for electronic engineering education", "url": "http://ieeexplore.ieee.org/xpls/abs_all.jsp?arnumber=5638617", "url_versions": "http://scholar.google.com/scholar?cluster=13953931665014799890&hl=en&as_sdt=1,5&sciodt=1,5&as_vis=1", "year": "2011", "excerpt": "Abstract\u2014This paper describes a compact analog computer and proposes its use in electronic engineering teaching laboratories to develop student understanding of applications in analog electronics, electronic components, engineering mathematics,  ...", "url_pdf": null, "num_citations": 6, "cluster_id": "13953931665014799890", "authors": "AL Fitch, HHC Iu, DDC Lu - Education, IEEE Transactions on", "url_citations": "http://scholar.google.com/scholar?cites=13953931665014799890&as_sdt=2005&sciodt=1,5&hl=en"}, {"num_versions": 9, "url_citation": null, "title": "Enhancing the engineering curriculum through project-based learning", "url": "http://ieeexplore.ieee.org/xpls/abs_all.jsp?arnumber=1158200", "url_versions": "http://scholar.google.com/scholar?cluster=17739941245024933282&hl=en&as_sdt=1,5&sciodt=1,5&as_vis=1", "year": "2002", "excerpt": "Under the guidance of the ABET engineering criteria 2000, recent trends in engineering education have led to increased integration of design and other important engineering practice skills (eg multidisciplinary teamwork, project management, communications,  ...", "url_pdf": null, "num_citations": 88, "cluster_id": "17739941245024933282", "authors": "H Hadim, SK Esche - Frontiers in Education", "url_citations": "http://scholar.google.com/scholar?cites=17739941245024933282&as_sdt=2005&sciodt=1,5&hl=en"}, {"num_versions": 5, "url_citation": null, "title": "Methods to study enhancement of problem solving skills in engineering students through cooperative problem-based learning", "url": "http://www.sciencedirect.com/science/article/pii/S1877042812041730", "url_versions": "http://scholar.google.com/scholar?cluster=7466722664325619088&hl=en&as_sdt=1,5&sciodt=1,5&as_vis=1", "year": "2012", "excerpt": "This paper explains methods used in determining enhancement of problem solving skills in engineering students undergoing Cooperative Problem-Based Learning (CPBL). The transformation of learning maturity, from novice to expert, is examined using both,  ...", "url_pdf": null, "num_citations": 3, "cluster_id": "7466722664325619088", "authors": "SAHS Hassan, KM Yusof, S Mohammad\u2026 - Procedia-Social and  \u2026", "url_citations": "http://scholar.google.com/scholar?cites=7466722664325619088&as_sdt=2005&sciodt=1,5&hl=en"}, {"num_versions": 3, "url_citation": null, "title": "Definition of student competencies and development of an educational plan to assess student mastery level", "url": "http://www.ijee.ie/articles/Vol18-2/IJEE1281.pdf", "url_versions": "http://scholar.google.com/scholar?cluster=16428244189734635780&hl=en&as_sdt=1,5&sciodt=1,5&as_vis=1", "year": "2002", "excerpt": "Our experience with the development of an outcomes-based educational plan to satisfy ABET EC 2000 is documented. Critical aspects of our plan include: the method used to define student outcomes; definition of mastery levels that reflect the relative importance of  ...", "url_pdf": "http://www.ijee.ie/articles/Vol18-2/IJEE1281.pdf", "num_citations": 18, "cluster_id": "16428244189734635780", "authors": "RE Terry, JN Harb, WC Hecker, WV Wilding - International Journal of  \u2026", "url_citations": "http://scholar.google.com/scholar?cites=16428244189734635780&as_sdt=2005&sciodt=1,5&hl=en"}, {"num_versions": 2, "url_citation": null, "title": "Expanding engineering education: building better bridges", "url": "http://ieeexplore.ieee.org/xpls/abs_all.jsp?arnumber=948845", "url_versions": "http://scholar.google.com/scholar?cluster=16896326126898675328&hl=en&as_sdt=1,5&sciodt=1,5&as_vis=1", "year": "2001", "excerpt": "\u00a9 Illustration Works need: a five-year Engineering and Society degree program (E&SP, or 'Program'), now in its tenth year at McMaster University in Hamilton, Ontario, Canada, makes the 'bridge'between technology and society both broader and longer. Begun in 1991, this  ...", "url_pdf": null, "num_citations": 9, "cluster_id": "16896326126898675328", "authors": "RC Hudspith - Technology and Society Magazine, IEEE", "url_citations": "http://scholar.google.com/scholar?cites=16896326126898675328&as_sdt=2005&sciodt=1,5&hl=en"}, {"num_versions": 8, "url_citation": null, "title": "Students' problem solving strategies in stoichiometry and their relationships to conceptual understanding and learning approaches", "url": "http://ejse.southwestern.edu/article/view/7709/0", "url_versions": "http://scholar.google.com/scholar?cluster=2930845285084112691&hl=en&as_sdt=1,5&sciodt=1,5&as_vis=1", "year": "2003", "excerpt": "Abstract The purpose of this study was to describe and classify the strategies high school students use when solving stoichiometry problems and compare and contrast problem solving strategies of students with different learning approaches and different conceptual  ...", "url_pdf": null, "num_citations": 37, "cluster_id": "2930845285084112691", "authors": "S BouJaoude, H Barakat - Electronic Journal of Science  \u2026", "url_citations": "http://scholar.google.com/scholar?cites=2930845285084112691&as_sdt=2005&sciodt=1,5&hl=en"}, {"num_versions": 8, "url_citation": null, "title": "Development of Problem-Based Learning Modules for Engineering Thermodynamics", "url": "http://proceedings.asmedigitalcollection.asme.org/proceeding.aspx?articleid=1652965", "url_versions": "http://scholar.google.com/scholar?cluster=657935108578649328&hl=en&as_sdt=1,5&sciodt=1,5&as_vis=1", "year": "2004", "excerpt": "abstract Problem-Based Learning (PBL) is an instructional approach that fosters active learning, supports knowledge construction, integrates disciplines, and naturally combines classroom learning with real-life applications. This approach can be described as student- ...", "url_pdf": null, "num_citations": 1, "cluster_id": "657935108578649328", "authors": "KJ Nasr, B Ramadan, P Ahire - ASME", "url_citations": "http://scholar.google.com/scholar?cites=657935108578649328&as_sdt=2005&sciodt=1,5&hl=en"}, {"num_versions": 2, "url_citation": null, "title": "Student-centered, concept-embedded problem-based engineering thermodynamics", "url": "http://www.ijee.ie/articles/Vol20-4/IJEE1508.pdf", "url_versions": "http://scholar.google.com/scholar?cluster=4586640593418169858&hl=en&as_sdt=1,5&sciodt=1,5&as_vis=1", "year": "2004", "excerpt": "Classical thermodynamics is restructured to start with practical applications where fundamental principles are introduced just-in-time and on a need-to-have basis. Theoretical information is presented to support the understanding of knowledge as students apply  ...", "url_pdf": "http://www.ijee.ie/articles/Vol20-4/IJEE1508.pdf", "num_citations": 9, "cluster_id": "4586640593418169858", "authors": "KJ Nasr, CD Thomas - International Journal of Engineering Education", "url_citations": "http://scholar.google.com/scholar?cites=4586640593418169858&as_sdt=2005&sciodt=1,5&hl=en"}, {"num_versions": 26, "url_citation": null, "title": "Understanding student differences", "url": "http://eprints.me.psu.ac.th/ILS/info/Understanding_Differences.pdf", "url_versions": "http://scholar.google.com/scholar?cluster=8749210186658389314&hl=en&as_sdt=1,5&sciodt=1,5&as_vis=1", "year": "2005", "excerpt": "ABSTRACT Students have different levels of motivation, different attitudes about teaching and learning, and different responses to specific classroom environments and instructional practices. The more thoroughly instructors understand the differences, the better chance  ...", "url_pdf": "http://eprints.me.psu.ac.th/ILS/info/Understanding_Differences.pdf", "num_citations": 1185, "cluster_id": "8749210186658389314", "authors": "RM Felder, R Brent - Journal of engineering education", "url_citations": "http://scholar.google.com/scholar?cites=8749210186658389314&as_sdt=2005&sciodt=1,5&hl=en"}, {"num_versions": 5, "url_citation": null, "title": "Enfoques hacia el aprendizaje, motivos y estrategias de estudiantes de las carreras de enfermer\u00eda, ingenier\u00eda y organizaci\u00f3n deportiva", "url": "http://www.redalyc.org/pdf/659/65914495005.pdf", "url_versions": "http://scholar.google.com/scholar?cluster=18281046556115151365&hl=en&as_sdt=1,5&sciodt=1,5&as_vis=1", "year": "2009", "excerpt": "Esquivel Cruz, Jes\u00fas; Rodr\u00edguez Nieto, Mar\u00eda Concepci\u00f3n; Padilla Montemayor, V\u00edctor Manuel Enfoques hacia el aprendizaje, motivos y estrategias de estudiantes de las carreras de enfermer\u00eda, ingenier\u00eda y organizaci\u00f3n deportiva Revista de Pedagog\u00eda, vol. 30, n\u00fam. 87,  ... ", "url_pdf": "http://www.redalyc.org/pdf/659/65914495005.pdf", "num_citations": 13, "cluster_id": "18281046556115151365", "authors": "JE Cruz, MCR Nieto, VMP Montemayor - Revista de pedagog\u00eda", "url_citations": "http://scholar.google.com/scholar?cites=18281046556115151365&as_sdt=2005&sciodt=1,5&hl=en"}, {"num_versions": 7, "url_citation": null, "title": "Relationships among measures of learning orientation, reasoning ability, and conceptual understanding of photosynthesis and respiration in plants for grade 8 males  \u2026", "url": "http://link.springer.com/article/10.1007/BF03170650", "url_versions": "http://scholar.google.com/scholar?cluster=10029595429542139137&hl=en&as_sdt=1,5&sciodt=1,5&as_vis=1", "year": "2006", "excerpt": "Abstract This study investigated the contributions of students' reasoning ability and meaningful learning orientation to their understanding of the photosynthesis and respiration in plants concepts. Data were gathered through the use of the Test of Logical Thinking ( ...", "url_pdf": null, "num_citations": 3, "cluster_id": "10029595429542139137", "authors": "C Tekkaya, A Yenilmez - Journal of Elementary Science Education", "url_citations": "http://scholar.google.com/scholar?cites=10029595429542139137&as_sdt=2005&sciodt=1,5&hl=en"}, {"num_versions": 3, "url_citation": null, "title": "Embracing complexity in engineering education", "url": "http://scholar.google.com/https://books.google.com/books?hl=en&lr=&id=78DQkfZ1LbwC&oi=fnd&pg=PR2&ots=uX8A60NZy9&sig=z_D50ZHcwz4zcy3JaTtl7YS9XxE", "url_versions": "http://scholar.google.com/scholar?cluster=13962833363539803485&hl=en&as_sdt=1,5&sciodt=1,5&as_vis=1", "year": "2006", "excerpt": "The research suggests that in America there is a disjuncture between what is occurring and what ought to be occurring in mechanical engineering educational programs. In Australia, there is a correlation between what is occurring and what ought to be occurring. The  ...", "url_pdf": null, "num_citations": 2, "cluster_id": "13962833363539803485", "authors": "NN Kellam -", "url_citations": "http://scholar.google.com/scholar?cites=13962833363539803485&as_sdt=2005&sciodt=1,5&hl=en"}]