[{"num_versions": 4, "url_citation": null, "title": "Optimization techniques to improve training speed of deep neural networks for large speech tasks", "url": "http://ieeexplore.ieee.org/xpls/abs_all.jsp?arnumber=6619439", "url_versions": "http://scholar.google.com/scholar?cluster=8342459325676772309&hl=en&as_sdt=1,5&sciodt=1,5&as_vis=1", "year": "2013", "excerpt": "Abstract\u2014While Deep Neural Networks (DNNs) have achieved tremendous success for large vocabulary continuous speech recognition (LVCSR) tasks, training these networks is slow. Even to date, the most common approach to train DNNs is via stochastic gradient  ...", "url_pdf": null, "num_citations": 21, "cluster_id": "8342459325676772309", "authors": "TN Sainath, B Kingsbury, H Soltau\u2026 - Audio, Speech, and  \u2026", "url_citations": "http://scholar.google.com/scholar?cites=8342459325676772309&as_sdt=2005&sciodt=1,5&hl=en"}, {"num_versions": 8, "url_citation": null, "title": "Improving wideband speech recognition using mixed-bandwidth training data in CD-DNN-HMM", "url": "http://ieeexplore.ieee.org/xpls/abs_all.jsp?arnumber=6424210", "url_versions": "http://scholar.google.com/scholar?cluster=684582575836750467&hl=en&as_sdt=1,5&sciodt=1,5&as_vis=1", "year": "2012", "excerpt": "ABSTRACT Context-dependent deep neural network hidden Markov model (CD-DNN-HMM) is a recently proposed acoustic model that significantly outperformed Gaussian mixture model (GMM)-HMM systems in many large vocabulary speech recognition (LVSR)  ...", "url_pdf": null, "num_citations": 37, "cluster_id": "684582575836750467", "authors": "J Li, D Yu, JT Huang, Y Gong - Spoken Language Technology  \u2026", "url_citations": "http://scholar.google.com/scholar?cites=684582575836750467&as_sdt=2005&sciodt=1,5&hl=en"}, {"num_versions": 17, "url_citation": null, "title": "Towards deeper understanding: deep convex networks for semantic utterance classification", "url": "http://ieeexplore.ieee.org/xpls/abs_all.jsp?arnumber=6289054", "url_versions": "http://scholar.google.com/scholar?cluster=11968366004235009340&hl=en&as_sdt=1,5&sciodt=1,5&as_vis=1", "year": "2012", "excerpt": "ABSTRACT Following the recent advances in deep learning techniques, in this paper, we present the application of special type of deep architecture\u2014deep convex networks (DCNs)\u2014for semantic utterance classification (SUC). DCNs are shown to have several advantages  ...", "url_pdf": null, "num_citations": 41, "cluster_id": "11968366004235009340", "authors": "G Tur, L Deng, D Hakkani-T\u00fcr\u2026 - Acoustics, Speech and  \u2026", "url_citations": "http://scholar.google.com/scholar?cites=11968366004235009340&as_sdt=2005&sciodt=1,5&hl=en"}, {"num_versions": 14, "url_citation": null, "title": "Feature learning in deep neural networks-studies on speech recognition tasks", "url": "http://arxiv.org/abs/1301.3605", "url_versions": "http://scholar.google.com/scholar?cluster=12231492426576904846&hl=en&as_sdt=1,5&sciodt=1,5&as_vis=1", "year": "2013", "excerpt": "Abstract: Recent studies have shown that deep neural networks (DNNs) perform significantly better than shallow networks and Gaussian mixture models (GMMs) on large vocabulary speech recognition tasks. In this paper, we argue that the improved accuracy achieved by  ...", "url_pdf": null, "num_citations": 67, "cluster_id": "12231492426576904846", "authors": "D Yu, ML Seltzer, J Li, JT Huang, F Seide - arXiv preprint arXiv:1301.3605", "url_citations": "http://scholar.google.com/scholar?cites=12231492426576904846&as_sdt=2005&sciodt=1,5&hl=en"}, {"num_versions": 5, "url_citation": null, "title": "Convolutional deep rectifier neural nets for phone recognition.", "url": "http://lpp.ilpga.fr/PDF/IS130125/IS130125.PDF", "url_versions": "http://scholar.google.com/scholar?cluster=8530843942923714117&hl=en&as_sdt=1,5&sciodt=1,5&as_vis=1", "year": "2013", "excerpt": "Abstract Rectifier neurons differ from standard ones only in that the sigmoid activation function is replaced by the rectifier function, max (0, x). Several recent studies suggest that rectifier units may be more suitable building units for deep nets. For example, we found  ...", "url_pdf": null, "num_citations": 17, "cluster_id": "8530843942923714117", "authors": "L T\u00f3th - INTERSPEECH", "url_citations": "http://scholar.google.com/scholar?cites=8530843942923714117&as_sdt=2005&sciodt=1,5&hl=en"}, {"num_versions": 2, "url_citation": null, "title": "Incoherent training of deep neural networks to de-correlate bottleneck features for speech recognition", "url": "http://ieeexplore.ieee.org/xpls/abs_all.jsp?arnumber=6639015", "url_versions": "http://scholar.google.com/scholar?cluster=6107781374266750007&hl=en&as_sdt=1,5&sciodt=1,5&as_vis=1", "year": "2013", "excerpt": "ABSTRACT Recently, the hybrid model combining deep neural network (DNN) with context-dependent HMMs has achieved some dramatic gains over the conventional GMM/HMM method in many speech recognition tasks. In this paper, we study how to compete with the  ...", "url_pdf": null, "num_citations": 14, "cluster_id": "6107781374266750007", "authors": "Y Bao, H Jiang, L Dai, C Liu - Acoustics, Speech and Signal  \u2026", "url_citations": "http://scholar.google.com/scholar?cites=6107781374266750007&as_sdt=2005&sciodt=1,5&hl=en"}, {"num_versions": 2, "url_citation": null, "title": "Investigation of deep neural networks (DNN) for large vocabulary continuous speech recognition: Why DNN surpasses GMMs in acoustic modeling", "url": "http://ieeexplore.ieee.org/xpls/abs_all.jsp?arnumber=6423452", "url_versions": "http://scholar.google.com/scholar?cluster=12075498123378563311&hl=en&as_sdt=1,5&sciodt=1,5&as_vis=1", "year": "2012", "excerpt": "ABSTRACT Recently, it has been reported that context-dependent deep neural network (DNN) has achieved some unprecedented gains in many challenging ASR tasks, including the wellknown Switchboard task. In this paper, we first investigate DNN for several large  ...", "url_pdf": null, "num_citations": 32, "cluster_id": "12075498123378563311", "authors": "J Pan, C Liu, Z Wang, Y Hu\u2026 - \u2026  (ISCSLP)", "url_citations": "http://scholar.google.com/scholar?cites=12075498123378563311&as_sdt=2005&sciodt=1,5&hl=en"}, {"num_versions": 9, "url_citation": null, "title": "Learning small-size DNN with output-distribution-based criteria", "url": "http://193.6.4.39/%7Eczap/letoltes/IS14/IS2014/PDF/AUTHOR/IS140487.PDF", "url_versions": "http://scholar.google.com/scholar?cluster=9474047679224127643&hl=en&as_sdt=1,5&sciodt=1,5&as_vis=1", "year": "2014", "excerpt": "Abstract Deep neural network (DNN) obtains significant accuracy improvements on many speech recognition tasks and its power comes from the deep and wide network structure with a very large number of parameters. It becomes challenging when we deploy DNN on  ...", "url_pdf": null, "num_citations": 10, "cluster_id": "9474047679224127643", "authors": "J Li, R Zhao, JT Huang, Y Gong - Proc. Interspeech", "url_citations": "http://scholar.google.com/scholar?cites=9474047679224127643&as_sdt=2005&sciodt=1,5&hl=en"}, {"num_versions": 14, "url_citation": null, "title": "Feature engineering in context-dependent deep neural networks for conversational speech transcription", "url": "http://ieeexplore.ieee.org/xpls/abs_all.jsp?arnumber=6163899", "url_versions": "http://scholar.google.com/scholar?cluster=3304895706525742312&hl=en&as_sdt=1,5&sciodt=1,5&as_vis=1", "year": "2011", "excerpt": "Deep-Neural-Network HMMs, or CD-DNN-HMMs, from a feature-engineering perspective. Recently, we had shown that for speaker-independent transcription of phone calls (NIST RT03S Fisher data), CD-DNN-HMMs reduced the word error rate by as much as one third ...", "url_pdf": null, "num_citations": 256, "cluster_id": "3304895706525742312", "authors": "F Seide, G Li, X Chen, D Yu - Automatic Speech Recognition  \u2026", "url_citations": "http://scholar.google.com/scholar?cites=3304895706525742312&as_sdt=2005&sciodt=1,5&hl=en"}, {"num_versions": 6, "url_citation": null, "title": "An overview of noise-robust automatic speech recognition", "url": "http://ieeexplore.ieee.org/xpls/abs_all.jsp?arnumber=6732927", "url_versions": "http://scholar.google.com/scholar?cluster=12716095876530501257&hl=en&as_sdt=1,5&sciodt=1,5&as_vis=1", "year": "2014", "excerpt": "Abstract New waves of consumer-centric applications, such as voice search and voice interaction with mobile devices and home entertainment systems, increasingly require automatic speech recognition (ASR) to be robust to the full range of real-world noise and  ...", "url_pdf": null, "num_citations": 50, "cluster_id": "12716095876530501257", "authors": "J Li, L Deng, Y Gong\u2026 - Audio, Speech, and  \u2026", "url_citations": "http://scholar.google.com/scholar?cites=12716095876530501257&as_sdt=2005&sciodt=1,5&hl=en"}, {"num_versions": 16, "url_citation": null, "title": "New types of deep neural network learning for speech recognition and related applications: An overview", "url": "http://ieeexplore.ieee.org/xpls/abs_all.jsp?arnumber=6639344", "url_versions": "http://scholar.google.com/scholar?cluster=10871829039953032247&hl=en&as_sdt=1,5&sciodt=1,5&as_vis=1", "year": "2013", "excerpt": "ABSTRACT In this paper, we provide an overview of the invited and contributed papers presented at the special session at ICASSP-2013, entitled \u201cNew Types of Deep Neural Network Learning for Speech Recognition and Related Applications,\u201d as organized by the  ...", "url_pdf": null, "num_citations": 82, "cluster_id": "10871829039953032247", "authors": "L Deng, G Hinton, B Kingsbury - Acoustics, Speech and Signal  \u2026", "url_citations": "http://scholar.google.com/scholar?cites=10871829039953032247&as_sdt=2005&sciodt=1,5&hl=en"}, {"num_versions": 9, "url_citation": null, "title": "Restructuring of deep neural network acoustic models with singular value decomposition.", "url": "http://scholar.google.com/https://wiki.inf.ed.ac.uk/twiki/pub/CSTR/ListenSemester1201314/Xue2013_svd.pdf", "url_versions": "http://scholar.google.com/scholar?cluster=13070683737246069946&hl=en&as_sdt=1,5&sciodt=1,5&as_vis=1", "year": "2013", "excerpt": "Abstract Recently proposed deep neural network (DNN) obtains significant accuracy improvements in many large vocabulary continuous speech recognition (LVCSR) tasks. However, DNN requires much more parameters than traditional systems, which brings  ...", "url_pdf": "http://scholar.google.com/https://wiki.inf.ed.ac.uk/twiki/pub/CSTR/ListenSemester1201314/Xue2013_svd.pdf", "num_citations": 43, "cluster_id": "13070683737246069946", "authors": "J Xue, J Li, Y Gong - INTERSPEECH", "url_citations": "http://scholar.google.com/scholar?cites=13070683737246069946&as_sdt=2005&sciodt=1,5&hl=en"}, {"num_versions": 12, "url_citation": null, "title": "Error back propagation for sequence training of context-dependent deep networks for conversational speech transcription", "url": "http://ieeexplore.ieee.org/xpls/abs_all.jsp?arnumber=6638951", "url_versions": "http://scholar.google.com/scholar?cluster=4487452001304092526&hl=en&as_sdt=1,5&sciodt=1,5&as_vis=1", "year": "2013", "excerpt": "ABSTRACT We investigate back-propagation based sequence training of Context-Dependent Deep-Neural-Network HMMs, or CDDNN-HMMs, for conversational speech transcription. Theoretically, sequence training integrates with backpropagation in a  ...", "url_pdf": null, "num_citations": 60, "cluster_id": "4487452001304092526", "authors": "H Su, G Li, D Yu, F Seide - Acoustics, Speech and Signal  \u2026", "url_citations": "http://scholar.google.com/scholar?cites=4487452001304092526&as_sdt=2005&sciodt=1,5&hl=en"}, {"num_versions": 9, "url_citation": null, "title": "Improved Bottleneck Features Using Pretrained Deep Neural Networks.", "url": "http://research.microsoft.com/pubs/153642/bottleneck-interspeech2011-pub.pdf", "url_versions": "http://scholar.google.com/scholar?cluster=10630012346925912866&hl=en&as_sdt=1,5&sciodt=1,5&as_vis=1", "year": "2011", "excerpt": "Abstract Bottleneck features have been shown to be effective in improving the accuracy of automatic speech recognition (ASR) systems. Conventionally, bottleneck features are extracted from a multi-layer perceptron (MLP) trained to predict context-independent  ...", "url_pdf": "http://research.microsoft.com/pubs/153642/bottleneck-interspeech2011-pub.pdf", "num_citations": 96, "cluster_id": "10630012346925912866", "authors": "D Yu, ML Seltzer - INTERSPEECH", "url_citations": "http://scholar.google.com/scholar?cites=10630012346925912866&as_sdt=2005&sciodt=1,5&hl=en"}, {"num_versions": 5, "url_citation": null, "title": "Semi-supervised training of deep neural networks", "url": "http://ieeexplore.ieee.org/xpls/abs_all.jsp?arnumber=6707741", "url_versions": "http://scholar.google.com/scholar?cluster=5065429690404301421&hl=en&as_sdt=1,5&sciodt=1,5&as_vis=1", "year": "2013", "excerpt": "ABSTRACT In this paper we search for an optimal strategy for semisupervised Deep Neural Network (DNN) training. We assume that a small part of the data is transcribed, while the majority of the data is untranscribed. We explore self-training strategies with data selection  ...", "url_pdf": null, "num_citations": 20, "cluster_id": "5065429690404301421", "authors": "K Vesely, M Hannemann\u2026 - \u2026  Speech Recognition and  \u2026", "url_citations": "http://scholar.google.com/scholar?cites=5065429690404301421&as_sdt=2005&sciodt=1,5&hl=en"}, {"num_versions": 7, "url_citation": null, "title": "Automatic Speech Recognition", "url": "http://link.springer.com/content/pdf/10.1007/978-1-4471-5779-3.pdf", "url_versions": "http://scholar.google.com/scholar?cluster=15129453519639737983&hl=en&as_sdt=1,5&sciodt=1,5&as_vis=1", "year": "2012", "excerpt": "Automatic Speech Recognition (ASR), which is aimed to enable natural human\u2013machine interaction, has been an intensive research area for decades. Many core technologies, such as Gaussian mixture models (GMMs), hidden Markov models (HMMs), mel-frequency  ...", "url_pdf": "http://link.springer.com/content/pdf/10.1007/978-1-4471-5779-3.pdf", "num_citations": 20, "cluster_id": "15129453519639737983", "authors": "D Yu, L Deng -", "url_citations": "http://scholar.google.com/scholar?cites=15129453519639737983&as_sdt=2005&sciodt=1,5&hl=en"}, {"num_versions": 15, "url_citation": null, "title": "Exploiting deep neural networks for detection-based speech recognition", "url": "http://www.sciencedirect.com/science/article/pii/S0925231212008636", "url_versions": "http://scholar.google.com/scholar?cluster=6034092349444633121&hl=en&as_sdt=1,5&sciodt=1,5&as_vis=1", "year": "2013", "excerpt": "In recent years deep neural networks (DNNs)\u2013multilayer perceptrons (MLPs) with many hidden layers\u2013have been successfully applied to several speech tasks, ie, phoneme recognition, out of vocabulary word detection, confidence measure, etc. In this paper, we  ...", "url_pdf": null, "num_citations": 33, "cluster_id": "6034092349444633121", "authors": "SM Siniscalchi, D Yu, L Deng, CH Lee - Neurocomputing", "url_citations": "http://scholar.google.com/scholar?cites=6034092349444633121&as_sdt=2005&sciodt=1,5&hl=en"}, {"num_versions": 2, "url_citation": null, "title": "Integrating Deep Neural Networks into Structural Classification Approach based on Weighted Finite-State Transducers.", "url": "http://www.kecl.ntt.co.jp/icl/signal/member/yotaro/pdf/Kubo_is2012.pdf", "url_versions": "http://scholar.google.com/scholar?cluster=11827065257820235041&hl=en&as_sdt=1,5&sciodt=1,5&as_vis=1", "year": "2012", "excerpt": "Abstract Recently, deep neural networks (DNNs) have been drawing the attention of speech researchers because of their capability for handling nonlinearity in speech feature vectors. On the other hand, speech recognition based on structured classification is also  ...", "url_pdf": "http://www.kecl.ntt.co.jp/icl/signal/member/yotaro/pdf/Kubo_is2012.pdf", "num_citations": 13, "cluster_id": "11827065257820235041", "authors": "Y Kubo, T Hori, A Nakamura - INTERSPEECH", "url_citations": "http://scholar.google.com/scholar?cites=11827065257820235041&as_sdt=2005&sciodt=1,5&hl=en"}, {"num_versions": 10, "url_citation": null, "title": "KL-divergence regularized deep neural network adaptation for improved large vocabulary speech recognition", "url": "http://ieeexplore.ieee.org/xpls/abs_all.jsp?arnumber=6639201", "url_versions": "http://scholar.google.com/scholar?cluster=7732628750597171003&hl=en&as_sdt=1,5&sciodt=1,5&as_vis=1", "year": "2013", "excerpt": "ABSTRACT We propose a novel regularized adaptation technique for context dependent deep neural network hidden Markov models (CD-DNN-HMMs). The CD-DNN-HMM has a large output layer and many large hidden layers, each with thousands of neurons. The  ...", "url_pdf": null, "num_citations": 67, "cluster_id": "7732628750597171003", "authors": "D Yu, K Yao, H Su, G Li, F Seide - Acoustics, Speech and  \u2026", "url_citations": "http://scholar.google.com/scholar?cites=7732628750597171003&as_sdt=2005&sciodt=1,5&hl=en"}, {"num_versions": 0, "url_citation": null, "title": "Investigation on dimensionality reduction of concatenated features with deep neural network for LVCSR systems", "url": "http://ieeexplore.ieee.org/xpls/abs_all.jsp?arnumber=6491550", "url_versions": null, "year": "2012", "excerpt": "Abstract\u2014The hybrid model, context-dependent deep neural network hidden Markov models (CD-DNN-HMMs), has received significant improvements on various challenging large vocabulary continuous speech recognition (LVCSR) tasks just in these few years.  ...", "url_pdf": null, "num_citations": 19, "cluster_id": "764643878397967872", "authors": "Y Bao, H Jiang, C Liu, Y Hu\u2026 - Signal Processing (ICSP),  \u2026", "url_citations": "http://scholar.google.com/scholar?cites=764643878397967872&as_sdt=2005&sciodt=1,5&hl=en"}, {"num_versions": 5, "url_citation": null, "title": "Large scale deep neural network acoustic modeling with semi-supervised training data for YouTube video transcription", "url": "http://ieeexplore.ieee.org/xpls/abs_all.jsp?arnumber=6707758", "url_versions": "http://scholar.google.com/scholar?cluster=8910738258752657501&hl=en&as_sdt=1,5&sciodt=1,5&as_vis=1", "year": "2013", "excerpt": "ABSTRACT YouTube is a highly visited video sharing website where over one billion people watch six billion hours of video every month. Improving accessibility to these videos for the hearing impaired and for search and indexing purposes is an excellent application of  ...", "url_pdf": null, "num_citations": 25, "cluster_id": "8910738258752657501", "authors": "H Liao, E McDermott, A Senior - Automatic Speech Recognition \u2026", "url_citations": "http://scholar.google.com/scholar?cites=8910738258752657501&as_sdt=2005&sciodt=1,5&hl=en"}, {"num_versions": 8, "url_citation": null, "title": "On parallelizability of stochastic gradient descent for speech dnns", "url": "http://ieeexplore.ieee.org/xpls/abs_all.jsp?arnumber=6853593", "url_versions": "http://scholar.google.com/scholar?cluster=17136515451612642598&hl=en&as_sdt=1,5&sciodt=1,5&as_vis=1", "year": "2014", "excerpt": "ABSTRACT This paper compares the theoretical efficiency of model-parallel and data-parallel distributed stochastic gradient descent training of DNNs. For a typical Switchboard DNN with 46M parameters, the results are not pretty: With modern GPUs and  ...", "url_pdf": null, "num_citations": 15, "cluster_id": "17136515451612642598", "authors": "F Seide, H Fu, J Droppo, G Li\u2026 - Acoustics, Speech and  \u2026", "url_citations": "http://scholar.google.com/scholar?cites=17136515451612642598&as_sdt=2005&sciodt=1,5&hl=en"}, {"num_versions": 12, "url_citation": null, "title": "1-Bit Stochastic Gradient Descent and its Application to Data-Parallel Distributed Training of Speech DNNs", "url": "http://scholar.google.com/https://mazsola.iit.uni-miskolc.hu/%7Eczap/letoltes/IS14/IS2014/PDF/AUTHOR/IS140694.PDF", "url_versions": "http://scholar.google.com/scholar?cluster=2435955231703950544&hl=en&as_sdt=1,5&sciodt=1,5&as_vis=1", "year": "2014", "excerpt": "Abstract We show empirically that in SGD training of deep neural networks, one can, at no or nearly no loss of accuracy, quantize the gradients aggressively\u2014to but one bit per value\u2014if the quantization error is carried forward across minibatches (error feedback). This size  ...", "url_pdf": null, "num_citations": 7, "cluster_id": "2435955231703950544", "authors": "F Seide, H Fu, J Droppo, G Li\u2026 - \u2026  Annual Conference of  \u2026", "url_citations": "http://scholar.google.com/scholar?cites=2435955231703950544&as_sdt=2005&sciodt=1,5&hl=en"}, {"num_versions": 7, "url_citation": null, "title": "Speaker adaptation of context dependent deep neural networks", "url": "http://ieeexplore.ieee.org/xpls/abs_all.jsp?arnumber=6639212", "url_versions": "http://scholar.google.com/scholar?cluster=14573784591826569005&hl=en&as_sdt=1,5&sciodt=1,5&as_vis=1", "year": "2013", "excerpt": "ABSTRACT There has been little work on examining how deep neural networks may be adapted to speakers for improved speech recognition accuracy. Past work has examined using a discriminatively trained affine transformation of the input features applied at a  ...", "url_pdf": null, "num_citations": 42, "cluster_id": "14573784591826569005", "authors": "H Liao - Acoustics, Speech and Signal Processing (ICASSP),  \u2026", "url_citations": "http://scholar.google.com/scholar?cites=14573784591826569005&as_sdt=2005&sciodt=1,5&hl=en"}, {"num_versions": 9, "url_citation": null, "title": "Factorized deep neural networks for adaptive speech recognition", "url": "http://research.microsoft.com/pubs/162504/f-DNN.pdf", "url_versions": "http://scholar.google.com/scholar?cluster=13374541749485690231&hl=en&as_sdt=1,5&sciodt=1,5&as_vis=1", "year": "2012", "excerpt": "ABSTRACT Recently, we have shown that context-dependent deep neural network hidden Markov models (CD-DNN-HMMs) can achieve very promising recognition results on large vocabulary speech recognition tasks, as evidenced by over one third fewer word errors  ...", "url_pdf": "http://research.microsoft.com/pubs/162504/f-DNN.pdf", "num_citations": 16, "cluster_id": "13374541749485690231", "authors": "D Yu, X Chen, L Deng - International workshop on statistical \u2026", "url_citations": "http://scholar.google.com/scholar?cites=13374541749485690231&as_sdt=2005&sciodt=1,5&hl=en"}, {"num_versions": 13, "url_citation": null, "title": "Machine learning paradigms for speech recognition: An overview", "url": "http://ieeexplore.ieee.org/xpls/abs_all.jsp?arnumber=6423821", "url_versions": "http://scholar.google.com/scholar?cluster=74307944265552935&hl=en&as_sdt=1,5&sciodt=1,5&as_vis=1", "year": "2013", "excerpt": "Abstract\u2014Automatic Speech Recognition (ASR) has historically been a driving force behind many machine learning (ML) techniques, including the ubiquitously used hidden Markov model, discriminative learning, structured sequence learning, Bayesian learning, and  ...", "url_pdf": null, "num_citations": 47, "cluster_id": "74307944265552935", "authors": "L Deng, X Li - Audio, Speech, and Language Processing, IEEE \u2026", "url_citations": "http://scholar.google.com/scholar?cites=74307944265552935&as_sdt=2005&sciodt=1,5&hl=en"}, {"num_versions": 11, "url_citation": null, "title": "Large Vocabulary Speech Recognition Using Deep Tensor Neural Networks.", "url": "http://131.107.65.14/pubs/173311/DTNN-Interspeech2012.pdf", "url_versions": "http://scholar.google.com/scholar?cluster=5596715546029302512&hl=en&as_sdt=1,5&sciodt=1,5&as_vis=1", "year": "2012", "excerpt": "Abstract Recently, we proposed and developed the context-dependent deep neural network hidden Markov models (CD-DNN-HMMs) for large vocabulary speech recognition and achieved highly promising recognition results including over one third fewer word errors  ...", "url_pdf": "http://131.107.65.14/pubs/173311/DTNN-Interspeech2012.pdf", "num_citations": 14, "cluster_id": "5596715546029302512", "authors": "D Yu, L Deng, F Seide - INTERSPEECH", "url_citations": "http://scholar.google.com/scholar?cites=5596715546029302512&as_sdt=2005&sciodt=1,5&hl=en"}, {"num_versions": 3, "url_citation": null, "title": "A tutorial survey of architectures, algorithms, and applications for deep learning", "url": "http://journals.cambridge.org/abstract_S2048770313000097", "url_versions": "http://scholar.google.com/scholar?cluster=4381743472348703222&hl=en&as_sdt=1,5&sciodt=1,5&as_vis=1", "year": "2014", "excerpt": "Abstract In this invited paper, my overview material on the same topic as presented in the plenary overview session of APSIPA-2011 and the tutorial material presented in the same conference [1] are expanded and updated to include more recent developments in deep  ...", "url_pdf": null, "num_citations": 18, "cluster_id": "4381743472348703222", "authors": "L Deng - APSIPA Transactions on Signal and Information  \u2026", "url_citations": "http://scholar.google.com/scholar?cites=4381743472348703222&as_sdt=2005&sciodt=1,5&hl=en"}, {"num_versions": 7, "url_citation": null, "title": "DNN acoustic modeling with modular multi-lingual feature extraction networks", "url": "http://ieeexplore.ieee.org/xpls/abs_all.jsp?arnumber=6707754", "url_versions": "http://scholar.google.com/scholar?cluster=7631397151747558092&hl=en&as_sdt=1,5&sciodt=1,5&as_vis=1", "year": "2013", "excerpt": "ABSTRACT In this work, we propose several deep neural network architectures that are able to leverage data from multiple languages. Modularity is achieved by training networks for extracting high-level features and for estimating phoneme state posteriors separately, and  ...", "url_pdf": null, "num_citations": 8, "cluster_id": "7631397151747558092", "authors": "J Gehring, QB Nguyen, F Metze\u2026 - \u2026 Speech Recognition and \u2026", "url_citations": "http://scholar.google.com/scholar?cites=7631397151747558092&as_sdt=2005&sciodt=1,5&hl=en"}, {"num_versions": 0, "url_citation": null, "title": "State-Clustering Based Multiple Deep Neural Networks Modeling Approach for Speech Recognition", "url": "http://ieeexplore.ieee.org/xpls/abs_all.jsp?arnumber=7010902", "url_versions": null, "year": "2015", "excerpt": "Abstract\u2014The hybrid deep neural network (DNN) and hidden Markov model (HMM) has recently achieved dramatic performance gains in automatic speech recognition (ASR). The DNN based acoustic model is very powerful but its learning process is extremely time- ...", "url_pdf": null, "num_citations": 5, "cluster_id": "12509012708369377312", "authors": "P Zhou, H Jiang, LR Dai, Y Hu\u2026 - Audio, Speech, and  \u2026", "url_citations": "http://scholar.google.com/scholar?cites=12509012708369377312&as_sdt=2005&sciodt=1,5&hl=en"}, {"num_versions": 12, "url_citation": null, "title": "Boosting attribute and phone estimation accuracies with deep neural networks for detection-based speech recognition", "url": "http://ieeexplore.ieee.org/xpls/abs_all.jsp?arnumber=6288837", "url_versions": "http://scholar.google.com/scholar?cluster=13972258005476040820&hl=en&as_sdt=1,5&sciodt=1,5&as_vis=1", "year": "2012", "excerpt": "ABSTRACT Generation of high-precision sub-phonetic attribute (also known as phonological features) and phone lattices is a key frontend component for detection-based bottom-up speech recognition. In this paper we employ deep neural networks (DNNs) to  ...", "url_pdf": null, "num_citations": 32, "cluster_id": "13972258005476040820", "authors": "D Yu, SM Siniscalchi, L Deng\u2026 - Acoustics, Speech and  \u2026", "url_citations": "http://scholar.google.com/scholar?cites=13972258005476040820&as_sdt=2005&sciodt=1,5&hl=en"}, {"num_versions": 7, "url_citation": null, "title": "Sequence classification using the high-level features extracted from deep neural networks", "url": "http://ieeexplore.ieee.org/xpls/abs_all.jsp?arnumber=6854926", "url_versions": "http://scholar.google.com/scholar?cluster=17163378112260269094&hl=en&as_sdt=1,5&sciodt=1,5&as_vis=1", "year": "2014", "excerpt": "ABSTRACT The recent success of deep neural networks (DNNs) in speech recognition can be attributed largely to their ability to extract a specific form of high-level features from raw acoustic data for subsequent sequence classification or recognition tasks. Among the  ...", "url_pdf": null, "num_citations": 18, "cluster_id": "17163378112260269094", "authors": "L Deng, J Chen - \u2026  and Signal Processing (ICASSP)", "url_citations": "http://scholar.google.com/scholar?cites=17163378112260269094&as_sdt=2005&sciodt=1,5&hl=en"}, {"num_versions": 5, "url_citation": null, "title": "Deep neural network features and semi-supervised training for low resource speech recognition", "url": "http://ieeexplore.ieee.org/xpls/abs_all.jsp?arnumber=6638959", "url_versions": "http://scholar.google.com/scholar?cluster=8450207791195783413&hl=en&as_sdt=1,5&sciodt=1,5&as_vis=1", "year": "2013", "excerpt": "ABSTRACT We propose a new technique for training deep neural networks (DNNs) as data-driven feature front-ends for large vocabulary continuous speech recognition (LVCSR) in low resource settings. To circumvent the lack of sufficient training data for acoustic  ...", "url_pdf": null, "num_citations": 24, "cluster_id": "8450207791195783413", "authors": "S Thomas, ML Seltzer, K Church\u2026 - Acoustics, Speech and \u2026", "url_citations": "http://scholar.google.com/scholar?cites=8450207791195783413&as_sdt=2005&sciodt=1,5&hl=en"}, {"num_versions": 10, "url_citation": null, "title": "Accelerated Parallelizable Neural Network Learning Algorithm for Speech Recognition.", "url": "http://research.microsoft.com/pubs/152134/singlelayer4asr-interspeech2011-pub.pdf", "url_versions": "http://scholar.google.com/scholar?cluster=18163914635097877766&hl=en&as_sdt=1,5&sciodt=1,5&as_vis=1", "year": "2011", "excerpt": "Abstract We describe a set of novel, batch-mode algorithms we developed recently as one key component in scalable, deep neural network based speech recognition. The essence of these algorithms is to structure the singlehidden-layer neural network so that the upper- ...", "url_pdf": "http://research.microsoft.com/pubs/152134/singlelayer4asr-interspeech2011-pub.pdf", "num_citations": 17, "cluster_id": "18163914635097877766", "authors": "D Yu, L Deng - INTERSPEECH", "url_citations": "http://scholar.google.com/scholar?cites=18163914635097877766&as_sdt=2005&sciodt=1,5&hl=en"}, {"num_versions": 5, "url_citation": null, "title": "Deep learning for signal and information processing", "url": "http://cs.tju.edu.cn/web/docs/2013-Deep%20Learning%20for%20Signal%20and%20Information%20Processing.pdf", "url_versions": "http://scholar.google.com/scholar?cluster=7346768574939973182&hl=en&as_sdt=1,5&sciodt=1,5&as_vis=1", "year": "2013", "excerpt": "ABSTRACT This short monograph contains the material expanded from two tutorials that the authors gave, one at APSIPA in October 2011 and the other at ICASSP in March 2012. Substantial updates have been made based on the literature up to March, 2013, covering  ...", "url_pdf": "http://cs.tju.edu.cn/web/docs/2013-Deep%20Learning%20for%20Signal%20and%20Information%20Processing.pdf", "num_citations": 9, "cluster_id": "7346768574939973182", "authors": "L Deng, D Yu - Microsoft Research Monograph", "url_citations": "http://scholar.google.com/scholar?cites=7346768574939973182&as_sdt=2005&sciodt=1,5&hl=en"}, {"num_versions": 15, "url_citation": null, "title": "Context-dependent pre-trained deep neural networks for large-vocabulary speech recognition", "url": "http://ieeexplore.ieee.org/xpls/abs_all.jsp?arnumber=5740583", "url_versions": "http://scholar.google.com/scholar?cluster=1536831630272977838&hl=en&as_sdt=1,5&sciodt=1,5&as_vis=1", "year": "2012", "excerpt": "Abstract\u2014We propose a novel context-dependent (CD) model for large-vocabulary speech recognition (LVSR) that leverages recent advances in using deep belief networks for phone recognition. We describe a pre-trained deep neural network hidden Markov model (DNN- ...", "url_pdf": null, "num_citations": 739, "cluster_id": "1536831630272977838", "authors": "GE Dahl, D Yu, L Deng, A Acero - Audio, Speech, and  \u2026", "url_citations": "http://scholar.google.com/scholar?cites=1536831630272977838&as_sdt=2005&sciodt=1,5&hl=en"}, {"num_versions": 13, "url_citation": null, "title": "The deep tensor neural network with applications to large vocabulary speech recognition", "url": "http://ieeexplore.ieee.org/xpls/abs_all.jsp?arnumber=6353550", "url_versions": "http://scholar.google.com/scholar?cluster=15829694698867504113&hl=en&as_sdt=1,5&sciodt=1,5&as_vis=1", "year": "2013", "excerpt": "Abstract\u2014The recently proposed context-dependent deep neural network hidden Markov models (CD-DNN-HMMs) have been proved highly promising for large vocabulary speech recognition. In this paper, we develop a more advanced type of DNN, which we call the  ...", "url_pdf": null, "num_citations": 44, "cluster_id": "15829694698867504113", "authors": "D Yu, L Deng, F Seide - Audio, Speech, and Language  \u2026", "url_citations": "http://scholar.google.com/scholar?cites=15829694698867504113&as_sdt=2005&sciodt=1,5&hl=en"}, {"num_versions": 6, "url_citation": null, "title": "Factorized adaptation for deep neural network", "url": "http://ieeexplore.ieee.org/xpls/abs_all.jsp?arnumber=6854662", "url_versions": "http://scholar.google.com/scholar?cluster=6382402224236718787&hl=en&as_sdt=1,5&sciodt=1,5&as_vis=1", "year": "2014", "excerpt": "ABSTRACT In this paper, we propose a novel method to adapt contextdependent deep neural network hidden Markov model (CD-DNNHMM) with only limited number of parameters by taking into account the underlying factors that contribute to the distorted  ...", "url_pdf": null, "num_citations": 10, "cluster_id": "6382402224236718787", "authors": "J Li, JT Huang, Y Gong - Acoustics, Speech and Signal  \u2026", "url_citations": "http://scholar.google.com/scholar?cites=6382402224236718787&as_sdt=2005&sciodt=1,5&hl=en"}, {"num_versions": 11, "url_citation": null, "title": "A deep convolutional neural network using heterogeneous pooling for trading acoustic invariance with phonetic confusion", "url": "http://ieeexplore.ieee.org/xpls/abs_all.jsp?arnumber=6638952", "url_versions": "http://scholar.google.com/scholar?cluster=6202733932875270331&hl=en&as_sdt=1,5&sciodt=1,5&as_vis=1", "year": "2013", "excerpt": "ABSTRACT We develop and present a novel deep convolutional neural network architecture, where heterogeneous pooling is used to provide constrained frequency-shift invariance in the speech spectrogram while minimizing speech-class confusion induced  ...", "url_pdf": null, "num_citations": 42, "cluster_id": "6202733932875270331", "authors": "L Deng, O Abdel-Hamid, D Yu - Acoustics, Speech and Signal  \u2026", "url_citations": "http://scholar.google.com/scholar?cites=6202733932875270331&as_sdt=2005&sciodt=1,5&hl=en"}, {"num_versions": 11, "url_citation": null, "title": "Pipelined Back-Propagation for Context-Dependent Deep Neural Networks.", "url": "http://www.msr-waypoint.com/pubs/173312/DNN-Pipeline-Interspeech2012.pdf", "url_versions": "http://scholar.google.com/scholar?cluster=8106635327251544700&hl=en&as_sdt=1,5&sciodt=1,5&as_vis=1", "year": "2012", "excerpt": "Abstract The Context-Dependent Deep-Neural-Network HMM, or CDDNN-HMM, is a recently proposed acoustic-modeling technique for HMM-based speech recognition that can greatly outperform conventional Gaussian-mixture based HMMs. For example, a CD-DNN ...", "url_pdf": "http://www.msr-waypoint.com/pubs/173312/DNN-Pipeline-Interspeech2012.pdf", "num_citations": 35, "cluster_id": "8106635327251544700", "authors": "X Chen, A Eversole, G Li, D Yu, F Seide - INTERSPEECH", "url_citations": "http://scholar.google.com/scholar?cites=8106635327251544700&as_sdt=2005&sciodt=1,5&hl=en"}, {"num_versions": 8, "url_citation": null, "title": "A primal-dual method for training recurrent neural networks constrained by the echo-state property", "url": "http://arxiv.org/abs/1311.6091", "url_versions": "http://scholar.google.com/scholar?cluster=6487030979241587260&hl=en&as_sdt=1,5&sciodt=1,5&as_vis=1", "year": "2013", "excerpt": "Abstract: We present an architecture of a recurrent neural network (RNN) with a fully-connected deep neural network (DNN) as its feature extractor. The RNN is equipped with both causal temporal prediction and non-causal look-ahead, via auto-regression (AR) and  ...", "url_pdf": null, "num_citations": 14, "cluster_id": "6487030979241587260", "authors": "J Chen, L Deng - arXiv preprint arXiv:1311.6091", "url_citations": "http://scholar.google.com/scholar?cites=6487030979241587260&as_sdt=2005&sciodt=1,5&hl=en"}, {"num_versions": 10, "url_citation": null, "title": "Conversational Speech Transcription Using Context-Dependent Deep Neural Networks.", "url": "http://msr-waypoint.com/pubs/153169/CD-DNN-HMM-SWB-Interspeech2011-Pub.pdf", "url_versions": "http://scholar.google.com/scholar?cluster=1258381348179019463&hl=en&as_sdt=1,5&sciodt=1,5&as_vis=1", "year": "2011", "excerpt": "Abstract We apply the recently proposed Context-Dependent Deep-Neural-Network HMMs, or CD-DNN-HMMs, to speech-to-text transcription. For single-pass speaker-independent recognition on the RT03S Fisher portion of phone-call transcription benchmark ( ...", "url_pdf": "http://msr-waypoint.com/pubs/153169/CD-DNN-HMM-SWB-Interspeech2011-Pub.pdf", "num_citations": 353, "cluster_id": "1258381348179019463", "authors": "F Seide, G Li, D Yu - Interspeech", "url_citations": "http://scholar.google.com/scholar?cites=1258381348179019463&as_sdt=2005&sciodt=1,5&hl=en"}, {"num_versions": 10, "url_citation": null, "title": "Cross-language knowledge transfer using multilingual deep neural network with shared hidden layers", "url": "http://ieeexplore.ieee.org/xpls/abs_all.jsp?arnumber=6639081", "url_versions": "http://scholar.google.com/scholar?cluster=1013866225465799178&hl=en&as_sdt=1,5&sciodt=1,5&as_vis=1", "year": "2013", "excerpt": "ABSTRACT In the deep neural network (DNN), the hidden layers can be considered as increasingly complex feature transformations and the final softmax layer as a log-linear classifier making use of the most abstract features computed in the hidden layers. While  ...", "url_pdf": null, "num_citations": 81, "cluster_id": "1013866225465799178", "authors": "JT Huang, J Li, D Yu, L Deng\u2026 - Acoustics, Speech and  \u2026", "url_citations": "http://scholar.google.com/scholar?cites=1013866225465799178&as_sdt=2005&sciodt=1,5&hl=en"}, {"num_versions": 27, "url_citation": null, "title": "Deep neural networks for acoustic modeling in speech recognition: The shared views of four research groups", "url": "http://ieeexplore.ieee.org/xpls/abs_all.jsp?arnumber=6296526", "url_versions": "http://scholar.google.com/scholar?cluster=3674494786452480182&hl=en&as_sdt=1,5&sciodt=1,5&as_vis=1", "year": "2012", "excerpt": "Gaussian mixture models (GMMs) to determine how well each state of each HMM fits a frame or a short window of frames of coefficients that represents the acoustic input. An alternative way to evaluate the fit is to use a feed-forward neural network that takes  ...", "url_pdf": null, "num_citations": 1010, "cluster_id": "3674494786452480182", "authors": "G Hinton, L Deng, D Yu, GE Dahl\u2026 - Signal Processing  \u2026", "url_citations": "http://scholar.google.com/scholar?cites=3674494786452480182&as_sdt=2005&sciodt=1,5&hl=en"}, {"num_versions": 4, "url_citation": null, "title": "Phone recognition with deep sparse rectifier neural networks", "url": "http://ieeexplore.ieee.org/xpls/abs_all.jsp?arnumber=6639016", "url_versions": "http://scholar.google.com/scholar?cluster=12305065046743955542&hl=en&as_sdt=1,5&sciodt=1,5&as_vis=1", "year": "2013", "excerpt": "ABSTRACT Rectifier neurons differ from standard ones only in that the sigmoid activation function is replaced by the rectifier function, max (0, x). This modification requires only minimal changes to any existing neural net implementation, but makes it more effective. In  ...", "url_pdf": null, "num_citations": 24, "cluster_id": "12305065046743955542", "authors": "L T\u00f3th - Acoustics, Speech and Signal Processing (ICASSP),  \u2026", "url_citations": "http://scholar.google.com/scholar?cites=12305065046743955542&as_sdt=2005&sciodt=1,5&hl=en"}, {"num_versions": 0, "url_citation": null, "title": "On the training aspects of deep neural network (DNN) for parametric TTS synthesis", "url": "http://ieeexplore.ieee.org/xpls/abs_all.jsp?arnumber=6854318", "url_versions": null, "year": "2014", "excerpt": "ABSTRACT Deep Neural NetworN (DNN), which can model a long-span, intricate transform compactly with a deep-layered structure, has recently been investigated for parametric TTS synthesis with a fairly large corpus (33,000 utterances)[6]. In this paper, we examine DNN  ...", "url_pdf": null, "num_citations": 26, "cluster_id": "10649466437933577022", "authors": "Y Qian, Y Fan, W Hu, FK Soong - Acoustics, Speech and Signal  \u2026", "url_citations": "http://scholar.google.com/scholar?cites=10649466437933577022&as_sdt=2005&sciodt=1,5&hl=en"}, {"num_versions": 11, "url_citation": null, "title": "Recent advances in deep learning for speech research at Microsoft", "url": "http://ieeexplore.ieee.org/xpls/abs_all.jsp?arnumber=6639345", "url_versions": "http://scholar.google.com/scholar?cluster=14774739962596400760&hl=en&as_sdt=1,5&sciodt=1,5&as_vis=1", "year": "2013", "excerpt": "ABSTRACT Deep learning is becoming a mainstream technology for speech recognition at industrial scale. In this paper, we provide an overview of the work by Microsoft speech researchers since 2009 in this area, focusing on more recent advances which shed light to  ...", "url_pdf": null, "num_citations": 99, "cluster_id": "14774739962596400760", "authors": "L Deng, J Li, JT Huang, K Yao, D Yu\u2026 - \u2026 , Speech and Signal  \u2026", "url_citations": "http://scholar.google.com/scholar?cites=14774739962596400760&as_sdt=2005&sciodt=1,5&hl=en"}, {"num_versions": 9, "url_citation": null, "title": "Deep convex net: A scalable architecture for speech pattern classification", "url": "http://www.msr-waypoint.com/pubs/152133/DeepConvexNetwork-Interspeech2011-pub.pdf", "url_versions": "http://scholar.google.com/scholar?cluster=16678799834570093422&hl=en&as_sdt=1,5&sciodt=1,5&as_vis=1", "year": "2011", "excerpt": "Abstract We recently developed context-dependent DNN-HMM (Deep-Neural-Net/Hidden-Markov-Model) for large-vocabulary speech recognition. While achieving impressive recognition error rate reduction, we face the insurmountable problem of scalability in  ...", "url_pdf": "http://www.msr-waypoint.com/pubs/152133/DeepConvexNetwork-Interspeech2011-pub.pdf", "num_citations": 72, "cluster_id": "16678799834570093422", "authors": "L Deng, D Yu - Proceedings of the Interspeech", "url_citations": "http://scholar.google.com/scholar?cites=16678799834570093422&as_sdt=2005&sciodt=1,5&hl=en"}, {"num_versions": 9, "url_citation": null, "title": "Convolutional neural networks for speech recognition", "url": "http://ieeexplore.ieee.org/xpls/abs_all.jsp?arnumber=6857341", "url_versions": "http://scholar.google.com/scholar?cluster=1312499869604546054&hl=en&as_sdt=1,5&sciodt=1,5&as_vis=1", "year": "2014", "excerpt": "Abstract\u2014Recently, the hybrid deep neural network (DNN)-hidden Markov model (HMM) has been shown to significantly improve speech recognition performance over the conventional Gaussian mixture model (GMM)-HMM. The performance improvement is  ...", "url_pdf": null, "num_citations": 26, "cluster_id": "1312499869604546054", "authors": "O Abdel-Hamid, A Mohamed, H Jiang\u2026 - Audio, Speech, and  \u2026", "url_citations": "http://scholar.google.com/scholar?cites=1312499869604546054&as_sdt=2005&sciodt=1,5&hl=en"}, {"num_versions": 17, "url_citation": null, "title": "Ensemble deep learning for speech recognition", "url": "http://193.6.4.39/%7Eczap/letoltes/IS14/IS2014/PDF/AUTHOR/IS140245.PDF", "url_versions": "http://scholar.google.com/scholar?cluster=5134188976545572527&hl=en&as_sdt=1,5&sciodt=1,5&as_vis=1", "year": "2014", "excerpt": "Abstract Deep learning systems have dramatically improved the accuracy of speech recognition, and various deep architectures and learning methods have been developed with distinct strengths and weaknesses in recent years. How can ensemble learning be  ...", "url_pdf": null, "num_citations": 8, "cluster_id": "5134188976545572527", "authors": "L Deng, JC Platt - Proceedings of the Annual Conference of International \u2026", "url_citations": "http://scholar.google.com/scholar?cites=5134188976545572527&as_sdt=2005&sciodt=1,5&hl=en"}]