[{"num_versions": 27, "url_citation": null, "title": "Why does unsupervised pre-training help deep learning?", "url": "http://dl.acm.org/citation.cfm?id=1756025", "url_versions": "http://scholar.google.com/scholar?cluster=13018263321881826087&hl=en&as_sdt=1,5&sciodt=1,5&as_vis=1", "year": "2010", "excerpt": "Abstract Much recent research has been devoted to learning algorithms for deep architectures such as Deep Belief Networks and stacks of auto-encoder variants, with impressive results obtained in several areas, mostly on vision and language data sets.  ...", "url_pdf": null, "num_citations": 431, "cluster_id": "13018263321881826087", "authors": "D Erhan, Y Bengio, A Courville, PA Manzagol\u2026 - The Journal of Machine \u2026", "url_citations": "http://scholar.google.com/scholar?cites=13018263321881826087&as_sdt=2005&sciodt=1,5&hl=en"}, {"num_versions": 18, "url_citation": null, "title": "On the expressive power of deep architectures", "url": "http://link.springer.com/chapter/10.1007/978-3-642-24412-4_3", "url_versions": "http://scholar.google.com/scholar?cluster=3647764731908872051&hl=en&as_sdt=1,5&sciodt=1,5&as_vis=1", "year": "2011", "excerpt": "Abstract Deep architectures are families of functions corresponding to deep circuits. Deep Learning algorithms are based on parametrizing such circuits and tuning their parameters so as to approximately optimize some training objective. Whereas it was thought too  ...", "url_pdf": null, "num_citations": 59, "cluster_id": "3647764731908872051", "authors": "Y Bengio, O Delalleau - Algorithmic Learning Theory", "url_citations": "http://scholar.google.com/scholar?cites=3647764731908872051&as_sdt=2005&sciodt=1,5&hl=en"}, {"num_versions": 5, "url_citation": null, "title": "Unsupervised learning of spatiotemporally coherent metrics", "url": "http://arxiv.org/abs/1412.6056", "url_versions": "http://scholar.google.com/scholar?cluster=8563252494472822500&hl=en&as_sdt=1,5&sciodt=1,5&as_vis=1", "year": "2014", "excerpt": "Abstract: Current state-of-the-art object detection and recognition algorithms rely on supervised training, and most benchmark datasets contain only static images. In this work we study feature learning in the context of temporally coherent video data. We focus on  ...", "url_pdf": null, "num_citations": 3, "cluster_id": "8563252494472822500", "authors": "R Goroshin, J Bruna, J Tompson, D Eigen\u2026 - arXiv preprint arXiv: \u2026", "url_citations": "http://scholar.google.com/scholar?cites=8563252494472822500&as_sdt=2005&sciodt=1,5&hl=en"}, {"num_versions": 16, "url_citation": null, "title": "Learning invariant object recognition from temporal correlation in a hierarchical network", "url": "http://www.sciencedirect.com/science/article/pii/S0893608014000525", "url_versions": "http://scholar.google.com/scholar?cluster=17679668952199728635&hl=en&as_sdt=1,5&sciodt=1,5&as_vis=1", "year": "2014", "excerpt": "Abstract Invariant object recognition, which means the recognition of object categories independent of conditions like viewing angle, scale and illumination, is a task of great interest that humans can fulfill much better than artificial systems. During the last years  ...", "url_pdf": null, "num_citations": 2, "cluster_id": "17679668952199728635", "authors": "M Lessmann, RP W\u00fcrtz - Neural Networks", "url_citations": "http://scholar.google.com/scholar?cites=17679668952199728635&as_sdt=2005&sciodt=1,5&hl=en"}, {"num_versions": 2, "url_citation": null, "title": "Lightweight target classification for wireless multimedia sensor networks", "url": "http://www.tandfonline.com/doi/abs/10.1080/19479832.2013.829128", "url_versions": "http://scholar.google.com/scholar?cluster=305734525259153284&hl=en&as_sdt=1,5&sciodt=1,5&as_vis=1", "year": "2013", "excerpt": "Visual target classification is one of the challenging tasks in resource-constrained wireless sensor networks. This article presents binary and multicast animal classification techniques, which use rule-based decision tree, for wireless multimedia sensor networks. In order to  ...", "url_pdf": null, "num_citations": 1, "cluster_id": "305734525259153284", "authors": "MY Mowafi, WA Aljoby - International Journal of Image and Data  \u2026", "url_citations": "http://scholar.google.com/scholar?cites=305734525259153284&as_sdt=2005&sciodt=1,5&hl=en"}, {"num_versions": 9, "url_citation": null, "title": "Semi-supervised learning using greedy max-cut", "url": "http://dl.acm.org/citation.cfm?id=2502605", "url_versions": "http://scholar.google.com/scholar?cluster=15765580331541464010&hl=en&as_sdt=1,5&sciodt=1,5&as_vis=1", "year": "2013", "excerpt": "Abstract Graph-based semi-supervised learning (SSL) methods play an increasingly important role in practical machine learning systems, particularly in agnostic settings when no parametric information or other prior knowledge is available about the data distribution.  ...", "url_pdf": null, "num_citations": 17, "cluster_id": "15765580331541464010", "authors": "J Wang, T Jebara, SF Chang - The Journal of Machine Learning  \u2026", "url_citations": "http://scholar.google.com/scholar?cites=15765580331541464010&as_sdt=2005&sciodt=1,5&hl=en"}, {"num_versions": 2, "url_citation": null, "title": "Deep Machine Learning with Spatio-Temporal Inference", "url": "http://trace.tennessee.edu/utk_graddiss/1315/", "url_versions": "http://scholar.google.com/scholar?cluster=2428547352132662288&hl=en&as_sdt=1,5&sciodt=1,5&as_vis=1", "year": "2012", "excerpt": "Abstract Deep Machine Learning (DML) refers to methods which utilize hierarchies of more than one or two layers of computational elements to achieve learning. DML may draw upon biomemetic models, or may be simply biologically-inspired. Regardless, these  ...", "url_pdf": null, "num_citations": 5, "cluster_id": "2428547352132662288", "authors": "TP Karnowski -", "url_citations": "http://scholar.google.com/scholar?cites=2428547352132662288&as_sdt=2005&sciodt=1,5&hl=en"}, {"num_versions": 3, "url_citation": null, "title": "Learning to drive: perception for autonomous cars", "url": "http://scholar.google.com/https://books.google.com/books?hl=en&lr=&id=uu9lgaQUF14C&oi=fnd&pg=PR4&ots=UaaQTV0wQz&sig=ceKLfH9QZZCOx-KfKAQnq10Nrv0", "url_versions": "http://scholar.google.com/scholar?cluster=4357897173307386550&hl=en&as_sdt=1,5&sciodt=1,5&as_vis=1", "year": "2011", "excerpt": "Every year, 1.2 million people die in automobile accidents and up to 50 million are injured. Many of these deaths are due to driver error and other preventable causes. Autonomous or highly aware cars have the potential to positively impact tens of millions of people.  ...", "url_pdf": null, "num_citations": 4, "cluster_id": "4357897173307386550", "authors": "DM Stavens -", "url_citations": "http://scholar.google.com/scholar?cites=4357897173307386550&as_sdt=2005&sciodt=1,5&hl=en"}, {"num_versions": 9, "url_citation": null, "title": "Shallow vs. deep sum-product networks", "url": "http://papers.nips.cc/paper/4350-shallow-vs-deep-sum-product-networks", "url_versions": "http://scholar.google.com/scholar?cluster=17126636560011661491&hl=en&as_sdt=1,5&sciodt=1,5&as_vis=1", "year": "2011", "excerpt": "Abstract We investigate the representational power of sum-product networks (computation networks analogous to neural networks, but whose individual units compute either products or weighted sums), through a theoretical analysis that compares deep (multiple hidden  ...", "url_pdf": null, "num_citations": 23, "cluster_id": "17126636560011661491", "authors": "O Delalleau, Y Bengio - Advances in Neural Information Processing  \u2026", "url_citations": "http://scholar.google.com/scholar?cites=17126636560011661491&as_sdt=2005&sciodt=1,5&hl=en"}, {"num_versions": 5, "url_citation": null, "title": "Prediction as a candidate for learning deep hierarchical models of data", "url": "http://www2.imm.dtu.dk/pubdb/views/edoc_download.php/6284/pdf/imm6284.pdf", "url_versions": "http://scholar.google.com/scholar?cluster=15523961553761323777&hl=en&as_sdt=1,5&sciodt=1,5&as_vis=1", "year": "2012", "excerpt": "Abstract Recent findings [HOT06] have made possible the learning of deep layered hierarchical representations of data mimicking the brains working. It is hoped that this paradigm will unlock some of the power of the brain and lead to advances towards true AI.", "url_pdf": "http://www2.imm.dtu.dk/pubdb/views/edoc_download.php/6284/pdf/imm6284.pdf", "num_citations": 80, "cluster_id": "15523961553761323777", "authors": "RB Palm - Technical University of Denmark", "url_citations": "http://scholar.google.com/scholar?cites=15523961553761323777&as_sdt=2005&sciodt=1,5&hl=en"}, {"num_versions": 3, "url_citation": null, "title": "Temporal continuity learning for convolutional deep belief networks", "url": "http://www.researchgate.net/profile/Carl_Doersch/publication/228764272_Temporal_Continuity_Learning_for_Convolutional_Deep_Belief_Networks/links/0c96053bed5541e379000000.pdf", "url_versions": "http://scholar.google.com/scholar?cluster=16046822036868916312&hl=en&as_sdt=1,5&sciodt=1,5&as_vis=1", "year": "2010", "excerpt": "Abstract The human visual system can robustly recognize objects, even though a single object can project many different images onto the retina. Furthermore, humans learn to perform this task from mostly unlabeled data. The goal of this work is to develop a  ...", "url_pdf": "http://www.researchgate.net/profile/Carl_Doersch/publication/228764272_Temporal_Continuity_Learning_for_Convolutional_Deep_Belief_Networks/links/0c96053bed5541e379000000.pdf", "num_citations": 1, "cluster_id": "16046822036868916312", "authors": "C Doersch, T Lee, G Huang, E Miller -", "url_citations": "http://scholar.google.com/scholar?cites=16046822036868916312&as_sdt=2005&sciodt=1,5&hl=en"}, {"num_versions": 6, "url_citation": null, "title": "Slow, decorrelated features for pretraining complex cell-like networks", "url": "http://papers.nips.cc/paper/3868-slow-decorrelated-features-for-pretraining-complex-cell-like-networks", "url_versions": "http://scholar.google.com/scholar?cluster=8870510384768144966&hl=en&as_sdt=1,5&sciodt=1,5&as_vis=1", "year": "2009", "excerpt": "Abstract We introduce a new type of neural network activation function based on recent physiological rate models for complex cells in visual area V1. A single-hidden-layer neural network of this kind of model achieves 1.5% error on MNIST. We also introduce an  ...", "url_pdf": null, "num_citations": 27, "cluster_id": "8870510384768144966", "authors": "Y Bengio, JS Bergstra - Advances in neural information processing  \u2026", "url_citations": "http://scholar.google.com/scholar?cites=8870510384768144966&as_sdt=2005&sciodt=1,5&hl=en"}, {"num_versions": 0, "url_citation": null, "title": "Long-term simultaneous localization and mapping in dynamic environments", "url": "http://deepblue.lib.umich.edu/handle/2027.42/111538", "url_versions": null, "year": "2015", "excerpt": "One of the core competencies required for autonomous mobile robotics is the ability to use sensors to perceive the environment. From this noisy sensor data, the robot must build a representation of the environment and localize itself within this representation. This  ...", "url_pdf": null, "num_citations": 1, "cluster_id": "14075049919106946918", "authors": "ND Carlevaris-Bianco -", "url_citations": "http://scholar.google.com/scholar?cites=14075049919106946918&as_sdt=2005&sciodt=1,5&hl=en"}, {"num_versions": 13, "url_citation": null, "title": "Deep machine learning-a new frontier in artificial intelligence research [research frontier]", "url": "http://ieeexplore.ieee.org/xpls/abs_all.jsp?arnumber=5605630", "url_versions": "http://scholar.google.com/scholar?cluster=6343523996588039480&hl=en&as_sdt=1,5&sciodt=1,5&as_vis=1", "year": "2010", "excerpt": "Mimicking the efficiency and robustness by which the human brain represents information has been a core challenge in artificial intelligence research for decades. Humans are exposed to myriad of sensory data received every second of the day and are somehow  ...", "url_pdf": null, "num_citations": 201, "cluster_id": "6343523996588039480", "authors": "I Arel, DC Rose, TP Karnowski - \u2026  Intelligence Magazine, IEEE", "url_citations": "http://scholar.google.com/scholar?cites=6343523996588039480&as_sdt=2005&sciodt=1,5&hl=en"}, {"num_versions": 31, "url_citation": null, "title": "Deep learning via semi-supervised embedding", "url": "http://link.springer.com/chapter/10.1007/978-3-642-35289-8_34", "url_versions": "http://scholar.google.com/scholar?cluster=8545601124809902585&hl=en&as_sdt=1,5&sciodt=1,5&as_vis=1", "year": "2012", "excerpt": "Abstract We show how nonlinear semi-supervised embedding algorithms popular for use with \u201cshallow\u201d learning techniques such as kernel methods can be easily applied to deep multi-layer architectures, either as a regularizer at the output layer, or on each layer of the  ...", "url_pdf": null, "num_citations": 204, "cluster_id": "8545601124809902585", "authors": "J Weston, F Ratle, H Mobahi, R Collobert - Neural Networks: Tricks of the  \u2026", "url_citations": "http://scholar.google.com/scholar?cites=8545601124809902585&as_sdt=2005&sciodt=1,5&hl=en"}, {"num_versions": 3, "url_citation": null, "title": "Temporal context in object recognition", "url": "http://ieeexplore.ieee.org/xpls/abs_all.jsp?arnumber=6349758", "url_versions": "http://scholar.google.com/scholar?cluster=4894549817267634043&hl=en&as_sdt=1,5&sciodt=1,5&as_vis=1", "year": "2012", "excerpt": "ABSTRACT Sparse coding has become a popular way to learn feature representation from the data itself. However, temporal context, when present, can provide useful information and alleviate instability in sparse representation. Here we show that when sparse coding is  ...", "url_pdf": null, "num_citations": 1, "cluster_id": "4894549817267634043", "authors": "R Chalasani, JC Principe - Machine Learning for Signal  \u2026", "url_citations": "http://scholar.google.com/scholar?cites=4894549817267634043&as_sdt=2005&sciodt=1,5&hl=en"}, {"num_versions": 0, "url_citation": null, "title": "Semi-supervised ensemble methods for computer vision", "url": "http://citeseerx.ist.psu.edu/viewdoc/download?doi=10.1.1.384.3071&rep=rep1&type=pdf", "url_versions": null, "year": "2010", "excerpt": "Abstract Visual object classification and tracking are two of the cardinal problems in computer vision. Both tasks are extremely complicated and far from being solved. Recent advances towards building better detection and tracking systems were mainly achieved by  ...", "url_pdf": null, "num_citations": 3, "cluster_id": "1362704761211220149", "authors": "C Leistner -", "url_citations": "http://scholar.google.com/scholar?cites=1362704761211220149&as_sdt=2005&sciodt=1,5&hl=en"}, {"num_versions": 2, "url_citation": null, "title": "Walking on Minimax Paths for k-NN Search.", "url": "http://mlg.postech.ac.kr/%7Eseungjin/publications/aaai13_KimKH.pdf", "url_versions": "http://scholar.google.com/scholar?cluster=9377555557403746678&hl=en&as_sdt=1,5&sciodt=1,5&as_vis=1", "year": "2013", "excerpt": "Abstract Link-based dissimilarity measures, such as shortest path or Euclidean commute time distance, base their distance on paths between nodes of a weighted graph. These measures are known to be better suited to data manifold with nonconvex-shaped clusters,  ...", "url_pdf": "http://mlg.postech.ac.kr/%7Eseungjin/publications/aaai13_KimKH.pdf", "num_citations": 2, "cluster_id": "9377555557403746678", "authors": "KH Kim, S Choi - AAAI", "url_citations": "http://scholar.google.com/scholar?cites=9377555557403746678&as_sdt=2005&sciodt=1,5&hl=en"}, {"num_versions": 3, "url_citation": null, "title": "Unsupervised Feature Learning from Temporal Data", "url": "http://arxiv.org/abs/1504.02518", "url_versions": "http://scholar.google.com/scholar?cluster=2623550453764235781&hl=en&as_sdt=1,5&sciodt=1,5&as_vis=1", "year": "2015", "excerpt": "Abstract: Current state-of-the-art classification and detection algorithms rely on supervised training. In this work we study unsupervised feature learning in the context of temporally coherent video data. We focus on feature learning from unlabeled video data, using the  ...", "url_pdf": null, "num_citations": 3, "cluster_id": "2623550453764235781", "authors": "R Goroshin, J Bruna, J Tompson, D Eigen\u2026 - arXiv preprint arXiv: \u2026", "url_citations": "http://scholar.google.com/scholar?cites=2623550453764235781&as_sdt=2005&sciodt=1,5&hl=en"}, {"num_versions": 3, "url_citation": null, "title": "Unsupervised learning of visual invariance with temporal coherence", "url": "http://ai.stanford.edu/%7Ewzou/nipswshop_ZouNgYu11.pdf", "url_versions": "http://scholar.google.com/scholar?cluster=10780737399641436921&hl=en&as_sdt=1,5&sciodt=1,5&as_vis=1", "year": "2011", "excerpt": "Abstract Natural scenes in a video stream contain rich collections of visual transformations. In this paper, a generic neural network is built to learn visual invariance from videos in an unsupervised manner. We use temporal coherence to learn both visual transformations  ...", "url_pdf": "http://ai.stanford.edu/%7Ewzou/nipswshop_ZouNgYu11.pdf", "num_citations": 9, "cluster_id": "10780737399641436921", "authors": "WY Zou, AY Ng, K Yu - NIPS", "url_citations": "http://scholar.google.com/scholar?cites=10780737399641436921&as_sdt=2005&sciodt=1,5&hl=en"}, {"num_versions": 2, "url_citation": null, "title": "Shape descriptors based on intersection consistency and global binary patterns", "url": "http://scholar.google.com/https://etd.lib.metu.edu.tr/upload/12614780/index.pdf", "url_versions": "http://scholar.google.com/scholar?cluster=15086724396210810395&hl=en&as_sdt=1,5&sciodt=1,5&as_vis=1", "year": "2012", "excerpt": "Shape description is an important problem in computer vision because most vision tasks that require comparing or matching visual entities rely on shape descriptors. In this thesis, two novel shape descriptors are proposed, namely Intersection Consistency Histogram (ICH)  ...", "url_pdf": "http://scholar.google.com/https://etd.lib.metu.edu.tr/upload/12614780/index.pdf", "num_citations": 2, "cluster_id": "15086724396210810395", "authors": "E Sivri -", "url_citations": "http://scholar.google.com/scholar?cites=15086724396210810395&as_sdt=2005&sciodt=1,5&hl=en"}, {"num_versions": 16, "url_citation": null, "title": "Improving classifiers with unlabeled weakly-related videos", "url": "http://ieeexplore.ieee.org/xpls/abs_all.jsp?arnumber=5995475", "url_versions": "http://scholar.google.com/scholar?cluster=15324367584618105637&hl=en&as_sdt=1,5&sciodt=1,5&as_vis=1", "year": "2011", "excerpt": "Abstract Current state-of-the-art object classification systems are trained using large amounts of hand-labeled images. In this paper, we present an approach that shows how to use unlabeled video sequences, comprising weakly-related object categories towards the  ...", "url_pdf": null, "num_citations": 21, "cluster_id": "15324367584618105637", "authors": "C Leistner, M Godec, S Schulter\u2026 - Computer Vision and \u2026", "url_citations": "http://scholar.google.com/scholar?cites=15324367584618105637&as_sdt=2005&sciodt=1,5&hl=en"}, {"num_versions": 6, "url_citation": null, "title": "Deep learning of invariant spatio-temporal features from video", "url": "http://scholar.google.com/https://circle.ubc.ca/handle/2429/27651", "url_versions": "http://scholar.google.com/scholar?cluster=16248276759732427453&hl=en&as_sdt=1,5&sciodt=1,5&as_vis=1", "year": "2010", "excerpt": "We present a novel hierarchical and distributed model for learning invariant spatio-temporal features from video. Our approach builds on previous deep learning methods and uses the Convolutional Restricted Boltzmann machine (CRBM) as a building block. Our model,  ...", "url_pdf": null, "num_citations": 17, "cluster_id": "16248276759732427453", "authors": "B Chen -", "url_citations": "http://scholar.google.com/scholar?cites=16248276759732427453&as_sdt=2005&sciodt=1,5&hl=en"}, {"num_versions": 24, "url_citation": null, "title": "3D convolutional neural networks for human action recognition", "url": "http://ieeexplore.ieee.org/xpls/abs_all.jsp?arnumber=6165309", "url_versions": "http://scholar.google.com/scholar?cluster=13950765072205054236&hl=en&as_sdt=1,5&sciodt=1,5&as_vis=1", "year": "2013", "excerpt": "Abstract\u2014We consider the automated recognition of human actions in surveillance videos. Most current methods build classifiers based on complex handcrafted features computed from the raw inputs. Convolutional neural networks (CNNs) are a type of deep model that  ...", "url_pdf": null, "num_citations": 218, "cluster_id": "13950765072205054236", "authors": "S Ji, W Xu, M Yang, K Yu - Pattern Analysis and Machine  \u2026", "url_citations": "http://scholar.google.com/scholar?cites=13950765072205054236&as_sdt=2005&sciodt=1,5&hl=en"}, {"num_versions": 11, "url_citation": null, "title": "Deep learning of invariant features via simulated fixations in video", "url": "http://machinelearning.wustl.edu/mlpapers/paper_files/NIPS2012_1467.pdf", "url_versions": "http://scholar.google.com/scholar?cluster=14358293240518169689&hl=en&as_sdt=1,5&sciodt=1,5&as_vis=1", "year": "2012", "excerpt": "Abstract We apply salient feature detection and tracking in videos to simulate fixations and smooth pursuit in human vision. With tracked sequences as input, a hierarchical network of modules learns invariant features using a temporal slowness constraint. The network  ...", "url_pdf": "http://machinelearning.wustl.edu/mlpapers/paper_files/NIPS2012_1467.pdf", "num_citations": 48, "cluster_id": "14358293240518169689", "authors": "W Zou, S Zhu, K Yu, AY Ng - Advances in neural  \u2026", "url_citations": "http://scholar.google.com/scholar?cites=14358293240518169689&as_sdt=2005&sciodt=1,5&hl=en"}, {"num_versions": 10, "url_citation": null, "title": "Deep learners benefit more from out-of-distribution examples", "url": "http://machinelearning.wustl.edu/mlpapers/paper_files/AISTATS2011_BengioBBBBCCCEEGMLPRSS11.pdf", "url_versions": "http://scholar.google.com/scholar?cluster=10528790577331404144&hl=en&as_sdt=1,5&sciodt=1,5&as_vis=1", "year": "2011", "excerpt": "Abstract Recent theoretical and empirical work in statistical machine learning has demonstrated the potential of learning algorithms for deep architectures, ie, function classes obtained by composing multiple levels of representation. The hypothesis evaluated here  ...", "url_pdf": "http://machinelearning.wustl.edu/mlpapers/paper_files/AISTATS2011_BengioBBBBCCCEEGMLPRSS11.pdf", "num_citations": 18, "cluster_id": "10528790577331404144", "authors": "Y Bengio, F Bastien, A Bergeron\u2026 - International  \u2026", "url_citations": "http://scholar.google.com/scholar?cites=10528790577331404144&as_sdt=2005&sciodt=1,5&hl=en"}, {"num_versions": 0, "url_citation": null, "title": "Spatiotemporal Pattern Detection in Multi-cell Recordings Using Unsupervised Learning", "url": "http://dalspace.library.dal.ca/handle/10222/60293", "url_versions": null, "year": "2015", "excerpt": "Detection of spatiotemporal patterns have many applications in areas such as computer vision and data mining. Specifically, the analysis and mining of biological data with high dimensionality (eg multi-cell recordings, fMRI) are heavily dependent on detection of  ...", "url_pdf": null, "num_citations": 0, "cluster_id": null, "authors": "H Nikoo -", "url_citations": null}, {"num_versions": 4, "url_citation": null, "title": "Incorporating complex cells into neural networks for pattern classification", "url": "http://www.eng.uwaterloo.ca/%7Ejbergstr/files/pub/11_These.pdf", "url_versions": "http://scholar.google.com/scholar?cluster=5797125208512635687&hl=en&as_sdt=1,5&sciodt=1,5&as_vis=1", "year": "2011", "excerpt": "ABSTRACT Computational neuroscientists have hypothesized that the visual system from the retina to at least primary visual cortex is continuously fitting a latent variable probability model to its stream of perceptions. It is not known exactly which probability model, nor  ...", "url_pdf": "http://www.eng.uwaterloo.ca/%7Ejbergstr/files/pub/11_These.pdf", "num_citations": 2, "cluster_id": "5797125208512635687", "authors": "J Bergstra -", "url_citations": "http://scholar.google.com/scholar?cites=5797125208512635687&as_sdt=2005&sciodt=1,5&hl=en"}, {"num_versions": 64, "url_citation": null, "title": "Learning deep architectures for AI", "url": "http://dl.acm.org/citation.cfm?id=1658424", "url_versions": "http://scholar.google.com/scholar?cluster=5331804836605365413&hl=en&as_sdt=1,5&sciodt=1,5&as_vis=1", "year": "2009", "excerpt": "Abstract Theoretical results suggest that in order to learn the kind of complicated functions that can represent high-level abstractions (eg, in vision, language, and other AI-level tasks), one may need deep architectures. Deep architectures are composed of multiple levels of  ...", "url_pdf": null, "num_citations": 1847, "cluster_id": "5331804836605365413", "authors": "Y Bengio - Foundations and trends\u00ae in Machine Learning", "url_citations": "http://scholar.google.com/scholar?cites=5331804836605365413&as_sdt=2005&sciodt=1,5&hl=en"}, {"num_versions": 7, "url_citation": null, "title": "Dana36: A multi-camera image dataset for object identification in surveillance scenarios", "url": "http://ieeexplore.ieee.org/xpls/abs_all.jsp?arnumber=6327986", "url_versions": "http://scholar.google.com/scholar?cluster=6865181985198932771&hl=en&as_sdt=1,5&sciodt=1,5&as_vis=1", "year": "2012", "excerpt": "Abstract We present a novel dataset for evaluation of object matching and recognition methods in surveillance scenarios. Dataset consists of more than 23,000 images, depicting 15 persons and nine vehicles. A ground truth data\u2013the identity of each person or vehicle\u2013 ...", "url_pdf": null, "num_citations": 3, "cluster_id": "6865181985198932771", "authors": "J Per, VS Kenk, R Mandeljc, M Kristan\u2026 - Advanced Video and  \u2026", "url_citations": "http://scholar.google.com/scholar?cites=6865181985198932771&as_sdt=2005&sciodt=1,5&hl=en"}, {"num_versions": 3, "url_citation": null, "title": "Dropout Rademacher complexity of deep neural networks", "url": "http://arxiv.org/abs/1402.3811", "url_versions": "http://scholar.google.com/scholar?cluster=3478384675458553396&hl=en&as_sdt=1,5&sciodt=1,5&as_vis=1", "year": "2014", "excerpt": "Abstract: Great successes of deep neural networks have been witnessed in various real applications. Many algorithmic and implementation techniques have been developed, however, theoretical understanding of many aspects of deep neural networks is far from  ...", "url_pdf": null, "num_citations": 1, "cluster_id": "3478384675458553396", "authors": "W Gao, ZH Zhou - arXiv preprint arXiv:1402.3811", "url_citations": "http://scholar.google.com/scholar?cites=3478384675458553396&as_sdt=2005&sciodt=1,5&hl=en"}, {"num_versions": 2, "url_citation": null, "title": "Seeing through the blur", "url": "http://www.computer.org/csdl/proceedings/cvpr/2012/1226/00/219P2B18-abs.html", "url_versions": "http://scholar.google.com/scholar?cluster=12135263219304453592&hl=en&as_sdt=1,5&sciodt=1,5&as_vis=1", "year": "2012", "excerpt": "ABSTRACT This paper addresses the problem of image alignment using direct intensity-based methods for affine and homography transformations. Direct methods often employ scale-space smoothing (Gaussian blur) of the images to avoid local minima. Although, it is  ...", "url_pdf": null, "num_citations": 3, "cluster_id": "12135263219304453592", "authors": "Y Ma, CL Zitnick, H Mobahi -", "url_citations": "http://scholar.google.com/scholar?cites=12135263219304453592&as_sdt=2005&sciodt=1,5&hl=en"}, {"num_versions": 5, "url_citation": null, "title": "Discriminative deep belief networks for visual data classification", "url": "http://www.sciencedirect.com/science/article/pii/S0031320310005789", "url_versions": "http://scholar.google.com/scholar?cluster=7462932946346232415&hl=en&as_sdt=1,5&sciodt=1,5&as_vis=1", "year": "2011", "excerpt": "Visual data classification using insufficient labeled data is a well-known hard problem. Semi-supervise learning, which attempts to exploit the unlabeled data in additional to the labeled ones, has attracted much attention in recent years. This paper proposes a novel semi- ...", "url_pdf": null, "num_citations": 14, "cluster_id": "7462932946346232415", "authors": "Y Liu, S Zhou, Q Chen - Pattern Recognition", "url_citations": "http://scholar.google.com/scholar?cites=7462932946346232415&as_sdt=2005&sciodt=1,5&hl=en"}, {"num_versions": 20, "url_citation": null, "title": "Seeing through the blur", "url": "http://ieeexplore.ieee.org/xpls/abs_all.jsp?arnumber=6247869", "url_versions": "http://scholar.google.com/scholar?cluster=367699345380596427&hl=en&as_sdt=1,5&sciodt=1,5&as_vis=1", "year": "2012", "excerpt": "Abstract This paper addresses the problem of image alignment using direct intensity-based methods for affine and homography transformations. Direct methods often employ scalespace smoothing (Gaussian blur) of the images to avoid local minima. Although, it is  ...", "url_pdf": null, "num_citations": 10, "cluster_id": "367699345380596427", "authors": "H Mobahi, CL Zitnick, Y Ma - Computer Vision and Pattern  \u2026", "url_citations": "http://scholar.google.com/scholar?cites=367699345380596427&as_sdt=2005&sciodt=1,5&hl=en"}, {"num_versions": 0, "url_citation": null, "title": "Learning to Linearize Under Uncertainty", "url": "http://arxiv.org/abs/1506.03011", "url_versions": null, "year": "2015", "excerpt": "Abstract: Training deep feature hierarchies to solve supervised learning tasks has achieved state of the art performance on many problems in computer vision. However, a principled way in which to train such hierarchies in the unsupervised setting has remained elusive. In  ...", "url_pdf": null, "num_citations": 2, "cluster_id": "15646706730748315574", "authors": "R Goroshin, M Mathieu, Y LeCun - arXiv preprint arXiv:1506.03011", "url_citations": "http://scholar.google.com/scholar?cites=15646706730748315574&as_sdt=2005&sciodt=1,5&hl=en"}, {"num_versions": 5, "url_citation": null, "title": "Learning in modular systems", "url": "http://oai.dtic.mil/oai/oai?verb=getRecord&metadataPrefix=html&identifier=ADA543141", "url_versions": "http://scholar.google.com/scholar?cluster=12500155409300383833&hl=en&as_sdt=1,5&sciodt=1,5&as_vis=1", "year": "2010", "excerpt": "Abstract: Complex robotics systems are often built as a system of modules, where each module solves a separate data processing task to produce the complex overall behavior that is required of the robot. For instance, the perception system for autonomous off-road  ...", "url_pdf": null, "num_citations": 8, "cluster_id": "12500155409300383833", "authors": "DM Bradley -", "url_citations": "http://scholar.google.com/scholar?cites=12500155409300383833&as_sdt=2005&sciodt=1,5&hl=en"}, {"num_versions": 4, "url_citation": null, "title": "Fracking deep convolutional image descriptors", "url": "http://arxiv.org/abs/1412.6537", "url_versions": "http://scholar.google.com/scholar?cluster=5488240482893362186&hl=en&as_sdt=1,5&sciodt=1,5&as_vis=1", "year": "2014", "excerpt": "Abstract: In this paper we propose a novel framework for learning local image descriptors in a discriminative manner. For this purpose we explore a siamese architecture of Deep Convolutional Neural Networks (CNN), with a Hinge embedding loss on the L2 distance  ...", "url_pdf": null, "num_citations": 3, "cluster_id": "5488240482893362186", "authors": "E Simo-Serra, E Trulls, L Ferraz, I Kokkinos\u2026 - arXiv preprint arXiv: \u2026", "url_citations": "http://scholar.google.com/scholar?cites=5488240482893362186&as_sdt=2005&sciodt=1,5&hl=en"}, {"num_versions": 3, "url_citation": null, "title": "Autonomous reinforcement learning on raw visual input data in a real world application", "url": "http://ieeexplore.ieee.org/xpls/abs_all.jsp?arnumber=6252823", "url_versions": "http://scholar.google.com/scholar?cluster=6020753373057975328&hl=en&as_sdt=1,5&sciodt=1,5&as_vis=1", "year": "2012", "excerpt": "Abstract-We propose a learning architecture, that is able to do reinforcement learning based on raw visual input data. In contrast to previous approaches, not only the control policy is learned. In order to be successful, the system must also autonomously learn, how to  ...", "url_pdf": null, "num_citations": 22, "cluster_id": "6020753373057975328", "authors": "S Lange, M Riedmiller\u2026 - Neural Networks (IJCNN),  \u2026", "url_citations": "http://scholar.google.com/scholar?cites=6020753373057975328&as_sdt=2005&sciodt=1,5&hl=en"}, {"num_versions": 33, "url_citation": null, "title": "Representation learning: A review and new perspectives", "url": "http://ieeexplore.ieee.org/xpls/abs_all.jsp?arnumber=6472238", "url_versions": "http://scholar.google.com/scholar?cluster=559463397382443088&hl=en&as_sdt=1,5&sciodt=1,5&as_vis=1", "year": "2013", "excerpt": "Abstract\u2014The success of machine learning algorithms generally depends on data representation, and we hypothesize that this is because different representations can entangle and hide more or less the different explanatory factors of variation behind the  ...", "url_pdf": null, "num_citations": 685, "cluster_id": "559463397382443088", "authors": "Y Bengio, A Courville, P Vincent - Pattern Analysis and  \u2026", "url_citations": "http://scholar.google.com/scholar?cites=559463397382443088&as_sdt=2005&sciodt=1,5&hl=en"}, {"num_versions": 3, "url_citation": null, "title": "Optimization by Gaussian smoothing with application to geometric alignment", "url": "http://scholar.google.com/https://www.ideals.illinois.edu/handle/2142/42330", "url_versions": "http://scholar.google.com/scholar?cluster=17598465771873215063&hl=en&as_sdt=1,5&sciodt=1,5&as_vis=1", "year": "2013", "excerpt": "It is well-known that global optimization of a nonconvex function, in general, is computationally intractable. Nevertheless, many objective functions that we need to optimize may be nonconvex. In practice, when working with such a nonconvex function, a very  ...", "url_pdf": null, "num_citations": 1, "cluster_id": "17598465771873215063", "authors": "H Mobahi -", "url_citations": "http://scholar.google.com/scholar?cites=17598465771873215063&as_sdt=2005&sciodt=1,5&hl=en"}, {"num_versions": 3, "url_citation": null, "title": "Understanding deep architectures and the effect of unsupervised pre-training", "url": "http://scholar.google.com/https://papyrus.bib.umontreal.ca/xmlui/handle/1866/5022", "url_versions": "http://scholar.google.com/scholar?cluster=11532436133818057314&hl=en&as_sdt=1,5&sciodt=1,5&as_vis=1", "year": "2011", "excerpt": "Cette th\u00e8se porte sur une classe d'algorithmes d'apprentissage appel\u00e9s architectures profondes. Il existe des r\u00e9sultats qui indiquent que les repr\u00e9sentations peu profondes et locales ne sont pas suffisantes pour la mod\u00e9lisation des fonctions comportant plusieurs  ...", "url_pdf": null, "num_citations": 1, "cluster_id": "11532436133818057314", "authors": "D Erhan -", "url_citations": "http://scholar.google.com/scholar?cites=11532436133818057314&as_sdt=2005&sciodt=1,5&hl=en"}, {"num_versions": 10, "url_citation": null, "title": "Learning visual feature descriptors for dynamic lighting conditions", "url": "http://ieeexplore.ieee.org/xpls/abs_all.jsp?arnumber=6942941", "url_versions": "http://scholar.google.com/scholar?cluster=15467134681276916976&hl=en&as_sdt=1,5&sciodt=1,5&as_vis=1", "year": "2014", "excerpt": "Abstract\u2014In many robotic applications, especially long-term outdoor deployments, the success or failure of feature-based image registration is largely determined by changes in lighting. This paper reports on a method to learn visual feature point descriptors that are  ...", "url_pdf": null, "num_citations": 8, "cluster_id": "15467134681276916976", "authors": "N Carlevaris-Bianco, RM Eustice - Intelligent Robots and  \u2026", "url_citations": "http://scholar.google.com/scholar?cites=15467134681276916976&as_sdt=2005&sciodt=1,5&hl=en"}, {"num_versions": 18, "url_citation": null, "title": "Learning invariance through imitation", "url": "http://ieeexplore.ieee.org/xpls/abs_all.jsp?arnumber=5995538", "url_versions": "http://scholar.google.com/scholar?cluster=14647136651157022907&hl=en&as_sdt=1,5&sciodt=1,5&as_vis=1", "year": "2011", "excerpt": "Abstract Supervised methods for learning an embedding aim to map high-dimensional images to a space in which perceptually similar observations have high measurable similarity. Most approaches rely on binary similarity, typically defined by class membership  ...", "url_pdf": null, "num_citations": 23, "cluster_id": "14647136651157022907", "authors": "GW Taylor, I Spiro, C Bregler\u2026 - Computer Vision and  \u2026", "url_citations": "http://scholar.google.com/scholar?cites=14647136651157022907&as_sdt=2005&sciodt=1,5&hl=en"}, {"num_versions": 7, "url_citation": null, "title": "Layer-wise analysis of deep networks with Gaussian kernels", "url": "http://papers.nips.cc/paper/4061-layer-wise-analysis-of-deep-networks-with-gaussian-kernels", "url_versions": "http://scholar.google.com/scholar?cluster=18055583554225607989&hl=en&as_sdt=1,5&sciodt=1,5&as_vis=1", "year": "2010", "excerpt": "Abstract Deep networks can potentially express a learning problem more efficiently than local learning machines. While deep networks outperform local learning machines on some problems, it is still unclear how their nice representation emerges from their complex  ...", "url_pdf": null, "num_citations": 5, "cluster_id": "18055583554225607989", "authors": "G Montavon, KR M\u00fcller, ML Braun - Advances in Neural Information  \u2026", "url_citations": "http://scholar.google.com/scholar?cites=18055583554225607989&as_sdt=2005&sciodt=1,5&hl=en"}, {"num_versions": 6, "url_citation": null, "title": "Hierarchical spatiotemporal feature extraction using recurrent online clustering", "url": "http://www.sciencedirect.com/science/article/pii/S0167865513002869", "url_versions": "http://scholar.google.com/scholar?cluster=11129441879675000892&hl=en&as_sdt=1,5&sciodt=1,5&as_vis=1", "year": "2014", "excerpt": "Abstract Deep machine learning offers a comprehensive framework for extracting meaningful features from complex observations in an unsupervised manner. The majority of deep learning architectures described in the literature primarily focus on extracting spatial  ...", "url_pdf": null, "num_citations": 7, "cluster_id": "11129441879675000892", "authors": "SR Young, A Davis, A Mishtal, I Arel - Pattern Recognition Letters", "url_citations": "http://scholar.google.com/scholar?cites=11129441879675000892&as_sdt=2005&sciodt=1,5&hl=en"}, {"num_versions": 2, "url_citation": null, "title": "Auto-pooling: Learning to improve invariance of image features from image sequences", "url": "http://arxiv.org/abs/1301.3323", "url_versions": "http://scholar.google.com/scholar?cluster=17830288832289547297&hl=en&as_sdt=1,5&sciodt=1,5&as_vis=1", "year": "2013", "excerpt": "Abstract: Learning invariant representations from images is one of the hardest challenges facing computer vision. Spatial pooling is widely used to create invariance to spatial shifting, but it is restricted to convolutional models. In this paper, we propose a novel pooling  ...", "url_pdf": null, "num_citations": 3, "cluster_id": "17830288832289547297", "authors": "S Sukhbaatar, T Makino, K Aihara - arXiv preprint arXiv:1301.3323", "url_citations": "http://scholar.google.com/scholar?cites=17830288832289547297&as_sdt=2005&sciodt=1,5&hl=en"}, {"num_versions": 9, "url_citation": null, "title": "Pose-sensitive embedding by nonlinear nca regression", "url": "http://papers.nips.cc/paper/4143-pose-sensitive-embedding-by-nonlinear-nca-regression", "url_versions": "http://scholar.google.com/scholar?cluster=13288169418847070593&hl=en&as_sdt=1,5&sciodt=1,5&as_vis=1", "year": "2010", "excerpt": "Abstract This paper tackles the complex problem of visually matching people in similar pose but with different clothes, background, and other appearance changes. We achieve this with a novel method for learning a nonlinear embedding based on several extensions to the  ...", "url_pdf": null, "num_citations": 14, "cluster_id": "13288169418847070593", "authors": "R Fergus, G Williams, I Spiro, C Bregler\u2026 - Advances in Neural  \u2026", "url_citations": "http://scholar.google.com/scholar?cites=13288169418847070593&as_sdt=2005&sciodt=1,5&hl=en"}, {"num_versions": 7, "url_citation": null, "title": "Deep learning face representation by joint identification-verification", "url": "http://papers.nips.cc/paper/5416-analog-memories-in-a-balanced-rate-based-network-of-e-i-neurons", "url_versions": "http://scholar.google.com/scholar?cluster=2652536617023372962&hl=en&as_sdt=1,5&sciodt=1,5&as_vis=1", "year": "2014", "excerpt": "Abstract The key challenge of face recognition is to develop effective feature representations for reducing intra-personal variations while enlarging inter-personal differences. In this paper, we show that it can be well solved with deep learning and using both face  ...", "url_pdf": null, "num_citations": 66, "cluster_id": "2652536617023372962", "authors": "Y Sun, Y Chen, X Wang, X Tang - Advances in Neural Information  \u2026", "url_citations": "http://scholar.google.com/scholar?cites=2652536617023372962&as_sdt=2005&sciodt=1,5&hl=en"}, {"num_versions": 3, "url_citation": null, "title": "Deep metric learning using Triplet network", "url": "http://arxiv.org/abs/1412.6622", "url_versions": "http://scholar.google.com/scholar?cluster=9078151082425594540&hl=en&as_sdt=1,5&sciodt=1,5&as_vis=1", "year": "2014", "excerpt": "Abstract: Deep learning has proven itself as a successful set of models for learning useful semantic representations of data. These, however, are mostly implicitly learned as part of a classification task. In this paper we propose the Triplet network model, which aims to learn  ...", "url_pdf": null, "num_citations": 1, "cluster_id": "9078151082425594540", "authors": "E Hoffer, N Ailon - arXiv preprint arXiv:1412.6622", "url_citations": "http://scholar.google.com/scholar?cites=9078151082425594540&as_sdt=2005&sciodt=1,5&hl=en"}]