[{"num_versions": 6, "url_citation": null, "title": "Seeing and being seen: The effects on gesture production", "url": "http://onlinelibrary.wiley.com/doi/10.1111/j.1083-6101.2011.01558.x/full", "url_versions": "http://scholar.google.com/scholar?cluster=16363274350995899082&hl=en&as_sdt=1,5&sciodt=1,5&as_vis=1", "year": "2011", "excerpt": "Speakers are argued to adapt their language production to their addressee's needs. For instance, speakers produce fewer and smaller hand gestures when interlocutors cannot see each other. Yet is this because speakers know their addressee cannot see them, or  ...", "url_pdf": null, "num_citations": 16, "cluster_id": "16363274350995899082", "authors": "L Mol, E Krahmer, A Maes\u2026 - Journal of Computer\u2010 \u2026", "url_citations": "http://scholar.google.com/scholar?cites=16363274350995899082&as_sdt=2005&sciodt=1,5&hl=en"}, {"num_versions": 12, "url_citation": null, "title": "Narrative processing in typically developing children and children with early unilateral brain injury: Seeing gesture matters.", "url": "http://psycnet.apa.org/journals/dev/50/3/815/", "url_versions": "http://scholar.google.com/scholar?cluster=8891494427909216062&hl=en&as_sdt=1,5&sciodt=1,5&as_vis=1", "year": "2014", "excerpt": "Abstract 1. Narrative skill in kindergarteners has been shown to be a reliable predictor of later reading comprehension and school achievement. However, we know little about how to scaffold children's narrative skill. Here we examine whether the quality of kindergarten  ...", "url_pdf": null, "num_citations": 2, "cluster_id": "8891494427909216062", "authors": "\u00d6E Demir, JA Fisher, S Goldin-Meadow\u2026 - Developmental  \u2026", "url_citations": "http://scholar.google.com/scholar?cites=8891494427909216062&as_sdt=2005&sciodt=1,5&hl=en"}, {"num_versions": 2, "url_citation": null, "title": "Gesture\u2010based interaction for learning: time to make the dream a reality", "url": "http://onlinelibrary.wiley.com/doi/10.1111/j.1467-8535.2012.01288.x/full", "url_versions": "http://scholar.google.com/scholar?cluster=9151038302169918875&hl=en&as_sdt=1,5&sciodt=1,5&as_vis=1", "year": "2012", "excerpt": "Research studies have shown that individuals who make hand gestures learn better than the ones who do not (eg, Alibali & Goldin-Meadow, 1993; Broaders, Cook, Mitchell & Goldin-Meadow, 2007). For instance, when children use their hands while they are explaining  ...", "url_pdf": null, "num_citations": 8, "cluster_id": "9151038302169918875", "authors": "E Ozcelik, G Sengul - British Journal of Educational  \u2026", "url_citations": "http://scholar.google.com/scholar?cites=9151038302169918875&as_sdt=2005&sciodt=1,5&hl=en"}, {"num_versions": 2, "url_citation": null, "title": "Size certainly matters\u2013at least if you are a gesticulating digital character: The impact of gesture amplitude on addressees' information uptake", "url": "http://link.springer.com/content/pdf/10.1007/978-3-642-40415-3.pdf#page=461", "url_versions": "http://scholar.google.com/scholar?cluster=2270383306185671942&hl=en&as_sdt=1,5&sciodt=1,5&as_vis=1", "year": "2013", "excerpt": "In order to create trust and rapport, one goal in multi-modal virtual character research is to determine how to vary expressive qualities of the characters so that the addressee will perceive them in the desired way. This pilot study investigates the impact of gesture  ...", "url_pdf": null, "num_citations": 2, "cluster_id": "2270383306185671942", "authors": "M Clausen-Bruun, T Ek, M Haake - Intelligent Virtual Agents", "url_citations": "http://scholar.google.com/scholar?cites=2270383306185671942&as_sdt=2005&sciodt=1,5&hl=en"}, {"num_versions": 2, "url_citation": null, "title": "Discourse and knowledge: A sociocognitive approach", "url": "http://scholar.google.com/https://books.google.com/books?hl=en&lr=&id=tZPfAwAAQBAJ&oi=fnd&pg=PR8&ots=PJ3LNez_nL&sig=bV-MfQsuJUxuRJAVDLgldIT39nA", "url_versions": "http://scholar.google.com/scholar?cluster=8041631285542958861&hl=en&as_sdt=1,5&sciodt=1,5&as_vis=1", "year": "2014", "excerpt": "Most of our knowledge is acquired by discourse, and our ability to produce and understand discourse is impossible without the activation of massive amounts of knowledge of the world. Both'discourse'and'knowledge'are fundamental concepts of the humanities and social  ...", "url_pdf": null, "num_citations": 36, "cluster_id": "8041631285542958861", "authors": "TA Van Dijk -", "url_citations": "http://scholar.google.com/scholar?cites=8041631285542958861&as_sdt=2005&sciodt=1,5&hl=en"}, {"num_versions": 2, "url_citation": null, "title": "Examining the Impact of DIfferent Virtual Manipulative Types on the Nature of Students' SMall-Group Discussions: An Exploratory Mixed-Methods Case Study of  \u2026", "url": "http://digitalcommons.usu.edu/etd/2176/", "url_versions": "http://scholar.google.com/scholar?cluster=6446528808548039911&hl=en&as_sdt=1,5&sciodt=1,5&as_vis=1", "year": "2014", "excerpt": "Abstract This study examined the influence of different virtual manipulative types on the nature of students' techno-mathematical discourse (TMD) when working with a partner. The research used a concurrent mixed-methods design using identical samples to compare  ...", "url_pdf": null, "num_citations": 1, "cluster_id": "6446528808548039911", "authors": "KL Anderson-Pence -", "url_citations": "http://scholar.google.com/scholar?cites=6446528808548039911&as_sdt=2005&sciodt=1,5&hl=en"}, {"num_versions": 4, "url_citation": null, "title": "The role of speech-gesture congruency and delay in remembering action events", "url": "http://www.tandfonline.com/doi/abs/10.1080/01690965.2010.494846", "url_versions": "http://scholar.google.com/scholar?cluster=3956467029400516058&hl=en&as_sdt=1,5&sciodt=1,5&as_vis=1", "year": "2011", "excerpt": "When watching others describe events, does information from their speech and gestures affect our memory representations for the gist and surface form of the described events? Does our reliance on these memory representations change over time? Forty participants  ...", "url_pdf": null, "num_citations": 2, "cluster_id": "3956467029400516058", "authors": "A Galati, AG Samuel - Language and Cognitive Processes", "url_citations": "http://scholar.google.com/scholar?cites=3956467029400516058&as_sdt=2005&sciodt=1,5&hl=en"}, {"num_versions": 7, "url_citation": null, "title": "Toward an understanding of the discourse of advertising: Review of research, with special reference to Egyptian media", "url": "http://www.socialscienceresearch.org/index.php/GJHSS/article/view/306", "url_versions": "http://scholar.google.com/scholar?cluster=495766423009682104&hl=en&as_sdt=1,5&sciodt=1,5&as_vis=1", "year": "2012", "excerpt": "Abstract This study examines the nature of the discourse of advertising. The focus is on the consumer advertising, which is directed towards the promotion of some product or service to the general public. The study, however, is not meant to exhaust all the aspects of this  ...", "url_pdf": null, "num_citations": 13, "cluster_id": "495766423009682104", "authors": "HM El-dali - Global Journal of Human-Social Science  \u2026", "url_citations": "http://scholar.google.com/scholar?cites=495766423009682104&as_sdt=2005&sciodt=1,5&hl=en"}, {"num_versions": 6, "url_citation": null, "title": "Communicative gestures and memory load", "url": "http://141.14.165.6/CogSci09/papers/339/paper339.pdf", "url_versions": "http://scholar.google.com/scholar?cluster=6987180089529758493&hl=en&as_sdt=1,5&sciodt=1,5&as_vis=1", "year": "2009", "excerpt": "Abstract Previous research has shown that (co-speech) hand gestures sometimes aid cognition and can reduce a speaker's cognitive load. We argue that this is not the case for gestures that are produced primarily to communicate, which we think come at a cognitive  ...", "url_pdf": "http://141.14.165.6/CogSci09/papers/339/paper339.pdf", "num_citations": 5, "cluster_id": "6987180089529758493", "authors": "L Mol, E Krahmer, A Maes, M Swerts - Proceedings of the 31st Annual \u2026", "url_citations": "http://scholar.google.com/scholar?cites=6987180089529758493&as_sdt=2005&sciodt=1,5&hl=en"}, {"num_versions": 8, "url_citation": null, "title": "A critical discussion of deep and surface processing: What it means, how it is measured, the role of context, and model specification", "url": "http://link.springer.com/article/10.1007/s10648-012-9198-7", "url_versions": "http://scholar.google.com/scholar?cluster=10707756886493239945&hl=en&as_sdt=1,5&sciodt=1,5&as_vis=1", "year": "2012", "excerpt": "Abstract The prevailing assumption by some that deep processing promotes stronger learning outcomes while surface processing promotes weaker learning outcomes has been called into question by the inconsistency and ambiguity of results in investigations of the  ...", "url_pdf": null, "num_citations": 25, "cluster_id": "10707756886493239945", "authors": "DL Dinsmore, PA Alexander - Educational Psychology Review", "url_citations": "http://scholar.google.com/scholar?cites=10707756886493239945&as_sdt=2005&sciodt=1,5&hl=en"}]