[{"num_versions": 13, "url_citation": null, "title": "Large-scale feature learning with spike-and-slab sparse coding", "url": "http://arxiv.org/abs/1206.6407", "url_versions": "http://scholar.google.com/scholar?cluster=13065664523063933366&hl=en&as_sdt=1,5&sciodt=1,5&as_vis=1", "year": "2012", "excerpt": "Abstract: We consider the problem of object recognition with a large number of classes. In order to overcome the low amount of labeled examples available in this setting, we introduce a new feature learning and extraction procedure based on a factor model we  ...", "url_pdf": null, "num_citations": 45, "cluster_id": "13065664523063933366", "authors": "I Goodfellow, A Courville, Y Bengio - arXiv preprint arXiv:1206.6407", "url_citations": "http://scholar.google.com/scholar?cites=13065664523063933366&as_sdt=2005&sciodt=1,5&hl=en"}, {"num_versions": 14, "url_citation": null, "title": "Discriminative learning of sum-product networks", "url": "http://machinelearning.wustl.edu/mlpapers/paper_files/NIPS2012_1484.pdf", "url_versions": "http://scholar.google.com/scholar?cluster=6246363843297084595&hl=en&as_sdt=1,5&sciodt=1,5&as_vis=1", "year": "2012", "excerpt": "Abstract Sum-product networks are a new deep architecture that can perform fast, exact inference on high-treewidth models. Only generative methods for training SPNs have been proposed to date. In this paper, we present the first discriminative training algorithms for  ...", "url_pdf": "http://machinelearning.wustl.edu/mlpapers/paper_files/NIPS2012_1484.pdf", "num_citations": 54, "cluster_id": "6246363843297084595", "authors": "R Gens, P Domingos - Advances in Neural Information  \u2026", "url_citations": "http://scholar.google.com/scholar?cites=6246363843297084595&as_sdt=2005&sciodt=1,5&hl=en"}, {"num_versions": 6, "url_citation": null, "title": "A learned feature descriptor for object recognition in rgb-d data", "url": "http://ieeexplore.ieee.org/xpls/abs_all.jsp?arnumber=6225188", "url_versions": "http://scholar.google.com/scholar?cluster=17597923229733950352&hl=en&as_sdt=1,5&sciodt=1,5&as_vis=1", "year": "2012", "excerpt": "Abstract\u2014In this work we address the problem of feature extraction for object recognition in the context of cameras providing RGB and depth information (RGB-D data). We consider this problem in a bag of features like setting and propose a new, learned, local feature  ...", "url_pdf": null, "num_citations": 63, "cluster_id": "17597923229733950352", "authors": "M Blum, JT Springenberg, J W\u00fclfing\u2026 - \u2026  (ICRA)", "url_citations": "http://scholar.google.com/scholar?cites=17597923229733950352&as_sdt=2005&sciodt=1,5&hl=en"}, {"num_versions": 12, "url_citation": null, "title": "Classification of human epithelial type 2 cell indirect immunofluoresence images via codebook based descriptors", "url": "http://ieeexplore.ieee.org/xpls/abs_all.jsp?arnumber=6475005", "url_versions": "http://scholar.google.com/scholar?cluster=4628397139926155179&hl=en&as_sdt=1,5&sciodt=1,5&as_vis=1", "year": "2013", "excerpt": "Abstract The Anti-Nuclear Antibody (ANA) clinical pathology test is commonly used to identify the existence of various diseases. A hallmark method for identifying the presence of ANAs is the Indirect Immunofluorescence method on Human Epithelial (HEp-2) cells, due  ...", "url_pdf": null, "num_citations": 25, "cluster_id": "4628397139926155179", "authors": "A Wiliem, Y Wong, C Sanderson\u2026 - \u2026  of Computer Vision ( \u2026", "url_citations": "http://scholar.google.com/scholar?cites=4628397139926155179&as_sdt=2005&sciodt=1,5&hl=en"}, {"num_versions": 5, "url_citation": null, "title": "Are sparse representations rich enough for acoustic modeling?", "url": "http://citeseerx.ist.psu.edu/viewdoc/download?doi=10.1.1.295.1644&rep=rep1&type=pdf", "url_versions": "http://scholar.google.com/scholar?cluster=3728135430657452987&hl=en&as_sdt=1,5&sciodt=1,5&as_vis=1", "year": "2012", "excerpt": "Abstract We propose a novel approach to acoustic modeling based on recent advances in sparse representations. The key idea in sparse coding is to compute a compressed local representation of a signal via an over-complete basis or dictionary that is learned in an  ...", "url_pdf": null, "num_citations": 19, "cluster_id": "3728135430657452987", "authors": "O Vinyals, L Deng - INTERSPEECH", "url_citations": "http://scholar.google.com/scholar?cites=3728135430657452987&as_sdt=2005&sciodt=1,5&hl=en"}, {"num_versions": 3, "url_citation": null, "title": "Unsupervised feature learning for aerial scene classification", "url": "http://ieeexplore.ieee.org/xpls/abs_all.jsp?arnumber=6472060", "url_versions": "http://scholar.google.com/scholar?cluster=12578956990039066964&hl=en&as_sdt=1,5&sciodt=1,5&as_vis=1", "year": "2014", "excerpt": "Abstract\u2014The rich data provided by high-resolution satellite imagery allow us to directly model aerial scenes by understanding their spatial and structural patterns. While pixel-and objectbased classification approaches are widely used for satellite image analysis, often  ...", "url_pdf": null, "num_citations": 35, "cluster_id": "12578956990039066964", "authors": "AM Cheriyadat - \u2026  and Remote Sensing, IEEE Transactions on", "url_citations": "http://scholar.google.com/scholar?cites=12578956990039066964&as_sdt=2005&sciodt=1,5&hl=en"}, {"num_versions": 26, "url_citation": null, "title": "Improving neural networks by preventing co-adaptation of feature detectors", "url": "http://arxiv.org/abs/1207.0580", "url_versions": "http://scholar.google.com/scholar?cluster=250385030036514850&hl=en&as_sdt=1,5&sciodt=1,5&as_vis=1", "year": "2012", "excerpt": "Abstract: When a large feedforward neural network is trained on a small training set, it typically performs poorly on held-out test data. This\" overfitting\" is greatly reduced by randomly omitting half of the feature detectors on each training case. This prevents  ...", "url_pdf": null, "num_citations": 767, "cluster_id": "250385030036514850", "authors": "GE Hinton, N Srivastava, A Krizhevsky\u2026 - arXiv preprint arXiv: \u2026", "url_citations": "http://scholar.google.com/scholar?cites=250385030036514850&as_sdt=2005&sciodt=1,5&hl=en"}, {"num_versions": 11, "url_citation": null, "title": "Learning Sparse Feature Representations for Music Annotation and Retrieval.", "url": "http://168.62.193.77/malcolm/yahoo/Nam2012%28LearningSparseFeaturesForMusic%29.pdf", "url_versions": "http://scholar.google.com/scholar?cluster=5398520130773801478&hl=en&as_sdt=1,5&sciodt=1,5&as_vis=1", "year": "2012", "excerpt": "ABSTRACT We present a data-processing pipeline based on sparse feature learning and describe its applications to music annotation and retrieval. Content-based music annotation and retrieval systems process audio starting with features. While commonly used features,  ...", "url_pdf": "http://168.62.193.77/malcolm/yahoo/Nam2012%28LearningSparseFeaturesForMusic%29.pdf", "num_citations": 31, "cluster_id": "5398520130773801478", "authors": "J Nam, J Herrera, M Slaney, JO Smith - ISMIR", "url_citations": "http://scholar.google.com/scholar?cites=5398520130773801478&as_sdt=2005&sciodt=1,5&hl=en"}, {"num_versions": 10, "url_citation": null, "title": "Deep learning of representations: Looking forward", "url": "http://link.springer.com/chapter/10.1007/978-3-642-39593-2_1", "url_versions": "http://scholar.google.com/scholar?cluster=16988628068303769209&hl=en&as_sdt=1,5&sciodt=1,5&as_vis=1", "year": "2013", "excerpt": "Abstract Deep learning research aims at discovering learning algorithms that discover multiple levels of distributed representations, with higher levels representing more abstract concepts. Although the study of deep learning has already led to impressive theoretical  ...", "url_pdf": null, "num_citations": 86, "cluster_id": "16988628068303769209", "authors": "Y Bengio - Statistical Language and Speech Processing", "url_citations": "http://scholar.google.com/scholar?cites=16988628068303769209&as_sdt=2005&sciodt=1,5&hl=en"}, {"num_versions": 17, "url_citation": null, "title": "Hierarchical matching pursuit for image classification: Architecture and fast algorithms", "url": "http://machinelearning.wustl.edu/mlpapers/paper_files/NIPS2011_1180.pdf", "url_versions": "http://scholar.google.com/scholar?cluster=1400571964076514521&hl=en&as_sdt=1,5&sciodt=1,5&as_vis=1", "year": "2011", "excerpt": "Abstract Extracting good representations from images is essential for many computer vision tasks. In this paper, we propose hierarchical matching pursuit (HMP), which builds a feature hierarchy layer-by-layer using an efficient matching pursuit encoder. It includes three  ...", "url_pdf": "http://machinelearning.wustl.edu/mlpapers/paper_files/NIPS2011_1180.pdf", "num_citations": 87, "cluster_id": "1400571964076514521", "authors": "L Bo, X Ren, D Fox - Advances in neural information  \u2026", "url_citations": "http://scholar.google.com/scholar?cites=1400571964076514521&as_sdt=2005&sciodt=1,5&hl=en"}, {"num_versions": 10, "url_citation": null, "title": "Unsupervised template learning for fine-grained object recognition", "url": "http://papers.nips.cc/paper/4714-unsupervised-template-learning-for-fine-grained-object-recognition", "url_versions": "http://scholar.google.com/scholar?cluster=9536786400586491101&hl=en&as_sdt=1,5&sciodt=1,5&as_vis=1", "year": "2012", "excerpt": "Abstract Fine-grained recognition refers to a subordinate level of recognition, such are recognizing different species of birds, animals or plants. It differs from recognition of basic categories, such as humans, tables, and computers, in that there are global similarities in  ...", "url_pdf": null, "num_citations": 47, "cluster_id": "9536786400586491101", "authors": "S Yang, L Bo, J Wang, LG Shapiro - Advances in Neural Information  \u2026", "url_citations": "http://scholar.google.com/scholar?cites=9536786400586491101&as_sdt=2005&sciodt=1,5&hl=en"}, {"num_versions": 10, "url_citation": null, "title": "Unsupervised feature learning framework for no-reference image quality assessment", "url": "http://ieeexplore.ieee.org/xpls/abs_all.jsp?arnumber=6247789", "url_versions": "http://scholar.google.com/scholar?cluster=6805420479496276573&hl=en&as_sdt=1,5&sciodt=1,5&as_vis=1", "year": "2012", "excerpt": "Abstract In this paper, we present an efficient general-purpose objective no-reference (NR) image quality assessment (IQA) framework based on unsupervised feature learning. The goal is to build a computational model to automatically predict human perceived image  ...", "url_pdf": null, "num_citations": 55, "cluster_id": "6805420479496276573", "authors": "P Ye, J Kumar, L Kang\u2026 - Computer Vision and  \u2026", "url_citations": "http://scholar.google.com/scholar?cites=6805420479496276573&as_sdt=2005&sciodt=1,5&hl=en"}, {"num_versions": 8, "url_citation": null, "title": "Fast supervised hashing with decision trees for high-dimensional data", "url": "http://ieeexplore.ieee.org/xpls/abs_all.jsp?arnumber=6909650", "url_versions": "http://scholar.google.com/scholar?cluster=6868606210811125913&hl=en&as_sdt=1,5&sciodt=1,5&as_vis=1", "year": "2014", "excerpt": "Abstract Supervised hashing aims to map the original features to compact binary codes that are able to preserve label based similarity in the Hamming space. Non-linear hash functions have demonstrated their advantage over linear ones due to their powerful generalization  ...", "url_pdf": null, "num_citations": 23, "cluster_id": "6868606210811125913", "authors": "G Lin, C Shen, Q Shi\u2026 - Computer Vision and  \u2026", "url_citations": "http://scholar.google.com/scholar?cites=6868606210811125913&as_sdt=2005&sciodt=1,5&hl=en"}, {"num_versions": 10, "url_citation": null, "title": "Making a science of model search: Hyperparameter optimization in hundreds of dimensions for vision architectures", "url": "http://jmlr.org/proceedings/papers/v28/bergstra13.html", "url_versions": "http://scholar.google.com/scholar?cluster=10987276144712583456&hl=en&as_sdt=1,5&sciodt=1,5&as_vis=1", "year": "2013", "excerpt": "Abstract Many computer vision algorithms depend on configuration settings that are typically hand-tuned in the course of evaluating the algorithm for a particular data set. While such parameter tuning is often presented as being incidental to the algorithm, correctly setting  ...", "url_pdf": null, "num_citations": 47, "cluster_id": "10987276144712583456", "authors": "J Bergstra, D Yamins, D Cox - \u2026  of The 30th International Conference on  \u2026", "url_citations": "http://scholar.google.com/scholar?cites=10987276144712583456&as_sdt=2005&sciodt=1,5&hl=en"}, {"num_versions": 16, "url_citation": null, "title": "Color-to-grayscale: Does the method matter in image recognition", "url": "http://dx.plos.org/10.1371/journal.pone.0029740", "url_versions": "http://scholar.google.com/scholar?cluster=10060385164219231552&hl=en&as_sdt=1,5&sciodt=1,5&as_vis=1", "year": "2012", "excerpt": "Abstract In image recognition it is often assumed the method used to convert color images to grayscale has little impact on recognition performance. We compare thirteen different grayscale algorithms with four types of image descriptors and demonstrate that this  ...", "url_pdf": null, "num_citations": 26, "cluster_id": "10060385164219231552", "authors": "C Kanan, GW Cottrell - PloS one", "url_citations": "http://scholar.google.com/scholar?cites=10060385164219231552&as_sdt=2005&sciodt=1,5&hl=en"}, {"num_versions": 9, "url_citation": null, "title": "Multimodal feature generation framework for semantic image classification", "url": "http://dl.acm.org/citation.cfm?id=2324842", "url_versions": "http://scholar.google.com/scholar?cluster=4548402438138343282&hl=en&as_sdt=1,5&sciodt=1,5&as_vis=1", "year": "2012", "excerpt": "Abstract The automatic attribution of semantic labels to unlabeled or weakly labeled images has received considerable attention but, given the complexity of the problem, remains a hard research topic. Here we propose a unified classification framework which mixes textual  ...", "url_pdf": null, "num_citations": 14, "cluster_id": "4548402438138343282", "authors": "A Znaidia, A Shabou, A Popescu, H Le Borgne\u2026 - Proceedings of the 2nd  \u2026", "url_citations": "http://scholar.google.com/scholar?cites=4548402438138343282&as_sdt=2005&sciodt=1,5&hl=en"}, {"num_versions": 13, "url_citation": null, "title": "Scalable face image retrieval using attribute-enhanced sparse codewords", "url": "http://ieeexplore.ieee.org/xpls/abs_all.jsp?arnumber=6419834", "url_versions": "http://scholar.google.com/scholar?cluster=16774915294693135513&hl=en&as_sdt=1,5&sciodt=1,5&as_vis=1", "year": "2013", "excerpt": "Abstract\u2014Photos with people (eg, family, friends, celebrities, etc.) are the major interest of users. Thus, with the exponentially growing photos, large-scale content-based face image retrieval is an enabling technology for many emerging applications. In this work, we aim to  ...", "url_pdf": null, "num_citations": 35, "cluster_id": "16774915294693135513", "authors": "BC Chen, YY Chen, YH Kuo\u2026 - \u2026 , IEEE Transactions on", "url_citations": "http://scholar.google.com/scholar?cites=16774915294693135513&as_sdt=2005&sciodt=1,5&hl=en"}, {"num_versions": 17, "url_citation": null, "title": "Convolutional-recursive deep learning for 3d object classification", "url": "http://machinelearning.wustl.edu/mlpapers/paper_files/NIPS2012_0304.pdf", "url_versions": "http://scholar.google.com/scholar?cluster=6693756062088563335&hl=en&as_sdt=1,5&sciodt=1,5&as_vis=1", "year": "2012", "excerpt": "Abstract Recent advances in 3D sensing technologies make it possible to easily record color and depth images which together can improve object recognition. Most current methods rely on very well-designed features for this new 3D modality. We introduce a model based on  ...", "url_pdf": "http://machinelearning.wustl.edu/mlpapers/paper_files/NIPS2012_0304.pdf", "num_citations": 77, "cluster_id": "6693756062088563335", "authors": "R Socher, B Huval, B Bath\u2026 - Advances in Neural  \u2026", "url_citations": "http://scholar.google.com/scholar?cites=6693756062088563335&as_sdt=2005&sciodt=1,5&hl=en"}, {"num_versions": 12, "url_citation": null, "title": "Zero-shot learning through cross-modal transfer", "url": "http://papers.nips.cc/paper/5027-zero-shot-learning-through-cross-modal-transfer", "url_versions": "http://scholar.google.com/scholar?cluster=14330626598474812204&hl=en&as_sdt=1,5&sciodt=1,5&as_vis=1", "year": "2013", "excerpt": "Abstract This work introduces a model that can recognize objects in images even if no training data is available for the object class. The only necessary knowledge about unseen categories comes from unsupervised text corpora. Unlike previous zero-shot learning  ...", "url_pdf": null, "num_citations": 71, "cluster_id": "14330626598474812204", "authors": "R Socher, M Ganjoo, CD Manning\u2026 - Advances in neural  \u2026", "url_citations": "http://scholar.google.com/scholar?cites=14330626598474812204&as_sdt=2005&sciodt=1,5&hl=en"}, {"num_versions": 8, "url_citation": null, "title": "Towards scaling up classification-based speech separation", "url": "http://ieeexplore.ieee.org/xpls/abs_all.jsp?arnumber=6473841", "url_versions": "http://scholar.google.com/scholar?cluster=220901135250906487&hl=en&as_sdt=1,5&sciodt=1,5&as_vis=1", "year": "2013", "excerpt": "Abstract\u2014Formulating speech separation as a binary clas-sification problem has been shown to be effective. While good separation performance is achieved in matched test conditions using kernel support vector machines (SVMs), separation in unmatched  ...", "url_pdf": null, "num_citations": 73, "cluster_id": "220901135250906487", "authors": "Y Wang, DL Wang - Audio, Speech, and Language Processing, \u2026", "url_citations": "http://scholar.google.com/scholar?cites=220901135250906487&as_sdt=2005&sciodt=1,5&hl=en"}, {"num_versions": 7, "url_citation": null, "title": "Spike-and-slab sparse coding for unsupervised feature discovery", "url": "http://arxiv.org/abs/1201.3382", "url_versions": "http://scholar.google.com/scholar?cluster=14020615631521820372&hl=en&as_sdt=1,5&sciodt=1,5&as_vis=1", "year": "2012", "excerpt": "Abstract: We consider the problem of using a factor model we call {\\ em spike-and-slab sparse coding}(S3C) to learn features for a classification task. The S3C model resembles both the spike-and-slab RBM and sparse coding. Since exact inference in this model is  ...", "url_pdf": null, "num_citations": 23, "cluster_id": "14020615631521820372", "authors": "IJ Goodfellow, A Courville, Y Bengio - arXiv preprint arXiv:1201.3382", "url_citations": "http://scholar.google.com/scholar?cites=14020615631521820372&as_sdt=2005&sciodt=1,5&hl=en"}, {"num_versions": 11, "url_citation": null, "title": "Deep learning of invariant features via simulated fixations in video", "url": "http://machinelearning.wustl.edu/mlpapers/paper_files/NIPS2012_1467.pdf", "url_versions": "http://scholar.google.com/scholar?cluster=14358293240518169689&hl=en&as_sdt=1,5&sciodt=1,5&as_vis=1", "year": "2012", "excerpt": "Abstract We apply salient feature detection and tracking in videos to simulate fixations and smooth pursuit in human vision. With tracked sequences as input, a hierarchical network of modules learns invariant features using a temporal slowness constraint. The network  ...", "url_pdf": "http://machinelearning.wustl.edu/mlpapers/paper_files/NIPS2012_1467.pdf", "num_citations": 48, "cluster_id": "14358293240518169689", "authors": "W Zou, S Zhu, K Yu, AY Ng - Advances in neural  \u2026", "url_citations": "http://scholar.google.com/scholar?cites=14358293240518169689&as_sdt=2005&sciodt=1,5&hl=en"}, {"num_versions": 11, "url_citation": null, "title": "Devise: A deep visual-semantic embedding model", "url": "http://papers.nips.cc/paper/5204-devise-a-deep-visual-semantic-embedding-model", "url_versions": "http://scholar.google.com/scholar?cluster=6464090240101996239&hl=en&as_sdt=1,5&sciodt=1,5&as_vis=1", "year": "2013", "excerpt": "Abstract Modern visual recognition systems are often limited in their ability to scale to large numbers of object categories. This limitation is in part due to the increasing difficulty of acquiring sufficient training data in the form of labeled images as the number of object  ...", "url_pdf": null, "num_citations": 114, "cluster_id": "6464090240101996239", "authors": "A Frome, GS Corrado, J Shlens, S Bengio\u2026 - Advances in Neural  \u2026", "url_citations": "http://scholar.google.com/scholar?cites=6464090240101996239&as_sdt=2005&sciodt=1,5&hl=en"}, {"num_versions": 7, "url_citation": null, "title": "Learning feature representations with k-means", "url": "http://link.springer.com/chapter/10.1007/978-3-642-35289-8_30", "url_versions": "http://scholar.google.com/scholar?cluster=6374140678751240935&hl=en&as_sdt=1,5&sciodt=1,5&as_vis=1", "year": "2012", "excerpt": "Abstract Many algorithms are available to learn deep hierarchies of features from unlabeled data, especially images. In many cases, these algorithms involve multi-layered networks of features (eg, neural networks) that are sometimes tricky to train and tune and are difficult  ...", "url_pdf": null, "num_citations": 86, "cluster_id": "6374140678751240935", "authors": "A Coates, AY Ng - Neural Networks: Tricks of the Trade", "url_citations": "http://scholar.google.com/scholar?cites=6374140678751240935&as_sdt=2005&sciodt=1,5&hl=en"}, {"num_versions": 11, "url_citation": null, "title": "Locality-constrained and spatially regularized coding for scene categorization", "url": "http://ieeexplore.ieee.org/xpls/abs_all.jsp?arnumber=6248107", "url_versions": "http://scholar.google.com/scholar?cluster=1159866828453058738&hl=en&as_sdt=1,5&sciodt=1,5&as_vis=1", "year": "2012", "excerpt": "Abstract Improving coding and spatial pooling for bag-of-words based feature design have gained a lot of attention in recent works addressing object recognition and scene classification. Regarding the coding step in particular, properties such as sparsity, locality  ...", "url_pdf": null, "num_citations": 60, "cluster_id": "1159866828453058738", "authors": "A Shabou, H LeBorgne - Computer Vision and Pattern  \u2026", "url_citations": "http://scholar.google.com/scholar?cites=1159866828453058738&as_sdt=2005&sciodt=1,5&hl=en"}, {"num_versions": 11, "url_citation": null, "title": "Learning invariant representations with local transformations", "url": "http://arxiv.org/abs/1206.6418", "url_versions": "http://scholar.google.com/scholar?cluster=991365748595873701&hl=en&as_sdt=1,5&sciodt=1,5&as_vis=1", "year": "2012", "excerpt": "Abstract: Learning invariant representations is an important problem in machine learning and pattern recognition. In this paper, we present a novel framework of transformation-invariant feature learning by incorporating linear transformations into the feature learning  ...", "url_pdf": null, "num_citations": 30, "cluster_id": "991365748595873701", "authors": "K Sohn, H Lee - arXiv preprint arXiv:1206.6418", "url_citations": "http://scholar.google.com/scholar?cites=991365748595873701&as_sdt=2005&sciodt=1,5&hl=en"}, {"num_versions": 4, "url_citation": null, "title": "Adaptive dropout for training deep neural networks", "url": "http://papers.nips.cc/paper/5032-ada", "url_versions": "http://scholar.google.com/scholar?cluster=6403270944757391450&hl=en&as_sdt=1,5&sciodt=1,5&as_vis=1", "year": "2013", "excerpt": "Abstract Recently, it was shown that by dropping out hidden activities with a probability of 0.5, deep neural networks can perform very well. We describe a model in which a binary belief network is overlaid on a neural network and is used to decrease the information  ...", "url_pdf": null, "num_citations": 24, "cluster_id": "6403270944757391450", "authors": "J Ba, B Frey - Advances in Neural Information Processing Systems", "url_citations": "http://scholar.google.com/scholar?cites=6403270944757391450&as_sdt=2005&sciodt=1,5&hl=en"}, {"num_versions": 10, "url_citation": null, "title": "Learning separable filters", "url": "http://ieeexplore.ieee.org/xpls/abs_all.jsp?arnumber=6619199", "url_versions": "http://scholar.google.com/scholar?cluster=11634617838956647710&hl=en&as_sdt=1,5&sciodt=1,5&as_vis=1", "year": "2013", "excerpt": "Abstract Learning filters to produce sparse image representations in terms of overcomplete dictionaries has emerged as a powerful way to create image features for many different purposes. Unfortunately, these filters are usually both numerous and non-separable,  ...", "url_pdf": null, "num_citations": 28, "cluster_id": "11634617838956647710", "authors": "R Rigamonti, A Sironi, V Lepetit\u2026 - Computer Vision and  \u2026", "url_citations": "http://scholar.google.com/scholar?cites=11634617838956647710&as_sdt=2005&sciodt=1,5&hl=en"}, {"num_versions": 12, "url_citation": null, "title": "Unsupervised feature learning for RGB-D based object recognition", "url": "http://link.springer.com/chapter/10.1007/978-3-319-00065-7_27", "url_versions": "http://scholar.google.com/scholar?cluster=7855066381230161719&hl=en&as_sdt=1,5&sciodt=1,5&as_vis=1", "year": "2013", "excerpt": "Abstract Recently introduced RGB-D cameras are capable of providing high quality synchronized videos of both color and depth. With its advanced sensing capabilities, this technology represents an opportunity to dramatically increase the capabilities of object  ...", "url_pdf": null, "num_citations": 119, "cluster_id": "7855066381230161719", "authors": "L Bo, X Ren, D Fox - Experimental Robotics", "url_citations": "http://scholar.google.com/scholar?cites=7855066381230161719&as_sdt=2005&sciodt=1,5&hl=en"}, {"num_versions": 8, "url_citation": null, "title": "Transfer learning for Latin and Chinese characters with deep neural networks", "url": "http://ieeexplore.ieee.org/xpls/abs_all.jsp?arnumber=6252544", "url_versions": "http://scholar.google.com/scholar?cluster=7452424507909578812&hl=en&as_sdt=1,5&sciodt=1,5&as_vis=1", "year": "2012", "excerpt": "Abstract\u2014We analyze transfer learning with Deep Neural Networks (DNN) on various character recognition tasks. DNN trained on digits are perfectly capable of recognizing uppercase letters with minimal retraining. They are on par with DNN fully trained on  ...", "url_pdf": null, "num_citations": 29, "cluster_id": "7452424507909578812", "authors": "DC Cire\u015fan, U Meier\u2026 - Neural Networks (IJCNN),  \u2026", "url_citations": "http://scholar.google.com/scholar?cites=7452424507909578812&as_sdt=2005&sciodt=1,5&hl=en"}, {"num_versions": 5, "url_citation": null, "title": "Sparse spatial coding: A novel approach for efficient and accurate object recognition", "url": "http://ieeexplore.ieee.org/xpls/abs_all.jsp?arnumber=6224785", "url_versions": "http://scholar.google.com/scholar?cluster=1580110511823385021&hl=en&as_sdt=1,5&sciodt=1,5&as_vis=1", "year": "2012", "excerpt": "Abstract\u2014Successful state-of-the-art object recognition techniques from images have been based on powerful methods, such as sparse representation, in order to replace the also popular vector quantization (VQ) approach. Recently, sparse coding, which is  ...", "url_pdf": null, "num_citations": 24, "cluster_id": "1580110511823385021", "authors": "GL Oliveira, ER Nascimento, AW Vieira\u2026 - \u2026  (ICRA)", "url_citations": "http://scholar.google.com/scholar?cites=1580110511823385021&as_sdt=2005&sciodt=1,5&hl=en"}, {"num_versions": 12, "url_citation": null, "title": "Beyond spatial pyramids: Receptive field learning for pooled image features", "url": "http://ieeexplore.ieee.org/xpls/abs_all.jsp?arnumber=6248076", "url_versions": "http://scholar.google.com/scholar?cluster=8223863472037921064&hl=en&as_sdt=1,5&sciodt=1,5&as_vis=1", "year": "2012", "excerpt": "Abstract In this paper we examine the effect of receptive field designs on classification accuracy in the commonly adopted pipeline of image classification. While existing algorithms usually use manually defined spatial regions for pooling, we show that learning  ...", "url_pdf": null, "num_citations": 154, "cluster_id": "8223863472037921064", "authors": "Y Jia, C Huang, T Darrell - Computer Vision and Pattern  \u2026", "url_citations": "http://scholar.google.com/scholar?cites=8223863472037921064&as_sdt=2005&sciodt=1,5&hl=en"}, {"num_versions": 12, "url_citation": null, "title": "Music similarity estimation with the mean-covariance restricted boltzmann machine", "url": "http://ieeexplore.ieee.org/xpls/abs_all.jsp?arnumber=6147059", "url_versions": "http://scholar.google.com/scholar?cluster=4001532182595095929&hl=en&as_sdt=1,5&sciodt=1,5&as_vis=1", "year": "2011", "excerpt": "Abstract\u2014Existing content-based music similarity estimation methods largely build on complex hand-crafted feature extractors, which are difficult to engineer. As an alternative, unsupervised machine learning allows to learn features empirically from data. We train a  ...", "url_pdf": null, "num_citations": 18, "cluster_id": "4001532182595095929", "authors": "J Schl\u00fcter, C Osendorfer - Machine Learning and Applications  \u2026", "url_citations": "http://scholar.google.com/scholar?cites=4001532182595095929&as_sdt=2005&sciodt=1,5&hl=en"}, {"num_versions": 33, "url_citation": null, "title": "Representation learning: A review and new perspectives", "url": "http://ieeexplore.ieee.org/xpls/abs_all.jsp?arnumber=6472238", "url_versions": "http://scholar.google.com/scholar?cluster=559463397382443088&hl=en&as_sdt=1,5&sciodt=1,5&as_vis=1", "year": "2013", "excerpt": "Abstract\u2014The success of machine learning algorithms generally depends on data representation, and we hypothesize that this is because different representations can entangle and hide more or less the different explanatory factors of variation behind the  ...", "url_pdf": null, "num_citations": 685, "cluster_id": "559463397382443088", "authors": "Y Bengio, A Courville, P Vincent - Pattern Analysis and  \u2026", "url_citations": "http://scholar.google.com/scholar?cites=559463397382443088&as_sdt=2005&sciodt=1,5&hl=en"}, {"num_versions": 8, "url_citation": null, "title": "Emergence of object-selective features in unsupervised feature learning", "url": "http://papers.nips.cc/paper/4497-emergence-of-object-selective-features-in-unsupervised-feature-learning", "url_versions": "http://scholar.google.com/scholar?cluster=10794633353847907100&hl=en&as_sdt=1,5&sciodt=1,5&as_vis=1", "year": "2012", "excerpt": "Abstract Recent work in unsupervised feature learning has focused on the goal of discovering high-level features from unlabeled images. Much progress has been made in this direction, but in most cases it is still standard to use a large amount of labeled data in  ...", "url_pdf": null, "num_citations": 37, "cluster_id": "10794633353847907100", "authors": "A Coates, A Karpathy, AY Ng - Advances in Neural Information  \u2026", "url_citations": "http://scholar.google.com/scholar?cites=10794633353847907100&as_sdt=2005&sciodt=1,5&hl=en"}, {"num_versions": 17, "url_citation": null, "title": "Multipath sparse coding using hierarchical matching pursuit", "url": "http://ieeexplore.ieee.org/xpls/abs_all.jsp?arnumber=6618935", "url_versions": "http://scholar.google.com/scholar?cluster=6788247043172899243&hl=en&as_sdt=1,5&sciodt=1,5&as_vis=1", "year": "2013", "excerpt": "Abstract Complex real-world signals, such as images, contain discriminative structures that differ in many aspects including scale, invariance, and data channel. While progress in deep learning shows the importance of learning features through multiple layers, it is equally  ...", "url_pdf": null, "num_citations": 63, "cluster_id": "6788247043172899243", "authors": "L Bo, X Ren, D Fox - Computer Vision and Pattern Recognition  \u2026", "url_citations": "http://scholar.google.com/scholar?cites=6788247043172899243&as_sdt=2005&sciodt=1,5&hl=en"}, {"num_versions": 11, "url_citation": null, "title": "Spatial pyramid pooling in deep convolutional networks for visual recognition", "url": "http://link.springer.com/chapter/10.1007/978-3-319-10578-9_23", "url_versions": "http://scholar.google.com/scholar?cluster=7257947180306013591&hl=en&as_sdt=1,5&sciodt=1,5&as_vis=1", "year": "2014", "excerpt": "Abstract Existing deep convolutional neural networks (CNNs) require a fixed-size (eg 224\u00d7 224) input image. This requirement is \u201cartificial\u201d and may hurt the recognition accuracy for the images or sub-images of an arbitrary size/scale. In this work, we equip the networks  ...", "url_pdf": null, "num_citations": 117, "cluster_id": "7257947180306013591", "authors": "K He, X Zhang, S Ren, J Sun - Computer Vision\u2013ECCV", "url_citations": "http://scholar.google.com/scholar?cites=7257947180306013591&as_sdt=2005&sciodt=1,5&hl=en"}, {"num_versions": 0, "url_citation": null, "title": "A systematic evaluation of the bag-of-frames representation for music information retrieval", "url": "http://ieeexplore.ieee.org/xpls/abs_all.jsp?arnumber=6763025", "url_versions": null, "year": "2014", "excerpt": "Abstract\u2014There has been an increasing attention on learning feature representations from the complex, high-dimensional audio data applied in various music information retrieval (MIR) problems. Unsupervised feature learning techniques, such as sparse coding and  ...", "url_pdf": null, "num_citations": 23, "cluster_id": "14615604397549351266", "authors": "L Su, CCM Yeh, JY Liu, JC Wang\u2026 - \u2026 , IEEE Transactions on", "url_citations": "http://scholar.google.com/scholar?cites=14615604397549351266&as_sdt=2005&sciodt=1,5&hl=en"}, {"num_versions": 14, "url_citation": null, "title": "Algorithms for hyper-parameter optimization", "url": "http://papers.nips.cc/paper/4443-algorithms-for-hyper-parameter-optimization", "url_versions": "http://scholar.google.com/scholar?cluster=2237556841915885113&hl=en&as_sdt=1,5&sciodt=1,5&as_vis=1", "year": "2011", "excerpt": "Abstract Several recent advances to the state of the art in image classification benchmarks have come from better configurations of existing techniques rather than novel approaches to feature learning. Traditionally, hyper-parameter optimization has been the job of humans  ...", "url_pdf": null, "num_citations": 133, "cluster_id": "2237556841915885113", "authors": "JS Bergstra, R Bardenet, Y Bengio\u2026 - Advances in Neural  \u2026", "url_citations": "http://scholar.google.com/scholar?cites=2237556841915885113&as_sdt=2005&sciodt=1,5&hl=en"}, {"num_versions": 6, "url_citation": null, "title": "Practical recommendations for gradient-based training of deep architectures", "url": "http://link.springer.com/chapter/10.1007/978-3-642-35289-8_26", "url_versions": "http://scholar.google.com/scholar?cluster=13214514639523956782&hl=en&as_sdt=1,5&sciodt=1,5&as_vis=1", "year": "2012", "excerpt": "Abstract Learning algorithms related to artificial neural networks and in particular for Deep Learning may seem to involve many bells and whistles, called hyper-parameters. This chapter is meant as a practical guide with recommendations for some of the most  ...", "url_pdf": null, "num_citations": 91, "cluster_id": "13214514639523956782", "authors": "Y Bengio - Neural Networks: Tricks of the Trade", "url_citations": "http://scholar.google.com/scholar?cites=13214514639523956782&as_sdt=2005&sciodt=1,5&hl=en"}, {"num_versions": 16, "url_citation": null, "title": "Learning with recursive perceptual representations", "url": "http://papers.nips.cc/paper/4747-learning-with-recursive-perceptual-representations", "url_versions": "http://scholar.google.com/scholar?cluster=7692641079042066083&hl=en&as_sdt=1,5&sciodt=1,5&as_vis=1", "year": "2012", "excerpt": "Abstract Linear Support Vector Machines (SVMs) have become very popular in vision as part of state-of-the-art object recognition and other classification tasks but require high dimensional feature spaces for good performance. Deep learning methods can find more  ...", "url_pdf": null, "num_citations": 28, "cluster_id": "7692641079042066083", "authors": "O Vinyals, Y Jia, L Deng, T Darrell - Advances in Neural Information  \u2026", "url_citations": "http://scholar.google.com/scholar?cites=7692641079042066083&as_sdt=2005&sciodt=1,5&hl=en"}, {"num_versions": 23, "url_citation": null, "title": "Multi-column deep neural networks for image classification", "url": "http://ieeexplore.ieee.org/xpls/abs_all.jsp?arnumber=6248110", "url_versions": "http://scholar.google.com/scholar?cluster=17557578126851891884&hl=en&as_sdt=1,5&sciodt=1,5&as_vis=1", "year": "2012", "excerpt": "Abstract Traditional methods of computer vision and machine learning cannot match human performance on tasks such as the recognition of handwritten digits or traffic signs. Our biologically plausible, wide and deep artificial neural network architectures can. Small ( ...", "url_pdf": null, "num_citations": 480, "cluster_id": "17557578126851891884", "authors": "D Ciresan, U Meier\u2026 - Computer Vision and  \u2026", "url_citations": "http://scholar.google.com/scholar?cites=17557578126851891884&as_sdt=2005&sciodt=1,5&hl=en"}, {"num_versions": 13, "url_citation": null, "title": "Multimodal neural language models", "url": "http://machinelearning.wustl.edu/mlpapers/papers/icml2014c2_kiros14", "url_versions": "http://scholar.google.com/scholar?cluster=3905919677086105959&hl=en&as_sdt=1,5&sciodt=1,5&as_vis=1", "year": "2014", "excerpt": "Abstract: We introduce two multimodal neural language models: models of natural language that can be conditioned on other modalities. An image-text multimodal neural language model can be used to retrieve images given complex sentence queries, retrieve phrase  ...", "url_pdf": null, "num_citations": 54, "cluster_id": "3905919677086105959", "authors": "R Kiros, R Salakhutdinov\u2026 - Proceedings of the  \u2026", "url_citations": "http://scholar.google.com/scholar?cites=3905919677086105959&as_sdt=2005&sciodt=1,5&hl=en"}, {"num_versions": 2, "url_citation": null, "title": "Rectifier nonlinearities improve neural network acoustic models", "url": "http://ai.stanford.edu/%7Eamaas/papers/relu_hybrid_icml2013_final.pdf", "url_versions": "http://scholar.google.com/scholar?cluster=13874212620286738798&hl=en&as_sdt=1,5&sciodt=1,5&as_vis=1", "year": "2013", "excerpt": "Abstract Deep neural network acoustic models produce substantial gains in large vocabulary continuous speech recognition systems. Emerging work with rectified linear (ReL) hidden units demonstrates additional gains in final system performance relative to  ...", "url_pdf": "http://ai.stanford.edu/%7Eamaas/papers/relu_hybrid_icml2013_final.pdf", "num_citations": 70, "cluster_id": "13874212620286738798", "authors": "AL Maas, AY Hannun, AY Ng - Proc. ICML", "url_citations": "http://scholar.google.com/scholar?cites=13874212620286738798&as_sdt=2005&sciodt=1,5&hl=en"}, {"num_versions": 11, "url_citation": null, "title": "Burn-in, bias, and the rationality of anchoring", "url": "http://papers.nips.cc/paper/4719-burn-in-bias-and-the-rationality-of", "url_versions": "http://scholar.google.com/scholar?cluster=4014842505286628901&hl=en&as_sdt=1,5&sciodt=1,5&as_vis=1", "year": "2012", "excerpt": "Abstract Bayesian inference provides a unifying framework for addressing problems in machine learning, artificial intelligence, and robotics, as well as the problems facing the human mind. Unfortunately, exact Bayesian inference is intractable in all but the simplest  ...", "url_pdf": null, "num_citations": 21, "cluster_id": "4014842505286628901", "authors": "F Lieder, T Griffiths, N Goodman - Advances in neural information  \u2026", "url_citations": "http://scholar.google.com/scholar?cites=4014842505286628901&as_sdt=2005&sciodt=1,5&hl=en"}, {"num_versions": 20, "url_citation": null, "title": "Depth kernel descriptors for object recognition", "url": "http://ieeexplore.ieee.org/xpls/abs_all.jsp?arnumber=6095119", "url_versions": "http://scholar.google.com/scholar?cluster=2573897369310428917&hl=en&as_sdt=1,5&sciodt=1,5&as_vis=1", "year": "2011", "excerpt": "Abstract\u2014Consumer depth cameras, such as the Microsoft Kinect, are capable of providing frames of dense depth values at real time. One fundamental question in utilizing depth cameras is how to best extract features from depth frames. Motivated by local descriptors  ...", "url_pdf": null, "num_citations": 117, "cluster_id": "2573897369310428917", "authors": "L Bo, X Ren, D Fox - \u2026  Robots and Systems (IROS)", "url_citations": "http://scholar.google.com/scholar?cites=2573897369310428917&as_sdt=2005&sciodt=1,5&hl=en"}, {"num_versions": 19, "url_citation": null, "title": "Comparison of mid-level feature coding approaches and pooling strategies in visual concept detection", "url": "http://www.sciencedirect.com/science/article/pii/S1077314212001725", "url_versions": "http://scholar.google.com/scholar?cluster=14880709685861272444&hl=en&as_sdt=1,5&sciodt=1,5&as_vis=1", "year": "2013", "excerpt": "Bag-of-Words lies at a heart of modern object category recognition systems. After descriptors are extracted from images, they are expressed as vectors representing visual word content, referred to as mid-level features. In this paper, we review a number of techniques for  ...", "url_pdf": null, "num_citations": 35, "cluster_id": "14880709685861272444", "authors": "P Koniusz, F Yan, K Mikolajczyk - Computer Vision and Image  \u2026", "url_citations": "http://scholar.google.com/scholar?cites=14880709685861272444&as_sdt=2005&sciodt=1,5&hl=en"}, {"num_versions": 13, "url_citation": null, "title": "Selecting receptive fields in deep networks", "url": "http://papers.nips.cc/paper/4293-selecting-receptive-fields-in-deep-networks", "url_versions": "http://scholar.google.com/scholar?cluster=5862329444572369795&hl=en&as_sdt=1,5&sciodt=1,5&as_vis=1", "year": "2011", "excerpt": "Abstract Recent deep learning and unsupervised feature learning systems that learn from unlabeled data have achieved high performance in benchmarks by using extremely large architectures with many features (hidden units) at each layer. Unfortunately, for such large  ...", "url_pdf": null, "num_citations": 80, "cluster_id": "5862329444572369795", "authors": "A Coates, AY Ng - Advances in Neural Information Processing  \u2026", "url_citations": "http://scholar.google.com/scholar?cites=5862329444572369795&as_sdt=2005&sciodt=1,5&hl=en"}, {"num_versions": 14, "url_citation": null, "title": "Automatic classification of human epithelial type 2 cell indirect immunofluorescence images using cell pyramid matching", "url": "http://www.sciencedirect.com/science/article/pii/S003132031300424X", "url_versions": "http://scholar.google.com/scholar?cluster=5480645792603158094&hl=en&as_sdt=1,5&sciodt=1,5&as_vis=1", "year": "2014", "excerpt": "Abstract This paper describes a novel system for automatic classification of images obtained from Anti-Nuclear Antibody (ANA) pathology tests on Human Epithelial type 2 (HEp-2) cells using the Indirect Immunofluorescence (IIF) protocol. The IIF protocol on HEp-2 cells has  ...", "url_pdf": null, "num_citations": 21, "cluster_id": "5480645792603158094", "authors": "A Wiliem, C Sanderson, Y Wong, P Hobson\u2026 - Pattern Recognition", "url_citations": "http://scholar.google.com/scholar?cites=5480645792603158094&as_sdt=2005&sciodt=1,5&hl=en"}, {"num_versions": 5, "url_citation": null, "title": "Dynamic scene classification: Learning motion descriptors with slow features analysis", "url": "http://ieeexplore.ieee.org/xpls/abs_all.jsp?arnumber=6619180", "url_versions": "http://scholar.google.com/scholar?cluster=2626378451415331745&hl=en&as_sdt=1,5&sciodt=1,5&as_vis=1", "year": "2013", "excerpt": "Abstract In this paper, we address the challenging problem of categorizing video sequences composed of dynamic natural scenes. Contrarily to previous methods that rely on handcrafted descriptors, we propose here to represent videos using unsupervised  ...", "url_pdf": null, "num_citations": 23, "cluster_id": "2626378451415331745", "authors": "C Theriault, N Thome, M Cord - Computer Vision and Pattern  \u2026", "url_citations": "http://scholar.google.com/scholar?cites=2626378451415331745&as_sdt=2005&sciodt=1,5&hl=en"}]