[{"num_versions": 7, "url_citation": null, "title": "A relational view of learning: implications for nurse education", "url": "http://www.sciencedirect.com/science/article/pii/S0260691796801092", "url_versions": "http://scholar.google.com/scholar?cluster=14737133608611962101&hl=en&as_sdt=1,5&sciodt=1,5&as_vis=1", "year": "1996", "excerpt": "For about two decades, student learning in the context of professional and higher education, more generally, has been investigated by groups of researchers in countries such as Sweden, the UK, Australia and South Africa. The focus in many of these studies has been  ...", "url_pdf": null, "num_citations": 31, "cluster_id": "14737133608611962101", "authors": "J Cust - Nurse education today", "url_citations": "http://scholar.google.com/scholar?cites=14737133608611962101&as_sdt=2005&sciodt=1,5&hl=en"}, {"num_versions": 6, "url_citation": null, "title": "Computer-assisted assessment: Staff viewpoints on its introduction within a new university", "url": "http://www.tandfonline.com/doi/abs/10.1080/14703290252934595", "url_versions": "http://scholar.google.com/scholar?cluster=13475151347486719340&hl=en&as_sdt=1,5&sciodt=1,5&as_vis=1", "year": "2002", "excerpt": "The current turbulence in policy making for higher education is creating a series of dilemmas for universities and colleges engaging in expansion whilst at the same time protecting high standards for learning and teaching as well as research. In this article, the specific  ...", "url_pdf": null, "num_citations": 17, "cluster_id": "13475151347486719340", "authors": "P Hodson, D Saunders, G Stubbs - Innovations in Education and  \u2026", "url_citations": "http://scholar.google.com/scholar?cites=13475151347486719340&as_sdt=2005&sciodt=1,5&hl=en"}, {"num_versions": 2, "url_citation": null, "title": "Chinese mainland students' experiences of teaching and learning at a Chinese university: Some emerging findings", "url": "http://www.etl.tla.ed.ac.uk/docs/xubera.pdf", "url_versions": "http://scholar.google.com/scholar?cluster=14376415580736523470&hl=en&as_sdt=1,5&sciodt=1,5&as_vis=1", "year": "2004", "excerpt": "Abstract Though there has been much interest in students' learning from the perspectives of students studying at various educational levels in dozens of countries and regions, there has been little research into the perspectives of Chinese mainland tertiary students. This paper  ...", "url_pdf": "http://www.etl.tla.ed.ac.uk/docs/xubera.pdf", "num_citations": 19, "cluster_id": "14376415580736523470", "authors": "R Xu - BERA", "url_citations": "http://scholar.google.com/scholar?cites=14376415580736523470&as_sdt=2005&sciodt=1,5&hl=en"}, {"num_versions": 5, "url_citation": null, "title": "Using interactive computer\u2010based assessment to support beginning distance learners of science", "url": "http://www.tandfonline.com/doi/abs/10.1080/02680513.2011.567754", "url_versions": "http://scholar.google.com/scholar?cluster=5699394954142727701&hl=en&as_sdt=1,5&sciodt=1,5&as_vis=1", "year": "2011", "excerpt": "Interactive computer\u2010marked assignments (iCMAs) are in use on a range of Science Faculty level 1 modules at the Open University UK, alongside tutor\u2010marked assignments, for summative and formative purposes. They are also used diagnostically to help prospective  ...", "url_pdf": null, "num_citations": 15, "cluster_id": "5699394954142727701", "authors": "S Jordan - Open Learning", "url_citations": "http://scholar.google.com/scholar?cites=5699394954142727701&as_sdt=2005&sciodt=1,5&hl=en"}, {"num_versions": 9, "url_citation": null, "title": "A disciplinary discourse perspective on university science learning: Achieving fluency in a critical constellation of modes", "url": "http://www.diva-portal.org/smash/record.jsf?pid=diva2:114033", "url_versions": "http://scholar.google.com/scholar?cluster=18279654961412057017&hl=en&as_sdt=1,5&sciodt=1,5&as_vis=1", "year": "2008", "excerpt": "Abstract: In this theoretical article we use an interpretative study with physics undergraduates to exemplify a proposed characterization of student learning in university science in terms of fluency in disciplinary discourse. Drawing on ideas from a number of  ...", "url_pdf": null, "num_citations": 121, "cluster_id": "18279654961412057017", "authors": "J Airey, C Linder - Journal of Research in Science Teaching", "url_citations": "http://scholar.google.com/scholar?cites=18279654961412057017&as_sdt=2005&sciodt=1,5&hl=en"}, {"num_versions": 5, "url_citation": null, "title": "Three forms of assessment of prior knowledge, and improved performance following an enrichment programme, of English second language biology students within  \u2026", "url": "http://www.tandfonline.com/doi/abs/10.1080/09500690110049141", "url_versions": "http://scholar.google.com/scholar?cluster=5249878755833135209&hl=en&as_sdt=1,5&sciodt=1,5&as_vis=1", "year": "2002", "excerpt": "The Science Foundation Programme (SFP) was launched in 1991 at the University of Natal, Pietermaritzburg, South Africa in an attempt to equip a selected number of matriculants from historically disadvantaged schools with the skills, resources and self-confidence needed  ...", "url_pdf": null, "num_citations": 14, "cluster_id": "5249878755833135209", "authors": "NF Feltham, CT Downs - International Journal of Science Education", "url_citations": "http://scholar.google.com/scholar?cites=5249878755833135209&as_sdt=2005&sciodt=1,5&hl=en"}, {"num_versions": 2, "url_citation": null, "title": "1 Why assessment is changing", "url": "http://scholar.google.com/https://books.google.com/books?hl=en&lr=&id=7HgeCT_Q0xQC&oi=fnd&pg=PA11&ots=BljXaP0-Gk&sig=3ojPMoS_PXJJKzJkw_QDx82k6rs", "url_versions": "http://scholar.google.com/scholar?cluster=1308415244622081335&hl=en&as_sdt=1,5&sciodt=1,5&as_vis=1", "year": "2006", "excerpt": "There has been a proliferation of books about assessment in higher education containing case-study accounts of innovations or simply lists of ideas offered as if they were best practice. This proliferation reflects rapidly changing practice and this change is being  ...", "url_pdf": null, "num_citations": 112, "cluster_id": "1308415244622081335", "authors": "G Gibbs - Innovative assessment in higher education", "url_citations": "http://scholar.google.com/scholar?cites=1308415244622081335&as_sdt=2005&sciodt=1,5&hl=en"}, {"num_versions": 5, "url_citation": null, "title": "Assessment of medical knowledge: The pros and cons of using true/false multiple choice questions.", "url": "http://imsear.li.mahidol.ac.th/handle/123456789/139208", "url_versions": "http://scholar.google.com/scholar?cluster=5686169448657472654&hl=en&as_sdt=1,5&sciodt=1,5&as_vis=1", "year": "2011", "excerpt": "True/false multiple choice items, commonly referred to as true/false multiple choice questions (MCQs), were previously a widely used selected response examination format. They can be written relatively easily and cover a wide range of content. Educational  ...", "url_pdf": null, "num_citations": 14, "cluster_id": "5686169448657472654", "authors": "M Chandratilake, M Davis, G Ponnamperuma -", "url_citations": "http://scholar.google.com/scholar?cites=5686169448657472654&as_sdt=2005&sciodt=1,5&hl=en"}, {"num_versions": 5, "url_citation": null, "title": "Using assessment to support higher level learning: the multiple choice item development assignment", "url": "http://www.tandfonline.com/doi/abs/10.1080/0260293042000227245", "url_versions": "http://scholar.google.com/scholar?cluster=14175885475847850461&hl=en&as_sdt=1,5&sciodt=1,5&as_vis=1", "year": "2004", "excerpt": "This paper describes the multiple choice item development assignment (MCIDA) that was developed to support both content and higher level learning. The MCIDA involves students in higher level learning by requiring them to develop multiple choice items, write  ...", "url_pdf": null, "num_citations": 64, "cluster_id": "14175885475847850461", "authors": "MR Fellenz* - Assessment & Evaluation in Higher Education", "url_citations": "http://scholar.google.com/scholar?cites=14175885475847850461&as_sdt=2005&sciodt=1,5&hl=en"}, {"num_versions": 4, "url_citation": null, "title": "Science, language, and literacy: Case studies of learning in Swedish university physics", "url": "http://www.diva-portal.org/smash/record.jsf?pid=diva2:173193", "url_versions": "http://scholar.google.com/scholar?cluster=15812260135163547061&hl=en&as_sdt=1,5&sciodt=1,5&as_vis=1", "year": "2009", "excerpt": "Abstract Airey, J. 2009. Science, Language and Literacy. Case Studies of Learning in Swedish University Physics. Acta Universitatis Upsaliensis. Uppsala Dissertations from the Faculty of Science and Technology 81. Uppsala. xviii+ 256 pp. ISBN 978-91-554-7401-0.", "url_pdf": null, "num_citations": 133, "cluster_id": "15812260135163547061", "authors": "J Airey -", "url_citations": "http://scholar.google.com/scholar?cites=15812260135163547061&as_sdt=2005&sciodt=1,5&hl=en"}, {"num_versions": 5, "url_citation": null, "title": "Developing Effective Assessment In Higher Education: A Practical Guide: A Practical Guide", "url": "http://scholar.google.com/https://books.google.com/books?hl=en&lr=&id=d2ZNIm0LHDIC&oi=fnd&pg=PP1&ots=pL3gORPd7T&sig=zg3A_wwH0VAG0BciLHujruMLhDk", "url_versions": "http://scholar.google.com/scholar?cluster=9038062903187453461&hl=en&as_sdt=1,5&sciodt=1,5&as_vis=1", "year": "2007", "excerpt": "Open University Press McGraw-Hill Education McGraw-Hill House Shoppenhangers Road Maidenhead Berkshire England SL6 2QL email: enquiries@openup.co.uk world wide web: www.openup.co.uk and Two Penn Plaza, New York, NY 10121\u20132289, USA First  ... ", "url_pdf": null, "num_citations": 272, "cluster_id": "9038062903187453461", "authors": "S Bloxham, P Boyd -", "url_citations": "http://scholar.google.com/scholar?cites=9038062903187453461&as_sdt=2005&sciodt=1,5&hl=en"}, {"num_versions": 14, "url_citation": null, "title": "Marking and moderation in the UK: false assumptions and wasted resources", "url": "http://www.tandfonline.com/doi/abs/10.1080/02602930801955978", "url_versions": "http://scholar.google.com/scholar?cluster=9906612821743850013&hl=en&as_sdt=1,5&sciodt=1,5&as_vis=1", "year": "2009", "excerpt": "This article challenges a number of assumptions underlying marking of student work in British universities. It argues that, in developing rigorous moderation procedures, we have created a huge burden for markers which adds little to accuracy and reliability but creates  ...", "url_pdf": null, "num_citations": 87, "cluster_id": "9906612821743850013", "authors": "S Bloxham - Assessment & Evaluation in Higher Education", "url_citations": "http://scholar.google.com/scholar?cites=9906612821743850013&as_sdt=2005&sciodt=1,5&hl=en"}, {"num_versions": 4, "url_citation": null, "title": "Traditional studying for examination versus constructivist learning tasks: Do learning outcomes differ?", "url": "http://www.tandfonline.com/doi/abs/10.1080/03075079812331380374", "url_versions": "http://scholar.google.com/scholar?cluster=16687472891085581514&hl=en&as_sdt=1,5&sciodt=1,5&as_vis=1", "year": "1998", "excerpt": "ABSTRACT Students' learning outcomes on an educational psychology course which involved studying three textbooks were compared between a constructivist class without a final examination and a traditional class concluding with an examination. The  ...", "url_pdf": null, "num_citations": 116, "cluster_id": "16687472891085581514", "authors": "P Tynj\u00e4l\u00e4 - Studies in Higher Education", "url_citations": "http://scholar.google.com/scholar?cites=16687472891085581514&as_sdt=2005&sciodt=1,5&hl=en"}, {"num_versions": 5, "url_citation": null, "title": "Essay versus multiple-choice: Student preferences and the underlying rationale with implications for test construction", "url": "http://search.proquest.com/openview/9d8d1a3edcf0e2b2377a4cffce9003f0/1?pq-origsite=gscholar", "url_versions": "http://scholar.google.com/scholar?cluster=12565333974773541720&hl=en&as_sdt=1,5&sciodt=1,5&as_vis=1", "year": "2009", "excerpt": "Abstract The budget cuts experienced at many universities are leading to larger class sizes and pressuring faculty to make greater use of multiple-choice exams, a practice that conflicts with the frequently held intuitive belief that multiple-choice is inferior to essay and other  ...", "url_pdf": null, "num_citations": 14, "cluster_id": "12565333974773541720", "authors": "DA Parmenter - Academy of Educational Leadership Journal", "url_citations": "http://scholar.google.com/scholar?cites=12565333974773541720&as_sdt=2005&sciodt=1,5&hl=en"}, {"num_versions": 22, "url_citation": null, "title": "A model of the pre-assessment learning effects of summative assessment in medical education", "url": "http://link.springer.com/article/10.1007/s10459-011-9292-5", "url_versions": "http://scholar.google.com/scholar?cluster=5497655934644512097&hl=en&as_sdt=1,5&sciodt=1,5&as_vis=1", "year": "2012", "excerpt": "Abstract It has become axiomatic that assessment impacts powerfully on student learning. However, surprisingly little research has been published emanating from authentic higher education settings about the nature and mechanism of the pre-assessment learning  ...", "url_pdf": null, "num_citations": 33, "cluster_id": "5497655934644512097", "authors": "FJ Cilliers, LWT Schuwirth, N Herman\u2026 - Advances in Health  \u2026", "url_citations": "http://scholar.google.com/scholar?cites=5497655934644512097&as_sdt=2005&sciodt=1,5&hl=en"}, {"num_versions": 3, "url_citation": null, "title": "Coherence Marking, Comprehension and Persuasion on the processing and representations of discourse", "url": "http://www.lotpublications.nl/coherence-marking-comprehension-and-persuasion-on-the-processing-and-coherence-marking-comprehension-and-persuasion-on-the-processing-and-representations-of-discourse", "url_versions": "http://scholar.google.com/scholar?cluster=15891988844065599537&hl=en&as_sdt=1,5&sciodt=1,5&as_vis=1", "year": "2007", "excerpt": "The life of a junior researcher sometimes resembles that of a detective: always trying to solve mysteries and discover new things. I thoroughly enjoyed doing so, mostly because of the inspiring people I was fortunate enough to meet. Many people have contributed in  ...", "url_pdf": null, "num_citations": 32, "cluster_id": "15891988844065599537", "authors": "J Kamalski -", "url_citations": "http://scholar.google.com/scholar?cites=15891988844065599537&as_sdt=2005&sciodt=1,5&hl=en"}, {"num_versions": 5, "url_citation": null, "title": "e\u2010Assessment for learning? The potential of short\u2010answer free\u2010text questions with tailored feedback", "url": "http://onlinelibrary.wiley.com/doi/10.1111/j.1467-8535.2008.00928.x/full", "url_versions": "http://scholar.google.com/scholar?cluster=14460106781971096481&hl=en&as_sdt=1,5&sciodt=1,5&as_vis=1", "year": "2009", "excerpt": "Abstract A natural language based system has been used to author and mark short-answer free-text assessment tasks. Students attempt the questions online and are given tailored and relatively detailed feedback on incorrect and incomplete responses, and have the  ...", "url_pdf": null, "num_citations": 67, "cluster_id": "14460106781971096481", "authors": "S Jordan, T Mitchell - British Journal of Educational  \u2026", "url_citations": "http://scholar.google.com/scholar?cites=14460106781971096481&as_sdt=2005&sciodt=1,5&hl=en"}, {"num_versions": 3, "url_citation": null, "title": "Learning and studying: A research perspective", "url": "http://scholar.google.com/https://books.google.com/books?hl=en&lr=&id=93f4AY9xm7QC&oi=fnd&pg=PR7&ots=n3aYHuhhFd&sig=6M5CKGXz72vPnGBe8ytmE_slvkQ", "url_versions": "http://scholar.google.com/scholar?cluster=10678711868449008057&hl=en&as_sdt=1,5&sciodt=1,5&as_vis=1", "year": "2008", "excerpt": "Learning and Studying looks at how psychologists study the crucial processes of learning and studying in higher education. James Hartley uses current research to explore such topics as: learning theory and educational practice, personality and learning, older  ...", "url_pdf": null, "num_citations": 214, "cluster_id": "10678711868449008057", "authors": "J Hartley -", "url_citations": "http://scholar.google.com/scholar?cites=10678711868449008057&as_sdt=2005&sciodt=1,5&hl=en"}, {"num_versions": 9, "url_citation": null, "title": "Applying tacit knowledge management techniques for performance assessment", "url": "http://www.sciencedirect.com/science/article/pii/S0360131503000344", "url_versions": "http://scholar.google.com/scholar?cluster=14659335410648512114&hl=en&as_sdt=1,5&sciodt=1,5&as_vis=1", "year": "2003", "excerpt": "Performance assessment is an important task in all levels of education, both as input for identifying remedial needs of individual students and for improving general quality of education. Although explicit assessment measures can be obtained through objective  ...", "url_pdf": null, "num_citations": 51, "cluster_id": "14659335410648512114", "authors": "M Mitri - Computers & Education", "url_citations": "http://scholar.google.com/scholar?cites=14659335410648512114&as_sdt=2005&sciodt=1,5&hl=en"}, {"num_versions": 8, "url_citation": null, "title": "Assessment options in higher education", "url": "http://www.tandfonline.com/doi/abs/10.1080/02602930801956026", "url_versions": "http://scholar.google.com/scholar?cluster=9416922275619789040&hl=en&as_sdt=1,5&sciodt=1,5&as_vis=1", "year": "2009", "excerpt": "This article evaluates an initiative to introduce assessment choice within a taught unit on an undergraduate healthcare programme as a means of addressing poor performance, especially for those students diagnosed with dyslexia. Students' perceptions of the  ...", "url_pdf": null, "num_citations": 48, "cluster_id": "9416922275619789040", "authors": "D Craddock, H Mathias - Assessment & Evaluation in Higher  \u2026", "url_citations": "http://scholar.google.com/scholar?cites=9416922275619789040&as_sdt=2005&sciodt=1,5&hl=en"}, {"num_versions": 4, "url_citation": null, "title": "Approaches to study and learning environment in medical schools with special reference to the Gulf countries", "url": "http://discovery.dundee.ac.uk/portal/files/1163411/Al%20Qahtani_phd_1999.pdf", "url_versions": "http://scholar.google.com/scholar?cluster=512928885868137508&hl=en&as_sdt=1,5&sciodt=1,5&as_vis=1", "year": "1999", "excerpt": "Conditions for Use and Duplication Copyright of this work belongs to the author unless otherwise identified in the body of the thesis. It is permitted to use and duplicate this work only for personal and non-commercial research, study or criticism/review. You must obtain prior written  ... ", "url_pdf": "http://discovery.dundee.ac.uk/portal/files/1163411/Al%20Qahtani_phd_1999.pdf", "num_citations": 15, "cluster_id": "512928885868137508", "authors": "MFM Al-Qahtani -", "url_citations": "http://scholar.google.com/scholar?cites=512928885868137508&as_sdt=2005&sciodt=1,5&hl=en"}, {"num_versions": 25, "url_citation": null, "title": "Conditions under which assessment supports students' learning", "url": "http://www2.glos.ac.uk/offload/tli/lets/lathe/issue1/issue1.pdf#page=5", "url_versions": "http://scholar.google.com/scholar?cluster=10347662043722278109&hl=en&as_sdt=1,5&sciodt=1,5&as_vis=1", "year": "2004", "excerpt": "ABSTRACT Much evaluation of teaching focuses on what teachers do in class. This article focuses on the evaluation of assessment arrangements and the way they affect student learning out of class. It is assumed that assessment has an overwhelming influence on  ...", "url_pdf": null, "num_citations": 1138, "cluster_id": "10347662043722278109", "authors": "G Gibbs, C Simpson - Learning and teaching in higher education", "url_citations": "http://scholar.google.com/scholar?cites=10347662043722278109&as_sdt=2005&sciodt=1,5&hl=en"}, {"num_versions": 6, "url_citation": null, "title": "College students' study strategies as a function of testing: An investigation into metacognitive self-regulation", "url": "http://link.springer.com/article/10.1007/s10755-005-9004-2", "url_versions": "http://scholar.google.com/scholar?cluster=1776722802970109612&hl=en&as_sdt=1,5&sciodt=1,5&as_vis=1", "year": "2006", "excerpt": "ABSTRACT We conducted the present study to investigate whether college students adjust their study strategies to meet the cognitive demands of testing, a metacognitive self-regulatory skill. Participants were randomly assigned to one of the two testing conditions.  ...", "url_pdf": null, "num_citations": 52, "cluster_id": "1776722802970109612", "authors": "ME Ross, SB Green, JD Salisbury-Glennon\u2026 - Innovative Higher  \u2026", "url_citations": "http://scholar.google.com/scholar?cites=1776722802970109612&as_sdt=2005&sciodt=1,5&hl=en"}, {"num_versions": 2, "url_citation": null, "title": "2 How assessment frames student learning", "url": "http://scholar.google.com/https://books.google.com/books?hl=en&lr=&id=7HgeCT_Q0xQC&oi=fnd&pg=PA23&ots=BljXaP0-Gh&sig=LNOd2x5aeufYZ5Yy2VgRmfG6Xeo", "url_versions": "http://scholar.google.com/scholar?cluster=15338703319532611295&hl=en&as_sdt=1,5&sciodt=1,5&as_vis=1", "year": "2006", "excerpt": "Students are strategic as never before, and they allocate their time and focus their attention on what they believe will be assessed and what they believe will gain good grades. Assessment frames learning, creates learning activity and orients all aspects of learning  ...", "url_pdf": null, "num_citations": 162, "cluster_id": "15338703319532611295", "authors": "G Gibbs - Innovative assessment in higher education", "url_citations": "http://scholar.google.com/scholar?cites=15338703319532611295&as_sdt=2005&sciodt=1,5&hl=en"}, {"num_versions": 13, "url_citation": null, "title": "Authentic assessment, student and teacher perceptions: the practical value of the five\u2010dimensional framework", "url": "http://www.tandfonline.com/doi/abs/10.1080/13636820600955443", "url_versions": "http://scholar.google.com/scholar?cluster=12673684104416089761&hl=en&as_sdt=1,5&sciodt=1,5&as_vis=1", "year": "2006", "excerpt": "This study focused on determining the facets of assessment authenticity by exploring the perceptions of both students and teachers of vocational education and training. It elaborates on a theoretical five\u2010dimensional framework (5DF) that differentiates between five  ...", "url_pdf": null, "num_citations": 40, "cluster_id": "12673684104416089761", "authors": "J Gulikers, T Bastiaens, P Kirschner - Journal of Vocational  \u2026", "url_citations": "http://scholar.google.com/scholar?cites=12673684104416089761&as_sdt=2005&sciodt=1,5&hl=en"}]