[{"num_versions": 3, "url_citation": null, "title": "Combining the best of graphical models and convnets for semantic segmentation", "url": "http://arxiv.org/abs/1412.4313", "url_versions": "http://scholar.google.com/scholar?cluster=3826885680643385886&hl=en&as_sdt=1,5&sciodt=1,5&as_vis=1", "year": "2014", "excerpt": "Abstract: We present a two-module approach to semantic segmentation that incorporates Convolutional Networks (CNNs) and Graphical Models. Graphical models are used to generate a small (5-30) set of diverse segmentations proposals, such that this set has high  ...", "url_pdf": null, "num_citations": 2, "cluster_id": "3826885680643385886", "authors": "M Cogswell, X Lin, S Purushwalkam\u2026 - arXiv preprint arXiv: \u2026", "url_citations": "http://scholar.google.com/scholar?cites=3826885680643385886&as_sdt=2005&sciodt=1,5&hl=en"}, {"num_versions": 18, "url_citation": null, "title": "From machine learning to machine reasoning", "url": "http://link.springer.com/article/10.1007/s10994-013-5335-x", "url_versions": "http://scholar.google.com/scholar?cluster=17918898256199046459&hl=en&as_sdt=1,5&sciodt=1,5&as_vis=1", "year": "2014", "excerpt": "Abstract A plausible definition of \u201creasoning\u201d could be \u201calgebraically manipulating previously acquired knowledge in order to answer a new question\u201d. This definition covers first-order logical inference or probabilistic inference. It also includes much simpler manipulations  ...", "url_pdf": null, "num_citations": 28, "cluster_id": "17918898256199046459", "authors": "L Bottou - Machine learning", "url_citations": "http://scholar.google.com/scholar?cites=17918898256199046459&as_sdt=2005&sciodt=1,5&hl=en"}, {"num_versions": 0, "url_citation": null, "title": "Deep learning of spatio-temporal features with geometric-based moving point detection for motion segmentation", "url": "http://ieeexplore.ieee.org/xpls/abs_all.jsp?arnumber=6907299", "url_versions": null, "year": "2014", "excerpt": "Abstract\u2014This paper introduces an approach to accomplish motion segmentation from a moving stereo camera based on deep learning. Previous work on moving object detection mostly use point features based on 3D geometric constraints. However, point features  ...", "url_pdf": null, "num_citations": 1, "cluster_id": "9341560574824639752", "authors": "TH Lin, CC Wang - Robotics and Automation (ICRA)", "url_citations": "http://scholar.google.com/scholar?cites=9341560574824639752&as_sdt=2005&sciodt=1,5&hl=en"}, {"num_versions": 9, "url_citation": null, "title": "Towards Real-Time Image Understanding with Convolutional Networks", "url": "http://scholar.google.com/https://tel.archives-ouvertes.fr/tel-00965622/", "url_versions": "http://scholar.google.com/scholar?cluster=6479667917162088792&hl=en&as_sdt=1,5&sciodt=1,5&as_vis=1", "year": "2013", "excerpt": "One of the open questions of artificial computer vision is how to produce good internal representations of the visual world. What sort of internal representation would allow an artificial vision system to detect and classify objects into categories, independently of pose ...", "url_pdf": null, "num_citations": 5, "cluster_id": "6479667917162088792", "authors": "C Farabet -", "url_citations": "http://scholar.google.com/scholar?cites=6479667917162088792&as_sdt=2005&sciodt=1,5&hl=en"}, {"num_versions": 6, "url_citation": null, "title": "Robust image sentiment analysis using progressively trained and domain transferred deep networks", "url": "http://scholar.google.com/https://cs.rochester.edu/u/qyou/papers/sentiment_analysis_final.pdf", "url_versions": "http://scholar.google.com/scholar?cluster=5622309859830710042&hl=en&as_sdt=1,5&sciodt=1,5&as_vis=1", "year": "2015", "excerpt": "Abstract Sentiment analysis of online user generated content is important for many social media analytics tasks. Researchers have largely relied on textual sentiment analysis to develop systems to predict political elections, measure economic indicators, and so on.  ...", "url_pdf": "http://scholar.google.com/https://cs.rochester.edu/u/qyou/papers/sentiment_analysis_final.pdf", "num_citations": 7, "cluster_id": "5622309859830710042", "authors": "Q You, J Luo, H Jin, J Yang - The Twenty-Ninth AAAI Conference  \u2026", "url_citations": "http://scholar.google.com/scholar?cites=5622309859830710042&as_sdt=2005&sciodt=1,5&hl=en"}, {"num_versions": 4, "url_citation": null, "title": "Multi-modal unsupervised feature learning for RGB-D scene labeling", "url": "http://link.springer.com/chapter/10.1007/978-3-319-10602-1_30", "url_versions": "http://scholar.google.com/scholar?cluster=10341632653458805018&hl=en&as_sdt=1,5&sciodt=1,5&as_vis=1", "year": "2014", "excerpt": "Abstract Most of the existing approaches for RGB-D indoor scene labeling employ hand-crafted features for each modality independently and combine them in a heuristic manner. There has been some attempt on directly learning features from raw RGB-D data, but the  ...", "url_pdf": null, "num_citations": 10, "cluster_id": "10341632653458805018", "authors": "A Wang, J Lu, G Wang, J Cai, TJ Cham - Computer Vision\u2013ECCV", "url_citations": "http://scholar.google.com/scholar?cites=10341632653458805018&as_sdt=2005&sciodt=1,5&hl=en"}, {"num_versions": 2, "url_citation": null, "title": "Hybrid graphical model for semantic image segmentation", "url": "http://www.sciencedirect.com/science/article/pii/S1047320315000218", "url_versions": "http://scholar.google.com/scholar?cluster=14383393291243110760&hl=en&as_sdt=1,5&sciodt=1,5&as_vis=1", "year": "2015", "excerpt": "Abstract To make full use of both non-causal and causal cues in natural images, we propose a hybrid hierarchical Conditional Random Field (HCRF) and Bayesian Network (BN) model for semantic image segmentation in this paper. The HCRF is used to capture non-causal  ...", "url_pdf": null, "num_citations": 1, "cluster_id": "14383393291243110760", "authors": "LL Wang, NHC Yung - Journal of Visual Communication and Image  \u2026", "url_citations": "http://scholar.google.com/scholar?cites=14383393291243110760&as_sdt=2005&sciodt=1,5&hl=en"}, {"num_versions": 3, "url_citation": null, "title": "Scene Labeling with Contextual Hierarchical Models", "url": "http://arxiv.org/abs/1402.0595", "url_versions": "http://scholar.google.com/scholar?cluster=7180117821142501256&hl=en&as_sdt=1,5&sciodt=1,5&as_vis=1", "year": "2014", "excerpt": "Abstract: Scene labeling is the problem of assigning an object label to each pixel. It unifies the image segmentation and object recognition problems. The importance of using contextual information in scene labeling frameworks has been widely realized in the field.  ...", "url_pdf": null, "num_citations": 3, "cluster_id": "7180117821142501256", "authors": "M Seyedhosseini, T Tasdizen - arXiv preprint arXiv:1402.0595", "url_citations": "http://scholar.google.com/scholar?cites=7180117821142501256&as_sdt=2005&sciodt=1,5&hl=en"}, {"num_versions": 2, "url_citation": null, "title": "Scene labeling with supervised contextual models", "url": "http://content.lib.utah.edu/utils/getfile/collection/etd3/id/3190/filename/3207.pdf", "url_versions": "http://scholar.google.com/scholar?cluster=10128454810755333093&hl=en&as_sdt=1,5&sciodt=1,5&as_vis=1", "year": "2014", "excerpt": "ABSTRACT Scene labeling is the problem of assigning an object label to each pixel of a given image. It is the primary step towards image understanding and unifies object recognition and image segmentation in a single framework. A perfect scene labeling  ...", "url_pdf": "http://content.lib.utah.edu/utils/getfile/collection/etd3/id/3190/filename/3207.pdf", "num_citations": 0, "cluster_id": null, "authors": "M Seyedhosseini -", "url_citations": null}, {"num_versions": 24, "url_citation": null, "title": "Recurrent convolutional neural networks for scene parsing", "url": "http://arxiv.org/abs/1306.2795", "url_versions": "http://scholar.google.com/scholar?cluster=2168696903390430084&hl=en&as_sdt=1,5&sciodt=1,5&as_vis=1", "year": "2013", "excerpt": "Abstract: Scene parsing is a technique that consist on giving a label to all pixels in an image according to the class they belong to. To ensure a good visual coherence and a high class accuracy, it is essential for a scene parser to capture image long range dependencies. In  ...", "url_pdf": null, "num_citations": 50, "cluster_id": "2168696903390430084", "authors": "PHO Pinheiro, R Collobert - arXiv preprint arXiv:1306.2795", "url_citations": "http://scholar.google.com/scholar?cites=2168696903390430084&as_sdt=2005&sciodt=1,5&hl=en"}, {"num_versions": 2, "url_citation": null, "title": "NeuFlow: A Runtime Reconfigurable Dataflow Architecture for Vision", "url": "http://citeseerx.ist.psu.edu/viewdoc/download?doi=10.1.1.306.6445&rep=rep1&type=pdf", "url_versions": "http://scholar.google.com/scholar?cluster=14357271995972474245&hl=en&as_sdt=1,5&sciodt=1,5&as_vis=1", "year": "2012", "excerpt": "Computer vision is the task of extracting high-level information from raw images. Generic, or general-purpose synthetic vision systems have for ultimate goal the ellaboration of a model that captures the relationship between high-dimensional data (images, videos) into a low- ...", "url_pdf": null, "num_citations": 1, "cluster_id": "14357271995972474245", "authors": "C Farabet, Y LeCun, E Culurciello - Proc. Snowbird Learning Workshop", "url_citations": "http://scholar.google.com/scholar?cites=14357271995972474245&as_sdt=2005&sciodt=1,5&hl=en"}, {"num_versions": 3, "url_citation": null, "title": "Context-based natural image parsing: A critical survey", "url": "http://ieeexplore.ieee.org/xpls/abs_all.jsp?arnumber=6064416", "url_versions": "http://scholar.google.com/scholar?cluster=2266779055734847699&hl=en&as_sdt=1,5&sciodt=1,5&as_vis=1", "year": "2011", "excerpt": "Abstract: Image parsing is an essential part of a large number of image understanding systems. It encompasses techniques for segmenting images into meaningful objects and labeling them with semantic classes. Both sub-problems of segmentation and  ...", "url_pdf": null, "num_citations": 2, "cluster_id": "2266779055734847699", "authors": "T Ron\u010devi\u0107, M Braovi\u0107\u2026 - \u2026  and Computer Networks ( \u2026", "url_citations": "http://scholar.google.com/scholar?cites=2266779055734847699&as_sdt=2005&sciodt=1,5&hl=en"}, {"num_versions": 8, "url_citation": null, "title": "Learning object-class segmentation with convolutional neural networks", "url": "http://scholar.google.com/https://www.elen.ucl.ac.be/Proceedings/esann/esannpdf/es2012-160.pdf", "url_versions": "http://scholar.google.com/scholar?cluster=11212352160447051177&hl=en&as_sdt=1,5&sciodt=1,5&as_vis=1", "year": "2012", "excerpt": "Abstract. After successes at image classification, segmentation is the next step towards image understanding for neural networks. We propose a convolutional network architecture that includes innovative elements, such as multiple output maps, suitable loss functions,  ...", "url_pdf": "http://scholar.google.com/https://www.elen.ucl.ac.be/Proceedings/esann/esannpdf/es2012-160.pdf", "num_citations": 22, "cluster_id": "11212352160447051177", "authors": "H Schulz, S Behnke - 11th European Symposium on Artificial Neural  \u2026", "url_citations": "http://scholar.google.com/scholar?cites=11212352160447051177&as_sdt=2005&sciodt=1,5&hl=en"}, {"num_versions": 4, "url_citation": null, "title": "Representation learning for contextual object and region detection in remote sensing", "url": "http://ieeexplore.ieee.org/xpls/abs_all.jsp?arnumber=6977349", "url_versions": "http://scholar.google.com/scholar?cluster=15143126267070010762&hl=en&as_sdt=1,5&sciodt=1,5&as_vis=1", "year": "2014", "excerpt": "Abstract\u2014The performance of object recognition and classification on remote sensing imagery is highly dependent on the quality of extracted features, amount of labelled data and the priors defined for contextual models. In this study, we examine the representation  ...", "url_pdf": null, "num_citations": 3, "cluster_id": "15143126267070010762", "authors": "O Firat, G Can, FT Yarman Vural - Pattern Recognition (ICPR),  \u2026", "url_citations": "http://scholar.google.com/scholar?cites=15143126267070010762&as_sdt=2005&sciodt=1,5&hl=en"}, {"num_versions": 13, "url_citation": null, "title": "Deep Learning", "url": "http://link.springer.com/article/10.1007/s13218-012-0198-z", "url_versions": "http://scholar.google.com/scholar?cluster=14061755109310242854&hl=en&as_sdt=1,5&sciodt=1,5&as_vis=1", "year": "2012", "excerpt": "Abstract Hierarchical neural networks for object recognition have a long history. In recent years, novel methods for incrementally learning a hierarchy of features from unlabeled inputs were proposed as good starting point for supervised training. These deep learning  ...", "url_pdf": null, "num_citations": 4, "cluster_id": "14061755109310242854", "authors": "H Schulz, S Behnke - KI-K\u00fcnstliche Intelligenz", "url_citations": "http://scholar.google.com/scholar?cites=14061755109310242854&as_sdt=2005&sciodt=1,5&hl=en"}, {"num_versions": 3, "url_citation": null, "title": "Object detectors emerge in deep scene cnns", "url": "http://arxiv.org/abs/1412.6856", "url_versions": "http://scholar.google.com/scholar?cluster=889391300182990037&hl=en&as_sdt=1,5&sciodt=1,5&as_vis=1", "year": "2014", "excerpt": "Abstract: With the success of new computational architectures for visual processing, such as convolutional neural networks (CNN) and access to image databases with millions of labeled examples (eg, ImageNet, Places), the state of the art in computer vision is  ...", "url_pdf": null, "num_citations": 11, "cluster_id": "889391300182990037", "authors": "B Zhou, A Khosla, A Lapedriza, A Oliva\u2026 - arXiv preprint arXiv: \u2026", "url_citations": "http://scholar.google.com/scholar?cites=889391300182990037&as_sdt=2005&sciodt=1,5&hl=en"}, {"num_versions": 37, "url_citation": null, "title": "Learning hierarchical features for scene labeling", "url": "http://ieeexplore.ieee.org/xpls/abs_all.jsp?arnumber=6338939", "url_versions": "http://scholar.google.com/scholar?cluster=8776092346473001032&hl=en&as_sdt=1,5&sciodt=1,5&as_vis=1", "year": "2013", "excerpt": "Abstract\u2014Scene labeling consists in labeling each pixel in an image with the category of the object it belongs to. We propose a method that uses a multiscale convolutional network trained from raw pixels to extract dense feature vectors that encode regions of multiple  ...", "url_pdf": null, "num_citations": 314, "cluster_id": "8776092346473001032", "authors": "C Farabet, C Couprie, L Najman\u2026 - Pattern Analysis and  \u2026", "url_citations": "http://scholar.google.com/scholar?cites=8776092346473001032&as_sdt=2005&sciodt=1,5&hl=en"}, {"num_versions": 15, "url_citation": null, "title": "Unrolling loopy top-down semantic feedback in convolutional deep networks", "url": "http://ieeexplore.ieee.org/xpls/abs_all.jsp?arnumber=6910028", "url_versions": "http://scholar.google.com/scholar?cluster=9697461504449008370&hl=en&as_sdt=1,5&sciodt=1,5&as_vis=1", "year": "2014", "excerpt": "Abstract In this paper, we propose a novel way to perform topdown semantic feedback in convolutional deep networks for efficient and accurate image parsing. We also show how to add global appearance/semantic features, which have shown to improve image parsing  ...", "url_pdf": null, "num_citations": 4, "cluster_id": "9697461504449008370", "authors": "C Gatta, A Romero\u2026 - Computer Vision and  \u2026", "url_citations": "http://scholar.google.com/scholar?cites=9697461504449008370&as_sdt=2005&sciodt=1,5&hl=en"}, {"num_versions": 11, "url_citation": null, "title": "Neuflow: A runtime reconfigurable dataflow processor for vision", "url": "http://ieeexplore.ieee.org/xpls/abs_all.jsp?arnumber=5981829", "url_versions": "http://scholar.google.com/scholar?cluster=17206820744442464968&hl=en&as_sdt=1,5&sciodt=1,5&as_vis=1", "year": "2011", "excerpt": "Abstract In this paper we present a scalable dataflow hardware architecture optimized for the computation of generalpurpose vision algorithms\u2014neuFlow\u2014and a dataflow compiler\u2014luaFlow\u2014that transforms high-level flow-graph representations of these algorithms into  ...", "url_pdf": null, "num_citations": 56, "cluster_id": "17206820744442464968", "authors": "C Farabet, B Martini, B Corda\u2026 - Computer Vision and \u2026", "url_citations": "http://scholar.google.com/scholar?cites=17206820744442464968&as_sdt=2005&sciodt=1,5&hl=en"}, {"num_versions": 3, "url_citation": null, "title": "Real-time adaptive off-road vehicle navigation and terrain classification", "url": "http://proceedings.spiedigitallibrary.org/proceeding.aspx?articleid=1689660", "url_versions": "http://scholar.google.com/scholar?cluster=2907048339262072127&hl=en&as_sdt=1,5&sciodt=1,5&as_vis=1", "year": "2013", "excerpt": "abstract We are developing a complete, self-contained autonomous navigation system for mobile robots that learns quickly, uses commodity components, and has the added benefit of emitting no radiation signature. It builds on the autonomous navigation technology  ...", "url_pdf": null, "num_citations": 2, "cluster_id": "2907048339262072127", "authors": "UA Muller, LD Jackel, Y LeCun\u2026 - SPIE Defense,  \u2026", "url_citations": "http://scholar.google.com/scholar?cites=2907048339262072127&as_sdt=2005&sciodt=1,5&hl=en"}, {"num_versions": 5, "url_citation": null, "title": "Coarse-to-fine auto-encoder networks (cfan) for real-time face alignment", "url": "http://link.springer.com/chapter/10.1007/978-3-319-10605-2_1", "url_versions": "http://scholar.google.com/scholar?cluster=18208015512129987422&hl=en&as_sdt=1,5&sciodt=1,5&as_vis=1", "year": "2014", "excerpt": "Abstract Accurate face alignment is a vital prerequisite step for most face perception tasks such as face recognition, facial expression analysis and non-realistic face re-rendering. It can be formulated as the nonlinear inference of the facial landmarks from the detected  ...", "url_pdf": null, "num_citations": 19, "cluster_id": "18208015512129987422", "authors": "J Zhang, S Shan, M Kan, X Chen - Computer Vision\u2013ECCV", "url_citations": "http://scholar.google.com/scholar?cites=18208015512129987422&as_sdt=2005&sciodt=1,5&hl=en"}]