[{"num_versions": 2, "url_citation": null, "title": "Impact of values on the learning approaches of Chinese construction students in Hong Kong", "url": "http://www.emeraldinsight.com/doi/abs/10.1108/ECAM-07-2011-0062", "url_versions": "http://scholar.google.com/scholar?cluster=13454797767035539647&hl=en&as_sdt=1,5&sciodt=1,5&as_vis=1", "year": "2014", "excerpt": "Purpose\u2013The purpose of this paper is to explore the influence of personal values on students' learning behaviours. Hong Kong construction students are often criticized, by both practitioners and educators, as rote learners. To improve students' learning processes,  ...", "url_pdf": null, "num_citations": 1, "cluster_id": "13454797767035539647", "authors": "M Leung, C Dongyu, A MM Liu - Engineering, Construction and  \u2026", "url_citations": "http://scholar.google.com/scholar?cites=13454797767035539647&as_sdt=2005&sciodt=1,5&hl=en"}, {"num_versions": 2, "url_citation": null, "title": "Learning strategy use of Chinese PhD students of social sciences in Australian universities", "url": "http://scholar.google.com/https://www120.secure.griffith.edu.au/rch/file/25e1cc59-9486-f0cf-8e00-d8bfe075c964/1/02Main.pdf", "url_versions": "http://scholar.google.com/scholar?cluster=3299793197809716035&hl=en&as_sdt=1,5&sciodt=1,5&as_vis=1", "year": "2005", "excerpt": "ABSTRACT Extensive research into students' learning strategy use in classroom settings has convincingly established that effective use of learning strategies enables learners to take responsibility for their own learning, promotes learner autonomy, and positively  ...", "url_pdf": "http://scholar.google.com/https://www120.secure.griffith.edu.au/rch/file/25e1cc59-9486-f0cf-8e00-d8bfe075c964/1/02Main.pdf", "num_citations": 3, "cluster_id": "3299793197809716035", "authors": "C Yang -", "url_citations": "http://scholar.google.com/scholar?cites=3299793197809716035&as_sdt=2005&sciodt=1,5&hl=en"}, {"num_versions": 11, "url_citation": null, "title": "Values in Turkish middle school mathematics textbooks", "url": "http://link.springer.com/article/10.1007/s11135-005-6133-8", "url_versions": "http://scholar.google.com/scholar?cluster=13057618647321074353&hl=en&as_sdt=1,5&sciodt=1,5&as_vis=1", "year": "2006", "excerpt": "Abstract Mathematics is usually seen as a field in which there is no values. Such a situation causes only a few studies about values teaching to be done in mathematics education. But, mathematics is a field that has various values in it, and that must be considered seriously  ...", "url_pdf": null, "num_citations": 10, "cluster_id": "13057618647321074353", "authors": "Y Dede - Quality and Quantity", "url_citations": "http://scholar.google.com/scholar?cites=13057618647321074353&as_sdt=2005&sciodt=1,5&hl=en"}, {"num_versions": 0, "url_citation": null, "title": "De\u011fer Tercihleri ve \u00d6\u011frenme Stilleri Aras\u0131ndaki \u0130li\u015fkinin \u0130ncelenmesi.", "url": "http://search.ebscohost.com/login.aspx?direct=true&profile=ehost&scope=site&authtype=crawler&jrnl=1303880X&AN=77370501&h=Woi4GYy%2FUhC0ANPKffriMj7VRMDaSqkD8HTBUBbViP4f94EBNPSz0yMnoHULcvF8Uq%2B4FIYDthn6Xbw0EKjn4g%3D%3D&crl=c", "url_versions": null, "year": "2009", "excerpt": "\u00d6zet-Bu ara\u015ft\u0131rman\u0131n amac\u0131, e\u011fitim fak\u00fcltesinde \u00f6\u011frenim g\u00f6rmekte olan \u00fcniversite \u00f6\u011frencilerinin de\u011fer tercihleri ile \u00f6\u011frenme stilleri aras\u0131ndaki ili\u015fkinin incelenmesidir. Ara\u015ft\u0131rman\u0131n y\u00f6ntem k\u0131sm\u0131nda, ara\u015ft\u0131rman\u0131n felsefesi, modeli, \u00f6rneklemi, verilenlerin  ...", "url_pdf": null, "num_citations": 4, "cluster_id": "17105640677119026918", "authors": "B Dilma\u00e7, E Ertekin - Journal of Values Education", "url_citations": "http://scholar.google.com/scholar?cites=17105640677119026918&as_sdt=2005&sciodt=1,5&hl=en"}, {"num_versions": 3, "url_citation": null, "title": "The role of students' cognitive engagement in online learning", "url": "http://www.tandfonline.com/doi/abs/10.1207/s15389286ajde2001_3", "url_versions": "http://scholar.google.com/scholar?cluster=5203957976006797070&hl=en&as_sdt=1,5&sciodt=1,5&as_vis=1", "year": "2006", "excerpt": "This study investigated the degree to which students cognitively engage with their online courses. Cognitive engagement was defined as the integration and utilization of students' motivations and strategies in the course of their learning. Given this, the study utilized JB  ...", "url_pdf": null, "num_citations": 127, "cluster_id": "5203957976006797070", "authors": "JC Richardson, T Newby - The American Journal of Distance  \u2026", "url_citations": "http://scholar.google.com/scholar?cites=5203957976006797070&as_sdt=2005&sciodt=1,5&hl=en"}, {"num_versions": 3, "url_citation": null, "title": "Turkish preservice mathematics teachers' mathematical values: Positivist and constructivist values", "url": "http://www.academicjournals.org/app/webroot/article/article1380622075_Dede.pdf", "url_versions": "http://scholar.google.com/scholar?cluster=8514541312810686828&hl=en&as_sdt=1,5&sciodt=1,5&as_vis=1", "year": "2009", "excerpt": "The present study aimed to investigate preservice mathematics teachers' values toward their mathematics teaching with regard to their grade level, gender and departments. In the study, the positivist and constructivist values were used as value variables. Data were collected  ...", "url_pdf": "http://www.academicjournals.org/app/webroot/article/article1380622075_Dede.pdf", "num_citations": 8, "cluster_id": "8514541312810686828", "authors": "Y Dede - Scientific Research and Essays", "url_citations": "http://scholar.google.com/scholar?cites=8514541312810686828&as_sdt=2005&sciodt=1,5&hl=en"}, {"num_versions": 6, "url_citation": null, "title": "An Investigation Related to the Modelling Levels and Values of Elementary School Prospective Mathematics Teachers.", "url": "http://eric.ed.gov/?id=EJ927391", "url_versions": "http://scholar.google.com/scholar?cluster=2646479083359850036&hl=en&as_sdt=1,5&sciodt=1,5&as_vis=1", "year": "2011", "excerpt": "Abstract With the discussions on the nature of mathematics, mathematics is regarded as a value laden area. That it contains a wide range of values has led to consideration of new approaches in classroom practices. The modelling approach which also includes  ...", "url_pdf": null, "num_citations": 2, "cluster_id": "2646479083359850036", "authors": "S Durmus - Educational Sciences: Theory and Practice", "url_citations": "http://scholar.google.com/scholar?cites=2646479083359850036&as_sdt=2005&sciodt=1,5&hl=en"}, {"num_versions": 2, "url_citation": null, "title": "T\u00fcrk ve Alman matematik \u00f6\u011fretmenlerinin grup \u00e7al\u0131\u015fmalar\u0131ndaki karar verme s\u00fcre\u00e7lerinin alt\u0131ndaki de\u011ferlerin incelenmesi", "url": "http://www.edam.com.tr/kuyeb/pdf/tr/bd798f7e557c386e7e231ced888acec57061.pdf", "url_versions": "http://scholar.google.com/scholar?cluster=273979228777507040&hl=en&as_sdt=1,5&sciodt=1,5&as_vis=1", "year": "2013", "excerpt": "672 alg\u0131lama ile ger\u00e7ekli\u011fin do\u011fas\u0131na y\u00f6nelik psikolojik bir bak\u0131\u015f\u0131 yans\u0131tmaktad\u0131r. Yap\u0131land\u0131rmac\u0131l\u0131k, insanlar\u0131n nas\u0131l \u00f6\u011frendi\u011fini inceleyen ve genellikle de \u00f6\u011fretim stratejilerinin bir dizinini g\u00f6steren bir teoridir (Colburn, 2000). Yap\u0131land\u0131rmac\u0131l\u0131k, bilginin,  ...", "url_pdf": "http://www.edam.com.tr/kuyeb/pdf/tr/bd798f7e557c386e7e231ced888acec57061.pdf", "num_citations": 2, "cluster_id": "273979228777507040", "authors": "Y Dede - Kuram ve Uygulamada E\u011fitim Bilimleri", "url_citations": "http://scholar.google.com/scholar?cites=273979228777507040&as_sdt=2005&sciodt=1,5&hl=en"}, {"num_versions": 3, "url_citation": null, "title": "\u589e\u5f3a\u65b0\u5efa\u672c\u79d1\u9662\u6821\u5b66\u751f\u82f1\u8bed\u5b66\u4e60\u8fc7\u7a0b\u4e2d\u7684\u4e2d\u534e\u6587\u5316\u8ba4\u540c", "url": "http://www.cqvip.com/qk/87832x/201402/48657387.html", "url_versions": "http://scholar.google.com/scholar?cluster=2513739722548983320&hl=en&as_sdt=1,5&sciodt=1,5&as_vis=1", "year": "2014", "excerpt": "\u5f53\u524d, \u968f\u7740\u7ecf\u6d4e\u5168\u7403\u5316\u548c\u4fe1\u606f\u5316\u7684\u63a8\u8fdb, \u82f1\u8bed\u5728\u56fd\u9645\u4e0a\u5df2\u7ecf\u6210\u4e3a\u4e3b\u8981\u7684\u4ea4\u6d41\u8bed\u8a00, \u5404\u9ad8\u6821\u5728\u82f1\u8bed\u5b66\u4e60\u65b9\u9762\u7684\u70ed\u60c5\u8d8a\u6765\u8d8a\u9ad8, \u8003\u6838\u4e5f\u8d8a\u6765\u8d8a\u4e25, \u7136\u800c\u5728\u5b66\u4e60\u7684\u8fc7\u7a0b\u4e2d, \u5bf9\u6211\u56fd\u6587\u5316\u7684\u5f71\u54cd\u4e5f\u53ef\u60f3\u800c\u77e5, \u8fd9\u5c31\u9700\u8981\u5404\u9ad8\u6821\u6709\u9488\u5bf9\u6027\u5730\u5728\u82f1\u8bed\u6559\u5b66\u8fc7\u7a0b\u4e2d\u52a0\u5f3a\u4e2d\u534e\u6587\u5316\u7684 ...", "url_pdf": null, "num_citations": 0, "cluster_id": null, "authors": "\u8983\u4e3d\u971e - \u6e56\u5317\u7ecf\u6d4e\u5b66\u9662\u5b66\u62a5: \u4eba\u6587\u793e\u4f1a\u79d1\u5b66\u7248", "url_citations": null}, {"num_versions": 2, "url_citation": null, "title": "Expectation and reality: Korean sojourner families in the UK", "url": "http://www.tandfonline.com/doi/abs/10.1080/09500782.2011.554986", "url_versions": "http://scholar.google.com/scholar?cluster=12063016884172870190&hl=en&as_sdt=1,5&sciodt=1,5&as_vis=1", "year": "2011", "excerpt": "Increasing numbers of Korean sojourner families are moving to an English-speaking country on a short-term basis in the hope of improving educational and linguistic outcomes for their children. This study reports the findings of an ethnographic case study of 10 families in  ...", "url_pdf": null, "num_citations": 9, "cluster_id": "12063016884172870190", "authors": "S Moon - Language and education", "url_citations": "http://scholar.google.com/scholar?cites=12063016884172870190&as_sdt=2005&sciodt=1,5&hl=en"}, {"num_versions": 6, "url_citation": null, "title": "Mathematical values conveyed by high school mathematics textbooks", "url": "http://scholar.google.com/https://edam.com.tr/kuyeb/pdf/en/003d3a79f186fc1f1d5c2ef27afab383deeng.pdf", "url_versions": "http://scholar.google.com/scholar?cluster=5740996841529512519&hl=en&as_sdt=1,5&sciodt=1,5&as_vis=1", "year": "2006", "excerpt": "Abstract Mathematics is usually seen as a value-free field. This is the primary reason for the lack of values studies in mathematics education. However mathematics is related to various values and that must be seriously considered from this perspective. Values are taught  ...", "url_pdf": "http://scholar.google.com/https://edam.com.tr/kuyeb/pdf/en/003d3a79f186fc1f1d5c2ef27afab383deeng.pdf", "num_citations": 6, "cluster_id": "5740996841529512519", "authors": "D Y\u00fcksel - Educational Sciences: Theory & Practice", "url_citations": "http://scholar.google.com/scholar?cites=5740996841529512519&as_sdt=2005&sciodt=1,5&hl=en"}, {"num_versions": 5, "url_citation": null, "title": "Mathematics educational values of college students towards function concept", "url": "http://citeseerx.ist.psu.edu/viewdoc/download?doi=10.1.1.124.268&rep=rep1&type=pdf", "url_versions": "http://scholar.google.com/scholar?cluster=6633322126102245984&hl=en&as_sdt=1,5&sciodt=1,5&as_vis=1", "year": "2006", "excerpt": "ABSTRACT. Mathematics is usually seen as a field in which there is value-free. Such a situation causes only a few studies about values teaching to be done in mathematics education. But, mathematics is a field that has various values in it, and that must be  ...", "url_pdf": null, "num_citations": 18, "cluster_id": "6633322126102245984", "authors": "Y Dede - Eurasia Journal of Mathematics, Science and  \u2026", "url_citations": "http://scholar.google.com/scholar?cites=6633322126102245984&as_sdt=2005&sciodt=1,5&hl=en"}, {"num_versions": 4, "url_citation": null, "title": "Predictive Relationships between Secondary School Students' Human Values, Motivational Beliefs, and Self-Regulated Learning Strategies.", "url": "http://eric.ed.gov/?id=EJ1016629", "url_versions": "http://scholar.google.com/scholar?cluster=9651747249467523710&hl=en&as_sdt=1,5&sciodt=1,5&as_vis=1", "year": "2013", "excerpt": "Abstract The purpose of this study was to investigate the exploratory and predictive relationships between secondary school students' human values and their motivational beliefs and self-regulated learning strategies and thus to test the relevant model was  ...", "url_pdf": null, "num_citations": 1, "cluster_id": "9651747249467523710", "authors": "I Tanriseven, B Dilmac - Educational Sciences: Theory and Practice", "url_citations": "http://scholar.google.com/scholar?cites=9651747249467523710&as_sdt=2005&sciodt=1,5&hl=en"}, {"num_versions": 8, "url_citation": null, "title": "Mathematics education values questionnaire for Turkish preservice mathematics teachers: Design, validation, and results", "url": "http://link.springer.com/article/10.1007/s10763-010-9213-8", "url_versions": "http://scholar.google.com/scholar?cluster=7385727057350480177&hl=en&as_sdt=1,5&sciodt=1,5&as_vis=1", "year": "2011", "excerpt": "Abstract The purpose of this study was to develop a questionnaire that could measure preservice mathematics teachers' mathematics educational values. Development and validation of the questionnaire involved a sequential inquiry in which design principles  ...", "url_pdf": null, "num_citations": 10, "cluster_id": "7385727057350480177", "authors": "Y Dede - International Journal of Science and Mathematics  \u2026", "url_citations": "http://scholar.google.com/scholar?cites=7385727057350480177&as_sdt=2005&sciodt=1,5&hl=en"}, {"num_versions": 3, "url_citation": null, "title": "Understanding silence and reticence: Ways of participating in second language acquisition", "url": "http://scholar.google.com/https://books.google.com/books?hl=en&lr=&id=8SrLAgAAQBAJ&oi=fnd&pg=PP1&ots=Hb6Xt7hE0d&sig=4c0OEjN59HGf5nb9BThsi8LVuNA", "url_versions": "http://scholar.google.com/scholar?cluster=4542628039607051766&hl=en&as_sdt=1,5&sciodt=1,5&as_vis=1", "year": "2014", "excerpt": "What is the state of that which is not spoken? This book presents empirical research related to the phenomenon of reticence in the second language classroom, connecting current knowledge and theoretical debates in language learning and acquisition. Why do  ...", "url_pdf": null, "num_citations": 2, "cluster_id": "4542628039607051766", "authors": "D Bao -", "url_citations": "http://scholar.google.com/scholar?cites=4542628039607051766&as_sdt=2005&sciodt=1,5&hl=en"}, {"num_versions": 6, "url_citation": null, "title": "Examining the Underlying Values of Turkish and German Mathematics Teachers' Decision Making Processes in Group Studies.", "url": "http://eric.ed.gov/?id=EJ1016658", "url_versions": "http://scholar.google.com/scholar?cluster=6742390003054049540&hl=en&as_sdt=1,5&sciodt=1,5&as_vis=1", "year": "2013", "excerpt": "Abstract The purpose of this study was to explore the values underlying the decision-making processes in group studies for Turkish and German mathematics teachers. This study presented a small part of a wider study investigating German and Turkish mathematics  ...", "url_pdf": null, "num_citations": 1, "cluster_id": "6742390003054049540", "authors": "Y Dede - Educational Sciences: Theory and Practice", "url_citations": "http://scholar.google.com/scholar?cites=6742390003054049540&as_sdt=2005&sciodt=1,5&hl=en"}]