[{"num_versions": 2, "url_citation": null, "title": "On the Performance of ConvNet Features for Place Recognition", "url": "http://arxiv.org/abs/1501.04158", "url_versions": "http://scholar.google.com/scholar?cluster=3839975763618528005&hl=en&as_sdt=1,5&sciodt=1,5&as_vis=1", "year": "2015", "excerpt": "Abstract: This paper provides a comprehensive investigation of the utility of ConvNet features for robotic place recognition under changing conditions and viewpoint. We focus on analyzing the performance of features extracted from different layers of a Convolutional  ...", "url_pdf": null, "num_citations": 4, "cluster_id": "3839975763618528005", "authors": "N S\u00fcnderhauf, F Dayoub, S Shirazi, B Upcroft\u2026 - arXiv preprint arXiv: \u2026", "url_citations": "http://scholar.google.com/scholar?cites=3839975763618528005&as_sdt=2005&sciodt=1,5&hl=en"}, {"num_versions": 2, "url_citation": null, "title": "Fine-grained plant classification using convolutional neural networks for feature extraction", "url": "http://ceur-ws.org/Vol-1180/CLEF2014wn-Life-SunderhaufEt2014.pdf", "url_versions": "http://scholar.google.com/scholar?cluster=16138236041746512100&hl=en&as_sdt=1,5&sciodt=1,5&as_vis=1", "year": "2014", "excerpt": "Abstract. We present an overview of the QUT plant classification system submitted to LifeCLEF 2014. This system uses generic features extracted from a convolutional neural network previously used to perform general object classification. We examine the  ...", "url_pdf": "http://ceur-ws.org/Vol-1180/CLEF2014wn-Life-SunderhaufEt2014.pdf", "num_citations": 5, "cluster_id": "16138236041746512100", "authors": "N Sunderhauf, C McCool, B Upcroft\u2026 - Working notes of CLEF  \u2026", "url_citations": "http://scholar.google.com/scholar?cites=16138236041746512100&as_sdt=2005&sciodt=1,5&hl=en"}, {"num_versions": 8, "url_citation": null, "title": "Improving language-universal feature extraction with deep maxout and convolutional neural networks", "url": "http://repository.cmu.edu/lti/71/", "url_versions": "http://scholar.google.com/scholar?cluster=3875862629426352142&hl=en&as_sdt=1,5&sciodt=1,5&as_vis=1", "year": "2014", "excerpt": "Abstract When deployed in automated speech recognition (ASR), deep neural networks (DNNs) can be treated as a complex feature extractor plus a simple linear classifier. Previous work has investigated the utility of multilingual DNNs acting as language- ...", "url_pdf": null, "num_citations": 11, "cluster_id": "3875862629426352142", "authors": "Y Miao, F Metze -", "url_citations": "http://scholar.google.com/scholar?cites=3875862629426352142&as_sdt=2005&sciodt=1,5&hl=en"}, {"num_versions": 8, "url_citation": null, "title": "Dropout improves recurrent neural networks for handwriting recognition", "url": "http://ieeexplore.ieee.org/xpls/abs_all.jsp?arnumber=6981034", "url_versions": "http://scholar.google.com/scholar?cluster=18071845558019952203&hl=en&as_sdt=1,5&sciodt=1,5&as_vis=1", "year": "2014", "excerpt": "Abstract\u2014Recurrent neural networks (RNNs) with Long Short-Term memory cells currently hold the best known results in unconstrained handwriting recognition. We show that their performance can be greatly improved using dropout-a recently proposed regularization  ...", "url_pdf": null, "num_citations": 12, "cluster_id": "18071845558019952203", "authors": "V Pham, T Bluche, C Kermorvant\u2026 - \u2026  (ICFHR)", "url_citations": "http://scholar.google.com/scholar?cites=18071845558019952203&as_sdt=2005&sciodt=1,5&hl=en"}, {"num_versions": 5, "url_citation": null, "title": "Medical image classification with convolutional neural network", "url": "http://ieeexplore.ieee.org/xpls/abs_all.jsp?arnumber=7064414", "url_versions": "http://scholar.google.com/scholar?cluster=4550335766771486404&hl=en&as_sdt=1,5&sciodt=1,5&as_vis=1", "year": "2014", "excerpt": "Abstract\u2014Image patch classification is an important task in many different medical imaging applications. In this work, we have designed a customized Convolutional Neural Networks (CNN) with shallow convolution layer to classify lung image patches with interstitial lung  ...", "url_pdf": null, "num_citations": 3, "cluster_id": "4550335766771486404", "authors": "Q Li, W Cai, X Wang, Y Zhou, DD Feng\u2026 - \u2026 Automation Robotics & \u2026", "url_citations": "http://scholar.google.com/scholar?cites=4550335766771486404&as_sdt=2005&sciodt=1,5&hl=en"}, {"num_versions": 8, "url_citation": null, "title": "Deep recursive neural networks for compositionality in language", "url": "http://papers.nips.cc/paper/5551-decomposing-parameter-estimation-problems", "url_versions": "http://scholar.google.com/scholar?cluster=14795161263853850797&hl=en&as_sdt=1,5&sciodt=1,5&as_vis=1", "year": "2014", "excerpt": "Abstract Recursive neural networks comprise a class of architecture that can operate on structured input. They have been previously successfully applied to model compositionality in natural language using parse-tree-based structural representations. Even though these  ...", "url_pdf": null, "num_citations": 22, "cluster_id": "14795161263853850797", "authors": "O Irsoy, C Cardie - Advances in Neural Information Processing  \u2026", "url_citations": "http://scholar.google.com/scholar?cites=14795161263853850797&as_sdt=2005&sciodt=1,5&hl=en"}, {"num_versions": 5, "url_citation": null, "title": "Dadiannao: A machine-learning supercomputer", "url": "http://ieeexplore.ieee.org/xpls/abs_all.jsp?arnumber=7011421", "url_versions": "http://scholar.google.com/scholar?cluster=6197973223185259372&hl=en&as_sdt=1,5&sciodt=1,5&as_vis=1", "year": "2014", "excerpt": "Abstract\u2014Many companies are deploying services, either for consumers or industry, which are largely based on machine-learning algorithms for sophisticated processing of large amounts of data. The state-of-the-art and most popular such machine-learning algorithms  ...", "url_pdf": null, "num_citations": 13, "cluster_id": "6197973223185259372", "authors": "Y Chen, T Luo, S Liu, S Zhang, L He\u2026 - \u2026  (MICRO)", "url_citations": "http://scholar.google.com/scholar?cites=6197973223185259372&as_sdt=2005&sciodt=1,5&hl=en"}, {"num_versions": 3, "url_citation": null, "title": "Dual system combination approach for various reverberant environments with dereverberation techniques", "url": "http://scholar.google.com/https://www.merl.com/publications/docs/TR2014-032.pdf", "url_versions": "http://scholar.google.com/scholar?cluster=12798742671841415794&hl=en&as_sdt=1,5&sciodt=1,5&as_vis=1", "year": "2014", "excerpt": "Abstract The recently introduced REVERB challenge includes a reverberant speech recognition task. We focus on state-of-the-art ASR techniques such as discriminative training and various feature trans-formations including Gaussian mixture model, sub-space  ...", "url_pdf": "http://scholar.google.com/https://www.merl.com/publications/docs/TR2014-032.pdf", "num_citations": 4, "cluster_id": "12798742671841415794", "authors": "Y Tachioka, T Narita, F Weninger\u2026 - Proc. REVERB challenge  \u2026", "url_citations": "http://scholar.google.com/scholar?cites=12798742671841415794&as_sdt=2005&sciodt=1,5&hl=en"}, {"num_versions": 16, "url_citation": null, "title": "Deepface: Closing the gap to human-level performance in face verification", "url": "http://ieeexplore.ieee.org/xpls/abs_all.jsp?arnumber=6909616", "url_versions": "http://scholar.google.com/scholar?cluster=11698767426478135999&hl=en&as_sdt=1,5&sciodt=1,5&as_vis=1", "year": "2014", "excerpt": "Abstract In modern face recognition, the conventional pipeline consists of four stages: detect\u21d2 align\u21d2 represent\u21d2 classify. We revisit both the alignment step and the representation step by employing explicit 3D face modeling in order to apply a piecewise  ...", "url_pdf": null, "num_citations": 308, "cluster_id": "11698767426478135999", "authors": "Y Taigman, M Yang, MA Ranzato\u2026 - Computer Vision and  \u2026", "url_citations": "http://scholar.google.com/scholar?cites=11698767426478135999&as_sdt=2005&sciodt=1,5&hl=en"}, {"num_versions": 6, "url_citation": null, "title": "Deep maxout networks for low-resource speech recognition", "url": "http://ieeexplore.ieee.org/xpls/abs_all.jsp?arnumber=6707763", "url_versions": "http://scholar.google.com/scholar?cluster=8695533712697007036&hl=en&as_sdt=1,5&sciodt=1,5&as_vis=1", "year": "2013", "excerpt": "ABSTRACT As a feed-forward architecture, the recently proposed maxout networks integrate dropout naturally and show stateof-the-art results on various computer vision datasets. This paper investigates the application of deep maxout networks (DMNs) to large vocabulary  ...", "url_pdf": null, "num_citations": 39, "cluster_id": "8695533712697007036", "authors": "Y Miao, F Metze, S Rawat - Automatic Speech Recognition and  \u2026", "url_citations": "http://scholar.google.com/scholar?cites=8695533712697007036&as_sdt=2005&sciodt=1,5&hl=en"}, {"num_versions": 4, "url_citation": null, "title": "Diannao: A small-footprint high-throughput accelerator for ubiquitous machine-learning", "url": "http://dl.acm.org/citation.cfm?id=2541967", "url_versions": "http://scholar.google.com/scholar?cluster=1688906332146711439&hl=en&as_sdt=1,5&sciodt=1,5&as_vis=1", "year": "2014", "excerpt": "Abstract Machine-Learning tasks are becoming pervasive in a broad range of domains, and in a broad range of systems (from embedded systems to data centers). At the same time, a small set of machine-learning algorithms (especially Convolutional and Deep Neural  ...", "url_pdf": null, "num_citations": 39, "cluster_id": "1688906332146711439", "authors": "T Chen, Z Du, N Sun, J Wang, C Wu, Y Chen\u2026 - ACM SIGPLAN  \u2026", "url_citations": "http://scholar.google.com/scholar?cites=1688906332146711439&as_sdt=2005&sciodt=1,5&hl=en"}, {"num_versions": 11, "url_citation": null, "title": "Deepface: Closing the gap to human-level performance in face verification", "url": "http://www.cs.tau.ac.il/%7Ewolf/papers/deepface_11_01_2013.pdf", "url_versions": "http://scholar.google.com/scholar?cluster=2990289882881076267&hl=en&as_sdt=1,5&sciodt=1,5&as_vis=1", "year": "2014", "excerpt": "Abstract In modern face recognition, the conventional pipeline consists of four stages: detect\u21d2 align\u21d2 represent\u21d2 classify. We revisit both the alignment step and the representation step by employing explicit 3D face modeling in order to apply a piecewise  ...", "url_pdf": "http://www.cs.tau.ac.il/%7Ewolf/papers/deepface_11_01_2013.pdf", "num_citations": 4, "cluster_id": "2990289882881076267", "authors": "L Wolf - Computer Vision and Pattern Recognition (CVPR),  \u2026", "url_citations": "http://scholar.google.com/scholar?cites=2990289882881076267&as_sdt=2005&sciodt=1,5&hl=en"}, {"num_versions": 0, "url_citation": null, "title": "Global Optimality in Tensor Factorization, Deep Learning, and Beyond", "url": "http://arxiv.org/abs/1506.07540", "url_versions": null, "year": "2015", "excerpt": "Abstract: Techniques involving factorization are found in a wide range of applications and have enjoyed significant empirical success in many fields. However, common to a vast majority of these problems is the significant disadvantage that the associated optimization  ...", "url_pdf": null, "num_citations": 1, "cluster_id": "9123361541541265788", "authors": "BD Haeffele, R Vidal - arXiv preprint arXiv:1506.07540", "url_citations": "http://scholar.google.com/scholar?cites=9123361541541265788&as_sdt=2005&sciodt=1,5&hl=en"}, {"num_versions": 4, "url_citation": null, "title": "Deep convolutional neural networks for large-scale speech tasks", "url": "http://www.sciencedirect.com/science/article/pii/S0893608014002007", "url_versions": "http://scholar.google.com/scholar?cluster=12690643324054662238&hl=en&as_sdt=1,5&sciodt=1,5&as_vis=1", "year": "2015", "excerpt": "Abstract Convolutional Neural Networks (CNNs) are an alternative type of neural network that can be used to reduce spectral variations and model spectral correlations which exist in signals. Since speech signals exhibit both of these properties, we hypothesize that CNNs  ...", "url_pdf": null, "num_citations": 15, "cluster_id": "12690643324054662238", "authors": "TN Sainath, B Kingsbury, G Saon, H Soltau\u2026 - Neural Networks", "url_citations": "http://scholar.google.com/scholar?cites=12690643324054662238&as_sdt=2005&sciodt=1,5&hl=en"}, {"num_versions": 16, "url_citation": null, "title": "New types of deep neural network learning for speech recognition and related applications: An overview", "url": "http://ieeexplore.ieee.org/xpls/abs_all.jsp?arnumber=6639344", "url_versions": "http://scholar.google.com/scholar?cluster=10871829039953032247&hl=en&as_sdt=1,5&sciodt=1,5&as_vis=1", "year": "2013", "excerpt": "ABSTRACT In this paper, we provide an overview of the invited and contributed papers presented at the special session at ICASSP-2013, entitled \u201cNew Types of Deep Neural Network Learning for Speech Recognition and Related Applications,\u201d as organized by the  ...", "url_pdf": null, "num_citations": 82, "cluster_id": "10871829039953032247", "authors": "L Deng, G Hinton, B Kingsbury - Acoustics, Speech and Signal  \u2026", "url_citations": "http://scholar.google.com/scholar?cites=10871829039953032247&as_sdt=2005&sciodt=1,5&hl=en"}, {"num_versions": 11, "url_citation": null, "title": "Convolutional neural network architectures for matching natural language sentences", "url": "http://papers.nips.cc/paper/5550-distance-based-network-recovery-under-feature-correlation", "url_versions": "http://scholar.google.com/scholar?cluster=212244750819910358&hl=en&as_sdt=1,5&sciodt=1,5&as_vis=1", "year": "2014", "excerpt": "Abstract Semantic matching is of central importance to many natural language tasks\\ cite {bordes2014semantic, RetrievalQA}. A successful matching algorithm needs to adequately model the internal structures of language objects and the interaction between them. As a  ...", "url_pdf": null, "num_citations": 33, "cluster_id": "212244750819910358", "authors": "B Hu, Z Lu, H Li, Q Chen - Advances in Neural Information  \u2026", "url_citations": "http://scholar.google.com/scholar?cites=212244750819910358&as_sdt=2005&sciodt=1,5&hl=en"}, {"num_versions": 2, "url_citation": null, "title": "Annealed dropout training of deep networks", "url": "http://ieeexplore.ieee.org/xpls/abs_all.jsp?arnumber=7078567", "url_versions": "http://scholar.google.com/scholar?cluster=14806885845369325580&hl=en&as_sdt=1,5&sciodt=1,5&as_vis=1", "year": "2014", "excerpt": "ABSTRACT Recently it has been shown that when training neural networks on a limited amount of data, randomly zeroing, or\u201d dropping out\u201d a fixed percentage of the outputs of a given layer for each training case can improve test set performance significantly. Dropout  ...", "url_pdf": null, "num_citations": 7, "cluster_id": "14806885845369325580", "authors": "SJ Rennie, V Goel, S Thomas - Spoken Language Technology  \u2026", "url_citations": "http://scholar.google.com/scholar?cites=14806885845369325580&as_sdt=2005&sciodt=1,5&hl=en"}, {"num_versions": 2, "url_citation": null, "title": "Large vocabulary continuous speech recognition with reservoir-based acoustic models", "url": "http://ieeexplore.ieee.org/xpls/abs_all.jsp?arnumber=6719536", "url_versions": "http://scholar.google.com/scholar?cluster=14866719911875175667&hl=en&as_sdt=1,5&sciodt=1,5&as_vis=1", "year": "2014", "excerpt": "Abstract\u2014Thanks to research in neural network based acoustic modeling, progress in Large Vocabulary Continuous Speech Recognition (LVCSR) seems to have gained momentum recently. In search for further progress, the present letter investigates Reservoir  ...", "url_pdf": null, "num_citations": 5, "cluster_id": "14866719911875175667", "authors": "F Triefenbach, K Demuynck\u2026 - Signal Processing Letters \u2026", "url_citations": "http://scholar.google.com/scholar?cites=14866719911875175667&as_sdt=2005&sciodt=1,5&hl=en"}, {"num_versions": 2, "url_citation": null, "title": "Elastic spectral distortion for low resource speech recognition with deep neural networks", "url": "http://ieeexplore.ieee.org/xpls/abs_all.jsp?arnumber=6707748", "url_versions": "http://scholar.google.com/scholar?cluster=11914730911614939478&hl=en&as_sdt=1,5&sciodt=1,5&as_vis=1", "year": "2013", "excerpt": "ABSTRACT An acoustic model based on hidden Markov models with deep neural networks (DNN-HMM) has recently been proposed and achieved high recognition accuracy. In this paper, we investigated an elastic spectral distortion method to artificially augment training  ...", "url_pdf": null, "num_citations": 10, "cluster_id": "11914730911614939478", "authors": "N Kanda, R Takeda, Y Obuchi - Automatic Speech Recognition \u2026", "url_citations": "http://scholar.google.com/scholar?cites=11914730911614939478&as_sdt=2005&sciodt=1,5&hl=en"}, {"num_versions": 11, "url_citation": null, "title": "Investigation of maxout networks for speech recognition", "url": "http://ieeexplore.ieee.org/xpls/abs_all.jsp?arnumber=6855088", "url_versions": "http://scholar.google.com/scholar?cluster=1540311442719363872&hl=en&as_sdt=1,5&sciodt=1,5&as_vis=1", "year": "2014", "excerpt": "ABSTRACT We explore the use of maxout neuron in various aspects of acoustic modelling for large vocabulary speech recognition systems; including low-resource scenario and multilingual knowledge transfers. Through the experiments on voice search and short  ...", "url_pdf": null, "num_citations": 9, "cluster_id": "1540311442719363872", "authors": "P Swietojanski, J Li, JT Huang - Acoustics, Speech and Signal  \u2026", "url_citations": "http://scholar.google.com/scholar?cites=1540311442719363872&as_sdt=2005&sciodt=1,5&hl=en"}, {"num_versions": 6, "url_citation": null, "title": "Black box optimization for automatic speech recognition", "url": "http://ieeexplore.ieee.org/xpls/abs_all.jsp?arnumber=6854202", "url_versions": "http://scholar.google.com/scholar?cluster=15714369445761750509&hl=en&as_sdt=1,5&sciodt=1,5&as_vis=1", "year": "2014", "excerpt": "ABSTRACT State-of-the-art automatic speech recognition (ASR) systems are very complex, combining multiple techniques and involving many types of tuning parameters (eg, numbers of states and Gaussians in HMMs, numbers of neurons/layers and learning rates in neural  ...", "url_pdf": null, "num_citations": 7, "cluster_id": "15714369445761750509", "authors": "S Watanabe, J Le Roux - Acoustics, Speech and Signal  \u2026", "url_citations": "http://scholar.google.com/scholar?cites=15714369445761750509&as_sdt=2005&sciodt=1,5&hl=en"}, {"num_versions": 14, "url_citation": null, "title": "Deep learning in neural networks: An overview", "url": "http://www.sciencedirect.com/science/article/pii/S0893608014002135", "url_versions": "http://scholar.google.com/scholar?cluster=15932869302045479284&hl=en&as_sdt=1,5&sciodt=1,5&as_vis=1", "year": "2015", "excerpt": "Abstract In recent years, deep artificial neural networks (including recurrent ones) have won numerous contests in pattern recognition and machine learning. This historical survey compactly summarizes relevant work, much of it from the previous millennium. Shallow  ...", "url_pdf": null, "num_citations": 143, "cluster_id": "15932869302045479284", "authors": "J Schmidhuber - Neural Networks", "url_citations": "http://scholar.google.com/scholar?cites=15932869302045479284&as_sdt=2005&sciodt=1,5&hl=en"}, {"num_versions": 4, "url_citation": null, "title": "First-pass large vocabulary continuous speech recognition using bi-directional recurrent DNNs", "url": "http://arxiv.org/abs/1408.2873", "url_versions": "http://scholar.google.com/scholar?cluster=17319911155495622702&hl=en&as_sdt=1,5&sciodt=1,5&as_vis=1", "year": "2014", "excerpt": "Abstract: We present a method to perform first-pass large vocabulary continuous speech recognition using only a neural network and language model. Deep neural network acoustic models are now commonplace in HMM-based speech recognition systems, but building  ...", "url_pdf": null, "num_citations": 5, "cluster_id": "17319911155495622702", "authors": "AL Maas, AY Hannun, D Jurafsky, AY Ng - arXiv preprint arXiv:1408.2873", "url_citations": "http://scholar.google.com/scholar?cites=17319911155495622702&as_sdt=2005&sciodt=1,5&hl=en"}, {"num_versions": 14, "url_citation": null, "title": "Event-driven contrastive divergence for spiking neuromorphic systems", "url": "http://www.ncbi.nlm.nih.gov/pmc/articles/PMC3922083/", "url_versions": "http://scholar.google.com/scholar?cluster=10658178646278743741&hl=en&as_sdt=1,5&sciodt=1,5&as_vis=1", "year": "2013", "excerpt": "Abstract Restricted Boltzmann Machines (RBMs) and Deep Belief Networks have been demonstrated to perform efficiently in a variety of applications, such as dimensionality reduction, feature learning, and classification. Their implementation on neuromorphic  ...", "url_pdf": null, "num_citations": 19, "cluster_id": "10658178646278743741", "authors": "E Neftci, S Das, B Pedroni\u2026 - Frontiers in  \u2026", "url_citations": "http://scholar.google.com/scholar?cites=10658178646278743741&as_sdt=2005&sciodt=1,5&hl=en"}, {"num_versions": 2, "url_citation": null, "title": "Over-Sampling in a Deep Neural Network", "url": "http://arxiv.org/abs/1502.03648", "url_versions": "http://scholar.google.com/scholar?cluster=18349035286445598161&hl=en&as_sdt=1,5&sciodt=1,5&as_vis=1", "year": "2015", "excerpt": "Abstract: Deep neural networks (DNN) are the state of the art on many engineering problems such as computer vision and audition. A key factor in the success of the DNN is scalability-bigger networks work better. However, the reason for this scalability is not yet  ...", "url_pdf": null, "num_citations": 5, "cluster_id": "18349035286445598161", "authors": "AJR Simpson - arXiv preprint arXiv:1502.03648", "url_citations": "http://scholar.google.com/scholar?cites=18349035286445598161&as_sdt=2005&sciodt=1,5&hl=en"}, {"num_versions": 6, "url_citation": null, "title": "Deep neural networks for small footprint text-dependent speaker verification", "url": "http://ieeexplore.ieee.org/xpls/abs_all.jsp?arnumber=6854363", "url_versions": "http://scholar.google.com/scholar?cluster=3580459374182588409&hl=en&as_sdt=1,5&sciodt=1,5&as_vis=1", "year": "2014", "excerpt": "ABSTRACT In this paper we investigate the use of deep neural networks (DNNs) for a small footprint text-dependent speaker verification task. At development stage, a DNN is trained to classify speakers at the framelevel. During speaker enrollment, the trained DNN is used to  ...", "url_pdf": null, "num_citations": 19, "cluster_id": "3580459374182588409", "authors": "E Variani, X Lei, E McDermott\u2026 - \u2026 , Speech and Signal  \u2026", "url_citations": "http://scholar.google.com/scholar?cites=3580459374182588409&as_sdt=2005&sciodt=1,5&hl=en"}, {"num_versions": 12, "url_citation": null, "title": "Phone sequence modeling with recurrent neural networks", "url": "http://ieeexplore.ieee.org/xpls/abs_all.jsp?arnumber=6854638", "url_versions": "http://scholar.google.com/scholar?cluster=14153365470577751388&hl=en&as_sdt=1,5&sciodt=1,5&as_vis=1", "year": "2014", "excerpt": "ABSTRACT In this paper, we investigate phone sequence modeling with recurrent neural networks in the context of speech recognition. We introduce a hybrid architecture that combines a phonetic model with an arbitrary frame-level acoustic model and we propose  ...", "url_pdf": null, "num_citations": 4, "cluster_id": "14153365470577751388", "authors": "N Boulanger-Lewandowski, J Droppo\u2026 - \u2026 , Speech and Signal  \u2026", "url_citations": "http://scholar.google.com/scholar?cites=14153365470577751388&as_sdt=2005&sciodt=1,5&hl=en"}, {"num_versions": 5, "url_citation": null, "title": "Combining modality specific deep neural networks for emotion recognition in video", "url": "http://dl.acm.org/citation.cfm?id=2531745", "url_versions": "http://scholar.google.com/scholar?cluster=10489157767107369829&hl=en&as_sdt=1,5&sciodt=1,5&as_vis=1", "year": "2013", "excerpt": "Abstract In this paper we present the techniques used for the University of Montr\u00e9al's team submissions to the 2013 Emotion Recognition in the Wild Challenge. The challenge is to classify the emotions expressed by the primary human subject in short video clips  ...", "url_pdf": null, "num_citations": 19, "cluster_id": "10489157767107369829", "authors": "SE Kahou, C Pal, X Bouthillier, P Froumenty\u2026 - Proceedings of the 15th \u2026", "url_citations": "http://scholar.google.com/scholar?cites=10489157767107369829&as_sdt=2005&sciodt=1,5&hl=en"}, {"num_versions": 5, "url_citation": null, "title": "On the computational efficiency of training neural networks", "url": "http://papers.nips.cc/paper/5267-on-the-computational-efficiency-of-training-neural-networks", "url_versions": "http://scholar.google.com/scholar?cluster=2755997338821349775&hl=en&as_sdt=1,5&sciodt=1,5&as_vis=1", "year": "2014", "excerpt": "Abstract It is well-known that neural networks are computationally hard to train. On the other hand, in practice, modern day neural networks are trained efficiently using SGD and a variety of tricks that include different activation functions (eg ReLU), over-specification (ie,  ...", "url_pdf": null, "num_citations": 10, "cluster_id": "2755997338821349775", "authors": "R Livni, S Shalev-Shwartz, O Shamir - Advances in Neural  \u2026", "url_citations": "http://scholar.google.com/scholar?cites=2755997338821349775&as_sdt=2005&sciodt=1,5&hl=en"}, {"num_versions": 3, "url_citation": null, "title": "Combining time-and frequency-domain convolution in convolutional neural network-based phone recognition", "url": "http://ieeexplore.ieee.org/xpls/abs_all.jsp?arnumber=6853584", "url_versions": "http://scholar.google.com/scholar?cluster=8070961919066976135&hl=en&as_sdt=1,5&sciodt=1,5&as_vis=1", "year": "2014", "excerpt": "ABSTRACT Convolutional neural networks have proved very successful in image recognition, thanks to their tolerance to small translations. They have recently been applied to speech recognition as well, using a spectral representation as input. However, in this  ...", "url_pdf": null, "num_citations": 12, "cluster_id": "8070961919066976135", "authors": "L T\u00f3th - Acoustics, Speech and Signal Processing (ICASSP),  \u2026", "url_citations": "http://scholar.google.com/scholar?cites=8070961919066976135&as_sdt=2005&sciodt=1,5&hl=en"}, {"num_versions": 5, "url_citation": null, "title": "Convolutional deep maxout networks for phone recognition", "url": "http://193.6.4.39/%7Eczap/letoltes/IS14/IS2014/PDF/AUTHOR/IS140170.PDF", "url_versions": "http://scholar.google.com/scholar?cluster=8695162892098936847&hl=en&as_sdt=1,5&sciodt=1,5&as_vis=1", "year": "2014", "excerpt": "Abstract Convolutional neural networks have recently been shown to outperform fully connected deep neural networks on several speech recognition tasks. Their superior performance is due to their convolutional structure that processes several, slightly shifted  ...", "url_pdf": null, "num_citations": 8, "cluster_id": "8695162892098936847", "authors": "L T\u00f3th - Proc. Interspeech", "url_citations": "http://scholar.google.com/scholar?cites=8695162892098936847&as_sdt=2005&sciodt=1,5&hl=en"}, {"num_versions": 6, "url_citation": null, "title": "Improving low-resource CD-DNN-HMM using dropout and multilingual DNN training", "url": "http://repository.cmu.edu/lti/99/", "url_versions": "http://scholar.google.com/scholar?cluster=12569312866898395760&hl=en&as_sdt=1,5&sciodt=1,5&as_vis=1", "year": "2013", "excerpt": "Abstract We investigate two strategies to improve the context-dependent deep neural network hidden Markov model (CD-DNN-HMM) in low-resource speech recognition. Although outperforming the conventional Gaussian mixture model (GMM) HMM on various  ...", "url_pdf": null, "num_citations": 29, "cluster_id": "12569312866898395760", "authors": "Y Miao, F Metze -", "url_citations": "http://scholar.google.com/scholar?cites=12569312866898395760&as_sdt=2005&sciodt=1,5&hl=en"}, {"num_versions": 5, "url_citation": null, "title": "Investigation of speech separation as a front-end for noise robust speech recognition", "url": "http://ieeexplore.ieee.org/xpls/abs_all.jsp?arnumber=6739096", "url_versions": "http://scholar.google.com/scholar?cluster=15212335728807445178&hl=en&as_sdt=1,5&sciodt=1,5&as_vis=1", "year": "2014", "excerpt": "Abstract\u2014Recently, supervised classification has been shown to work well for the task of speech separation. We perform an in-depth evaluation of such techniques as a front-end for noise-robust automatic speech recognition (ASR). The proposed separation front-end  ...", "url_pdf": null, "num_citations": 26, "cluster_id": "15212335728807445178", "authors": "A Narayanan, DL Wang - Audio, Speech, and Language  \u2026", "url_citations": "http://scholar.google.com/scholar?cites=15212335728807445178&as_sdt=2005&sciodt=1,5&hl=en"}, {"num_versions": 0, "url_citation": null, "title": "Improving long short-term memory networks using maxout units for large vocabulary speech recognition", "url": "http://ieeexplore.ieee.org/xpls/abs_all.jsp?arnumber=7178842", "url_versions": null, "year": "2015", "excerpt": "ABSTRACT Long short-term memory (LSTM) recurrent neural networks have been shown to give state-of-the-art performance on many speech recognition tasks. To achieve a further performance improvement, in this paper, maxout units are proposed to be integrated with  ...", "url_pdf": null, "num_citations": 2, "cluster_id": "2558242648756630951", "authors": "X Li, X Wu - Acoustics, Speech and Signal Processing (ICASSP \u2026", "url_citations": "http://scholar.google.com/scholar?cites=2558242648756630951&as_sdt=2005&sciodt=1,5&hl=en"}, {"num_versions": 4, "url_citation": null, "title": "Web-scale training for face identification", "url": "http://arxiv.org/abs/1406.5266", "url_versions": "http://scholar.google.com/scholar?cluster=3588055687341578089&hl=en&as_sdt=1,5&sciodt=1,5&as_vis=1", "year": "2014", "excerpt": "Abstract: Scaling machine learning methods to massive datasets has attracted considerable attention in recent years, thanks to easy access to ubiquitous sensing and data from the web. Face recognition is a task of great practical interest for which (i) very large labeled  ...", "url_pdf": null, "num_citations": 7, "cluster_id": "3588055687341578089", "authors": "Y Taigman, M Yang, MA Ranzato, L Wolf - arXiv preprint arXiv:1406.5266", "url_citations": "http://scholar.google.com/scholar?cites=3588055687341578089&as_sdt=2005&sciodt=1,5&hl=en"}, {"num_versions": 0, "url_citation": null, "title": "Answer sequence learning with neural networks for answer selection in community question answering", "url": "http://arxiv.org/abs/1506.06490", "url_versions": null, "year": "2015", "excerpt": "Abstract: In this paper, the answer selection problem in community question answering (CQA) is regarded as an answer sequence labeling task, and a novel approach is proposed based on the recurrent architecture for this problem. Our approach applies convolution  ...", "url_pdf": null, "num_citations": 2, "cluster_id": "555704266608645237", "authors": "X Zhou, B Hu, Q Chen, B Tang, X Wang - arXiv preprint arXiv:1506.06490", "url_citations": "http://scholar.google.com/scholar?cites=555704266608645237&as_sdt=2005&sciodt=1,5&hl=en"}, {"num_versions": 8, "url_citation": null, "title": "A primal-dual method for training recurrent neural networks constrained by the echo-state property", "url": "http://arxiv.org/abs/1311.6091", "url_versions": "http://scholar.google.com/scholar?cluster=6487030979241587260&hl=en&as_sdt=1,5&sciodt=1,5&as_vis=1", "year": "2013", "excerpt": "Abstract: We present an architecture of a recurrent neural network (RNN) with a fully-connected deep neural network (DNN) as its feature extractor. The RNN is equipped with both causal temporal prediction and non-causal look-ahead, via auto-regression (AR) and  ...", "url_pdf": null, "num_citations": 14, "cluster_id": "6487030979241587260", "authors": "J Chen, L Deng - arXiv preprint arXiv:1311.6091", "url_citations": "http://scholar.google.com/scholar?cites=6487030979241587260&as_sdt=2005&sciodt=1,5&hl=en"}, {"num_versions": 2, "url_citation": null, "title": "Bayesian Optimization and Semiparametric Models with Applications to Assistive Technology", "url": "http://people.seas.harvard.edu/%7Ejsnoek/Snoek_Jasper_R_201311_PhD_thesis.pdf", "url_versions": "http://scholar.google.com/scholar?cluster=17004590619807751007&hl=en&as_sdt=1,5&sciodt=1,5&as_vis=1", "year": "2013", "excerpt": "Advances in machine learning are having a profound impact on disciplines spanning the sciences. Assistive technology and health informatics are fields for which minor improvements achieved through leveraging more advanced machine learning algorithms  ...", "url_pdf": "http://people.seas.harvard.edu/%7Ejsnoek/Snoek_Jasper_R_201311_PhD_thesis.pdf", "num_citations": 5, "cluster_id": "17004590619807751007", "authors": "J Snoek -", "url_citations": "http://scholar.google.com/scholar?cites=17004590619807751007&as_sdt=2005&sciodt=1,5&hl=en"}, {"num_versions": 2, "url_citation": null, "title": "Abstract Learning via Demodulation in a Deep Neural Network", "url": "http://arxiv.org/abs/1502.04042", "url_versions": "http://scholar.google.com/scholar?cluster=16678338132317152070&hl=en&as_sdt=1,5&sciodt=1,5&as_vis=1", "year": "2015", "excerpt": "Abstract: Inspired by the brain, deep neural networks (DNN) are thought to learn abstract representations through their hierarchical architecture. However, at present, how this happens is not well understood. Here, we demonstrate that DNN learn abstract  ...", "url_pdf": null, "num_citations": 13, "cluster_id": "16678338132317152070", "authors": "AJR Simpson - arXiv preprint arXiv:1502.04042", "url_citations": "http://scholar.google.com/scholar?cites=16678338132317152070&as_sdt=2005&sciodt=1,5&hl=en"}, {"num_versions": 9, "url_citation": null, "title": "Compete to compute", "url": "http://papers.nips.cc/paper/5059-compete-to-compute", "url_versions": "http://scholar.google.com/scholar?cluster=12509522841452930880&hl=en&as_sdt=1,5&sciodt=1,5&as_vis=1", "year": "2013", "excerpt": "Abstract Local competition among neighboring neurons is common in biological neural networks (NNs). We apply the concept to gradient-based, backprop-trained artificial multilayer NNs. NNs with competing linear units tend to outperform those with non- ...", "url_pdf": null, "num_citations": 18, "cluster_id": "12509522841452930880", "authors": "RK Srivastava, J Masci, S Kazerounian\u2026 - Advances in Neural  \u2026", "url_citations": "http://scholar.google.com/scholar?cites=12509522841452930880&as_sdt=2005&sciodt=1,5&hl=en"}, {"num_versions": 2, "url_citation": null, "title": "X1000 real-time phoneme recognition VLSI using feed-forward deep neural networks", "url": "http://ieeexplore.ieee.org/xpls/abs_all.jsp?arnumber=6855060", "url_versions": "http://scholar.google.com/scholar?cluster=7863751410856808952&hl=en&as_sdt=1,5&sciodt=1,5&as_vis=1", "year": "2014", "excerpt": "ABSTRACT Deep neural networks show very good performance in phoneme and speech recognition applications when compared to previously used GMM (Gaussian Mixture Model)-based ones. However, efficient implementation of deep neural networks is difficult  ...", "url_pdf": null, "num_citations": 4, "cluster_id": "7863751410856808952", "authors": "J Kim, K Hwang, W Sung - Acoustics, Speech and Signal  \u2026", "url_citations": "http://scholar.google.com/scholar?cites=7863751410856808952&as_sdt=2005&sciodt=1,5&hl=en"}, {"num_versions": 6, "url_citation": null, "title": "Boosted deep neural networks and multiresolution cochleagram features for voice activity detection", "url": "http://193.6.4.39/%7Eczap/letoltes/IS14/IS2014/PDF/AUTHOR/IS140112.PDF", "url_versions": "http://scholar.google.com/scholar?cluster=13301934447089890682&hl=en&as_sdt=1,5&sciodt=1,5&as_vis=1", "year": "2014", "excerpt": "Abstract Voice activity detection (VAD) is an important frontend of many speech processing systems. In this paper, we describe a new VAD algorithm based on boosted deep neural networks (bDNNs). The proposed algorithm first generates multiple base predictions for a  ...", "url_pdf": null, "num_citations": 10, "cluster_id": "13301934447089890682", "authors": "XL Zhang, DL Wang - Proc. Interspeech", "url_citations": "http://scholar.google.com/scholar?cites=13301934447089890682&as_sdt=2005&sciodt=1,5&hl=en"}, {"num_versions": 2, "url_citation": null, "title": "Rectifier nonlinearities improve neural network acoustic models", "url": "http://ai.stanford.edu/%7Eamaas/papers/relu_hybrid_icml2013_final.pdf", "url_versions": "http://scholar.google.com/scholar?cluster=13874212620286738798&hl=en&as_sdt=1,5&sciodt=1,5&as_vis=1", "year": "2013", "excerpt": "Abstract Deep neural network acoustic models produce substantial gains in large vocabulary continuous speech recognition systems. Emerging work with rectified linear (ReL) hidden units demonstrates additional gains in final system performance relative to  ...", "url_pdf": "http://ai.stanford.edu/%7Eamaas/papers/relu_hybrid_icml2013_final.pdf", "num_citations": 70, "cluster_id": "13874212620286738798", "authors": "AL Maas, AY Hannun, AY Ng - Proc. ICML", "url_citations": "http://scholar.google.com/scholar?cites=13874212620286738798&as_sdt=2005&sciodt=1,5&hl=en"}, {"num_versions": 3, "url_citation": null, "title": "Improving deep neural networks for LVCSR using dropout and shrinking structure", "url": "http://ieeexplore.ieee.org/xpls/abs_all.jsp?arnumber=6854927", "url_versions": "http://scholar.google.com/scholar?cluster=13046596598399061058&hl=en&as_sdt=1,5&sciodt=1,5&as_vis=1", "year": "2014", "excerpt": "ABSTRACT Recently, the hybrid deep neural networks and hidden Markov models (DNN/HMMs) have achieved dramatic gains over the conventional GMM/HMMs method on various large vocabulary continuous speech recognition (LVCSR) tasks. In this paper, we  ...", "url_pdf": null, "num_citations": 8, "cluster_id": "13046596598399061058", "authors": "S Zhang, Y Bao, P Zhou, H Jiang\u2026 - Acoustics, Speech and  \u2026", "url_citations": "http://scholar.google.com/scholar?cites=13046596598399061058&as_sdt=2005&sciodt=1,5&hl=en"}, {"num_versions": 2, "url_citation": null, "title": "Deep Convolutional Neural Networks for Acoustic Modeling in Low Resource Languages", "url": "http://williamchan.ca/papers/wchan-icassp-2015.pdf", "url_versions": "http://scholar.google.com/scholar?cluster=9135194495028300734&hl=en&as_sdt=1,5&sciodt=1,5&as_vis=1", "year": "2015", "excerpt": "ABSTRACT Deep Neural Networks (DNNs) have given many state-of-theart results to acoustic modelling in many Automatic Speech Recognition (ASR) tasks. More recently, Convolutional Neural Networks (CNNs) have demonstrated powerful acoustic modelling  ...", "url_pdf": "http://williamchan.ca/papers/wchan-icassp-2015.pdf", "num_citations": 2, "cluster_id": "9135194495028300734", "authors": "W Chan, I Lane - \u2026  Conference on Acoustics, Speech and Signal  \u2026", "url_citations": "http://scholar.google.com/scholar?cites=9135194495028300734&as_sdt=2005&sciodt=1,5&hl=en"}, {"num_versions": 2, "url_citation": null, "title": "Deep scattering spectrum with deep neural networks", "url": "http://ieeexplore.ieee.org/xpls/abs_all.jsp?arnumber=6853588", "url_versions": "http://scholar.google.com/scholar?cluster=4578363256009298483&hl=en&as_sdt=1,5&sciodt=1,5&as_vis=1", "year": "2014", "excerpt": "ABSTRACT State-of-the-art convolutional neural networks (CNNs) typically use a log-mel spectral representation of the speech signal. However, this representation is limited by the spectro-temporal resolution afforded by log-mel filter-banks. A novel technique known as  ...", "url_pdf": null, "num_citations": 3, "cluster_id": "4578363256009298483", "authors": "V Peddinti, TN Sainath, S Maymon\u2026 - \u2026 , Speech and Signal  \u2026", "url_citations": "http://scholar.google.com/scholar?cites=4578363256009298483&as_sdt=2005&sciodt=1,5&hl=en"}, {"num_versions": 4, "url_citation": null, "title": "Improved music feature learning with deep neural networks", "url": "http://ieeexplore.ieee.org/xpls/abs_all.jsp?arnumber=6854949", "url_versions": "http://scholar.google.com/scholar?cluster=15578502350923873747&hl=en&as_sdt=1,5&sciodt=1,5&as_vis=1", "year": "2014", "excerpt": "ABSTRACT Recent advances in neural network training provide a way to efficiently learn representations from raw data. Good representations are an important requirement for Music Information Retrieval (MIR) tasks to be performed successfully. However, a major problem  ...", "url_pdf": null, "num_citations": 8, "cluster_id": "15578502350923873747", "authors": "S Sigtia, S Dixon - \u2026  and Signal Processing (ICASSP)", "url_citations": "http://scholar.google.com/scholar?cites=15578502350923873747&as_sdt=2005&sciodt=1,5&hl=en"}, {"num_versions": 0, "url_citation": null, "title": "Initializing bayesian hyperparameter optimization via meta-learning", "url": "http://aad.informatik.uni-freiburg.de/papers/15-AAAI-MI-SMBO.pdf", "url_versions": null, "year": "2015", "excerpt": "Abstract Model selection and hyperparameter optimization is crucial in applying machine learning to a novel dataset. Recently, a subcommunity of machine learning has focused on solving this problem with Sequential Model-based Bayesian Optimization (SMBO),  ...", "url_pdf": "http://aad.informatik.uni-freiburg.de/papers/15-AAAI-MI-SMBO.pdf", "num_citations": 8, "cluster_id": "5848165457175761276", "authors": "M Feurer, T Springenberg\u2026 - Proceedings of the  \u2026", "url_citations": "http://scholar.google.com/scholar?cites=5848165457175761276&as_sdt=2005&sciodt=1,5&hl=en"}, {"num_versions": 2, "url_citation": null, "title": "Deep order statistic networks", "url": "http://ieeexplore.ieee.org/xpls/abs_all.jsp?arnumber=7078561", "url_versions": "http://scholar.google.com/scholar?cluster=2168328584743583887&hl=en&as_sdt=1,5&sciodt=1,5&as_vis=1", "year": "2014", "excerpt": "ABSTRACT Recently, Maxout networks have demonstrated state-of-the-art performance on several machine learning tasks, which has fueled aggressive research on Maxout networks and generalizations thereof. In this work, we propose the utilization of order statistics as a  ...", "url_pdf": null, "num_citations": 3, "cluster_id": "2168328584743583887", "authors": "SJ Rennie, V Goel, S Thomas - Spoken Language Technology  \u2026", "url_citations": "http://scholar.google.com/scholar?cites=2168328584743583887&as_sdt=2005&sciodt=1,5&hl=en"}, {"num_versions": 5, "url_citation": null, "title": "Improvements to deep convolutional neural networks for LVCSR", "url": "http://ieeexplore.ieee.org/xpls/abs_all.jsp?arnumber=6707749", "url_versions": "http://scholar.google.com/scholar?cluster=2619460338086592320&hl=en&as_sdt=1,5&sciodt=1,5&as_vis=1", "year": "2013", "excerpt": "ABSTRACT Deep Convolutional Neural Networks (CNNs) are more powerful than Deep Neural Networks (DNN), as they are able to better reduce spectral variation in the input signal. This has also been confirmed experimentally, with CNNs showing improvements in  ...", "url_pdf": null, "num_citations": 50, "cluster_id": "2619460338086592320", "authors": "TN Sainath, B Kingsbury, A Mohamed\u2026 - \u2026  (ASRU)", "url_citations": "http://scholar.google.com/scholar?cites=2619460338086592320&as_sdt=2005&sciodt=1,5&hl=en"}]